Date,open,high,low,close,volume,dividends,stock splits
2011-02-01,72.7568005325936,74.59181408323906,70.1362673715221,72.87269592285156,3997382,0.0,0.0
2011-02-02,73.40066334469334,76.86466058438114,73.40066334469334,75.11978149414062,3598139,0.0,0.0
2011-02-03,75.06825965837176,79.06666594092154,74.57892365255188,78.47431182861328,1555732,0.0,0.0
2011-02-04,78.55158659741315,79.67190866505375,76.98055383989872,77.54071807861328,2417751,0.0,0.0
2011-02-07,76.06624767073411,78.5515722080832,74.94592580831767,75.74431610107422,4744998,0.0,0.0
2011-02-08,76.61998579490262,77.51495887341927,72.32540210348068,75.42239379882812,26112735,0.0,0.0
2011-02-09,75.57691872422753,76.71655979186555,73.19461847706502,74.97168731689453,3871295,0.0,0.0
2011-02-10,74.81716507349117,76.61998855995319,73.41997222438654,74.99100494384766,4264020,0.0,0.0
2011-02-11,74.63044405442191,75.84734882725763,73.94794899515317,75.26143646240234,2162771,0.0,0.0
2011-02-14,75.46101438501594,78.80911544321104,75.33224176045361,77.78536987304688,1674936,0.0,0.0
2011-02-15,78.57090111487746,79.19545169382233,75.43527736449738,78.03649139404297,1961401,0.0,0.0
2011-02-16,78.66103586317027,80.93388265224128,77.65660923652823,80.63126373291016,1395713,0.0,0.0
2011-02-17,80.88237794732697,81.73227744637867,80.38660003465255,80.85018157958984,1078133,0.0,0.0
2011-02-18,80.59907393966768,81.98981850244571,79.51737731438546,79.78136444091797,1871524,0.0,0.0
2011-02-21,80.09040750746021,81.37814018288783,79.32420717451058,80.88236236572266,907812,0.0,0.0
2011-02-22,80.4831705351501,82.73669800253764,79.83930096604826,80.79866027832031,1501920,0.0,0.0
2011-02-23,80.0260300324914,80.71496686559085,78.11374670213631,78.6610336303711,3364813,0.0,0.0
2011-02-24,78.68034224415916,78.68034224415916,75.71855908127672,76.29804229736328,2825971,0.0,0.0
2011-02-25,75.66062015398427,77.26384264054252,71.10849155065274,76.66504669189453,3939205,0.0,0.0
2011-02-28,75.20991373173196,80.80510738538015,75.20991373173196,78.69322967529297,2131403,0.0,0.0
2011-03-01,80.0195839306169,80.35439918860345,79.1310527565506,79.53668975830078,2683006,0.0,0.0
2011-03-03,77.907720280878,79.83931654553136,77.257421567968,78.00430297851562,3556925,0.0,0.0
2011-03-04,79.58176440372868,79.80067790183136,77.00630507508535,77.21234130859375,2090509,0.0,0.0
2011-03-07,77.25741322989515,77.77893922952804,75.97611581643692,76.42682647705078,4410397,0.0,0.0
2011-03-08,76.87753420750607,77.59222561391503,76.20791002332548,76.46546173095703,5580770,0.0,0.0
2011-03-09,76.67150551098749,77.63730047289928,76.11134122818414,76.34313201904297,2850848,0.0,0.0
2011-03-10,76.34955649387096,76.96766512892643,76.34311465736202,76.57490539550781,1455761,0.0,0.0
2011-03-11,76.6199881980103,76.81958259709072,75.46102795869223,76.542724609375,1991132,0.0,0.0
2011-03-14,76.53627423970376,78.12018403993919,76.42682070623329,77.7596206665039,2612590,0.0,0.0
2011-03-15,76.58135763060938,77.51496254647097,75.6799426723007,77.23809814453125,3323280,0.0,0.0
2011-03-16,77.07067694238906,78.15880880140533,77.07067694238906,77.27027130126953,2110597,0.0,0.0
2011-03-17,77.26385465722304,77.51496453564899,77.00630935103673,77.29605102539062,1747264,0.0,0.0
2011-03-18,77.27028591704048,78.6803560070345,76.54272367120305,77.33467864990234,2086569,0.0,0.0
2011-03-21,77.27028727068246,77.48276534544169,76.29805698013358,77.19302368164062,1264661,0.0,0.0
2011-03-22,76.62641957364464,77.82401154395401,76.62641957364464,77.26384735107422,1431119,0.0,0.0
2011-03-23,77.26384125894928,77.5342637835511,76.88395879330537,77.23165130615234,3813079,0.0,0.0
2011-03-24,76.66505664807774,77.61798066630186,76.66505664807774,77.23809814453125,981072,0.0,0.0
2011-03-25,77.25740859372071,78.53869952050127,77.01917601340068,77.34754943847656,2404448,0.0,0.0
2011-03-28,77.52784064464969,77.84333043512815,77.00630820250666,77.28317260742188,1242015,0.0,0.0
2011-03-29,77.39262166815283,79.54957306489753,77.0320582657782,79.02159881591797,3932642,0.0,0.0
2011-03-30,80.07109289498098,82.15721580499483,79.16967812089835,81.23648834228516,2170385,0.0,0.0
2011-03-31,82.27954947665725,88.20955142961444,81.43608555846295,85.83368682861328,8015792,0.0,0.0
2011-04-01,85.76286521718441,86.04616499917739,83.99867380134985,85.1189956665039,1372669,0.0,0.0
2011-04-04,86.27151845491056,87.2373196271011,84.70692773492414,85.46025085449219,1521147,0.0,0.0
2011-04-05,86.27796745971177,86.27796745971177,84.99023459306603,85.7950668334961,932930,0.0,0.0
2011-04-06,85.6405312944894,86.08480008360934,84.08881786063192,84.90008544921875,1182266,0.0,0.0
2011-04-07,85.6212234572265,85.6212234572265,83.59948644168846,83.96649169921875,1844448,0.0,0.0
2011-04-08,84.34636778403897,84.34636778403897,82.03488927742227,83.55441284179688,1393468,0.0,0.0
2011-04-11,84.2047032866093,84.2047032866093,82.820394439268,83.61234283447266,830487,0.0,0.0
2011-04-13,83.70250503148677,84.30773644376035,82.95561730442499,83.6445541381836,1198538,0.0,0.0
2011-04-15,83.44494889401213,83.9471685765885,82.56929498248309,82.87834930419922,604455,0.0,0.0
2011-04-18,82.98782083523665,83.59305229976971,80.9596419511079,81.89968872070312,2578814,0.0,0.0
2011-04-19,82.60792545462223,83.16808960868869,79.8393010471822,82.18297576904297,597925,0.0,0.0
2011-04-20,82.41476363193198,84.34635945424952,80.86948569212046,83.76687622070312,1442543,0.0,0.0
2011-04-21,84.34635549823997,84.5588271187593,83.36767716533927,83.63809967041016,4751536,0.0,0.0
2011-04-25,83.56728377220543,83.81838719670762,82.29242832086935,82.85259246826172,516111,0.0,0.0
2011-04-26,83.40631837184091,83.40631837184091,80.50248581522072,82.04132843017578,794584,0.0,0.0
2011-04-27,82.92986304646338,83.14234110955003,81.27513140049344,82.50491333007812,724514,0.0,0.0
2011-04-28,83.03932608870308,83.68962474673565,81.89968496561066,82.58861541748047,1796013,0.0,0.0
2011-04-29,82.92985078662682,84.3334787793958,79.83929503204662,80.47672271728516,2491599,0.0,0.0
2011-05-02,81.27513251498902,82.63368710453193,80.22563226887334,80.9982681274414,1589371,0.0,0.0
2011-05-03,81.5262349455268,82.67231786453819,79.42079905234043,80.13549041748047,3379858,0.0,0.0
2011-05-04,80.35440164594257,81.49404269590353,77.86907691565573,79.272705078125,1484435,0.0,0.0
2011-05-05,80.2191916999467,80.22563353709732,77.28960440854905,78.09443664550781,1380798,0.0,0.0
2011-05-06,79.03447693527605,79.75560368934217,78.05579850211292,79.6268310546875,824524,0.0,0.0
2011-05-09,80.13548496214818,81.11415697081561,78.6352741762858,80.03890228271484,26606833,0.0,0.0
2011-05-10,80.22562223143024,80.71495821396665,79.45942189598614,80.29000854492188,576323,0.0,0.0
2011-05-11,81.03690436341942,81.33308145877584,80.12261854731922,80.792236328125,10969932,0.0,0.0
2011-05-12,81.08840527461577,83.44495094542222,80.40591029738086,82.09927368164062,3498814,0.0,0.0
2011-05-13,82.62725050270261,85.5890343011135,81.35883668295993,82.36970520019531,2281538,0.0,0.0
2011-05-16,82.00913450169452,82.42120694915144,81.25581135379336,81.77734375,404879,0.0,0.0
2011-05-17,79.58176062621168,83.31618000086591,79.27270629061898,81.77734375,589991,0.0,0.0
2011-05-18,82.10572454514447,82.10572454514447,79.96808571280101,80.85018157958984,1419285,0.0,0.0
2011-05-19,81.77089866388023,81.95118676226669,80.36727694550416,80.59906768798828,427264,0.0,0.0
2011-05-20,81.08841517980183,81.13992424097945,80.10974301742675,80.60551452636719,649616,0.0,0.0
2011-05-23,80.09685980725556,80.6634594381559,78.81556239087828,79.17613220214844,1104080,0.0,0.0
2011-05-24,79.80710972695577,81.08840059823811,78.21676454418271,79.67833709716797,888996,0.0,0.0
2011-05-25,79.968075926528,80.33508114291787,76.94834800673023,78.03004455566406,1873775,0.0,0.0
2011-05-26,78.68035215674115,79.18900728902516,77.29604307350722,77.88839721679688,1285062,0.0,0.0
2011-05-27,79.19545557336545,79.78780981282276,76.64575048069497,78.57734680175781,1806282,0.0,0.0
2011-05-30,79.31778606989367,80.19988192602437,78.94433897564015,79.44011688232422,1327013,0.0,0.0
2011-05-31,79.47874468189583,82.78821443536614,79.32421750988522,82.2280502319336,2873154,0.0,0.0
2011-06-01,82.98137659365776,83.14234560892393,81.2043076373626,81.88680267333984,691084,0.0,0.0
2011-06-02,82.03489092128024,82.20229535691973,79.83930774686456,80.74072265625,733948,0.0,0.0
2011-06-03,80.85659110212595,81.47469958167744,78.6803277539191,79.18254089355469,1577425,0.0,0.0
2011-06-06,79.47873957081997,79.47873957081997,76.75518872459529,77.65016174316406,1312392,0.0,0.0
2011-06-07,77.65016607003746,79.63971300727648,77.30247993599838,79.2533950805664,914043,0.0,0.0
2011-06-08,79.07953111788929,80.97249494508466,78.20387734657096,80.66987609863281,986579,0.0,0.0
2011-06-09,80.86950946046551,84.08883891378315,80.48319146441679,83.4449691772461,1948777,0.0,0.0
2011-06-10,83.45140388946781,84.27554887733108,82.2860081626731,82.97494506835938,1894978,0.0,0.0
2011-06-13,83.31618459690606,86.26509103126853,81.6550110416707,85.84014129638672,2766855,0.0,0.0
2011-06-14,85.89807699086765,87.8167956435882,85.24777198551669,87.22444152832031,2408943,0.0,0.0
2011-06-15,86.92182858551585,87.81036622904219,83.70894153869322,84.08238220214844,1455253,0.0,0.0
2011-06-16,83.70895610227858,86.73512654875721,83.31619626921182,85.64698791503906,1925303,0.0,0.0
2011-06-17,86.5805765990068,88.12585469682013,85.63410089498527,86.85100555419922,2924950,0.0,0.0
2011-06-20,86.67071969251312,87.03771849588992,84.34636402545092,85.08036804199219,918127,0.0,0.0
2011-06-21,85.00953628256836,85.87875466780193,84.08236701375198,85.34434509277344,2235242,0.0,0.0
2011-06-22,86.22645902397784,86.22645902397784,84.4751446202192,85.03530883789062,911811,0.0,0.0
2011-06-23,85.05461678385176,85.5632719144935,83.83127670926848,84.86145782470703,895442,0.0,0.0
2011-06-24,86.06549320003084,90.14116364090788,85.24778365882769,89.09809875488281,3124069,0.0,0.0
2011-06-27,89.11096850982095,91.42888885901561,89.11096850982095,90.19266510009766,1821796,0.0,0.0
2011-06-28,90.62407038865507,91.0425783289402,89.49729999848809,90.08966064453125,3487808,0.0,0.0
2011-06-29,90.01882210374427,91.25504590761376,88.98864094200987,89.9737548828125,1024073,0.0,0.0
2011-06-30,89.7226498660642,92.71662364375493,89.62607358182919,92.05988311767578,4127188,0.0,0.0
2011-07-01,94.13312165333193,94.13312165333193,89.27193840049198,90.3729476928711,773185,0.0,0.0
2011-07-04,90.6497991319778,92.26589876080651,90.45664019684611,91.2357177734375,987186,0.0,0.0
2011-07-05,91.94396801390313,91.94396801390313,89.81277146278933,90.44376373291016,442994,0.0,0.0
2011-07-06,91.26149826082309,91.26149826082309,89.9222561864594,90.08966064453125,368344,0.0,0.0
2011-07-07,89.32989456012184,92.00193684162933,85.64054827534154,91.5641098022461,2211344,0.0,0.0
2011-07-08,90.8687203536585,92.34961205928406,90.23772803520947,90.52103424072266,2330861,0.0,0.0
2011-07-11,91.28723481184501,93.74679854422536,89.91579663770734,92.17576599121094,2215402,0.0,0.0
2011-07-12,92.0727587474185,94.35204106017169,90.16047528194339,90.86228942871094,1226181,0.0,0.0
2011-07-13,90.9202339055033,91.79588786288498,90.35362787623302,91.42244720458984,784067,0.0,0.0
2011-07-14,91.64781063072415,92.57497372636531,90.96530916442197,92.05988311767578,688559,0.0,0.0
2011-07-15,92.45907112576931,92.71661641002045,91.43532541597706,92.15001678466797,571854,0.0,0.0
2011-07-18,92.6973051430953,92.6973051430953,91.66068215316048,91.99549102783203,367946,0.0,0.0
2011-07-19,91.55766676772598,95.29208637767512,91.55766676772598,94.1781997680664,3798602,0.0,0.0
2011-07-20,94.96370387765856,95.53674531133544,93.7467992655738,94.46792602539062,2246347,0.0,0.0
2011-07-21,94.17173079546323,94.37133154715605,92.07273082901045,92.66508483886719,1244279,0.0,0.0
2011-07-22,93.10293384055319,95.27920430046103,93.10293384055319,94.9765853881836,656597,0.0,0.0
2011-07-25,94.49367741808273,97.0948973921411,94.01077684540121,96.63130950927734,1241004,0.0,0.0
2011-07-26,96.57336246498096,98.70455266310542,96.57336246498096,98.0349349975586,1990193,0.0,0.0
2011-07-27,98.06071269857286,98.38908618244741,96.57982071691289,97.8675537109375,4375662,0.0,0.0
2011-07-28,97.73877272236331,97.84822626780033,94.84137533519663,95.87799835205078,3347250,0.0,0.0
2011-07-29,94.26189278358156,94.4872481080313,70.56765015283398,75.39663696289062,76281771,0.0,0.0
2011-08-01,77.90770764850662,83.57372286675779,77.40549436767337,82.1765365600586,35402883,0.0,0.0
2011-08-02,84.80995185101312,87.61720190238935,80.61195083346566,86.46468353271484,22102663,0.0,0.0
2011-08-03,86.42245503043432,87.35843507422045,84.84948209721732,85.53846740722656,10725724,0.969485,0.0
2011-08-04,84.63497888680166,86.76693978715117,84.63497888680166,85.46046447753906,4317825,0.0,0.0
2011-08-05,84.46600179159697,84.47249841877534,79.29859488710532,80.57907104492188,7735583,0.0,0.0
2011-08-08,79.6885772740453,82.23652956510732,76.83512824364479,79.7145767211914,6997687,0.0,0.0
2011-08-09,78.11559263095027,78.5640862628771,76.95211430886235,77.66709899902344,3873467,0.0,0.0
2011-08-10,78.51859681461151,79.9485728990229,74.75516707979759,78.25210571289062,8171831,0.0,0.0
2011-08-11,77.97259748818257,78.60308723757608,74.09866740899392,74.35216522216797,5242392,0.0,0.0
2011-08-12,75.52214929034297,76.43213640636023,73.57868739113637,74.31967163085938,2235595,0.0,0.0
2011-08-16,75.64564010483441,75.64564010483441,72.79868808459797,73.32518005371094,2276202,0.0,0.0
2011-08-17,73.18217753426244,75.07364662109423,71.74570514721158,73.17567443847656,2131266,0.0,0.0
2011-08-18,74.09214712100027,74.73563644302311,72.39568056627373,72.66217803955078,1844187,0.0,0.0
2011-08-19,70.58873296115875,73.05219009388927,66.857799642687,69.10675811767578,3090411,0.0,0.0
2011-08-22,68.76227585229589,70.8487347766855,67.59879732616336,70.19224548339844,1595497,0.0,0.0
2011-08-23,70.84222890374826,72.67519620784752,68.9637593364993,70.1662368774414,2464699,0.0,0.0
2011-08-24,70.23773889475017,70.82922949384832,67.89127931714853,69.08075714111328,2623349,0.0,0.0
2011-08-25,69.90624525106934,70.58873393062863,68.50877182045616,69.04826354980469,3218853,0.0,0.0
2011-08-26,69.76975939060718,69.76975939060718,67.29979884433361,68.03428649902344,2168180,0.0,0.0
2011-08-29,69.39276946544966,70.27025411300501,68.54128426714419,70.12725067138672,2023858,0.0,0.0
2011-08-30,71.20622631873898,71.70671889617101,68.27477903769886,68.8272705078125,5074321,0.0,0.0
2011-09-02,70.17273975267565,70.47173336284784,68.50876884271378,69.25625610351562,3252296,0.0,0.0
2011-09-05,69.02876816632391,70.32874705174842,67.75479519993674,69.11976623535156,1917552,0.0,0.0
2011-09-06,69.03526033933271,70.4457334214339,68.20977475126693,69.56175231933594,2020752,0.0,0.0
2011-09-07,70.13374385316222,74.78765755238133,69.15875817339688,72.01220703125,5751640,0.0,0.0
2011-09-08,72.1487124615102,74.46266975208069,71.49872627616554,72.98719787597656,2212662,0.0,0.0
2011-09-09,73.54616981791558,73.89066565574358,70.38723118124757,71.8302001953125,2607795,0.0,0.0
2011-09-12,70.87472823310006,74.61866134679725,69.54875650544197,71.94071197509766,6760910,0.0,0.0
2011-09-13,72.40870360434933,73.3186906927097,71.29072741699112,72.35670471191406,2674975,0.0,0.0
2011-09-14,72.27869841999325,74.36516345548657,71.8172050650396,73.18218231201172,1473899,0.0,0.0
2011-09-15,73.47467994307559,76.9391155074992,73.46817684680691,76.20462799072266,3547530,0.0,0.0
2011-09-16,76.17863983569005,78.25860210181786,75.6911469607751,77.93360900878906,2777379,0.0,0.0
2011-09-19,78.64858904417017,79.16858443222702,74.74865922283092,75.15165710449219,1811990,0.0,0.0
2011-09-20,75.39214898757619,79.55207328104645,75.14515425105213,78.5055923461914,2835262,0.0,0.0
2011-09-21,78.63557335487887,81.63852168412598,78.63557335487887,80.46204376220703,3514433,0.0,0.0
2011-09-22,79.42856945689924,79.42856945689924,75.52864009876704,75.90563201904297,2637852,0.0,0.0
2011-09-23,75.3921541442114,75.76264950971,73.47469163888506,74.04017639160156,2160945,0.0,0.0
2011-09-26,75.39863815820883,75.39863815820883,69.80223580355467,70.32872772216797,2390741,0.0,0.0
2011-09-27,71.49873823108516,73.82569563444058,71.04374135452281,73.0652084350586,3499147,0.0,0.0
2011-09-28,73.8841644562891,73.8841644562891,69.28874684191895,70.4392318725586,1449518,0.0,0.0
2011-09-29,70.58874642980236,71.74572842984522,69.28876745422819,69.90625762939453,3478034,0.0,0.0
2011-09-30,71.28422656936279,71.28422656936279,67.59879524560867,68.48927307128906,2684846,0.0,0.0
2011-10-03,67.80028161515766,67.85878360109318,64.21884840228599,65.73982238769531,2748829,0.0,0.0
2011-10-04,66.16882453900136,66.16882453900136,61.898398840789156,62.788883209228516,2985391,0.0,0.0
2011-10-05,63.068370572140736,64.01735031604767,60.83890845397104,61.150901794433594,2849119,0.0,0.0
2011-10-07,63.042366870154865,66.40930124603663,58.1869546602117,60.045921325683594,5246489,0.0,0.0
2011-10-10,60.44241339671998,61.222403214940904,59.408932225940134,59.850929260253906,2319535,0.0,0.0
2011-10-11,61.040409192014195,61.040409192014195,57.08848048789772,59.63643264770508,10679167,0.0,0.0
2011-10-12,59.92892620428933,60.79341096305434,59.779426164120565,60.409915924072266,3018201,0.0,0.0
2011-10-13,60.59191844987767,62.82787736825189,59.408937137655165,61.092411041259766,11496534,0.0,0.0
2011-10-14,61.48240179952476,62.385885806495,60.70891502587805,61.215904235839844,1336212,0.0,0.0
2011-10-17,61.60588653332061,62.132378483297686,60.357913283884365,60.60490798950195,1451638,0.0,0.0
2011-10-18,59.53893477524163,60.30592493959851,59.14894306662464,59.941932678222656,6640401,0.0,0.0
2011-10-19,60.208436122807264,61.683908291658724,59.818444334222484,61.50841522216797,4671973,0.0,0.0
2011-10-20,61.09890045714703,61.31339910549512,59.63642849693411,60.526912689208984,1169016,0.0,0.0
2011-10-21,61.61238456607438,61.61238456607438,59.538919475304844,60.07841110229492,1446438,0.0,0.0
2011-10-24,60.585410933917345,60.871411301521434,59.668927256331784,59.9354248046875,2555477,0.0,0.0
2011-10-25,60.40991692953531,60.63091220987058,58.908439289378485,59.863922119140625,2725851,0.0,0.0
2011-10-28,61.605883490525194,63.10085784248261,61.09889438298258,62.353370666503906,3631223,0.0,0.0
2011-10-31,62.76938604715064,63.36087027209021,61.781400521820565,62.12589645385742,3398830,0.0,0.0
2011-11-01,61.35889094522747,61.742385954857816,59.798924405867915,60.26691436767578,3342774,0.0,0.0
2011-11-02,59.41543897617739,60.5854140693398,59.41543897617739,60.24742126464844,3587093,0.0,0.0
2011-11-03,60.4164186220055,61.61889627769069,59.460935712114434,60.188926696777344,3278478,0.0,0.0
2011-11-04,60.98841038701886,61.059905627717484,59.70143134701242,60.09142303466797,5900594,0.0,0.0
2011-11-08,60.422919204546744,60.422919204546744,59.55193129803956,60.09142303466797,2383499,0.0,0.0
2011-11-09,60.08494397776764,60.18894179155202,59.42195144414718,59.870445251464844,1302462,0.0,0.0
2011-11-11,59.714424881171325,60.59840594824204,59.051439080868285,59.66242599487305,3641525,0.0,0.0
2011-11-14,60.39692485105855,60.552921539273605,59.14894487459446,59.34394073486328,3456792,0.0,0.0
2011-11-15,59.65592789284276,59.65592789284276,52.48005833535013,53.59803771972656,8912258,0.0,0.0
2011-11-16,53.03904696829237,53.29904140842716,47.6051437572472,49.82810592651367,14069875,0.0,0.0
2011-11-17,50.829090728576304,50.84209045217065,44.99869528428384,45.70068359375,12714279,0.0,0.0
2011-11-18,47.44915007450028,47.44915007450028,41.72925261991316,43.601219177246094,16433188,0.0,0.0
2011-11-21,43.029230525069075,44.03671233516405,40.1367823302323,40.55927658081055,5949252,0.0,0.0
2011-11-22,40.29927139859455,42.04124050118937,39.792282274398644,40.88426208496094,6877531,0.0,0.0
2011-11-23,40.299269541889124,41.46925086071743,38.102310300851656,38.427303314208984,5893059,0.0,0.0
2011-11-24,37.92682154143069,42.24924564702337,36.275850237757254,41.248260498046875,26419738,0.0,0.0
2011-11-25,42.76923642185481,43.28922536811774,40.32527866830379,41.722755432128906,6403735,0.0,0.0
2011-11-28,42.32724594704981,42.853734756752054,41.07926600145655,41.28076171875,4282732,0.0,0.0
2011-11-29,41.59925457895245,42.470239226484765,39.08379855562722,39.74028778076172,5840839,0.0,0.0
2011-11-30,39.519293943796086,41.085767169761105,38.310316366220235,39.18130111694336,5942669,0.0,0.0
2011-12-01,40.42927679491971,41.13126182205573,39.53879255290344,40.201778411865234,3252760,0.0,0.0
2011-12-02,40.903765644917236,44.784195722076824,39.649289198180554,44.030208587646484,6999312,0.0,0.0
2011-12-05,44.004210235385706,45.960674975537465,43.5622196628947,44.68669891357422,7016895,0.0,0.0
2011-12-07,44.71919583702404,45.60318017026481,43.74421344959083,44.32270431518555,3740347,0.0,0.0
2011-12-08,44.33570595957417,44.70619805342193,41.80075034818562,43.52322006225586,5613476,0.0,0.0
2011-12-09,42.83422890872524,43.48421823388434,41.25475623979826,42.203739166259766,5545455,0.0,0.0
2011-12-12,42.418236424508876,43.21121942812554,40.24077338879223,40.8322639465332,4350231,0.0,0.0
2011-12-13,40.41627563224085,42.5742394065259,39.91578628510501,41.768253326416016,5089360,0.0,0.0
2011-12-14,41.76825649865245,41.781256222941984,40.390279253217514,40.9882698059082,6535596,0.0,0.0
2011-12-15,40.42927976783272,41.27426180707551,39.89628786155398,40.890769958496094,2705215,0.0,0.0
2011-12-16,41.07926059678452,42.24924204626881,39.87678307770651,40.92976379394531,3321499,0.0,0.0
2011-12-19,40.42928216750689,40.929771558918716,39.61679615386901,40.227783203125,5859198,0.0,0.0
2011-12-20,40.27978017978355,40.916769882934666,39.33079710465888,40.13028335571289,3447403,0.0,0.0
2011-12-21,40.55927199990862,41.339255324503625,39.18129498904806,40.54627227783203,4341404,0.0,0.0
2011-12-22,40.42277166643066,40.93626392361997,40.07177917050446,40.48127365112305,3911177,0.0,0.0
2011-12-23,40.650269055449755,42.54823490273046,40.650269055449755,41.748748779296875,3992554,0.0,0.0
2011-12-26,42.0347468126144,43.15922609111785,41.61875567527082,42.392242431640625,2874864,0.0,0.0
2011-12-27,42.48972959173533,42.91872034345682,41.33924792319527,41.8332405090332,1196711,0.0,0.0
2011-12-28,41.189757648097086,42.57423449066845,40.81926557676262,42.26873779296875,2339173,0.0,0.0
2011-12-29,42.47023844973183,42.82773081385657,40.16277802972159,40.68927001953125,4800846,0.0,0.0
2011-12-30,40.36427207715212,41.07926001156872,37.45882454855413,38.16731262207031,5519038,0.0,0.0
2012-01-02,38.08931391250774,38.08931391250774,36.78933850998094,37.52382278442383,4426427,0.0,0.0
2012-01-03,37.69932760403626,38.21931654457651,36.88684164907042,37.35483169555664,7148175,0.0,0.0
2012-01-04,37.354829346955,38.21931414162231,35.90535703095969,36.158851623535156,7327278,0.0,0.0
2012-01-05,35.89235206966805,36.100347602449325,34.44937659025589,34.722373962402344,6668403,0.0,0.0
2012-01-06,34.18939680864721,35.55437131215659,33.93590214456463,34.910884857177734,7823555,0.0,0.0
2012-01-09,35.01488017472205,35.489370153191416,34.364890667474036,34.81338119506836,7501748,0.0,0.0
2012-01-10,34.93038033766039,37.114340580512525,34.93038033766039,36.83484649658203,14022646,0.0,0.0
2012-01-11,36.91284121750289,41.98924944308178,36.91284121750289,40.819271087646484,29144161,0.0,0.0
2012-01-12,40.78026627302086,42.87322794665822,39.85078293201617,41.748748779296875,16233789,0.0,0.0
2012-01-13,41.488753055984425,42.60673565030901,40.04578063785051,41.97624588012695,4441048,0.0,0.0
2012-01-16,41.859245118625644,46.584660007933024,41.222255536871735,46.149166107177734,11490382,0.0,0.0
2012-01-17,46.65616376008279,48.87912283427977,45.830678125183056,48.4111328125,13889761,0.0,0.0
2012-01-18,48.61912726596675,52.577555717823124,48.3331333703078,51.97956848144531,22122301,0.0,0.0
2012-01-19,53.26655261785629,58.45996199691956,52.14207320693759,57.263980865478516,22645321,0.0,0.0
2012-01-20,57.8489633289173,59.25944302580041,52.12906884848334,52.753055572509766,28273373,0.0,0.0
2012-01-23,51.99907263791699,54.196032409417384,50.57559642496711,51.927574157714844,24054194,0.0,0.0
2012-01-24,51.86907662792687,53.74104335187268,51.64157822289506,52.72705841064453,9317902,0.0,0.0
2012-01-25,52.84405365425329,53.46804034028665,51.70007159244916,51.98606872558594,7643709,0.0,0.0
2012-01-27,51.49207093279008,55.859990244091215,43.24371862501938,55.04750442504883,20247899,0.0,0.0
2012-01-30,54.49503181570662,55.05401995956584,50.45860125121249,51.13459014892578,14668909,0.0,0.0
2012-01-31,51.27107863917096,54.72901765701169,50.959085308973485,54.0660285949707,18940243,0.0,0.0
2012-02-01,53.94902811001893,56.97146979975476,53.94902811001893,56.71147537231445,13876484,0.0,0.0
2012-02-02,57.57597004001493,57.57597004001493,54.846021608847146,55.90550231933594,14709385,0.0,0.0
2012-02-03,55.90548922066795,56.3149836541587,54.605510692402916,55.55449676513672,4238047,0.0,0.0
2012-02-06,56.38649217909481,57.198978142019314,55.24901312514919,56.55548858642578,16488866,0.0,0.0
2012-02-07,57.19897079847533,57.205473894832586,51.68056940919167,52.2005615234375,10579973,0.0,0.0
2012-02-08,52.38905984803393,54.423522898865556,52.330561096529784,53.33154296875,7578551,0.0,0.0
2012-02-09,53.56554464068063,54.07903698093402,49.18462465248245,50.9330940246582,22756859,0.0,0.0
2012-02-10,51.154081735371285,52.701051917632796,49.43161206746093,51.19308090209961,9106034,0.0,0.0
2012-02-13,51.349083121710684,51.706575522044865,48.11214222711507,48.463134765625,10319519,0.0,0.0
2012-02-14,48.42413249071376,48.55412971886615,45.50568501257799,46.292171478271484,24474836,0.0,0.0
2012-02-15,46.409169715270586,49.52911294622991,46.253173039028354,49.19112014770508,34248657,0.0,0.0
2012-02-16,49.42510402271567,51.33606934673576,48.3461240198475,50.985076904296875,18705678,0.0,0.0
2012-02-17,51.57657826798609,55.18401452070698,51.35558296603663,53.851539611816406,25436786,0.0,0.0
2012-02-21,53.8515369348806,55.56100374447285,53.8515369348806,54.8330192565918,16217367,0.0,0.0
2012-02-22,54.95001230142931,55.37900312552358,49.67860564161883,50.34159469604492,19817829,0.0,0.0
2012-02-23,50.1791068847995,51.4790825401219,48.749130752110176,49.97111129760742,15448025,0.0,0.0
2012-02-24,50.55609208606568,51.23208088888164,48.35913252112812,48.97011947631836,8061644,0.0,0.0
2012-02-27,48.97012308016605,49.119623134724456,44.84919781848854,45.18069076538086,6716813,0.0,0.0
2012-02-28,45.635684167165756,48.09913821538729,45.629184305483754,47.806644439697266,9863215,0.0,0.0
2012-02-29,48.47613034667733,49.52261124632608,48.099135157715295,48.71662521362305,7674862,0.0,0.0
2012-03-01,48.74912681639334,48.74912681639334,46.92915910465232,47.66364669799805,5665533,0.0,0.0
2012-03-02,47.969131101401764,48.26812791256019,45.49917770024192,45.91516876220703,9491133,0.0,0.0
2012-03-05,46.66916580013284,47.94314193582713,45.759181921673566,46.656166076660156,7859928,0.0,0.0
2012-03-06,46.79915914409759,47.81314072603847,45.25218570871673,45.56418228149414,5743132,0.0,0.0
2012-03-07,44.84919905467106,45.4861887545697,41.00776774037399,41.469261169433594,18343232,0.0,0.0
2012-03-09,42.69123821054766,43.54272334803044,39.37629572649098,41.28076171875,25154979,0.0,0.0
2012-03-12,42.47024015209856,42.964229620508235,41.170261396066856,42.197242736816406,10546105,0.0,0.0
2012-03-13,42.63924015629463,44.43970839447484,41.87225320771879,43.34122848510742,16277560,0.0,0.0
2012-03-14,42.87323699265599,44.45920985239687,42.054251113785604,42.288246154785156,11542706,0.0,0.0
2012-03-15,42.06073901527344,42.06073901527344,40.81926244319107,41.189754486083984,6645758,0.0,0.0
2012-03-16,40.99476155123576,41.937244610990945,39.59078837057535,39.95478057861328,7546844,0.0,0.0
2012-03-19,40.325275770376166,40.50077526249959,37.5303256789534,38.342811584472656,9658042,0.0,0.0
2012-03-20,38.12181383717869,38.47930618896522,36.464342826334935,36.95183563232422,17246028,0.0,0.0
2012-03-21,37.03633651469691,39.122798499234555,36.7113434440124,38.921302795410156,16805310,0.0,0.0
2012-03-22,38.739303861999446,39.681786933898856,36.65933865458213,36.95183563232422,13042565,0.0,0.0
2012-03-23,37.211834580258376,38.089319149097825,36.68534578017772,37.53683090209961,7505624,0.0,0.0
2012-03-26,37.27033228612861,37.634327768094494,35.7493614489166,35.918357849121094,7975759,0.0,0.0
2012-03-27,36.41884494717929,37.41982679909043,36.269348140812966,37.03633499145508,7444544,0.0,0.0
2012-03-28,36.802342248884635,37.296331726326144,36.457846351613036,36.94533920288086,10182282,0.0,0.0
2012-03-29,36.58134835981821,39.51929585695915,36.45135111242773,38.95380783081055,22417013,0.0,0.0
2012-03-30,38.999305215945554,40.23428224923122,38.999305215945554,39.62979507446289,8137886,0.0,0.0
2012-04-02,39.655791914106494,40.74777190948265,39.655791914106494,40.039283752441406,5515515,0.0,0.0
2012-04-03,40.52677056292729,42.067240783341944,39.38928847031739,41.664249420166016,12343521,0.0,0.0
2012-04-04,41.72924809696117,42.2492401889134,40.89726269106031,41.287254333496094,6756617,0.0,0.0
2012-04-09,41.07926297107581,41.19626047571218,40.03278205534572,40.39677429199219,3675522,0.0,0.0
2012-04-10,40.39677687181365,41.599257772556655,40.03928447370568,41.07926559448242,6638810,0.0,0.0
2012-04-11,40.55927009534529,41.52125271921149,39.50628942121605,39.94178009033203,5749167,0.0,0.0
2012-04-12,40.182281121108936,40.9557679027479,40.000284992575466,40.240779876708984,3558830,0.0,0.0
2012-04-13,40.604769943197404,41.28075547313373,39.12929505615155,39.44778823852539,5943876,0.0,0.0
2012-04-16,39.27229602277789,40.14328070335318,38.79130626945645,39.63629150390625,4643958,0.0,0.0
2012-04-17,39.499787125443575,40.00027964740231,38.297309630089416,39.44778823852539,6235587,0.0,0.0
2012-04-18,39.85078280488816,41.5342532378061,39.701286005158295,39.95478057861328,13376742,0.0,0.0
2012-04-19,40.22127439095387,40.22127439095387,38.66780442921199,38.986297607421875,7441315,0.0,0.0
2012-04-20,38.869305955623524,39.19429904346118,37.11433681055677,37.35483169555664,11783580,0.0,0.0
2012-04-23,37.67982367082311,38.34930935451552,35.9833534773259,36.191349029541016,6190289,0.0,0.0
2012-04-24,36.399348044181885,36.698344914304016,35.54136307430884,36.24985122680664,6818780,0.0,0.0
2012-04-25,36.32785259329765,36.60734666646174,35.37236961943455,35.84686279296875,4561798,0.0,0.0
2012-04-26,36.002862739436495,37.01684456445768,35.09937858123604,35.456871032714844,10638606,0.0,0.0
2012-04-27,35.61936116160647,36.009352820922125,35.09936904714761,35.80135726928711,3878752,0.0,0.0
2012-04-30,35.90535560370354,36.78933994727629,35.359364036796016,36.52284240722656,3730143,0.0,0.0
2012-05-02,36.9648345882102,37.08183208273406,36.08085028310315,36.30184555053711,3246320,0.0,0.0
2012-05-03,36.00935130960852,36.24334629537713,35.099367574026054,35.26836395263672,4115842,0.0,0.0
2012-05-04,34.8393723041074,35.599855989491545,33.929388590498846,34.99536895751953,9126488,0.0,0.0
2012-05-07,34.072388910754015,36.4903437498117,33.63039511343256,36.01585388183594,5581149,0.0,0.0
2012-05-08,35.69736529906336,36.40585026204364,34.449385315547055,34.9368782043457,3942604,0.0,0.0
2012-05-09,34.69638039367439,35.586861419121156,33.29240383901515,33.5458984375,5853594,0.0,0.0
2012-05-10,33.69539485503369,34.57937924393842,33.292403446805324,33.47439956665039,4098468,0.0,0.0
2012-05-11,33.409400598564694,33.786392557108,32.206923012667126,32.70091247558594,5101860,0.0,0.0
2012-05-14,32.856914666010134,33.11040927643387,30.581953327887057,31.192943572998047,5138494,0.0,0.0
2012-05-15,31.15394761994058,31.329443906821844,30.042467900987194,30.737953186035156,4301841,0.0,0.0
2012-05-16,30.302456382562625,30.464952912220912,29.717465640421377,29.931961059570312,4260249,0.0,0.0
2012-05-17,30.07495450198013,31.00444101408451,29.509466644647826,29.77596092224121,3857535,0.0,0.0
2012-05-18,28.430493364012133,30.406457876838235,27.052517771081106,30.17896270751953,4623583,0.0,0.0
2012-05-21,29.89945871960844,31.829927002169992,29.89945871960844,31.088939666748047,12812704,0.0,0.0
2012-05-22,31.517925246352945,32.018414424099404,31.205931992692815,31.48542594909668,5950589,0.0,0.0
2012-05-23,31.19944270022087,31.836429142185395,31.017446573945293,31.37493896484375,3098501,0.0,0.0
2012-05-24,31.316434160953598,31.797423830346396,30.672944746259766,31.498430252075195,1980393,0.0,0.0
2012-05-25,31.491935408477076,34.29338539206625,31.491935408477076,33.73439407348633,11458087,0.0,0.0
2012-05-28,34.07238960932357,34.43638184427458,33.69539441632424,34.104888916015625,4675685,0.0,0.0
2012-05-29,34.05939000439102,35.060371889338214,33.44189993973581,34.689876556396484,4933320,0.0,0.0
2012-05-30,34.44937924428207,35.58035827628343,33.87739148506686,34.065887451171875,5921928,0.0,0.0
2012-05-31,33.79940071454471,35.11887600779248,33.20791000495254,33.87089920043945,8855308,0.0,0.0
2012-06-01,33.27940527538915,33.50690043580093,30.893946315813448,31.186443328857422,5042405,0.0,0.0
2012-06-04,30.679445026398895,30.679445026398895,29.353470251857694,29.964460372924805,7726012,0.0,0.0
2012-06-05,30.230955545499544,30.542948858046064,29.522467496220653,29.762962341308594,6463047,0.0,0.0
2012-06-06,29.63947166772846,30.770450915948768,29.63947166772846,30.061965942382812,18130594,0.0,0.0
2012-06-07,30.523457313071024,30.666454285640373,29.262480774132932,29.98396873474121,12358599,0.0,0.0
2012-06-08,29.743466542338297,29.938465622852924,29.314475683023595,29.6004695892334,9948741,0.0,0.0
2012-06-11,29.899462774461217,30.503953120799874,29.158478573920874,29.301475524902344,18408768,0.0,0.0
2012-06-12,28.85948030581933,30.15945899479082,28.6319851676293,29.697965621948242,11376397,0.0,0.0
2012-06-13,29.918962319749095,29.918962319749095,28.885481121811015,29.10647964477539,9692561,0.0,0.0
2012-06-14,28.995978483427496,29.379473537654555,28.53448832853351,28.69048500061035,5461240,0.0,0.0
2012-06-15,28.859480303028747,29.190976454016397,28.729483081218444,28.930978775024414,4911438,0.0,0.0
2012-06-18,29.054480039530656,29.301478029528482,26.558526574671482,27.06551742553711,12210858,0.0,0.0
2012-06-19,27.299511311348905,27.559505763592487,26.519523101560942,27.176013946533203,9802188,0.0,0.0
2012-06-20,27.345009241453596,28.339491216687012,27.143513549063243,28.11849594116211,10749459,0.0,0.0
2012-06-21,28.079494361620643,28.579986912098654,27.689502687511634,28.391490936279297,11235611,0.0,0.0
2012-06-22,27.82599980842838,29.05447681878746,27.819499947185058,28.553987503051758,15024884,0.0,0.0
2012-06-25,28.59949084597318,29.0154852636697,27.247516268046347,27.50101089477539,12635897,0.0,0.0
2012-06-26,27.592001356211618,28.007992423808528,27.286507915945137,27.631000518798828,6406175,0.0,0.0
2012-06-27,27.767502534777325,28.66448666945654,27.650505026171984,28.514989852905273,9729612,0.0,0.0
2012-06-28,28.59949341490482,28.846488201596195,28.0145025268425,28.2810001373291,11212463,0.0,0.0
2012-06-29,28.599490382956077,29.30147872713577,28.488992726940033,28.911483764648438,23289066,0.0,0.0
2012-07-02,29.119475461782496,30.991441764578305,28.599483384174285,30.549448013305664,98667194,0.0,0.0
2012-07-03,30.731445953170134,31.524432220562836,30.69244678766088,30.95894432067871,25438848,0.0,0.0
2012-07-04,31.06944211813253,31.62843016001028,30.555949867547945,30.87444305419922,18808976,0.0,0.0
2012-07-05,30.939443428907072,31.43343612481921,30.861445093032234,31.05644416809082,19179141,0.0,0.0
2012-07-06,31.0174419551024,31.06944084058078,29.91246240331565,30.464950561523438,16445878,0.0,0.0
2012-07-09,30.41945528900857,30.64045057955174,28.94398026081546,29.145479202270508,15506103,0.0,0.0
2012-07-10,29.119476134181397,29.944958440294066,28.80747958626371,29.762962341308594,14442199,0.0,0.0
2012-07-11,29.639463875496507,30.341452037738467,29.483467225080748,29.840959548950195,9155272,0.0,0.0
2012-07-12,29.45747102832155,29.68496616857161,28.956978484400008,29.216976165771484,10709504,0.0,0.0
2012-07-13,29.249475583450323,29.567968781019186,28.807481788187424,28.904979705810547,8947646,0.0,0.0
2012-07-16,28.846481230075415,29.054476789653116,27.44250796755451,27.592004776000977,12876197,0.0,0.0
2012-07-17,27.624504027481517,27.813000002975535,25.102548166481693,25.2845458984375,41346100,0.0,0.0
2012-07-18,25.47953988305882,26.246526687102264,24.322561433927795,25.830533981323242,100424270,0.0,0.0
2012-07-19,25.999535313322866,26.584526127756067,25.19355080893016,25.460046768188477,32215012,0.0,0.0
2012-07-20,25.479543298153896,25.843537166708366,24.97255247390103,25.44054412841797,14260787,0.0,0.0
2012-07-23,25.2195473000256,25.447042442987943,24.569559559590335,24.933551788330078,10440654,0.0,0.0
2012-07-24,24.95955191900001,25.343045359644385,24.725556908381193,25.00505256652832,12486134,0.0,0.0
2012-07-25,25.369044048894438,25.369044048894438,24.394061631680135,24.67355728149414,10814075,0.0,0.0
2012-07-26,25.0245522367183,25.245549157256068,23.243585237148345,23.497079849243164,26763884,0.0,0.0
2012-07-27,23.698578451839595,24.36156601354345,22.216605018035835,22.522098541259766,17716111,0.0,0.0
2012-07-30,22.619595721354994,23.347581828728412,22.002105642051937,23.152585983276367,17946892,0.0,0.0
2012-07-31,23.237080568285325,23.724571723768637,22.95758494892906,23.516572952270508,12753731,0.0,0.0
2012-08-01,23.588077186461035,24.381061870794696,23.43857876112858,24.095067977905273,12668068,0.0,0.0
2012-08-02,24.939642328361046,25.276117731916212,24.69737836296109,25.000207901000977,9204498,0.969485,0.0
2012-08-03,24.926180842055235,24.926180842055235,23.822538203927905,24.199392318725586,11521998,0.0,0.0
2012-08-06,24.226308822914557,24.872343211241322,24.226308822914557,24.360898971557617,6970566,0.0,0.0
2012-08-07,24.495491407145423,24.82523727956076,24.313793027096853,24.589704513549805,6158725,0.0,0.0
2012-08-08,24.62335490552305,25.195364792688625,24.226312236245203,24.367631912231445,13291718,0.0,0.0
2012-08-09,24.36090145092504,24.69737853161823,23.566817818271854,23.94367027282715,21703381,0.0,0.0
2012-08-10,23.957128291472603,24.206120064028628,23.620651248313585,23.88983154296875,6407787,0.0,0.0
2012-08-13,23.83599631188901,24.86561599922506,23.83599631188901,24.62335205078125,9686670,0.0,0.0
2012-08-14,24.630083067989435,25.942342154959764,24.630083067989435,25.81447982788086,17820688,0.0,0.0
2012-08-16,25.84139825250586,26.28554746292258,25.53184087922529,25.70680809020996,19347550,0.0,0.0
2012-08-17,25.612594998146506,26.02309666833454,24.50895231671131,24.657001495361328,12669145,0.0,0.0
2012-08-21,24.636815207864,25.02712838912859,24.408010236154247,24.91945457458496,6533952,0.0,0.0
2012-08-22,24.9665593949312,25.101149551147277,24.300334771981273,24.475303649902344,4595085,0.0,0.0
2012-08-23,24.36763017703927,24.677189215329893,23.856185901715754,24.024423599243164,7544247,0.0,0.0
2012-08-24,23.957134115460352,23.98405215146965,23.23707330253063,23.51971435546875,7818271,0.0,0.0
2012-08-27,23.5533605740301,23.58027860852346,21.2787782851391,21.41337013244629,24362385,0.0,0.0
2012-08-28,21.399906708594806,21.45374277070919,20.39047719426977,20.982675552368164,30074664,0.0,0.0
2012-08-29,21.029786591015615,21.25186206943199,20.61928485501972,20.807714462280273,12729174,0.0,0.0
2012-08-30,20.861541222593328,21.198018234196415,20.538523224460768,20.908649444580078,17227062,0.0,0.0
2012-08-31,20.861543506025317,21.238397599289122,20.39047630815558,20.96921730041504,13361573,0.0,0.0
2012-09-03,21.130731048612084,21.588339352137936,20.901926059428895,21.14419174194336,8627581,0.0,0.0
2012-09-04,21.103806692234002,21.399905010365686,20.558714931742465,21.285503387451172,10095073,0.0,0.0
2012-09-05,21.150912753055906,21.33260944406554,20.538524259602713,20.780786514282227,12035852,0.0,0.0
2012-09-06,20.90865175396555,21.076891129245716,20.417395993840692,20.66638946533203,11909680,0.0,0.0
2012-09-07,20.72695781769695,21.211484134796056,20.592365964451318,20.88173484802246,14227611,0.0,0.0
2012-09-10,20.8615457372616,23.075562306500437,20.60582442598067,22.89386558532715,39069180,0.0,0.0
2012-09-11,22.88040411796464,24.333982862564106,22.42279590161813,24.159015655517578,45562272,0.0,0.0
2012-09-12,24.226312098595923,24.253230131964166,23.41876942270825,23.66103172302246,18365708,0.0,0.0
2012-09-13,23.63411214771917,24.72429577768804,23.5129793306247,23.923480987548828,20324467,0.0,0.0
2012-09-14,24.226311669945407,25.65970194596357,24.0580739643706,25.430898666381836,25826798,0.0,0.0
2012-09-17,25.585675040769726,26.17787338565702,25.060771772024157,25.90869140625,16647255,0.0,0.0
2012-09-18,25.90869521651948,27.093093755318083,25.6260558551578,26.420141220092773,16462162,0.0,0.0
2012-09-20,26.379759649358697,27.28151705472761,25.733725218204338,26.87774658203125,30219123,0.0,0.0
2012-09-21,26.918124931870082,27.523784057586855,26.71623967319141,27.32862663269043,23597466,0.0,0.0
2012-09-24,27.416112169637966,28.11598107277295,26.60183826919437,26.78353500366211,20823153,0.0,0.0
2012-09-25,26.850827785462783,27.577616290448173,25.86831631354911,26.958499908447266,20275112,0.0,0.0
2012-09-26,26.965229576627152,27.23440988569048,26.453783639726527,26.682588577270508,16446544,0.0,0.0
2012-09-27,26.77680517609679,27.052716703694987,26.32592642479851,26.420141220092773,8628103,0.0,0.0
2012-09-28,26.628751373833044,27.42283660120623,26.628751373833044,27.072898864746094,14054230,0.0,0.0
2012-10-01,27.05271651027066,27.234413241275483,26.245172133901857,26.662405014038086,7992180,0.0,0.0
2012-10-03,26.81045114963298,28.593777524618677,26.66913147722499,28.075605392456055,42851609,0.0,0.0
2012-10-04,28.142893424963642,30.659739213622878,28.142893424963642,30.303071975708008,38191784,0.0,0.0
2012-10-05,30.76741484936577,31.958541131819864,29.609936107385515,31.70281982421875,55367572,0.0,0.0
2012-10-08,31.601876918662448,32.10659337091245,30.37710310674656,30.599180221557617,22012805,0.0,0.0
2012-10-09,30.67993246004019,31.272132545530155,29.44842908021059,29.650314331054688,19175115,0.0,0.0
2012-10-10,29.461886515447294,29.482075039448002,28.28421926572552,28.418806076049805,21613575,0.0,0.0
2012-10-11,28.533216173720202,30.64628876373148,28.04868983605566,30.330001831054688,32681266,0.0,0.0
2012-10-12,30.282886797293408,31.130808069775398,29.784899905650292,29.966596603393555,20839339,0.0,0.0
2012-10-15,29.993515782602735,30.255969927974157,29.293646994092892,29.744524002075195,11003323,0.0,0.0
2012-10-16,29.340752789568047,30.511690428251516,28.694716728713658,28.849498748779297,17464687,0.0,0.0
2012-10-17,29.07157445306081,29.37440569141155,28.264033416607504,28.78220558166504,12058745,0.0,0.0
2012-10-18,28.936979743235945,29.858925631647285,28.600504364137002,29.71087646484375,12003420,0.0,0.0
2012-10-19,29.542641027420792,29.731067254080514,28.775473754911445,29.091760635375977,9057748,0.0,0.0
2012-10-22,28.936984957784514,30.175221275363718,28.5466734476942,30.060819625854492,14009643,0.0,0.0
2012-10-23,30.249243092927042,30.538611944511405,29.879116793545585,30.134838104248047,27837183,0.0,0.0
2012-10-25,30.20213733859857,30.350186522414745,29.40805200299484,29.85219955444336,21567494,0.0,0.0
2012-10-29,29.273461862544753,29.596478263892354,28.802392927565553,29.037925720214844,5454051,0.0,0.0
2012-10-30,29.017734915239846,29.58301692286519,28.56685789045039,28.910062789916992,8075991,0.0,0.0
2012-10-31,28.936978996167237,29.367670819974904,28.86968392208481,28.984088897705078,5542317,0.0,0.0
2012-11-01,29.058117582361927,30.471317687324646,28.997548657454935,30.363645553588867,14975985,0.0,0.0
2012-11-02,30.565526964955968,31.12407943823022,30.14829749913872,30.29634666442871,11834606,0.0,0.0
2012-11-05,30.30981180853544,30.72704135872251,29.784906766683736,30.18868064880371,8429133,0.0,0.0
2012-11-06,30.276155879000314,30.94910658002103,30.195401794877828,30.67319679260254,6644897,0.0,0.0
2012-11-07,30.753952789447,31.426906882001596,30.585715103728386,30.807788848876953,10449547,0.0,0.0
2012-11-08,30.686663079756784,30.881818829307214,29.932954766295072,30.54534339904785,7077224,0.0,0.0
2012-11-09,30.545335751243123,30.92218813877899,30.175212870627536,30.309803009033203,4587243,0.0,0.0
2012-11-12,30.40402145254263,30.753955873934235,30.2425132580542,30.41748046875,3431347,0.0,0.0
2012-11-15,30.20213261569255,31.965266878743797,29.76471129132114,31.743196487426758,11373918,0.0,0.0
2012-11-16,31.918163733706102,32.53055231330386,30.10791937667756,30.323266983032227,12948277,0.0,0.0
2012-11-19,30.417482386916305,30.77414633890329,29.879118354991096,30.350187301635742,6128779,0.0,0.0
2012-11-20,30.417482374558315,30.63955615589395,29.340757660826053,29.906036376953125,8437993,0.0,0.0
2012-11-21,29.87911384893127,30.498231889824154,29.515720443219475,30.29634666442871,5173816,0.0,0.0
2012-11-22,30.309803294464228,30.545336038892184,29.636849246418702,30.128103256225586,4500053,0.0,0.0
2012-11-23,30.148295608179918,30.81451681019821,29.9665955670404,30.43093490600586,5334971,0.0,0.0
2012-11-26,30.552071733277725,31.090432400998935,30.316538941149695,30.76741600036621,4722581,0.0,0.0
2012-11-27,30.753958873889566,31.56150327478572,30.753958873889566,31.27886390686035,5236103,0.0,0.0
2012-11-29,31.299049317073425,31.58841816494997,30.794332860631528,31.05678367614746,6686906,0.0,0.0
2012-11-30,31.258671209520518,32.550740068736246,31.157728591588068,32.26810073852539,10056398,0.0,0.0
2012-12-03,32.46325789205512,35.37041546520993,32.3353972370594,34.87915802001953,23439345,0.0,0.0
2012-12-04,34.99356892545223,35.87513464317112,33.83608662725304,34.23986053466797,21247090,0.0,0.0
2012-12-05,33.647653587111506,34.99356187439143,33.37847326952769,33.54671096801758,13584571,0.0,0.0
2012-12-06,33.64764998589317,35.552107228330534,32.58438449555514,35.242549896240234,30237306,0.0,0.0
2012-12-07,35.26274298012292,36.19141844622408,34.73783799942206,35.43098068237305,23140920,0.0,0.0
2012-12-10,35.531918352018955,36.1577658668522,35.128147922887834,35.9222297668457,9163408,0.0,0.0
2012-12-11,35.94915874969786,36.99896208751061,35.26274552529341,36.60192108154297,16148967,0.0,0.0
2012-12-12,36.74996262891764,37.60461339001061,36.48078234185844,37.07297897338867,15917097,0.0,0.0
2012-12-13,37.14700755340196,37.348892772236525,35.47808304500944,35.7741813659668,12111846,0.0,0.0
2012-12-14,35.66651647173644,36.5413559468549,35.12142627050219,36.25871658325195,10463789,0.0,0.0
2012-12-17,36.339468677689524,37.92763598265231,36.137583429136704,37.7122917175293,14296977,0.0,0.0
2012-12-18,38.02857941202867,38.40543523365291,37.41619414512035,38.04204177856445,16469626,0.0,0.0
2012-12-19,37.96128758648163,39.9464992672179,37.68537439193192,39.26008605957031,25820332,0.0,0.0
2012-12-20,39.38121366490664,39.46869726637794,36.204875931677115,36.474056243896484,54317702,0.0,0.0
2012-12-21,37.43637958422272,38.277571418002694,36.42695005362283,36.736507415771484,60097983,0.0,0.0
2012-12-24,36.877836505385,37.25468900833765,35.7001657342961,36.96531677246094,21500255,0.0,0.0
2012-12-26,37.01242558862593,37.147015764265035,36.480791045170626,36.71632385253906,10083114,0.0,0.0
2012-12-27,36.70286066834992,37.38254432784839,36.07028691465789,36.386573791503906,20577359,0.0,0.0
2012-12-28,36.57499771000224,36.87109604412564,36.225063315129134,36.62883377075195,8486442,0.0,0.0
2012-12-31,36.66248743822179,36.945126804411466,36.40676610690732,36.52116775512695,5203129,0.0,0.0
2013-01-01,36.783618563212244,37.342171136068465,36.71632347608267,37.1335563659668,6193245,0.0,0.0
2013-01-02,37.44310320129929,38.56020468211415,37.301783558203894,38.405426025390625,18393468,0.0,0.0
2013-01-03,38.61405306779413,38.66788913949889,37.597893864685894,37.77959060668945,9186315,0.0,0.0
2013-01-04,38.365061361165914,38.365061361165914,36.9653167929195,37.24123001098633,11260853,0.0,0.0
2013-01-07,37.44311367847688,38.048772810895734,37.36908908280889,37.60462188720703,7366730,0.0,0.0
2013-01-08,37.644997457270236,37.658456474134525,36.716321943953915,37.29506301879883,8925020,0.0,0.0
2013-01-09,37.402729714196155,37.81995917631089,36.884554290599304,37.04606246948242,7407278,0.0,0.0
2013-01-10,37.14701152980522,37.42965086642874,36.17795902598699,36.58845901489258,9347580,0.0,0.0
2013-01-11,36.46733423008564,36.696137542490916,34.946461803828385,35.19545364379883,8300371,0.0,0.0
2013-01-14,35.289666531377854,36.823997965531106,34.414826993181975,36.48079299926758,14177805,0.0,0.0
2013-01-15,36.33946611316544,36.60864642557279,35.686700505897264,36.00299072265625,8550164,0.0,0.0
2013-01-16,35.98952791785734,36.669211548066066,35.195446005952846,35.39733123779297,9252522,0.0,0.0
2013-01-17,35.53192175105558,36.17795784914616,35.20890537685045,35.86166763305664,6012948,0.0,0.0
2013-01-18,35.98952407487421,36.447133901194945,35.552106119261694,35.93568801879883,6077420,0.0,0.0
2013-01-21,36.09721011387357,37.120098828711704,35.71362475225869,36.96531677246094,8004603,0.0,0.0
2013-01-22,37.1133647940509,37.51040577553146,36.00299259785695,36.30582046508789,10896443,0.0,0.0
2013-01-23,36.11066549750369,36.48078845422428,35.471358858942075,36.225067138671875,8462374,0.0,0.0
2013-01-24,36.33946564658056,36.366383677475675,33.398660722248,33.91010665893555,10221121,0.0,0.0
2013-01-25,33.782248549413595,34.95318644707971,33.34483047114325,34.811866760253906,8408948,0.0,0.0
2013-01-28,34.86569596843346,34.98682710472631,33.79570091483305,34.05815505981445,6119423,0.0,0.0
2013-01-29,34.06489310064685,35.50501143144748,33.089110908618416,33.230430603027344,18211208,0.0,0.0
2013-01-30,33.243882377929324,33.74859546227342,32.8266495451912,33.08910369873047,7957661,0.0,0.0
2013-01-31,33.10929069243176,34.031233217239254,32.369041519913445,33.654380798339844,11483681,0.0,0.0
2013-02-01,33.930296392231995,34.43501288902331,32.84011264479241,33.075645446777344,13648450,0.0,0.0
2013-02-04,33.39193922945415,33.903381939220885,32.74590298322559,33.15640640258789,11332169,0.0,0.0
2013-02-05,32.62476081735416,33.49287057913212,32.30174447796887,32.60457229614258,9043141,0.0,0.0
2013-02-06,32.840110428491954,33.76878590618207,32.840110428491954,33.32463836669922,11067534,0.0,0.0
2013-02-07,33.31118049123928,33.58036082741784,32.4363410489783,32.75935745239258,6556702,0.0,0.0
2013-02-08,32.86029700367666,32.967969128073065,31.225023264726033,31.325965881347656,7676147,0.0,0.0
2013-02-11,31.4403705744471,31.86432960553314,31.09716564452031,31.339427947998047,5915156,0.0,0.0
2013-02-12,31.386527465958444,31.76337985349431,30.04062273222187,30.309803009033203,9216267,0.0,0.0
2013-02-13,30.424208065562716,31.211563813911535,30.175216281368392,30.518421173095703,8640440,0.0,0.0
2013-02-14,30.572257917841537,30.572257917841537,28.613964439562622,29.011005401611328,13849650,0.0,0.0
2013-02-15,28.930252812164436,30.148300492341654,28.68126100945616,29.932952880859375,8118287,0.0,0.0
2013-02-18,30.087736798313376,31.346158256512425,29.90603671638668,31.12408447265625,10241731,0.0,0.0
2013-02-19,31.37308101214516,32.167166496325926,30.95584806637095,31.978736877441406,8582244,0.0,0.0
2013-02-20,32.032563404802076,32.28828804359394,31.66916999395925,31.84413719177246,9098336,0.0,0.0
2013-02-21,31.494203904096697,31.73646618651458,30.585716995349262,30.84143829345703,6640460,0.0,0.0
2013-02-22,30.75395927099328,31.58842171770476,30.32327070478393,31.171192169189453,7298206,0.0,0.0
2013-02-25,31.35961418568036,31.554769915912402,29.643582961865388,30.161758422851562,7429486,0.0,0.0
2013-02-26,30.16176029700825,30.16176029700825,28.950442093353477,29.172515869140625,8117550,0.0,0.0
2013-02-27,29.199433930262245,30.646284927790738,28.465917518633265,30.19540786743164,10223679,0.0,0.0
2013-02-28,30.47131449859155,30.787601358341917,28.93698005405903,29.024463653564453,11569612,0.0,0.0
2013-03-01,28.990815355704303,29.32729407928164,27.604533465567837,28.499561309814453,10986973,0.0,0.0
2013-03-04,28.67453275829615,28.768745876964488,27.40265063175256,28.290950775146484,13100676,0.0,0.0
2013-03-05,28.425536062844323,29.36767043740534,27.69201641522122,29.192703247070312,10539242,0.0,0.0
2013-03-06,29.334027433543646,30.128109420074676,28.809122431749294,29.683961868286133,10561653,0.0,0.0
2013-03-07,29.757985305741357,30.727037821728278,29.744526289542655,30.619365692138672,9294219,0.0,0.0
2013-03-08,30.774138063853744,31.871051008651875,30.619359409327846,31.716272354125977,11861264,0.0,0.0
2013-03-11,31.494208717609713,32.96124500170622,31.494208717609713,32.786277770996094,14486061,0.0,0.0
2013-03-12,32.840106187314944,32.97469633341278,31.696086595803248,32.18061447143555,10381773,0.0,0.0
2013-03-13,32.16716282822944,32.16716282822944,30.98949208063902,31.171192169189453,8038816,0.0,0.0
2013-03-14,30.95583744394238,32.57092589654741,30.444394888748178,32.24790954589844,11355520,0.0,0.0
2013-03-15,32.30174751616089,33.102562282555475,31.897973704271706,32.214263916015625,13195010,0.0,0.0
2013-03-18,32.032561481295026,32.14023694624073,31.11061564465277,31.709545135498047,7604851,0.0,0.0
2013-03-19,31.96527028985359,31.96527028985359,30.18867682261084,30.323266983032227,9125940,0.0,0.0
2013-03-20,30.013703745998313,30.60590033607037,28.93697597378044,29.206159591674805,8832891,0.0,0.0
2013-03-21,29.340757641743775,29.737798644479565,27.604537743978412,28.048686981201172,11264135,0.0,0.0
2013-03-22,28.089059358144787,28.250569210611655,26.60856270537892,27.113277435302734,18452923,0.0,0.0
2013-03-25,27.26132650336936,27.887174039177957,25.713534781972314,26.0634708404541,19287064,0.0,0.0
2013-03-26,26.21152502441327,26.21152502441327,25.377062600027433,25.875049591064453,8757021,0.0,0.0
2013-03-28,25.915420094029013,27.56415610670392,25.36359881228364,27.21422004699707,10693246,0.0,0.0
2013-04-01,27.449761715399404,27.954476578355827,27.099825563465192,27.833345413208008,7101181,0.0,0.0
2013-04-02,27.591080325535533,28.795665770257944,27.591080325535533,28.661075592041016,7744312,0.0,0.0
2013-04-03,28.65434562650804,31.016409915936197,28.412083309578144,29.44843101501465,20720911,0.0,0.0
2013-04-04,29.152328271747265,29.434970981423895,27.95447407120997,28.183279037475586,11975516,0.0,0.0
2013-04-05,28.03522474416619,29.192705101347173,27.86025754271751,28.51302146911621,9073067,0.0,0.0
2013-04-08,28.66780324981984,29.058118091126488,28.00830974430113,28.290950775146484,6775270,0.0,0.0
2013-04-09,28.533209235415555,29.327294478297034,27.941010894459257,28.156356811523438,9288549,0.0,0.0
2013-04-10,28.317869602526944,28.580320440456983,26.669133280271577,27.665103912353516,16178594,0.0,0.0
2013-04-11,27.806424083319584,28.25057331110032,27.38246170583219,27.92082405090332,9148265,0.0,0.0
2013-04-12,27.59107630889549,28.51302224514776,27.2949762850833,28.33132553100586,7896490,0.0,0.0
2013-04-15,27.99484620032929,29.011003490770623,27.732393737353796,28.60723304748535,7901807,0.0,0.0
2013-04-16,28.667799442587228,29.731064990317684,28.412078154448565,29.57628631591797,8580789,0.0,0.0
2013-04-17,29.731066089244425,30.081000496473795,28.82930869016531,29.011005401611328,10492398,0.0,0.0
2013-04-18,28.916797550941492,29.76471904157763,28.439002408022304,29.630128860473633,10116492,0.0,0.0
2013-04-22,29.609936540509167,30.444398906146873,29.03119883589371,30.208866119384766,8128243,0.0,0.0
2013-04-23,30.28288788551571,30.605904248666953,28.80911902927773,29.06484031677246,21714628,0.0,0.0
2013-04-25,28.90333213519684,29.327294461513066,28.472643650995188,29.06484031677246,12970988,0.0,0.0
2013-04-26,29.15905755646456,29.508991959288206,28.46591490888356,28.647611618041992,5780405,0.0,0.0
2013-04-29,28.735090689671217,29.47533977480424,28.264025221655523,29.199426651000977,7001178,0.0,0.0
2013-04-30,29.347486113664996,29.589748411861947,28.533212261711324,29.354215621948242,9254597,0.0,0.0
2013-05-02,29.071571029470487,30.013708827077412,28.9908169353351,29.455156326293945,8041112,0.0,0.0
2013-05-03,29.47534970378847,30.262705600949577,28.82258398568381,29.939685821533203,9329815,0.0,0.0
2013-05-06,30.148300861897404,30.955841853552755,29.623395867640856,30.740497589111328,7536151,0.0,0.0
2013-05-07,30.895285742484038,31.440379428495564,30.821261128908368,31.218305587768555,9837882,0.0,0.0
2013-05-08,31.090427776524763,31.29231634657138,30.370370490550908,30.84816551208496,6769829,0.0,0.0
2013-05-09,30.88854942880403,31.58842169814165,30.599180548561332,30.861631393432617,6140287,0.0,0.0
2013-05-10,30.88854834377846,30.98949097287544,30.282892569196587,30.511695861816406,4858311,0.0,0.0
2013-05-13,30.3367264048743,30.410750994096258,28.93025251029619,29.233083724975586,5525517,0.0,0.0
2013-05-14,29.179244912849516,29.233080972669523,28.600503920104256,28.903331756591797,5024424,0.0,0.0
2013-05-15,28.936981623130805,30.740496471627193,28.90333408303499,30.424209594726562,6926560,0.0,0.0
2013-05-16,30.57898748750432,31.225023590299045,30.296348158016787,30.84143829345703,6178676,0.0,0.0
2013-05-17,30.841440926615295,32.086406683581934,30.417481896187525,31.6759033203125,6804198,0.0,0.0
2013-05-20,32.16715696877891,33.815889685652884,31.62879300940275,32.69205856323242,28470509,0.0,0.0
2013-05-21,32.759354812463314,33.25061223608161,31.8306793778044,32.26810073852539,13781602,0.0,0.0
2013-05-22,32.33539500322781,32.61803432632431,31.12408026884823,31.33269500732422,7150341,0.0,0.0
2013-05-23,31.090434505619058,31.13754106723347,28.883148919181995,29.482078552246094,10438534,0.0,0.0
2013-05-24,29.630121613252914,30.060813437123905,29.044651118969583,29.75798225402832,6066166,0.0,0.0
2013-05-27,29.677234971571185,30.605910556716463,29.475349702991977,30.31654167175293,5143263,0.0,0.0
2013-05-28,30.410751708166806,30.700120563738164,29.623395891001373,29.858928680419922,6470981,0.0,0.0
2013-05-29,29.609939205899728,30.141573750699315,29.078304661100145,29.549373626708984,8827000,0.0,0.0
2013-05-30,30.14829472634944,30.377097960754188,29.650307866494508,29.89929962158203,10536834,0.0,0.0
2013-05-31,29.62339478797991,30.074271825221384,28.250571802519463,28.492834091186523,6981370,0.0,0.0
2013-06-03,28.53321094601489,28.560128977906665,27.550699432284638,27.98811912536621,8179667,0.0,0.0
2013-06-04,27.99485072204242,28.587049142685782,27.591078538700014,27.779504776000977,7527030,0.0,0.0
2013-06-05,27.833341355365633,28.815851226497653,27.59107738554932,28.68126106262207,7915932,0.0,0.0
2013-06-06,28.65434157267326,29.044653028063742,28.021766159786434,28.950443267822266,6707575,0.0,0.0
2013-06-07,28.984086155614317,29.33402389785877,28.035223916321176,28.2169189453125,5566339,0.0,0.0
2013-06-10,28.412078803160313,28.654341081665173,27.39591978530683,27.73239517211914,6139381,0.0,0.0
2013-06-11,27.45648601896475,27.68529097632795,25.18190551099352,26.50762367248535,12846212,0.0,0.0
2013-06-12,26.37976101184543,26.74988563910716,23.687949347306215,24.61662483215332,25791012,0.0,0.0
2013-06-13,24.2263111436056,24.60989477882271,23.613924233777727,23.883106231689453,12213676,0.0,0.0
2013-06-14,24.185933689962575,24.4483861754007,23.71486645763893,24.125368118286133,20376459,0.0,0.0
2013-06-17,24.219581010121697,24.226310518024714,22.819838341773927,23.923480987548828,13485416,0.0,0.0
2013-06-18,24.05134186595425,25.424166515718117,23.56681729233899,25.07423210144043,12891432,0.0,0.0
2013-06-19,25.168447610842307,26.110582165645422,24.710839350656784,25.841400146484375,10764843,0.0,0.0
2013-06-20,25.55875418634239,25.55875418634239,24.118634691507033,24.636808395385742,13266463,0.0,0.0
2013-06-21,24.360900713134367,25.34341221814925,24.031154825385123,24.603164672851562,25039983,0.0,0.0
2013-06-24,24.34744450323911,24.872347855805504,23.566819820498512,24.515682220458984,7813482,0.0,0.0
2013-06-25,24.51567698860206,25.868314645746857,23.916749168275288,25.39051628112793,11158827,0.0,0.0
2013-06-26,25.75391251552794,25.75391251552794,24.549327312994894,24.9665584564209,13775659,0.0,0.0
2013-06-27,25.33668480898472,26.164417700559603,25.11461102945213,25.821212768554688,12271135,0.0,0.0
2013-06-28,26.029824690328393,28.264029632962895,26.029824690328393,27.73239517211914,11060762,0.0,0.0
2013-07-01,27.98139012486238,29.199432764895818,27.692019601937567,29.091760635375977,7504384,0.0,0.0
2013-07-02,29.20616569918842,29.535911596706832,28.580318095034205,29.165788650512695,10326200,0.0,0.0
2013-07-03,28.667801044032622,28.735096123617836,27.261328856181056,27.678558349609375,10612933,0.0,0.0
2013-07-04,27.76604347561729,28.08906153069481,26.89120409612749,27.718936920166016,10436316,0.0,0.0
2013-07-05,27.792960753482898,28.33132472229026,27.07290175056031,27.463214874267578,11272838,0.0,0.0
2013-07-08,26.8912082196299,27.705482152686105,26.312468774787167,27.4766788482666,7484479,0.0,0.0
2013-07-09,27.59107742612525,28.055415167019138,26.88447571505877,27.564159393310547,8867581,0.0,0.0
2013-07-10,27.56415493347998,27.75931063981073,26.729692701558143,26.93157958984375,6322372,0.0,0.0
2013-07-11,27.429566195595104,27.85352686626484,27.120008833560828,27.38245964050293,6048355,0.0,0.0
2013-07-12,27.53050973419519,27.72566545708721,26.608563831542238,27.025794982910156,5830961,0.0,0.0
2013-07-15,27.052716808454658,27.422841457940027,26.69605117622911,27.160388946533203,6337345,0.0,0.0
2013-07-16,26.9181215737672,27.07963143540175,26.258628136183276,26.850828170776367,6209868,0.0,0.0
2013-07-17,26.857558847818307,27.227683489923542,26.137499763935352,26.6960506439209,7537938,0.0,0.0
2013-07-18,26.91811966515569,27.14692458839798,26.588373807164224,27.01906394958496,7905232,0.0,0.0
2013-07-19,27.019067162843545,27.288247487093905,26.312465462005854,26.891204833984375,6627072,0.0,0.0
2013-07-22,26.648944829982305,27.18057769085792,26.352844773046346,26.78353500366211,6459628,0.0,0.0
2013-07-23,27.052714137375855,27.49013382997121,27.012337089583074,27.308435440063477,9060371,0.0,0.0
2013-07-24,27.05271548119955,27.059444989499294,26.339384251745766,26.81045150756836,5370319,0.0,0.0
2013-07-25,26.595103211599906,26.87101301007656,25.82120819956924,26.171142578125,16022998,0.0,0.0
2013-07-26,26.258627866633955,26.514350834606862,25.437626250683365,25.834667205810547,8393355,0.0,0.0
2013-07-29,25.572219332794713,25.807752129752185,24.30706671318784,24.394550323486328,10113758,0.0,0.0
2013-07-30,25.33628368970427,25.88107383380376,24.826869414645685,24.947147369384766,11935744,1.357279,0.0
2013-07-31,24.97544834713963,25.173553216009665,23.786815612180302,24.763193130493164,9749720,0.0,0.0
2013-08-01,24.904694966830778,25.47071060145244,23.539182974664673,24.975446701049805,14890752,0.0,0.0
2013-08-02,24.9046968465945,25.32213387086363,20.58882664652384,22.32932472229004,34902456,0.0,0.0
2013-08-05,23.06514544499862,24.055673357947356,22.01801789913613,23.744365692138672,11938093,0.0,0.0
2013-08-06,23.48965894228541,23.553335513769845,22.29395091156043,23.220802307128906,9566905,0.0,0.0
2013-08-07,22.92364288383601,24.33868306802346,22.683085189697984,23.652387619018555,10953256,0.0,0.0
2013-08-08,23.63116101661008,24.621690685101232,23.015619101656476,23.5462589263916,20369250,0.0,0.0
2013-08-12,23.63116219884753,24.18302933461613,23.348155217294117,23.949546813964844,19867217,0.0,0.0
2013-08-13,23.77266702113166,24.466035874284188,23.376455493243206,24.21840476989746,10418909,0.0,0.0
2013-08-14,23.871717724717993,24.60753757075966,23.008542987680823,23.885868072509766,10171948,0.0,0.0
2013-08-16,23.48965859770168,23.659462785835885,22.60525826276329,22.661861419677734,8454363,0.0,0.0
2013-08-19,22.484978796712923,23.277401810234327,21.650104738988897,22.973169326782227,6435502,0.0,0.0
2013-08-20,22.286873262599997,23.61701122409733,22.081691460838048,22.746761322021484,6129105,0.0,0.0
2013-08-21,22.8599620130565,23.4047521085529,21.67840280989366,22.201969146728516,5655766,0.0,0.0
2013-08-22,21.742083991497683,23.546258671736968,21.72085846917262,23.334003448486328,7679175,0.0,0.0
2013-08-23,23.581635923205525,23.694840476438007,22.428378954270435,23.30570411682129,6427960,0.0,0.0
2013-08-26,23.206648816634075,23.30570124775758,21.671330851611266,22.13829231262207,13769500,0.0,0.0
2013-08-27,21.85528906462361,22.04632054641231,20.553453370695944,20.949663162231445,12612697,0.0,0.0
2013-08-28,20.51807604907583,21.367100565649384,19.605376718759562,20.716182708740234,19936263,0.0,0.0
2013-08-29,20.95673733844764,21.57227928183536,20.20676707933759,21.33879852294922,22981090,0.0,0.0
2013-08-30,21.133617618927385,21.30342180043342,19.569998831617042,20.022809982299805,38783544,0.0,0.0
2013-09-02,19.92375963455935,19.952060334447854,19.216240376476957,19.690277099609375,16436790,0.0,0.0
2013-09-03,19.768105090777613,20.26336908229908,18.77050193301108,18.954458236694336,14932325,0.0,0.0
2013-09-04,18.92615686460963,19.24453971584678,17.89317786996747,18.827102661132812,14010165,0.0,0.0
2013-09-05,19.152562005973795,19.59829974829494,18.820027052592707,19.14548683166504,10413788,0.0,0.0
2013-09-06,19.33651937649828,19.669054378693716,18.8978585049625,19.3011417388916,7451825,0.0,0.0
2013-09-10,19.54877360140928,20.008661694071755,19.40019317949886,19.789329528808594,9150934,0.0,0.0
2013-09-11,19.478019533506014,20.489772955910055,19.386044030678832,20.107711791992188,14494536,0.0,0.0
2013-09-12,20.227994569092846,20.553454389136462,19.13841406664102,19.322368621826172,11604060,0.0,0.0
2013-09-13,19.584150934273456,20.34119640550115,19.52754953536819,19.959136962890625,23539139,0.0,0.0
2013-09-16,20.419019404129997,20.419019404129997,18.961528379863424,19.13133430480957,15267232,0.0,0.0
2013-09-17,19.032282959645457,19.47094550269466,18.70682319909422,19.138410568237305,6935929,0.0,0.0
2013-09-18,18.975684261706675,19.421420281057898,18.89785733769297,19.180864334106445,5344398,0.0,0.0
2013-09-19,19.860078977934435,21.289269311169384,19.527545822590632,21.133615493774414,47378399,0.0,0.0
2013-09-20,21.33172116796239,22.131219327801357,19.817628694615923,21.37417221069336,26847864,0.0,0.0
2013-09-23,21.197292598565124,21.71378203947896,19.980359200557274,20.482696533203125,22715143,0.0,0.0
2013-09-24,20.220917893930306,21.133618948693353,20.029886416846324,20.772783279418945,10685782,0.0,0.0
2013-09-25,20.680804559388605,20.942586004003836,19.902533638852066,20.20676612854004,8509473,0.0,0.0
2013-09-26,20.249216629412807,20.60297708971459,19.824704429224585,20.178464889526367,12308962,0.0,0.0
2013-09-27,20.093562242689732,21.19729287595322,20.022808743901965,20.59589958190918,11017728,0.0,0.0
2013-09-30,20.38364452438168,20.65957806524717,19.775177812751856,19.91668128967285,7380209,0.0,0.0
2013-10-01,19.952058785753252,20.355345488730812,19.598300064606,20.001585006713867,6523494,0.0,0.0
2013-10-03,20.107713330423095,21.048715083517468,20.093564741949166,20.822309494018555,9825903,0.0,0.0
2013-10-04,20.532223983955426,21.22559274958689,20.532223983955426,20.985036849975586,15952889,0.0,0.0
2013-10-07,20.942585122529984,21.47322492447423,20.62420229788517,21.239744186401367,27226040,0.0,0.0
2013-10-08,21.57935373411398,21.826984813529,21.317570546434304,21.459074020385742,8422766,0.0,0.0
2013-10-09,21.480303476949,22.41423009787501,21.40955172701064,22.301027297973633,9382263,0.0,0.0
2013-10-10,22.40715273982716,22.767988390227615,21.989717455860166,22.237348556518555,6977156,0.0,0.0
2013-10-11,22.513278153954325,23.631159106547315,21.98971530659232,23.249099731445312,10454688,0.0,0.0
2013-10-14,23.58871035209579,24.38113157530333,23.341077509245636,23.970767974853516,10173083,0.0,0.0
2013-10-15,24.17594965469998,24.480183886202276,23.008542466579367,23.758514404296875,13512948,0.0,0.0
2013-10-17,23.66654027766209,24.091050757978746,23.454283276634012,23.631162643432617,7826876,0.0,0.0
2013-10-18,23.701913523021016,25.173553213353696,23.701913523021016,24.812719345092773,10059679,0.0,0.0
2013-10-21,24.89762182035974,28.718229866183883,24.77734386239539,28.017784118652344,52875445,0.0,0.0
2013-10-22,28.081463644162167,28.14514021685422,26.956507338196392,27.430545806884766,11596492,0.0,0.0
2013-10-23,27.57204210743994,28.51304362453954,26.91404926710769,28.039005279541016,10033406,0.0,0.0
2013-10-24,27.74892603200778,30.232319016769374,27.74892603200778,29.404521942138672,28867044,0.0,0.0
2013-10-25,29.305471365691044,29.54603082024977,27.246588544258728,27.437618255615234,16997468,0.0,0.0
2013-10-28,27.182904444880933,29.68752608750574,27.182904444880933,29.326688766479492,27368360,0.0,0.0
2013-10-29,29.475277282322473,30.33845033060346,28.406922413049426,30.083744049072266,20911693,0.0,0.0
2013-10-30,30.19694549379307,31.272375489578696,29.623856385913097,29.864412307739258,18020642,0.0,0.0
2013-10-31,29.715831745685254,29.928086957222778,28.201737526572852,29.3832950592041,24582623,0.0,0.0
2013-11-01,29.14981722300657,29.383297978897836,28.406922147937383,28.845582962036133,12262510,0.0,0.0
2013-11-05,28.612099110545316,30.324296417777685,28.251263493246817,29.75120735168457,16634278,0.0,0.0
2013-11-06,29.857339351901555,30.494105074634017,29.241795631520652,29.63093376159668,11434795,0.0,0.0
2013-11-07,29.446974999171776,30.819564058364744,29.446974999171776,29.89978790283203,12106614,0.0,0.0
2013-11-08,29.857328577977505,31.060111364191254,29.60969755293843,30.69927406311035,11252502,0.0,0.0
2013-11-11,30.564850807157764,34.10245154651258,30.46579838089058,33.0906982421875,38569367,0.0,0.0
2013-11-12,32.97041997101159,33.50813313687599,31.979892196364673,32.248748779296875,19144960,0.0,0.0
2013-11-13,31.838388739333737,33.508133144948474,31.62613002049207,32.44685363769531,15289095,0.0,0.0
2013-11-14,32.828925949182164,35.25571811032414,32.75817419648064,34.562347412109375,15874989,0.0,0.0
2013-11-18,35.09298430167557,35.90663286871569,34.774597936122895,35.397216796875,11563642,0.0,0.0
2013-11-19,35.2344803343224,35.2344803343224,33.62133389010065,34.28640365600586,14195042,0.0,0.0
2013-11-20,34.11660884912157,36.21086761781594,33.98218052892194,35.26279067993164,20283260,0.0,0.0
2013-11-21,35.20618074887768,35.54578905443808,33.84066883186485,34.095375061035156,29091203,0.0,0.0
2013-11-22,34.357165192474355,35.078836546886286,34.102458898589994,34.39961624145508,9821761,0.0,0.0
2013-11-25,34.68969760174184,36.465573486230205,34.68969760174184,36.22501754760742,27483910,0.0,0.0
2013-11-26,36.33821716659135,36.7768779575093,33.85482403259358,34.300559997558594,24065467,0.0,0.0
2013-11-27,34.33593644265086,34.56941719011294,32.84307117198746,33.982177734375,11173031,0.0,0.0
2013-11-28,34.406683168340024,37.314589891657256,34.406683168340024,36.989131927490234,36339473,0.0,0.0
2013-11-29,37.1801654242943,37.908911853758184,36.34529138690933,37.23676681518555,18685955,0.0,0.0
2013-12-02,37.42779648771927,38.13531739518827,36.890083274564546,37.68250274658203,12136338,0.0,0.0
2013-12-03,37.498556327215574,38.099949756745886,37.08112097945515,37.80986404418945,23303432,0.0,0.0
2013-12-04,37.93013954596456,39.05509577604485,37.399497954253086,37.6966552734375,23682235,0.0,0.0
2013-12-05,38.87113186395599,39.16121748688597,37.86645374784768,38.128238677978516,14969545,0.0,0.0
2013-12-06,38.06456803086812,39.16829874319035,37.37119742786517,38.78623580932617,14816246,0.0,0.0
2013-12-09,40.18712092756952,40.51257889318023,39.012638660366,39.48667526245117,19704719,0.0,0.0
2013-12-10,39.19659750671573,39.960719815008645,38.510302111868114,39.21782302856445,10663313,0.0,0.0
2013-12-11,39.111697164720304,39.1895240816387,37.24384411520019,37.74618148803711,12435102,0.0,0.0
2013-12-12,37.35704138358371,37.58344692662,35.44673757073746,35.658992767333984,20512123,0.0,0.0
2013-12-13,35.255711701114386,35.510417964536295,34.442063171221896,35.11420822143555,19751889,0.0,0.0
2013-12-16,35.114209452845074,37.14479150092461,34.68262030295018,36.60707473754883,27573612,0.0,0.0
2013-12-17,37.0315898612704,37.32874718822939,35.9703101718203,36.2674674987793,11418178,0.0,0.0
2013-12-18,36.09765573734304,37.48439316056975,36.09765573734304,36.51509094238281,19639039,0.0,0.0
2013-12-19,36.791035635884114,37.15186954963724,35.60239922945352,36.00568771362305,12775862,0.0,0.0
2013-12-20,35.658999974386525,36.91131293088896,35.54579717998893,36.720279693603516,7402835,0.0,0.0
2013-12-23,36.805184177908764,38.95604797626397,36.73443242681876,38.418331146240234,20835092,0.0,0.0
2013-12-24,38.61642783823981,39.040941776254684,37.37826893569612,37.993812561035156,9344103,0.0,0.0
2013-12-26,38.06456943605812,38.57398200436338,37.7178823608887,38.17776870727539,8293841,0.0,0.0
2013-12-27,38.4466269246625,38.98434368584667,38.20607100175295,38.55982971191406,5671281,0.0,0.0
2013-12-30,38.729630879143436,38.75793157375418,37.39241953704688,37.6754264831543,5612941,0.0,0.0
2013-12-31,37.795714067126475,37.89476299253754,36.847637122659435,37.14479446411133,6290260,0.0,0.0
2014-01-01,37.32874806921435,38.191922894396654,37.116492830662835,38.02919387817383,7564701,0.0,0.0
2014-01-02,37.35704621419295,38.02919127873525,35.84295542761314,36.13303756713867,17188171,0.0,0.0
2014-01-03,35.80050453724594,36.232093725523896,34.59772128908798,35.142513275146484,11525782,0.0,0.0
2014-01-06,35.07882963556115,36.069357438361244,34.626015013908564,35.66606903076172,10660990,0.0,0.0
2014-01-07,35.8500318742662,36.069362280229306,34.10245675746856,34.23688507080078,11002957,0.0,0.0
2014-01-08,34.32886126848535,34.5128157967888,33.57888928520126,33.982177734375,11164732,0.0,0.0
2014-01-09,34.10953401012309,35.1920392788624,33.960955338966265,34.746299743652344,10507045,0.0,0.0
2014-01-10,34.753369674797135,34.98685038486992,33.72039089031221,34.095375061035156,5704881,0.0,0.0
2014-01-13,33.840675125268596,34.56234290879416,32.94919963564474,33.29588317871094,7177827,0.0,0.0
2014-01-14,32.84307629972247,34.80998206830452,32.722798320129876,34.562347412109375,11475891,0.0,0.0
2014-01-15,34.80998218765331,35.64485287239375,34.335941921187995,35.25571823120117,8902244,0.0,0.0
2014-01-16,35.43259433873564,35.79343176714032,34.96563281246305,35.18496322631836,6186316,0.0,0.0
2014-01-17,35.32646151551468,35.333536689113,33.69208937082584,33.93972396850586,8975739,0.0,0.0
2014-01-20,34.10953639699796,35.32647007241719,33.677947181220674,34.909034729003906,8891975,0.0,0.0
2014-01-21,35.28401020739013,35.44673919892214,34.4137603396322,34.95147705078125,5481746,0.0,0.0
2014-01-22,34.979785413776966,35.015161289256966,34.27226438243719,34.80290603637695,4602079,0.0,0.0
2014-01-23,34.52696752159522,36.60707585266281,34.243960543691976,36.416046142578125,23046789,0.0,0.0
2014-01-24,36.50801087078047,37.14477987408744,35.135423977660665,35.347679138183594,15586221,0.0,0.0
2014-01-27,34.83827423785512,34.85242106319121,33.43738283394897,33.54351043701172,8768504,0.0,0.0
2014-01-28,34.102457593981086,34.49866736931063,33.39493661629601,33.946800231933594,7477243,0.0,0.0
2014-01-29,34.10245865446567,36.36652162737617,34.10245865446567,36.00568771362305,13952648,0.0,0.0
2014-01-30,34.81705348471396,35.694375123496954,33.56474055361745,33.9680290222168,11247296,0.0,0.0
2014-01-31,34.0882998675967,34.80997103821925,32.439777508531684,33.7982177734375,20725876,0.0,0.0
2014-02-03,33.74869122694181,34.399607139076004,32.97041867982532,33.25342559814453,10780834,0.0,0.0
2014-02-04,32.93504606385307,32.95627158482077,31.916217535664764,32.72986602783203,12381675,0.0,0.0
2014-02-05,32.5459139791427,33.465690245377516,32.2629069808365,32.59544372558594,10903926,0.0,0.0
2014-02-06,32.7369429659131,33.317110821117744,31.767644018538533,32.0223503112793,11967824,0.0,0.0
2014-02-07,32.404408107251335,32.588366164420115,31.64028926777543,31.93744659423828,12557927,0.0,0.0
2014-02-10,31.69688521129333,32.36195149422073,31.215769910415574,31.371423721313477,9864044,0.0,0.0
2014-02-11,31.371422623311528,31.810086869500214,30.791258439361496,31.265295028686523,10139020,0.0,0.0
2014-02-12,31.541228972892117,31.689811137460822,30.93983922810486,31.130868911743164,16561644,0.0,0.0
2014-02-13,31.300675564027042,31.5341563070404,30.635609205140508,30.812488555908203,14370472,0.0,0.0
2014-02-14,30.579009186869783,31.01766999648356,29.72998474329732,30.45165252685547,8812757,0.0,0.0
2014-02-17,30.295998100788655,31.32897705729464,30.154494616574038,31.152097702026367,9081862,0.0,0.0
2014-02-18,31.166244278795144,32.68741007175428,31.166244278795144,32.22752380371094,21739557,0.0,0.0
2014-02-19,32.673260756833265,34.668463012495195,32.36902480403545,34.534034729003906,39225103,0.0,0.0
2014-02-20,34.385469617494174,35.76513590233515,33.83360592094976,34.69677734375,32912810,0.0,0.0
2014-02-21,34.87365336869041,35.46089282725261,34.35008695618484,35.31938934326172,19831987,0.0,0.0
2014-02-24,35.49626979271413,36.041061744616016,35.05053380439935,35.32646560668945,13804431,0.0,0.0
2014-02-25,35.482120545362875,35.92786006925428,34.86658035191498,35.28401565551758,12963544,0.0,0.0
2014-02-26,35.34768457549704,35.460887345189214,34.47035958864399,35.13542938232422,11502830,0.0,0.0
2014-02-28,35.269865485539945,36.29576933490784,35.10006129338076,35.977386474609375,11098296,0.0,0.0
2014-03-03,36.0835146882087,37.56930491577925,36.0835146882087,37.342899322509766,17474193,0.0,0.0
2014-03-04,37.64005956593539,38.07164878312285,37.29337597451025,37.880619049072266,13359479,0.0,0.0
2014-03-05,38.206070769731596,38.34757425293671,37.38534704540272,37.915985107421875,10939992,0.0,0.0
2014-03-06,38.06456991725698,38.95604544480035,37.809860108144946,38.821617126464844,10300462,0.0,0.0
2014-03-07,38.98434067131923,43.78132249712657,38.68717985602307,42.88985061645508,38471706,0.0,0.0
2014-03-10,42.99597860276529,45.69163057567844,42.592693667755775,44.821380615234375,35582025,0.0,0.0
2014-03-11,45.054864906582154,46.13029852790533,44.58790336620253,45.04071807861328,25433009,0.0,0.0
2014-03-12,45.13976537033962,45.373246113859345,43.8025504321573,44.340267181396484,16306756,0.0,0.0
2014-03-13,44.50300425322489,45.28127706113727,43.24361952295129,43.7247314453125,15814673,0.0,0.0
2014-03-14,43.17285807453179,45.918032529130635,42.67051721725261,45.31664276123047,23328824,0.0,0.0
2014-03-18,45.75530242958515,46.583101258939585,45.1892885440361,45.70577621459961,17247215,0.0,0.0
2014-03-19,45.90388489220016,46.34254921172174,45.56427653262674,45.8543586730957,12149667,0.0,0.0
2014-03-20,45.691631733901026,45.691631733901026,44.227067095265525,44.481773376464844,15529852,0.0,0.0
2014-03-21,44.715253671483325,46.441603269669734,44.63035157862885,46.137367248535156,19101574,0.0,0.0
2014-03-24,46.271801845644816,46.95101862901896,45.748235386721,45.98171615600586,13104636,0.0,0.0
2014-03-25,45.94633827905619,47.333079528142406,45.649180949283185,46.809513092041016,17504426,0.0,0.0
2014-03-26,47.03591926595059,47.61608710546824,46.229349360746795,46.54065704345703,12981720,0.0,0.0
2014-03-27,46.62555041302626,47.2057181439687,46.43452073438604,46.83073043823242,9714620,0.0,0.0
2014-03-28,46.96516348939669,50.61596736028606,46.710457225401385,50.347110748291016,27232075,0.0,0.0
2014-03-31,50.806992443174025,52.75267215987855,50.60181241581556,52.07345199584961,22901710,0.0,0.0
2014-04-01,52.35646085914503,52.54041889494849,49.59006093108212,49.908447265625,21972544,0.0,0.0
2014-04-02,50.212676736963346,51.22443361842492,49.92259461558345,50.72916793823242,20047703,0.0,0.0
2014-04-03,50.771622042570534,50.87067448023537,49.10187390702767,49.75986862182617,15944250,0.0,0.0
2014-04-04,49.979207645071696,52.71023589152025,49.73865168351266,52.540428161621094,26807316,0.0,0.0
2014-04-07,52.773902045578716,54.1252637903296,52.15128321690223,53.6087760925293,20483534,0.0,0.0
2014-04-09,53.90593746086071,54.67713500045219,52.69607910377542,54.10404586791992,15543063,0.0,0.0
2014-04-10,54.33045254448972,67.62475581797608,54.104046942035126,66.48564910888672,163256482,0.0,0.0
2014-04-11,63.81829425807325,66.45734499119794,61.20754422380011,61.9362907409668,99345993,0.0,0.0
2014-04-15,62.23344050826757,63.832436842342204,58.158126282445906,59.09205627441406,60823718,0.0,0.0
2014-04-16,59.43166719257664,66.76156875125515,59.19111127118643,60.91745376586914,177391228,0.0,0.0
2014-04-17,61.55423807123062,64.48336776775298,61.46933596534533,62.02827835083008,71473800,0.0,0.0
2014-04-21,62.54475889876491,64.17912786103656,62.36788304382367,62.70041275024414,41899204,0.0,0.0
2014-04-22,63.117843960026065,63.634335199148694,61.639129028244035,62.304195404052734,29997176,0.0,0.0
2014-04-23,62.61550035638598,63.3937765293246,60.26653557671827,61.10140609741211,34164514,0.0,0.0
2014-04-24,61.10140609741211,61.10140609741211,61.10140609741211,61.10140609741211,0,0.0,0.0
2014-04-25,61.37734198354894,62.389095383182536,60.9245308493864,61.20046615600586,20028751,0.0,0.0
2014-04-28,61.27121984555631,61.73818134252158,59.162810891537625,60.57077407836914,24352807,0.0,0.0
2014-04-29,60.13917499571085,63.46452040565237,60.13917499571085,61.370262145996094,42478365,0.0,0.0
2014-04-30,61.681578345912534,62.95510966817465,55.993117309373346,59.1274299621582,44620801,0.0,0.0
2014-05-02,59.94108066083568,61.17216098349766,58.90102652167504,59.53779220581055,22671901,0.0,0.0
2014-05-05,59.85617690555823,61.97873617047935,58.31378191449812,60.31606674194336,34969492,0.0,0.0
2014-05-06,60.917452153675946,61.738179377823876,60.18871275637226,61.20046615600586,20698162,0.0,0.0
2014-05-07,61.46933082336692,61.63913502093319,60.160419945387304,60.485877990722656,15131718,0.0,0.0
2014-05-08,60.91745139041048,61.1084846069809,59.45996557058636,59.83495330810547,12713216,0.0,0.0
2014-05-09,60.01182585735184,62.40324154261406,60.01182585735184,61.15093231201172,42148638,0.0,0.0
2014-05-12,61.801850486229874,63.15321219416155,60.37973704080121,60.86792755126953,31488913,0.0,0.0
2014-05-13,61.872597913846974,68.90534830507816,61.752323490219126,67.70964050292969,129033563,0.0,0.0
2014-05-14,68.20491144886627,73.22829919764834,67.92190448200289,70.49019622802734,112519539,0.0,0.0
2014-05-15,71.02790067003131,72.73302078689763,70.11519988368083,70.82979583740234,39984059,0.0,0.0
2014-05-16,77.11967698022751,82.77983876178443,73.37689840945652,74.95466613769531,124774351,0.0,0.0
2014-05-19,77.11966827825516,79.15732572621356,75.70463327514473,76.48290252685547,48309966,0.0,0.0
2014-05-20,77.47341912008139,77.67153104377175,74.8697479366772,75.44284057617188,19135468,0.0,0.0
2014-05-21,75.62679674361904,75.63386839632595,71.89109054900801,72.93114471435547,28986927,0.0,0.0
2014-05-22,73.55377497308102,73.95705643789816,70.76614185623735,70.99962615966797,34579057,0.0,0.0
2014-05-23,71.17647375350336,72.94527389527269,70.77319244883101,71.90522003173828,24369261,0.0,0.0
2014-05-26,72.7330428615483,75.06785756963123,63.51405847807785,69.18836975097656,45272036,0.0,0.0
2014-05-27,68.78507991434556,69.11053794603234,64.55411141545956,67.15071105957031,25778962,0.0,0.0
2014-05-28,66.47856698696116,69.0185652738519,66.26631174559579,67.4054183959961,17169244,0.0,0.0
2014-05-29,66.81109430435622,68.04925322623089,63.44329752903115,63.931488037109375,22030870,0.0,0.0
2014-05-30,63.71923689962959,69.26618753384487,63.67678585462506,67.76625061035156,38181345,0.0,0.0
2014-06-02,68.62941413827436,69.0539245405641,67.01626756609558,68.06340026855469,17431727,0.0,0.0
2014-06-03,67.96435218477609,70.52557215241612,67.4973907124151,68.28981018066406,39369901,0.0,0.0
2014-06-04,67.95020785560149,71.02084061051592,67.95020785560149,70.40530395507812,25091701,0.0,0.0
2014-06-05,70.73783143374636,71.38875450642115,69.3793979815108,70.49020385742188,20274720,0.0,0.0
2014-06-06,71.06328854826813,71.95476753348497,70.34869243831005,71.57270812988281,18955491,0.0,0.0
2014-06-09,72.02551269419918,72.77548108460019,71.13403379043334,71.62930297851562,15199909,0.0,0.0
2014-06-10,71.74251740861276,71.89109255439041,68.98318521062217,70.17182159423828,10566311,0.0,0.0
2014-06-11,70.17181483663153,71.65760841219871,68.38179230242339,68.9902572631836,17285473,0.0,0.0
2014-06-12,68.38886903445596,69.61995643882243,67.79455437747573,69.22373962402344,10587325,0.0,0.0
2014-06-13,68.85582130390603,71.74250619425344,65.12719428430835,66.49270629882812,32283947,0.0,0.0
2014-06-16,66.08235695606946,67.4832485873235,63.87489541064192,67.15778350830078,17994858,0.0,0.0
2014-06-17,66.79694604491957,68.6294196161403,65.84179404179041,68.3464126586914,15877371,0.0,0.0
2014-06-18,68.48791257050456,70.11520953456292,66.87476595358169,67.92897033691406,18813510,0.0,0.0
2014-06-19,67.91483189230298,68.62942806962151,64.90787203380653,65.18380737304688,19045649,0.0,0.0
2014-06-20,65.2333239574487,65.37482742505425,63.25226836749318,63.5423469543457,18983369,0.0,0.0
2014-06-23,63.889046741237294,64.95032296039649,63.73339289576061,64.24280548095703,13348884,0.0,0.0
2014-06-24,64.58949152144747,66.32999153615633,64.57534117208787,65.72151947021484,14149979,0.0,0.0
2014-06-25,65.79934039114717,66.22385081050103,65.26162719329892,65.45973205566406,6297469,0.0,0.0
2014-06-26,65.66491724840984,65.78519873819586,63.43623373051378,63.712162017822266,9215158,0.0,0.0
2014-06-27,63.42915638897045,64.24280500605062,61.101420377082505,61.915061950683594,17430461,0.0,0.0
2014-06-30,61.90799101114014,64.66731623583513,61.90799101114014,64.39138793945312,13188995,0.0,0.0
2014-07-01,64.75220381065537,65.61538198901798,64.41259549529077,64.89370727539062,10344116,0.0,0.0
2014-07-02,65.38899564928725,70.80859402726374,65.24041344593991,69.7190170288086,51599895,0.0,0.0
2014-07-03,70.09397343358634,71.67174754552602,69.19542295922922,70.10812377929688,32857322,0.0,0.0
2014-07-04,70.18595808009378,71.67175150526388,69.90295115024759,70.5750961303711,24703516,0.0,0.0
2014-07-07,70.75198178220715,71.30385241565642,69.90296087455992,70.49020385742188,13122911,0.0,0.0
2014-07-08,70.47605404407176,70.56802778802592,62.82775894729074,64.06591796875,20139695,0.0,0.0
2014-07-09,63.81828775917138,64.80881211810575,60.308987371990085,62.834835052490234,25372438,0.0,0.0
2014-07-10,62.841913777232826,66.35121455936537,59.96938576955861,62.90559387207031,25640616,0.0,0.0
2014-07-11,62.70747606718762,64.51164878857502,58.87979320764453,59.65806579589844,19688526,0.0,0.0
2014-07-14,59.32553703614618,59.83494958395589,57.90342348510477,58.993003845214844,11489834,0.0,0.0
2014-07-15,59.50241629332228,61.54007340402365,59.50241629332228,61.34196853637695,15777433,0.0,0.0
2014-07-16,61.69573613872534,64.01640053835897,60.88208750735842,63.67679214477539,18102038,0.0,0.0
2014-07-17,63.44329698879381,64.6177828589709,63.27349282107828,63.9031867980957,13661126,0.0,0.0
2014-07-18,63.64141236466915,65.51634425814993,61.554232269958625,64.39138793945312,20730528,0.0,0.0
2014-07-21,65.01399676526468,65.60123973812401,62.969260882291486,63.38669967651367,16133257,0.0,0.0
2014-07-22,63.46453423267862,64.3135551809707,62.481081445834185,63.06831741333008,11191951,0.0,0.0
2014-07-23,63.25934245767621,64.05884060220578,61.76647729515128,62.643798828125,10871168,0.0,0.0
2014-07-24,62.77116484999993,63.6555652600627,61.695738233799105,62.45278549194336,12962878,0.0,0.0
2014-07-25,62.353722483116755,62.54474865691148,59.459965789257,60.40803909301758,13647491,0.0,0.0
2014-07-28,60.9528337148663,62.04948924119044,60.56369561085498,61.21461868286133,11682618,0.0,0.0
2014-07-30,61.27829055430105,62.38909640777504,61.24998985795112,62.24759292602539,9315377,0.0,0.0
2014-07-31,63.20144631113048,64.19066150051285,62.26277837398976,62.645469665527344,10707462,1.357279,0.0
2014-08-01,62.00284002729777,62.529941774670434,60.522629290423936,60.72480392456055,10747599,0.0,0.0
2014-08-04,60.80423228872403,62.70324072126285,60.73925117234668,62.36387252807617,11440661,0.0,0.0
2014-08-05,62.37108710411018,64.16900814142238,61.57682956171962,63.59858322143555,13865302,0.0,0.0
2014-08-06,63.7863122809864,66.41458969503941,63.46139235813894,65.63477325439453,27894864,0.0,0.0
2014-08-07,65.76473918973927,67.5482117715308,65.41093000699777,67.0138931274414,20944699,0.0,0.0
2014-08-08,66.21241929236703,66.21241929236703,64.60223905593045,65.6781005859375,16013074,0.0,0.0
2014-08-11,68.91290293858705,70.40033055176089,67.5770955134248,69.31002807617188,34797540,0.0,0.0
2014-08-12,69.56275613687326,69.94544745185966,68.4146893800903,68.89846801757812,13230952,0.0,0.0
2014-08-13,68.89846000869619,69.81546992173813,66.73229616157379,69.52664184570312,17332709,0.0,0.0
2014-08-14,69.786601786726,70.57363526942241,68.48690034330815,70.29925537109375,15777015,0.0,0.0
2014-08-18,70.44365998424453,71.91665387250109,69.75048977244205,71.18016052246094,12679407,0.0,0.0
2014-08-19,71.48342080723462,72.4365298260246,70.76136133209646,71.7144775390625,14132984,0.0,0.0
2014-08-20,71.62783556202761,72.81200138369095,70.36424038994495,71.91665649414062,21675248,0.0,0.0
2014-08-21,72.06106620371403,72.68203120123825,70.8696762771666,71.83000946044922,17293700,0.0,0.0
2014-08-22,71.64949234774097,73.07194619703517,71.06463356401495,72.84810638427734,13959029,0.0,0.0
2014-08-25,72.92753175827028,74.48716468076294,71.09351178160755,71.86610412597656,20103296,0.0,0.0
2014-08-26,71.32456841524561,71.48341991639764,69.38946112212669,70.84078979492188,13971444,0.0,0.0
2014-08-27,70.90577835846399,71.36066770118964,68.77571334826295,69.6638412475586,12951493,0.0,0.0
2014-08-28,69.55552663137485,70.76135747903022,68.88402163515264,69.15840148925781,11892378,0.0,0.0
2014-09-01,69.4255620233133,71.31012930213299,69.27393463491993,70.62417602539062,13429079,0.0,0.0
2014-09-02,70.26315648803578,71.42566439053464,70.26315648803578,71.24514770507812,8817083,0.0,0.0
2014-09-03,71.62783341635183,72.5231782790813,71.2090430773332,71.81556701660156,13984049,0.0,0.0
2014-09-04,71.75779694338362,74.51604372426878,70.83357006415115,74.27054595947266,19464556,0.0,0.0
2014-09-05,74.66045081432092,75.65689006182795,73.23078742484509,73.60625457763672,15586534,0.0,0.0
2014-09-08,73.66402335696802,75.45472015494211,73.11526363783629,74.75432586669922,11586568,0.0,0.0
2014-09-09,74.80486562272938,74.80486562272938,72.9925108584503,73.18024444580078,8874124,0.0,0.0
2014-09-10,72.19102925682765,73.93840291188101,71.88055037952822,73.18024444580078,7235195,0.0,0.0
2014-09-11,73.44741648559543,73.65680807260057,72.09717499962841,72.5665054321289,5716670,0.0,0.0
2014-09-12,72.89865708073881,72.91310531738748,71.20183029128204,72.01053619384766,10700729,0.0,0.0
2014-09-15,71.80113751790627,72.63871833064815,71.09352614162434,71.77947235107422,6417325,0.0,0.0
2014-09-16,71.25958531400127,72.73979618588547,70.83357803301655,71.28846740722656,16559412,0.0,0.0
2014-09-17,71.26682567741167,72.20549392121269,69.91658391723959,71.45455932617188,16118995,0.0,0.0
2014-09-18,70.80469543341759,73.76511715601393,70.80469543341759,73.56294250488281,17331032,0.0,0.0
2014-09-19,74.01063234746974,74.02507339737437,70.77582998065421,71.45455932617188,16029202,0.0,0.0
2014-09-22,70.9779863385643,71.98885957067823,70.55197188237102,71.81556701660156,7833962,0.0,0.0
2014-09-23,72.1910403125731,72.20548135996549,69.79381925725943,70.06819915771484,19682406,0.0,0.0
2014-09-24,70.05374350420861,70.58806214632232,68.63852115482638,69.75770568847656,16265451,0.0,0.0
2014-09-25,70.03930528726698,70.03930528726698,67.49767418535221,68.06087493896484,16300897,0.0,0.0
2014-09-26,67.45435359161229,69.08619892224338,66.9922401353418,68.4002456665039,10924765,0.0,0.0
2014-09-29,68.59520506738716,70.03931699336881,67.93091688799696,68.884033203125,5637962,0.0,0.0
2014-09-30,68.24139082820075,69.75048360411176,67.4399092475944,67.97422790527344,4965223,0.0,0.0
2014-10-01,67.72874336000973,68.97789757323828,65.73587160025666,67.0066909790039,7856653,0.0,0.0
2014-10-07,66.35683207448481,67.7648449026688,64.91994434122772,65.30985260009766,7461357,0.0,0.0
2014-10-08,64.77552801843032,67.51211688867384,64.77552801843032,66.66009521484375,9093116,0.0,0.0
2014-10-09,67.00667646751481,68.14030205427562,66.63120931070588,67.33159637451172,5687879,0.0,0.0
2014-10-10,66.6745326943786,67.15108716442434,65.70697552156479,66.54456329345703,7274614,0.0,0.0
2014-10-13,65.9452605080645,66.71786003411523,65.49758091071388,66.587890625,6604016,0.0,0.0
2014-10-14,66.94169339169378,67.13665110163033,64.34229799220357,65.41815948486328,16332115,0.0,0.0
2014-10-15,65.41815948486328,65.41815948486328,65.41815948486328,65.41815948486328,0,0.0,0.0
2014-10-16,64.8621658548513,65.95246822873871,63.36029733698118,64.21953582763672,16602981,0.0,0.0
2014-10-17,64.4072854211654,64.50837273912818,62.688793827622284,63.678009033203125,19042171,0.0,0.0
2014-10-20,64.63833583023616,65.64920891106196,63.461387149187075,65.02824401855469,6540927,0.0,0.0
2014-10-21,65.49036794455553,66.86227453417698,65.17988185435084,66.71063995361328,11192740,0.0,0.0
2014-10-22,67.20886114684663,68.72517823363634,67.20886114684663,68.53743743896484,6596715,0.0,0.0
2014-10-27,68.86236537626644,68.87680642308631,66.64566109532885,66.9705810546875,5159078,0.0,0.0
2014-10-28,66.88392639160156,67.70707314535038,66.28461942959646,66.88392639160156,4449660,0.0,0.0
2014-10-29,67.13664196539709,68.0175456282432,66.68896961214743,67.60597229003906,4915626,0.0,0.0
2014-10-30,67.25217566516663,68.26304880131616,66.68897491788334,67.97422790527344,5407383,0.0,0.0
2014-10-31,68.49410502610573,70.4725353379614,68.45078189201054,69.93099975585938,11971419,0.0,0.0
2014-11-03,69.75048106136322,71.27401482653605,69.17283929033566,70.22703552246094,9252007,0.0,0.0
2014-11-05,70.53032241395633,71.2812641702367,68.16920724516058,69.0645523071289,5974801,0.0,0.0
2014-11-07,69.27394158672024,69.68550784352634,67.60598982977697,68.65296936035156,5065827,0.0,0.0
2014-11-10,68.66741414006059,69.25949705365463,67.22330228458154,67.67097473144531,4696974,0.0,0.0
2014-11-11,67.87314158635085,70.31368538185401,67.73595525280788,70.10429382324219,9589629,0.0,0.0
2014-11-12,70.3281261304431,70.88410995521777,67.95257064160243,69.15840148925781,24243383,0.0,0.0
2014-11-13,69.5049757663734,70.36422140162388,68.58796596028843,69.51941680908203,8612471,0.0,0.0
2014-11-14,69.74327005467055,70.97798303915947,69.02843470824519,70.76136016845703,7698969,0.0,0.0
2014-11-17,70.90576852320613,72.33543184059928,70.86966232009355,71.5267333984375,7995912,0.0,0.0
2014-11-18,72.16213367589363,72.8697447574666,70.97796819244498,71.70723724365234,8624951,0.0,0.0
2014-11-19,71.91665299453514,72.34266744275938,68.8840261667456,69.67828369140625,7637400,0.0,0.0
2014-11-20,69.82269850237748,69.92378582999854,67.91647313620366,69.25227355957031,7398614,0.0,0.0
2014-11-21,69.20172714018298,70.16206025855519,68.60963708741075,69.10785675048828,4493522,0.0,0.0
2014-11-24,70.11151273583285,70.51586200766164,68.88402387492403,69.6566162109375,6064985,0.0,0.0
2014-11-25,69.70717020931684,69.99599114571414,66.64566109532885,66.9705810546875,6258356,0.0,0.0
2014-11-26,66.45793188539385,66.8189580797861,65.05714306297479,65.51925659179688,8390980,0.0,0.0
2014-11-27,65.66365031051713,66.38570251501552,65.02102025442592,65.97413635253906,7073186,0.0,0.0
2014-11-28,66.11856089568013,67.65653601337972,66.00303251831967,66.27741241455078,5273545,0.0,0.0
2014-12-01,66.01023988663961,66.80450455412524,65.02102470468395,65.23764038085938,3592058,0.0,0.0
2014-12-02,65.25931041012502,65.85139330250013,64.19066580644247,65.59867858886719,7345826,0.0,0.0
2014-12-03,65.69254829019148,67.39659909320496,65.69254829019148,67.08611297607422,6211480,0.0,0.0
2014-12-04,67.16552714269682,67.62764056085952,65.72863963900949,66.37848663330078,5701129,0.0,0.0
2014-12-05,66.17632692534858,67.15110123053357,65.64922509488937,65.90194702148438,3584536,0.0,0.0
2014-12-08,65.99580038165226,66.3351685430012,64.8405167484234,65.41093444824219,5396553,0.0,0.0
2014-12-09,65.41094176722162,66.02468986013608,63.42529420634292,63.90907287597656,10886428,0.0,0.0
2014-12-10,63.4036300560658,64.63834305109393,63.172566137889284,64.55169677734375,6185579,0.0,0.0
2014-12-11,64.26286226744952,64.70331770917241,62.39996037943994,63.779090881347656,7822003,0.0,0.0
2014-12-12,63.97404724088425,64.84051715947474,63.69245044758752,64.1545639038086,6276670,0.0,0.0
2014-12-15,63.54081156560518,64.51558566528905,62.78987725018297,64.19065856933594,4608212,0.0,0.0
2014-12-16,63.55525096503388,64.3928315259398,62.81875771320281,63.6202392578125,7197622,0.0,0.0
2014-12-17,63.266439028127614,64.05347963987491,61.66347571224187,63.244773864746094,10603088,0.0,0.0
2014-12-18,63.97405959154661,64.97049911206925,63.490288067757504,64.36396789550781,6457188,0.0,0.0
2014-12-19,64.63111538470355,66.40737108720778,64.63111538470355,65.30262756347656,8433276,0.0,0.0
2014-12-22,65.49757086736413,66.35681653440226,65.49757086736413,65.7791748046875,5039463,0.0,0.0
2014-12-23,65.85861299615324,66.1835329187398,63.54081446161177,63.94516372680664,5658813,0.0,0.0
2014-12-24,64.03180846654674,64.5444691524603,63.32419726937881,63.77186965942383,10042919,0.0,0.0
2014-12-26,64.33507249992307,65.70697899251901,63.25199410169668,65.40371704101562,4786877,0.0,0.0
2014-12-29,65.3098520395015,66.82616911026778,65.12934255232902,66.16909790039062,5794902,0.0,0.0
2014-12-30,66.55900048822627,69.49776398317104,66.34238480915887,69.33169555664062,11288862,0.0,0.0
2014-12-31,69.46166017584943,70.55917954080178,68.67461966873672,70.22703552246094,7736809,0.0,0.0
2015-01-01,70.09707207537582,71.12961042284003,69.40390189129108,70.76136016845703,3946806,0.0,0.0
2015-01-02,70.94909681196397,71.77223635757719,70.76135604320997,71.10794830322266,6565229,0.0,0.0
2015-01-05,70.920222025018,73.15136724878957,70.86245784043074,72.28490447998047,9404837,0.0,0.0
2015-01-06,71.57006134214672,74.79042147191868,69.9237750717201,71.73612976074219,18412441,0.0,0.0
2015-01-07,72.20547451081033,73.295777079602,69.60607903857263,71.1007308959961,10863352,0.0,0.0
2015-01-08,72.10438465415154,74.22722553302584,72.03217942657676,73.90230560302734,7942903,0.0,0.0
2015-01-09,74.51605106482616,75.20200436341746,71.91665552274328,73.16580963134766,12083224,0.0,0.0
2015-01-12,73.74344034133482,75.4402738203649,73.64957714794174,74.30664825439453,12302379,0.0,0.0
2015-01-13,74.79766100037568,74.92040631051941,71.47620568597338,71.72892761230469,7711411,0.0,0.0
2015-01-14,71.98885237922853,72.01773446868943,70.18371459974757,70.95631408691406,6088603,0.0,0.0
2015-01-15,72.20547979503534,72.90587417247488,70.18372601574188,72.33544921875,8490702,0.0,0.0
2015-01-16,71.98884813644149,73.14413883496347,71.10794445980204,72.24878692626953,7528008,0.0,0.0
2015-01-19,72.49430031301007,73.93841220068882,72.22714453769055,73.11527252197266,7947209,0.0,0.0
2015-01-20,73.46185279315998,73.64958639168384,72.58816591363387,73.14414978027344,6590817,0.0,0.0
2015-01-21,73.21634988895342,73.49072974452605,72.1693705301805,73.09359741210938,6416875,0.0,0.0
2015-01-22,73.21635626967566,75.38252040115093,73.14415103823237,74.89151763916016,8134532,0.0,0.0
2015-01-23,75.81575954526532,82.9496587061432,75.71467221090413,81.4261245727539,45485926,0.0,0.0
2015-01-27,81.44056795778138,82.70416326764867,80.04700321429115,81.05787658691406,12114821,0.0,0.0
2015-01-28,80.00366110391194,83.8088871796191,79.57042976120486,80.46577453613281,13903344,0.0,0.0
2015-01-29,80.58130407377158,86.0328165197428,80.4657757140252,84.24934387207031,37824705,0.0,0.0
2015-01-30,85.6934675797662,93.28947986332872,81.46222643406585,90.58899688720703,65285063,0.0,0.0
2015-02-02,94.01152775776498,95.68668900163948,92.29303619009723,94.56028747558594,41701833,0.0,0.0
2015-02-03,94.63250628797367,94.65416426480391,91.57098988844841,92.6540756225586,11937206,0.0,0.0
2015-02-04,92.70461013687975,95.94664302714253,91.39047491325489,93.62162017822266,20534456,0.0,0.0
2015-02-05,94.15595644923332,94.22816168924962,89.44815323563874,89.94637298583984,15521514,0.0,0.0
2015-02-06,90.25683808073296,92.98620270554144,89.97523411619893,90.59619903564453,13093343,0.0,0.0
2015-02-09,88.09068706538916,91.62875070679253,87.36862753981937,87.97515869140625,9986256,0.0,0.0
2015-02-10,87.51303247564381,92.33636334907996,86.65378665437008,91.69373321533203,16479576,0.0,0.0
2015-02-11,92.42301506456087,96.29322995252717,91.98978366400716,95.52784729003906,19163587,0.0,0.0
2015-02-12,96.01161802982146,99.21032038903826,95.88886554903326,98.82762908935547,19540915,0.0,0.0
2015-02-13,99.26808575823785,99.60022980857552,96.43763361935815,97.02971649169922,11217343,0.0,0.0
2015-02-16,97.36185768558742,98.93593880526956,94.95019594180104,95.74445343017578,11523388,0.0,0.0
2015-02-18,96.09104623916636,97.47738659022968,95.52783828337101,96.14158630371094,6802972,0.0,0.0
2015-02-19,96.89252577844447,101.28261816505007,96.06216922256695,99.9684829711914,16545483,0.0,0.0
2015-02-20,100.94325783963886,102.19962885741059,98.19944468884226,99.2680892944336,13753196,0.0,0.0
2015-02-23,99.64354983488231,100.07678119136327,97.34741645735745,98.17778015136719,6944254,0.0,0.0
2015-02-24,98.13445300511988,103.21049816154468,98.13445300511988,102.84947204589844,18937816,0.0,0.0
2015-02-25,103.54266614870602,103.89647541800194,100.221210739793,100.49559783935547,13553581,0.0,0.0
2015-02-26,100.5244691960369,101.66531186360218,98.34386399770406,99.3619613647461,15476196,0.0,0.0
2015-02-27,99.96125922851805,103.0083343405067,99.34029424447846,102.72673034667969,12843035,0.0,0.0
2015-03-02,101.37649174887005,103.39824545275819,99.64355897579786,102.51734161376953,8781363,0.0,0.0
2015-03-03,103.03721774009554,105.05897141358705,102.11298358720369,104.23582458496094,10908493,0.0,0.0
2015-03-04,105.12395163154325,105.22503895494702,101.08766843622844,101.70863342285156,9656926,0.0,0.0
2015-03-05,101.84581992669848,102.09131769516398,99.64354975084723,101.00823211669922,12558461,0.0,0.0
2015-03-09,100.35116898597309,100.35116898597309,95.80221814451896,96.14158630371094,7975309,0.0,0.0
2015-03-10,96.17770214922035,98.12724346326961,92.38690940146085,93.6432876586914,9985479,0.0,0.0
2015-03-11,93.76602860081299,95.52784341307195,92.0908672533245,93.67938232421875,11566206,0.0,0.0
2015-03-12,94.44476405946617,95.26790367930066,93.80935084896159,94.69026184082031,6724218,0.0,0.0
2015-03-13,95.27513817948824,96.03329676920619,90.69008761642952,91.57099151611328,9152930,0.0,0.0
2015-03-16,91.7009522830149,93.12340611320946,89.75141104981117,92.42301177978516,10155774,0.0,0.0
2015-03-17,92.89234153124598,93.79491050471205,91.57820633887167,93.12340545654297,6650031,0.0,0.0
2015-03-18,93.1595013983099,94.01153027645573,92.3508028451182,93.01509094238281,4567788,0.0,0.0
2015-03-19,93.87434840178952,94.011541946038,88.57446244686643,89.35428619384766,8507137,0.0,0.0
2015-03-20,89.10155386447596,89.72251882952077,87.22421073546674,88.06901550292969,12267377,0.0,0.0
2015-03-23,88.41560074898932,89.22430649765901,85.64291278197797,86.10502624511719,9837934,0.0,0.0
2015-03-24,85.71513488365188,86.39386416624573,83.97498493738104,85.41187286376953,9013384,0.0,0.0
2015-03-25,85.96785546122769,88.43728191491125,85.6429282795724,87.91740417480469,8756630,0.0,0.0
2015-03-26,87.33974423332664,88.73330881922966,86.07614906634936,86.86318969726562,14607308,0.0,0.0
2015-03-27,86.6465857221116,86.6465857221116,84.24936448274501,85.96063232421875,7045197,0.0,0.0
2015-03-30,87.07981044840302,89.53479569207502,86.86319473762404,89.35428619384766,5615297,0.0,0.0
2015-03-31,89.83804001405113,91.41211374344444,88.32894019764564,88.86326599121094,8187770,0.0,0.0
2015-04-01,87.91738585698086,88.92825902990327,87.07979803981215,88.43726348876953,5663060,0.0,0.0
2015-04-06,88.81273429835973,91.70095067011185,88.47336612520147,90.83448791503906,5353082,0.0,0.0
2015-04-07,91.70095010197313,93.13062082716179,90.3362676771004,92.56019592285156,8201797,0.0,0.0
2015-04-08,92.9862119247894,93.70826422829177,91.55654117567848,93.12340545654297,9957941,0.0,0.0
2015-04-09,93.41944396564483,93.41944396564483,91.347150245892,92.42301177978516,4112808,0.0,0.0
2015-04-10,90.98612709574164,92.79848204424032,90.30017378584066,92.14141082763672,6573554,0.0,0.0
2015-04-13,92.06197823650041,95.88886235307514,91.70094492300403,95.57115936279297,10420149,0.0,0.0
2015-04-15,95.85998711405324,96.62536974260978,92.45189305927788,93.20282745361328,7813182,0.0,0.0
2015-04-16,93.17395651395142,94.59640331372266,91.41214149741607,92.53132629394531,7010657,0.0,0.0
2015-04-17,92.42300098746972,93.80934125808596,91.86701718068694,92.78402709960938,6112233,0.0,0.0
2015-04-20,92.78403928619392,93.5494147444571,91.26772222787348,92.67572784423828,8286932,0.0,0.0
2015-04-21,92.42302359542047,95.43399288945308,91.70096400633996,94.0404281616211,11180742,0.0,0.0
2015-04-22,94.71192167305381,95.98995785984302,93.22449390979722,95.3401107788086,9174702,0.0,0.0
2015-04-23,96.05495337500582,97.98283678759834,95.32567689077166,97.14525604248047,9486964,0.0,0.0
2015-04-24,97.0369304778204,97.0369304778204,94.30034881284955,95.34732818603516,7851453,0.0,0.0
2015-04-27,95.59282992101447,96.39431155856118,92.45189167114206,94.44476318359375,6648955,0.0,0.0
2015-04-28,93.18115964426855,94.83466283598784,92.4302181410115,94.43753051757812,5830498,0.0,0.0
2015-04-29,94.72635347928424,98.632674078015,94.43031565422241,97.83840942382812,7722104,0.0,0.0
2015-04-30,97.91062959960048,99.4991519623763,96.85643316554837,97.36186981201172,13112048,0.0,0.0
2015-05-04,97.91061691702679,102.93612220114225,96.89974375504069,102.1851806640625,11619476,0.0,0.0
2015-05-05,102.53178368839507,104.69794787941127,101.41259178799642,103.31881713867188,9925470,0.0,0.0
2015-05-06,102.4090271549743,102.53177964104461,97.18857101376217,98.0044937133789,9298055,0.0,0.0
2015-05-07,97.19580110102955,97.47739792349135,91.48434185289373,93.81658172607422,6735975,0.0,0.0
2015-05-08,95.34733460095414,99.49914616586805,94.87799700534909,98.79875183105469,6537756,0.0,0.0
2015-05-11,99.93237941774174,102.53178215872192,99.44138383775659,102.12020874023438,6250194,0.0,0.0
2015-05-12,102.09854779394594,102.13465400570102,96.75534600291904,97.2824478149414,6854481,0.0,0.0
2015-05-13,98.34386857973988,105.41277910451277,98.34386857973988,104.29359436035156,38481851,0.0,0.0
2015-05-14,102.96501069263371,106.98685280511566,101.86748400321318,106.49585723876953,26280844,0.0,0.0
2015-05-15,106.57528857718383,107.4850744965269,105.13117675512956,106.6763687133789,15502215,0.0,0.0
2015-05-18,106.15649427694167,112.49613537719463,106.15649427694167,111.82462310791016,17281278,0.0,0.0
2015-05-19,111.05203927821334,113.00158793207986,110.25777445586644,111.20366668701172,13493245,0.0,0.0
2015-05-20,111.91849523301566,113.4348123563231,111.48526382297831,112.70553588867188,14434024,0.0,0.0
2015-05-21,113.02323892269928,113.36260712131688,111.34085335296585,112.70553588867188,9851602,0.0,0.0
2015-05-22,113.49257080555451,115.45656028659106,112.64054188738733,114.7706069946289,13381322,0.0,0.0
2015-05-25,114.08465747481227,115.31215363661272,112.85716131301183,113.55033874511719,11963825,0.0,0.0
2015-05-26,114.05577678375441,116.09919570606034,113.36260653130236,114.59009552001953,17826044,0.0,0.0
2015-05-27,112.81383584350331,114.66229697732484,112.79939479705295,114.1568603515625,11121457,0.0,0.0
2015-05-28,113.94024628788591,114.22906722103257,103.31160000720656,106.0698471069336,38326555,0.0,0.0
2015-05-29,105.99765171276253,105.99765171276253,98.00450648735622,101.99746704101562,52597892,0.0,0.0
2015-06-01,102.38735588813202,104.22137582365241,90.58898597417806,91.41934967041016,71545880,0.0,0.0
2015-06-02,92.13419470847926,94.36534002940698,89.7514148023188,91.98978424072266,112566102,0.0,0.0
2015-06-03,294.32580380118094,294.32580380118094,54.598898723175346,56.34442138671875,89673759,0.0,0.0
2015-06-04,57.49955201991766,61.27295641482135,56.113402073061714,59.835472106933594,27138057,0.0,0.0
2015-06-05,60.06649629948657,62.14572300990619,57.6792382652825,59.16806411743164,18109318,0.0,0.0
2015-06-08,59.88680941873638,60.27185126617617,50.59447071970107,51.21053695678711,27980663,0.0,0.0
2015-06-09,51.67258716854314,53.34110308506607,50.20943026416328,51.46723175048828,24868857,0.0,0.0
2015-06-10,51.59558510434841,53.08441472133386,51.33889170607416,51.64692306518555,9294001,0.0,0.0
2015-06-11,52.211647184961045,52.46834056243057,49.54202671464854,50.26076889038086,10489218,0.0,0.0
2015-06-12,49.798715939429385,49.82438491562699,47.79649985513669,48.232879638671875,9493008,0.0,0.0
2015-06-15,48.23288010466588,53.674800151509025,47.2317720528475,51.569908142089844,23764327,0.0,0.0
2015-06-16,51.56991644498202,51.72393392254084,48.15588092855256,49.696044921875,11264023,0.0,0.0
2015-06-17,50.2607729450852,52.03196494009821,49.388013234827426,50.95384979248047,13221475,0.0,0.0
2015-06-18,51.41588829286876,52.00628550586354,50.36344233721296,51.15919494628906,7826482,0.0,0.0
2015-06-19,51.159206035723585,51.77527235750808,49.41368299362322,49.74738693237305,6430158,0.0,0.0
2015-06-22,50.029744372175955,51.00518351714445,49.54202659673584,50.23509979248047,5395954,0.0,0.0
2015-06-23,50.31211035114697,52.05763334650441,50.029747975673615,51.518577575683594,8146500,0.0,0.0
2015-06-24,51.36455815066072,51.77526900525844,49.59336624242495,49.875728607177734,5616487,0.0,0.0
2015-06-25,48.5152473449707,49.028634075934065,47.257442306525476,48.5152473449707,14788371,0.0,0.0
2015-06-26,48.61792649732184,49.90139700445163,48.13020871095725,48.43824005126953,8700138,0.0,0.0
2015-06-29,47.69382398813652,47.69382398813652,46.30767400929506,46.8980712890625,5251014,0.0,0.0
2015-06-30,46.59003854061763,48.2072128677492,46.07664821091625,46.64137649536133,10729342,0.0,0.0
2015-07-01,46.87240324642152,47.745166491459855,46.744054759010154,47.05208969116211,8195635,0.0,0.0
2015-07-02,47.48846458267229,47.745161530824674,46.41034962033124,46.872398376464844,9383950,0.0,0.0
2015-07-03,47.026426387783545,47.92485512582318,46.4616980067441,46.71839141845703,8627185,0.0,0.0
2015-07-06,46.20499266962793,47.02641425037327,46.02530624957891,46.59003448486328,8015491,0.0,0.0
2015-07-07,46.92373479443205,48.00185331561524,46.230661682889554,47.25743865966797,8715245,0.0,0.0
2015-07-08,46.87240432769781,46.94941485955646,45.794289228472074,45.92263412475586,8641503,0.0,0.0
2015-07-09,46.20500638055742,46.615717292804945,45.383584556062374,45.66594696044922,6958615,0.0,0.0
2015-07-10,45.89695430220542,46.410344548315734,45.33222610971034,45.9996337890625,9393005,0.0,0.0
2015-07-13,46.20499220683469,46.82105838622312,45.69160192696711,46.538692474365234,7490181,0.0,0.0
2015-07-14,46.76972080844654,47.308780108906554,45.56326091632988,45.8969612121582,7973389,0.0,0.0
2015-07-15,45.94829438453406,46.307667214108264,45.48624565741734,45.74293899536133,6202960,0.0,0.0
2015-07-16,46.07665029512589,46.564371669516774,45.10121114043239,45.69160842895508,6807914,0.0,0.0
2015-07-17,45.948296767436226,46.076645240108284,45.28089261653486,45.48624801635742,3031881,0.0,0.0
2015-07-20,45.6659403270403,45.7429472641174,44.87018760089021,45.15255355834961,3264000,0.0,0.0
2015-07-21,45.1782164099591,45.255223336591925,43.201669352171194,43.484031677246094,5711592,0.0,0.0
2015-07-22,43.3043494114719,43.81773975390537,43.02198705929082,43.56104278564453,3952747,0.0,0.0
2015-07-23,43.869080838216426,43.869080838216426,42.7652931406133,43.40703201293945,3068660,0.0,0.0
2015-07-24,43.381350415887646,44.793172766081746,43.304343492388064,43.81773376464844,5275442,0.0,0.0
2015-07-27,43.63805367748279,43.66372265570518,41.430482015386254,41.61016845703125,6322345,0.0,0.0
2015-07-28,41.892528661926335,41.969535592642046,40.96842752289753,41.25079345703125,4621143,0.0,0.0
2015-07-29,41.48181430516269,42.251897922989365,41.122441470965214,41.96953201293945,3638918,0.0,0.0
2015-07-30,42.123554741737706,46.41035312720009,41.78985443446516,45.51192092895508,12972903,0.0,0.0
2015-07-31,46.484327203675555,46.880500657001974,45.63915815604416,46.03532791137695,6479144,1.357279,0.0
2015-08-03,46.378673254107696,46.378673254107696,44.42422100752525,44.79397964477539,4156120,0.0,0.0
2015-08-04,45.110925812899886,50.6045283400581,44.635515448419255,49.891414642333984,19284731,0.0,0.0
2015-08-05,50.762996752673075,54.43420200405271,50.181942125419724,52.242042541503906,33057721,0.0,0.0
2015-08-06,51.502519569267506,51.71381183208113,49.44241908233629,50.26117706298828,10882998,0.0,0.0
2015-08-07,49.83858640090097,49.83858640090097,47.382312761377854,47.699249267578125,10726140,0.0,0.0
2015-08-10,48.33313555838685,50.52529139521572,47.69925507285302,48.20107650756836,11261468,0.0,0.0
2015-08-11,48.940605111336964,50.65735441656827,47.75208465479501,48.834957122802734,17005676,0.0,0.0
2015-08-12,49.12548237157674,49.31035986517124,46.22020914518718,46.61638259887695,8282185,0.0,0.0
2015-08-13,47.35591325669072,48.201082410243195,44.793991024239936,45.4278678894043,11534758,0.0,0.0
2015-08-14,45.85044676665596,47.646432843698655,45.216569980286835,46.827674865722656,8585856,0.0,0.0
2015-08-17,47.17102620665257,47.85772513446505,46.48432727884009,46.77485275268555,8447000,0.0,0.0
2015-08-18,47.03896520979353,47.75207887662704,45.427860390051826,45.639156341552734,8124520,0.0,0.0
2015-08-19,45.639160104019076,46.22021107557091,45.03169066486311,45.32221984863281,6206812,0.0,0.0
2015-08-20,45.74480832794281,46.906917767061934,43.42059314769867,43.948822021484375,12799958,0.0,0.0
2015-08-21,43.63188546906658,43.94882205397348,42.57542402272007,43.367767333984375,6279851,0.0,0.0
2015-08-24,42.25847785255565,42.33771106324543,37.00257872896692,37.68927764892578,10248837,0.0,0.0
2015-08-25,40.145551402418334,40.19837353781011,35.54994056948927,38.32315444946289,13239669,0.0,0.0
2015-08-26,38.42880824472276,39.03627404626666,36.81770313201961,38.03263473510742,7753423,0.0,0.0
2015-08-27,38.56086343023277,43.182882312908575,38.56086343023277,42.15283203125,19986363,0.0,0.0
2015-08-28,42.892356823818616,43.71111483475856,39.8022059791092,40.72660827636719,10542721,0.0,0.0
2015-08-31,40.88507644335852,41.30766096435491,39.564500739743224,39.696556091308594,6080032,0.0,0.0
2015-09-01,39.08909619475027,39.4060364816402,37.16105449315134,38.03263473510742,6376473,0.0,0.0
2015-09-02,38.66650576557427,38.9834460045515,37.266693156413105,37.63645553588867,5904936,0.0,0.0
2015-09-03,38.03263473081147,39.82862106099853,38.03263473081147,38.56086730957031,6226743,0.0,0.0
2015-09-04,38.42880847679963,38.42880847679963,35.91971203274582,36.659236907958984,6305827,0.0,0.0
2015-09-07,36.84411052790837,37.293106141181575,35.39147570367482,35.54994583129883,6581132,0.0,0.0
2015-09-08,35.91970824785827,36.44793707621278,34.78400998030663,36.13100051879883,5289929,0.0,0.0
2015-09-09,36.844112399651884,38.428806360409546,36.447938909462465,37.21387481689453,6264546,0.0,0.0
2015-09-10,36.84410673603606,37.13463588977875,35.54994217261761,36.71205139160156,5148802,0.0,0.0
2015-09-11,37.10823256876947,37.847753745988456,36.36870769355631,36.659236907958984,5485829,0.0,0.0
2015-09-14,37.45157623260742,41.941539756987346,36.97616954818868,40.72660827636719,16092993,0.0,0.0
2015-09-15,39.775793002495796,40.700195255480175,38.349569319553765,38.79856491088867,7953935,0.0,0.0
2015-09-16,39.40603064109848,40.91148753570986,38.191099218081014,39.43244171142578,10028024,0.0,0.0
2015-09-18,39.80220422631608,41.783071487484534,39.80220422631608,41.17560577392578,16642761,0.0,0.0
2015-09-21,40.56814010216472,43.816757236637,40.19837771996649,42.865943908691406,10205902,0.0,0.0
2015-09-22,43.15646734073843,44.371398711654784,40.96431161764481,41.413307189941406,7453139,0.0,0.0
2015-09-23,40.171968434335305,42.786708900350405,40.145557362718236,42.258480072021484,7308058,0.0,0.0
2015-09-24,42.25848009803633,42.91876798285086,41.46613315706139,42.41695022583008,6136409,0.0,0.0
2015-09-28,42.78670698867517,43.737524014376795,42.07359699289417,42.443359375,5042820,0.0,0.0
2015-09-29,41.492542360993674,43.31493950360584,40.568140103462156,41.75666046142578,7114293,0.0,0.0
2015-09-30,42.2584781617022,42.99800292552458,41.545364468302964,42.70747375488281,4967654,0.0,0.0
2015-10-01,43.156469314312204,43.68470181634274,41.967948958238715,42.54900360107422,5458967,0.0,0.0
2015-10-05,42.94517716327592,43.843172049232294,42.813121810924706,43.446998596191406,5424113,0.0,0.0
2015-10-06,43.84317586442254,45.71839531293217,43.65829465704904,44.45064163208008,8280258,0.0,0.0
2015-10-07,44.66193000060772,45.639158097423945,44.47704880942661,44.820396423339844,5196692,0.0,0.0
2015-10-08,45.058107399737615,45.11092954527463,43.42059130413852,44.45064163208008,3677139,0.0,0.0
2015-10-09,44.89963335037296,45.55992120599759,43.52623180019857,44.34498977661133,4981978,0.0,0.0
2015-10-12,44.6091098902187,46.3786851199115,44.239347460373146,45.48069381713867,5669432,0.0,0.0
2015-10-13,45.42786219943118,45.63915815934795,44.47704886977385,44.92604446411133,3209653,0.0,0.0
2015-10-14,44.873216544037895,46.16738101939627,44.397806242442314,44.79397964477539,3471935,0.0,0.0
2015-10-15,45.13734029966381,52.08357812057996,45.13734029966381,51.10634994506836,46389867,0.0,0.0
2015-10-16,51.76663211237467,53.87955836254886,50.076294070630134,50.762996673583984,29536061,0.0,0.0
2015-10-19,50.44605830026473,50.6837616338932,49.125482580998295,49.52165603637695,6970459,0.0,0.0
2015-10-20,49.65371320686778,51.87228389859077,49.574479992089515,50.710174560546875,8720857,0.0,0.0
2015-10-21,50.7101706452376,51.132755154081686,48.22748573128026,49.4952392578125,5527554,0.0,0.0
2015-10-23,49.91782940670539,50.94787595134253,49.495241183427,49.68012237548828,5240377,0.0,0.0
2015-10-26,49.759363180138145,50.07629974991309,48.12184339399087,48.41237258911133,3787304,0.0,0.0
2015-10-27,48.174663504561174,48.88777347519111,47.93696018101786,48.491600036621094,5276126,0.0,0.0
2015-10-28,48.28031538534252,49.1254882325775,47.54079422875376,48.12184524536133,6442492,0.0,0.0
2015-10-29,48.22748378529762,48.80853838601101,47.77848822501698,48.148250579833984,5365170,0.0,0.0
2015-10-30,48.22748572021264,49.865001616106035,48.06901560493411,48.80854034423828,8062369,0.0,0.0
2015-11-02,48.86136634445027,48.99342540061685,46.27303694833799,46.695621490478516,9626089,0.0,0.0
2015-11-03,47.11820603261904,47.567201646394125,46.061744677267725,46.695621490478516,6570152,0.0,0.0
2015-11-04,47.01255397664588,47.32949420480011,44.82039454289397,45.00527572631836,5166112,0.0,0.0
2015-11-05,44.92604836718039,45.00528158553756,42.78671079360355,43.077239990234375,4818884,0.0,0.0
2015-11-06,43.26211736271687,43.52623176515536,41.2020168881107,41.75666046142578,6193549,0.0,0.0
2015-11-09,39.987092622844905,42.416955914938,39.67015232474829,41.96795654296875,7812735,0.0,0.0
2015-11-10,41.88871762169422,42.07359882077929,40.145557313168965,40.30402374267578,4699200,0.0,0.0
2015-11-13,40.885072564884325,40.885072564884325,39.24755677686434,39.85502243041992,4378881,0.0,0.0
2015-11-16,39.77579490752969,41.33407401667726,39.48526572416752,40.72660827636719,4831517,0.0,0.0
2015-11-17,40.99072824925086,43.26212118614833,40.8850802601423,42.33771514892578,9313041,0.0,0.0
2015-11-18,42.33771136221681,42.443359341876146,40.911487673774246,41.17560577392578,3872022,0.0,0.0
2015-11-19,41.413309105667274,41.86230469873382,40.43608101029126,41.17560577392578,3884973,0.0,0.0
2015-11-20,41.36048880504399,42.15283204677067,40.7794341360494,41.30766296386719,4890165,0.0,0.0
2015-11-23,41.46613501396863,42.78671084273478,41.46613501396863,41.862308502197266,5297543,0.0,0.0
2015-11-24,42.10000994841505,42.918767960598814,41.67742540651334,42.04718780517578,7182239,0.0,0.0
2015-11-26,42.25848379744413,44.239347625297206,41.99436935999587,43.63188552856445,7493473,0.0,0.0
2015-11-27,43.843172049232294,44.31857871368391,43.15646942503149,43.446998596191406,3772617,0.0,0.0
2015-11-30,43.44699665053595,44.080873407416206,43.1036453538116,43.52622985839844,2773913,0.0,0.0
2015-12-01,43.71111491098779,43.737525982613356,42.70747569924721,43.05082702636719,2357904,0.0,0.0
2015-12-02,43.20929707846302,44.714754044441214,42.60183133815712,44.00164031982422,6203687,0.0,0.0
2015-12-03,43.84316803122417,43.86957909927396,42.54899981083097,42.760292053222656,4221337,0.0,0.0
2015-12-04,42.36412043697632,43.68469978154432,41.41330715480055,41.73024368286133,4636317,0.0,0.0
2015-12-07,41.96795086617672,42.654653519834504,41.73024752375433,41.88871765136719,2366502,0.0,0.0
2015-12-08,41.677427340251036,42.1000119017597,40.03991123990648,40.27761459350586,3861641,0.0,0.0
2015-12-09,39.987087253940444,40.726608353549565,39.062681256936806,39.775794982910156,5907154,0.0,0.0
2015-12-10,39.9870814674514,40.40966594836022,39.61731912215787,39.85502243041992,3362000,0.0,0.0
2015-12-11,40.119144520861035,40.40967371859649,38.03263278291647,38.48162841796875,5117674,0.0,0.0
2015-12-14,38.45522102605948,40.356851737833345,38.29675457357407,39.643741607666016,5144866,0.0,0.0
2015-12-15,41.94153400339389,42.52258859241464,40.885072795171276,41.49253845214844,13412010,0.0,0.0
2015-12-16,41.70383454436746,41.91512680552089,40.77943228856877,41.01713562011719,4200454,0.0,0.0
2015-12-17,41.38689803506239,42.733884814255916,40.488903150939755,42.284889221191406,5904341,0.0,0.0
2015-12-18,41.809476889796,43.20928931804976,41.51894775861503,42.31129455566406,5630842,0.0,0.0
2015-12-21,42.49618155923926,43.57905393823111,42.04718596536412,43.0244140625,4289882,0.0,0.0
2015-12-22,42.94517517089844,44.0808733363916,42.70747184970052,42.94517517089844,5794288,0.0,0.0
2015-12-23,43.314939518061784,44.00163844382848,43.024414045081855,43.499820709228516,4970710,0.0,0.0
2015-12-24,43.57905770892473,44.84681508684495,43.103651003450864,44.50346374511719,5838327,0.0,0.0
2015-12-28,44.371402740478516,45.084516465458016,43.7111148566783,44.371402740478516,3912777,0.0,0.0
2015-12-29,44.5034580218748,44.767572413395264,43.895992332782306,44.26575469970703,4291684,0.0,0.0
2015-12-30,44.265754685609096,45.005275721229566,43.84317018011355,44.05446243286133,5667355,0.0,0.0
2015-12-31,44.16010671023848,44.39781003233054,43.4469967439623,44.05446243286133,4286718,0.0,0.0
2016-01-01,44.16010695641432,47.910549086086384,43.49981912514586,47.59360885620117,10963906,0.0,0.0
2016-01-04,47.276668395096124,48.62365881853021,44.503458038134376,44.95245361328125,9408965,0.0,0.0
2016-01-05,45.24298291848601,47.32949438479018,44.47704711252839,46.80126190185547,9801814,0.0,0.0
2016-01-06,46.484323330010774,46.98614102347647,45.058099756485475,45.55991744995117,7093448,0.0,0.0
2016-01-07,44.84681925676562,44.84681925676562,41.202024314583944,42.23207473754883,8919023,0.0,0.0
2016-01-08,43.314945220947266,43.84317779354174,42.60183513083854,43.314945220947266,6409374,0.0,0.0
2016-01-11,42.7867070150149,44.31857868525534,41.67742356600814,43.499820709228516,7610929,0.0,0.0
2016-01-12,43.49981872978517,44.23933976280683,41.99436189649691,42.681060791015625,7187524,0.0,0.0
2016-01-13,43.20929518690332,45.216569821004484,40.779432332051066,42.70747375488281,14813664,0.0,0.0
2016-01-14,41.70383256658075,42.78670489138815,40.85866356204878,41.09636688232422,8517248,0.0,0.0
2016-01-15,41.41331092558147,42.15283202372074,39.03627010771991,39.300384521484375,6162841,0.0,0.0
2016-01-18,38.983447976455764,39.247562390300786,36.02535248901512,37.02899169921875,6988884,0.0,0.0
2016-01-19,37.79493142437473,38.87780395984774,36.92335118114021,38.2967529296875,5936602,0.0,0.0
2016-01-20,37.26669117242979,37.82133471211534,35.62917532020965,36.342288970947266,5302168,0.0,0.0
2016-01-21,37.18745800253153,38.0062159294481,35.919704508852966,36.76487350463867,6301101,0.0,0.0
2016-01-22,37.319519119818956,39.35320851574805,37.319519119818956,38.957035064697266,6412547,0.0,0.0
2016-01-25,39.32679938183307,39.82861713894328,38.40239338453296,39.14191818237305,3702771,0.0,0.0
2016-01-27,39.51167495971466,39.72296722052617,38.4552136556571,38.69292068481445,3456780,0.0,0.0
2016-01-28,38.904209109832514,39.06267922937825,37.79492566899959,38.05904006958008,3743917,0.0,0.0
2016-01-29,38.05904385580261,38.74574654281806,37.081819367039635,38.48162841796875,4584955,0.0,0.0
2016-02-01,38.85139086101886,41.36049086084504,38.77215764230608,39.37962341308594,14301204,0.0,0.0
2016-02-02,39.19473827866529,39.48526374950447,37.61004447919517,38.05904006958008,4281060,0.0,0.0
2016-02-03,39.16832723672713,39.35320842666523,37.61004450638899,38.00621795654297,9088526,0.0,0.0
2016-02-04,38.40239144105792,38.877798102470635,37.583633469739574,38.16468811035156,4395526,0.0,0.0
2016-02-05,38.19109737537306,39.458850877876436,37.926982986849886,38.93062210083008,4563542,0.0,0.0
2016-02-08,39.32679178632572,42.100001846625574,38.719326161994424,39.881431579589844,12827236,0.0,0.0
2016-02-09,39.32679176992758,40.14554962420693,38.2967416854469,39.61731719970703,7145205,0.0,0.0
2016-02-10,39.08909033468119,39.353208433492064,37.92698475228903,38.21751022338867,5444984,0.0,0.0
2016-02-11,38.29674910605271,38.40239339262711,35.153772412563654,35.866886138916016,6162865,0.0,0.0
2016-02-12,36.39511082252987,36.39511082252987,32.48620240260281,33.91242599487305,8247087,0.0,0.0
2016-02-15,34.75759697557882,36.130998509305044,34.070898057712505,34.519893646240234,8626379,0.0,0.0
2016-02-16,35.0745411536504,35.23300759234927,33.09367368997457,33.30496597290039,7678551,0.0,0.0
2016-02-17,33.357788119133346,33.701139465635556,31.95797535800203,33.30496597290039,6460857,0.0,0.0
2016-02-18,33.80678184150547,34.15013316854218,32.35414701649491,33.0672607421875,5831539,0.0,0.0
2016-02-19,33.06726264986937,33.569080435571415,32.6710891567387,33.25214385986328,4855147,0.0,0.0
2016-02-22,33.701137528300585,33.80678181469346,32.61826510280472,32.908790588378906,4339569,0.0,0.0
2016-02-23,33.17290102266972,33.1993157890928,31.825914344793137,32.16926193237305,5223434,0.0,0.0
2016-02-24,32.06362151698501,33.1729050144847,31.482566847630395,32.2749137878418,6110278,0.0,0.0
2016-02-25,32.61826124099993,32.750316583356465,31.614622149123516,31.799503326416016,5504340,0.0,0.0
2016-02-26,32.24850266342303,32.53902814862767,31.244863453998423,31.95797348022461,4739308,0.0,0.0
2016-02-29,32.06362349691653,32.380563771769694,30.74304579801737,31.033573150634766,8277215,0.0,0.0
2016-03-01,31.165628427178444,32.43338197652952,30.954334319956484,32.090030670166016,6846633,0.0,0.0
2016-03-02,32.750326096697094,33.833202406535534,32.27491933013033,32.98802947998047,9313684,0.0,0.0
2016-03-03,33.27854919836271,33.542663582272304,32.40696914286571,33.014434814453125,7706783,0.0,0.0
2016-03-04,33.27854914620923,34.15012920034031,33.014434762713556,33.384193420410156,9013442,0.0,0.0
2016-03-08,33.54266934693816,34.07090190353311,32.88238142468998,33.83319854736328,11091171,0.0,0.0
2016-03-09,33.54266744586169,35.312242527267976,33.331375174797785,35.07453918457031,7364105,0.0,0.0
2016-03-10,35.41788682681669,35.655590169601695,34.282192256178604,34.4406623840332,5795786,0.0,0.0
2016-03-11,34.44066420876074,35.28583333810545,34.22937192642456,34.57271957397461,4388832,0.0,0.0
2016-03-14,34.889656032011125,35.20659257186792,34.150131275689304,34.73118591308594,9639983,0.0,0.0
2016-03-15,35.021713283120505,35.866886063917384,34.86324685359026,35.18018341064453,13157445,0.0,0.0
2016-03-16,35.8668821802606,36.078170730089326,34.493480720420244,34.91606521606445,6623525,0.0,0.0
2016-03-17,35.39147758610337,36.500764840479256,35.02171516797807,35.576358795166016,6197000,0.0,0.0
2016-03-18,35.682008611630614,36.6856479273459,35.549949541827964,36.395118713378906,4953618,0.0,0.0
2016-03-21,35.97253411802948,36.712058991936814,35.81406397390731,36.23664855957031,4441860,0.0,0.0
2016-03-22,36.74996019439578,36.856711959250056,35.94930701094801,36.563140869140625,3518755,0.387794,0.0
2016-03-23,36.58982743416756,38.59146031750321,36.4296960561487,38.00431442260742,9235585,0.0,0.0
2016-03-28,38.1377519919765,38.27119540925197,36.32293870612359,36.50975799560547,4467554,0.0,0.0
2016-03-29,36.48307851541789,36.83002550193309,35.78917706886682,36.109439849853516,2954449,0.0,0.0
2016-03-30,36.32294756566462,38.96510246220344,36.29625962305195,38.698219299316406,7701201,0.0,0.0
2016-03-31,38.85834272746968,39.97925861581591,38.69821508921448,39.392112731933594,9873493,0.0,0.0
2016-04-01,39.258674061160946,41.473814430219335,38.85834744341834,40.61978530883789,7591623,0.0,0.0
2016-04-04,42.38121469357053,43.68894990897035,42.27446293372728,42.99504852294922,12870242,0.0,0.0
2016-04-05,43.39537867909447,43.39537867909447,39.498868124635855,39.73906707763672,15609107,0.0,0.0
2016-04-06,39.872504066206886,40.753221044545654,39.739064364494986,40.29951858520508,8288100,0.0,0.0
2016-04-07,40.83329060364764,41.206929260273796,40.00594946544411,40.459651947021484,8449410,0.0,0.0
2016-04-08,40.08600969355099,42.114330444586685,40.08600969355099,41.76737976074219,5535709,0.0,0.0
2016-04-11,41.794076514357656,42.91498878307912,40.85997984312281,42.64810562133789,9178024,0.0,0.0
2016-04-12,42.701474639828575,43.34199636706623,41.900821546591565,42.247772216796875,5169116,0.0,0.0
2016-04-13,42.941672643027594,43.555506472406286,42.08764361724159,42.99504852294922,8758910,0.0,0.0
2016-04-18,43.368683877486795,44.72979486991574,43.341995939543445,44.27608871459961,6639271,0.0,0.0
2016-04-20,44.48960728791304,45.37032433745795,44.32947589615205,44.94330978393555,9906061,0.0,0.0
2016-04-21,45.370315056924824,45.370315056924824,43.849072751507244,44.40953063964844,7968200,0.0,0.0
2016-04-22,44.03589526089868,44.489601433983005,43.582192824574214,43.79570007324219,2894785,0.0,0.0
2016-04-25,43.79570276160834,44.54298004619723,43.12849303565974,44.22271728515625,4414513,0.0,0.0
2016-04-26,43.76901758149644,45.15681673893579,43.76901758149644,44.96999740600586,7920306,0.0,0.0
2016-04-27,44.943304082020845,46.3310993365202,44.67641721735876,45.77064514160156,6246060,0.0,0.0
2016-04-28,46.01084055027429,46.14428398324306,44.56966567389925,44.75648498535156,15756725,0.0,0.0
2016-04-29,44.83655029538449,47.39864112574819,44.40953577978387,46.27772521972656,6954309,0.0,0.0
2016-05-02,46.06421961378701,47.31857526543995,45.10343505085193,46.46454620361328,8407771,0.0,0.0
2016-05-03,46.437853866425435,47.13175147928083,45.58382488544655,45.8507080078125,3210334,0.0,0.0
2016-05-04,45.957462889189806,46.064214642016196,41.900821546591565,42.247772216796875,20822656,0.0,0.0
2016-05-05,41.90082415021064,43.12849180455714,40.83328787181368,41.68731689453125,9217609,0.0,0.0
2016-05-06,41.58055825445147,41.79406923074752,40.56640166922361,40.96672821044922,4208863,0.0,0.0
2016-05-09,41.233614920932894,41.847448755216426,40.96673178243224,41.31367874145508,3602403,0.0,0.0
2016-05-10,41.367052839048156,41.52718420995154,39.87250209638961,40.13938522338867,4712978,0.0,0.0
2016-05-11,39.472177263932906,40.91335219157727,38.99178686697146,39.65899658203125,6481488,0.0,0.0
2016-05-12,39.872506651148676,40.619783976221676,39.765754882858424,40.40627670288086,2523613,0.0,0.0
2016-05-13,40.19276089276876,41.07347774114406,37.55060661088333,39.151912689208984,6561921,0.0,0.0
2016-05-16,39.445489385176806,40.88666431506576,39.12523036562373,40.64646911621094,5208855,0.0,0.0
2016-05-17,40.726536588914755,40.726536588914755,39.73906776471502,40.005950927734375,2650065,0.0,0.0
2016-05-18,39.49886880756118,40.833292096178724,39.205297701915924,40.005950927734375,4061224,0.0,0.0
2016-05-19,40.00594938546234,40.00594938546234,37.8975646316931,38.16444778442383,4148628,0.0,0.0
2016-05-20,38.59145917162078,38.67152298987288,36.56313840830152,36.77664566040039,5822513,0.0,0.0
2016-05-23,37.09691110687549,38.11107156234663,36.963467663316585,37.20366287231445,4193119,0.0,0.0
2016-05-24,37.15028178854,37.977622801904666,36.83001906353962,37.6573600769043,3990547,0.0,0.0
2016-05-25,37.950931549072266,38.217814638752515,37.52391711088013,37.950931549072266,2631012,0.0,0.0
2016-05-26,38.16444332099129,39.92587715447407,37.97762401490072,39.552242279052734,3692219,0.0,0.0
2016-05-27,39.605615081598714,40.566399475946014,38.75158616962757,39.151912689208984,3452128,0.0,0.0
2016-05-30,39.44549474916551,40.16608418047924,38.83166083005997,39.845821380615234,2433947,0.0,0.0
2016-05-31,40.219455864763844,40.219455864763844,38.37795429990731,38.885032653808594,6312199,0.0,0.0
2016-06-01,38.96509753042265,41.26030140897397,38.75159027978439,40.11269760131836,9021732,0.0,0.0
2016-06-02,40.619781022244666,40.779908663035144,39.605620613438134,40.32620620727539,5390009,0.0,0.0
2016-06-03,40.56639972017392,40.940034568841114,38.13775265165974,38.458011627197266,5454098,0.0,0.0
2016-06-06,38.45802154235013,38.91172405444382,37.41717306417498,38.59146499633789,5051899,0.0,0.0
2016-06-07,38.91171327444755,39.17860010848546,38.324571207786846,38.85833740234375,4197626,0.0,0.0
2016-06-08,38.96509535808803,40.299514665992284,38.8049639948468,39.97925567626953,4976982,0.0,0.0
2016-06-09,40.08600861837022,40.43295929290886,39.41879894459267,39.872501373291016,3803414,0.0,0.0
2016-06-10,39.79244549289142,40.51303118744459,39.44549474916551,39.845821380615234,2797763,0.0,0.0
2016-06-13,39.0718446275184,39.685678366990466,38.45801088804634,38.85833740234375,4466319,0.0,0.0
2016-06-14,39.12522908608349,42.56803305167682,38.858342218964076,42.087642669677734,11896589,0.0,0.0
2016-06-15,42.22109106784777,42.91498878307912,41.68732100760495,42.64810562133789,8418476,0.0,0.0
2016-06-16,42.1677073650206,42.59472187718344,40.99341932495278,42.00757598876953,4883954,0.0,0.0
2016-06-17,42.32783817998017,43.34199856710857,41.84744779435723,42.06095504760742,5533237,0.0,0.0
2016-06-20,41.633938524592764,43.12848922495646,41.31367579184923,42.568031311035156,3617653,0.0,0.0
2016-06-21,42.67478587903715,43.075112417939096,41.68731350062838,41.98088455200195,3180115,0.0,0.0
2016-06-22,42.32783760714699,42.48796897910753,41.046794104982524,41.447120666503906,4106076,0.0,0.0
2016-06-23,41.60725260154575,42.32783817998017,40.69984397266248,42.06095504760742,5537212,0.0,0.0
2016-06-24,40.03263586132944,40.48633832538817,38.59146091053342,39.605621337890625,5617427,0.0,0.0
2016-06-27,39.819127871252135,40.619781022244666,39.01847472025961,40.32620620727539,3331651,0.0,0.0
2016-06-28,40.4062754956503,44.03589903400076,40.24614411123891,43.47544479370117,14977945,0.0,0.0
2016-06-29,43.90245927357402,44.75648834036974,43.12849403050532,44.462913513183594,8713634,0.0,0.0
2016-06-30,44.62303905489268,46.8381789923404,44.43621975389639,46.30440902709961,9513478,0.0,0.0
2016-07-01,46.46454185542737,46.57129734654553,45.05005495286061,45.18349838256836,4926955,0.0,0.0
2016-07-04,45.37032078492194,46.357793263907666,45.23687734610979,45.90408706665039,4389525,0.0,0.0
2016-07-05,45.69057700955074,46.14428317903332,44.91661557474835,45.15681076049805,4880851,0.0,0.0
2016-07-07,45.13012481181613,45.583827264545704,44.516290982605526,44.64973068237305,3419333,0.0,0.0
2016-07-08,44.67641765427422,44.8365490272855,43.04842719506588,43.74232482910156,4342598,0.0,0.0
2016-07-11,44.3027834109928,44.99668105512667,43.822389284967834,44.67641830444336,4478982,0.0,0.0
2016-07-12,44.99667187709716,45.29024289137682,44.38283817745858,44.809852600097656,4933490,0.0,0.0
2016-07-13,45.05005375729422,45.61051166308118,43.555503078622024,43.95582962036133,5360149,0.0,0.0
2016-07-14,43.98252002023853,44.40953452376202,43.58219345609027,43.74232482910156,3366956,0.0,0.0
2016-07-15,43.95583085955543,44.64972847431124,42.70147532321232,43.18186569213867,4422082,0.0,0.0
2016-07-18,43.502127235085666,44.88992616326064,42.75485002681613,43.28861999511719,6300888,0.0,0.0
2016-07-19,43.12848619824541,43.76900788202158,42.43458864167777,42.83491516113281,4267228,0.0,0.0
2016-07-20,43.04842488540686,44.64972731932597,42.83491764510033,44.27608871459961,7248467,0.0,0.0
2016-07-21,44.40953207076178,45.1034296664694,42.96835726678461,43.28861999511719,5338705,0.0,0.0
2016-07-22,42.91498211451049,43.875766578946916,42.91498211451049,43.555503845214844,4153765,0.0,0.0
2016-07-25,43.50212874837122,43.662260118107916,42.7014756364476,43.15517807006836,6642295,0.0,0.0
2016-07-26,43.341999985409785,45.50376052821332,43.28862410454058,44.24940490722656,14027560,0.0,0.0
2016-07-27,44.35616072505001,44.94330662911841,43.875770320248634,44.22271728515625,9301461,0.0,0.0
2016-07-28,44.356164184537775,44.83655462680643,42.59472633495205,43.92914962768555,52012681,0.0,0.0
2016-07-29,43.075119338464276,43.82239292418244,42.75485656118486,43.048431396484375,7206920,0.0,0.0
2016-08-01,43.28862144056246,43.635568381621276,39.89918968903205,41.50049591064453,8520575,0.0,0.0
2016-08-02,41.36705596441048,42.16770914265845,41.20692831816902,41.52718734741211,5121353,0.0,0.0
2016-08-03,41.36705316591315,41.74069178872009,39.95256622914968,40.11269760131836,6990512,0.0,0.0
2016-08-04,40.43296319084327,41.20692843015434,39.632310010419424,40.85997772216797,4363036,0.0,0.0
2016-08-05,41.15354831610883,41.447123138338085,40.29951926373305,41.23361587524414,6216275,0.0,0.0
2016-08-08,41.47380971694598,42.27446286144131,41.10017108461349,42.00757598876953,4328727,0.0,0.0
2016-08-09,41.92751136663777,42.3278379312242,40.993418540442725,41.420433044433594,4575831,0.0,0.0
2016-08-10,41.52718961585607,43.44875884332195,40.833291900624715,42.64810562133789,22730605,0.0,0.0
2016-08-11,42.70147947633152,42.834922919238494,39.81912950891824,40.51302719116211,10262382,0.0,0.0
2016-08-12,40.61978449315409,40.753224205215076,39.76575538892236,40.03263854980469,4789062,0.0,0.0
2016-08-16,40.139389489420736,40.45965226526518,39.231984519128616,39.445491790771484,6591779,0.0,0.0
2016-08-17,39.498872159679294,40.32621339833693,39.41880832500689,39.712379455566406,5498363,0.0,0.0
2016-08-18,39.872504869178755,40.45965077881552,39.712373487139615,39.899192810058594,4474693,0.0,0.0
2016-08-19,39.979250883780395,41.82075199840639,39.899183343377985,41.0734748840332,13148637,0.0,0.0
2016-08-22,41.07348698768215,41.07348698768215,39.79244333133455,40.03263854980469,5673853,0.0,0.0
2016-08-23,39.97926229387726,40.24614545228228,39.33874047164904,39.73906707763672,4062899,0.0,0.0
2016-08-24,39.605617309967755,40.21945109207868,39.5522414341563,39.95256423950195,4865911,0.0,0.0
2016-08-25,40.03263799293768,40.2194573239847,38.965101627497795,39.09854507446289,6835484,0.0,0.0
2016-08-26,39.15191947246619,39.49886644259,38.271202471502455,38.56477355957031,4364418,0.0,0.0
2016-08-29,37.684049802166165,39.632306708692965,37.65736186327673,38.8316535949707,10825980,0.0,0.0
2016-08-30,38.96509339762036,39.44548372641425,38.83164997884005,39.151912689208984,4425550,0.0,0.0
2016-08-31,39.312039788744954,39.472171141815814,38.75158565813615,38.85833740234375,3876489,0.0,0.0
2016-09-01,38.91171983661757,39.2319825967692,37.470548626215525,37.63067626953125,4977470,0.0,0.0
2016-09-02,37.817488135852464,38.29788218138814,37.710736394684105,37.950931549072266,3469164,0.0,0.0
2016-09-06,38.191131998291716,38.8850296223663,38.191131998291716,38.484703063964844,4055078,0.0,0.0
2016-09-07,38.64483229563939,39.39210949309538,38.27119743367106,38.6715202331543,4672665,0.0,0.0
2016-09-08,38.83165836024316,39.97926229387726,38.538087259673674,39.73906707763672,6031889,0.0,0.0
2016-09-09,39.89918936122335,39.89918936122335,39.098539993755026,39.205291748046875,3121694,0.0,0.0
2016-09-12,38.69821195491398,38.69821195491398,35.815862385132135,37.337100982666016,4306496,0.0,0.0
2016-09-14,37.39047621455802,38.297884759367015,37.36378827746946,38.05768585205078,3977495,0.0,0.0
2016-09-15,38.164449953793266,38.431333121694344,37.57730399500253,37.977630615234375,1811743,0.0,0.0
2016-09-16,38.16444343459037,38.698213415975054,36.5898251657514,36.883399963378906,12219607,0.0,0.0
2016-09-19,37.096905494753535,37.71073926344571,36.99015000870464,37.36378860473633,2856014,0.0,0.0
2016-09-20,37.470548626215525,38.08437873244598,37.470548626215525,37.63067626953125,4768877,0.0,0.0
2016-09-21,37.84418463416488,38.297890847068764,37.5239256014353,37.87087631225586,4374994,0.0,0.0
2016-09-22,38.21781771495518,38.564768375197566,37.764115304951844,38.351261138916016,4558398,0.0,0.0
2016-09-23,38.644833703177895,38.88502888632019,38.084375784672666,38.21781921386719,4331006,0.0,0.0
2016-09-26,38.1110681510939,38.48470303344709,37.33710297389685,37.49723434448242,3588558,0.0,0.0
2016-09-27,37.7107438279492,38.11107040975869,37.55061244787339,37.63067626953125,3363070,0.0,0.0
2016-09-28,37.630679881230655,38.324581349238095,37.630679881230655,37.977630615234375,2625123,0.0,0.0
2016-09-29,38.27119784790907,38.48470135033922,34.21455656654217,34.641571044921875,9283018,0.0,0.0
2016-09-30,34.58819410296184,35.38884342267003,33.78754104649407,35.06858444213867,5643033,0.0,0.0
2016-10-03,35.228715481157145,35.94930098338458,35.228715481157145,35.762481689453125,2435232,0.0,0.0
2016-10-04,36.02937392519061,36.6698995163013,35.762490753401494,36.296260833740234,4761110,0.0,0.0
2016-10-05,36.509766457706725,36.72327373277775,35.815868747915985,36.109439849853516,2904432,0.0,0.0
2016-10-06,36.296253237314616,36.58982429116525,35.308780850573854,35.62904357910156,2998323,0.0,0.0
2016-10-07,35.84254787186158,36.48306953948708,35.388841754295704,36.216182708740234,5426409,0.0,0.0
2016-10-10,36.48307742368534,37.55061376709511,35.81586767614925,36.856712341308594,9051818,0.0,0.0
2016-10-13,36.80333521540402,37.20366179775786,35.78917478922496,35.97599411010742,4018770,0.0,0.0
2016-10-14,36.18950017190277,36.563138801281646,35.81586527928387,36.08274841308594,3967572,0.0,0.0
2016-10-17,36.24288098951671,36.80333521540402,35.49560370598685,35.97599411010742,5609924,0.0,0.0
2016-10-18,36.26956568137285,36.69658016606712,36.13612225362098,36.58982467651367,2036798,0.0,0.0
2016-10-19,36.77664795796305,37.15028660666854,36.50976481035634,36.910091400146484,3772621,0.0,0.0
2016-10-20,37.0969135454285,38.24451378313545,36.990158036211795,37.977630615234375,4863051,0.0,0.0
2016-10-21,38.16444460433244,38.564771168451024,37.684050485334176,38.11106872558594,5021877,0.0,0.0
2016-10-24,38.377951856078354,38.85834223831669,37.950937352586514,38.11106872558594,5009177,0.0,0.0
2016-10-25,37.363792517420215,37.630675655350636,35.65573445584947,36.02936935424805,12491285,0.0,0.0
2016-10-26,36.02937063021553,36.34963339648205,35.762487482833535,35.9226188659668,4232086,0.0,0.0
2016-10-27,36.00267717388082,36.00267717388082,35.415535086937126,35.73579406738281,4514117,0.0,0.0
2016-10-28,35.842553697070706,36.162812714552935,35.33547162564715,35.709110260009766,4370843,0.0,0.0
2016-11-01,35.9226146329522,35.97599050878691,35.54897602858978,35.62904357910156,2748250,0.0,0.0
2016-11-02,35.335469526827914,35.335469526827914,34.454752610113665,34.56150436401367,5549840,0.0,0.0
2016-11-03,34.481445953676236,34.98852433770718,34.374694183042514,34.428070068359375,2929536,0.0,0.0
2016-11-04,34.53481949391939,34.694950875756696,32.98689276751911,33.307151794433594,4715639,0.0,0.0
2016-11-07,33.73416200767936,33.97436091809954,33.547346445645346,33.6807861328125,1975513,0.0,0.0
2016-11-08,33.89429819634368,35.62904800742059,33.333840220140964,34.588199615478516,7528276,0.0,0.0
2016-11-09,31.919355768908407,33.4139065817318,31.14539055383985,33.04026794433594,5306548,0.0,0.0
2016-11-10,33.68078514667981,36.02936467641429,33.62740927337573,34.7750129699707,5593644,0.0,0.0
2016-11-11,34.161182723805354,35.70911327193827,33.81423573699927,34.13449478149414,3677126,0.0,0.0
2016-11-15,34.32131182899586,34.3746914468241,31.812600577671695,33.013580322265625,4001574,0.0,0.0
2016-11-16,33.44059805800782,33.78754879181331,32.746700327157285,33.066959381103516,3095375,0.0,0.0
2016-11-17,33.20040048955699,34.161181320329256,33.09364498793775,33.60072708129883,2968862,0.0,0.0
2016-11-18,33.57403816760043,34.694950349953864,33.227087468337665,34.34800338745117,4611742,0.0,0.0
2016-11-21,34.88177159537699,34.88177159537699,32.93351446798005,33.520660400390625,3485853,0.0,0.0
2016-11-22,33.707477493830524,34.10780406951146,32.880136402324595,33.3872184753418,2372868,0.0,0.0
2016-11-23,33.65410429686383,34.16118267355155,33.41390907965594,33.81423568725586,2428579,0.0,0.0
2016-11-24,33.574035611884135,33.81423079433578,32.720006635718406,32.906822204589844,3539870,0.0,0.0
2016-11-25,33.280456889583945,34.29461711332495,33.09363760599276,33.92097854614258,4180924,0.0,0.0
2016-11-28,33.867605466616304,35.54897542073773,33.62741029270748,35.01520919799805,4605104,0.0,0.0
2016-11-29,35.0685874691931,36.00268029119491,34.988519914579285,35.46891403198242,3342447,0.0,0.0
2016-11-30,35.495603539692716,36.61651572297603,35.495603539692716,36.32294464111328,3278166,0.0,0.0
2016-12-01,36.45637837404178,36.77664108068847,35.548973599808626,35.84254837036133,1688975,0.0,0.0
2016-12-02,35.65573491923607,37.71074370255555,35.495603539692716,36.32294464111328,8445084,0.0,0.0
2016-12-05,36.29625823076798,38.24451159760316,35.81586780864648,37.17697525024414,8203002,0.0,0.0
2016-12-06,37.897563645151166,37.977627467858106,37.043534589236565,37.25703811645508,4109816,0.0,0.0
2016-12-07,37.89756340029023,38.03100310393963,36.6165160879352,37.283729553222656,3403877,0.0,0.0
2016-12-08,37.68405476563754,37.89756577839481,37.44385954723605,37.73743438720703,2653869,0.0,0.0
2016-12-09,37.89756147384002,38.431327734824855,37.817493918960345,38.11106872558594,3444567,0.0,0.0
2016-12-12,37.95094267212031,38.965103194256955,37.65736782434472,37.977630615234375,4230489,0.0,0.0
2016-12-13,38.0576883080374,38.35126310847608,37.41716656629824,37.844181060791016,2127965,0.0,0.0
2016-12-14,37.84418463416488,38.32457878839955,37.65736530808921,37.87087631225586,2190327,0.0,0.0
2016-12-15,37.57730081262353,39.445490303237136,37.417169430740046,38.911720275878906,5888109,0.0,0.0
2016-12-16,39.178603177759555,39.49886217223108,38.69821281767239,39.2586669921875,4653841,0.0,0.0
2016-12-19,39.0184780731999,39.81913129299425,38.83165873946386,39.045166015625,3108930,0.0,0.0
2016-12-20,38.965100148510224,39.285359177606054,38.16444697063041,38.56477355957031,2956049,0.0,0.0
2016-12-21,38.69821626400837,39.63230912922729,38.4847052663331,39.28535842895508,2934843,0.0,0.0
2016-12-22,39.12523113876684,39.44549016464847,38.08437902856123,38.271202087402344,1856730,0.0,0.0
2016-12-23,38.24450866282423,38.538083471294975,37.47054720585577,38.08437728881836,2004243,0.0,0.0
2016-12-26,37.73743290978987,38.08437988422669,36.85671216111742,37.20366287231445,1737056,0.0,0.0
2016-12-27,37.310414811054976,38.0576883080374,36.643205130504995,37.844181060791016,2230132,0.0,0.0
2016-12-28,38.05768510435502,38.35125988008068,37.63067064580817,37.790802001953125,2156431,0.0,0.0
2016-12-29,37.630679528116254,39.36542944509605,37.443860191310414,38.991790771484375,3286922,0.0,0.0
2016-12-30,39.151919596869185,41.1802367522814,38.77828094777003,40.85997772216797,9296640,0.0,0.0
2017-01-02,41.52717724486296,41.52717724486296,40.753212195942055,41.0734748840332,4214451,0.0,0.0
2017-01-03,41.15354881116863,41.31368019460544,40.45965113195604,40.85997772216797,2311286,0.0,0.0
2017-01-04,41.10017281724788,42.06095737849747,40.993421053086905,41.52718734741211,3999976,0.0,0.0
2017-01-05,41.900821546591565,42.48796739741603,41.74069018059222,42.247772216796875,4236903,0.0,0.0
2017-01-06,42.27445934013521,42.648097941344986,41.84744486354109,41.98088455200195,2129980,0.0,0.0
2017-01-09,41.9275119297257,42.4612819352628,41.76738055438857,42.03426742553711,1553096,0.0,0.0
2017-01-10,41.927514343835455,43.34200139003037,41.900826402535955,42.808231353759766,5866204,0.0,0.0
2017-01-11,42.99504670033166,43.55550462603017,42.78153945293602,43.15517807006836,2756868,0.0,0.0
2017-01-12,43.02174267869768,43.36868965494025,42.19440154519888,42.78154373168945,2850672,0.0,0.0
2017-01-13,42.72816661000246,42.9683618132872,41.39374715319384,41.90082550048828,3402978,0.0,0.0
2017-01-16,41.847449204623786,42.91498550685091,41.420434683732935,42.594722747802734,2758705,0.0,0.0
2017-01-17,42.648099964301444,42.83491927376786,41.954198604351944,42.14101791381836,1636711,0.0,0.0
2017-01-18,42.22108396285314,43.075112926116766,41.84744535723538,42.27445983886719,2935552,0.0,0.0
2017-01-19,42.434597836209306,43.2352473118409,42.06095917219171,43.02174377441406,2358482,0.0,0.0
2017-01-20,43.2085554601248,43.7690134054406,41.10017085119959,41.3670539855957,5478077,0.0,0.0
2017-01-23,41.31368140948753,42.167710497250745,41.10017413754672,41.74069595336914,1623211,0.0,0.0
2017-01-24,41.79407051264267,42.8349188044019,41.79407051264267,42.51465606689453,2803579,0.0,0.0
2017-01-25,42.621409424096164,42.88829253414854,42.06095152990249,42.701473236083984,3122787,0.0,0.0
2017-01-27,42.75485514167196,50.04079758365386,42.75485514167196,49.42695999145508,45884559,0.0,0.0
2017-01-30,49.053322870617066,50.12085915010231,48.41280110292592,49.29351806640625,17647258,0.0,0.0
2017-01-31,49.10670027557379,49.880665503523666,45.663892397640986,46.517921447753906,19334140,0.0,0.0
2017-02-01,46.97162773495279,48.73306171979545,46.54461320912668,48.49286651611328,12838038,0.0,0.0
2017-02-02,48.252671252444415,52.12249365759774,47.665525345973414,50.14754867553711,24532952,0.0,0.0
2017-02-03,50.41442815542315,50.894822264034275,49.34689191977594,50.46780776977539,8428402,0.0,0.0
2017-02-06,50.76137779613747,53.483596075607466,50.521182615119486,51.88228988647461,14001719,0.0,0.0
2017-02-07,52.25593086452822,52.25593086452822,48.439488259953656,49.02663040161133,13854294,0.0,0.0
2017-02-08,49.34689163391116,50.76137853923458,48.57292646626554,49.160072326660156,11251319,0.0,0.0
2017-02-09,49.3735777229819,50.387738037170514,48.33272947115143,49.98741149902344,6710539,0.0,0.0
2017-02-10,50.17423189120691,50.68131392771657,49.32020292104302,49.56039810180664,5862282,0.0,0.0
2017-02-13,49.93404389011646,49.987419774236315,48.03916637301893,48.946571350097656,3914814,0.0,0.0
2017-02-14,49.05332126498213,49.16007302105641,47.66552227869736,48.43948745727539,6104677,0.0,0.0
2017-02-15,48.83981624519582,51.642098547924405,48.706372807252535,49.240142822265625,21391968,0.0,0.0
2017-02-16,49.48033683066154,50.441121339864665,48.572928200647496,50.33436584472656,6326139,0.0,0.0
2017-02-17,50.654627990248045,50.89482693497812,49.85397480584162,50.06748580932617,3374607,0.0,0.0
2017-02-20,50.17423816205161,53.24340749264193,49.98741883438436,51.989051818847656,16147853,0.0,0.0
2017-02-21,52.25593465022621,52.94983233675669,51.695480407427056,52.01573944091797,6668577,0.0,0.0
2017-02-22,52.09579819366248,52.469436810328965,50.20092090829371,50.46780776977539,8602445,0.0,0.0
2017-02-23,50.44111870403978,52.149176642914426,50.12085597212091,51.56203079223633,10935229,0.0,0.0
2017-02-27,51.66878597106902,52.14918010080112,50.49449792860837,51.268463134765625,4548462,0.0,0.0
2017-02-28,51.24176788571757,53.77717058395029,50.76137752623589,52.57619094848633,14953530,0.0,0.0
2017-03-01,52.843080955129366,53.13665578611933,51.85560843256716,52.30931091308594,4400485,0.0,0.0
2017-03-02,52.49613082662923,53.32347197213251,49.66716040884273,49.960731506347656,7200998,0.0,0.0
2017-03-03,49.74722129438567,50.86813720790679,49.613777856082656,50.547874450683594,7195693,0.0,0.0
2017-03-06,50.734697087320086,51.161711633701586,50.200927035963055,50.92151641845703,4110992,0.0,0.0
2017-03-07,51.05494871702437,53.05658144808369,50.8147535366492,52.22924041748047,9477886,0.0,0.0
2017-03-08,52.30930873463284,52.86976669492379,50.147548188419314,50.52118682861328,5870227,0.0,0.0
2017-03-09,50.36105810815636,50.6279412637754,49.533716962653074,49.960731506347656,4135971,0.0,0.0
2017-03-10,50.17423597928062,50.97488913823447,49.50702625907243,50.200923919677734,3994643,0.0,0.0
2017-03-14,51.80222394733991,52.84307218023967,51.10832637099327,52.06910705566406,9306723,0.0,0.0
2017-03-15,52.12249467139892,54.33763116316819,51.53534875350772,54.017372131347656,17509404,0.0,0.0
2017-03-16,54.6845799251245,55.485233081296634,54.33762922764723,54.84471130371094,13066342,0.0,0.0
2017-03-17,55.24503580992462,56.259196187257615,54.551134440993685,55.35178756713867,11861764,0.0,0.0
2017-03-20,55.29841415560396,55.93893593774407,54.364321291267984,55.138282775878906,4024466,0.0,0.0
2017-03-21,55.084908869329084,55.72543067442777,54.17750017620245,55.29841613769531,4831769,0.0,0.0
2017-03-22,54.657882798589874,55.351780340162534,54.177488743569334,54.31093215942383,3989897,0.0,0.0
2017-03-23,54.39100541883312,56.17912720067131,54.25756198895691,55.80548858642578,7976964,0.0,0.0
2017-03-24,56.1524471163153,57.113231724941194,55.69874462273875,56.44601821899414,9503129,0.0,0.0
2017-03-27,56.52608620604103,56.52608620604103,54.87140387348339,55.431861877441406,6254579,0.0,0.0
2017-03-28,56.045687507554916,56.49938993767029,55.43185370894007,55.80548858642578,4754120,0.0,0.0
2017-03-29,56.01900030126648,56.179131682540955,55.35179057217628,55.75211715698242,3481548,0.0,0.0
2017-03-30,55.858872000688535,56.84634074396973,55.59198512277895,56.47270584106445,13591248,0.0,0.0
2017-03-31,56.766278988686025,58.821287844878334,56.15244512596936,57.94057083129883,12821532,0.0,0.0
2017-04-03,58.100690019536984,59.942195076299875,57.62029967058298,59.67530822753906,8702015,0.0,0.0
2017-04-05,59.7820693518579,61.623570845515125,59.114859640557164,61.169864654541016,7965639,0.0,0.0
2017-04-06,60.95635793997536,61.99720629463142,60.76953862126683,61.78369903564453,5980676,0.0,0.0
2017-04-07,61.116486897925576,63.8120210739251,61.00973514104,62.6644172668457,10240832,0.0,0.0
2017-04-10,62.95797947718635,64.39915797199332,62.61103629552908,64.10558319091797,8917498,0.0,0.0
2017-04-11,63.97215142091655,66.98794099540665,63.278250024707454,64.7461166381836,20987827,0.0,0.0
2017-04-12,63.25156694601768,63.78534074113799,58.607782759003484,61.03643035888672,16831030,0.0,0.0
2017-04-13,61.3299936745887,62.71779266069768,59.86213087143415,62.37084197998047,9209628,0.0,0.0
2017-04-17,61.41005968663246,66.29404208603185,61.41005968663246,65.84033966064453,10923462,0.0,0.0
2017-04-18,66.18728080005651,85.77658566492441,66.18728080005651,77.3430404663086,170150231,0.0,0.0
2017-04-19,76.27551413048826,79.26461568630403,73.68673914299282,77.47649383544922,43424860,0.0,0.0
2017-04-20,77.8234529263681,79.74501468294363,76.59578514921343,78.06364440917969,15559322,0.0,0.0
2017-04-21,78.1970858672598,79.26461843748686,76.70253130071771,77.90351104736328,10015198,0.0,0.0
2017-04-24,77.8768281427236,84.9492599035205,77.39643770770473,80.09196472167969,31232010,0.0,0.0
2017-04-25,80.3855248788742,82.01351895625127,79.15785733648359,80.03857421875,14660532,0.0,0.0
2017-04-26,80.17202473886707,80.89261409391368,62.55766602966275,63.27825164794922,82181128,0.0,0.0
2017-04-27,64.95961830293415,72.24556033416604,60.15570696814468,60.92966842651367,143366815,0.0,0.0
2017-04-28,62.3441569807184,63.35831365815628,57.27335490972878,58.154075622558594,72140018,0.0,0.0
2017-05-02,58.634469234958004,62.077277243888204,56.87303144950806,60.18239974975586,57251803,0.0,0.0
2017-05-03,60.769538653521316,61.86376662607491,58.60777812222675,60.1290168762207,32763787,0.0,0.0
2017-05-04,60.28914745516002,61.19655236011155,59.80875706274568,60.52934265136719,16931132,0.0,0.0
2017-05-05,60.63609632021801,61.59687707608731,57.887190011521014,60.68947219848633,22307960,0.0,0.0
2017-05-08,60.902978034382535,61.91713838173508,59.54187074958083,61.14317321777344,15326313,0.0,0.0
2017-05-09,61.33000049182028,63.99884326787699,60.6894786739779,63.09143829345703,23232623,0.0,0.0
2017-05-10,63.75863143983365,66.10721470102966,63.251553171069695,65.54676055908203,22752782,0.0,0.0
2017-05-11,66.96126037296547,67.68184978827738,62.664426771405225,64.13228607177734,42484602,0.0,0.0
2017-05-12,64.37246885098713,65.57344841673113,62.55765553409127,64.87954711914062,20021004,0.0,0.0
2017-05-15,65.38663866556816,65.76027732679913,64.05221914604078,65.0663833618164,13012270,0.0,0.0
2017-05-16,65.09305816350174,66.4541653502426,64.47922067485138,65.54676055908203,12654891,0.0,0.0
2017-05-17,65.38663339655953,65.57345644888066,63.81202252610418,64.85286712646484,10676920,0.0,0.0
2017-05-18,63.99884523073005,67.17477021212653,63.30494377088188,64.23904418945312,18925323,0.0,0.0
2017-05-19,65.76027732679913,66.4274908233231,64.13228297197871,65.0663833618164,11387421,0.0,0.0
2017-05-22,65.4133222990902,66.37411056762474,64.3724776834112,64.7728042602539,10622286,0.0,0.0
2017-05-23,63.251554777340864,63.30493065188002,58.44764012334578,60.395896911621094,23801357,0.0,0.0
2017-05-24,60.902976253751,61.59687384512152,59.03478698151371,60.63609313964844,11718569,0.0,0.0
2017-05-25,63.518449591721755,63.73195311666162,61.08980215440955,62.05058670043945,17477139,0.0,0.0
2017-05-26,62.4509151331699,62.87792593245884,61.38337879304703,61.89045715332031,7654510,0.0,0.0
2017-05-29,61.89045863299239,61.917146575038494,58.74122542014827,59.46181106567383,8839231,0.0,0.0
2017-05-30,59.7820681272963,66.6143002141188,58.714531863730286,62.931297302246094,38287302,0.0,0.0
2017-05-31,63.14481134316312,64.42585492134818,61.41006529813253,62.34415817260742,15218036,0.0,0.0
2017-06-01,62.55765809677912,63.3583074366477,62.050579807853055,62.31746292114258,10238277,0.0,0.0
2017-06-02,62.557664945475125,63.385009787092216,62.184026303908716,62.717796325683594,7758119,0.0,0.0
2017-06-05,62.717796325683594,63.89208813153227,62.184026303908716,62.717796325683594,8493999,0.0,0.0
2017-06-06,63.57182166275261,68.74937898798794,63.57182166275261,68.34905242919922,69157294,0.0,0.0
2017-06-07,69.79021885718849,71.79185151634597,68.90950198186304,70.08379364013672,44938768,0.0,0.0
2017-06-08,69.92366007065361,70.24392279781823,67.65514798973624,69.28314208984375,15231545,0.0,0.0
2017-06-09,69.38990159178124,71.09795969608696,67.81528319139933,70.59088134765625,16885493,0.0,0.0
2017-06-12,70.19054871879135,71.09795357438402,68.32236313063228,69.79022216796875,9534346,0.0,0.0
2017-06-13,68.85613437097591,72.48576153027861,68.85613437097591,70.67094421386719,22458851,0.0,0.0
2017-06-14,70.88445474216604,71.36484514013672,69.60341118973751,70.05711364746094,7744458,0.0,0.0
2017-06-15,69.92365876244095,71.49827695748115,68.85612632322402,70.72431182861328,9302880,0.0,0.0
2017-06-16,70.69761834333664,71.20469658584784,69.55002218226356,69.87027740478516,7952593,0.0,0.0
2017-06-19,70.59088326429062,71.17802545101729,70.08380490209207,70.43075561523438,6177534,0.0,0.0
2017-06-20,70.67093040812651,70.67093040812651,69.01624853102354,69.87027740478516,6607942,0.0,0.0
2017-06-21,69.81690350999499,70.9378192410955,69.55002415034168,70.37736511230469,7566756,0.0,0.0
2017-06-22,70.72430659563524,71.09794516377096,69.38988740858976,69.84358978271484,7288840,0.0,0.0
2017-06-23,69.8702901494616,69.97704938329422,66.26735845075216,67.44164276123047,10851981,0.0,0.0
2017-06-27,67.73521939492696,70.93783207848404,66.45417581620818,69.92366790771484,10939841,0.0,0.0
2017-06-28,70.61756376835763,72.9661472149524,70.51081201356322,71.73847961425781,26231803,0.0,0.0
2017-06-29,72.05874941440976,72.37900471018015,70.77769833724656,71.12464904785156,7978677,0.0,0.0
2017-06-30,70.99121334762633,71.68511480799623,69.68348172886829,70.77770233154297,7870773,0.0,0.0
2017-07-03,70.67094200085054,74.16712934855387,70.45743848414678,72.8593978881836,17599655,0.0,0.0
2017-07-04,72.85938520657723,73.36646344400862,70.93781652310419,71.2847671508789,6844994,0.0,0.0
2017-07-05,71.52495589376818,72.59249567216044,70.72430292835357,72.19216918945312,8130271,0.0,0.0
2017-07-06,72.05874506735503,72.64588721436758,71.44490750711833,72.16549682617188,5565891,0.0,0.0
2017-07-07,71.7651688218289,72.59250988315294,71.25809050407024,71.63172912597656,3470118,0.0,0.0
2017-07-10,72.05873186145433,72.53912216161093,71.52495821815272,71.9786605834961,1100749,0.0,0.0
2017-07-11,72.0587407242887,72.29893216714996,70.88444902751962,71.20470428466797,4514082,0.0,0.0
2017-07-12,71.36483707703704,75.71504558103571,70.99119848227063,75.42147827148438,28304039,0.0,0.0
2017-07-13,76.06200699199194,77.04948322973792,73.74011875695523,75.15460205078125,20051700,0.0,0.0
2017-07-14,75.2613548151814,75.50155376093947,73.49992079135693,74.4073257446289,8610995,0.0,0.0
2017-07-17,74.46070162734839,75.15460304974243,73.87355944391369,74.4073257446289,4453041,0.0,0.0
2017-07-18,74.16712855456055,74.9144058020636,73.1796523798173,73.5799789428711,5014809,0.0,0.0
2017-07-19,73.66004780780295,75.07453858182006,73.39316839649432,74.46070098876953,5478229,0.0,0.0
2017-07-20,74.72759006538914,75.79513016249608,73.92693686093908,74.94110107421875,7165638,0.0,0.0
2017-07-21,75.18129521260393,75.68837360043234,73.579988747023,75.36811828613281,6503101,0.0,0.0
2017-07-24,75.47485281235117,76.16875411515927,74.30056117433713,74.86101531982422,6269892,0.0,0.0
2017-07-25,75.23466751996445,75.23466751996445,73.82018419518889,74.35395050048828,5266174,0.0,0.0
2017-07-26,74.46068583043755,75.9552401235934,74.14043060206315,75.12789916992188,6273285,0.0,0.0
2017-07-27,75.12791303721447,75.7150552044625,73.39316700257417,73.92693328857422,7645534,0.0,0.0
2017-07-28,73.71342849487957,74.3806344725161,72.83270404888563,74.03368377685547,3323407,0.0,0.0
2017-07-31,74.41549911494623,74.97885128527619,73.53024000392877,73.98628234863281,3185169,0.387794,0.0
2017-08-01,73.98629934151077,75.56903887832863,73.98629934151077,75.22029876708984,4837408,0.0,0.0
2017-08-02,75.48855562489761,77.17859735440544,75.40807887817144,76.15921020507812,8038370,0.0,0.0
2017-08-03,76.23969368754904,76.53478263034717,73.55708264188392,73.90582275390625,4567580,0.0,0.0
2017-08-04,73.82535044932976,74.71060981901131,73.07421901079222,74.03995513916016,4232805,0.0,0.0
2017-08-07,74.2813744564049,75.59585039095394,74.03993672831626,75.16663360595703,4115633,0.0,0.0
2017-08-08,75.1934707373834,75.75682301878267,72.64499521544155,73.69121551513672,5253069,0.0,0.0
2017-08-09,73.50342436981326,73.50342436981326,64.73130129596687,66.66278076171875,9968105,0.0,0.0
2017-08-10,65.72386464713037,66.12625590046594,60.76104544937897,62.156002044677734,9423614,0.0,0.0
2017-08-11,61.163436806035236,62.12917656687843,56.87126468188278,61.002479553222656,9495491,0.0,0.0
2017-08-14,61.69995730065282,63.255863577792724,59.98308626497362,62.5852165222168,5295042,0.0,0.0
2017-08-16,61.163437161692514,62.47791326256878,58.507655620954964,61.8072624206543,12736794,0.0,0.0
2017-08-17,61.96821922890425,63.04126131945963,60.25135188401565,60.841522216796875,6875611,0.0,0.0
2017-08-18,60.224525451660156,60.895180077151345,59.312440569678934,60.224525451660156,5649934,0.0,0.0
2017-08-21,60.62691502661017,61.08295745482875,57.27365701719634,57.676048278808594,5089527,0.0,0.0
2017-08-22,58.23939263161816,58.66860944584061,56.22743646743034,57.03221893310547,7407672,0.0,0.0
2017-08-23,57.64922514057505,59.28561583973126,57.40779112457426,59.04418182373047,8584999,0.0,0.0
2017-08-24,59.392917953109894,59.5002240465007,57.99796503125712,58.561309814453125,8056806,0.0,0.0
2017-08-28,62.826641752216,64.9459037305178,61.7267742740818,63.95333480834961,29813304,0.0,0.0
2017-08-29,62.98761712949846,65.85800738713542,62.63887700293465,63.8192253112793,18008160,0.0,0.0
2017-08-30,64.59717788268274,70.74034927384224,64.46304245118144,68.75521850585938,30155980,0.0,0.0
2017-08-31,71.35735883363583,71.86705253683235,68.70158044955949,71.11592102050781,43525545,0.0,0.0
2017-09-01,71.22321102169349,74.4959920641549,70.47207971488854,73.288818359375,32679896,0.0,0.0
2017-09-04,73.0742098580144,73.20833777235845,68.67473914688321,70.17699432373047,18357593,0.0,0.0
2017-09-05,70.49890308664305,72.4840336175287,70.17698860637921,71.4109878540039,11848407,0.0,0.0
2017-09-06,69.80142865150249,70.8744745024488,68.9429949755713,70.17699432373047,12783470,0.0,0.0
2017-09-07,70.52574719818429,71.49148338066193,69.56001101570665,69.96240234375,7770281,0.0,0.0
2017-09-08,70.23063952194353,70.71350748461727,67.7894666159214,68.46012115478516,6971107,0.0,0.0
2017-09-11,68.9429968394761,71.00860433654228,68.78204333791179,70.09651947021484,6951762,0.0,0.0
2017-09-12,70.71351233150642,72.37672849030827,69.9623885114544,71.86703491210938,10505454,0.0,0.0
2017-09-13,71.84021115677086,72.16212566616004,69.90873912456526,70.1501693725586,5706700,0.0,0.0
2017-09-14,70.28429824043099,71.51829761642236,69.55999997457232,70.76717376708984,6454072,0.0,0.0
2017-09-15,69.77460495502137,70.6866898213488,69.31856252185766,70.09651947021484,7230572,0.0,0.0
2017-09-18,70.63302075692656,71.30367520097484,69.8014128520969,70.20380401611328,4911385,0.0,0.0
2017-09-19,70.25746854651356,70.92812311825242,69.80142614207432,70.28429412841797,4268999,0.0,0.0
2017-09-20,70.68669014421367,70.68669014421367,69.26491167104038,69.42586517333984,4512226,0.0,0.0
2017-09-21,69.42587899742028,70.25748728235381,67.01153842186037,68.5137939453125,5582608,0.0,0.0
2017-09-22,68.05773414171466,68.05773414171466,64.91908092218448,65.32147216796875,5068371,0.0,0.0
2017-09-25,65.40195518941584,65.48243193463723,61.02930273301255,62.5852165222168,6702097,0.0,0.0
2017-09-26,62.558393246291914,64.48986525105403,61.59265348787855,63.631431579589844,7843415,0.0,0.0
2017-09-27,64.11431207970797,64.81178479698224,60.70739895555568,61.29757308959961,6787630,0.0,0.0
2017-09-28,61.592656541073,62.638873099535765,60.841525163291536,61.86091613769531,5966330,0.0,0.0
2017-09-29,62.236484596463775,63.1485695191921,61.94139940264951,62.39744186401367,4897720,0.0,0.0
2017-10-03,62.53156469920732,62.55839028066486,59.20512874592731,59.98308563232422,10619689,0.0,0.0
2017-10-04,60.19769987777849,62.20965624252707,60.0367426173921,61.86091613769531,11902628,0.0,0.0
2017-10-05,62.558401255107476,66.09943872520975,62.29013788140723,65.24100494384766,19893119,0.0,0.0
2017-10-06,65.938477359441,67.06517438039036,65.32147392699324,66.23356628417969,11055196,0.0,0.0
2017-10-09,64.38256949279392,65.42878986223327,62.826659243434136,64.00700378417969,13791758,0.0,0.0
2017-10-10,64.11430936006694,65.45561108015302,64.11430936006694,64.51669311523438,6910072,0.0,0.0
2017-10-11,64.99957361962394,66.20674751369923,63.09491947242103,63.8192253112793,7825089,0.0,0.0
2017-10-12,64.38255946974107,64.81177628247053,63.57777700686528,64.43621063232422,3939302,0.0,0.0
2017-10-13,64.81177176817313,64.99955833619859,64.11429919110853,64.30207824707031,3528261,0.0,0.0
2017-10-16,64.73130278288336,64.8922562786997,62.50473810773533,62.98760986328125,4904567,0.0,0.0
2017-10-17,63.22905043541258,63.81922837394005,62.79983728709179,63.36318588256836,3021964,0.0,0.0
2017-10-18,63.30952069434004,66.28721277865615,62.692517305374416,65.77751922607422,10564364,0.0,0.0
2017-10-19,66.12626744470923,68.13822406263198,65.64339935882096,67.38709259033203,4913758,0.0,0.0
2017-10-23,67.81630773873182,69.64047748306973,67.17247870422143,68.11138916015625,8950521,0.0,0.0
2017-10-24,68.13821522356342,68.86252101446995,67.27978151288346,67.76264953613281,4607943,0.0,0.0
2017-10-25,68.05775141925861,69.31857664118793,66.55548838374008,68.5137939453125,5888478,0.0,0.0
2017-10-26,68.40647334685218,70.6866853690484,67.68216761130452,70.28429412841797,7526631,0.0,0.0
2017-10-27,70.76716746411644,71.30368659787237,68.9429903900436,69.720947265625,6223089,0.0,0.0
2017-10-30,70.09651346503345,73.18150789851121,69.26490542073219,72.00116729736328,9970100,0.0,0.0
2017-10-31,72.26943159543748,72.26943159543748,69.7746071696177,70.98178100585938,5377681,0.0,0.0
2017-11-01,71.250034369904,72.59133594026196,70.87446872827353,71.4109878540039,4099352,0.0,0.0
2017-11-02,71.51829465689404,72.75229398182078,70.74034525628035,71.54512023925781,4093488,0.0,0.0
2017-11-03,71.89386267357875,76.56160430232204,71.30369233020794,75.38125610351562,12055417,0.0,0.0
2017-11-06,76.82985970247674,81.25616354508149,76.53477828848388,80.31725311279297,23094679,0.0,0.0
2017-11-07,80.34408027903167,81.71220757978749,75.75682284749526,79.59294891357422,13500041,0.0,0.0
2017-11-08,79.43199415554521,84.9849955708871,78.546734802274,81.28299713134766,25171927,0.0,0.0
2017-11-09,81.47077050998372,83.64368787403147,79.99534086216919,82.83890533447266,9036184,0.0,0.0
2017-11-10,82.8120851244598,84.90451836068172,81.44395021118997,83.91194915771484,10508253,0.0,0.0
2017-11-13,84.28751428434796,85.95073062757278,80.93425601249568,81.98047637939453,10686118,0.0,0.0
2017-11-14,81.55126552138988,84.98500080294477,81.28300213549369,83.3486099243164,11548080,0.0,0.0
2017-11-15,83.05350226568672,83.5900289167715,78.38576847846007,78.89546203613281,7782830,0.0,0.0
2017-11-16,77.79560393459039,78.33212311332007,74.89838835014642,77.66146850585938,10159450,0.0,0.0
2017-11-17,78.60038366485874,85.17276402885965,78.43942265851587,84.01924896240234,15663475,0.0,0.0
2017-11-20,84.20704139547503,86.91647823003366,83.7241733239858,86.05804443359375,15919341,0.0,0.0
2017-11-21,86.37994686018611,86.75551256508012,81.65856123190687,82.32920837402344,9886154,0.0,0.0
2017-11-22,82.78524239865912,85.41419431440487,81.84632456126661,84.6630630493164,9094343,0.0,0.0
2017-11-23,84.77037825017499,85.01181601923373,80.31725616719591,81.81951141357422,8674970,0.0,0.0
2017-11-24,81.87316084185231,83.37542356837,80.47820796156077,82.2219009399414,6903783,0.0,0.0
2017-11-27,80.47820254916485,81.65855068175189,78.78816085152515,81.14885711669922,8443699,0.0,0.0
2017-11-28,81.1220308037888,81.92680576068634,79.1637257943732,79.86119842529297,5184110,0.0,0.0
2017-11-29,79.86120842161915,80.18312295191116,78.33212754884622,79.1100845336914,4860242,0.0,0.0
2017-11-30,78.60039393321203,80.20995162246179,77.84926250432285,78.65404510498047,4958806,0.0,0.0
2017-12-01,78.86864962766775,81.20252066712345,75.13982558894357,76.37382507324219,9676577,0.0,0.0
2017-12-04,76.61525203993394,78.22481701062893,70.6866857279902,76.50794219970703,12792602,0.0,0.0
2017-12-05,76.53478177133246,78.76134282947116,74.87155798372488,78.197998046875,8662641,0.0,0.0
2017-12-06,77.09813990415236,79.083271047235,75.81048909806086,76.32018280029297,7070494,0.0,0.0
2017-12-07,76.56160029602073,79.91485812221825,76.23968580190683,79.16372680664062,6141639,0.0,0.0
2017-12-08,80.04898810479358,81.8463321827148,79.72707360234162,81.04154968261719,9632929,0.0,0.0
2017-12-11,81.76586546363876,82.75843467526477,80.31726129303158,82.24873352050781,8346215,0.0,0.0
2017-12-12,82.57064215425609,83.32177352766905,79.96851544327863,81.8463363647461,14052062,0.0,0.0
2017-12-13,80.47820349422412,82.30237312196627,78.4394216980076,79.13690185546875,14168202,0.0,0.0
2017-12-14,78.86864062834402,80.63915913924889,76.64207969832925,79.70024871826172,8661813,0.0,0.0
2017-12-15,83.13398438453625,83.59003432106228,80.85377226222963,83.26811981201172,17693281,0.0,0.0
2017-12-18,79.40515524821683,89.3039750120209,74.95203364321792,85.81658935546875,66541253,0.0,0.0
2017-12-19,85.78978105518165,86.75551719816012,83.61687097744722,86.05804443359375,14853348,0.0,0.0
2017-12-20,85.84342527961905,87.47981598013281,84.60942585811794,86.35311889648438,11399943,0.0,0.0
2017-12-21,86.37994668329064,88.49920547023918,85.97755539401862,87.2383804321289,10145045,0.0,0.0
2017-12-22,87.4261633525703,89.03572844176657,86.43359420779795,87.39933776855469,8437720,0.0,0.0
2017-12-26,87.4529851441767,88.63333332587236,86.35311371103798,87.56028747558594,5369778,0.0,0.0
2017-12-27,87.45298145541027,90.85989043046763,87.13106696269624,89.03572082519531,16657198,0.0,0.0
2017-12-28,89.06255515680364,89.70637669341917,87.7212458907299,88.66016387939453,6887899,0.0,0.0
2017-12-29,88.52602987987454,90.26973045160936,87.93585950240941,89.25033569335938,7840092,0.0,0.0
2018-01-01,88.95524292667693,91.12816027377313,88.52602607639834,89.0893783569336,7745247,0.0,0.0
2018-01-02,89.11620794955734,89.81368817966126,86.99694918646566,87.93585968017578,4977129,0.0,0.0
2018-01-03,87.93585126392328,96.70797442208055,87.93585126392328,94.53506469726562,39032205,0.0,0.0
2018-01-04,94.42775791513887,99.36375496623548,93.43518888147854,98.3443603515625,22778210,0.0,0.0
2018-01-05,99.14915694306876,104.24610820698058,97.86150633467204,103.62911224365234,21144683,0.0,0.0
2018-01-08,103.33402015555534,107.84080090390641,103.17306665142546,105.39962768554688,15147523,0.0,0.0
2018-01-09,106.2312273093722,106.74092087704187,104.13879436288124,105.10453033447266,8653790,0.0,0.0
2018-01-10,105.21184218195904,109.36988257242156,105.1581835051227,106.66044616699219,21411711,0.0,0.0
2018-01-11,106.23123130583517,109.28940785103178,104.91675520836674,108.21636199951172,10238800,0.0,0.0
2018-01-12,108.37730676586169,109.31622462732614,104.21926663330103,107.2774429321289,9577781,0.0,0.0
2018-01-15,107.84080962793064,108.48463872066407,105.85567868941241,106.33854675292969,5453962,0.0,0.0
2018-01-16,106.60680180147932,106.8214139863189,100.97332397223651,104.40706634521484,13454300,0.0,0.0
2018-01-17,104.19245192314176,110.36244881390309,100.81236830299966,109.74545288085938,17383941,0.0,0.0
2018-01-18,110.52341974191683,111.32819483180097,101.24159423356852,104.75581359863281,24303136,0.0,0.0
2018-01-19,104.75579623476294,107.8407906895042,101.16110070775804,107.143310546875,25753085,0.0,0.0
2018-01-22,106.23122808003723,108.56509879238952,105.15818226110108,106.71409606933594,10534230,0.0,0.0
2018-01-23,106.98236692994303,110.12102034933393,105.21184834057634,109.66497039794922,13877472,0.0,0.0
2018-01-24,109.61132079304998,111.35502133538994,107.30428297959763,110.2551498413086,14325102,0.0,0.0
2018-01-25,109.98688938095549,115.75449533450016,108.27002188982753,115.03018951416016,24286217,0.0,0.0
2018-01-29,115.67400878294885,118.30296096708474,112.99139792120245,114.46683502197266,14632536,0.0,0.0
2018-01-30,113.20601274715084,114.57414003681123,111.32818434873626,113.3669662475586,7873404,0.0,0.0
2018-01-31,112.64266721107323,117.36405249003107,112.21345036753162,114.38636016845703,14190496,0.0,0.0
2018-02-01,114.2790479685767,116.45196523678959,109.28940696026727,114.8155746459961,9002862,0.0,0.0
2018-02-02,114.27904362348475,114.27904362348475,104.67531261725533,105.80200958251953,12747646,0.0,0.0
2018-02-05,99.31010095005949,107.84079386554062,98.5589771344115,107.00918579101562,11825552,0.0,0.0
2018-02-06,99.25644825929355,106.33852957499326,98.02244895761618,104.78262329101562,10865044,0.0,0.0
2018-02-07,107.06284009201255,108.77970745590063,104.67531812757737,105.56057739257812,7308821,0.0,0.0
2018-02-08,106.36536236167527,110.60388721510633,105.64106409037387,109.7186279296875,8147287,0.0,0.0
2018-02-09,107.30427177445462,113.66204727979483,106.04344690600156,112.72313690185547,11122413,0.0,0.0
2018-02-12,113.31330960548749,117.65913653922071,113.31330960548749,116.55926513671875,13340428,0.0,0.0
2018-02-14,117.22992280852515,119.91252616224553,116.29100487386484,117.73961639404297,12691224,0.0,0.0
2018-02-15,118.6248732162462,119.45648129051987,113.0182213544323,115.21796417236328,9129656,0.0,0.0
2018-02-16,115.78131175983935,117.20309770299404,109.87957834796937,111.48914337158203,10018309,0.0,0.0
2018-02-19,109.98687302697407,111.30134903491499,107.57252565954096,108.86017608642578,8936687,0.0,0.0
2018-02-20,108.37732367170206,109.20893182793722,104.62167417619054,106.23123931884766,11610335,0.0,0.0
2018-02-21,106.92873481293425,107.57255645465331,104.78265015376023,105.90933990478516,7621480,0.0,0.0
2018-02-22,105.15818825797541,109.69180203087635,103.97784755551791,109.07479858398438,16437924,0.0,0.0
2018-02-23,109.71861444118493,110.38926146268798,108.10904957027526,109.63813018798828,9189024,0.0,0.0
2018-02-26,109.98687761608895,111.51596584834273,109.182095126699,110.30879211425781,5353014,0.0,0.0
2018-02-27,110.52340149230119,112.5890013158927,107.94809308405772,111.08674621582031,10994042,0.0,0.0
2018-02-28,109.96004700110961,111.56961190622071,108.64557099848598,109.20891571044922,7114891,0.0,0.0
2018-03-01,109.20891716984389,110.89895884038229,106.33852738564634,106.84822845458984,6606714,0.0,0.0
2018-03-05,106.76775281389304,108.75288355104612,105.5605790215188,107.78714752197266,7142031,0.0,0.0
2018-03-06,108.64558182739329,109.10162426102082,96.62750251515502,99.90028381347656,14797586,0.0,0.0
2018-03-07,98.12975660938372,99.4978837898515,90.7794121269066,92.38897705078125,39901321,0.0,0.0
2018-03-08,93.35472326710178,95.17890055373955,85.84342447099687,90.64529418945312,35549750,0.0,0.0
2018-03-09,90.64528645048247,91.47689451413768,82.97302729207973,83.75098419189453,31361197,0.0,0.0
2018-03-12,85.01181618777267,88.20412079976104,80.4782098314093,87.05059814453125,36867220,0.0,0.0
2018-03-13,86.94330433836542,88.25778062754735,84.23386748754899,85.70930480957031,27822361,0.0,0.0
2018-03-14,84.12656084391506,88.63334182813296,83.99243291678711,87.85538482666016,24472244,0.0,0.0
2018-03-15,87.72124621195951,91.45007005972127,87.5602927052325,89.62590026855469,24216374,0.0,0.0
2018-03-16,89.86732013152678,90.3770136466533,85.38736578769519,86.1116714477539,22765608,0.0,0.0
2018-03-19,85.8434220952052,86.916467970122,82.9730320796692,86.16533660888672,21394394,0.0,0.0
2018-03-20,85.28008049382738,87.66759507137499,84.93134038374107,86.35311889648438,17242124,0.0,0.0
2018-03-21,86.78232781383818,89.14302410283334,86.46042082975518,87.02376556396484,14220268,0.0,0.0
2018-03-22,87.13107166964238,87.90902860570085,85.06546420523136,85.54833221435547,11326269,0.0,0.0
2018-03-23,83.16080604180593,83.80463502951349,79.78072263650212,81.79267883300781,18236099,0.0,0.0
2018-03-26,81.81951542492224,89.19668663413569,80.88060491089591,87.85538482666016,22902521,0.0,0.0
2018-03-27,89.00891010353219,89.97464623083982,85.09229939777175,85.78977966308594,22051871,0.0,0.0
2018-03-28,85.25325848539627,86.86281615689624,82.99986422357857,83.91194915771484,21470217,0.0,0.0
2018-04-02,84.39479937208316,87.1578866881199,81.12202603759778,86.32627868652344,18337901,0.0,0.0
2018-04-03,84.90451200066981,87.61394101453283,83.99242713485582,87.13107299804688,21100128,0.0,0.0
2018-04-04,87.15788988906296,89.27714834076312,78.92228631039413,81.25615692138672,61208164,0.0,0.0
2018-04-05,84.02326865421237,96.62676270837652,79.75893251441639,93.40481567382812,42856294,0.0,0.0
2018-04-06,93.6575239219418,97.7007503806096,93.31006085010235,94.60515594482422,16557821,0.0,0.0
2018-04-09,94.88943747433773,96.02659124374384,92.0149535520148,92.96258544921875,8024416,0.0,0.0
2018-04-10,93.81546027419577,95.36326116856198,92.67830641242742,93.34164428710938,7711830,0.0,0.0
2018-04-11,93.53117668164589,93.97340444961569,90.08811172868688,91.32003784179688,7993153,0.0,0.0
2018-04-12,91.35162987842989,92.42560735273591,85.06567616234665,85.98171997070312,12107380,0.0,0.0
2018-04-13,88.6982549442107,90.34081299515834,86.92934396255481,88.06649780273438,18682047,0.0,0.0
2018-04-16,87.62426992755235,89.64587925556593,86.55029255431742,88.91936492919922,7913136,0.0,0.0
2018-04-17,89.36160312875596,90.30923519440216,87.0556994372923,88.12968444824219,5496341,0.0,0.0
2018-04-18,89.07731174409726,89.07731174409726,85.72901145729989,86.3923568725586,5139668,0.0,0.0
2018-04-19,85.60264595747657,89.89856973974176,85.28676368520446,89.48793029785156,9986051,0.0,0.0
2018-04-20,89.07730893585406,89.07730893585406,85.91853815644667,86.99251556396484,6122099,0.0,0.0
2018-04-23,87.81380453890267,89.70906104896106,86.92934899685368,88.2876205444336,6960812,0.0,0.0
2018-04-24,88.7930122527323,89.2668282314773,86.45552810379279,87.11886596679688,5641426,0.0,0.0
2018-04-25,87.18203742057102,88.12966932358633,86.32917021027012,86.89775085449219,4277522,0.0,0.0
2018-04-26,87.18204466462257,89.55112461901028,85.91853785963745,88.79301452636719,4409996,0.0,0.0
2018-04-27,89.04571782368075,93.87863478144398,88.60349007910068,89.58271026611328,11783652,0.0,0.0
2018-04-30,89.93016824951025,91.22526317771533,87.56108849690854,88.50872039794922,3973908,0.0,0.0
2018-05-02,88.66667318250764,89.39318756297196,78.46384606069769,81.74896240234375,13025322,0.0,0.0
2018-05-03,82.12801422033388,82.44389657212044,77.89526582704838,79.85370635986328,20057125,0.0,0.0
2018-05-04,80.04321796613972,83.6758044480486,79.3798801368172,79.98004150390625,20059687,0.0,0.0
2018-05-07,80.29592633843146,82.0648372883001,78.87447842970171,80.61180114746094,19006661,0.0,0.0
2018-05-08,81.02245022002515,84.33915488663608,79.47464920009193,83.04405975341797,7209269,0.0,0.0
2018-05-09,82.38070684913617,83.04404465704557,80.89608257076794,81.52783966064453,5556490,0.0,0.0
2018-05-10,82.06485558199822,82.57025989634772,79.41148856571313,80.01165008544922,7504479,0.0,0.0
2018-05-11,80.5802027802167,81.74894468507026,77.95842491728246,80.73814392089844,9263105,0.0,0.0
2018-05-14,80.76973472133612,80.86449189669916,76.8212661750546,78.33747863769531,7854960,0.0,0.0
2018-05-15,78.33749144007537,81.7805488827643,76.63175683588325,77.895263671875,10525423,0.0,0.0
2018-05-16,77.70573668724279,78.84289051151549,76.22111230838298,77.76890563964844,6247641,0.0,0.0
2018-05-17,78.59017698815438,79.34828697579019,76.94761912039414,77.95842742919922,4922000,0.0,0.0
2018-05-18,78.21113383638952,78.33748676606942,74.26267239247579,74.92601776123047,6429588,0.0,0.0
2018-05-21,75.17871351539382,76.37904376975563,73.28344968382764,74.67330932617188,4982120,0.0,0.0
2018-05-22,75.74730896733777,78.02162450717663,74.7049121538924,77.23193359375,5766771,0.0,0.0
2018-05-23,77.07398795419383,77.35827456322761,73.78886402817137,74.16791534423828,3996194,0.0,0.0
2018-05-24,74.54696893099212,76.12635055556923,73.06234449472022,75.27348327636719,6809081,0.0,0.0
2018-05-25,75.21031594496509,79.5378293335354,74.57856622322402,78.84290313720703,8545640,0.0,0.0
2018-05-28,78.27431179732497,83.07564058421859,78.27431179732497,81.90689849853516,7804639,0.0,0.0
2018-05-29,80.86449197248437,81.71735913599906,77.54778800594144,78.14795684814453,6376433,0.0,0.0
2018-05-30,77.1371484953191,79.09558114255692,76.7580972575332,77.95842742919922,3324790,0.0,0.0
2018-05-31,78.33749430391616,78.49543548121356,75.96841420478268,76.44223022460938,7144834,0.0,0.0
2018-06-01,76.44223557979343,77.20034577186509,72.99917777002968,75.52619171142578,9722786,0.0,0.0
2018-06-04,75.77888255413573,76.44222038930661,71.79883300691681,73.44139099121094,8032675,0.0,0.0
2018-06-05,73.28345497780634,74.10474153966187,71.41978675500417,72.90440368652344,4918698,0.0,0.0
2018-06-06,72.96757985560646,75.58935816232707,72.30424197658802,74.70490264892578,6253502,0.0,0.0
2018-06-07,74.70489715183989,80.99084998355309,74.70489715183989,79.22193908691406,17145197,0.0,0.0
2018-06-08,78.8112995728214,80.35910036299855,77.42143993839633,79.79051971435547,8320813,0.0,0.0
2018-06-11,80.67499021269464,83.9285185316314,80.16958593206711,81.02245330810547,10227843,0.0,0.0
2018-06-12,80.42226922301542,81.43307759456596,79.69575493149974,80.64338684082031,3525932,0.0,0.0
2018-06-13,81.21196741578339,83.80215729249564,81.05402626035053,81.59101867675781,10410157,0.0,0.0
2018-06-14,81.18037889450792,85.19201661958249,80.3590999133217,84.6234359741211,15420224,0.0,0.0
2018-06-15,85.2867894234727,86.6766493047181,83.01248144914292,83.67581939697266,13898773,0.0,0.0
2018-06-18,83.96009307902062,85.91853340812126,82.41229976452756,84.87613677978516,13121499,0.0,0.0
2018-06-19,83.77057681236296,85.63425257065134,81.43308505600015,82.0648422241211,8714922,0.0,0.0
2018-06-20,81.4962587792305,83.61263282624884,81.43308231333967,83.23358154296875,7630630,0.0,0.0
2018-06-21,83.20199095101577,83.83374807994713,81.18038166015192,82.03324890136719,5664223,0.0,0.0
2018-06-22,82.001658064305,82.75976058528762,80.58021020341428,82.34912109375,6427410,0.0,0.0
2018-06-25,82.12800630673604,82.8229399016394,80.04322054615537,80.23274993896484,4307412,0.0,0.0
2018-06-26,79.09558598124083,82.75976069076764,79.09558598124083,81.59101867675781,8685766,0.0,0.0
2018-06-27,80.86449496646235,80.86449496646235,71.07230882601324,72.71487426757812,18195059,0.0,0.0
2018-06-28,71.70406880067246,73.06234022371696,68.67165115054615,69.08229064941406,13624874,0.0,0.0
2018-06-29,69.55611135076083,72.1463014468936,69.55611135076083,71.48296356201172,9766020,0.0,0.0
2018-07-02,71.26185502915159,71.86202403524331,63.712393900605655,66.36576080322266,22074830,0.0,0.0
2018-07-03,66.08146640230244,68.1978405254856,64.81795957520899,67.12385559082031,11787383,0.0,0.0
2018-07-04,67.15543111187154,68.70323175269463,65.54446152690751,68.03988647460938,11036532,0.0,0.0
2018-07-05,68.26101190663326,68.26101190663326,66.04987324598416,66.90274047851562,6545131,0.0,0.0
2018-07-06,66.17622104959872,71.19865936077076,64.91270690242102,70.09309387207031,19356589,0.0,0.0
2018-07-09,70.44056702458148,71.6093091401299,68.67165597831085,70.53533172607422,9358024,0.0,0.0
2018-07-10,71.38820371689589,72.8728207564629,70.81962298255873,72.0831298828125,8739556,0.0,0.0
2018-07-11,72.33582966871587,79.28512078998523,72.083123802741,78.40066528320312,41430172,0.0,0.0
2018-07-12,78.62178050925844,79.91687562028316,76.63175924580699,78.52702331542969,12897744,0.0,0.0
2018-07-13,78.7481251707449,83.51786556653602,77.29508903600438,83.17040252685547,40819011,0.0,0.0
2018-07-16,82.75976285070355,85.19201914752651,81.62260903810187,84.4023208618164,28399661,0.0,0.0
2018-07-17,85.31836926280054,89.45636026249632,84.78137680279856,87.37157440185547,30615637,0.0,0.0
2018-07-18,87.33997828167321,90.97256472700663,85.88694220112697,89.83540344238281,24172884,0.0,0.0
2018-07-19,90.59351270887346,97.41645838890084,89.10889579895236,95.42642974853516,22465016,0.0,0.0
2018-07-20,96.08977174817427,104.04987100513392,94.57355914643995,102.94430541992188,42113359,0.0,0.0
2018-07-23,101.93349638392989,108.91437542829699,100.4488720234819,108.1562728881836,36429184,0.0,0.0
2018-07-24,108.02992597706536,118.7697451123927,104.33416274208,117.53782653808594,84444898,0.0,0.0
2018-07-25,116.87448195328064,129.69909454686803,116.05320289805944,126.22443389892578,88858638,0.0,0.0
2018-07-26,122.74978614570813,127.58269539596726,119.43307443945056,124.92933654785156,66162047,0.0,0.0
2018-07-27,125.50243484875816,131.01554682772687,120.71807197378882,124.13999938964844,44416991,0.387794,0.0
2018-07-30,124.96381346678379,126.99162051063509,121.89041405971996,122.65084075927734,21685477,0.0,0.0
2018-07-31,122.58747042666309,125.59749968170216,121.06660949475034,123.85485076904297,13956426,0.0,0.0
2018-08-01,124.2033727006028,125.21727993675715,121.44682417589321,122.46072387695312,8364175,0.0,0.0
2018-08-02,122.30231561128262,127.81542062672091,117.54962977975563,124.52023315429688,26533948,0.0,0.0
2018-08-03,123.25284600563609,129.46301516452743,122.93600279327083,125.5658187866211,31802007,0.0,0.0
2018-08-06,126.73813604718924,128.10057157106107,124.3301157271562,125.59749603271484,13783939,0.0,0.0
2018-08-07,124.83705601008603,125.02716642638772,118.27835967408468,120.49627685546875,21206813,0.0,0.0
2018-08-08,115.36338544601159,132.25124211053097,113.43063377273207,126.51634216308594,55314801,0.0,0.0
2018-08-09,129.27288782856496,131.11059178338718,125.59748745401455,126.95993041992188,23748439,0.0,0.0
2018-08-10,126.51635951766464,127.94216531605821,124.26675682289131,126.19951629638672,14473803,0.0,0.0
2018-08-13,124.20338343123457,125.97771748025221,122.14389124401592,123.18948364257812,11210689,0.0,0.0
2018-08-14,123.37959196207737,130.16007770712008,123.2845367334806,128.19564819335938,20777577,0.0,0.0
2018-08-16,125.78758768112382,130.54026500086047,125.78758768112382,128.57582092285156,14732446,0.0,0.0
2018-08-17,128.0055194673801,130.98387099443974,127.1817226739702,128.6708984375,8569903,0.0,0.0
2018-08-20,128.73427554265794,135.7682412738023,128.1005740748507,134.65927124023438,30872546,0.0,0.0
2018-08-21,135.60980519493114,140.6793414676815,134.37410996693893,135.16622924804688,34411752,0.0,0.0
2018-08-23,135.92665051434568,136.40191905006677,129.33626115702583,133.61367797851562,22438632,0.0,0.0
2018-08-24,133.07504766258165,135.92665905610613,131.3957764489784,132.3146209716797,12187310,0.0,0.0
2018-08-27,133.26514565180227,135.1662197365333,131.36407156707122,134.2473602294922,12303976,0.0,0.0
2018-08-28,134.75432537993075,147.3330801939292,132.72651095297567,145.55874633789062,56713612,0.0,0.0
2018-08-29,146.82614528329114,149.9629148411651,139.3485884343548,141.50314331054688,44981172,0.0,0.0
2018-08-30,140.99619434205187,146.540999846546,139.28523035049437,141.9467315673828,44266980,0.0,0.0
2018-08-31,142.58042798338624,144.86170820023665,140.90114159348647,142.7388458251953,22107612,0.0,0.0
2018-09-03,143.2140979455203,144.10126488393453,129.36795518489234,133.3918914794922,31267861,0.0,0.0
2018-09-04,133.70875812487947,137.13070145510414,128.00554938155608,133.32855224609375,45530498,0.0,0.0
2018-09-05,131.9344064734303,137.32077878725568,130.4135530180554,133.67706298828125,55270563,0.0,0.0
2018-09-06,148.14600116719953,168.54076129980777,137.62764111240458,161.67666625976562,74817700,0.0,0.0
2018-09-07,163.2075169291579,167.8000370960623,153.77555151467516,155.40516662597656,42704819,0.0,0.0
2018-09-10,156.04712420158322,156.04712420158322,147.8003239514612,148.88673400878906,20590646,0.0,0.0
2018-09-11,149.13361202966905,151.8002365154998,144.4917079143063,146.4176025390625,15083637,0.0,0.0
2018-09-12,146.66455082898577,148.29415092123122,140.9856204096816,147.05960083007812,16166704,0.0,0.0
2018-09-14,147.89908641803692,151.01014631461408,146.41762645391634,148.73858642578125,8859644,0.0,0.0
2018-09-17,148.34351439919553,153.72614900101732,144.98554466691846,150.170654296875,10925422,0.0,0.0
2018-09-18,150.0718981540276,152.93606325660528,144.4917380643048,146.6151580810547,7447741,0.0,0.0
2018-09-19,147.55339732896135,148.83733223298677,143.504082718037,145.52874755859375,5315295,0.0,0.0
2018-09-21,146.17070292597344,151.60272229146568,131.0104246687514,136.73873901367188,12829824,0.0,0.0
2018-09-24,136.73874488830407,138.02267980752825,129.52897040668154,132.8375701904297,5960439,0.0,0.0
2018-09-25,131.849924660077,140.63991360933997,124.0969530691063,136.63998413085938,8571550,0.0,0.0
2018-09-26,138.66464066556262,140.73869055444067,132.04745612370752,134.81285095214844,6768299,0.0,0.0
2018-09-27,134.31902614922012,141.28189044525791,131.05981147126747,140.4917755126953,9769528,0.0,0.0
2018-09-28,140.88682771726056,141.62755765283015,124.04757170303526,128.98577880859375,11876058,0.0,0.0
2018-10-01,125.43026494855783,136.8868936018559,120.04763060850391,135.65234375,9826192,0.0,0.0
2018-10-03,135.30668569261036,139.7510658795939,128.44259041786285,133.13388061523438,6829117,0.0,0.0
2018-10-04,127.800607238681,132.64005217729513,125.43027731745087,131.30673217773438,7184987,0.0,0.0
2018-10-05,129.92404882697127,134.0721339346687,126.6648337172837,128.59072875976562,6099515,0.0,0.0
2018-10-08,127.40552775014045,133.18322631572147,119.85008215561345,131.5042266845703,10658358,0.0,0.0
2018-10-09,134.31904591132925,135.99803097118266,127.75124565035908,134.22027587890625,7186017,0.0,0.0
2018-10-10,134.81286127505095,146.0225814091479,133.3314012610394,141.97325134277344,9209149,0.0,0.0
2018-10-11,136.29432681080814,141.62757704924155,133.47954664207367,136.49185180664062,8421556,0.0,0.0
2018-10-12,138.36838630742145,143.60286686711726,138.36838630742145,142.07203674316406,6338784,0.0,0.0
2018-10-15,145.18306974012415,151.8496392690074,142.02262497750627,150.56570434570312,9011923,0.0,0.0
2018-10-16,150.46695162296538,158.022391172841,149.8743616279914,155.70143127441406,9671300,0.0,0.0
2018-10-17,158.12116303955315,161.62727282844034,152.34346326683553,159.75076293945312,11660585,0.0,0.0
2018-10-19,156.54093587239583,168.5901405406495,156.54093587239583,166.66424560546875,11861481,0.0,0.0
2018-10-22,168.98521321617034,174.5159882784003,162.36801303517714,166.41734313964844,13950566,0.0,0.0
2018-10-23,166.91114075172956,169.72592045520403,163.94822109341482,167.454345703125,8339433,0.0,0.0
2018-10-24,168.8864506600166,170.1210007379407,163.0593803202914,165.47909545898438,5451065,0.0,0.0
2018-10-25,164.6889744436128,172.24441461939637,159.50386430370895,169.9728546142578,7460591,0.0,0.0
2018-10-26,171.84933869735053,172.59006860552878,163.25687477652073,164.68894958496094,6982991,0.0,0.0
2018-10-29,166.56546179529178,170.46665142572266,163.00996722540313,169.6271514892578,5332500,0.0,0.0
2018-10-30,170.36788010067102,171.84933992763337,166.02227063632355,166.9605255126953,3885243,0.0,0.0
2018-10-31,164.93586865593406,171.65182320805786,162.6642937981318,167.89878845214844,10254679,0.0,0.0
2018-11-01,168.9358006737754,175.89866468460434,166.76299600087108,172.83697509765625,8041754,0.0,0.0
2018-11-02,174.41718994392136,177.281339257613,171.6517955654198,173.42955017089844,6839045,0.0,0.0
2018-11-05,173.92341330933496,174.5653732933701,153.8743179170484,166.41734313964844,12668556,0.0,0.0
2018-11-06,166.17040817841416,166.91113808114113,159.99765898902285,162.41737365722656,5834504,0.0,0.0
2018-11-07,162.96059448794543,166.91115435431985,162.66429948392937,163.70132446289062,1138303,0.0,0.0
2018-11-09,163.45440714283814,165.7259819781964,161.9235622492148,164.24452209472656,4079435,0.0,0.0
2018-11-12,163.94823209432283,165.82474197576028,156.19525244009975,158.26930236816406,4332207,0.0,0.0
2018-11-13,158.26930309818832,160.98531297974847,156.78784316279186,160.14581298828125,3641712,0.0,0.0
2018-11-14,161.2815920833379,161.7260270061109,156.29400777842474,158.86187744140625,3263131,0.0,0.0
2018-11-15,159.75076347819046,164.19514329674908,158.022393548751,160.83717346191406,5297431,0.0,0.0
2018-11-16,160.98532812351294,161.82482819395128,155.55330784940668,159.45448303222656,3885301,0.0,0.0
2018-11-19,160.39271546392325,162.3679952852533,157.5779507606414,160.096435546875,3424402,0.0,0.0
2018-11-20,159.65199215401773,161.6272720572914,155.01008739536258,158.1705322265625,4293856,0.0,0.0
2018-11-21,159.60263031233472,159.99768028496214,156.54094027880558,159.01004028320312,4209404,0.0,0.0
2018-11-22,159.89887811641623,159.9482631206157,155.60265401443644,156.54090881347656,2405010,0.0,0.0
2018-11-26,156.5409466461212,157.92363667674869,153.72616649854038,155.40516662597656,2428238,0.0,0.0
2018-11-27,155.4051519937631,159.01003177931773,152.34346212397367,157.18289184570312,3925863,0.0,0.0
2018-11-28,157.18289910629392,157.6273491599986,154.3681341639095,156.047119140625,3156482,0.0,0.0
2018-11-29,157.38042909081568,173.38019296486308,156.73845409331594,167.80001831054688,13648898,0.0,0.0
2018-11-30,166.41731068004262,172.63944459784437,161.47911155007102,162.9605712890625,9405499,0.0,0.0
2018-12-03,163.99761222170577,166.41732701892226,161.47912740411746,164.6395721435547,3213684,0.0,0.0
2018-12-04,163.89884817493814,164.44205316640264,158.02239343317973,160.7384033203125,3797368,0.0,0.0
2018-12-05,159.0594082111001,162.91119777612323,153.8249137500308,155.4545135498047,8601249,0.0,0.0
2018-12-06,153.8742875410379,154.07181249173334,147.89906359382735,148.68917846679688,5714514,0.0,0.0
2018-12-07,149.9237521575399,152.4422371235933,148.1459971773734,151.01014709472656,7411261,0.0,0.0
2018-12-10,145.03492544056047,145.18306539758447,139.25722599360145,141.38064575195312,7484723,0.0,0.0
2018-12-11,137.2819570186314,153.92369668529693,132.83757711515054,150.0225067138672,9251826,0.0,0.0
2018-12-12,150.91139353834018,155.05947848373975,149.1830235552412,154.1706085205078,4377945,0.0,0.0
2018-12-13,154.0718231201172,156.6396928668613,152.09654333652594,154.0718231201172,3499313,0.0,0.0
2018-12-14,154.07183888118018,155.9483488394774,152.19532892288296,155.1582489013672,3389589,0.0,0.0
2018-12-17,155.15822635185526,156.93596602443046,154.41749646488623,155.99771118164062,1595605,0.0,0.0
2018-12-18,155.75080134762996,157.77546605438425,154.2693415724714,156.0964813232422,1689582,0.0,0.0
2018-12-19,158.02238470113014,160.6890094289239,156.54092484455703,158.21990966796875,2312343,0.0,0.0
2018-12-20,157.42980195168155,160.4914918237803,156.44216200199673,157.2816619873047,2539589,0.0,0.0
2018-12-21,157.82486709256128,159.50385199425233,150.12127246517866,157.38043212890625,5335334,0.0,0.0
2018-12-24,157.42981702675522,158.9112770931432,154.5656669264815,156.59033203125,3130614,0.0,0.0
2018-12-26,154.91131813252966,162.0717071204627,153.18294837682168,159.25692749023438,4065516,0.0,0.0
2018-12-27,160.24455274879062,165.72595648859559,157.87422332788483,160.34332275390625,10882426,0.0,0.0
2018-12-28,159.9483031659554,162.26926331272892,157.8248830854367,159.55325317382812,3905985,0.0,0.0
2018-12-31,160.83718031453353,162.17048527479392,158.21992526775782,159.01004028320312,3890636,0.0,0.0
2019-01-01,158.9112766068103,160.3433667227555,153.52864139611182,155.306396484375,4726656,0.0,0.0
2019-01-02,155.05945478284434,155.8989546743935,150.61507550562905,152.93603515625,2735262,0.0,0.0
2019-01-03,152.9854269713316,154.17060700423832,148.442292102553,150.61509704589844,2758876,0.0,0.0
2019-01-04,150.22002431861668,152.09653396938458,148.14597464550448,150.66445922851562,2777308,0.0,0.0
2019-01-07,151.0101387917041,152.5409836924042,148.39289901355082,149.3805389404297,2714218,0.0,0.0
2019-01-08,148.63982490327896,152.39286004112088,147.80032484750967,151.55335998535156,2791866,0.0,0.0
2019-01-09,151.70148229414585,152.5409670985577,145.77564337750246,147.50401306152344,4054809,0.0,0.0
2019-01-10,149.1336518390829,149.92376691584485,146.6645516430716,149.232421875,3534546,0.0,0.0
2019-01-11,149.23239148341784,150.7138512993213,147.2571117288799,149.62744140625,2254999,0.0,0.0
2019-01-14,149.13364322679507,149.28178320192418,145.18308314131707,146.5164031982422,2624582,0.0,0.0
2019-01-15,146.66454313038304,148.0966181469109,145.429993104033,146.81268310546875,1805678,0.0,0.0
2019-01-16,146.36824807584236,148.83734812796584,146.17072308571062,146.6151580810547,1574176,0.0,0.0
2019-01-17,146.56576570207815,149.3805456481524,144.54111581721386,147.15835571289062,2618859,0.0,0.0
2019-01-18,147.8497075212745,147.94847755104436,142.7633674621306,144.93617248535156,2306520,0.0,0.0
2019-01-21,144.68924683472906,146.1707066999311,142.46705703692606,144.1460418701172,1763205,0.0,0.0
2019-01-22,143.6028444017517,144.83739435386508,139.9485795575341,143.89913940429688,2261667,0.0,0.0
2019-01-23,143.7015977872835,144.6892376346188,140.2942433280144,141.2324981689453,2322990,0.0,0.0
2019-01-24,141.23252092637708,142.26954594721724,139.35601094214476,140.7880859375,1678843,0.0,0.0
2019-01-25,141.0843630981659,143.65221774791297,134.46716383606747,135.65234375,3297651,0.0,0.0
2019-01-28,136.2943261689363,139.2572463030436,117.47978030331664,134.71409606933594,9404485,0.0,0.0
2019-01-29,134.7634678412963,142.0226274845184,131.94870303263906,139.05970764160156,4301493,0.0,0.0
2019-01-30,139.1584620875978,139.7510520820995,134.81285236188396,138.1708221435547,3102926,0.0,0.0
2019-01-31,137.77574769182294,139.99793717072333,133.33136873402222,135.4547882080078,3498642,0.0,0.0
2019-02-01,135.25727407852924,143.01025290818643,132.8869444729998,141.2324981689453,7091209,0.0,0.0
2019-02-04,141.13374237903236,141.13374237903236,119.80072856884706,121.57847595214844,9832462,0.0,0.0
2019-02-05,120.49207402618838,125.82533126879274,118.12173663668702,122.71426391601562,8484607,0.0,0.0
2019-02-06,122.3192058628395,122.66487833708375,113.38106886837583,121.38095092773438,9905219,0.0,0.0
2019-02-07,120.68959131636484,125.23274082987284,117.5785316968072,122.41796112060547,9826247,0.0,0.0
2019-02-08,121.4797137636127,123.89942862535405,114.26993911970182,122.22044372558594,8059813,0.0,0.0
2019-02-11,121.43031828546383,121.72661325875201,114.3686992847353,116.73902893066406,7048335,0.0,0.0
2019-02-12,115.75140371065855,118.5167986942286,113.92427123780821,115.5044937133789,3698931,0.0,0.0
2019-02-14,116.98595416780955,118.02297917459511,114.56623919877015,116.6402816772461,4962697,0.0,0.0
2019-02-15,116.68966739686307,119.65258739406605,115.0600598913824,118.31927490234375,4509378,0.0,0.0
2019-02-18,116.8378063003265,118.41802867545518,114.66499394131675,116.04769134521484,2569451,0.0,0.0
2019-02-19,116.93656912726206,118.31926653519604,115.35634674752096,116.78842163085938,2644152,0.0,0.0
2019-02-20,116.49212747383534,119.6031947802337,114.76375758529123,118.56617736816406,3739081,0.0,0.0
2019-02-21,118.31926707523866,119.50443198168024,116.44274969412722,117.92420959472656,2698192,0.0,0.0
2019-02-22,118.76370568114315,129.08454029178662,118.31927071134317,126.46730041503906,14695085,0.0,0.0
2019-02-25,123.45498980897845,132.24497905530205,121.4797099720348,130.36846923828125,12769956,0.0,0.0
2019-02-26,128.39320453730062,132.64005970141878,126.41792446749601,130.46725463867188,8879092,0.0,0.0
2019-02-27,132.14621650370714,134.61531615784895,127.94874709166608,130.61537170410156,5875292,0.0,0.0
2019-02-28,131.84992768506714,132.54127260645666,126.41790819242392,127.25740814208984,3960957,0.0,0.0
2019-03-01,128.73887773729064,133.5289226099421,127.2574177636518,132.19561767578125,7738116,0.0,0.0
2019-03-05,130.8622934669679,141.92385790070387,130.36847349162085,140.04734802246094,7598974,0.0,0.0
2019-03-06,140.98559397726555,141.97323386502225,136.49182947393493,137.5288543701172,4856085,0.0,0.0
2019-03-07,137.28193539858657,139.20783003942125,133.62767106748186,135.2078857421875,3496617,0.0,0.0
2019-03-08,134.07213669976235,137.62764690551208,133.7264566544121,136.49185180664062,3681442,0.0,0.0
2019-03-11,136.14616449495844,139.2078391035332,135.89925452312875,137.33132934570312,2550759,0.0,0.0
2019-03-12,138.7634156533384,148.88672533623318,138.3189806812981,146.56576538085938,12543653,0.0,0.0
2019-03-13,146.56575741358625,148.54103724433642,143.60283766746102,145.52874755859375,5700158,0.0,0.0
2019-03-14,145.57813206422395,147.35588710381256,141.82511206643656,143.75100708007812,4052596,0.0,0.0
2019-03-15,143.99791572795965,147.05959070102475,138.5165106867455,140.09674072265625,5981701,0.0,0.0
2019-03-18,140.63990863298133,143.20777827144104,138.61525899632872,142.12136840820312,4934286,0.0,0.0
2019-03-19,142.6645723908146,143.05963737035864,138.76339802271883,140.24485778808594,4320808,0.0,0.0
2019-03-20,140.24487966127566,140.93622464556782,136.34370468473603,137.7263946533203,3242462,0.0,0.0
2019-03-22,138.96094422068305,139.70167421660372,135.35606426861185,136.54122924804688,3147147,0.0,0.0
2019-03-25,135.30667779549293,135.89926781391424,131.84993785181246,132.68943786621094,2977535,0.0,0.0
2019-03-26,133.23262185199297,138.26959157308843,131.75116194228133,136.59060668945312,4180951,0.0,0.0
2019-03-27,136.83750090555034,139.20783045986158,134.56592629172584,135.80047607421875,2778662,0.0,0.0
2019-03-28,136.73874643078247,141.38065112631955,134.61532659171226,136.09678649902344,3966292,0.0,0.0
2019-04-01,145.62750425592645,151.30643383749506,143.3065594690511,149.57806396484375,7938713,0.0,0.0
2019-04-02,149.82498926349493,151.40521933668697,146.51640421114843,149.77560424804688,6228254,0.0,0.0
2019-04-03,148.44228235132138,150.7632271112213,144.78801767708276,145.7262725830078,3416023,0.0,0.0
2019-04-04,146.12131480740035,148.4422745149646,143.65221514836963,145.6768798828125,3963980,0.0,0.0
2019-04-05,146.1707147989901,147.35587974278178,144.39295984820765,145.0843048095703,2004719,0.0,0.0
2019-04-08,145.67688478834677,146.81266464167192,139.3559954764534,140.1954803466797,4399839,0.0,0.0
2019-04-09,140.54116972195214,145.18307453312286,135.75110987424594,144.1954345703125,8432342,0.0,0.0
2019-04-10,143.9485310972719,145.57813108161764,140.29426608345474,141.08438110351562,4356153,0.0,0.0
2019-04-11,140.985602574991,141.38065252610951,136.88690281892525,139.25723266601562,3535449,0.0,0.0
2019-04-12,139.05970778775136,142.66458757234636,137.4794778417924,139.65228271484375,5769634,0.0,0.0
2019-04-15,139.25721088543568,143.35591000044275,138.81277599239195,141.18310546875,4375074,0.0,0.0
2019-04-16,140.4423757569927,143.5534501516279,140.4423757569927,141.28187561035156,3648947,0.0,0.0
2019-04-18,141.33128159012438,142.66458646840732,135.94863185533427,136.88690185546875,3954004,0.0,0.0
2019-04-22,136.29430236903576,136.93626225791598,132.6894228634374,133.47952270507812,3189574,0.0,0.0
2019-04-23,133.72642357650932,134.6153084431722,129.92401936915616,130.86227416992188,4084835,0.0,0.0
2019-04-24,131.10920841343778,135.40544838952482,130.46724844928235,134.46717834472656,4329268,0.0,0.0
2019-04-25,133.43015263927668,135.3066623666512,132.1956028001649,133.08447265625,2112063,0.0,0.0
2019-04-26,133.3313886311565,133.97334854834196,128.64009903117136,129.77587890625,4350584,0.0,0.0
2019-04-30,130.17094193336484,130.17094193336484,123.45498759420245,125.47965240478516,4006829,0.0,0.0
2019-05-02,124.44263487537461,128.39319471268809,123.25746993821852,125.08460235595703,3754433,0.0,0.0
2019-05-03,122.46734827346746,127.40554780062341,121.47970836803627,126.71420288085938,6222801,0.0,0.0
2019-05-06,124.1957167661353,125.82532409950903,123.5043718538407,124.04756927490234,1996014,0.0,0.0
2019-05-07,124.83767469069126,125.43025707536714,118.56616334394167,120.83773040771484,4593214,0.0,0.0
2019-05-08,120.29453993219778,122.12167219610336,118.91184259853341,119.4056625366211,2661345,0.0,0.0
2019-05-09,120.393309708453,120.68959716820363,117.67729988438455,118.61555480957031,2907774,0.0,0.0
2019-05-10,119.50442454020182,120.78835938814251,117.77605476379395,118.51678466796875,2835247,0.0,0.0
2019-05-13,119.2081361227649,119.40566862913536,115.20819894121978,116.14645385742188,2124122,0.0,0.0
2019-05-14,114.91190641314621,123.01055850571453,113.57859399070902,121.82538604736328,4548264,0.0,0.0
2019-05-15,122.66486773823688,123.40559763408395,114.66498637010736,115.94892120361328,3659017,0.0,0.0
2019-05-16,116.64026683444973,118.0229641558467,111.60330501766256,117.33161926269531,5368281,0.0,0.0
2019-05-17,116.29460217153155,119.05999699941476,114.6649947742109,117.82544708251953,4631007,0.0,0.0
2019-05-20,129.57835563429148,152.98541893096555,126.51668089736681,150.07188415527344,37670288,0.0,0.0
2019-05-21,152.78787987896973,156.9853491892172,146.61513089331171,152.73849487304688,39732349,0.0,0.0
2019-05-22,153.13356164676895,156.83721108161413,150.91137198586185,155.99771118164062,13565092,0.0,0.0
2019-05-23,167.40497232810839,178.5653068306869,155.75081784816084,159.05941772460938,61334483,0.0,0.0
2019-05-24,160.34335842514025,161.72604838324148,149.97313852881027,154.46688842773438,19435041,0.0,0.0
2019-05-27,157.13354425498403,158.7137593559428,153.23235384561698,155.25701904296875,9664810,0.0,0.0
2019-05-28,155.1582413609091,158.36807118160743,154.1212164047994,155.70143127441406,5456461,0.0,0.0
2019-05-29,155.99772516215563,156.4421601201297,149.8743605618067,153.23233032226562,12993604,0.0,0.0
2019-05-30,156.1458740234375,157.42979383568596,153.18295432713083,156.1458740234375,6740283,0.0,0.0
2019-05-31,156.5409300377373,157.33104500149247,147.25712065663495,152.8372802734375,7553254,0.0,0.0
2019-06-03,152.09655220448485,159.89890177650918,149.77559229536652,157.08413696289062,7975636,0.0,0.0
2019-06-04,156.19525903237712,157.33105406765935,152.5903790821374,155.65206909179688,5502910,0.0,0.0
2019-06-06,154.96069930561598,155.84958428654622,149.3311547071488,151.25704956054688,3832155,0.0,0.0
2019-06-07,151.0595239242013,151.6521139088834,144.9855443970618,149.47930908203125,5016442,0.0,0.0
2019-06-10,150.12125278171445,153.5779921549776,145.18305367705278,148.09658813476562,3967379,0.0,0.0
2019-06-11,147.65216275444973,152.3434522065142,146.51638291518327,151.7014923095703,3413094,0.0,0.0
2019-06-12,152.09654192207958,157.38042132212337,148.68918734110966,151.30642700195312,7477081,0.0,0.0
2019-06-13,151.306472871594,156.88664894212914,147.15838712114402,151.2077178955078,7968656,0.0,0.0
2019-06-14,154.0718291119685,154.0718291119685,149.67683443659445,150.56570434570312,6589668,0.0,0.0
2019-06-17,151.1088992686717,152.04715412591008,145.42997004779025,146.07192993164062,3470303,0.0,0.0
2019-06-18,145.52874772405065,147.0102075987976,142.22014797570682,146.12132263183594,5764444,0.0,0.0
2019-06-19,146.61514811368593,147.89908306754225,138.86218351920405,141.0349884033203,4744374,0.0,0.0
2019-06-20,140.5411779809072,147.84970810711644,138.61528295428903,146.6151580810547,4477064,0.0,0.0
2019-06-21,145.18305962621164,150.12125893322565,144.14603475770105,144.98553466796875,4673136,0.0,0.0
2019-06-24,144.09665773451556,146.96082253339063,142.81273789970479,145.92379760742188,3240654,0.0,0.0
2019-06-25,144.68924918466382,150.07188376828068,143.0596493345505,148.98548889160156,4920288,0.0,0.0
2019-06-26,148.14598275677503,153.38047716155214,146.66452292920727,151.89901733398438,4779891,0.0,0.0
2019-06-27,150.4175646766139,153.0348044686683,149.62744971687636,150.9607696533203,2858423,0.0,0.0
2019-06-28,150.61508077323634,154.36811530818093,147.94845612768233,148.63980102539062,4642404,0.0,0.0
2019-07-01,148.78795775344182,153.67678773669996,146.22010283384373,152.19532775878906,6182608,0.0,0.0
2019-07-02,152.98541253669285,156.24462717928924,149.5286729306458,152.7878875732422,11741576,0.0,0.0
2019-07-03,154.46687292795662,155.6520528533355,152.29406818174328,153.67677307128906,5661251,0.0,0.0
2019-07-04,158.12116848187696,159.8001534514208,152.39285352385363,154.1706085205078,15687573,0.0,0.0
2019-07-05,154.36811362689298,154.911318565672,144.04728007084532,145.47935485839844,6607087,0.0,0.0
2019-07-08,141.47940579702185,144.44232529015318,135.84986177410985,137.18316650390625,5896584,0.0,0.0
2019-07-09,136.34367543771268,141.43001430628343,134.07210091643546,139.4053497314453,7317997,0.0,0.0
2019-07-10,140.2448641885708,140.73868413289676,135.55357471747425,137.62762451171875,5548654,0.0,0.0
2019-07-11,138.76341269202265,140.09673264987953,135.8004928480649,139.25723266601562,5098558,0.0,0.0
2019-07-12,139.2572323994005,141.67694725329542,136.0967875859343,138.56588745117188,6678610,0.0,0.0
2019-07-15,139.2572234799309,139.94856838387864,134.41779408210806,136.2449188232422,4491271,0.0,0.0
2019-07-16,136.19553485600886,139.2078395357207,134.91161505465942,138.417724609375,4954078,0.0,0.0
2019-07-17,138.46710868681706,139.25722360784968,135.30666407287524,136.34368896484375,3984405,0.0,0.0
2019-07-18,135.9980304213577,136.24494043122587,131.7018052917659,132.54129028320312,4247055,0.0,0.0
2019-07-19,132.59065869431674,133.52891360027596,128.6894840409985,129.77587890625,4256095,0.0,0.0
2019-07-22,129.13392668177593,132.5412815801825,127.10926171976362,130.02279663085938,5467444,0.0,0.0
2019-07-23,129.82527271699794,134.26965263932325,129.13392774311873,132.3931427001953,5753483,0.0,0.0
2019-07-24,131.80055878681864,132.34376381652163,126.2697761343413,128.1956787109375,5403438,0.0,0.0
2019-07-25,128.88700807206487,129.67712301298124,126.17099832341982,127.80059814453125,3977652,0.0,0.0
2019-07-26,127.80059194052109,132.5412662856968,126.81295207986733,130.22032165527344,3632048,0.0,0.0
2019-07-29,129.7624723364454,130.60444862265348,125.89931325160605,128.22711181640625,4349871,0.387794,0.0
2019-07-30,126.7908231803346,129.7624830986237,122.68002544857029,124.16585540771484,4167043,0.0,0.0
2019-07-31,123.81917648269994,128.07855917663392,123.02673073028154,127.58328247070312,3665392,0.0,0.0
2019-08-01,127.38517542693525,127.8804521352598,121.83807024784191,124.26492309570312,4462938,0.0,0.0
2019-08-02,123.72010982503834,128.52429186298014,122.13522604185327,126.88988494873047,4637509,0.0,0.0
2019-08-05,125.00782551918134,125.20594071687428,120.00553580525717,123.5219955444336,5259236,0.0,0.0
2019-08-06,122.82861630036248,128.22712907450594,122.82861630036248,126.98893737792969,3899290,0.0,0.0
2019-08-07,126.9889273086104,128.92050317918014,123.422937016693,124.41349029541016,3911797,0.0,0.0
2019-08-08,125.0078241184133,132.73414292345356,122.87814055766323,129.66342163085938,7070036,0.0,0.0
2019-08-09,133.4275527955445,134.61621396698908,128.8710157858992,131.14927673339844,8589075,0.0,0.0
2019-08-13,131.74359813011333,132.63509011671476,127.38516935061415,129.06910705566406,4226112,0.0,0.0
2019-08-14,129.6634250760937,131.19878576318624,126.14696528288631,129.41578674316406,4761139,0.0,0.0
2019-08-16,128.77191850003754,132.6846006930717,126.93938899860305,131.59500122070312,4087073,0.0,0.0
2019-08-19,131.54547984488445,135.6562699497131,131.05020320022348,134.219970703125,4261741,0.0,0.0
2019-08-20,134.41809148325424,135.50770625392292,130.80257766951343,134.36856079101562,4515865,0.0,0.0
2019-08-21,132.73415995330046,134.02188243846317,129.01958458147303,130.65399169921875,3426518,0.0,0.0
2019-08-22,129.7129619304947,130.05966165893156,124.90877955479537,125.70122528076172,3358838,0.0,0.0
2019-08-23,122.23427430815858,130.95113849832725,121.73899767608121,130.0596466064453,4374006,0.0,0.0
2019-08-26,130.85209956417899,134.66572077582805,127.08799392679428,133.9228057861328,5507570,0.0,0.0
2019-08-27,133.47704839934573,136.89445403673434,132.6350721038452,135.8543701171875,4495705,0.0,0.0
2019-08-28,134.91334876012743,135.80485574818454,130.901605100478,134.66571044921875,5312871,0.0,0.0
2019-08-29,136.6963672900461,136.6963672900461,129.11863993178207,131.09974670410156,6108447,0.0,0.0
2019-08-30,131.14925443338046,136.99352813077354,130.90161610165984,136.05250549316406,7806183,0.0,0.0
2019-09-03,134.31903552143817,135.60674273885456,131.74359085731717,133.9723358154297,3477541,0.0,0.0
2019-09-04,133.32850151565452,134.21999358214978,129.36628768297115,133.67518615722656,4313711,0.0,0.0
2019-09-05,133.72469064280475,137.34020401062324,132.09028380302777,134.4676055908203,6840367,0.0,0.0
2019-09-06,134.12092393939596,137.14211482388356,133.77423931915186,136.44873046875,3744649,0.0,0.0
2019-09-09,136.49824829459914,140.41093082191054,135.06194902693343,139.56895446777344,4349296,0.0,0.0
2019-09-11,138.7269969820595,143.53117156698073,138.7269969820595,142.59014892578125,4245005,0.0,0.0
2019-09-12,143.48163770691025,144.91793683039896,140.70808571159,141.69863891601562,3500479,0.0,0.0
2019-09-13,141.6491319188532,145.51228401623666,139.22227918513047,144.37315368652344,3561056,0.0,0.0
2019-09-16,142.6396825335424,145.8094502335811,141.7977061393963,144.57125854492188,3713796,0.0,0.0
2019-09-17,144.12551242994226,146.50283442416594,141.05479099897912,142.3920440673828,4167662,0.0,0.0
2019-09-18,142.6396768333359,144.62078345602114,140.75763158764255,142.7882537841797,3465608,0.0,0.0
2019-09-19,142.59015305665739,143.53117572511854,139.17274698980117,141.20338439941406,2662885,0.0,0.0
2019-09-20,141.6491168426118,150.66315759663533,139.96517931566325,147.69149780273438,7545363,0.0,0.0
2019-09-23,152.54520316317513,152.54520316317513,146.15613761206174,150.96031188964844,4136992,0.0,0.0
2019-09-24,149.8212115457653,151.5546801091047,144.02646773102921,146.6514434814453,4576924,0.0,0.0
2019-09-25,148.28582674855548,149.573549068097,144.12550589011997,146.15614318847656,4572108,0.0,0.0
2019-09-26,147.04764036847143,153.93198306174486,145.26464133271318,151.2574920654297,7013490,0.0,0.0
2019-09-27,151.2574754940335,151.2574754940335,145.80943271837344,148.03817749023438,4016921,0.0,0.0
2019-09-30,147.69149656950626,148.33535014028462,142.3920306021096,144.47219848632812,3528313,0.0,0.0
2019-10-01,144.71983631160558,146.3047124476465,139.17273204885447,142.29296875,3732047,0.0,0.0
2019-10-03,141.6491318328521,143.63023857177313,140.06424039585735,142.19393920898438,2070232,0.0,0.0
2019-10-04,142.59017354305834,143.1349809919085,136.25063717820282,138.677490234375,2382805,0.0,0.0
2019-10-07,137.14211126764576,138.6774720164714,133.97234350162682,134.51715087890625,2701943,0.0,0.0
2019-10-09,133.67516112980675,138.3307584886332,132.83319991678601,137.68690490722656,2682715,0.0,0.0
2019-10-10,136.6963583021476,137.7859730011383,134.02186735829525,136.10202026367188,2413888,0.0,0.0
2019-10-11,136.15154188632363,137.4887948265242,133.3284741781625,135.65626525878906,2780875,0.0,0.0
2019-10-14,136.59730055496334,150.96032409167043,135.70580858819798,145.7104034423828,10795909,0.0,0.0
2019-10-15,146.30472424836648,154.37774298039656,145.21512465094847,153.5357666015625,11048872,0.0,0.0
2019-10-16,153.53577169077678,159.38003050282583,153.53577169077678,158.63711547851562,9587304,0.0,0.0
2019-10-17,158.29041335996718,163.44128726915744,156.16071479040133,161.01443481445312,6523046,0.0,0.0
2019-10-18,173.24776957831918,174.13927663488016,163.54035913649,173.44589233398438,14162661,0.0,0.0
2019-10-22,172.8515660565941,178.29960968588503,171.76195128487782,176.9623565673828,7909839,0.0,0.0
2019-10-23,177.06141790256808,177.06141790256808,170.7713978501013,174.78314208984375,4743985,0.0,0.0
2019-10-24,173.34683807202558,178.29960487408346,172.65345374266644,177.30905151367188,4753708,0.0,0.0
2019-10-25,177.80431188291013,181.9646325920607,175.5260363400333,179.58731079101562,7857185,0.0,0.0
2019-10-27,181.1721885707684,182.50944154244564,180.28069666607928,181.66746520996094,1003411,0.0,0.0
2019-10-29,181.07315764389182,195.13901236504205,180.6274116538042,193.7027130126953,9534790,0.0,0.0
2019-10-30,192.51406437940992,195.58477093107012,190.48342683328147,193.9008331298828,4791525,0.0,0.0
2019-10-31,194.84184759119043,199.39839920301162,194.14846324538595,197.76397705078125,6584768,0.0,0.0
2019-11-01,197.12009729086267,200.48797230424628,194.3465451603239,198.556396484375,3522957,0.0,0.0
2019-11-04,199.05168217707833,201.97381138276376,196.37719129585176,199.0021514892578,3965499,0.0,0.0
2019-11-05,198.11067966852934,199.5965097660433,195.8324038294122,198.65548706054688,2326138,0.0,0.0
2019-11-06,197.12012111162792,207.71903917359552,196.72390580851783,205.58935546875,6220311,0.0,0.0
2019-11-07,205.9360331794816,208.41241652754965,203.55871121119407,207.17422485351562,3959490,0.0,0.0
2019-11-08,206.72847886876488,209.9973079110641,204.25209552075705,206.08462524414062,4057743,0.0,0.0
2019-11-11,204.99500261308953,210.24493813116638,204.10351068807287,208.85816955566406,2907157,0.0,0.0
2019-11-13,207.02563014681004,208.7590983418192,192.46450033166158,196.32765197753906,9836594,0.0,0.0
2019-11-14,194.39609571869158,201.23090781529982,192.2168813628632,200.38894653320312,4141184,0.0,0.0
2019-11-15,200.09177486841546,203.0634348912137,198.90311388222503,201.67666625976562,3314555,0.0,0.0
2019-11-18,201.87479255935176,203.65779176071842,198.20974788215943,199.24981689453125,2041767,0.0,0.0
2019-11-19,200.09178287835473,200.68612095256432,194.39610093998573,197.81350708007812,2954848,0.0,0.0
2019-11-20,196.62483959540842,205.49028903786441,196.22862430203116,203.75682067871094,3488019,0.0,0.0
2019-11-21,204.94546911803158,207.02563706743746,200.04223336831046,203.55870056152344,4409698,0.0,0.0
2019-11-22,202.81581390697082,204.35117473969632,198.20974652344003,201.52809143066406,2545651,0.0,0.0
2019-11-25,199.9926921696799,214.20713714269385,199.69553829079163,213.16705322265625,6805228,0.0,0.0
2019-11-26,212.72134044835335,215.64346992518048,205.1931286404115,208.6105499267578,5247790,0.0,0.0
2019-11-27,207.91714030268295,213.16707603474603,206.53037167065625,211.5326690673828,4051404,0.0,0.0
2019-11-28,210.7897450498716,214.15762022060997,208.51146943924562,211.0869140625,4234343,0.0,0.0
2019-11-29,210.39353533244298,219.40757728481026,209.70015097794825,212.8699188232422,7969827,0.0,0.0
2019-12-02,209.99731007261138,211.68124774366095,204.1035206666156,207.02565002441406,3169460,0.0,0.0
2019-12-03,206.03509734277577,207.96667335743535,201.62713794659243,205.8865203857422,2382612,0.0,0.0
2019-12-04,203.85589531088777,211.48315356403876,203.3606186046488,210.4430694580078,2917279,0.0,0.0
2019-12-05,210.98787182499663,211.68125617426242,205.39125122385363,206.4313201904297,2309030,0.0,0.0
2019-12-06,206.48084667585587,208.06573811158216,203.1129712682436,204.5492706298828,1958477,0.0,0.0
2019-12-09,203.95493465007957,207.71904051246736,200.48799782426227,205.49029541015625,2550809,0.0,0.0
2019-12-10,205.49027905992736,206.2331940349196,201.37948891082777,202.27098083496094,2139886,0.0,0.0
2019-12-11,201.18139993017374,205.83699784893,200.73563881212596,204.20257568359375,2155584,0.0,0.0
2019-12-12,204.94549290132886,210.3440210358783,204.6483389723388,208.4124298095703,2958155,0.0,0.0
2019-12-13,208.5114816277202,211.23550335919873,206.53037491391765,210.19541931152344,2867800,0.0,0.0
2019-12-16,210.09638134769943,211.23551170729684,207.42187508665282,208.51148986816406,2184582,0.0,0.0
2019-12-17,208.5114649716502,211.1859557987142,208.01618833276268,209.20484924316406,1968218,0.0,0.0
2019-12-18,209.79921430148738,210.44306796918474,203.6577862105021,206.18368530273438,2542320,0.0,0.0
2019-12-19,205.6883909406493,209.00675060993484,204.79689899812334,208.56100463867188,2180662,0.0,0.0
2019-12-20,208.0162200646518,218.71420011947734,207.52094335021215,216.73309326171875,6997898,0.0,0.0
2019-12-23,215.69297608185738,218.7141665998477,210.39351000367878,212.52320861816406,3709426,0.0,0.0
2019-12-24,212.5232219541293,214.90054392241686,205.638879269429,207.17422485351562,2984621,0.0,0.0
2019-12-26,206.97610473632812,209.1058033561188,203.65776031866528,206.97610473632812,3299177,0.0,0.0
2019-12-27,207.07517939292512,209.2048630346803,205.1436033968562,207.1247100830078,2240503,0.0,0.0
2019-12-30,207.9171467934616,209.60109961803533,206.03510143200796,206.678955078125,1938731,0.0,0.0
2019-12-31,206.72847475416702,208.7591120820458,205.68839074577605,206.3817901611328,1600059,0.0,0.0
2020-01-01,207.02565069538525,208.4619500337401,204.69784427089508,205.8865203857422,1553127,0.0,0.0
2020-01-02,206.03508177721255,211.1859557987142,205.53980513832502,209.20484924316406,2991937,0.0,0.0
2020-01-03,208.26383608808314,210.344004111515,203.8558768252,206.33226013183594,2512421,0.0,0.0
2020-01-06,205.78745115065644,205.78745115065644,195.88191800261038,197.6649169921875,4353179,0.0,0.0
2020-01-07,198.65546941953122,203.7568129221279,198.65546941953122,202.12240600585938,2966120,0.0,0.0
2020-01-08,199.10123513650066,201.62714935146,192.71216867370623,199.5965118408203,5762654,0.0,0.0
2020-01-09,199.99272859176898,206.92660250193933,199.99272859176898,206.0351104736328,3496063,0.0,0.0
2020-01-10,206.03509535976664,210.98786207514564,203.95492729344966,207.1247100830078,2769132,0.0,0.0
2020-01-13,208.66005465711805,214.20715939719213,207.61998574366805,211.5821990966797,3527267,0.0,0.0
2020-01-14,211.43361192469,213.46424933807396,209.8487356155608,212.3251190185547,1775182,0.0,0.0
2020-01-15,212.47368031555683,215.94061682420227,210.492573739188,214.55384826660156,1982079,0.0,0.0
2020-01-16,215.64344683669043,220.3981056213379,214.95006256103517,217.92172241210938,4280379,0.0,0.0
2020-01-17,213.95951557218254,227.0843469672354,211.6812399297351,226.24237060546875,10810744,0.0,0.0
2020-01-20,227.3815264077385,230.05601745206715,222.0325292044364,224.4098663330078,4546367,0.0,0.0
2020-01-21,222.2306531790972,224.8556135468924,218.41701668321488,222.131591796875,2813526,0.0,0.0
2020-01-22,222.67637643218802,225.84614384924882,219.0608479552891,223.76597595214844,2939366,0.0,0.0
2020-01-23,223.86506259758548,229.0159371211496,223.61742425400408,227.43106079101562,2650092,0.0,0.0
2020-01-24,223.3697838186569,230.20459599164036,216.93118694583532,227.5796356201172,7154795,0.0,0.0
2020-01-27,227.3319863064697,234.21632883835554,223.91458038492217,228.3720703125,5293975,0.0,0.0
2020-01-28,230.05600146641015,232.28474636759174,226.93576465061344,227.7281951904297,2161711,0.0,0.0
2020-01-29,229.51119177176832,236.0983801473509,228.8178074992448,230.10552978515625,3738186,0.0,0.0
2020-01-30,230.10555608844942,230.5513020921217,226.04428113355718,229.3131103515625,2192123,0.0,0.0
2020-01-31,228.81783146968175,232.3342990022098,225.004194899329,227.282470703125,2720308,0.0,0.0
2020-02-03,219.6056628232585,222.52779202516624,213.56329678306082,218.81321716308594,2720614,0.0,0.0
2020-02-04,220.54672917898694,225.00421989765664,219.9524061519524,223.32028198242188,2028088,0.0,0.0
2020-02-05,224.60796256897942,237.03940960620014,220.44764169867904,234.01821899414062,8985919,0.0,0.0
2020-02-06,235.15734580001077,241.29878831061535,231.88853202360715,234.26585388183594,8852675,0.0,0.0
2020-02-07,234.16679699636902,239.86247854244687,233.02766673301107,237.23751831054688,5052443,0.0,0.0
2020-02-10,237.23754059025117,242.83416128483105,235.30596447267507,242.1903076171875,5588211,0.0,0.0
2020-02-11,242.88368092768036,246.25157142155723,241.34832019625446,242.9827423095703,3533751,0.0,0.0
2020-02-12,243.5770654692213,249.0251089557318,242.68557349001387,247.34117126464844,4490312,0.0,0.0
2020-02-13,247.4402237956723,250.3623530837106,245.9048631178285,249.0746307373047,2563148,0.0,0.0
2020-02-14,250.11471106947582,256.1570923134475,249.17368844679672,253.730224609375,4968325,0.0,0.0
2020-02-17,254.47315970266257,254.96843639738526,249.27275440807426,250.11473083496094,2411524,0.0,0.0
2020-02-18,249.27275077907822,249.27275077907822,242.93321522477888,247.09353637695312,2430446,0.0,0.0
2020-02-19,247.63832693024884,253.08637012271433,247.53926555361915,251.6005401611328,2101729,0.0,0.0
2020-02-20,250.80809156280557,258.53441029572144,250.2632842269931,256.20660400390625,3108173,0.0,0.0
2020-02-24,252.3929871767458,253.43307117833044,241.7940697505151,244.914306640625,3309214,0.0,0.0
2020-02-25,247.440231741933,249.37180776625007,240.11012782718686,244.1218719482422,3309962,0.0,0.0
2020-02-26,241.69500861009212,243.97328425516525,238.72334866816476,240.50634765625,2897390,0.0,0.0
2020-02-27,239.16909143454976,239.16909143454976,229.85789645369246,231.93804931640625,3568055,0.0,0.0
2020-02-28,218.9122789534222,224.65749110725525,214.9500657596951,216.58447265625,3364181,0.0,0.0
2020-03-02,220.8934019350601,224.55844638818368,214.10810529164536,216.53497314453125,3162614,0.0,0.0
2020-03-03,218.91228801942745,226.490015020396,217.17881967538221,223.61741638183594,2992170,0.0,0.0
2020-03-04,223.96411930733942,224.85561127977138,211.53267169603546,219.0113525390625,5216787,0.0,0.0
2020-03-05,221.63630376942666,224.70702508538582,217.27787523836594,219.6551971435547,3159080,0.0,0.0
2020-03-06,213.0680284485312,214.7024354057623,205.53981705511268,212.72132873535156,4375226,0.0,0.0
2020-03-09,205.04454978128433,206.53037985216318,195.38665432057164,197.81350708007812,2763988,0.0,0.0
2020-03-11,195.53524023684344,203.06345231992836,190.43389613905475,193.9008331298828,3763186,0.0,0.0
2020-03-12,178.39865347625474,182.1627438844593,158.93427226972668,160.6182098388672,4834390,0.0,0.0
2020-03-13,144.57126557484207,159.8257969896771,128.52430353244813,147.34481811523438,7463176,0.0,0.0
2020-03-16,139.668025269099,140.95574767394166,127.43468509506107,133.4275360107422,6582749,0.0,0.0
2020-03-17,134.4180921059025,141.20338887860285,129.26721749677608,132.1398162841797,6388061,0.0,0.0
2020-03-18,134.61619823768964,135.70581300107457,125.89933303186817,128.9700469970703,4255688,0.0,0.0
2020-03-19,119.85696861471735,131.69407943431594,117.08341590483595,127.68233489990234,5517080,0.0,0.0
2020-03-20,136.69636948299743,140.26236777623814,127.48421982099677,136.39920043945312,4496351,0.0,0.0
2020-03-23,122.75182434930467,134.67286368278883,117.91357093567909,120.6070327758789,1456143,0.969485,0.0
2020-03-24,124.69710690563478,132.62783986047017,116.11794747270858,130.03414916992188,5125923,0.0,0.0
2020-03-25,125.69467890399224,134.57310648388187,124.69710208729389,131.9794158935547,2771318,0.0,0.0
2020-03-26,134.6728776737968,151.6316844919786,131.73002894676944,139.91015625,7980255,0.0,0.0
2020-03-27,145.64620888233185,150.63409274816513,125.94406761229038,127.68982696533203,4378366,0.0,0.0
2020-03-30,123.69951495545133,129.4854630541818,120.70678475491621,128.38812255859375,2397592,0.0,0.0
2020-03-31,131.3808735131478,138.1145175280544,129.13632550817894,137.26658630371094,2200227,0.0,0.0
2020-04-01,138.6133119153904,138.6133119153904,131.48064292702261,133.62542724609375,1997603,0.0,0.0
2020-04-03,133.67529155755636,134.27384372788296,127.68983074154639,128.73728942871094,1761897,0.0,0.0
2020-04-07,130.68257763206117,141.15713538119584,130.68257763206117,137.81524658203125,2463474,0.0,0.0
2020-04-08,136.51839456952277,146.79342368803188,134.5731075836127,137.76536560058594,3237290,0.0,0.0
2020-04-09,139.66076749407617,145.895623185776,139.66076749407617,142.10482788085938,2359428,0.0,0.0
2020-04-13,141.65591744200825,148.6389556257692,136.21912647187168,145.64622497558594,2204560,0.0,0.0
2020-04-15,147.69124350670032,150.5842100443902,142.85299009448735,144.8980255126953,3413325,0.0,0.0
2020-04-16,141.65592102229837,144.49902130055668,140.20943754918028,142.95277404785156,2685695,0.0,0.0
2020-04-17,146.59391243106134,148.19004145112893,141.2070036265085,143.55130004882812,2383979,0.0,0.0
2020-04-20,145.64619704058535,155.07329373617858,142.25444237631035,146.34449768066406,6835058,0.0,0.0
2020-04-21,142.65347900959625,142.65347900959625,133.82491845069652,135.6205596923828,3576177,0.0,0.0
2020-04-22,135.67045718922915,138.4636755286646,131.77991340267593,137.26658630371094,6012030,0.0,0.0
2020-04-23,140.15956115722656,142.1547150527031,137.16683031401175,140.15956115722656,3371195,0.0,0.0
2020-04-24,136.81764176401808,140.20941176257662,133.77504492979597,134.32369995117188,1823167,0.0,0.0
2020-04-27,136.06946016883367,138.0147469738664,133.77504586246886,134.27383422851562,2996533,0.0,0.0
2020-04-28,135.6205598274881,141.55613860796916,134.72274681665735,138.9624481201172,5721109,0.0,0.0
2020-04-29,139.66076047617048,140.35906123418835,135.3212950440778,139.16197204589844,4774187,0.0,0.0
2020-04-30,141.10723967398943,147.09270065886122,139.96003240728143,141.05735778808594,4899422,0.0,0.0
2020-05-04,136.56825846097308,137.16681063245852,129.68498459796078,131.23123168945312,6012691,0.0,0.0
2020-05-05,134.67286282371313,136.01959754067562,131.48062023077298,132.37843322753906,3112486,0.0,0.0
2020-05-06,133.32614870101045,135.07190830356967,126.9915444190993,132.9271240234375,6685480,0.0,0.0
2020-05-07,130.7823251781842,135.32128746188505,129.6849846043449,134.57310485839844,2423478,0.0,0.0
2020-05-08,136.568248029813,139.01232319185365,135.8699473642926,136.81764221191406,2431204,0.0,0.0
2020-05-11,137.5159664330893,142.95275688801405,137.16680846826276,139.71063232421875,2900696,0.0,0.0
2020-05-12,138.16438793711416,140.3590538708138,132.8772278092372,139.5609893798828,2901801,0.0,0.0
2020-05-13,144.64862947637107,144.64862947637107,140.4089282675809,140.80795288085938,3115038,0.0,0.0
2020-05-14,139.21184370274543,142.00506175136093,137.06704447710592,140.55856323242188,1587450,0.0,0.0
2020-05-15,141.05737950578674,143.35180961427585,139.66077781634996,140.70823669433594,2145697,0.0,0.0
2020-05-18,144.4491374701464,146.04525136938628,134.02446195961008,135.57069396972656,4941536,0.0,0.0
2020-05-19,137.46607576510957,145.5464381054475,134.1241876472516,139.36146545410156,5564024,0.0,0.0
2020-05-20,139.1619688273802,142.85300008166465,137.6656035711718,141.0074920654297,2872608,0.0,0.0
2020-05-21,141.8554176927393,143.6510589742806,136.7179032695375,137.96487426757812,2682428,0.0,0.0
2020-05-22,137.66560182937513,140.857844624534,136.2690003633101,137.76536560058594,2449109,0.0,0.0
2020-05-26,138.6631836156264,142.9527671603289,138.0147647449987,139.16197204589844,2657870,0.0,0.0
2020-05-27,139.41136935078507,141.25689267241958,138.16439824746854,140.65834045410156,2224751,0.0,0.0
2020-05-28,141.35664155152236,144.05009609649517,140.2593161111784,142.30433654785156,2816689,0.0,0.0
2020-05-29,140.75810700882036,153.22781828806328,140.75810700882036,147.99053955078125,9162612,0.0,0.0
2020-06-01,149.63652651967402,154.52464696392417,149.13773809794176,150.13531494140625,3985102,0.0,0.0
2020-06-02,150.6340980976833,152.23022708015924,147.89076187405,149.58663940429688,2482873,0.0,0.0
2020-06-03,151.38228322339376,157.5173746096194,149.2374991379495,150.28494262695312,5875845,0.0,0.0
2020-06-04,150.13531478675637,153.52706996231603,145.7958494334299,147.64137268066406,3146640,0.0,0.0
2020-06-05,148.53918094459638,154.62440557531843,148.09027442438568,152.08058166503906,4111095,0.0,0.0
2020-06-08,155.2229695825841,158.1159364638592,150.2849518184057,152.2801055908203,4899754,0.0,0.0
2020-06-09,153.826351246049,156.32029343623077,150.68399017514602,151.53192138671875,3005643,0.0,0.0
2020-06-10,152.37985342016927,154.37500698377212,149.88591146566566,151.48204040527344,4135121,0.0,0.0
2020-06-11,151.48205657139337,165.0490931186748,149.88592746144718,151.4321746826172,16533100,0.0,0.0
2020-06-12,143.65106326105465,152.92853080769396,140.65833277644933,151.9309539794922,4817295,0.0,0.0
2020-06-15,151.4321755646795,156.4699419241124,147.89077454635645,148.8883514404297,3214496,0.0,0.0
2020-06-16,153.1280477527049,153.62683618186682,142.40409652572396,145.84573364257812,2640377,0.0,0.0
2020-06-17,144.6486423876838,148.0902794553037,143.10239523503873,146.79342651367188,1252809,0.0,0.0
2020-06-18,146.3445224718196,149.08785883970987,145.64622171344686,147.4917449951172,2037814,0.0,0.0
2020-06-19,149.23750737652992,154.0258642243549,148.53919138289152,152.32998657226562,5245179,0.0,0.0
2020-06-22,154.12560761358844,155.82148504134943,153.2277946288365,154.27523803710938,4662143,0.0,0.0
2020-06-23,156.6195794533995,161.4079518058921,155.17309593593194,156.819091796875,4790074,0.0,0.0
2020-06-24,158.71447965114925,162.6050231972032,153.1280433176116,154.42489624023438,4078195,0.0,0.0
2020-06-25,152.87864639291274,168.78999349515323,152.62925218998794,161.25828552246094,14608370,0.0,0.0
2020-06-26,163.60260333865892,165.94691502400585,160.90914888903174,161.757080078125,6772909,0.0,0.0
2020-06-29,161.0088954733157,163.15369480689012,156.37016926796784,159.36289978027344,2937549,0.0,0.0
2020-06-30,161.00889838393033,163.75223473646938,154.87380681152342,155.8713836669922,3827240,0.0,0.0
2020-07-01,156.7691864585196,158.61470960873038,155.6718611226167,157.26797485351562,1681231,0.0,0.0
2020-07-02,159.41277939651874,160.55998665450753,155.77161485864062,157.816650390625,2152710,0.0,0.0
2020-07-03,159.6123046875,163.45298185776917,157.0185986476019,159.6123046875,4481657,0.0,0.0
2020-07-06,161.5575609475335,164.7996855722551,160.11107762086667,163.80210876464844,3515662,0.0,0.0
2020-07-07,164.101389098863,170.2364805357178,162.9042999431126,167.74253845214844,8172143,0.0,0.0
2020-07-08,167.59291048576495,169.08927575795929,161.00889719938402,162.6050262451172,3650115,0.0,0.0
2020-07-09,162.6050308157222,164.6999483444054,161.05878361329556,162.3556365966797,1711099,0.0,0.0
2020-07-10,161.10866016077242,163.004050073938,158.11592963147015,159.31301879882812,1950837,0.0,0.0
2020-07-13,161.05876827063977,162.05634505177946,153.9759822576362,155.67185974121094,2585981,0.0,0.0
2020-07-14,155.52222217134633,155.87138015161173,148.63894811257694,149.3871307373047,2352010,0.0,0.0
2020-07-15,149.73627927175733,153.47719215940802,146.64378519590736,147.3919677734375,2180415,0.0,0.0
2020-07-16,147.74115045696232,149.6365405485171,144.84816820660134,148.53919982910156,1473784,0.0,0.0
2020-07-17,149.38712756628968,153.52706524651293,148.63894495744347,151.23265075683594,2222846,0.0,0.0
2020-07-20,152.77888458209603,161.5076817963937,151.7314410938318,160.3105926513672,6329853,0.0,0.0
2020-07-21,161.05879169555928,167.692687388082,158.71449505200704,166.89462280273438,6517373,0.0,0.0
2020-07-22,166.5953387910679,171.58322318601006,161.60745439612575,168.98951721191406,4611051,0.0,0.0
2020-07-23,167.94207882668817,170.28637543125373,164.99921476579647,169.53819274902344,2199241,0.0,0.0
2020-07-24,166.99437525892975,169.3386871790003,163.25346169827438,168.3411102294922,1801357,0.0,0.0
2020-07-27,168.24132113539122,168.64036098825218,162.60501830732903,165.54786682128906,1156539,0.0,0.0
2020-07-28,165.89702381310855,174.47617510462163,163.4030818292128,173.12945556640625,4829045,0.0,0.0
2020-07-29,173.5783825479672,190.38755959033284,171.63311061549967,178.66603088378906,15392378,0.0,0.0
2020-07-30,178.7657772759747,180.9105767421484,172.83019777063907,174.62583923339844,3403335,0.0,0.0
2020-07-31,173.5783768026703,178.21710319746387,171.68298682286147,174.82534790039062,2644457,0.0,0.0
2020-08-03,174.8253416108462,178.26697867237442,170.7851523552198,171.83261108398438,2789132,0.0,0.0
2020-08-04,173.57835920009427,183.5541269702146,171.78271795710987,181.6587371826172,4208453,0.0,0.0
2020-08-05,182.55656541661844,184.35220680934162,178.067469545718,179.16481018066406,4042372,0.0,0.0
2020-08-06,179.6635896976595,187.5444404135456,177.06988390108694,185.49940490722656,6447296,0.0,0.0
2020-08-07,180.6112803577147,194.52747349408244,179.66358545428577,192.43255615234375,9386323,0.0,0.0
2020-08-10,192.43255106838365,197.81947470975777,191.8838960273978,195.22576904296875,4627306,0.0,0.0
2020-08-11,195.52505768110356,199.31585266010006,193.92892867253207,195.37542724609375,2965963,0.0,0.0
2020-08-12,195.3255572714529,200.26355981148257,189.73912062260572,197.220947265625,3352636,0.0,0.0
2020-08-13,198.41801145139522,202.80735832795497,197.2708042662586,200.26353454589844,3552469,0.0,0.0
2020-08-14,201.9095524073049,204.00446992311421,190.9860887247334,195.72457885742188,6617104,0.0,0.0
2020-08-17,196.92166934480136,201.16137107019392,195.57494969453043,197.32070922851562,3227005,0.0,0.0
2020-08-18,199.51537456900346,216.27466907716277,198.51779769615842,213.1821746826172,13367091,0.0,0.0
2020-08-19,213.73084547449037,244.80535904284892,213.73084547449037,238.96954345703125,19592028,0.0,0.0
2020-08-20,240.61553368941108,244.40632877186832,229.84170064204332,233.4329833984375,9484513,0.0,0.0
2020-08-21,236.52547429846024,243.90753680843554,230.54001327248636,232.78456115722656,5797329,0.0,0.0
2020-08-24,235.4281430360254,253.23489638404405,234.43056615875412,248.0973663330078,11878911,0.0,0.0
2020-08-25,251.38934160021861,321.6187388791734,249.39418809545498,306.8047180175781,49264537,0.0,0.0
2020-08-26,298.2754838086367,302.0662637331004,277.5757637784386,284.8580627441406,26717004,0.0,0.0
2020-08-27,284.20965336832705,296.9786559835765,283.0125793517803,286.00531005859375,15748895,0.0,0.0
2020-08-28,288.2996962746639,294.93357593066673,285.8057542653675,287.551513671875,7256271,0.0,0.0
2020-08-31,289.29727910479727,296.8788690597177,269.5951368209361,278.8725891113281,15172187,0.0,0.0
2020-09-01,279.2716464908902,286.35441764813356,270.8919767413349,280.4188537597656,5169176,0.0,0.0
2020-09-02,282.31426889752026,305.25853810120566,279.7205628118556,292.33990478515625,17403674,0.0,0.0
2020-09-03,294.03580026258214,297.9762413154792,286.952997967361,290.5442810058594,9061697,0.0,0.0
2020-09-04,283.3118076755751,292.7389204957521,279.4212642926994,284.4590148925781,6719721,0.0,0.0
2020-09-07,284.4590435954958,290.9931904797056,281.3665491531976,284.5588073730469,5812023,0.0,0.0
2020-09-08,285.30697517295675,289.09775497332765,272.8871313839551,277.027099609375,5660442,0.0,0.0
2020-09-09,276.22898404839873,286.2047511172728,273.7350422811802,282.36407470703125,6661093,0.0,0.0
2020-09-10,286.9529909923077,307.20382045523587,285.207231406381,297.5771789550781,25430532,0.0,0.0
2020-09-11,298.2754758886389,302.9142021172447,291.39220176455,295.2827453613281,9743753,0.0,0.0
2020-09-14,301.06863814398133,303.26331907791626,289.4468755904112,292.4396057128906,6120182,0.0,0.0
2020-09-15,294.18538771443434,297.9761977624081,269.34573186454105,287.85076904296875,2552460,0.0,0.0
2020-09-16,291.9907341970386,302.11613237376866,289.3970284935167,296.38006591796875,6159158,0.0,0.0
2020-09-17,294.2851494010471,300.07108253385405,291.4420494960742,292.9883117675781,2466000,0.0,0.0
2020-09-18,296.87886380698836,298.9737811900969,286.60380443026673,290.843505859375,2744172,0.0,0.0
2020-09-21,292.29002458476657,295.53214943084333,264.3578720647206,276.4285583496094,6459206,0.0,0.0
2020-09-22,277.5757057707065,282.3141949078525,256.8759900663322,279.7204895019531,12535965,0.0,0.0
2020-09-23,283.2619701500475,295.5321537220684,277.7752972539416,282.8629150390625,8864848,0.0,0.0
2020-09-24,277.27647292504275,280.5684640592202,268.8469371163017,269.7946472167969,3689023,0.0,0.0
2020-09-25,275.2314563707317,282.91281055955693,274.33364326332327,279.62078857421875,7663618,0.0,0.0
2020-09-28,282.41401545226574,301.31807870300446,281.4164385912147,294.9834899902344,5875621,0.0,0.0
2020-09-29,299.1732847603954,306.25608633104434,291.4420643399863,297.1781311035156,10246726,0.0,0.0
2020-09-30,299.27303247651633,303.96165549609924,294.3849123681253,296.38006591796875,5618023,0.0,0.0
2020-10-01,299.07354698233206,311.19413085622114,295.28276688224236,307.4033203125,6914312,0.0,0.0
2020-10-05,310.7452068668474,333.68947575268203,306.60526878704263,325.8086242675781,20009492,0.0,0.0
2020-10-06,328.6018172608084,330.3475767959076,319.52386158956637,326.3572692871094,7705557,0.0,0.0
2020-10-07,324.3621225543732,334.78681332423025,322.46673253538944,329.3001403808594,8234005,0.0,0.0
2020-10-08,328.20277770272355,329.00082699081054,309.7476063121449,315.4836730957031,4125845,0.0,0.0
2020-10-09,318.0274800459286,321.2696047313928,309.7476045651177,312.2415466308594,2468904,0.0,0.0
2020-10-12,314.23671846671016,321.9180726511264,312.24156469866756,314.58587646484375,2556329,0.0,0.0
2020-10-13,314.73548505311055,316.03232273483206,308.99941836830743,312.4410705566406,1454109,0.0,0.0
2020-10-14,312.19170314344086,314.93503961941616,309.29870577750756,312.6405944824219,1517470,0.0,0.0
2020-10-15,314.23668542737477,325.06039956970983,304.6100755974521,306.3558349609375,4960658,0.0,0.0
2020-10-16,308.50065150556037,313.1892750397664,304.61010774506514,306.256103515625,1871531,0.0,0.0
2020-10-19,309.1490416704399,318.47639076190245,308.60038661243584,316.1819763183594,3329571,0.0,0.0
2020-10-20,314.5359815480046,327.05558979596066,312.740355321696,321.1199951171875,7198907,0.0,0.0
2020-10-21,321.219725388747,323.91319489088625,305.2584967980018,311.24395751953125,4998821,0.0,0.0
2020-10-22,310.24642028318743,314.0372003792915,308.2512664549997,310.7452087402344,2380993,0.0,0.0
2020-10-23,313.2391397767907,321.6686765756246,312.54082378454956,314.6856384277344,4159352,0.0,0.0
2020-10-26,317.22941009043785,317.927726000792,304.31077885427277,306.65509033203125,4397393,0.0,0.0
2020-10-27,307.2536436949933,314.5858390082583,302.2657598687759,313.2889709472656,3549135,0.0,0.0
2020-10-28,313.0395810606158,320.0226185133451,309.0991710498949,318.0773620605469,3098009,0.0,0.0
2020-10-29,314.63571029728433,331.54464889433854,312.441059647642,328.1029968261719,6897070,0.0,0.0
2020-10-30,330.2477976316541,346.6579486744124,328.85119615737506,338.8768615722656,14205844,0.0,0.0
2020-11-02,338.2783143269956,343.4656956563326,332.2429561468058,340.2734680175781,4272022,0.0,0.0
2020-11-03,343.166397808682,348.7528336291765,339.3257212793655,343.9644470214844,4078834,0.0,0.0
2020-11-04,341.7698205312722,358.62886249881933,336.6821727214229,350.9974060058594,9701398,0.0,0.0
2020-11-05,352.14462736631265,354.0899143974877,344.4134067938228,351.8952331542969,5361436,0.0,0.0
2020-11-06,351.14703188605824,352.9925550457759,344.2138609824477,351.2467956542969,3863486,0.0,0.0
2020-11-09,353.14220176954205,363.8162861473726,350.9974176497806,357.0327453613281,6278843,0.0,0.0
2020-11-10,357.23227423832327,360.87342363338973,352.3441537871636,358.6288757324219,3590100,0.0,0.0
2020-11-11,358.3296039478582,361.8211227986277,353.1920589982517,359.2274169921875,2869576,0.0,0.0
2020-11-12,357.332049399298,368.60465592817434,357.13252184651265,364.6642150878906,4199715,0.0,0.0
2020-11-13,363.1179883567907,370.74944548490373,361.1727012417128,367.70684814453125,2786714,0.0,0.0
2020-11-14,368.90390423274397,371.9465318689894,368.60464335740215,370.35040283203125,620753,0.0,0.0
2020-11-17,371.09856287975737,400.9759996761565,370.1009860978225,393.3445129394531,10496968,0.0,0.0
2020-11-18,392.9954122926837,403.71936343175906,386.46126565804616,393.5440673828125,8656493,0.0,0.0
2020-11-19,389.0549787915688,397.53438217548756,376.88452881602154,384.8152770996094,7731483,0.0,0.0
2020-11-20,384.16684224335677,401.0258845343071,384.06707847191103,387.35906982421875,5490838,0.0,0.0
2020-11-23,389.15474391209636,412.6975641834205,382.1717058070884,408.0588073730469,7318547,0.0,0.0
2020-11-24,408.90675718196076,414.49319380085484,403.22058722993233,406.21331787109375,6167783,0.0,0.0
2020-11-25,407.9590699971982,410.5028788185,392.047706866757,398.2825622558594,3448648,0.0,0.0
2020-11-26,401.8239291218997,410.5527262578712,398.18277983390584,400.97601318359375,5490958,0.0,0.0
2020-11-27,400.0283066627519,406.86171399995607,395.33968340970205,397.4346008300781,6429153,0.0,0.0
2020-12-01,397.0355750769684,422.92270578016695,394.14260838247003,420.8776550292969,7846125,0.0,0.0
2020-12-02,419.5309195687661,460.7807271738539,418.3338456506715,452.6504821777344,16821595,0.0,0.0
2020-12-03,452.6505038963356,455.8926287176316,442.175946781379,446.46551513671875,6848649,0.0,0.0
2020-12-04,447.91198181879145,455.44367445811514,440.92894424032477,444.869384765625,4131360,0.0,0.0
2020-12-07,444.9192537743285,465.2199477875106,444.8693871116705,456.4412536621094,5371039,0.0,0.0
2020-12-08,456.44126514359806,461.17975507316856,445.46792004354006,450.8049621582031,3872952,0.0,0.0
2020-12-09,452.8998695239346,456.98994051364735,446.2160927521875,448.0117492675781,2798049,0.0,0.0
2020-12-10,446.91441185718276,451.1541133089529,436.9885103985284,446.1662292480469,3113868,0.0,0.0
2020-12-11,446.1662437141454,450.7052061792859,439.3328362404181,448.7100524902344,2940168,0.0,0.0
2020-12-14,449.90715086237384,460.88049600535857,445.91684353765214,454.0470886230469,3762369,0.0,0.0
2020-12-15,454.3962357497201,462.92550527514504,445.46791114645106,461.32940673828125,4779869,0.0,0.0
2020-12-16,461.37925882437264,466.417009364896,456.4412416065312,462.12744140625,4088505,0.0,0.0
2020-12-17,462.2770826844066,472.8015361826864,453.99720742807057,458.18701171875,4912523,0.0,0.0
2020-12-18,459.88291917417814,463.0751772114071,449.7076233186862,454.0470886230469,2159692,0.0,0.0
2020-12-21,452.8998977959796,459.63354165087577,408.6573576384173,428.1600036621094,5350194,0.0,0.0
2020-12-22,427.1624061125682,460.4315686743775,417.08687415101514,457.688232421875,8342699,0.0,0.0
2020-12-23,456.8901872098041,465.6688511184798,453.0994074409733,462.47662353515625,4604130,0.0,0.0
2020-12-24,463.8732248308261,478.68724680931047,461.27951899035804,472.50225830078125,7985151,0.0,0.0
2020-12-28,471.85386074869996,505.77147441773974,471.55459986436637,489.6606140136719,13714406,0.0,0.0
2020-12-29,490.8077902915926,497.9404583910476,483.5254917594329,488.01458740234375,5849496,0.0,0.0
2020-12-30,488.01461863495024,494.7981291964822,477.2407701362681,482.9768371582031,5419517,0.0,0.0
2020-12-31,479.83446859193526,482.8271991652738,434.6941157774133,478.3879699707031,7575962,0.0,0.0
2021-01-01,475.84416288477144,492.0547868824182,475.84416288477144,489.9598693847656,5035248,0.0,0.0
2021-01-04,490.80781565975735,501.38213647611224,485.4707733641621,493.3017578125,4936582,0.0,0.0
2021-01-05,490.80778709347163,500.1850029532798,488.413608854912,493.20196533203125,3654033,0.0,0.0
2021-01-06,494.7981587002359,499.4368853493242,483.0766297390912,489.71051025390625,3295461,0.0,0.0
2021-01-07,492.70320186787444,522.6804045825152,492.6034380937959,516.8445434570312,9879731,0.0,0.0
2021-01-08,521.7326962975461,525.3239486284381,512.8542379138696,516.7448120117188,3702267,0.0,0.0
2021-01-11,519.3384052775583,523.3287120745806,509.2629049699768,517.8919677734375,4148831,0.0,0.0
2021-01-12,517.7423760076783,535.2997039027465,515.8469556712441,524.1268920898438,4878024,0.0,0.0
2021-01-13,527.817866580662,538.8910057200558,520.036779628842,534.7510375976562,4948731,0.0,0.0
2021-01-14,533.6537997755584,539.6891281251986,527.1196829526045,530.8106689453125,3161306,0.0,0.0
2021-01-15,533.4043092238608,536.1975119926041,517.5428142816431,526.022216796875,3376852,0.0,0.0
2021-01-18,526.720551228518,527.8178613553417,500.83342105034706,506.619384765625,5204588,0.0,0.0
2021-01-19,511.0586340670949,530.7109111889501,511.0586340670949,528.8154907226562,4181185,0.0,0.0
2021-01-20,530.8605130860317,550.8120488834996,529.7132754227752,545.4251098632812,6681731,0.0,0.0
2021-01-21,550.0638623735842,551.6100942094248,530.2619267032719,535.5989990234375,4208383,0.0,0.0
2021-01-22,532.7559310573021,545.4251698597546,520.336086479751,525.5234985351562,4179558,0.0,0.0
2021-01-25,528.9650798813454,533.105047812876,507.76657361547353,512.6547241210938,3728411,0.0,0.0
2021-01-27,511.8566644461326,520.2862011224518,505.8213365977683,511.5574035644531,2792007,0.0,0.0
2021-01-28,506.0707178136211,518.2411674164446,500.13515389283447,510.6097106933594,4197516,0.0,0.0
2021-01-29,513.951602533909,523.9273709802687,501.28236442958024,505.42230224609375,3822560,0.0,0.0
2021-02-01,509.26294238983536,538.1926687939592,495.6958921943484,535.8982543945312,4004036,0.0,0.0
2021-02-02,540.7365922179215,565.5264168126839,539.4896209874183,562.8329467773438,5144708,0.0,0.0
2021-02-03,566.6235604331018,575.202695619971,556.9969210109848,565.2269287109375,6087209,0.0,0.0
2021-02-04,560.5883588099359,610.2178102646313,554.6527639961932,588.2711181640625,11184167,0.0,0.0
2021-02-05,593.5582210929553,606.3770591599754,587.1737049481445,593.9073486328125,4754950,0.0,0.0
2021-02-08,603.9330533705494,636.4540345424214,602.0874996533921,626.7775268554688,7085276,0.0,0.0
2021-02-09,629.9198898997589,640.3445797590506,619.4952000404672,628.32373046875,4510798,0.0,0.0
2021-02-10,631.5160346467453,653.3131261085841,620.5925555824359,649.123291015625,5991927,0.0,0.0
2021-02-11,652.4152601982744,659.3982981514669,643.7861960869258,657.0040893554688,3688016,0.0,0.0
2021-02-12,655.4079879435724,722.6945583962053,653.612361797891,717.2078857421875,16810897,0.0,0.0
2021-02-15,723.2431956534687,786.040668750073,705.9352621537678,761.6000366210938,21579566,0.0,0.0
2021-02-16,758.1583842722372,801.0043209292841,754.4174711919466,778.3094482421875,19426061,0.0,0.0
2021-02-17,785.2426457606231,800.0566377023273,780.3544948162662,783.5467529296875,8908279,0.0,0.0
2021-02-18,785.3423311351262,822.5020667144003,784.0953601425331,806.2415771484375,9694238,0.0,0.0
2021-02-19,811.0299236182395,828.9863056909682,727.7322623364155,780.0053100585938,20210882,0.0,0.0
2021-02-22,784.0954009984652,811.0299758419238,778.658595010019,803.9472045898438,10890564,0.0,0.0
2021-02-23,812.8255938425159,825.2953042932395,787.088123649674,797.7123413085938,9753081,0.0,0.0
2021-02-24,804.0469506792434,810.0822785161953,793.5225269638095,803.2489013671875,4626257,0.0,0.0
2021-02-25,812.0275382520747,860.3102810976417,807.0396541104772,841.4560546875,12118095,0.0,0.0
2021-02-26,831.8794601606254,858.9137717097062,817.8634550135054,831.6300659179688,11355426,0.0,0.0
2021-03-01,838.7127551685273,858.8638201612089,834.4231867962028,849.4367065429688,5996840,0.0,0.0
2021-03-02,855.3224161887906,874.3761096832307,850.1848710525195,870.4356689453125,5116413,0.0,0.0
2021-03-03,878.316561990369,942.6104030456022,870.7349412924408,913.1319580078125,11670544,0.0,0.0
2021-03-04,907.7949515207815,936.4254198615813,903.2061222745915,916.1746215820312,8141787,0.0,0.0
2021-03-05,915.7754768945817,931.7367052500429,886.1474345823062,907.6951293945312,7109101,0.0,0.0
2021-03-08,915.8753278159974,924.1552647983465,902.90682811202,907.9945068359375,3904469,0.0,0.0
2021-03-09,915.7755635115226,926.1503872787575,891.4346636123037,903.006591796875,5561849,0.0,0.0
2021-03-10,908.7924704168249,911.8849341610357,886.5465198167842,895.9736328125,5465016,0.0,0.0
2021-03-12,902.8070223403287,921.5614543838697,887.145054084708,891.9334106445312,6049852,0.0,0.0
2021-03-15,896.5721901268928,901.8094685671333,872.3809516172103,894.0283813476562,5234540,0.0,0.0
2021-03-16,898.5175090289885,902.2085556666946,885.8981371275404,895.62451171875,2555026,0.0,0.0
2021-03-17,895.8240494572627,903.2061428166036,862.9040120050471,871.782470703125,3886557,0.0,0.0
2021-03-18,873.8773487989832,888.8410020318425,855.6715706990044,868.9393310546875,4465851,0.0,0.0
2021-03-19,863.9015460043773,893.2303295423393,838.1640756334307,887.4942626953125,4794995,0.0,0.0
2021-03-22,890.7363698624832,1000.5695537508153,881.3092567050265,988.6484985351562,22596465,0.0,0.0
2021-03-23,996.5792398816527,1084.0666779962926,988.6484920114494,1055.8353271484375,31098225,0.0,0.0
2021-03-24,1060.424145698237,1090.351449904208,1015.9322444669294,1022.965087890625,22877032,0.0,0.0
2021-03-25,1030.4469846849508,1038.9263881254421,974.6326072188197,979.1715698242188,13139164,0.0,0.0
2021-03-26,997.5768122479398,1015.9821166113655,975.630122378485,985.9051513671875,9396506,0.0,0.0
2021-03-30,1001.5672438109272,1039.924028292879,985.6060128338606,1029.050537109375,10470011,0.0,0.0
2021-03-31,1035.484744082079,1050.5980573318216,1014.1365756776996,1028.6513671875,6440569,0.0,0.0
2021-04-01,1040.871756983864,1113.3457427873923,1032.4920867078522,1104.51708984375,12713083,0.0,0.0
2021-04-05,1124.2690820055116,1147.2133489852158,1096.1872700211009,1135.4918212890625,15795720,0.0,0.0
2021-04-06,1150.6052476572052,1237.9929617809553,1139.7316348386314,1222.4307861328125,21496457,0.0,0.0
2021-04-07,1230.4112707005436,1248.5671200639429,1105.3151134676261,1162.7257080078125,23007694,0.0,0.0
2021-04-08,1159.6829833984375,1188.1139210559475,1134.9929585905998,1159.6829833984375,12404773,0.0,0.0
2021-04-09,1160.5808518379745,1225.0242875616411,1148.4103420401646,1198.48876953125,12923020,0.0,0.0
2021-04-12,1174.54691636233,1174.54691636233,1058.8280107458347,1071.7965087890625,13690016,0.0,0.0
2021-04-13,1074.3903315146638,1113.5951527672096,1048.5032594233544,1103.669189453125,12137329,0.0,0.0
2021-04-15,1092.3465335357125,1142.1256373640674,1078.729586639476,1127.2117919921875,9350889,0.0,0.0
2021-04-16,1127.2618006919354,1189.1115632077763,1109.3054180260463,1156.1915283203125,10661068,0.0,0.0
2021-04-19,1097.3345411994162,1150.2061145481152,1086.361195787422,1133.596435546875,8565063,0.0,0.0
2021-04-20,1154.0467664056314,1174.8462195865854,1122.3238953149337,1139.98095703125,8261172,0.0,0.0
2021-04-22,1131.252129482668,1166.1673186642317,1120.2787843113192,1154.9945068359375,7124786,0.0,0.0
2021-04-23,1158.186707474877,1180.0336645547586,1142.8739273855604,1154.794921875,6167151,0.0,0.0
2021-04-26,1157.1890879427488,1194.9972730157804,1157.1890879427488,1170.5067138671875,6939823,0.0,0.0
2021-04-27,1181.8292282217794,1210.5594897919132,1178.1382426405023,1188.263671875,7109421,0.0,0.0
2021-04-28,1205.0227512590534,1211.008211584243,1177.8887131613267,1182.327880859375,5020151,0.0,0.0
2021-04-29,1193.6506510441252,1209.71161427652,1175.1455514185163,1179.4351806640625,4070698,0.0,0.0
2021-04-30,1168.1624555023297,1198.0398325331687,1140.2303045594902,1155.8922119140625,4232500,0.0,0.0
2021-05-03,1142.325251845513,1261.3362213925493,1119.929699777486,1252.5076904296875,11276228,0.0,0.0
2021-05-04,1281.8862754293007,1295.802424028628,1238.8408092185412,1259.4407958984375,10271516,0.0,0.0
2021-05-05,1271.3118931141478,1285.1283073831592,1237.244621177538,1264.4285888671875,7805805,0.0,0.0
2021-05-06,1269.266827614198,1308.6711115398314,1259.9395088120204,1283.6319580078125,6240535,0.0,0.0
2021-05-07,1301.8377577594624,1319.1956188844915,1287.3229662332578,1295.7525634765625,4584524,0.0,0.0
2021-05-10,1291.7621619174095,1310.8158535463247,1283.1830261958278,1300.9398193359375,3892338,0.0,0.0
2021-05-11,1288.8691758366897,1322.786785727129,1280.8885617448216,1300.34130859375,4744734,0.0,0.0
2021-05-12,1307.8232133712652,1325.2808077526513,1275.5016999902532,1282.684326171875,4143731,0.0,0.0
2021-05-14,1296.8499686959437,1298.8451224939377,1210.4099060429594,1217.3929443359375,6377643,0.0,0.0
2021-05-17,1227.0195497157422,1295.8523537241863,1224.4756799882307,1285.976318359375,7782732,0.0,0.0
2021-05-18,1311.7635798839635,1341.690884236078,1298.8450088817726,1323.485107421875,6531595,0.0,0.0
2021-05-19,1346.7286672998823,1348.2749600351049,1280.7888657966198,1291.5626220703125,9925284,0.0,0.0
2021-05-20,1298.1468376699268,1316.8014765444989,1280.8387814487592,1298.8450927734375,5837747,0.0,0.0
2021-05-21,1316.801358618191,1332.7625872075025,1296.8997504306974,1311.9132080078125,8314215,0.0,0.0
2021-05-24,1318.4973433497914,1325.4305758870141,1299.8427039824924,1303.633544921875,7913411,0.0,0.0
2021-05-25,1311.1650031357801,1318.7964897802574,1269.8154947340918,1279.6416015625,3697062,0.0,0.0
2021-05-26,1285.8264143482452,1323.6345949154877,1251.210552225107,1319.594482421875,5630730,0.0,0.0
2021-05-27,1326.27838788379,1338.7480981873232,1301.089573070653,1322.58740234375,36690935,0.0,0.0
2021-05-28,1308.4216724112284,1327.2259702460503,1294.8546526398572,1299.4434814453125,2979585,0.0,0.0
2021-05-31,1303.8827664364744,1318.2977020586786,1288.869187332435,1313.1103515625,2709718,0.0,0.0
2021-06-01,1316.7017305638763,1426.5349192202668,1305.8780459163047,1412.8182373046875,10018645,0.0,0.0
2021-06-02,1422.0958032239055,1553.227238454244,1409.5761643775506,1543.0020751953125,24541949,0.0,0.0
2021-06-03,1560.2101015864669,1619.8652424157535,1549.2367568822142,1579.2637939453125,19107244,0.0,0.0
2021-06-04,1601.1106845023266,1709.3976894755106,1581.9572596031292,1696.828125,21102075,0.0,0.0
2021-06-07,1710.8443078621756,1713.03892823534,1609.0914685607518,1620.3641357421875,15350263,0.0,0.0
2021-06-08,1629.04302765117,1663.9582180784762,1598.5670055826704,1632.484619140625,12410257,0.0,0.0
2021-06-09,1636.0259727713508,1645.4530249412342,1568.0410886332972,1590.785888671875,11614666,0.0,0.0
2021-06-10,1608.0938720703125,1626.050255257202,1587.144758352275,1608.0938720703125,5362307,0.0,0.0
2021-06-11,1611.1864041715012,1616.1742886013396,1571.4329896205936,1597.7191162109375,5355387,0.0,0.0
2021-06-14,1437.9571543860266,1526.2427088443717,1198.2893073959997,1497.811767578125,43530006,0.0,0.0
2021-06-15,1547.1917491423558,1568.789312053305,1473.6204572943934,1535.12109375,22320542,0.0,0.0
2021-06-16,1506.340967159606,1534.4725841941065,1405.8850321654554,1444.79052734375,12626149,0.0,0.0
2021-06-17,1376.65598555113,1432.5202864140745,1300.3413602651435,1364.3857421875,27926070,0.0,0.0
2021-06-18,1346.7288069524684,1500.3556486344537,1329.3211388612995,1483.8956298828125,30526777,0.0,0.0
2021-06-21,1486.3894692953531,1578.1665371981535,1441.348851290326,1536.268310546875,21101083,0.0,0.0
2021-06-22,1550.2842841830932,1578.1665072029482,1528.0882002480328,1537.8643798828125,12069983,0.0,0.0
2021-06-23,1556.3194873038171,1566.1455940878416,1477.7105112571141,1501.1036376953125,12679703,0.0,0.0
2021-06-24,1506.2911643316543,1515.319283823956,1484.4443280345208,1504.8447265625,7261764,0.0,0.0
2021-06-25,1521.304544009183,1530.2827347607126,1497.362702005104,1515.7679443359375,4962963,0.0,0.0
2021-06-28,1521.2049404902182,1561.207747230486,1514.5211026290585,1522.0528564453125,6178022,0.0,0.0
2021-06-29,1522.3022909685678,1544.947237019564,1509.3337917663455,1519.8582763671875,5551918,0.0,0.0
2021-06-30,1535.2707147050369,1535.2707147050369,1499.0586276951713,1503.89697265625,3256147,0.0,0.0
2021-07-01,1506.8611291705154,1519.8379726308722,1480.2585757062093,1487.595458984375,3759914,0.969485,0.0
2021-07-02,1487.5955630977437,1505.014432374411,1409.0357924691307,1419.51708984375,6653653,0.0,0.0
2021-07-05,1424.4580756514656,1441.3778337654637,1348.1941430960483,1391.8662109375,12239845,0.0,0.0
2021-07-06,1398.404642516048,1441.577602566581,1376.2940732872237,1412.2799072265625,9485434,0.0,0.0
2021-07-07,1417.4706353538531,1434.540151732962,1382.5329788486526,1423.110595703125,5549751,0.0,0.0
2021-07-08,1417.470592561082,1442.4260607399744,1409.2852477395543,1423.360107421875,3898830,0.0,0.0
2021-07-09,1423.3602930779268,1454.0055632576746,1413.927051764157,1428.800537109375,4502324,0.0,0.0
2021-07-12,1439.431543272282,1444.4226373890374,1411.6311734125306,1418.16943359375,2557189,0.0,0.0
2021-07-13,1430.4474783356832,1430.4474783356832,1382.7325730247871,1415.1746826171875,4157955,0.0,0.0
2021-07-14,1446.4189327082256,1446.4189327082256,1395.3101827229002,1399.5526123046875,3859529,0.0,0.0
2021-07-15,1396.5080076809925,1426.4545696755813,1390.9180071459105,1405.4420166015625,2728305,0.0,0.0
2021-07-16,1406.4902355121653,1412.4795480835442,1385.777196202813,1393.0142822265625,2134914,0.0,0.0
2021-07-19,1387.5241503553311,1410.133830845007,1330.376123299329,1378.140869140625,6190302,0.0,0.0
2021-07-20,1337.613279949059,1380.4368936553192,1333.72020200251,1363.2674560546875,4529933,0.0,0.0
2021-07-22,1372.5508068401766,1422.3619477644427,1338.1122593230957,1414.2264404296875,5009804,0.0,0.0
2021-07-23,1427.4529217404465,1432.2942586778706,1383.7308884033268,1399.1534423828125,4694140,0.0,0.0
2021-07-26,1397.306497877631,1414.2762147195515,1389.5203437619584,1401.399169921875,2054318,0.0,0.0
2021-07-27,1401.399250933773,1422.0623291887493,1375.6951195255513,1394.261962890625,2978042,0.0,0.0
2021-07-28,1404.3440659187263,1422.2621661269407,1376.1443853908288,1397.406494140625,3188606,0.0,0.0
2021-07-29,1411.4312847792687,1422.4616501761684,1394.511526523584,1397.7557373046875,2538248,0.0,0.0
2021-07-30,1406.9893630151491,1446.9181140052917,1397.7558393486786,1417.72021484375,4403219,0.0,0.0
2021-08-02,1432.4439322768617,1442.4261199582336,1421.5633233335911,1435.63818359375,2483790,0.0,0.0
2021-08-03,1464.3869482405987,1464.3869482405987,1419.6666982171168,1440.2301025390625,4442122,0.0,0.0
2021-08-04,1457.3993742909367,1457.3993742909367,1420.5152402375318,1427.003662109375,3341801,0.0,0.0
2021-08-05,1425.4563568477454,1435.4385442206287,1404.8930752301803,1429.798583984375,2104359,0.0,0.0
2021-08-06,1419.4671525488438,1552.2302547211336,1419.4671525488438,1533.9129638671875,14250256,0.0,0.0
2021-08-09,1543.9448530905026,1562.2123044976622,1479.859259691875,1490.7398681640625,6031426,0.0,0.0
2021-08-10,1485.3496667602833,1495.9807220119076,1423.5100569961971,1443.923583984375,3581449,0.0,0.0
2021-08-11,1452.4082113338127,1454.005336886355,1404.493713640326,1434.490234375,3197412,0.0,0.0
2021-08-12,1441.0286604857422,1455.4030358274542,1427.7024636434955,1440.3299560546875,2455443,0.0,0.0
2021-08-13,1442.4261801659275,1451.410149454158,1425.4564603992694,1434.4404296875,2095991,0.0,0.0
2021-08-16,1428.95026511733,1447.1177992089633,1411.0322857349381,1427.552734375,1909352,0.0,0.0
2021-08-17,1428.451098759805,1448.4154747033383,1413.6774118204382,1439.0821533203125,3062815,0.0,0.0
2021-08-18,1439.3316785738077,1494.1339137882403,1430.0481952088337,1457.3994140625,4738820,0.0,0.0
2021-08-20,1435.4386875576113,1480.009182998736,1408.4867789595198,1427.552734375,4933377,0.0,0.0
2021-08-23,1412.5294471093723,1425.2067760999482,1359.124745641085,1394.2120361328125,4866080,0.0,0.0
2021-08-24,1404.4938264414577,1445.8201083917609,1387.5241071454345,1435.239013671875,3362312,0.0,0.0
2021-08-25,1441.6773468573358,1479.1605075074274,1422.4616370238557,1472.721923828125,5361140,0.0,0.0
2021-08-26,1479.3602382145523,1491.9877302055154,1457.7987368459685,1473.0714111328125,4678919,0.0,0.0
2021-08-27,1472.3728095550807,1512.3015637125065,1471.4743882159612,1503.3675537109375,5164477,0.0,0.0
2021-08-30,1511.0535716844213,1524.2799695868614,1490.640047813879,1513.8486328125,3149863,0.0,0.0
2021-08-31,1514.5973883141462,1594.0056183481602,1510.1054038495852,1584.7720947265625,7234384,0.0,0.0
2021-09-01,1592.0591582125821,1597.9985112184743,1558.7186265560806,1562.4119873046875,3056760,0.0,0.0
2021-09-02,1568.2017131892208,1591.460259649856,1562.711509864879,1567.7525634765625,2171898,0.0,0.0
2021-09-03,1575.6883591919711,1578.583218052035,1548.7864115566747,1562.761474609375,1687999,0.0,0.0
2021-09-06,1569.1999409864886,1625.5493430523898,1563.2605879153825,1579.18212890625,5562312,0.0,0.0
2021-09-07,1582.276490776964,1589.513576597934,1550.2336937884847,1555.3245849609375,1651169,0.0,0.0
2021-09-08,1557.1215041017804,1576.1874584880902,1535.510043077457,1553.178466796875,2084219,0.0,0.0
2021-09-09,1558.81833121195,1562.7114085965943,1532.3156972663494,1542.2479248046875,1243149,0.0,0.0
2021-09-13,1545.242687849047,1554.2266569644482,1522.5332103628932,1529.7203369140625,1759456,0.0,0.0
2021-09-14,1537.1571537304235,1544.4940375362191,1494.383502542152,1510.504638671875,7143757,0.0,0.0
2021-09-15,1521.2853929451924,1542.8468938289584,1494.2336888716636,1514.0982666015625,12834337,0.0,0.0
2021-09-16,1520.287118365817,1532.2657430673205,1497.078533006654,1500.5223388671875,7616906,0.0,0.0
2021-09-17,1500.522476420876,1522.2836953646186,1463.1392304791407,1477.6134033203125,3329954,0.0,0.0
2021-09-20,1462.2907794875541,1485.8487193607898,1407.438582003049,1416.32275390625,2273312,0.0,0.0
2021-09-21,1417.4707016843495,1444.3726497110795,1378.8895205390547,1438.8824462890625,2682157,0.0,0.0
2021-09-22,1432.4438633634368,1460.0446353451603,1421.8128096236496,1435.18896484375,1663858,0.0,0.0
2021-09-23,1450.4118094449561,1477.3637150574914,1438.5329822303383,1471.7237548828125,1622616,0.0,0.0
2021-09-24,1480.358421816288,1513.299640912672,1452.4082965223863,1459.0963134765625,2760295,0.0,0.0
2021-09-27,1459.395929049745,1541.2498730867349,1459.395929049745,1528.5225830078125,4737676,0.0,0.0
2021-09-28,1554.2266809433581,1555.1251022393353,1472.3727388512866,1484.65087890625,3547971,0.0,0.0
2021-09-29,1463.6882747756154,1495.3317619856955,1461.6918371761683,1483.0037841796875,1764350,0.0,0.0
2021-09-30,1482.0553929416074,1516.2943462760904,1460.743446085722,1465.4849853515625,2072145,0.0,0.0
2021-10-01,1462.3903890232953,1466.1337091317166,1420.1158516360965,1456.1015625,2311858,0.0,0.0
2021-10-04,1468.3797668010495,1528.2728912116972,1457.4991581625404,1523.9306640625,3209302,0.0,0.0
2021-10-05,1512.3014630458133,1555.0751137191405,1509.6561588883917,1524.928955078125,2544835,0.0,0.0
2021-10-06,1527.0751675030094,1538.2551693110352,1469.3780721777052,1476.9146728515625,1777998,0.0,0.0
2021-10-07,1500.1729980100931,1533.0144186852383,1487.3459116659646,1518.0411376953125,1919106,0.0,0.0
2021-10-08,1519.2890523853473,1566.6544869133688,1508.7577950353464,1545.1429443359375,2646112,0.0,0.0
2021-10-11,1550.2337226898644,1560.9146146008595,1529.4208860700444,1537.00732421875,1910095,0.0,0.0
2021-10-12,1536.2587207498884,1564.1090494147606,1511.802360348087,1551.68115234375,1900749,0.0,0.0
2021-10-13,1565.656035247462,1605.435147009423,1548.5366824186801,1566.90380859375,3923958,0.0,0.0
2021-10-14,1577.1855709752108,1653.05019337655,1571.994882394162,1643.4173583984375,5256882,0.0,0.0
2021-10-18,1669.970183013357,1669.970183013357,1605.684986299791,1612.62255859375,3791222,0.0,0.0
2021-10-19,1622.3049896451425,1634.084019098177,1559.2675759447561,1566.654296875,1822638,0.0,0.0
2021-10-20,1571.1963006174853,1604.4868713076432,1536.3584421353792,1586.8682861328125,2768997,0.0,0.0
2021-10-21,1599.096596780078,1623.9522698746966,1578.8826655888392,1592.208984375,3129269,0.0,0.0
2021-10-22,1592.2089234704292,1605.9344317789635,1534.2622741976113,1540.2515869140625,2580699,0.0,0.0
2021-10-25,1542.2480748151936,1548.636699625134,1491.388874746098,1529.4708251953125,2276050,0.0,0.0
2021-10-26,1529.2711079012706,1554.476131056954,1518.190904270733,1541.0999755859375,1661783,0.0,0.0
2021-10-27,1545.2426368589292,1578.3336130459602,1537.256886797643,1563.7596435546875,2121282,0.0,0.0
2021-10-28,1547.239149398067,1564.1090715911125,1365.2638123115803,1396.0589599609375,7093354,0.0,0.0
2021-10-29,1397.5061504625528,1452.208582807519,1375.2957848569872,1421.0640869140625,3165141,0.0,0.0
2021-11-01,1433.4421029640625,1454.4046963918101,1408.6862296034785,1442.7255859375,1543436,0.0,0.0
2021-11-02,1452.4082931059947,1486.3477308830422,1450.2122605792185,1470.1766357421875,1667692,0.0,0.0
2021-11-03,1471.3744681553728,1498.326374966903,1461.8414301531068,1483.2532958984375,1710819,0.0,0.0
2021-11-04,1492.3370378280704,1508.8076472756711,1480.3584127752697,1486.796875,272261,0.0,0.0
2021-11-08,1492.3370200786107,1572.3442766627645,1483.0036992065534,1565.45654296875,2565017,0.0,0.0
2021-11-09,1552.2303286870804,1656.0450902198497,1552.1803690028803,1632.5369873046875,4713708,0.0,0.0
2021-11-10,1622.654677154871,1682.9969570333283,1617.5138257803073,1652.900634765625,3728328,0.0,0.0
2021-11-11,1647.0609642550064,1700.9647776306247,1637.9272381735623,1661.9344482421875,4470709,0.0,0.0
2021-11-12,1675.3104900841843,1716.437051712657,1667.125023646471,1702.1624755859375,5349189,0.0,0.0
2021-11-15,1710.6973151718557,1760.8578053760195,1688.7864632168564,1746.43359375,3997553,0.0,0.0
2021-11-16,1756.3160146238677,1763.4034655688404,1703.8596899238753,1708.55126953125,2172117,0.0,0.0
2021-11-17,1710.9468783634702,1726.6188634556397,1679.502988825285,1703.4102783203125,1476385,0.0,0.0
2021-11-18,1704.957654630829,1710.9469672349185,1637.0787784511472,1685.741943359375,2255988,0.0,0.0
2021-11-22,1688.3872851470007,1698.3694730432785,1607.1822109813568,1672.76513671875,2552170,0.0,0.0
2021-11-23,1657.1928116655408,1717.2855291173016,1647.0608674136045,1704.9075927734375,2472589,0.0,0.0
2021-11-24,1718.5333934889343,1785.7135648032404,1709.3996674609389,1752.023681640625,4562858,0.0,0.0
2021-11-25,1759.8097486084957,1770.5406004883043,1732.4586515320302,1759.90966796875,2341862,0.0,0.0
2021-11-26,1736.9006344541335,1765.3998286629076,1657.891595591004,1666.576171875,3510810,0.0,0.0
2021-11-29,1652.0519597011457,1693.9771453854044,1606.9823607199937,1662.0841064453125,2119826,0.0,0.0
2021-11-30,1665.0289125725194,1715.588717771511,1645.2142943084639,1659.8880615234375,2952368,0.0,0.0
2021-12-01,1690.9826399627323,1701.963046715737,1649.4068027500973,1690.283935546875,2476360,0.0,0.0
2021-12-02,1689.4853526900076,1731.90965253599,1684.6440157840427,1729.16455078125,2159661,0.0,0.0
2021-12-03,1730.9115101350662,1741.8919176388067,1698.0700851396653,1705.0576171875,1544077,0.0,0.0
2021-12-06,1706.9540111069446,1724.8719883888193,1637.078700710754,1642.668701171875,1574680,0.0,0.0
2021-12-07,1655.9452223587455,1683.6956324009557,1651.0539257775822,1675.4603271484375,1476012,0.0,0.0
2021-12-08,1676.8079738404306,1723.3249451298298,1676.0593097471906,1712.4443359375,1406394,0.0,0.0
2021-12-09,1721.9273525530964,1736.1519698133177,1703.5601030886216,1719.1822509765625,1306393,0.0,0.0
2021-12-10,1707.5530794199788,1784.8152400195913,1707.5530794199788,1737.300048828125,2708578,0.0,0.0
2021-12-13,1751.8738656736061,1759.0609917659901,1708.0520391930197,1716.487060546875,1104594,0.0,0.0
2021-12-14,1708.9504634108764,1724.8221655666337,1680.0021202806688,1717.0360107421875,1198653,0.0,0.0
2021-12-15,1716.9363513470505,1723.9238830095094,1684.0450903342003,1692.2803955078125,866378,0.0,0.0
2021-12-16,1704.258836655882,1716.7864082394867,1683.994948288032,1699.0181884765625,751885,0.0,0.0
2021-12-17,1695.9237240898105,1698.9683400678632,1637.0787765636285,1642.369384765625,1215873,0.0,0.0
2021-12-20,1626.098412498551,1626.098412498551,1552.4298168928237,1587.117919921875,1945211,0.0,0.0
2021-12-21,1618.2124322852358,1642.9683066540867,1600.0448993157363,1617.613525390625,1563851,0.0,0.0
2021-12-22,1628.3444554118685,1660.487052779075,1624.1020254130942,1655.1466064453125,993006,0.0,0.0
2021-12-23,1671.7169052614554,1681.1999834623418,1655.2462957546522,1673.2142333984375,979023,0.0,0.0
2021-12-24,1677.0076369064384,1700.914929179516,1655.2464176387605,1695.1751708984375,1234386,0.0,0.0
2021-12-27,1691.731235851534,1734.90419702609,1683.0467814199988,1727.1180419921875,1672655,0.0,0.0
2021-12-28,1736.9006968116432,1756.8650726370645,1725.0218688249417,1747.881103515625,1552918,0.0,0.0
2021-12-29,1747.881004664826,1751.8738796040946,1706.355129667007,1714.98974609375,1100579,0.0,0.0
2021-12-30,1710.9469213621533,1721.9273275085848,1681.9985778851974,1693.3782958984375,1359574,0.0,0.0
2021-12-31,1691.9308571177814,1721.92737992664,1688.0379013932927,1706.405029296875,1310960,0.0,0.0
2022-01-03,1709.9487982882931,1729.9131742169363,1708.151955713563,1714.0914306640625,1094708,0.0,0.0
2022-01-04,1722.6759646750245,1724.9219568062827,1696.971832506181,1715.93798828125,1191189,0.0,0.0
2022-01-05,1718.9326685911003,1741.5423474004604,1699.5173628583257,1712.394287109375,1583598,0.0,0.0
2022-01-06,1706.9541301073878,1720.7794359718923,1672.615379376757,1710.048583984375,1615375,0.0,0.0
2022-01-07,1716.8364854680358,1727.7170944225768,1686.4906105146574,1696.073486328125,1295933,0.0,0.0
2022-01-10,1704.5085869627223,1762.854427981196,1696.0735648609354,1749.478271484375,1670551,0.0,0.0
2022-01-11,1754.8685845146736,1846.7047106667499,1733.9059905016998,1840.6156005859375,5126019,0.0,0.0
2022-01-12,1869.6636961178226,1869.6636961178226,1805.0789925157667,1826.840087890625,2518912,0.0,0.0
2022-01-13,1830.7331975071797,1859.6815414154175,1804.7795098653114,1850.0487060546875,1881069,0.0,0.0
2022-01-14,1846.7047705750401,1887.0826720878126,1827.8384109807514,1866.918701171875,2357616,0.0,0.0
2022-01-17,1872.658479674039,1898.0132617118436,1852.3447513466585,1874.455322265625,1700525,0.0,0.0
2022-01-18,1881.6423614596904,1905.1005023054743,1826.790289372082,1837.6707763671875,2294146,0.0,0.0
2022-01-19,1836.5230247721233,1853.6923396507837,1808.0238288597102,1846.006103515625,1544606,0.0,0.0
2022-01-20,1851.6957184876746,1877.000538571905,1840.415798253852,1862.5263671875,1252017,0.0,0.0
2022-01-21,1857.5353717074847,1869.6637541200025,1807.5246357569645,1825.09326171875,1929667,0.0,0.0
2022-01-24,1818.7545565777173,1824.1948000063526,1693.5280635391332,1712.7437744140625,2381112,0.0,0.0
2022-01-25,1665.028817608071,1747.4318213213694,1665.028817608071,1738.298095703125,1817963,0.0,0.0
2022-01-27,1714.939826431365,1722.4764267962387,1651.5529352914396,1682.996826171875,3549583,0.0,0.0
2022-01-28,1699.4674795077979,1740.9933565454596,1680.9504723261944,1690.68310546875,1624750,0.0,0.0
2022-01-31,1705.9059509371143,1730.9113803458927,1701.9630354612152,1711.895263671875,1024738,0.0,0.0
2022-02-01,1724.8721327109943,1761.9559856303986,1696.1235042828512,1743.7884521484375,1574361,0.0,0.0
2022-02-02,1751.8738189413255,1782.818598649121,1743.8880693393137,1776.180419921875,1405276,0.0,0.0
2022-02-03,1768.7936646847033,1783.8169056079457,1743.289248743108,1748.7294921875,588866,0.0,0.0
2022-02-04,1754.868626284246,1766.8472517196333,1730.611861036435,1754.169921875,855996,0.0,0.0
2022-02-07,1761.8561467877494,1762.3552561777742,1719.0325367530409,1728.71533203125,854871,0.0,0.0
2022-02-08,1736.301826017416,1743.8882646182756,1674.0629074578553,1712.9434814453125,1480201,0.0,0.0
2022-02-09,1721.5281174929034,1788.708291449997,1715.0396952952271,1779.973876953125,1674022,0.0,0.0
2022-02-10,1795.79550307479,1805.7776904181742,1762.8542848416228,1782.91845703125,1747943,0.0,0.0
2022-02-11,1760.8579563231424,1771.7385655712253,1740.2447138130692,1761.157470703125,1196002,0.0,0.0
2022-02-14,1733.2073099276838,1734.8044355990933,1650.0556371256916,1660.986083984375,1919476,0.0,0.0
2022-02-15,1633.085885991472,1748.2803548873624,1624.9503787536412,1741.14306640625,2261554,0.0,0.0
2022-02-16,1741.1432206588959,1772.8366689925178,1726.9186021154594,1735.004150390625,1663614,0.0,0.0
2022-02-17,1746.8829385902989,1758.8615644549182,1720.9292492169573,1727.8668212890625,1075487,0.0,0.0
2022-02-18,1735.9025395517504,1751.47472887698,1721.9274759785908,1733.2073974609375,945100,0.0,0.0
2022-02-21,1735.7028663691713,1735.7028663691713,1668.3230986041085,1682.1982421875,1449291,0.0,0.0
2022-02-22,1633.1858015653652,1675.9096161827233,1627.096691079754,1664.7294921875,1717579,0.0,0.0
2022-02-23,1679.0038778848664,1714.4406422516397,1667.0252533101823,1685.69189453125,1285012,0.0,0.0
2022-02-24,1623.1037283411072,1645.663448288188,1526.076912140834,1541.1998291015625,2798065,0.0,0.0
2022-02-25,1591.160816084595,1635.1822421464713,1575.9879385995969,1615.8167724609375,1741584,0.0,0.0
2022-02-28,1600.893298132167,1648.1589309192282,1589.4137826662154,1641.520751953125,1869037,0.0,0.0
2022-03-02,1635.0823303190737,1661.2855727921358,1612.6224081993062,1638.8756103515625,1249817,0.0,0.0
2022-03-03,1667.0252294480697,1675.2105740491222,1632.037615262518,1640.8719482421875,1333325,0.0,0.0
2022-03-04,1618.9114724664867,1652.5514008985585,1598.348065495491,1612.12353515625,1433490,0.0,0.0
2022-03-07,1587.167765134244,1589.1642025746646,1536.5581247607345,1561.2640380859375,1508821,0.0,0.0
2022-03-08,1572.09479938613,1604.5369101157037,1550.6330953650274,1598.7471923828125,1396347,0.0,0.0
2022-03-09,1606.7329205012923,1666.975399375633,1605.1357948272637,1653.599365234375,1498176,0.0,0.0
2022-03-10,1679.0040160597564,1746.4835823465166,1675.2606955721083,1739.74560546875,2294474,0.0,0.0
2022-03-11,1746.882810879287,1753.8703421228042,1718.1340621648094,1731.0111083984375,1354129,0.0,0.0
2022-03-14,1728.914895805699,1749.3284207477045,1719.3818578873288,1733.007568359375,659190,0.0,0.0
2022-03-15,1736.90060367191,1751.0752610067038,1683.6456583839233,1698.369384765625,1085901,0.0,0.0
2022-03-16,1720.9290933967043,1760.8578426634492,1715.5886475528516,1754.8685302734375,1269866,0.0,0.0
2022-03-17,1772.4372278134108,1820.3517288861924,1756.865039335332,1816.4088134765625,2392329,0.0,0.0
2022-03-21,1832.7796649449565,1838.619220517624,1792.9507107050786,1799.738525390625,1081052,0.0,0.0
2022-03-22,1799.7384439652901,1833.7278410947226,1786.8115599126584,1828.28759765625,964066,0.0,0.0
2022-03-23,1844.7583481978968,1844.7583481978968,1797.642346548325,1807.7742919921875,1553366,0.0,0.0
2022-03-24,1811.767057640657,1836.273377051272,1796.9435333578087,1829.535400390625,1030145,0.0,0.0
2022-03-25,1832.2806270013662,1874.654967705962,1818.7547130778823,1863.674560546875,1366115,0.0,0.0
2022-03-28,1873.5567172653873,1920.9721058915814,1847.7527880362325,1906.2982177734375,1895438,0.0,0.0
2022-03-29,1915.8313985026975,1927.460671690549,1882.141514589989,1913.8349609375,1715098,0.0,0.0
2022-03-30,1924.2663167748979,2011.410866065695,1913.8849388194433,1991.696044921875,3215951,0.0,0.0
2022-03-31,2001.4286219332619,2038.362716203352,1987.453559236471,2011.1612548828125,2786973,0.0,0.0
2022-04-01,2014.4054304070803,2045.3502115481208,2009.4642963531285,2040.009765625,1267111,0.0,0.0
2022-04-04,2046.3485446579314,2071.8031241158715,2028.3806062170324,2062.17041015625,1334265,0.0,0.0
2022-04-05,2074.2984075211534,2185.899304174169,2063.917030779086,2136.038330078125,4970260,0.0,0.0
2022-04-06,2149.913720448812,2178.9619847401977,2120.4163064427676,2156.152587890625,2259018,0.0,0.0
2022-04-07,2162.0917694746113,2211.004486339069,2077.542693350054,2095.31103515625,3499044,0.0,0.0
2022-04-08,2111.2329537614437,2172.124306092152,2101.500319577437,2167.083251953125,1924054,0.0,0.0
2022-04-11,2177.963613362692,2196.081185662107,2154.655108750754,2176.31640625,1615715,0.0,0.0
2022-04-12,2184.102612075268,2215.047393142148,2151.161393520202,2193.03662109375,2632324,0.0,0.0
2022-04-13,2206.063483334956,2213.2006500634434,2169.5785385232653,2195.5322265625,992512,0.0,0.0
2022-04-18,2175.917320565279,2236.0100416946725,2152.9083292075825,2229.87109375,1747434,0.0,0.0
2022-04-19,2241.0010728090315,2250.983260215753,2136.2880243948193,2164.437744140625,1639219,0.0,0.0
2022-04-20,2174.1207050415187,2204.017311541866,2158.0492837065126,2180.06005859375,1119025,0.0,0.0
2022-04-21,2212.052799765934,2289.4647143111683,2199.974255136896,2282.277587890625,2243636,0.0,0.0
2022-04-22,2292.908468048487,2301.8924367957384,2260.96546805826,2269.250732421875,1786042,0.0,0.0
2022-04-25,2255.924300064865,2290.911914205977,2238.6053518606495,2280.131103515625,1683622,0.0,0.0
2022-04-26,2292.9084943058147,2409.6001699991125,2291.0119761419764,2391.033447265625,3199358,0.0,0.0
2022-04-27,2400.6662835714496,2416.637784566066,2320.858738280131,2329.942626953125,2559876,0.0,0.0
2022-04-28,2355.6468329489594,2385.643114201378,2332.1387304669997,2374.3134765625,1679893,0.0,0.0
2022-04-29,2384.7446617793876,2389.8853910062367,2297.400518662729,2327.84619140625,1916180,0.0,0.0
2022-05-02,2320.858834436445,2358.0924464139352,2306.8837704871503,2335.3330078125,1006544,0.0,0.0
2022-05-04,2354.4987021640286,2358.6911725027926,2229.0726038387998,2249.78564453125,1744686,0.0,0.0
2022-05-05,2265.9566602201876,2299.6965041663807,2232.0172212565376,2251.382568359375,1636796,0.0,0.0
2022-05-06,2206.063490032508,2257.970866268567,2196.0813022948046,2243.6962890625,1161579,0.0,0.0
2022-05-09,2225.5289641011673,2240.2027327057335,2176.1171301818995,2193.735595703125,1450886,0.0,0.0
2022-05-10,2186.0992936529688,2216.0458593194476,2093.7640495146584,2105.74267578125,1471866,0.0,0.0
2022-05-11,2105.842472888855,2153.906610510753,2073.3004426049515,2115.525146484375,1397917,0.0,0.0
2022-05-12,2099.253975730855,2109.8351916833126,2007.4678128369812,2041.556884765625,1553685,0.0,0.0
2022-05-13,2080.787003621908,2131.1970509631915,2031.6746894087776,2050.490966796875,1547617,0.0,0.0
2022-05-16,2078.9403381033558,2138.1347631584504,2053.984867481964,2102.14892578125,1742552,0.0,0.0
2022-05-17,2129.2504738934476,2188.3449729449044,2115.624642241472,2180.958251953125,1061085,0.0,0.0
2022-05-18,2195.781811054908,2212.9511254034924,2168.1311994713105,2177.215087890625,1296983,0.0,0.0
2022-05-19,2141.1790246058194,2150.911656535846,2093.863557628289,2110.98291015625,986930,0.0,0.0
2022-05-20,2155.154242577803,2228.423400030758,2147.1684927210995,2215.596435546875,1444803,0.0,0.0
2022-05-23,2227.77471079685,2241.0011093262815,2151.810165911552,2166.783447265625,1455450,0.0,0.0
2022-05-24,2157.1509187370643,2175.0189385362887,2138.7338298332866,2156.352294921875,1008943,0.0,0.0
2022-05-25,2164.138249409879,2177.564242852568,2062.5195319464387,2070.455322265625,1382448,0.0,0.0
2022-05-26,2073.3002284225186,2084.2806340617326,1902.8044266652105,2042.7547607421875,4967514,0.0,0.0
2022-05-27,2076.295188874938,2090.5697670396075,2044.0526715757737,2076.44482421875,1354005,0.0,0.0
2022-05-30,2116.223889020035,2171.125923876687,2098.2559503396765,2161.79248046875,1384584,0.0,0.0
2022-05-31,2156.1526083021663,2221.8354540925234,2146.5696103385185,2163.689208984375,2861556,0.0,0.0
2022-06-01,2166.084965673006,2185.4005980888005,2122.213295534232,2147.06884765625,1448212,0.0,0.0
2022-06-02,2151.161592392766,2214.0493790845267,2138.4842619119304,2205.464599609375,1855167,0.0,0.0
2022-06-03,2231.0189660477313,2238.256052179206,2172.174017899167,2186.09912109375,1651685,0.0,0.0
2022-06-06,2184.6017260079625,2226.0278039743007,2164.3378367194236,2221.086669921875,1664487,0.0,0.0
2022-06-07,2206.063487192358,2250.683817581297,2203.1187905546776,2223.582275390625,2046676,0.0,0.0
2022-06-08,2240.9510965230866,2240.9510965230866,2154.7050954504816,2173.32177734375,1530739,0.0,0.0
2022-06-09,2156.4518439261674,2220.0383245343182,2151.1612362281726,2215.246826171875,1440385,0.0,0.0
2022-06-10,2186.099018406458,2211.0544866531072,2167.1328625390047,2199.17578125,1305761,0.0,0.0
2022-06-13,2168.630197650897,2168.630197650897,2063.068566626003,2076.04541015625,1764172,0.0,0.0
2022-06-14,2269.9495130358946,2269.9495130358946,2049.44308130552,2192.53759765625,6515102,0.0,0.0
2022-06-15,2214.448586342073,2215.746319580601,2170.327362172555,2180.708984375,1313510,0.0,0.0
2022-06-16,2201.0722321040116,2213.350370847372,2072.351979561797,2079.28955078125,2131789,0.0,0.0
2022-06-17,2058.3270522087923,2133.59264810018,2056.480250048226,2092.06689453125,2280135,0.0,0.0
2022-06-20,2103.54631828525,2119.517817508287,2021.3928704156067,2076.145263671875,2603594,0.0,0.0
2022-06-21,2096.259491957578,2173.122339996022,2087.9242674477273,2157.949462890625,1331500,0.0,0.0
2022-06-22,2146.1203032878584,2146.1203032878584,2073.4002152522226,2085.478515625,1774137,0.0,0.0
2022-06-23,2101.250496587573,2124.2095281417364,2076.2950275069607,2106.591064453125,1026783,0.0,0.0
2022-06-24,2117.222193670405,2164.1384799044968,2104.844377337763,2157.60009765625,1156536,0.0,0.0
2022-06-27,2185.1008325579905,2207.061644945508,2165.4859317032574,2177.714111328125,1202504,0.0,0.0
2022-06-28,2166.1348706905237,2206.3131787759125,2156.1526823463278,2200.67333984375,1282047,0.0,0.0
2022-06-29,2181.107932782979,2243.7961179903846,2173.3217779202246,2216.1455078125,1692493,0.0,0.0
2022-06-30,2216.0455769303203,2244.4948106882093,2176.615937160614,2186.997314453125,1568415,0.0,0.0
2022-07-01,2185.999174481633,2238.0064695845203,2134.441272787288,2228.223876953125,2141743,0.0,0.0
2022-07-04,2228.223714494537,2272.943960616277,2224.3807187555835,2257.821044921875,1581159,0.0,0.0
2022-07-05,2259.967274320301,2286.6196664909667,2234.013586541004,2242.448486328125,1356776,0.0,0.0
2022-07-06,2241.0012660058,2272.9442684611167,2232.5164059786066,2268.8017578125,1045463,0.0,0.0
2022-07-07,2275.9385769982246,2290.8618974352025,2251.981328819296,2270.248779296875,946131,0.0,0.0
2022-07-08,2281.9280851733,2299.496832830164,2259.8673530968044,2288.965576171875,898576,0.0,0.0
2022-07-11,2288.965608155201,2380.352585643809,2286.9691706074686,2369.022705078125,1967308,0.0,0.0
2022-07-12,2360.1882617469128,2385.543163648088,2345.963644880471,2361.43603515625,1273008,0.0,0.0
2022-07-13,2369.2722366102844,2380.402278347787,2329.5430810576363,2349.307861328125,982185,0.0,0.0
2022-07-14,2361.760147187153,2400.706720438865,2333.2991898109017,2379.83544921875,933554,0.969485,0.0
2022-07-15,2411.1921615862275,2419.63053641804,2373.7435361733124,2401.954833984375,1169788,0.0,0.0
2022-07-18,2420.679383817938,2438.5050287831277,2402.7540221255713,2420.280029296875,937204,0.0,0.0
2022-07-19,2403.6527939387206,2455.9311798823696,2401.7055139049003,2447.942138671875,843301,0.0,0.0
2022-07-20,2458.6271574087928,2469.412410597326,2440.6518166966243,2447.7421875,693601,0.0,0.0
2022-07-21,2450.4384743530795,2495.526523751908,2447.8919189550957,2492.081298828125,1314165,0.0,0.0
2022-07-22,2502.067815594798,2510.6061520524377,2479.698597982839,2495.97607421875,833522,0.0,0.0
2022-07-25,2501.5683282637415,2558.639939308249,2496.5751779079255,2547.10595703125,1220351,0.0,0.0
2022-07-26,2551.499846774262,2565.0813133441397,2529.5299850799242,2556.193359375,865142,0.0,0.0
2022-07-27,2556.4930650248216,2568.975941318888,2524.5369017120115,2545.20849609375,953588,0.0,0.0
2022-07-28,2556.393236473284,2562.1353598650085,2528.132198129401,2546.90625,759442,0.0,0.0
2022-07-29,2561.4862222373417,2618.4081382870604,2556.4930717066645,2565.680419921875,1107195,0.0,0.0
2022-08-01,2572.3215339355934,2665.743188135146,2565.6804972459395,2656.505859375,1267039,0.0,0.0
2022-08-02,2656.3561279194487,2693.305442480734,2636.383525453889,2679.9736328125,1096480,0.0,0.0
2022-08-03,2681.322051606111,2713.2782175842844,2667.540906266784,2707.685791015625,815831,0.0,0.0
2022-08-04,2721.266881029227,2740.1408914155513,2680.5727065697993,2719.868896484375,1223799,0.0,0.0
2022-08-05,2756.219080933199,2763.858503689402,2681.321823299145,2694.703369140625,1639981,0.0,0.0
2022-08-08,2696.3014254930777,2803.803864435168,2691.9572867850848,2788.075439453125,1581696,0.0,0.0
2022-08-10,2797.9120595471018,2831.016551932356,2777.7397790131313,2823.3271484375,1304663,0.0,0.0
2022-08-11,2837.1081551435445,2844.4979204679794,2811.243732701843,2830.167724609375,978616,0.0,0.0
2022-08-12,2836.1095582048097,2867.2167891112376,2830.167757715582,2860.6259765625,843025,0.0,0.0
2022-08-16,2875.0560161954772,2981.9094353455002,2867.0669755113636,2971.7734375,1969492,0.0,0.0
2022-08-17,2981.909446314865,3024.401205371042,2975.917665779738,3004.5283203125,1510171,0.0,0.0
2022-08-18,3000.8835616438355,3181.635616438356,2999.884931506849,3149.329833984375,3502295,0.0,0.0
2022-08-19,3173.646432393473,3254.4355093142476,3071.0371904399076,3125.911865234375,6109949,0.0,0.0
2022-08-22,3129.7069502951913,3187.427822836603,3025.050459801044,3047.419921875,3473580,0.0,0.0
2022-08-23,3028.4955512657616,3069.789004459807,2923.389730602328,3026.498291015625,4169136,0.0,0.0
2022-08-24,3033.838448864857,3148.6809181273516,2981.9096801548594,3130.35595703125,3475387,0.0,0.0
2022-08-25,3162.661685285638,3173.4469396676795,3051.5141008211194,3062.149658203125,3119494,0.0,0.0
2022-08-26,3075.780794685868,3168.6034163356867,3073.783534429578,3135.249267578125,2897602,0.0,0.0
2022-08-29,3050.8150684931506,3162.1123484990367,3033.6886591663097,3138.295166015625,1924984,0.0,0.0
2022-08-30,3160.6642304703937,3258.6299396861164,3156.669710115929,3189.97412109375,4392183,0.0,0.0
2022-09-01,3195.6163496481868,3240.554704565114,3180.03762242118,3228.82080078125,1880363,0.0,0.0
2022-09-02,3256.53270024198,3364.7841037027156,3220.5820172586277,3351.202880859375,4835905,0.0,0.0
2022-09-05,3369.478130060796,3427.0990416971335,3308.4617295869866,3341.9658203125,3686950,0.0,0.0
2022-09-06,3365.3835934631593,3442.8773903484657,3350.4041412667357,3431.093505859375,2580772,0.0,0.0
2022-09-07,3431.0934899580484,3483.1719543304494,3401.4342235078225,3468.991455078125,2188110,0.0,0.0
2022-09-08,3494.206757734569,3496.703333011601,3445.2738823047334,3458.056396484375,1560414,0.0,0.0
2022-09-09,3474.2343797429494,3503.1446745555986,3410.471745529874,3446.472412109375,1614634,0.0,0.0
2022-09-12,3460.2532389794696,3490.7114565231564,3453.162867864864,3459.054931640625,1647756,0.0,0.0
2022-09-13,3473.235484608286,3564.0108630923974,3416.613206751554,3550.928955078125,3479669,0.0,0.0
2022-09-14,3513.1805590773,3603.057264681893,3506.1901486413876,3567.20654296875,2740337,0.0,0.0
2022-09-15,3585.0821453401,3762.7883271535907,3570.1026934793476,3743.564697265625,4716688,0.0,0.0
2022-09-16,3749.8561375860572,3861.652731861507,3609.6485648776165,3697.12841796875,5687429,0.0,0.0
2022-09-19,3713.8554629768837,3796.7417635386723,3675.7078408771526,3773.4736328125,3092486,0.0,0.0
2022-09-20,3813.768615392138,3879.6782065458124,3806.7782042091726,3829.29736328125,3338704,0.0,0.0
2022-09-21,3832.392964037498,3857.508659028948,3566.3579849897887,3635.11376953125,6089846,0.0,0.0
2022-09-22,3634.0153091929983,3730.8324586252897,3603.1077531673404,3711.20947265625,3490772,0.0,0.0
2022-09-23,3726.887757174733,3732.779577596343,3649.9932348536036,3669.266845703125,3001474,0.0,0.0
2022-09-26,3641.3053705871553,3652.9892952415316,3527.1618892271977,3581.28759765625,3123908,0.0,0.0
2022-09-27,3591.073963817168,3624.5780535923277,3481.074952019714,3554.224609375,3546332,0.0,0.0
2022-09-28,3523.167339402078,3592.022842809708,3498.2015844459975,3543.888916015625,2259832,0.0,0.0
2022-09-29,3578.5908324198667,3659.72952507624,3438.882584063852,3465.9453125,15060223,0.0,0.0
2022-09-30,3443.2265058226963,3518.9726942586612,3366.4819311215306,3451.015869140625,4307707,0.0,0.0
2022-10-03,3435.287799131802,3455.3103828850735,3105.939518930543,3152.97509765625,7578847,0.0,0.0
2022-10-04,3225.575245375395,3286.691359158114,3120.7190841480215,3233.2646484375,5642467,0.0,0.0
2022-10-06,3265.520547945205,3314.253747391374,3203.655459720141,3280.5,2845165,0.0,0.0
2022-10-07,3275.5067221351133,3306.4142749135367,3223.7276540203543,3273.110107421875,1930275,0.0,0.0
2022-10-10,3229.5697597287735,3274.2584569297205,3209.94677568703,3241.802978515625,1590792,0.0,0.0
2022-10-11,3253.087408250526,3333.427148002412,3244.549072456512,3269.46484375,2544394,0.0,0.0
2022-10-12,3292.483503495513,3292.483503495513,3140.6917253543793,3219.23388671875,2972601,0.0,0.0
2022-10-13,3213.5917508680614,3258.330429349276,3184.631477165397,3229.22021484375,1840193,0.0,0.0
2022-10-14,3267.517652063211,3300.472445008836,3190.4734381991657,3205.103271484375,1344415,0.0,0.0
2022-10-17,3206.601313036665,3230.5684358995986,3131.804014624399,3208.19921875,1985298,0.0,0.0
2022-10-18,3244.549332603258,3293.482209580038,3221.6807998651557,3279.801025390625,1635079,0.0,0.0
2022-10-19,3295.479578676863,3305.4658804304295,3255.1847535787456,3272.7607421875,1396513,0.0,0.0
2022-10-20,3255.5343771312578,3360.390545719841,3240.554924475746,3352.50146484375,2211287,0.0,0.0
2022-10-21,3370.2764866494003,3377.3668575866704,3282.497002036483,3307.36279296875,1120790,0.0,0.0
2022-10-24,3320.4452427726874,3335.5246555330177,3282.896651677805,3305.26611328125,248249,0.0,0.0
2022-10-25,3317.399327394927,3340.4178007623136,3289.4876638897044,3295.978759765625,879424,0.0,0.0
2022-10-27,3315.3022208887473,3350.4039712317904,3292.483425678454,3320.445068359375,1106870,0.0,0.0
2022-10-28,3317.449290663981,3383.3088989525004,3293.1325494847742,3318.74755859375,1323334,0.0,0.0
2022-10-31,3335.37477570468,3355.397359303429,3321.543894182934,3342.864501953125,575722,0.0,0.0
2022-11-01,3357.294584223826,3602.5082648904754,3347.408243318838,3570.8017578125,4393335,0.0,0.0
2022-11-02,3575.095929532698,3620.183983188547,3521.1699015453332,3575.794921875,2534755,0.0,0.0
2022-11-03,3545.1368864372075,3609.748205718926,3537.597180354112,3585.4814453125,1275216,0.0,0.0
2022-11-04,3637.0110072026023,3844.5264011853396,3561.864088396453,3827.9990234375,6112097,0.0,0.0
2022-11-07,3847.172566518862,4008.201673765917,3814.767067806195,3955.174560546875,5985652,0.0,0.0
2022-11-09,3971.5520850746902,4042.4548253412986,3937.6486404267534,3991.724365234375,3732472,0.0,0.0
2022-11-10,3989.5274829356877,4024.4795384808062,3956.7223847087216,3986.78125,2313795,0.0,0.0
2022-11-11,4034.4658747583017,4043.4035659918864,3969.7046109046173,4003.358642578125,1476875,0.0,0.0
2022-11-14,3993.522005915747,4072.4137884782235,3984.5343344845783,4017.039794921875,1803092,0.0,0.0
2022-11-15,4019.5365599678053,4059.4317879416867,4016.490689077851,4052.24169921875,1065546,0.0,0.0
2022-11-16,4051.7419334520278,4090.3888693696513,3858.2573525339685,3951.179931640625,3059841,0.0,0.0
2022-11-17,3964.561565192897,4027.4752625750516,3894.6574569905038,4012.6455078125,2266112,0.0,0.0
2022-11-18,4022.8317934288643,4037.461627353516,3978.5424495118496,4014.29345703125,1440776,0.0,0.0
2022-11-21,4014.4432234972355,4014.4432234972355,3916.5774687785624,3996.3681640625,1492003,0.0,0.0
2022-11-22,3996.368258528681,4050.4439849172654,3982.537133099126,4028.47412109375,1705043,0.0,0.0
2022-11-23,4044.4521196851347,4056.285984520763,3867.694582602599,3897.953125,2861156,0.0,0.0
2022-11-24,3904.643867631715,3929.6096212610732,3815.7657847111973,3915.728759765625,2797181,0.0,0.0
2022-11-25,3923.6177866619905,3944.4890588878584,3840.0324934167093,3895.756103515625,2506346,0.0,0.0
2022-11-28,3894.0582653534993,3919.6232944268854,3866.0966214696896,3880.826416015625,1119166,0.0,0.0
2022-11-29,3879.677970298993,3909.636873544545,3858.7567182937514,3873.0869140625,1513444,0.0,0.0
2022-11-30,3892.460396406925,3934.5025767269162,3861.702541009258,3912.53271484375,1968428,0.0,0.0
2022-12-01,3932.1062787434716,3939.5460247191572,3897.1042426628783,3909.737060546875,945838,0.0,0.0
2022-12-02,3899.6506816020355,3958.3701823679335,3879.678078879362,3917.126708984375,1297832,0.0,0.0
2022-12-05,3923.5176798585935,3933.6039413332,3804.8306394381984,3925.015625,2392866,0.0,0.0
2022-12-06,3914.629962372503,4051.4422850370524,3903.6450313556415,4026.27685546875,2962621,0.0,0.0
2022-12-07,4025.478059606744,4052.341112618485,3979.091738765219,3993.821533203125,1257261,0.0,0.0
2022-12-08,4004.5068759704973,4039.458930997671,3997.866083037809,4019.486328125,895075,0.0,0.0
2022-12-09,4038.4602445327814,4088.3917510181027,3936.100656237873,3991.324951171875,2129800,0.0,0.0
2022-12-12,3991.524545381,4026.3766386600787,3963.3132448038136,4011.197509765625,802499,0.0,0.0
2022-12-13,4022.2826634795842,4066.422068407841,4006.104903422501,4054.63818359375,1215308,0.0,0.0
2022-12-14,4070.416665899175,4086.4447292550376,4034.4659789579655,4050.244384765625,1114492,0.0,0.0
2022-12-15,4050.2442355005155,4067.470605691662,4019.486377934216,4038.210693359375,866138,0.0,0.0
2022-12-16,4013.39458601006,4042.3548601702637,3938.647266056142,3975.346923828125,1598960,0.0,0.0
2022-12-19,3982.53706779283,4098.378166053604,3966.009689926283,4069.717529296875,1643404,0.0,0.0
2022-12-20,4089.390249191903,4166.284766698076,4060.829330881426,4159.59375,3778426,0.0,0.0
2022-12-21,4169.280999765554,4184.260452459323,3877.930644871758,3896.60498046875,3585883,0.0,0.0
2022-12-22,3942.5918494247703,3942.5918494247703,3811.821279472185,3863.250732421875,2879658,0.0,0.0
2022-12-23,3816.7644435739344,3842.728827543825,3611.845585003573,3637.210693359375,3036157,0.0,0.0
2022-12-26,3647.996017947678,3739.770033222734,3615.041222275005,3711.65869140625,2162662,0.0,0.0
2022-12-27,3727.3368490734574,3792.6971400256225,3689.988181045413,3764.48583984375,1804911,0.0,0.0
2022-12-28,3750.9044701482017,3819.7599637398744,3739.8695592694976,3792.497314453125,1377950,0.0,0.0
2022-12-29,3784.808248449631,3819.7603035144693,3742.965742908771,3805.380126953125,1531692,0.0,0.0
2022-12-30,3824.453555150027,3892.6600381351273,3816.814132587392,3853.064453125,1528747,0.0,0.0
2023-01-02,3864.698584649178,3868.6931051501074,3817.3136339681396,3835.93798828125,923051,0.0,0.0
2023-01-03,3836.6368550490733,3847.572049607446,3785.806680860699,3825.701904296875,799905,0.0,0.0
2023-01-04,3833.7411988838444,3869.6419045117373,3798.389788607288,3821.8076171875,1028377,0.0,0.0
2023-01-05,3821.8074780869633,3837.1363042598846,3751.753428361386,3824.5537109375,997006,0.0,0.0
2023-01-06,3823.754967975236,3862.9512026299835,3791.84878241242,3819.011474609375,912159,0.0,0.0
2023-01-09,3837.7355994363734,3874.684914341173,3806.029092727525,3850.018798828125,753981,0.0,0.0
2023-01-10,3853.713596709855,3856.759467308346,3550.1300430949823,3641.904052734375,3595798,0.0,0.0
2023-01-11,3654.986135393897,3659.479970806266,3555.2230867617627,3630.8193359375,2226506,0.0,0.0
2023-01-12,3637.510344448341,3673.9603451545495,3607.0521246801395,3642.203857421875,1199785,0.0,0.0
2023-01-13,3646.1983599075375,3730.932225773447,3637.2106885452404,3716.052490234375,1364712,0.0,0.0
2023-01-16,3714.9039965127777,3734.826618378002,3595.068383722043,3614.84130859375,1863848,0.0,0.0
2023-01-17,3615.0411551040743,3644.6007051655224,3555.323023172885,3634.36474609375,1668381,0.0,0.0
2023-01-18,3643.0027237831882,3643.0027237831882,3522.268438272387,3591.77294921875,3652240,0.0,0.0
2023-01-19,3465.2467800653585,3532.8539955722526,3422.0060438180003,3458.8056640625,3696319,0.0,0.0
2023-01-20,3445.2740493868846,3472.5866817646456,3436.2363976845013,3451.41552734375,1510258,0.0,0.0
2023-01-23,3438.3335955265266,3455.260327851149,3407.8753758735033,3431.642822265625,974857,0.0,0.0
2023-01-24,3442.7271530368103,3503.1942519565296,3425.301107243699,3437.28466796875,1518123,0.0,0.0
2023-01-25,3417.3123925925674,3423.3041735263946,3310.4589659393223,3384.3076171875,3686439,0.0,0.0
2023-01-27,3330.4316195379342,3341.915866501858,2708.285023144491,2757.667236328125,14764368,0.0,0.0
2023-01-30,2846.096049881873,3033.389191329199,2661.3494641877865,2888.887451171875,20947906,0.0,0.0
2023-01-31,2975.9176688070875,3069.3895427726256,2902.019042132012,2969.825927734375,11568020,0.0,0.0
2023-02-01,2990.897041683693,3006.6254651917125,1938.54063147796,2132.4248046875,13525314,0.0,0.0
2023-02-02,2345.632697537082,2345.632697537082,1492.702526288108,1563.10595703125,34474080,0.0,0.0
2023-02-03,1487.9588972007682,1677.5987837145583,1016.056240349317,1584.6263427734375,43885579,0.0,0.0
2023-02-06,1572.8424302510223,1612.787634828826,1433.233891490362,1570.5455322265625,19308603,0.0,0.0
2023-02-07,1568.8478979964882,1960.0112621220917,1523.510066760975,1800.4801025390625,19188072,0.0,0.0
2023-02-08,1867.2886464847652,2219.1059911817024,1838.3283708182164,2161.285400390625,19173006,0.0,0.0
2023-02-09,2165.030143387138,2165.030143387138,1729.0282486705132,1923.06201171875,18279862,0.0,0.0
2023-02-10,1766.5766328883385,1987.2738832378711,1730.775768467912,1844.4197998046875,11334878,0.0,0.0
2023-02-13,1847.4657964696014,1919.0675301985632,1659.972983881943,1715.297119140625,12210940,0.0,0.0
2023-02-14,1732.6234073894645,1886.4124591116417,1609.1427580384077,1747.30322265625,14579030,0.0,0.0
2023-02-15,1777.5616332954517,1821.90083549535,1747.602729363506,1776.662841796875,7636578,0.0,0.0
2023-02-16,1817.506886074343,1872.3815644503493,1787.5479813588317,1794.138916015625,5578515,0.0,0.0
2023-02-17,1797.5342462258966,1813.3625095134337,1700.8668002231777,1720.340087890625,5392513,0.0,0.0
2023-02-20,1647.7396984608354,1682.6917526706106,1558.3623026958385,1619.228759765625,6762330,0.0,0.0
2023-02-21,1623.7726980973705,1642.1973764455379,1559.1613732012306,1568.9478759765625,5571915,0.0,0.0
2023-02-22,1532.897408452912,1557.8631642909074,1379.308029776323,1402.9256591796875,10606476,0.0,0.0
2023-02-23,1378.1097090415549,1436.030262030258,1348.1508023232602,1380.756103515625,8907540,0.0,0.0
2023-02-24,1408.0685083836645,1425.0452208960917,1259.8717700710345,1313.8477783203125,8736727,0.0,0.0
2023-02-27,1298.2192258031787,1312.0003709614052,1129.5007067186891,1191.8651123046875,10271008,0.0,0.0
2023-02-28,1143.4315081127957,1396.0849330495096,1102.2380149165924,1361.981689453125,33948366,0.0,0.0
2023-03-01,1422.0493646928312,1577.8356714990682,1409.0671724589781,1562.1572265625,20114340,0.0,0.0
2023-03-02,1497.8453016171263,1643.7451338964556,1405.9713330153804,1605.0482177734375,26970925,0.0,0.0
2023-03-03,1686.536437992499,1903.3390106342358,1683.1910515024358,1876.92529296875,22888891,0.0,0.0
2023-03-06,1964.005834518024,2132.0753347237614,1852.4588973829404,1980.1837158203125,27180456,0.0,0.0
2023-03-08,2037.2054531940719,2085.1396991515794,1938.3410709067125,2036.85595703125,13568243,0.0,0.0
2023-03-09,2046.9921149628892,2066.016067939729,1902.739917729498,1950.4744873046875,12627794,0.0,0.0
2023-03-10,1867.4383561643835,1937.3424657534244,1818.1060030166416,1893.6024169921875,9419942,0.0,0.0
2023-03-13,1914.3740179230529,1982.2808688457276,1854.8556847302689,1871.8323974609375,7572604,0.0,0.0
2023-03-14,1871.4328684192674,1872.2816796513257,1649.0878450239477,1735.81884765625,12679663,0.0,0.0
2023-03-15,1758.487845089001,1888.8589372566337,1725.7327276019785,1836.4808349609375,12296703,0.0,0.0
2023-03-16,1858.450804764966,1872.4316275842618,1792.541211474,1841.2744140625,6509495,0.0,0.0
2023-03-17,1898.3959510555662,1916.2214751895926,1842.4726615978536,1873.9794921875,5969594,0.0,0.0
2023-03-20,1834.4836858817205,1847.4158982702722,1774.9653500671582,1802.4775390625,5168139,0.0,0.0
2023-03-21,1834.4335301870906,1858.4506330726667,1802.4773666952447,1821.7509765625,4094018,0.0,0.0
2023-03-22,1831.4875811916509,1847.465662597903,1803.6757576245107,1812.9130859375,3248124,0.0,0.0
2023-03-23,1791.54248046875,1831.487686276303,1777.5616584361064,1791.54248046875,4108804,0.0,0.0
2023-03-24,1793.539654424571,1820.5026670467666,1692.9276721398965,1738.2655029296875,6187968,0.0,0.0
2023-03-27,1738.2655632037304,1754.9926179104705,1679.695881596228,1720.689697265625,5053055,0.0,0.0
2023-03-28,1725.582976403996,1730.6261075907018,1570.8452782689983,1598.6571044921875,8144878,0.0,0.0
2023-03-29,1600.754087275338,1753.594474487803,1588.9203448434955,1738.015869140625,9332702,0.0,0.0
2023-03-31,1785.550735490303,1822.5000516050352,1737.6164875576774,1748.0521240234375,4893249,0.0,0.0
2023-04-03,1748.0520847523933,1752.5459203951202,1693.177407165221,1715.0972900390625,3445796,0.0,0.0
2023-04-05,1715.0973808103722,1735.5692998218242,1669.2603523511136,1695.674072265625,3690559,0.0,0.0
2023-04-06,1702.6643604804672,1791.1929453048353,1685.8374672809707,1751.647216796875,6012473,0.0,0.0
2023-04-10,1771.569813826897,1810.2167502940158,1758.1881459821977,1794.7879638671875,4197975,0.0,0.0
2023-04-11,1807.520646140296,1826.4946197738132,1790.394113979949,1800.6800537109375,2883672,0.0,0.0
2023-04-12,1811.5151509264194,1856.2038515901224,1794.5884180954852,1844.7196044921875,4809035,0.0,0.0
2023-04-13,1852.4588318156573,1882.4177347560722,1823.548539239392,1868.187255859375,3402280,0.0,0.0
2023-04-17,1868.187350413106,1902.2905943669482,1844.4698843848762,1876.1763916015625,2983032,0.0,0.0
2023-04-18,1889.4082451591646,1900.1435192793872,1827.4931758146254,1848.4144287109375,2542401,0.0,0.0
2023-04-19,1844.4698328587856,1875.1277288018073,1832.4862714108672,1851.3104248046875,2455884,0.0,0.0
2023-04-20,1852.4588884560592,1876.3261729089686,1834.3337272422993,1840.37548828125,2016823,0.0,0.0
2023-04-21,1843.4711226189856,1850.711190679109,1793.5895990211634,1800.530029296875,2090833,0.0,0.0
2023-04-24,1801.5286857621008,1814.910353373989,1773.3673659321546,1799.4814453125,1963582,0.0,0.0
2023-04-25,1803.5260213396061,1911.128418238467,1799.3318235395884,1842.0731201171875,5364841,0.0,0.0
2023-04-26,1851.4601493183015,1871.432750713321,1823.8979837737916,1845.3685302734375,2422711,0.0,0.0
2023-04-27,1845.468465801407,1862.3951976112387,1830.0396791748558,1850.5115966796875,1782360,0.0,0.0
2023-04-28,1865.491032343779,1941.3369407052612,1854.6059397256674,1922.31298828125,6159130,0.0,0.0
2023-05-02,1932.3492410797937,1963.3067741410205,1905.3862284135641,1917.219970703125,3813963,0.0,0.0
2023-05-03,1916.3712464872426,1937.3424795128976,1782.9043033504904,1836.4808349609375,5849432,0.0,0.0
2023-05-04,1836.5307893136812,1932.3493015246893,1836.5307893136812,1908.6318359375,4842127,0.0,0.0
2023-05-05,1952.1221721120658,1952.3218493712263,1900.5429029641723,1917.66943359375,6137744,0.0,0.0
2023-05-08,1917.6694225583171,1924.2603568128402,1873.4300605339404,1884.914306640625,2835197,0.0,0.0
2023-05-09,1897.3972453608162,1927.3561492349343,1886.5121525726015,1893.5025634765625,2700563,0.0,0.0
2023-05-10,1896.3986977704515,1912.2769418954365,1881.3692649115585,1889.55810546875,1970906,0.0,0.0
2023-05-11,1922.3629639051624,2010.991386267024,1907.383512238369,1981.9312744140625,8835941,0.0,0.0
2023-05-12,2006.2479079296436,2007.2465380480755,1943.883505794809,1962.008544921875,3816201,0.0,0.0
2023-05-15,1957.2151994137885,1962.0085508549018,1877.42462832918,1913.42529296875,4836782,0.0,0.0
2023-05-16,1924.3603843313454,1932.3494258853934,1878.4233953955686,1886.562255859375,3058799,0.0,0.0
2023-05-17,1897.3972642882995,1917.3198868020895,1855.2051409113624,1896.89794921875,3632797,0.0,0.0
2023-05-18,1907.4334709346294,1921.3643120659722,1874.6283746328618,1887.410888671875,2437396,0.0,0.0
2023-05-19,1885.4137731979145,1980.2836399636992,1869.5355290112318,1953.37060546875,7541150,0.0,0.0
2023-05-22,2007.2465019386618,2343.7848457960395,1980.6829656468574,2322.91357421875,26311368,0.0,0.0
2023-05-23,2407.5974298502947,2755.670031668808,2396.712458291368,2630.09228515625,28432888,0.0,0.0
2023-05-24,2705.289172113217,2746.2330097125678,2422.0278175611616,2472.208984375,23465761,0.0,0.0
2023-05-25,2436.6574232962375,2555.294726929437,2383.3804103914504,2533.973876953125,8434009,0.0,0.0
2023-05-26,2561.4863613831885,2596.388436727347,2531.6771535732705,2540.86474609375,3963515,0.0,0.0
2023-05-29,2566.4793160420827,2579.960822176934,2519.5437020911186,2530.57861328125,2779432,0.0,0.0
2023-05-30,2525.835372495851,2550.651186278082,2471.7594017625897,2493.0302734375,1736953,0.0,0.0
2023-05-31,2478.600020640841,2569.47536386337,2424.6739927945055,2489.9345703125,4268439,0.0,0.0
2023-06-01,2496.475222912421,2556.49298784484,2481.8953701248206,2488.73583984375,1704946,0.0,0.0
2023-06-02,2531.527416331126,2535.421976372237,2421.6781004351005,2441.70068359375,5543791,0.0,0.0
2023-06-05,2459.825406481626,2510.5558600521854,2424.673678682063,2430.615478515625,2956768,0.0,0.0
2023-06-06,2471.609616250829,2503.5158007175564,2422.5767784625286,2430.316162109375,6473608,0.0,0.0
2023-06-07,2449.6397788238396,2463.5706207738094,2431.6644359706684,2436.208251953125,2522516,0.0,0.0
2023-06-08,2446.643801210839,2472.5082238725945,2365.804741519823,2425.822265625,3781621,0.0,0.0
2023-06-09,2444.5964247330503,2455.5313752098577,2424.6738036496345,2447.7919921875,1948506,0.0,0.0
2023-06-12,2456.6301638055047,2501.5685204604833,2429.267795275837,2481.396240234375,2804898,0.0,0.0
2023-06-13,2495.5767785097164,2501.568559490532,2438.8545364634233,2459.1767578125,2210990,0.0,0.0
2023-06-14,2466.516469751801,2481.3962050279356,2448.9907059499687,2453.783935546875,1364403,0.0,0.0
2023-06-15,2465.617778985666,2523.5383262441383,2459.5260376998017,2482.244873046875,3744029,0.0,0.0
2023-06-16,2495.7764535411507,2523.4384602831838,2483.9925688615513,2506.162353515625,7999982,0.0,0.0
2023-06-19,2500.5699027687097,2518.145890981573,2346.7808592278225,2398.1103515625,11475674,0.0,0.0
2023-06-20,2431.6642220252083,2431.6642220252083,2386.725868846098,2411.491943359375,2479711,0.0,0.0
2023-06-21,2423.3756274163234,2436.6574565761093,2389.821802166851,2402.654052734375,7418013,0.0,0.0
2023-06-22,2421.7780109254445,2446.593823219964,2356.767092338878,2393.966064453125,8459191,0.0,0.0
2023-06-23,2389.0230189662566,2389.0230189662566,2160.33670864692,2230.490478515625,15213238,0.0,0.0
2023-06-26,2207.0227047146186,2333.2494634680183,2170.0733876085465,2292.45556640625,7847341,0.0,0.0
2023-06-27,2325.759846417898,2340.639583263109,2267.889272827595,2281.32080078125,3361053,0.0,0.0
2023-06-28,2296.8494373991725,2415.2870754762353,2290.7079592520845,2398.709716796875,28353193,0.0,0.0
2023-06-30,2434.61010694365,2434.61010694365,2346.7806418944097,2384.778564453125,5125497,0.0,0.0
2023-07-03,2401.7057114271115,2414.5382074493205,2369.949221242426,2382.232421875,2662358,0.0,0.0
2023-07-04,2393.716263434662,2410.6929745228513,2369.799122162829,2384.428955078125,2308684,0.0,0.0
2023-07-05,2387.7245435445784,2408.745755685827,2370.747832026277,2395.86328125,2198481,0.0,0.0
2023-07-06,2395.8632914460186,2424.2745126527884,2386.7259236123996,2399.608154296875,2476366,0.0,0.0
2023-07-07,2392.8779567782058,2407.8146618362807,2366.001888570337,2377.49169921875,1823645,1.163382,0.0
2023-07-10,2390.6797691847128,2460.517732654762,2352.913215288222,2408.1142578125,3771285,0.0,0.0
2023-07-11,2421.6022740578132,2442.7834395937502,2385.883952738549,2420.7529296875,2247776,0.0,0.0
2023-07-12,2427.7467184904226,2429.844955207315,2378.340585928651,2385.783935546875,1445282,0.0,0.0
2023-07-13,2394.8760131957174,2403.5682553223332,2353.462790913841,2359.95703125,1247741,0.0,0.0
2023-07-14,2372.895506049521,2382.8866450223613,2337.926519644581,2373.99462890625,1353535,0.0,0.0
2023-07-17,2397.7732901143995,2457.320574611058,2389.181057147298,2406.415771484375,3090373,0.0,0.0
2023-07-18,2412.860081930401,2507.775902958719,2403.0687168710424,2414.75830078125,5978272,0.0,0.0
2023-07-19,2426.4978554213153,2440.835237336417,2414.7582671942573,2421.602294921875,1637260,0.0,0.0
2023-07-20,2426.797511428259,2431.7430761484384,2397.873214562455,2417.605712890625,1564275,0.0,0.0
2023-07-21,2407.8644692697353,2455.6721663641633,2393.1775439059356,2414.158935546875,2280563,0.0,0.0
2023-07-24,2427.8467214413163,2437.2382943166836,2409.912676131576,2416.05712890625,1113193,0.0,0.0
2023-07-25,2425.8484581128055,2476.803265099524,2413.859091762989,2464.464111328125,3017555,0.0,0.0
2023-07-26,2470.259235945113,2503.779557739616,2443.83272076261,2468.560791015625,4021773,0.0,0.0
2023-07-27,2468.5603688339256,2482.7977401810404,2412.8597756688987,2426.247802734375,2243944,0.0,0.0
2023-07-28,2434.8405983308794,2479.4509368364484,2428.9459238324184,2461.017333984375,2339800,0.0,0.0
2023-07-31,2474.8049735449013,2515.768640850247,2464.8138351777434,2489.991455078125,3359974,0.0,0.0
2023-08-01,2502.6305666107664,2511.7723612867826,2453.074419271827,2478.901611328125,1575727,0.0,0.0
2023-08-02,2490.79087022355,2511.7722614288023,2448.828087813045,2471.358154296875,2506971,0.0,0.0
2023-08-03,2467.711320452885,2547.740441296261,2459.818418224076,2530.35595703125,4720470,0.0,0.0
2023-08-04,2543.044505862047,2555.6331938921007,2499.782827803062,2539.547607421875,3294056,0.0,0.0
2023-08-07,2548.6895427024497,2566.723597299396,2514.1701088312957,2548.239990234375,4684333,0.0,0.0
2023-08-08,2560.978778595422,2560.978778595422,2459.1191623153045,2472.357421875,6127920,0.0,0.0
2023-08-09,2486.145275692751,2514.6697836036888,2469.809665167734,2504.878662109375,5781400,0.0,0.0
2023-08-10,2507.7758524213673,2575.216039687679,2507.7758524213673,2550.13818359375,8140756,0.0,0.0
2023-08-11,2547.790456317522,2565.8742716014794,2515.968580947403,2537.249755859375,7157372,0.0,0.0
2023-08-14,2477.802217464882,2482.7477819769847,2397.9231181504138,2453.823486328125,9786919,0.0,0.0
2023-08-16,2447.8291544892577,2462.8158635983755,2417.855736271022,2442.93359375,7084828,0.0,0.0
2023-08-17,2452.7743748529456,2484.9957949072514,2439.88590440093,2477.50244140625,7769452,0.0,0.0
2023-08-18,2475.304589690472,2663.5875479397905,2459.1189939332553,2575.115966796875,14679923,0.0,0.0
2023-08-21,2585.7067449125157,2652.6473754801887,2578.2133907444922,2637.410888671875,10479200,0.0,0.0
2023-08-22,2666.4851039667474,2718.5887938274286,2651.7481746360036,2695.6591796875,10291468,0.0,0.0
2023-08-23,2717.589712728803,2719.9874884350265,2486.644640409817,2528.057861328125,5251316,0.0,0.0
2023-08-24,2577.7139139724804,2610.684673337245,2528.8573408471393,2537.2998046875,4558367,0.0,0.0
2023-08-25,2546.7413906375214,2546.7413906375214,2483.797213466017,2493.53857421875,2808721,0.0,0.0
2023-08-28,2547.7403624216277,2579.71200618535,2453.473871442314,2470.259033203125,4457038,0.0,0.0
2023-08-29,2469.909587548648,2534.402195118707,2442.833503093922,2504.22900390625,4802150,0.0,0.0
2023-08-30,2514.769737735604,2540.746699666921,2490.191437723177,2510.873291015625,6484593,0.0,0.0
2023-08-31,2447.7789478302248,2487.7435021536207,2381.6376592098613,2417.106201171875,6230369,0.0,0.0
2023-09-01,2378.8902842486177,2463.365416415763,2377.891170311512,2447.879150390625,6764397,0.0,0.0
2023-09-04,2451.8255004309467,2477.8024617232063,2447.879049327173,2468.410888671875,5998454,0.0,0.0
2023-09-05,2479.80047356849,2499.183183890494,2461.81642500917,2491.83984375,6489319,0.0,0.0
2023-09-06,2491.8400615361084,2501.7811960181753,2468.8104374444533,2494.287841796875,7416248,0.0,0.0
2023-09-07,2495.786557176479,2517.767063284519,2482.798076294456,2507.2763671875,4298988,0.0,0.0
2023-09-08,2511.5725006561674,2536.3505734709424,2503.8793726252834,2517.067626953125,5640973,0.0,0.0
2023-09-11,2562.7271225819463,2627.9193037704345,2543.743958710969,2612.6328125,9148241,0.0,0.0
2023-09-12,2620.1262577940356,2624.2727269278103,2527.758224425482,2533.453125,5658774,0.0,0.0
2023-09-13,2543.4442707316393,2564.675441643265,2493.7883574314264,2516.66796875,1780068,0.0,0.0
2023-09-14,2539.5976479424876,2542.7447590135976,2503.8293231762223,2517.567138671875,1218481,0.0,0.0
2023-09-15,2517.5672598840033,2555.733362168272,2511.9721244612206,2537.79931640625,1547001,0.0,0.0
2023-09-18,2549.738562258568,2552.735903828621,2488.79261700082,2500.232421875,861677,0.0,0.0
2023-09-20,2500.1822460913004,2531.4045519734163,2456.720796303395,2468.11083984375,1203019,0.0,0.0
2023-09-21,2477.602539910416,2501.5812719803466,2458.8191510041156,2477.052978515625,1279908,0.0,0.0
2023-09-22,2487.743426339028,2495.786341436358,2457.820015986165,2462.715576171875,865589,0.0,0.0
2023-09-25,2477.752393590148,2486.7944229002146,2421.852021337935,2479.900634765625,1216898,0.0,0.0
2023-09-26,2488.792488559772,2496.785399000751,2450.426616012782,2455.771728515625,698863,0.0,0.0
2023-09-27,2457.820206600792,2495.7865349954386,2442.9335069841877,2481.099609375,1077373,0.0,0.0
2023-09-28,2487.743565930512,2508.7749619672254,2444.531890460547,2473.056640625,2225560,0.0,0.0
2023-09-29,2459.8684677793017,2477.352961324276,2402.91897451853,2411.760986328125,1689201,0.0,0.0
2023-10-03,2415.857272153825,2422.7510601001854,2369.8980353800134,2385.134521484375,2019899,0.0,0.0
2023-10-04,2400.0712311867383,2500.5321771496574,2390.1300972075787,2462.765625,2857377,0.0,0.0
2023-10-05,2475.754125130253,2484.2965973647247,2444.23203425939,2464.16455078125,1132455,0.0,0.0
2023-10-06,2464.1647083427224,2512.72149838548,2463.864925382571,2475.904296875,1510035,0.0,0.0
2023-10-09,2437.8379972193597,2457.520492920246,2409.1634761188934,2440.435791015625,1408224,0.0,0.0
2023-10-10,2440.835375656318,2515.718917295297,2440.835375656318,2496.08642578125,1771910,0.0,0.0
2023-10-11,2531.6544367589954,2535.750901032501,2480.3000834567315,2486.394775390625,1627836,0.0,0.0
2023-10-12,2497.684670777482,2519.515406448075,2488.442867462465,2504.129150390625,1804818,0.0,0.0
2023-10-13,2486.694415102413,2492.78910728312,2420.2035821497802,2452.375,2278682,0.0,0.0
2023-10-16,2452.375131875176,2462.516040637928,2419.7041553327645,2427.197509765625,803856,0.0,0.0
2023-10-17,2457.7698912386286,2459.818123269908,2421.35224278823,2426.247802734375,707543,0.0,0.0
2023-10-18,2437.837857800152,2439.5863070834107,2398.9224211090605,2404.2177734375,776977,0.0,0.0
2023-10-19,2397.8732873339673,2412.5602124340307,2380.438799092167,2400.0712890625,1168822,0.0,0.0
2023-10-20,2395.925144819454,2441.7843754155333,2379.939322365146,2391.62890625,1240350,0.0,0.0
2023-10-23,2395.675400145814,2410.212556430173,2299.7604640666364,2306.604248046875,1483549,0.0,0.0
2023-10-25,2317.9441736818785,2345.969366463191,2233.3192778499874,2255.0,1540819,0.0,0.0
2023-10-26,2247.0072703643614,2247.0072703643614,2165.129931062802,2201.247802734375,2226073,0.0,0.0
2023-10-27,2220.0310287553125,2272.9840640946604,2210.0398900120395,2259.69580078125,1244293,0.0,0.0
2023-10-30,2258.0472996145686,2302.9574182706083,2248.0061566632835,2297.062744140625,996448,0.0,0.0
2023-10-31,2317.944088267482,2317.944088267482,2273.9830796968918,2292.616455078125,1155280,0.0,0.0
2023-11-01,2296.962758453175,2310.2010170653994,2205.044283560747,2215.335205078125,1666579,0.0,0.0
2023-11-02,2245.0087736554274,2295.9135744556834,2202.246652991422,2213.3369140625,2340997,0.0,0.0
2023-11-03,2213.336868739075,2276.980369555216,2213.037085811673,2227.8740234375,1853300,0.0,0.0
2023-11-06,2251.952672154799,2257.997359889804,2231.0212852362533,2244.009765625,770061,0.0,0.0
2023-11-07,2255.0000395723478,2257.9973812288463,2224.6768355777226,2231.37109375,641554,0.0,0.0
2023-11-08,2243.3103454925026,2295.9635958821423,2233.0194241934673,2257.947265625,1169180,0.0,0.0
2023-11-09,2266.989187876452,2270.5860950875663,2208.141483257563,2212.687255859375,1267890,0.0,0.0
2023-11-10,2218.282718811482,2235.0178772576446,2196.5519906798977,2203.146240234375,1072597,0.0,0.0
2023-11-13,2213.536690577262,2239.9131981220817,2193.604418451706,2211.688232421875,853633,0.0,0.0
2023-11-15,2238.014893302841,2248.0060312193714,2218.5321743656064,2223.427734375,696475,0.0,0.0
2023-11-16,2224.0273536235277,2230.821376354761,2194.153948105481,2203.945068359375,1307584,0.0,0.0
2023-11-17,2203.945196848642,2235.966845291737,2199.0496364362853,2206.8427734375,916518,0.0,0.0
2023-11-20,2209.0407844342344,2216.5341385198326,2140.101926846735,2147.945068359375,1577213,0.0,0.0
2023-11-21,2158.085943638873,2230.571703169563,2156.437503334973,2194.703369140625,1839502,0.0,0.0
2023-11-22,2203.196057303752,2223.0285670333,2151.591918699421,2170.724853515625,1247205,0.0,0.0
2023-11-23,2188.0594397824243,2188.0594397824243,2158.6855887084866,2173.322509765625,729114,0.0,0.0
2023-11-24,2177.0689954399363,2249.9542992100814,2158.984937880571,2223.477783203125,1946259,0.0,0.0
2023-11-28,2298.9608543904415,2510.17341419498,2272.9838955837695,2421.352294921875,11972275,0.0,0.0
2023-11-29,2466.512279623492,2475.4542996761843,2387.882069468121,2394.476318359375,4561574,0.0,0.0
2023-11-30,2397.9231846784996,2406.8652046281495,2340.973696648693,2356.4599609375,2983879,0.0,0.0
2023-12-01,2367.9000258224673,2401.2205731226427,2352.014211826543,2360.6064453125,1792983,0.0,0.0
2023-12-04,2547.690416699847,2592.700546258872,2485.2457985336896,2528.95703125,5681516,0.0,0.0
2023-12-05,2528.9570255305443,2997.241656238271,2528.9570255305443,2956.727783203125,22879079,0.0,0.0
2023-12-06,3077.2708634017117,3151.7548546757257,2842.329323462043,2881.39453125,19355777,0.0,0.0
2023-12-07,2897.4300184867516,2943.2892443130936,2850.521674386104,2884.59130859375,6325887,0.0,0.0
2023-12-08,2900.1275915180445,2924.406105752087,2757.5541004016945,2819.64892578125,6959428,0.0,0.0
2023-12-11,2834.5361455800576,2917.3125860390674,2808.5591841177375,2853.26953125,5064123,0.0,0.0
2023-12-12,2866.5577248233153,2893.383786091956,2838.0329748227146,2855.11767578125,2017772,0.0,0.0
2023-12-13,2857.465728560262,2896.5311792721827,2802.514464549488,2872.50244140625,2805832,0.0,0.0
2023-12-14,2898.379139236367,2930.350780945696,2884.4415504635595,2891.4853515625,3224681,0.0,0.0
2023-12-15,2909.4695946292804,2997.341610732395,2891.3355315297786,2989.14892578125,4921484,0.0,0.0
2023-12-18,2991.297008569593,3025.0671071343677,2958.476263348125,2977.958984375,2315922,0.0,0.0
2023-12-19,2986.1517142119733,2991.6968452181654,2912.4170585920897,2938.643798828125,1741493,0.0,0.0
2023-12-20,2943.389520506198,2965.3700260904266,2763.748794264784,2781.38330078125,3417739,0.0,0.0
2023-12-21,2747.56312819504,2819.4493219824135,2722.585281575085,2797.26904296875,2678577,0.0,0.0
2023-12-22,2813.4546914255675,2845.076792192562,2788.9263968010587,2805.861572265625,1513956,0.0,0.0
2023-12-26,2814.503628774352,2891.185614400348,2797.618702799053,2862.91064453125,2048484,0.0,0.0
2023-12-27,2878.147323707943,2892.2349270756063,2831.0892060140523,2840.83056640625,1698325,0.0,0.0
2023-12-28,2852.4700443552415,2864.809197983723,2797.6187915098562,2807.409912109375,4102912,0.0,0.0
2023-12-29,2821.3976847735057,2860.762919348035,2800.3665320187797,2846.425537109375,1507086,0.0,0.0
2024-01-01,2849.772357653715,2944.3883862975613,2839.531441142161,2914.61474609375,2898619,0.0,0.0
2024-01-02,2919.410826643,2945.5875621353644,2838.482600442424,2929.801513671875,2671368,0.0,0.0
2024-01-03,3044.29987623054,3196.1651801974067,2952.980968651754,3000.3388671875,19725411,0.0,0.0
2024-01-04,3036.706746241598,3041.7523203147534,2987.3506162386775,2995.643310546875,2975620,0.0,0.0
2024-01-05,3007.2826760496837,3064.182160871475,2978.458387908171,3003.935791015625,3219949,0.0,0.0
2024-01-08,3017.32370962597,3024.317506303911,2950.3330798045527,2960.873779296875,1849061,0.0,0.0
2024-01-09,2988.0499857637988,3066.080881373526,2977.3595154829986,3011.928955078125,2885706,0.0,0.0
2024-01-10,3021.3203883586953,3109.242410242149,3017.373937297648,3095.45458984375,3590297,0.0,0.0
2024-01-11,3117.2351257582986,3126.2271501595246,3062.283865528585,3078.169677734375,2008103,0.0,0.0
2024-01-12,3093.6062329820634,3122.230746899931,3065.4810320594224,3101.349365234375,1795933,0.0,0.0
2024-01-15,3124.2292231152137,3127.2265648706807,3064.7319404843324,3086.762451171875,1407007,0.0,0.0
2024-01-16,3092.2573874005707,3101.748969042026,3032.3105559808505,3053.79150390625,2515564,0.0,0.0
2024-01-17,3030.3122902067403,3042.3016563401,2943.68916867807,2968.417236328125,2897218,0.0,0.0
2024-01-18,2972.913425573758,2982.355003180879,2882.5436217496685,2916.3134765625,2552342,0.0,0.0
2024-01-19,2942.740284843709,2946.8365055653094,2900.477717199736,2913.06640625,2014096,0.0,0.0
2024-01-23,3012.2781317966887,3012.2781317966887,2882.9428979147388,2893.983154296875,1827002,0.0,0.0
2024-01-24,2898.429173066692,2926.50436879675,2868.7055371140086,2900.876953125,5807940,0.0,0.0
2024-01-25,2900.877013585749,2923.7568667471432,2801.914739507602,2891.035888671875,2601969,0.0,0.0
2024-01-29,2926.404389424962,3089.9592735690476,2920.4597109591923,3061.93408203125,4402976,0.0,0.0
2024-01-30,3078.2696926486747,3127.126261086924,3018.2228542389184,3088.36083984375,3115506,0.0,0.0
2024-01-31,3090.009461575902,3148.9071761925156,3069.6773964876134,3139.2158203125,2671051,0.0,0.0
2024-02-01,3154.1024559701286,3234.081569473812,3080.3180435553622,3150.70556640625,4686595,0.0,0.0
2024-02-02,3182.12773155314,3205.6569124207494,3137.2176110335527,3154.652099609375,2708695,0.0,0.0
2024-02-05,3167.1908014270316,3226.538064615924,3148.657191327833,3170.6376953125,2191195,0.0,0.0
2024-02-06,3181.078624478421,3225.339418697097,3157.1999000195083,3200.9111328125,2078891,0.0,0.0
2024-02-07,3217.1966723787345,3275.0452679989044,3207.155529180089,3226.988037109375,2095911,0.0,0.0
2024-02-08,3242.724002623775,3242.724002623775,3143.312174748227,3165.792236328125,1679004,0.0,0.0
2024-02-09,3181.6283207252313,3222.0924350825485,3118.4343643523844,3212.35107421875,1572789,0.0,0.0
2024-02-12,3226.1386583961425,3239.077134116157,3157.1998019609196,3166.941162109375,1083138,0.0,0.0
2024-02-13,3177.181976000948,3191.1695696059837,3089.3099635313115,3175.63330078125,1225207,0.0,0.0
2024-02-14,3181.178517482066,3252.365379721575,3167.0411539894762,3204.35791015625,1741264,0.0,0.0
2024-02-15,3216.99693615965,3249.867685365284,3181.22861033657,3190.969970703125,2035204,0.0,0.0
2024-02-16,3211.15206137354,3249.4181723707834,3189.8208821266844,3220.74365234375,2193673,0.0,0.0
2024-02-19,3237.1289638295348,3305.6682734111955,3232.9327343279465,3255.912353515625,1779444,0.0,0.0
2024-02-20,3264.1048872284496,3266.9024547412628,3207.3051683428725,3225.739013671875,1467630,0.0,0.0
2024-02-21,3235.1306839368845,3297.0757433575413,3202.159926503309,3220.34375,1657021,0.0,0.0
2024-02-22,3236.12995309624,3271.0989399311793,3207.655206673504,3260.15869140625,1138722,0.0,0.0
2024-02-23,3260.1587404758966,3317.0082252163534,3222.2424158218955,3270.399658203125,1975035,0.0,0.0
2024-02-26,3269.1004297432573,3341.0366250187817,3260.108405333817,3324.801025390625,1695378,0.0,0.0
2024-02-27,3336.0412095144684,3337.0403233837446,3270.0996941422145,3299.373779296875,1125570,0.0,0.0
2024-02-28,3306.2674808002253,3315.8590712636924,3204.657651741855,3216.1474609375,1358879,0.0,0.0
2024-02-29,3217.1965820421246,3301.821475841046,3202.509657320705,3282.488525390625,1352988,0.0,0.0
2024-03-01,3306.9170663564937,3343.0349343808853,3278.8918741438483,3315.80908203125,1161067,0.0,0.0
2024-03-04,3332.044729222231,3347.0314371497675,3307.1168871542855,3314.21044921875,1061244,0.0,0.0
2024-03-05,3322.353563448896,3331.045805758848,3292.130367400844,3307.266845703125,1190416,0.0,0.0
2024-03-06,3320.0556176653345,3320.0556176653345,3180.3294357951336,3231.08447265625,1935203,0.0,0.0
2024-03-07,3237.128950785146,3259.1094560065267,3217.146673311164,3223.69091796875,856328,0.0,0.0
2024-03-11,3238.327915715626,3256.112191875564,3197.164471924457,3204.508056640625,738851,0.0,0.0
2024-03-12,3204.5080663236263,3219.8443183416553,3108.2433444411777,3119.733154296875,1199487,0.0,0.0
2024-03-13,3122.2309250957364,3135.2694102237942,2847.624373202,2903.624755859375,3407040,0.0,0.0
2024-03-14,2924.8558899421664,3098.4519272284806,2877.447984947251,3084.714111328125,3759100,0.0,0.0
2024-03-15,3108.2431518132717,3140.6143426134577,3058.537238344062,3129.42431640625,2199094,0.0,0.0
2024-03-18,3047.3974014663636,3121.231821046236,2973.4129684470386,3108.99267578125,3042515,0.0,0.0
2024-03-19,3123.2299687640434,3161.9956358432205,3039.154633873267,3049.994873046875,1460452,0.0,0.0
2024-03-20,3072.2752751297553,3080.4679604119087,3018.4231329175236,3048.74609375,966481,0.0,0.0
2024-03-21,3086.812092600552,3104.346588592593,3056.8886830460747,3063.782470703125,1175751,0.0,0.0
2024-03-22,3063.832848709505,3126.177459921739,3045.3492411379325,3104.9462890625,951557,0.0,0.0
2024-03-26,3097.7525146300286,3169.1391509509026,3086.362714226259,3107.194091796875,937103,0.0,0.0
2024-03-27,3112.23993366657,3135.6691068542555,3103.497686661888,3119.333740234375,900231,0.0,0.0
2024-03-28,3131.2229063172326,3234.13163616748,3094.005914211197,3194.26708984375,2327053,0.0,0.0
2024-04-01,3227.337764461118,3288.8832800532364,3205.007714503999,3249.218505859375,1292646,0.0,0.0
2024-04-02,3256.0621507550563,3282.0891162762905,3237.1289913957935,3265.853515625,868829,0.0,0.0
2024-04-03,3247.120100246062,3257.261008527885,3219.1449116900963,3230.584716796875,1153109,0.0,0.0
2024-04-04,3247.1202956756742,3270.0999162296866,3198.863043727388,3207.955078125,1403826,0.0,0.0
2024-04-05,3208.2545718925126,3231.1341814206776,3176.1329153546812,3221.9423828125,755607,0.0,0.0
2024-04-08,3238.0782419726092,3240.6260312784375,3194.367007544235,3221.69287109375,577440,0.0,0.0
2024-04-09,3237.828283847886,3248.1192055386327,3182.177689830989,3195.61572265625,833679,0.0,0.0
2024-04-10,3197.1644143275757,3251.716129716755,3189.6710602314956,3239.127197265625,1441138,0.0,0.0
2024-04-12,3207.1554288756633,3244.6221979045845,3202.459642608894,3207.055419921875,705173,0.0,0.0
2024-04-15,3147.208677814963,3177.481876738802,3100.4501001025696,3144.660888671875,1035378,0.0,0.0
2024-04-16,3098.252099488408,3146.409339060643,3097.252985622078,3103.647216796875,1134184,0.0,0.0
2024-04-18,3122.380566934596,3142.2130745295585,3005.6342593118106,3016.62451171875,1703646,0.0,0.0
2024-04-19,2997.341750987447,3054.3412487369174,2959.8749791001037,3024.267822265625,1727317,0.0,0.0
2024-04-22,3050.2948154856886,3074.7731066679353,3022.319625563121,3060.6357421875,993929,0.0,0.0
2024-04-23,3056.289341001143,3088.260984973695,3040.4035279719956,3062.384033203125,1654272,0.0,0.0
2024-04-24,3069.2277633043136,3085.1138199804104,3037.3061243676093,3040.85302734375,605917,0.0,0.0
2024-04-25,3047.29708252247,3118.1341531989415,3022.968563982461,3112.4892578125,1515529,0.0,0.0
2024-04-26,3117.135162578286,3127.1263009485797,3063.333028808819,3077.670166015625,662764,0.0,0.0
2024-04-29,3107.244255916619,3107.7438128709464,3048.7960922603097,3078.4697265625,648544,0.0,0.0
2024-04-30,3091.2581416108355,3105.6952874433946,3042.3015647074967,3051.992919921875,804552,0.0,0.0
2024-05-02,3069.2279269138485,3117.0856295554636,3012.3784430068963,3036.90673828125,2219085,0.0,0.0
2024-05-03,3027.31509176898,3042.301800144074,2972.463836685852,2990.59765625,1472168,0.0,0.0
2024-05-06,2990.597539561118,2997.5413320524503,2847.47448016343,2872.1025390625,2377944,0.0,0.0
2024-05-07,2887.3889134493857,2902.7754125153815,2819.4991786795704,2833.436767578125,1262311,0.0,0.0
2024-05-08,2847.4744369479995,2888.338095333086,2817.501021822231,2858.01513671875,951411,0.0,0.0
2024-05-09,2862.2614131556516,2881.0945629189237,2753.5577772290953,2764.1982421875,1485510,0.0,0.0
2024-05-10,2792.4732295753424,2806.5108280698396,2758.003801462701,2794.771240234375,2354794,0.0,0.0
2024-05-13,2800.5163590152374,2887.4392713357247,2788.0274348312596,2877.048583984375,3784373,0.0,0.0
2024-05-14,2892.384662356332,3043.3008618926274,2872.0028368851367,3034.8583984375,5725807,0.0,0.0
2024-05-15,3044.0500218303628,3116.0862256030646,3034.908227974865,3047.04736328125,1688836,0.0,0.0
2024-05-16,3062.2839961607237,3074.2233580623665,2972.3137438345057,3038.95458984375,1835312,0.0,0.0
2024-05-17,3038.355369399214,3088.2610598375472,3012.8279605112016,3057.7880859375,825436,0.0,0.0
2024-05-21,3065.1814023660677,3172.186597443239,3031.8110960445692,3114.737548828125,3091659,0.0,0.0
2024-05-22,3127.176251887083,3142.2129636617974,3070.776325537213,3138.16650390625,3371077,0.0,0.0
2024-05-23,3153.902592075303,3402.9817197610473,3132.7714320487285,3384.29833984375,6979082,0.0,0.0
2024-05-24,3402.9818351640542,3454.785986801078,3352.6265937753806,3381.950439453125,3473668,0.0,0.0
2024-05-27,3355.0243500773345,3355.0243500773345,3264.15499307317,3286.135498046875,2582485,0.0,0.0
2024-05-28,3306.7170143469452,3326.5495215888404,3226.1885854079055,3241.17529296875,1621168,0.0,0.0
2024-05-29,3247.1201026067865,3319.955406723236,3209.15377525323,3255.912353515625,1910729,0.0,0.0
2024-05-30,3251.1164864722746,3271.3985465279934,3171.6869349435265,3191.41943359375,1990208,0.0,0.0
2024-05-31,3222.392193186234,3431.406777938173,3222.392193186234,3408.327392578125,6384589,0.0,0.0
2024-06-03,3721.699105227372,3740.5822594935785,3582.872284033344,3642.019775390625,8511359,0.0,0.0
2024-06-04,3516.8809764130897,3516.8809764130897,2731.52743572212,2938.643798828125,20306909,0.0,0.0
2024-06-05,3027.314892848024,3147.2085519707184,2747.563021561738,3112.58935546875,8778345,0.0,0.0
2024-06-06,3181.1787080460763,3219.544584844753,3134.3701235190847,3182.8271484375,5873271,0.0,0.0
2024-06-07,3167.5906701680033,3230.8846344851936,3148.8075236365253,3216.697265625,4740455,0.0,0.0
2024-06-10,3264.105171374568,3281.4896559848057,3202.6596653936876,3217.246826171875,4935698,0.0,0.0
2024-06-11,3221.1430709157935,3262.1067390012613,3192.2187735768866,3218.3955078125,4173692,0.0,0.0
2024-06-12,3222.042179473788,3242.1244655667338,3205.157252862275,3216.197509765625,3022477,0.0,0.0
2024-06-13,3227.1377260324025,3251.116458362055,3204.407886011586,3221.9423828125,3202978,0.0,0.0
2024-06-14,3223.401998843125,3273.3772236313907,3219.5040289175013,3260.1337890625,4224855,1.260331,0.0
2024-06-18,3308.3598808576353,3343.3425382080936,3285.5711295511205,3307.410400390625,1755612,0.0,0.0
2024-06-19,3312.357974429863,3312.357974429863,3224.7014769581465,3260.28369140625,1419264,0.0,0.0
2024-06-20,3262.282707250336,3313.3574858619845,3238.394646815333,3257.8349609375,1366545,0.0,0.0
2024-06-21,3263.432191865297,3275.476269803204,3174.8259721981535,3187.7197265625,4697655,0.0,0.0
2024-06-24,3184.171377642112,3213.207031412063,3133.446525593038,3193.01708984375,3261647,0.0,0.0
2024-06-25,3203.1620373157666,3206.860155151377,3154.7861172604457,3169.52880859375,1694962,0.0,0.0
2024-06-26,3167.4797223854885,3186.1203833369123,3162.332127899688,3168.928955078125,2142889,0.0,0.0
2024-06-27,3175.4258411150927,3200.663330094682,3148.4392192359273,3173.57666015625,5114980,0.0,0.0
2024-06-28,3188.4194142653464,3210.3584896442126,3155.435765152257,3175.57568359375,960905,0.0,0.0
2024-07-01,3178.374222253659,3191.567632585238,3155.9854195103526,3182.222412109375,832170,0.0,0.0
2024-07-02,3178.2743917528737,3206.2104929312873,3129.4985247329037,3151.637451171875,1490844,0.0,0.0
2024-07-03,3156.435271383278,3192.967210361073,3146.1903500622907,3189.368896484375,1152522,0.0,0.0
2024-07-04,3190.4184802864356,3192.867217596758,3136.495259349938,3142.692138671875,1055391,0.0,0.0
2024-07-05,3142.342069928811,3156.984957125745,3122.4020041481945,3146.340087890625,663988,0.0,0.0
2024-07-08,3146.3401828888173,3156.635128255256,3073.4764009426262,3112.057373046875,1155112,0.0,0.0
2024-07-09,3114.406115025787,3156.4353296343825,3098.9638187243204,3109.208740234375,922403,0.0,0.0
2024-07-10,3118.5542215420373,3125.700581415063,3061.882118750566,3094.466064453125,586710,0.0,0.0
2024-07-11,3117.1545411753686,3128.249138398057,3072.5767882338755,3076.774658203125,899781,0.0,0.0
2024-07-12,3088.469037676798,3097.2647264585803,3056.8348165006923,3063.93115234375,756036,0.0,0.0
2024-07-15,3064.580887870172,3101.9622590845297,3056.8347278869574,3088.86865234375,724171,0.0,0.0
2024-07-16,3108.459125859896,3136.1953769025367,3094.5661103328894,3107.759521484375,988357,0.0,0.0
2024-07-18,3104.4609353281567,3109.4584577610735,3055.6350435506956,3090.667724609375,1021653,0.0,0.0
2024-07-19,3090.4679824230443,3092.966743728367,2998.513566387171,3004.210693359375,1026941,0.0,0.0
2024-07-22,3004.2107318326093,3025.400179169175,2970.677305881804,2999.36328125,662085,0.0,0.0
2024-07-23,3018.503655649862,3036.494737041153,2884.919973927393,2993.865966796875,1443331,0.0,0.0
2024-07-24,2993.865960161793,3006.009842466137,2957.8337734290485,2969.22802734375,693702,0.0,0.0
2024-07-25,2959.2329050077997,3016.1546371068916,2943.6407813214846,2972.026611328125,1105721,0.0,0.0
2024-07-26,2993.515997491783,3107.459511252739,2986.619514003587,3078.9736328125,1942427,0.0,0.0
2024-07-29,3092.766834426602,3118.803975550434,3072.4768441987176,3087.8193359375,1037474,0.0,0.0
2024-07-30,3090.46791662505,3153.436700178536,3065.130379920667,3127.19970703125,1647048,0.0,0.0
2024-07-31,3139.4437585301707,3195.9157650112134,3133.446731293246,3167.82958984375,2414005,0.0,0.0
2024-08-01,3178.4242201462816,3256.3855689423226,3150.138194791994,3215.65576171875,6149883,0.0,0.0
2024-08-02,3198.4144645813417,3213.4070323840665,3109.4585622851732,3159.333740234375,3360209,0.0,0.0
2024-08-05,3083.4714403598,3131.497681289919,2994.815438350145,3036.694580078125,2238921,0.0,0.0
2024-08-06,3082.4719401159036,3141.2428547041463,3055.735194202123,3071.177490234375,2125201,0.0,0.0
2024-08-07,3116.4550553880713,3188.419379951234,3110.458028341141,3184.371337890625,1868169,0.0,0.0
2024-08-08,3188.9690718213833,3241.0431088886835,3154.985919454991,3165.98046875,2139376,0.0,0.0
2024-08-09,3207.410026420388,3217.7049718501007,3169.4788784332154,3185.970703125,760165,0.0,0.0
2024-08-12,3098.463875785774,3168.2793610464187,3012.5064908446197,3150.188232421875,10307245,0.0,0.0
2024-08-13,3168.479246497756,3176.5253064186822,3080.222951528508,3090.667724609375,2192588,0.0,0.0
2024-08-14,3084.171009117328,3084.171009117328,3026.2497717280007,3038.59375,1232383,0.0,0.0
2024-08-16,3068.4789406332593,3120.0534725527455,3037.8442240618383,3107.259765625,970067,0.0,0.0
2024-08-19,3120.503032811305,3132.7469627785026,3091.417354628305,3101.0126953125,557265,0.0,0.0
2024-08-20,3117.404534478981,3124.451090059919,3057.3344599974275,3069.12841796875,662263,0.0,0.0
2024-08-21,3069.128521618086,3151.737718354416,3066.8796364005398,3114.15625,1379240,0.0,0.0
2024-08-22,3129.1986474756904,3148.439108695496,3089.46834443739,3097.514404296875,1378912,0.0,0.0
2024-08-23,3099.463371249126,3121.452469658504,3066.0800194536564,3074.82568359375,1375224,0.0,0.0
2024-08-26,3086.4698331602312,3088.468842119532,3053.4861853317702,3067.479248046875,1632446,0.0,0.0
2024-08-27,3070.6776487584525,3094.216028327826,3062.48176073535,3065.580322265625,1310440,0.0,0.0
2024-08-28,3076.4749830036844,3076.4749830036844,3020.602776664212,3026.499755859375,1569652,0.0,0.0
2024-08-29,3028.4985369265387,3040.4425665108183,2979.822718156764,3018.6533203125,1853966,0.0,0.0
2024-08-30,3028.4986292030135,3037.0444414655863,3001.811907908026,3017.85400390625,3509174,0.0,0.0
2024-09-02,3019.6032031932396,3057.6341549662006,2996.11484697158,3040.642578125,1842658,0.0,0.0
2024-09-03,3035.4951595650837,3051.5372555573645,3022.301748999156,3034.595703125,1371577,0.0,0.0
2024-09-04,3008.5084887360676,3023.5010559556827,2953.735594356478,3010.857421875,1212270,0.0,0.0
2024-09-05,3023.5010777374946,3036.394588031391,3000.5124745018047,3013.85595703125,734273,0.0,0.0
2024-09-06,3017.504055280505,3023.5010822204463,2966.529326291003,2973.9755859375,1251165,0.0,0.0
2024-09-09,2970.627408297665,2971.0271124879523,2925.8495581011493,2962.68115234375,1523581,0.0,0.0
2024-09-10,2970.127694508329,3005.909760690181,2946.139586308837,2984.920166015625,803782,0.0,0.0
2024-09-11,2983.5210730370068,2991.467085382368,2926.5493138533857,2936.39453125,888628,0.0,0.0
2024-09-12,2948.5383804408016,2998.513607227934,2915.704558833791,2989.51806640625,1314173,0.0,0.0
2024-09-13,2970.527488488992,3000.4626006138096,2954.58543990349,2966.87939453125,815948,0.0,0.0
2024-09-16,2970.5273879348774,3024.900335382082,2970.5273879348774,2983.4208984375,695162,0.0,0.0
2024-09-17,2988.5685699626088,2994.415525053723,2951.0371260417023,2973.725830078125,698700,0.0,0.0
2024-09-18,2974.52539494368,2983.2710593273355,2933.5457104031257,2954.835205078125,831891,0.0,0.0
2024-09-19,2973.5759912067674,2973.7758433081917,2888.9180065922624,2941.691650390625,1655401,0.0,0.0
2024-09-20,2946.6890833796665,3023.501101533935,2940.5922523635713,3007.00927734375,1787210,0.0,0.0
2024-09-23,3018.503566605088,3068.478791217755,3013.7559202668845,3042.441650390625,897314,0.0,0.0
2024-09-24,3053.48631505702,3099.463523074245,3038.743623355844,3092.366943359375,1021918,0.0,0.0
2024-09-25,3106.459988882328,3122.352012839212,3078.6737149526157,3103.5615234375,913008,0.0,0.0
2024-09-26,3083.471293333565,3146.440075012662,3083.471293333565,3121.1025390625,1548019,0.0,0.0
2024-09-27,3120.45308718206,3177.42484437917,3114.4560601086796,3128.7490234375,2297441,0.0,0.0
2024-09-30,3127.4496830613584,3208.309502155208,3118.8538464716057,3134.29638671875,1607429,0.0,0.0
2024-10-01,3134.7461099187017,3190.4184635010506,3105.46057835143,3184.521484375,1367116,0.0,0.0
2024-10-03,3148.439208044167,3194.766339713251,3082.5719584107246,3114.4560546875,1309703,0.0,0.0
2024-10-04,3118.354059403136,3147.9394908510344,3068.4788813820214,3109.108642578125,987583,0.0,0.0
2024-10-07,3109.1086347594887,3126.9498880334527,2978.973195175389,3016.504638671875,1743454,0.0,0.0
2024-10-08,3017.0042995538392,3168.4292296126123,2993.3661160007096,3159.1337890625,1776511,0.0,0.0
2024-10-09,3173.4267260732513,3178.374224448554,3132.84674655088,3152.187255859375,897335,0.0,0.0
2024-10-10,3138.4441914997187,3209.4090123903175,3054.5858599143253,3172.627197265625,2905725,0.0,0.0
2024-10-11,3172.627174775017,3188.4193948764555,3114.4560609514215,3135.6455078125,1035260,0.0,0.0
2024-10-14,3143.4416261366423,3148.5391966517514,3091.3175645066567,3099.5634765625,437728,0.0,0.0
2024-10-15,3122.4521070507158,3126.4501251135207,3089.968210290425,3103.16162109375,371613,0.0,0.0
2024-10-16,3096.4649517090634,3113.8562324613495,3059.483285081163,3084.370849609375,543476,0.0,0.0
2024-10-17,3088.41878348898,3098.4638522008504,2991.5168740764984,3012.256591796875,2655289,0.0,0.0
2024-10-18,2988.5183974030333,3030.197685445828,2966.6293468827566,3000.512451171875,796339,0.0,0.0
2024-10-21,3003.66089058639,3013.456083620827,2915.5046413157716,2936.1943359375,1051690,0.0,0.0
2024-10-22,2936.544244932578,2953.5358215710576,2816.603703955073,2822.40087890625,1209732,0.0,0.0
2024-10-23,2839.44244215855,2877.5734410339983,2818.7027238878113,2834.14501953125,1270530,0.0,0.0
2024-10-24,2839.642328932659,2873.725286215764,2806.508608107791,2828.797607421875,942066,0.0,0.0
2024-10-25,2843.5904417101274,2845.5894508079905,2653.3846772445295,2692.115478515625,1954174,0.0,0.0
2024-10-28,2699.761714406559,2821.0014155729323,2670.776083779347,2797.26318359375,1385033,0.0,0.0
2024-10-29,2801.6112162241147,2861.631512453755,2731.4960705861286,2847.188720703125,1529844,0.0,0.0
2024-10-30,2862.5809813362703,2995.664912242695,2813.6552832699476,2967.828857421875,2884272,0.0,0.0
2024-10-31,2966.4292204899184,2975.025056544369,2932.3962884839534,2945.78955078125,1156390,0.0,0.0
2024-11-01,2958.533371651975,2974.125739732058,2926.948931292692,2948.03857421875,304673,0.0,0.0
2024-11-04,2933.5458237660887,2941.541860082998,2856.3340980809335,2895.96435546875,1059384,0.0,0.0
2024-11-05,2895.9643151964915,2922.5512331883533,2868.577988799786,2914.10546875,752303,0.0,0.0
2024-11-06,2916.5542646568524,3068.4789556191013,2916.5542646568524,3044.74072265625,1676755,0.0,0.0
2024-11-07,3043.4912075347315,3043.4912075347315,2941.591772395094,2968.62841796875,1285585,0.0,0.0
2024-11-08,2963.6308430639906,2993.5159295272033,2909.80742899368,2927.648681640625,835641,0.0,0.0
2024-11-11,2926.5492141406753,2945.339947789499,2886.569033619628,2902.211181640625,584144,0.0,0.0
2024-11-12,2908.5580603835474,2928.9978783613506,2853.58531353781,2868.577880859375,597231,0.0,0.0
2024-11-13,2858.582791687032,2887.5684213929494,2806.608559110904,2815.30419921875,890146,0.0,0.0
2024-11-14,2822.6007526143335,2843.390495346869,2799.612148750973,2825.3994140625,646797,0.0,0.0
2024-11-18,2825.3993065339596,2857.233377738805,2791.9159065290223,2817.30322265625,489692,0.0,0.0
2024-11-19,2829.5973438815236,2893.3657821378197,2808.407896503793,2820.10205078125,536296,0.0,0.0
2024-11-21,2538.0918116290777,2538.0918116290777,2153.982189234129,2182.56787109375,21796668,0.0,0.0
2024-11-22,2099.95892629846,2288.565374111626,2023.9965853186013,2226.89599609375,20939196,0.0,0.0
2024-11-25,2313.852854850152,2332.4935156625766,2236.89101043397,2256.38134765625,7466733,0.0,0.0
2024-11-26,2264.4773863197843,2291.7138826639757,2134.941511603406,2149.434326171875,7723187,0.0,0.0
2024-11-27,2178.9199205937166,2416.8020036677094,2141.0885757406795,2396.612060546875,17502156,0.0,0.0
2024-11-28,2438.791043642777,2525.048333047681,2398.810862599453,2435.892578125,14445549,0.0,0.0
2024-11-29,2462.829143832785,2518.7513725260087,2398.8108309771515,2461.929443359375,8191680,0.0,0.0
2024-12-02,2490.115571833662,2506.7572237374575,2425.3976570661184,2455.83251953125,3807565,0.0,0.0
2024-12-03,2462.779025734978,2556.732446359608,2460.8300408131836,2512.9541015625,4070042,0.0,0.0
2024-12-04,2526.7474415021547,2528.796474584203,2468.8762270597913,2493.513916015625,2344949,0.0,0.0
2024-12-05,2503.758696581083,2536.892172143549,2469.0259162592497,2521.300048828125,3333144,0.0,0.0
2024-12-06,2518.7513176717334,2533.743885038827,2501.259989076791,2505.157958984375,1240437,0.0,0.0
2024-12-09,2506.6573599862927,2524.748489924975,2481.9196224068614,2494.613525390625,958369,0.0,0.0
2024-12-10,2499.7608411373003,2499.7608411373003,2453.7836325438116,2465.9775390625,1119816,0.0,0.0
2024-12-11,2467.7766487602057,2478.7711984306643,2449.7855674812736,2456.032470703125,712674,0.0,0.0
2024-12-12,2455.7826143334846,2533.5441150686925,2445.0379407054484,2502.859375,2579624,0.0,0.0
2024-12-13,2502.759228018965,2543.738911864323,2477.821639946268,2526.297607421875,1940935,0.0,0.0
2024-12-16,2528.7464062525814,2536.242690065583,2501.759784525775,2511.155029296875,654321,0.0,0.0
2024-12-17,2510.755243242607,2523.7488014281776,2479.520728373446,2486.367431640625,1061891,0.0,0.0
2024-12-18,2487.7668142995235,2495.363146454869,2450.785146107847,2456.182373046875,990217,0.0,0.0
2024-12-19,2427.7964882340034,2432.794010852847,2395.9123915336477,2418.1513671875,1181898,0.0,0.0
2024-12-20,2427.7964900262,2452.6342750680496,2331.8440556735795,2343.7880859375,1337016,0.0,0.0
2024-12-23,2372.773673336799,2378.3209721493154,2331.5941364914124,2337.791015625,758920,0.0,0.0
2024-12-24,2354.0329613514014,2411.704322485464,2338.840541679466,2371.2744140625,1156186,0.0,0.0
2024-12-26,2376.8718388569305,2408.8059603573192,2366.826769346943,2399.060791015625,895785,0.0,0.0
2024-12-27,2413.8034059844063,2444.9378740479365,2389.3155453439845,2408.755859375,1982291,0.0,0.0
2024-12-30,2423.7984926164027,2608.7068312283754,2420.7499549867052,2591.065673828125,7825097,0.0,0.0
2024-12-31,2573.724104138607,2576.4727415313764,2506.207525923195,2527.39697265625,2745674,0.0,0.0
2025-01-01,2534.7434706468416,2642.8898112451134,2517.0022653613596,2553.584228515625,2875721,0.0,0.0
2025-01-02,2564.428697169233,2600.710760035146,2535.742966260248,2596.412841796875,1167236,0.0,0.0
2025-01-03,2578.721617439671,2617.7022930521307,2555.333309680056,2563.329345703125,932795,0.0,0.0
2025-01-06,2556.382603078163,2567.5772487650943,2462.2793514124382,2473.223876953125,1121398,0.0,0.0
2025-01-07,2473.4236240839427,2523.748771451234,2473.4236240839427,2519.301025390625,1019130,0.0,0.0
2025-01-08,2519.3010846968973,2528.7463532995603,2488.766173800753,2514.003662109375,879641,0.0,0.0
2025-01-09,2515.7528429540907,2516.3026192366174,2468.2763788935745,2476.672119140625,705838,0.0,0.0
2025-01-10,2478.771161545547,2483.368979856275,2367.076533600904,2373.223388671875,1418808,0.0,0.0
2025-01-13,2363.8281666416874,2363.8281666416874,2215.801451072035,2224.04736328125,1559903,0.0,0.0
2025-01-14,2240.389448977836,2421.6994767523383,2240.389448977836,2379.37060546875,4120705,0.0,0.0
2025-01-15,2397.811274070315,2420.749853336378,2371.4742331228326,2386.966552734375,1421437,0.0,0.0
2025-01-16,2498.761372396368,2568.7266908234665,2417.651675856248,2426.647216796875,2841803,0.0,0.0
2025-01-17,2448.7861639270277,2448.7861639270277,2378.870868989453,2398.611083984375,1122205,0.0,0.0
2025-01-20,2412.5539455774697,2452.784001013821,2388.8157141088154,2441.589599609375,1039435,0.0,0.0
2025-01-21,2440.5401376476752,2440.5401376476752,2372.4737828989073,2383.11865234375,1206512,0.0,0.0
2025-01-22,2397.8113866679732,2397.8113866679732,2323.9978789286247,2375.37255859375,1147334,0.0,0.0
2025-01-23,2381.819350268606,2403.958278514054,2353.833222779088,2383.818359375,826721,0.0,0.0
2025-01-24,2386.5667825185997,2404.807738975919,2298.2604655680475,2313.952880859375,1388583,0.0,0.0
2025-01-27,2308.9054726164863,2316.9515328321586,2248.935201224632,2258.580322265625,1032995,0.0,0.0
2025-01-28,2273.073010782487,2314.702518258285,2240.889015738609,2284.917236328125,966497,0.0,0.0
2025-01-29,2295.8617776208157,2325.097283496048,2281.469010797791,2317.451171875,785220,0.0,0.0
2025-01-30,2323.8479133813466,2350.3347820714994,2200.2092581486,2251.48388671875,2601625,0.0,0.0
2025-01-31,2237.7408061513665,2313.8029541854517,2212.653144935203,2286.66650390625,2013345,0.0,0.0
2025-02-01,2295.8618659872313,2350.2848379072902,2236.4413715029864,2268.875244140625,987362,0.0,0.0
2025-02-03,2265.626722266129,2277.870651833907,2212.8028142372887,2260.729248046875,824942,0.0,0.0
2025-02-04,2277.7707197110913,2310.854416447154,2266.426489986779,2300.359619140625,691187,0.0,0.0
2025-02-05,2313.8028774176287,2348.2357583997987,2307.9058985164042,2323.4482421875,560940,0.0,0.0
2025-02-06,2338.8405977958773,2338.8405977958773,2297.0612596808905,2311.30419921875,680544,0.0,0.0
2025-02-07,2311.304072775761,2373.7230783914524,2306.206746368653,2337.64111328125,892884,0.0,0.0
2025-02-10,2348.835658768829,2349.7851392737607,2278.970389335017,2289.6650390625,739708,0.0,0.0
2025-02-11,2310.8544403467213,2395.8123241829976,2304.857413252396,2320.599609375,4895456,0.0,0.0
2025-02-12,2323.848079889366,2377.271549309126,2279.869879667804,2352.283935546875,1933098,0.0,0.0
2025-02-13,2352.83353441826,2371.574243326647,2232.2931971116577,2243.587646484375,2551665,0.0,0.0
2025-02-14,2244.587193947611,2248.185507734795,2123.4973220763122,2151.583251953125,2549876,0.0,0.0
2025-02-17,2151.583299830181,2239.2898211528245,2109.604110137292,2222.59814453125,1400160,0.0,0.0
2025-02-18,2238.8901415593355,2238.8901415593355,2164.9768305559846,2219.199951171875,1138085,0.0,0.0
2025-02-19,2164.926766882092,2218.3002100643976,2125.946091024104,2179.719482421875,1203163,0.0,0.0
2025-02-20,2179.719567146636,2215.252002633017,2155.7314579939284,2177.92041015625,1086670,0.0,0.0
2025-02-21,2189.3646513372346,2198.5102642085676,2115.8012642603007,2132.043212890625,1540308,0.0,0.0
2025-02-24,2127.895017290584,2137.4403338937586,2095.6609977591024,2114.101806640625,1032294,0.0,0.0
2025-02-25,2114.1017669152793,2157.230530897533,2100.9583808371194,2128.794677734375,802131,0.0,0.0
2025-02-27,2142.687850338827,2148.0352972175083,2101.458288204027,2109.904052734375,941950,0.0,0.0
2025-02-28,2105.9559752486134,2110.3039174185683,2070.973317852457,2094.96142578125,2373922,0.0,0.0
2025-03-03,2107.9549415208794,2126.1958982220435,2025.545846214616,2116.051025390625,1592611,0.0,0.0
2025-03-04,2084.0669347221988,2152.9326973019433,2078.9693641541517,2143.7373046875,852978,0.0,0.0
2025-03-05,2152.8826936718287,2257.2808910906942,2146.985714662032,2244.7373046875,1370106,0.0,0.0
2025-03-06,2258.880246527998,2267.775739271505,2225.046920448907,2251.73388671875,890270,0.0,0.0
2025-03-07,2248.8352119512897,2266.5263936704205,2225.896631348199,2246.386474609375,818806,0.0,0.0
2025-03-10,2243.8877221580483,2286.8664179499397,2218.9001083255534,2227.196044921875,940113,0.0,0.0
2025-03-11,2222.0482702970558,2266.7263154308393,2207.20577529311,2249.48486328125,947079,0.0,0.0
2025-03-12,2268.87518672924,2278.8702316046993,2179.8692633093456,2240.689208984375,1049076,0.0,0.0
2025-03-13,2247.885589273509,2271.8736969402785,2214.502237045115,2219.99951171875,750310,0.0,0.0
2025-03-17,2198.90990184413,2285.766745359112,2196.910892842454,2251.583740234375,927737,0.0,0.0
2025-03-18,2251.583740234375,2251.583740234375,2251.583740234375,2251.583740234375,0,0.0,0.0
2025-03-19,2318.8003811969443,2340.8395038953627,2309.9048888882076,2317.5009765625,1030345,0.0,0.0
2025-03-20,2346.836509276519,2346.836509276519,2297.8607899602716,2338.140869140625,2587050,0.0,0.0
2025-03-21,2342.6388081215587,2388.366141187,2336.84163293993,2361.62939453125,1101418,0.0,0.0
2025-03-24,2368.82577190007,2393.813385527708,2359.9302790564966,2367.5263671875,1010184,0.0,0.0
2025-03-25,2383.8183098674535,2386.466899270553,2313.953040657819,2319.200439453125,763065,0.0,0.0
2025-03-26,2323.7478111503156,2358.6806870882533,2306.9063074857213,2311.4541015625,1078870,0.0,0.0
2025-03-27,2308.855294711456,2372.723531879383,2290.464510318148,2362.178955078125,1696042,0.0,0.0
2025-03-28,2374.8227104542643,2385.767236010381,2292.5634406611134,2314.652587890625,1838836,0.0,0.0
2025-04-01,2310.8545366194735,2357.7812267836557,2299.859986488498,2334.093017578125,501942,0.0,0.0
2025-04-02,2338.590619694135,2377.671342680792,2313.403155466206,2368.225830078125,573928,0.0,0.0
2025-04-03,2338.5906260655456,2428.6958580611936,2338.5406020372097,2409.60546875,1023200,0.0,0.0
2025-04-04,2393.7633363019463,2408.8559523820545,2314.35274983305,2333.4931640625,1219733,0.0,0.0
2025-04-07,2148.9846575174565,2237.89053227115,2143.937111086028,2211.603515625,1567177,0.0,0.0
2025-04-08,2268.875210994136,2299.8598504394304,2223.8975085735474,2284.5673828125,1224337,0.0,0.0
2025-04-09,2264.577282123031,2278.4205169658917,2214.102305201192,2235.79150390625,1001633,0.0,0.0
2025-04-11,2301.9089938490474,2342.3389039374856,2279.869869802178,2320.249755859375,981463,0.0,0.0
2025-04-15,2373.823163819049,2438.790955670939,2357.831091978584,2417.001708984375,1145125,0.0,0.0
2025-04-16,2398.810708955805,2426.7968338936225,2381.719085046637,2414.403076171875,889949,0.0,0.0
2025-04-17,2416.801807413935,2447.3867417905553,2390.814691205183,2416.90185546875,1054797,0.0,0.0
2025-04-21,2424.897874285996,2463.6784522185894,2394.3129401230285,2441.489501953125,782559,0.0,0.0
2025-04-22,2457.6815931830174,2482.169454187685,2439.7905596895125,2444.288330078125,766567,0.0,0.0
2025-04-23,2458.7810083755676,2472.574218933799,2420.0001859436006,2452.38427734375,672262,0.0,0.0
2025-04-24,2448.786078836681,2460.180332779323,2423.898513847388,2441.289794921875,596626,0.0,0.0
2025-04-25,2448.886126932322,2458.2813718311522,2322.348756840692,2353.133544921875,1414809,0.0,0.0
2025-04-28,2344.8374773262303,2400.809727424384,2336.4417374193654,2368.625732421875,681421,0.0,0.0
2025-04-29,2390.8147919085186,2398.8108280018578,2324.447789941663,2329.4453125,670730,0.0,0.0
2025-04-30,2330.2446058731593,2338.8404418570726,2283.8676964288084,2300.15966796875,837464,0.0,0.0
2025-05-02,2348.7355718552017,2371.2244235352387,2288.8653487682104,2297.9609375,1695797,0.0,0.0
2025-05-05,2311.454113306035,2495.7626382419567,2296.661398484493,2454.283203125,4227194,0.0,0.0
2025-05-06,2452.7839419770867,2461.979334194425,2342.3386992759997,2352.83349609375,1524692,0.0,0.0
2025-05-07,2313.8528638562534,2378.3209026116438,2313.8528638562534,2351.93408203125,1012640,0.0,0.0
2025-05-08,2360.829672363566,2366.6268473739788,2258.880211490965,2284.167724609375,1380069,0.0,0.0
2025-05-09,2238.890215459796,2271.9739140193233,2231.893683536484,2249.884765625,1006000,0.0,0.0
2025-05-12,2348.83564865776,2432.094424922625,2313.8529900607296,2424.098388671875,2147039,0.0,0.0
2025-05-13,2423.798310957276,2453.6833966474073,2403.8082217947417,2439.990234375,1815174,0.0,0.0
2025-05-14,2443.6883558263253,2480.6700208339184,2428.8958850390027,2460.679931640625,774441,0.0,0.0
2025-05-15,2462.1794097318534,2525.548144584563,2449.485750756614,2518.75146484375,1554800,0.0,0.0
2025-05-16,2527.7470125022933,2582.919614979549,2514.9533054302583,2553.734130859375,1641135,0.0,0.0
2025-05-19,2570.0260488858057,2577.5223328669103,2534.7434901441416,2539.34130859375,680957,0.0,0.0
2025-05-20,2543.73899410475,2563.5292323323647,2491.2650069964984,2500.360595703125,628023,0.0,0.0
2025-05-21,2508.456329082108,2523.249044098219,2482.46921276341,2499.160888671875,529234,0.0,0.0
2025-05-22,2499.1608937153155,2520.650239945298,2464.0784330260626,2486.367431640625,906909,0.0,0.0
2025-05-23,2497.7617701733207,2546.837539215961,2489.2659818393977,2538.741455078125,968415,0.0,0.0
2025-05-26,2547.836952675605,2567.6269460481503,2540.0407689732688,2546.4375,552912,0.0,0.0
2025-05-27,2544.6383383986686,2567.827037371545,2524.8483450630174,2539.041259765625,514936,0.0,0.0
2025-05-28,2557.7321058026837,2557.7321058026837,2508.7563835735587,2513.75390625,575989,0.0,0.0
2025-05-29,2535.4429496749003,2557.7319482427265,2509.7557335042934,2539.541015625,802317,0.0,0.0
2025-05-30,2548.736551144164,2562.7296145622104,2512.554535967148,2518.6513671875,684592,0.0,0.0
2025-06-02,2525.747890109581,2562.7295568820605,2513.653787962611,2517.552001953125,1008716,0.0,0.0
2025-06-03,2509.7557646100518,2511.2550213392096,2450.784999929848,2469.675537109375,962656,0.0,0.0
2025-06-04,2478.7712588394816,2501.759863256138,2439.890629847002,2488.16650390625,552667,0.0,0.0
2025-06-05,2493.763690992279,2528.8463960365434,2486.2674073520216,2503.158935546875,673209,0.0,0.0
2025-06-06,2513.653849667894,2552.0349701046575,2502.759347878047,2532.9443359375,640680,0.0,0.0
2025-06-09,2543.7390843020257,2602.8099009205994,2523.2492409903593,2580.82080078125,1711167,0.0,0.0
2025-06-10,2598.7118127956924,2661.880451133563,2576.4228126743196,2611.805419921875,2084054,0.0,0.0
2025-06-11,2628.696765552828,2629.5962219712037,2561.8300138772324,2579.9208984375,745432,0.0,0.0
2025-06-12,2590.2158152489756,2600.510760019358,2528.7462907890827,2542.439453125,955097,0.0,0.0
2025-06-13,2498.0,2516.0,2460.0,2507.89990234375,695869,1.260331,0.0
2025-06-16,2500.0,2563.300048828125,2462.0,2544.0,956459,0.0,0.0
2025-06-17,2535.0,2539.60009765625,2479.0,2488.5,703343,0.0,0.0
2025-06-18,2491.89990234375,2495.89990234375,2445.39990234375,2459.10009765625,667044,0.0,0.0
2025-06-19,2466.300048828125,2468.89990234375,2405.10009765625,2420.60009765625,688209,0.0,0.0
2025-06-20,2428.0,2461.300048828125,2415.0,2448.39990234375,3002549,0.0,0.0
2025-06-23,2438.0,2492.60009765625,2421.0,2472.0,790533,0.0,0.0
2025-06-24,2504.0,2544.60009765625,2500.199951171875,2505.60009765625,996372,0.0,0.0
2025-06-25,2519.89990234375,2541.60009765625,2512.10009765625,2527.199951171875,921346,0.0,0.0
2025-06-26,2535.0,2593.60009765625,2522.199951171875,2586.199951171875,1339627,0.0,0.0
2025-06-27,2587.699951171875,2681.60009765625,2582.0,2646.300048828125,4049316,0.0,0.0
2025-06-30,2650.0,2653.89990234375,2605.89990234375,2619.39990234375,694814,0.0,0.0
2025-07-01,2624.89990234375,2645.0,2603.0,2621.800048828125,729197,0.0,0.0
2025-07-02,2634.0,2646.0,2613.60009765625,2630.199951171875,621409,0.0,0.0
2025-07-03,2634.0,2644.0,2605.10009765625,2611.199951171875,502724,0.0,0.0
2025-07-04,2617.0,2617.0,2582.199951171875,2599.10009765625,370305,0.0,0.0
2025-07-07,2602.0,2605.39990234375,2572.0,2576.10009765625,412159,0.0,0.0
2025-07-08,2586.0,2600.0,2573.0,2591.300048828125,357686,0.0,0.0
2025-07-09,2599.0,2609.89990234375,2570.0,2583.0,396880,0.0,0.0
2025-07-10,2591.0,2604.0,2575.0,2581.0,306565,0.0,0.0
2025-07-11,2575.0,2591.89990234375,2551.89990234375,2558.699951171875,390645,0.0,0.0
2025-07-14,2555.0,2604.800048828125,2543.5,2581.300048828125,536585,0.0,0.0
2025-07-15,2588.0,2606.89990234375,2576.0,2598.199951171875,379425,0.0,0.0
2025-07-16,2602.5,2619.5,2595.5,2608.5,686644,0.0,0.0
2025-07-17,2612.0,2654.5,2605.300048828125,2616.60009765625,785771,0.0,0.0
2025-07-18,2612.0,2626.699951171875,2584.199951171875,2596.10009765625,479942,0.0,0.0
2025-07-21,2596.300048828125,2624.89990234375,2585.0,2619.5,369782,0.0,0.0
2025-07-22,2626.0,2630.0,2581.60009765625,2587.800048828125,387055,0.0,0.0
2025-07-23,2600.699951171875,2625.89990234375,2593.5,2614.5,316424,0.0,0.0
2025-07-24,2615.39990234375,2624.199951171875,2595.0,2608.39990234375,253782,0.0,0.0
2025-07-25,2605.0,2617.0,2544.10009765625,2550.10009765625,424612,0.0,0.0
2025-07-28,2549.0,2585.0,2512.60009765625,2522.300048828125,428409,0.0,0.0
2025-07-29,2529.0,2557.39990234375,2507.5,2547.89990234375,424781,0.0,0.0
2025-07-30,2547.89990234375,2552.60009765625,2525.0,2532.89990234375,262063,0.0,0.0
2025-07-31,2509.89990234375,2520.0,2422.60009765625,2430.699951171875,1457616,0.0,0.0
2025-08-01,2425.0,2444.89990234375,2333.0,2350.89990234375,976341,0.0,0.0
2025-08-04,2360.0,2374.699951171875,2338.199951171875,2363.60009765625,576426,0.0,0.0
2025-08-05,2370.0,2370.0,2316.0,2328.199951171875,576742,0.0,0.0
2025-08-06,2333.89990234375,2347.89990234375,2296.0,2300.300048828125,631582,0.0,0.0
2025-08-07,2290.0,2295.0,2202.800048828125,2249.800048828125,1529410,0.0,0.0
2025-08-08,2247.0,2260.89990234375,2164.800048828125,2178.10009765625,2552736,0.0,0.0
2025-08-11,2196.0,2302.0,2183.0,2283.39990234375,2376286,0.0,0.0
2025-08-12,2280.10009765625,2314.699951171875,2267.0,2288.199951171875,1075526,0.0,0.0
2025-08-13,2299.0,2314.89990234375,2245.39990234375,2280.10009765625,833679,0.0,0.0
2025-08-14,2288.0,2304.0,2267.699951171875,2281.60009765625,998109,0.0,0.0
2025-08-18,2309.60009765625,2360.0,2300.0,2333.60009765625,988629,0.0,0.0
2025-08-19,2339.89990234375,2395.60009765625,2314.10009765625,2388.39990234375,1069432,0.0,0.0
2025-08-20,2380.0,2406.0,2372.10009765625,2387.10009765625,780025,0.0,0.0
2025-08-21,2387.10009765625,2397.0,2371.39990234375,2377.199951171875,441867,0.0,0.0
2025-08-22,2369.89990234375,2376.300048828125,2321.0,2324.89990234375,584211,0.0,0.0
2025-08-25,2335.699951171875,2348.39990234375,2300.0,2302.89990234375,542455,0.0,0.0
2025-08-26,2304.0,2309.300048828125,2249.39990234375,2272.0,1071550,0.0,0.0
2025-08-28,2271.89990234375,2327.89990234375,2255.0,2275.199951171875,907868,0.0,0.0
2025-08-29,2283.0,2289.699951171875,2240.0,2244.699951171875,795699,0.0,0.0
2025-09-01,2259.0,2288.0,2252.10009765625,2284.199951171875,425639,0.0,0.0
2025-09-02,2291.0,2302.0,2264.0,2274.199951171875,481894,0.0,0.0
2025-09-03,2285.0,2293.0,2263.10009765625,2288.699951171875,443629,0.0,0.0
2025-09-04,2309.89990234375,2317.300048828125,2275.0,2278.800048828125,392697,0.0,0.0
2025-09-05,2275.0,2293.5,2248.0,2281.39990234375,443010,0.0,0.0
2025-09-08,2290.0,2333.89990234375,2286.0,2310.89990234375,542811,0.0,0.0
2025-09-09,2320.0,2325.0,2297.0,2311.60009765625,369431,0.0,0.0
2025-09-10,2330.0,2345.89990234375,2325.10009765625,2340.199951171875,390490,0.0,0.0
2025-09-11,2348.0,2418.699951171875,2340.199951171875,2398.800048828125,2111888,0.0,0.0
2025-09-12,2416.89990234375,2421.60009765625,2387.10009765625,2392.0,533971,0.0,0.0
2025-09-15,2392.0,2402.800048828125,2378.10009765625,2383.39990234375,298129,0.0,0.0
2025-09-16,2410.0,2415.800048828125,2388.0,2399.39990234375,752979,0.0,0.0
2025-09-17,2417.0,2417.0,2391.0,2402.0,514354,0.0,0.0
2025-09-18,2414.5,2438.0,2388.39990234375,2402.0,703730,0.0,0.0
2025-09-19,2495.0,2579.0,2466.10009765625,2524.0,7965135,0.0,0.0
2025-09-22,2535.0,2659.0,2522.10009765625,2629.5,7022985,0.0,0.0
2025-09-23,2642.60009765625,2695.0,2593.0,2676.39990234375,5610022,0.0,0.0
2025-09-24,2655.0,2676.0,2614.39990234375,2619.800048828125,1720785,0.0,0.0
2025-09-25,2625.0,2647.89990234375,2567.0,2576.39990234375,1489682,0.0,0.0
2025-09-26,2572.800048828125,2605.0,2535.0,2543.699951171875,1037808,0.0,0.0
2025-09-29,2543.699951171875,2555.0,2505.0,2509.5,1012402,0.0,0.0
2025-09-30,2522.0,2535.0,2490.60009765625,2505.89990234375,712592,0.0,0.0
2025-10-01,2518.39990234375,2603.39990234375,2472.10009765625,2592.699951171875,1573485,0.0,0.0
2025-10-03,2595.0,2612.89990234375,2564.39990234375,2589.89990234375,917651,0.0,0.0
2025-10-06,2589.10009765625,2599.800048828125,2562.60009765625,2573.5,654955,0.0,0.0
2025-10-07,2580.699951171875,2617.300048828125,2533.10009765625,2542.199951171875,1120230,0.0,0.0
2025-10-08,2562.0,2565.0,2500.0,2524.10009765625,1063357,0.0,0.0
2025-10-09,2535.0,2559.0,2522.199951171875,2542.39990234375,651703,0.0,0.0
2025-10-10,2552.0,2565.0,2538.800048828125,2550.89990234375,690142,0.0,0.0
2025-10-13,2529.10009765625,2542.10009765625,2504.0,2527.39990234375,645483,0.0,0.0
2025-10-14,2538.89990234375,2538.89990234375,2485.199951171875,2517.0,673048,0.0,0.0
2025-10-15,2535.0,2561.39990234375,2527.300048828125,2532.800048828125,759772,0.0,0.0
2025-10-16,2544.800048828125,2579.699951171875,2540.89990234375,2557.60009765625,1020102,0.0,0.0
2025-10-17,2560.0,2577.199951171875,2543.10009765625,2549.39990234375,682968,0.0,0.0
2025-10-20,2561.300048828125,2579.0,2537.10009765625,2548.10009765625,747349,0.0,0.0
2025-10-21,2554.89990234375,2562.0,2542.300048828125,2549.89990234375,101019,0.0,0.0
2025-10-23,2559.89990234375,2577.800048828125,2540.89990234375,2545.800048828125,852445,0.0,0.0
2025-10-24,2554.800048828125,2554.800048828125,2497.699951171875,2504.199951171875,473765,0.0,0.0
2025-10-27,2504.199951171875,2514.60009765625,2487.10009765625,2492.800048828125,478055,0.0,0.0
2025-10-28,2495.0,2516.0,2479.10009765625,2494.39990234375,626988,0.0,0.0
2025-10-29,2500.0,2600.0,2495.5,2537.39990234375,1526734,0.0,0.0
2025-10-30,2550.0,2559.39990234375,2511.800048828125,2526.89990234375,783328,0.0,0.0
2025-10-31,2535.0,2543.5,2464.89990234375,2481.0,848642,0.0,0.0
2025-11-03,2484.0,2501.89990234375,2457.5,2467.0,731108,0.0,0.0
2025-11-04,2479.800048828125,2488.89990234375,2390.60009765625,2419.800048828125,2072668,0.0,0.0
2025-11-06,2425.10009765625,2427.10009765625,2307.60009765625,2314.300048828125,1978147,0.0,0.0
2025-11-07,2315.0,2402.5,2291.39990234375,2369.39990234375,2232889,0.0,0.0
2025-11-10,2308.2470703125,2315.13037109375,2291.86279296875,2298.358154296875,577428,0.0,0.0
2025-11-11,2295.74072265625,2306.30810546875,2267.140869140625,2294.5771484375,654132,0.0,0.0
2025-11-12,2311.25244140625,2440.6787109375,2288.954345703125,2408.685546875,6895852,0.0,0.0
2025-11-13,2425.651611328125,2447.94970703125,2392.7861328125,2412.272705078125,2791508,0.0,0.0
2025-11-14,2423.712646484375,2475.77392578125,2405.29248046875,2440.0,4637753,0.0,0.0
2025-11-17,2460.0,2474.89990234375,2421.0,2462.0,2672697,0.0,0.0
2025-11-18,2462.0,2478.60009765625,2434.300048828125,2436.800048828125,1245215,0.0,0.0
2025-11-19,2446.5,2449.89990234375,2413.89990234375,2433.10009765625,774785,0.0,0.0
2025-11-20,2450.10009765625,2478.89990234375,2440.39990234375,2446.10009765625,1526556,0.0,0.0
2025-11-21,2450.0,2456.199951171875,2418.0,2422.300048828125,547541,0.0,0.0
2025-11-24,2426.199951171875,2432.300048828125,2393.10009765625,2399.199951171875,691419,0.0,0.0
2025-11-25,2400.89990234375,2407.699951171875,2325.300048828125,2332.89990234375,2223715,0.0,0.0
2025-11-26,2321.199951171875,2357.0,2310.0,2315.0,1026965,0.0,0.0
2025-11-27,2310.0,2320.5,2243.0,2255.0,1474038,0.0,0.0
2025-11-28,2267.10009765625,2331.0,2247.800048828125,2280.199951171875,3037620,0.0,0.0
2025-12-01,2300.0,2304.0,2257.0,2262.0,1313265,0.0,0.0
2025-12-02,2255.0,2267.199951171875,2232.199951171875,2239.60009765625,1035354,0.0,0.0
2025-12-03,2240.0,2245.0,2172.199951171875,2189.800048828125,1643852,0.0,0.0
2025-12-04,2188.0,2231.699951171875,2183.39990234375,2217.89990234375,2522821,0.0,0.0
2025-12-05,2217.89990234375,2268.60009765625,2202.89990234375,2265.39990234375,2400781,0.0,0.0
2025-12-08,2265.39990234375,2270.39990234375,2205.0,2216.199951171875,939764,0.0,0.0
2025-12-09,2216.199951171875,2257.0,2178.39990234375,2245.199951171875,1227728,0.0,0.0
2025-12-10,2255.800048828125,2267.5,2204.10009765625,2211.60009765625,935149,0.0,0.0
2025-12-11,2225.0,2293.89990234375,2192.39990234375,2277.699951171875,1519832,0.0,0.0
2025-12-12,2277.699951171875,2296.800048828125,2270.199951171875,2282.39990234375,929199,0.0,0.0
2025-12-15,2282.39990234375,2300.0,2273.0,2278.89990234375,573027,0.0,0.0
2025-12-16,2270.0,2276.800048828125,2232.10009765625,2247.89990234375,654714,0.0,0.0
2025-12-17,2247.60009765625,2255.0,2221.0,2232.5,651509,0.0,0.0
2025-12-18,2236.39990234375,2245.0,2211.10009765625,2229.300048828125,508238,0.0,0.0
2025-12-19,2249.0,2250.0,2210.0,2239.0,880005,0.0,0.0
2025-12-22,2260.0,2274.0,2245.89990234375,2263.5,599195,0.0,0.0
2025-12-23,2272.5,2273.60009765625,2245.0,2248.800048828125,450112,0.0,0.0
2025-12-24,2250.0,2258.800048828125,2217.39990234375,2222.699951171875,825693,0.0,0.0
2025-12-26,2229.300048828125,2250.89990234375,2218.0,2229.89990234375,566237,0.0,0.0
2025-12-29,2232.0,2238.199951171875,2196.0,2203.199951171875,690691,0.0,0.0
2025-12-30,2204.800048828125,2219.0,2195.0,2214.699951171875,935026,0.0,0.0
2025-12-31,2216.300048828125,2246.39990234375,2216.300048828125,2239.699951171875,779141,0.0,0.0
