Date,open,high,low,close,volume,dividends,stock splits
2007-12-03,166.74556016215172,169.1946885118271,165.65013565077152,167.8498992919922,1810230,0.0,0.0
2007-12-04,168.67814889229206,169.30157427291047,167.43132530977095,168.19723510742188,2604970,0.0,0.0
2007-12-05,167.96567223596367,169.17687801203158,166.5407194678755,167.44912719726562,2051215,0.0,0.0
2007-12-06,168.33974791949055,169.39064023299156,163.2722759324149,164.43894958496094,2505170,0.0,0.0
2007-12-07,165.86389358519617,167.43133094012623,164.22519363531666,167.17306518554688,1478035,0.0,0.0
2007-12-10,167.4313207504275,167.8766168162531,165.82825219558381,167.3689727783203,965735,0.0,0.0
2007-12-11,169.21250458594724,169.21250458594724,166.71884390575653,167.60943603515625,2258165,0.0,0.0
2007-12-12,166.54074001845535,170.1031087889036,160.70735843897467,167.79647827148438,5131770,0.0,0.0
2007-12-13,168.32187985077087,174.37790787544205,168.32187985077087,173.1667022705078,4608770,0.0,0.0
2007-12-14,173.6833066698655,177.9314219735449,173.15784690758528,177.16551208496094,8700010,0.0,0.0
2007-12-17,177.27234536630687,180.48738312144027,171.3855315350855,175.34866333007812,2976960,0.0,0.0
2007-12-18,174.9122903175489,177.76219602819245,166.13105130082053,169.75576782226562,455585,0.0,0.0
2007-12-19,171.88429637442889,174.19984155407658,165.11579014881156,167.2532196044922,2179280,0.0,0.0
2007-12-20,167.6272629388942,171.52806107619702,164.79517271076307,166.33590698242188,1589440,0.0,0.0
2007-12-24,169.2125023950657,170.45932592433908,166.80790639469149,169.7913818359375,2345920,0.0,0.0
2007-12-26,170.9937079006251,173.66548458657238,168.14381548681982,172.94410705566406,1788985,0.0,0.0
2007-12-27,173.48731981462313,175.26850376838857,169.39059128522064,170.35243225097656,2548215,0.0,0.0
2007-12-28,170.9936707034301,175.62474656711012,169.74684729029332,173.76341247558594,1774735,0.0,0.0
2007-12-31,175.6247838642679,175.98102890750218,172.06241496807846,172.85504150390625,900765,0.0,0.0
2008-01-01,172.82830121320748,175.17056279105628,172.08020710865551,173.22906494140625,723580,0.0,0.0
2008-01-02,174.55604229781017,186.12483795247104,174.55604229781017,184.2902069091797,3686330,0.0,0.0
2008-01-03,183.4620064840095,186.9620275605449,182.57141421952403,184.50399780273438,2562330,0.0,0.0
2008-01-04,184.35258731512786,191.3793593025504,182.95435102371033,187.8971405029297,3574130,0.0,0.0
2008-01-07,184.35256663009258,195.39590334996882,174.67183475033372,194.17579650878906,3104430,0.0,0.0
2008-01-08,195.9302735958585,200.38323435940075,187.57651485485877,189.8297119140625,3222265,0.0,0.0
2008-01-09,190.58668819647124,199.31449252333962,189.69609619555317,195.14651489257812,5181265,0.0,0.0
2008-01-10,198.60204023520515,200.38322445256125,191.30808869083478,193.9976806640625,4727250,0.0,0.0
2008-01-11,195.75216071635674,210.17085005168894,192.36790776921197,208.35403442382812,6572805,0.0,0.0
2008-01-14,210.17973184286558,230.03992444636282,207.16952625008125,225.88087463378906,8199610,0.0,0.0
2008-01-15,225.49791776120776,229.3541831979117,211.07922943937393,213.12759399414062,6402495,0.0,0.0
2008-01-16,211.9609338321011,213.53728575847768,202.97486220965664,206.0295867919922,4469725,0.0,0.0
2008-01-17,208.04230486516443,212.85149641965694,198.78013954517243,206.9824981689453,3536020,0.0,0.0
2008-01-18,206.61738739504054,206.61738739504054,194.1490967763743,198.2012939453125,516090,0.0,0.0
2008-01-21,192.3678975744187,202.8412559946351,181.68079215361766,188.9213104248047,2408440,0.0,0.0
2008-01-22,178.11843284751066,195.7521604172858,151.14240217207268,173.59422302246094,3639625,0.0,0.0
2008-01-23,185.0294022001415,195.930253948345,170.9936761731011,180.9148712158203,4573800,0.0,0.0
2008-01-24,195.93024714609493,199.29668394172933,174.5560383665209,178.51026916503906,6836390,0.0,0.0
2008-01-25,182.0370169799776,205.01429552135963,179.8996014088821,195.5294952392578,3481300,0.0,0.0
2008-01-28,193.97098969599983,205.01432787149955,184.4060242889312,203.31329345703125,1895700,0.0,0.0
2008-01-29,205.014277735124,212.85149013147625,190.94292127634358,204.15931701660156,4328530,0.0,0.0
2008-01-30,204.83618027759007,204.83618027759007,190.94293826649775,196.0638427734375,259620,0.0,0.0
2008-01-31,199.13641764631404,204.83620218439745,187.2024742349994,199.63514709472656,4376745,0.0,0.0
2008-02-01,203.0549984328507,204.83618262963012,188.80552485861557,193.2852020263672,7751540,0.0,0.0
2008-02-04,199.31450303787915,201.2381851227885,191.83352168190586,193.9620361328125,3356465,0.0,0.0
2008-02-05,194.50532349144746,195.7521606766468,187.60323420946153,188.75210571289062,1990970,0.0,0.0
2008-02-06,187.02435455594411,193.95316050901093,181.0662908007932,193.19615173339844,2488040,0.0,0.0
2008-02-07,193.19617176765715,193.19617176765715,180.79912918225318,184.29916381835938,2603445,0.0,0.0
2008-02-08,184.29912790841254,186.0803120751673,171.98223776458053,175.2061767578125,2601065,0.0,0.0
2008-02-11,175.20618842408777,175.80288352895934,160.48470139276358,165.78372192382812,3395480,0.0,0.0
2008-02-12,166.73665835095468,178.1184245954557,164.0559809529617,176.44410705566406,4889300,0.0,0.0
2008-02-13,178.1184066289105,181.68077476148872,170.99367036375406,172.24049377441406,3252485,0.0,0.0
2008-02-14,182.57139325787975,182.57139325787975,173.193458876709,176.9072265625,2712105,0.0,0.0
2008-02-15,174.55604840359334,187.0243375752786,171.88427215251792,183.3551025390625,2325490,0.0,0.0
2008-02-18,185.24316229375805,190.0345522824506,183.8182094557554,187.1846466064453,3079605,0.0,0.0
2008-02-19,194.50533413348583,195.9035704325854,181.06630088348655,184.91366577148438,1996365,0.0,0.0
2008-02-20,184.8869069157735,184.8869069157735,175.4733428367945,179.20492553710938,1581545,0.0,0.0
2008-02-21,179.6858578862287,184.35256540012008,174.59166996773382,178.24310302734375,1558855,0.0,0.0
2008-02-22,174.5560562111169,175.44664833464302,171.03822004106024,172.95298767089844,2060320,0.0,0.0
2008-02-25,177.7622217365735,178.04720419523815,167.07511454413887,170.42373657226562,2545540,0.0,0.0
2008-02-26,169.2124722811111,174.5560240373567,169.2124722811111,171.1361541748047,1683995,0.0,0.0
2008-02-27,172.97081301883426,178.99121121933445,172.77488165352182,176.8448944091797,2757150,0.0,0.0
2008-02-28,178.1184237990855,183.10574510120279,173.6743642331297,179.8194580078125,2778390,0.0,0.0
2008-02-29,177.88687976360387,185.24316598206923,169.2303230353701,182.13499450683594,2985065,0.0,0.0
2008-03-03,171.8842695275996,177.76218262594406,165.65012503696127,167.33334350585938,2074360,0.0,0.0
2008-03-04,167.43129892855123,170.99366699086082,154.07241869489022,162.248046875,4770540,0.0,0.0
2008-03-05,162.08778466421987,164.75956133450921,155.8803557797656,159.7010040283203,4360045,0.0,0.0
2008-03-07,159.7010005082053,159.7010005082053,144.15125465054956,149.77088928222656,5119425,0.0,0.0
2008-03-10,151.40064035088218,151.40064035088218,138.3979916850054,143.6881103515625,10215405,0.0,0.0
2008-03-11,134.83564098700032,150.75943237680102,134.7109586342788,148.9337158203125,5531340,0.0,0.0
2008-03-12,154.0724333291154,158.50757818293354,150.73271295348428,153.89431762695312,3742805,0.0,0.0
2008-03-13,150.72380613519394,153.5380667357158,135.7262254165211,143.67031860351562,5312500,0.0,0.0
2008-03-14,143.67035011033505,159.39819911638068,139.8229850187731,153.2442169189453,3541275,0.0,0.0
2008-03-17,149.79758766974476,149.79758766974476,138.66518648160442,141.39039611816406,5544380,0.0,0.0
2008-03-18,139.83186221684798,147.12581376776347,133.76693212560534,139.38656616210938,6631690,0.0,0.0
2008-03-19,145.16650258767476,148.72887074933547,131.807621981447,134.1855010986328,9444900,0.0,0.0
2008-03-24,137.15119923932323,141.0697994961319,126.90938890651664,129.12696838378906,6392830,0.0,0.0
2008-03-25,130.02643274808673,143.38531282494498,130.02643274808673,140.88275146484375,6987155,0.0,0.0
2008-03-26,143.38532871433375,149.6194734410439,139.87639365100262,147.62454223632812,3800670,0.0,0.0
2008-03-27,145.18432928309548,145.18432928309548,140.1970080414563,141.1499481201172,4554225,0.0,0.0
2008-03-28,141.9603756634722,146.0392891225163,136.32293961484146,143.77719116210938,5456695,0.0,0.0
2008-03-31,143.38533701571433,146.05711348184565,132.18168607034735,140.6868438720703,9373050,0.0,0.0
2008-04-01,144.0978155825118,144.0978155825118,126.67783494078706,128.53916931152344,8324865,0.0,0.0
2008-04-02,133.39289344840762,136.26060130818604,131.62952476591013,132.62698364257812,9261800,0.0,0.0
2008-04-03,132.69820782011934,133.5887998189121,129.32287012401122,132.5557098388672,3186435,0.0,0.0
2008-04-04,132.7071256102566,133.19695398933422,126.47298083126877,127.25670623779297,5090635,0.0,0.0
2008-04-07,127.87120842799902,135.71732223004975,123.79229520003763,133.79364013671875,5362655,0.0,0.0
2008-04-08,133.7669185200304,138.3623765989696,132.52899615734177,135.1473388671875,5254960,0.0,0.0
2008-04-09,135.3699942796276,145.41587171533567,132.01245837964598,142.08505249023438,5289170,0.0,0.0
2008-04-10,142.90440752663395,146.45786113889244,137.1689925020021,138.5672149658203,6053590,0.0,0.0
2008-04-11,140.7135687765371,141.60416098398355,134.58629004071085,135.36111450195312,5140465,0.0,0.0
2008-04-15,134.4794026067395,139.46672363584466,132.01245876714572,137.75677490234375,8752550,0.0,0.0
2008-04-16,139.46669777484854,141.425997248204,137.5341013821438,139.95651245117188,2959865,0.0,0.0
2008-04-17,142.280994599205,151.93502367077278,142.280994599205,146.84083557128906,11679770,0.0,0.0
2008-04-21,148.19450863530017,158.52538163849505,145.17540219148958,157.02027893066406,16970085,0.0,0.0
2008-04-22,157.4566920391114,164.58142911247066,156.08517254244953,161.90965270996094,9708480,0.0,0.0
2008-04-23,162.97838284389675,163.85115944973415,154.9808681902387,159.80787658691406,5077185,0.0,0.0
2008-04-24,161.23278483874887,162.0877592183384,156.74420671663495,160.04830932617188,5738825,0.0,0.0
2008-04-25,160.30660971867394,163.86897882353338,158.16919369150216,161.67811584472656,5053415,0.0,0.0
2008-04-28,163.15647434670214,164.75954288726047,160.30658226868587,163.6730194091797,3648765,0.0,0.0
2008-04-29,162.97837887815106,169.03440878930937,161.1971944095374,168.43771362304688,8736005,0.0,0.0
2008-04-30,168.2684827216343,169.19469257681055,160.66281816296342,164.50128173828125,8709525,0.0,0.0
2008-05-02,166.5407280740837,172.72143962182548,164.93765952448305,166.65650939941406,3301870,0.0,0.0
2008-05-05,167.25320072948244,172.757053438283,164.58142440341837,168.6336212158203,5627640,0.0,0.0
2008-05-06,168.3219216707964,170.08529037851778,166.0241922204403,168.87408447265625,7518855,0.0,0.0
2008-05-07,168.85627837510677,168.85627837510677,160.52923627278633,161.63357543945312,7682275,0.0,0.0
2008-05-08,155.6755288451454,161.37531383969085,152.46939129236398,153.75184631347656,6794655,0.0,0.0
2008-05-09,152.6474803143079,155.85361730606107,148.194519819849,148.88027954101562,7531760,0.0,0.0
2008-05-12,150.33193759561473,157.24292686607274,146.05709312766555,156.24546813964844,8558135,0.0,0.0
2008-05-13,157.90199630538822,161.0012532882109,153.5826187946339,154.82054138183594,6708675,0.0,0.0
2008-05-14,154.07246288354847,156.29894356105638,151.93504686888468,153.62716674804688,5498745,0.0,0.0
2008-05-15,154.5979136594338,160.2709958351949,154.5979136594338,159.16665649414062,5241255,0.0,0.0
2008-05-16,160.3065896931755,163.49491127446274,158.881636793493,160.31549072265625,4259275,0.0,0.0
2008-05-20,160.12847826765147,160.12847826765147,151.57878781923912,154.84725952148438,5023125,0.0,0.0
2008-05-21,152.3090743136094,155.8536272892241,151.63221557790715,154.9185028076172,5287345,0.0,0.0
2008-05-22,155.14269812808212,155.14269812808212,147.6276890653883,148.61415100097656,7040190,1.2,0.0
2008-05-23,149.76202148560427,151.01750601258036,142.7671458890466,143.38592529296875,4864695,0.0,0.0
2008-05-26,141.69101302537342,141.69101302537342,135.46736760561762,136.83047485351562,4528385,0.0,0.0
2008-05-27,138.10387316088992,139.8974299551872,130.97448764030875,132.49900817871094,7206045,0.0,0.0
2008-05-28,134.1580672117097,146.42599035325844,132.72321615812038,145.31398010253906,10595885,0.0,0.0
2008-05-29,146.17490907574418,148.6858918456982,139.0455220753654,140.43553161621094,7768755,0.0,0.0
2008-05-30,143.2962528836345,144.29167772151595,133.70072417112098,142.27392578125,13104250,0.0,0.0
2008-06-02,139.00068622300415,144.78490559037155,132.75910100142832,134.40020751953125,6234105,0.0,0.0
2008-06-03,132.72319409536826,137.51198713876292,129.5396282570061,135.84397888183594,6517185,0.0,0.0
2008-06-04,135.772271431685,139.30558122350615,130.60683174110054,132.1492919921875,6448785,0.0,0.0
2008-06-05,132.14931139001789,139.413224422055,129.719035062544,138.2653350830078,7198200,0.0,0.0
2008-06-06,141.69102211215306,141.69102211215306,135.59292475285352,136.40899658203125,6678345,0.0,0.0
2008-06-09,133.61999629544107,134.48090967497484,122.85865431191561,126.10498809814453,9781085,0.0,0.0
2008-06-10,127.36050917499452,128.92987183061484,120.34769348281944,122.2309341430664,7946910,0.0,0.0
2008-06-11,122.85868406243522,127.13632236817787,122.5896477109485,126.58928680419922,4550100,0.0,0.0
2008-06-12,125.1902709061641,129.13609041764676,121.06508476654382,128.1227264404297,6557125,0.0,0.0
2008-06-13,130.92968632736634,132.7053042693952,125.54901428651567,126.35610961914062,7637070,0.0,0.0
2008-06-16,127.34254888878888,132.68735484891664,127.34254888878888,131.96095275878906,9110270,0.0,0.0
2008-06-17,132.18515445570648,144.02264241129623,130.41849959533076,142.49810791015625,10982725,0.0,0.0
2008-06-18,142.58780004460732,144.2020042912974,132.938467055791,134.60647583007812,15260880,0.0,0.0
2008-06-19,132.7232441023854,133.26131678170853,127.70127804122491,128.79534912109375,10563620,0.0,0.0
2008-06-20,128.77740312474992,131.62915229840686,124.49080282130984,126.21261596679688,15450330,0.0,0.0
2008-06-23,125.54900453988122,127.16320876357366,120.16833291674347,125.03783416748047,9577325,0.0,0.0
2008-06-24,126.44577626745028,129.08230740881064,120.16832638183217,121.7197494506836,7184750,0.0,0.0
2008-06-25,118.37476683319808,124.49080302111548,115.14635862788178,122.86762237548828,13616080,0.0,0.0
2008-06-26,123.7554281814896,126.44576357673938,119.27153585607331,121.63903045654297,9903815,0.0,0.0
2008-06-27,118.3747642060757,118.3747642060757,110.66247033072194,112.74299621582031,12046395,0.0,0.0
2008-06-30,112.09732499599805,113.89088219593401,105.13832114452072,108.51918029785156,11179920,0.0,0.0
2008-07-01,109.40698912170487,109.40698912170487,104.02631752555546,106.51039123535156,9449995,0.0,0.0
2008-07-02,107.12916385496807,115.68443197056037,101.92785241413127,113.79222869873047,10781475,0.0,0.0
2008-07-03,112.60849421943925,113.8908879559252,100.97727409490923,104.06219482421875,12157755,0.0,0.0
2008-07-04,103.84697080040593,110.285841805489,100.83379397763356,107.69414520263672,10910840,0.0,0.0
2008-07-07,105.81986367391946,113.55009685622558,105.53289482576696,108.3218765258789,8511535,0.0,0.0
2008-07-08,105.81987589585206,111.72068078701042,101.60501916895485,108.85995483398438,9894800,0.0,0.0
2008-07-09,112.09732597204935,121.0651120498133,111.24538903141288,120.00691986083984,11953780,0.0,0.0
2008-07-10,119.27154717753453,123.36983172018292,114.42894163804112,121.68388366699219,10404950,0.0,0.0
2008-07-11,120.18626729528245,125.54899929067562,116.59915302983457,119.31639099121094,17444255,0.0,0.0
2008-07-14,119.27154979176571,123.93479561830178,112.20493712432196,113.77429962158203,26102490,0.0,0.0
2008-07-15,112.45603895902015,112.45603895902015,103.36270440932782,107.09329986572266,25507360,0.0,0.0
2008-07-16,107.61342956200134,109.2276337421824,104.2056682224536,104.82444763183594,15732200,0.0,0.0
2008-07-17,111.16466615940568,115.12843247615321,106.89599842545763,113.9715805053711,24378020,0.0,0.0
2008-07-18,115.5588917167486,125.54900484025899,114.96701455268604,122.96627807617188,17510465,0.0,0.0
2008-07-21,124.65222983666597,126.26643411087039,120.76021385824129,125.08267974853516,13301175,0.0,0.0
2008-07-22,124.65222695189459,133.58414793994757,123.21737570052879,131.83541870117188,18384215,0.0,0.0
2008-07-23,135.5122042390521,143.84327076333886,134.8754854617902,136.96498107910156,16014820,0.0,0.0
2008-07-24,137.20710971677616,142.91062149156878,133.0819231668225,136.3641357421875,15729165,0.0,0.0
2008-07-25,128.72359188519286,133.08193634938422,126.62513328340764,127.85372924804688,11082795,0.0,0.0
2008-07-28,113.71153021192495,129.08231500309586,113.71153021192495,125.06475067138672,15375255,0.0,0.0
2008-07-29,121.9618916859915,123.21737627396266,110.32170224847576,111.14674377441406,23506465,0.0,0.0
2008-07-30,111.92694100016988,123.73751416628072,111.92694100016988,121.82738494873047,21863800,0.0,0.0
2008-07-31,121.96190179724222,122.84971762618345,115.70239037468862,117.28071594238281,13695970,0.0,0.0
2008-08-01,116.58121478951274,122.67931183833059,112.09732191299302,121.9439468383789,17893810,0.0,0.0
2008-08-04,121.96186502353112,128.2034488426454,120.20417330087021,126.63408660888672,16348105,0.0,0.0
2008-08-05,127.16321118930371,138.64198027438118,125.52210467089073,136.40899658203125,22491705,0.0,0.0
2008-08-06,139.00069409470183,143.80742832171404,131.82646472207205,133.27027893066406,21401295,0.0,0.0
2008-08-07,133.27026797217022,137.49410118884322,132.0954901984023,133.89801025390625,10563655,0.0,0.0
2008-08-08,134.50783384630566,137.51203409583272,126.6699835653822,131.85336303710938,22692550,0.0,0.0
2008-08-11,137.88865556166988,137.88865556166988,134.5167733687122,136.23858642578125,12037000,0.0,0.0
2008-08-12,136.31035472581456,137.1174500368728,128.30212795387595,129.23477172851562,13856510,0.0,0.0
2008-08-13,128.23931550728318,131.26145443798956,125.36962726764699,130.05081176757812,19504310,0.0,0.0
2008-08-14,130.05082808725834,130.17637653587985,123.09181783865372,125.54899597167969,21456735,0.0,0.0
2008-08-18,125.1902887647642,127.790941038717,121.0740648958637,124.20382690429688,16943130,0.0,0.0
2008-08-19,122.85869218402351,123.91688457039731,120.20422098897495,121.9260482788086,12688850,0.0,0.0
2008-08-20,121.60318080997163,124.61635738335825,119.82754937089645,120.8498764038086,12436050,0.0,0.0
2008-08-21,120.1683355109214,120.5270414867054,115.68444239484225,116.41980743408203,9974100,0.0,0.0
2008-08-22,115.68444185960388,122.53582996192321,114.15992094394166,121.93498992919922,15792320,0.0,0.0
2008-08-25,126.44578344626083,128.18553613130533,122.33853578872169,122.96627807617188,11869760,0.0,0.0
2008-08-26,121.96188232378135,122.58962456957929,118.76037634457984,121.89910125732422,16982365,0.0,0.0
2008-08-27,123.39673790528242,124.54461339134275,120.74226729142092,121.4865951538086,13055045,0.0,0.0
2008-08-28,121.96188636451815,122.58962863111391,119.45090361437998,120.26697540283203,10836080,0.0,0.0
2008-08-29,122.85867257809424,130.37368189269492,122.32059992541772,129.7459259033203,19076130,0.0,0.0
2008-09-01,129.14506443759262,130.8848168843758,125.21718398618658,129.65623474121094,15530580,0.0,0.0
2008-09-02,131.28838381006258,138.3908824851408,130.30193554345863,136.283447265625,24059335,0.0,0.0
2008-09-04,136.3103490629935,136.3103490629935,130.98348191678878,131.68296813964844,20732740,0.0,0.0
2008-09-05,130.92966625047748,130.92966625047748,122.68826931558438,123.26220703125,30080985,0.0,0.0
2008-09-08,124.65222672125577,131.6471026121493,124.65222672125577,127.56675720214844,22302315,0.0,0.0
2008-09-09,128.23936145406373,128.40077506111686,123.77340710340937,127.34258270263672,15704165,0.0,0.0
2008-09-10,125.51314953337064,129.74593229569408,124.65223598342355,127.42327880859375,18446420,0.0,0.0
2008-09-11,126.42783100567591,128.75946061434945,124.29350744843296,126.29331970214844,12555550,0.0,0.0
2008-09-12,129.853552110134,129.853552110134,123.21738184626808,124.21280670166016,12957470,0.0,0.0
2008-09-15,121.96189934260097,122.85867801423774,114.07024429544606,117.88155364990234,4209365,0.0,0.0
2008-09-16,114.42892890457453,125.53104365763625,108.68954545354342,124.79569244384766,20554995,0.0,0.0
2008-09-17,126.26643240316304,128.23934262994956,117.22690227363059,119.5316162109375,19380680,0.0,0.0
2008-09-18,111.37990623218317,124.65223306507156,109.6401602936802,121.71080017089844,23031760,0.0,0.0
2008-09-19,124.00656882422027,129.11820514255865,123.21739911761425,127.08252716064453,19861650,0.0,0.0
2008-09-22,128.23038263963915,129.63831798866514,125.54900958030753,126.42784881591797,13033940,0.0,0.0
2008-09-23,125.36965026173348,127.06456125817594,121.90808433922996,122.56272888183594,12012010,0.0,0.0
2008-09-24,122.88559920503936,127.8358220662996,122.88559920503936,127.37845611572266,18204465,0.0,0.0
2008-09-25,127.34256806648888,130.19431760005656,126.45475227846464,129.38722229003906,21352225,0.0,0.0
2008-09-26,127.34255374470604,129.99702426615198,125.95254425933331,126.46371459960938,23698700,0.0,0.0
2008-09-29,126.44577801534626,128.05998217356978,118.39271031078484,120.44632720947266,24062265,0.0,0.0
2008-09-30,117.24484741424693,130.0329062320156,96.49338284241661,129.18096923828125,22737250,0.0,0.0
2008-10-01,129.49484397889108,133.62003163716568,126.80450777143137,131.75473022460938,27393850,0.0,0.0
2008-10-03,130.0329094346481,132.72324549191669,124.49082372487808,125.96154022216797,23026825,0.0,0.0
2008-10-06,124.59844053230582,126.62515556192507,120.29389983639247,121.60320281982422,13916255,0.0,0.0
2008-10-07,138.8213412893695,138.8213412893695,117.13722586501564,122.4820327758789,19058415,0.0,0.0
2008-10-08,119.80961376372932,119.80961376372932,102.49281617649025,116.17765808105469,20837280,0.0,0.0
2008-10-10,103.1295401784762,115.68444072194288,96.22434761632067,99.11196899414062,22736455,0.0,0.0
2008-10-13,101.33598339995494,120.88575992536995,101.33598339995494,118.36581420898438,22362115,0.0,0.0
2008-10-14,130.33779061324273,130.33779061324273,113.5321625741299,114.61726379394531,25757925,0.0,0.0
2008-10-15,113.35281599289387,116.56327816929921,107.88246792132036,110.98532104492188,20542195,0.0,0.0
2008-10-16,107.61342285923887,113.4424832641143,103.39856653400287,111.71170043945312,6571135,0.0,0.0
2008-10-17,118.19543063436085,118.19543063436085,106.71666100011788,111.2633285522461,19285710,0.0,0.0
2008-10-20,112.3484191613356,117.29864074353192,108.24117163189158,110.82389831542969,25104450,0.0,0.0
2008-10-21,114.19579031062389,119.80963343215899,111.73861871881446,117.74703979492188,19670765,0.0,0.0
2008-10-22,114.12405338537248,119.05632913883501,112.12423397719886,113.20933532714844,13346215,0.0,0.0
2008-10-23,111.20053999048655,115.68443273203843,106.71664724893468,111.63099670410156,16925405,0.0,0.0
2008-10-24,109.40699957502778,110.96739257127354,92.72691740163692,96.64583587646484,21571550,0.0,0.0
2008-10-27,95.05853902701709,97.92822803447761,85.1939736562889,95.8746109008789,16055345,0.0,0.0
2008-10-29,106.7166502896918,107.43407588553319,92.92419828675546,94.49356079101562,22217715,0.0,0.0
2008-10-31,96.15259586955088,104.02631033279854,95.25581733219917,100.96829223632812,14748160,0.0,0.0
2008-11-03,104.43883659837952,112.0435222579261,104.03528895870329,108.00801849365234,14041135,0.0,0.0
2008-11-04,107.61342716295634,116.38392038203689,104.45676964326903,114.86836242675781,17551300,0.0,0.0
2008-11-05,116.92200508515256,121.02925295542148,106.2413680503789,108.33086395263672,18841285,0.0,0.0
2008-11-06,105.8198702191163,109.5684048785194,99.09403101027415,104.51057434082031,14708505,0.0,0.0
2008-11-07,104.02632455950774,107.43408620424289,98.13448903701074,104.31329345703125,18138005,0.0,0.0
2008-11-10,106.61801181931077,109.94505974822495,103.72142064744584,109.20970153808594,14198950,0.0,0.0
2008-11-11,107.61343660778486,108.15150242244817,100.4392075005992,101.16559600830078,10869725,0.0,0.0
2008-11-12,100.25983758279472,102.17894299761392,93.82993063121394,94.21554565429688,13449920,0.0,0.0
2008-11-14,96.85208863872529,99.43480853934864,87.34623686292964,88.41339874267578,23297860,0.0,0.0
2008-11-17,89.28327565958364,89.65992787323732,77.32025236166957,81.74137115478516,4986675,0.0,0.0
2008-11-18,81.06879551625121,81.06879551625121,76.22618918771482,78.51297760009766,20776800,0.0,0.0
2008-11-19,76.22618134046968,83.27486171530333,75.52669512404582,76.68354034423828,23260910,0.0,0.0
2008-11-20,75.15003706949616,75.15003706949616,70.71994932396483,72.82737731933594,4448665,0.0,0.0
2008-11-21,75.15005384349548,75.7777961637218,68.80085933944295,73.80488586425781,27107865,0.0,0.0
2008-11-24,73.35649561424,75.32940588886377,70.28054460010294,71.30287170410156,17989185,0.0,0.0
2008-11-25,74.39675807510623,75.09624434707618,65.82355612941787,67.5363998413086,18747520,0.0,0.0
2008-11-26,68.13724115638053,75.00656168649577,64.99851605094699,72.54042053222656,27816490,0.0,0.0
2008-11-27,72.54042053222656,72.54042053222656,72.54042053222656,72.54042053222656,0,0.0,0.0
2008-11-28,68.51388516736964,74.61197543178704,63.22289015483096,73.26680755615234,20299850,0.0,0.0
2008-12-01,73.98423192287893,78.32463691158662,73.19506924544413,74.08287811279297,29906195,0.0,0.0
2008-12-02,73.17712612990235,77.965927001904,69.63485369976355,76.96153259277344,25024930,0.0,0.0
2008-12-03,78.01973202124867,78.89857799007491,75.75985313864537,77.78656768798828,18239230,0.0,0.0
2008-12-04,78.8268241454363,83.36452074160958,77.66100946772809,81.64270782470703,24519495,0.0,0.0
2008-12-05,81.96555182389176,85.19395288046019,78.91650372084733,79.46353912353516,20811295,0.0,0.0
2008-12-08,82.5036207339243,83.93846494353022,80.35135099857699,81.05980682373047,13395505,0.0,0.0
2008-12-10,82.03729804380193,83.57975127626474,78.58469543564264,83.00581359863281,23207005,0.0,0.0
2008-12-11,83.4900739414269,85.91137990838394,79.7056677145315,81.9655532836914,16993035,0.0,0.0
2008-12-12,80.65627596097377,84.9070049511546,78.12736037923601,84.08197021484375,14953785,0.0,0.0
2008-12-15,85.76789923108824,88.3147538487846,85.19396151141416,87.20274353027344,12927955,0.0,0.0
2008-12-16,86.98751897827054,90.80779750067076,85.77686930931957,89.82134246826172,14824720,0.0,0.0
2008-12-17,90.39528839633313,93.26497726782264,88.2519880237786,89.24740600585938,15602940,0.0,0.0
2008-12-18,88.78108537934223,97.39015895684224,88.78108537934223,96.34989929199219,18393845,0.0,0.0
2008-12-19,96.79827143744828,100.79790264205111,95.28271361501822,97.92820739746094,17593185,0.0,0.0
2008-12-22,98.59183600486452,99.86525990418158,94.79845972684332,96.40369415283203,10367845,0.0,0.0
2008-12-23,95.61454177175523,97.37222709821636,88.01882553970233,89.58818817138672,17050730,0.0,0.0
2008-12-24,88.7810744690303,89.31914021864898,86.27009184830683,88.01881408691406,14320735,0.0,0.0
2008-12-26,88.14437130588698,91.6507721493294,85.59751646947575,86.59294128417969,10758190,0.0,0.0
2008-12-29,86.09073653986796,90.00069137173713,83.93846675799585,88.77210235595703,13604755,0.0,0.0
2008-12-30,89.05011710664236,93.15735786667534,88.6017278097144,91.5162582397461,14290435,0.0,0.0
2008-12-31,93.21116387390812,93.44432136874907,89.60611030249416,90.52082824707031,12477375,0.0,0.0
2009-01-02,93.62367372311081,98.19724255597254,92.78069977112929,97.1928482055664,14261265,0.0,0.0
2009-01-05,98.5559642797912,101.30010446080838,98.5559642797912,100.4571304321289,9165605,0.0,0.0
2009-01-06,100.61854202868105,103.48823725011178,98.8967290009487,102.18790435791016,12893855,0.0,0.0
2009-01-07,102.95019955058414,103.20129649689291,92.36820794272445,93.64163208007812,10571555,0.0,0.0
2009-01-09,91.11270155004038,96.90589030433955,85.19396434300698,87.27449035644531,25173105,0.0,0.0
2009-01-12,87.8843122278745,88.74521895520377,79.81330396204929,81.01498413085938,22546950,0.0,0.0
2009-01-13,79.2752222794669,83.40040208972293,77.66101821194722,78.9703140258789,15257915,0.0,0.0
2009-01-14,80.71006339069555,81.95658493349059,78.55779366523497,80.60244750976562,12034855,0.0,0.0
2009-01-15,77.12296148126795,78.62954983969342,75.50875722514141,77.84934997558594,11930135,0.0,0.0
2009-01-16,80.47690344838983,80.88942075158447,78.19908515884605,79.55322265625,9286470,0.0,0.0
2009-01-19,80.51277654614402,80.71006892042766,77.40095390528938,78.61161041259766,7942585,0.0,0.0
2009-01-20,77.069153078824,77.069153078824,74.71959074455552,75.75985717773438,6111545,0.0,0.0
2009-01-21,72.73771408407981,76.76424815380483,72.4597149025476,73.12332916259766,10361190,0.0,0.0
2009-01-22,73.62552396738516,75.50875771722026,72.33416739594627,74.6209487915039,8445315,0.0,0.0
2009-01-23,73.53584852545028,75.13211341093638,68.17310924450938,68.92640686035156,14467735,0.0,0.0
2009-01-27,70.83653877363912,72.58526112593955,68.73808016113179,70.80066680908203,8791605,0.0,0.0
2009-01-28,71.56293028438637,77.03327801426374,71.20421749973204,75.84056091308594,26017380,0.0,0.0
2009-01-29,77.12294953995529,79.81328498902349,76.42346341789785,78.13630676269531,15203530,0.0,0.0
2009-01-30,77.84037905220357,78.73715758118345,75.08726924191046,77.78656768798828,10647140,0.0,0.0
2009-02-02,77.66103507293792,77.66103507293792,70.14603193118502,71.35668182373047,10987800,0.0,0.0
2009-02-03,72.28034846493047,74.37881379206068,70.307438427075,70.9351806640625,10959425,0.0,0.0
2009-02-04,72.45970783260341,73.50893706879728,70.48679096496626,70.87240600585938,9570105,0.0,0.0
2009-02-05,71.11454174132595,71.56293101626022,68.87259536665461,70.36124420166016,10099535,0.0,0.0
2009-02-06,70.30744708016832,72.97984360868014,70.30744708016832,72.28035736083984,8293960,0.0,0.0
2009-02-09,73.46410099656048,76.22618071633235,72.89016324204654,75.7688217163086,12410810,0.0,0.0
2009-02-10,76.22619189359585,78.01974934991577,74.61198744615646,75.5087661743164,11356660,0.0,0.0
2009-02-11,73.58965019914214,77.81347661123938,73.04261470227924,77.29335021972656,13429835,0.0,0.0
2009-02-12,76.40552916807499,78.01973328309688,76.2441087565728,77.21263122558594,12343235,0.0,0.0
2009-02-13,78.37844865842467,79.70567711518004,78.1990888386756,78.9882583618164,8345915,0.0,0.0
2009-02-16,78.91651305709448,78.91651305709448,73.71519468703501,75.11417388916016,9084555,0.0,0.0
2009-02-17,73.6344823534953,74.16357837843866,70.50472733945044,71.58982849121094,13144880,0.0,0.0
2009-02-18,70.66616370565838,72.35210518447992,69.05195932240912,70.71099853515625,11209755,0.0,0.0
2009-02-19,71.02486133059895,72.4597125428354,69.06092087818311,69.67073059082031,10887215,0.0,0.0
2009-02-20,69.05195316694075,69.05195316694075,66.0029045158691,66.84587860107422,10274755,0.0,0.0
2009-02-24,66.00289492714622,66.35263798788375,63.67127224160371,65.22270202636719,12938465,0.0,0.0
2009-02-25,66.18225533296987,67.40187462735062,65.22270262184881,65.65315246582031,11110095,0.0,0.0
2009-02-26,64.5680411216201,65.64417240356343,61.518993366946205,62.110870361328125,16328155,0.0,0.0
2009-02-27,62.73861957000594,63.28565497210919,60.39802726707274,62.39784622192383,15414885,0.0,0.0
2009-03-02,61.519007747817874,61.519007747817874,57.268279296039815,57.949832916259766,16340390,0.0,0.0
2009-03-03,57.752545127905734,59.8599735395751,56.53292564401883,58.27267837524414,22533445,0.0,0.0
2009-03-04,61.770107693633875,61.770107693633875,57.28621810087431,57.77944564819336,19491745,0.0,0.0
2009-03-05,59.18738955201727,60.26352117075731,53.15206978548334,53.93226623535156,25961390,0.0,0.0
2009-03-06,52.37187095475023,55.349175595916975,51.403348436787184,52.900970458984375,43328785,0.0,0.0
2009-03-09,52.479484911237385,53.214843101174615,49.90573124645709,50.470699310302734,18064455,0.0,0.0
2009-03-12,52.01315976565607,55.16085120488178,50.88322021389116,54.61381912231445,26269915,0.0,0.0
2009-03-13,55.7078762586133,60.00344926855682,55.7078762586133,59.1694450378418,21907730,0.0,0.0
2009-03-16,59.187377634304234,63.40223360787526,58.362343103270376,61.43829345703125,29074100,0.0,0.0
2009-03-17,61.69837622246007,62.397862501580065,57.591128205924576,58.38029098510742,25643115,0.0,0.0
2009-03-18,58.82866535964895,62.23642623003517,58.82866535964895,61.106483459472656,24488485,0.0,0.0
2009-03-19,61.868750388410135,65.09715180732105,61.33965432681712,64.20934295654297,28018705,0.0,0.0
2009-03-20,63.85063181872257,64.67567330774945,58.58654596099851,61.411399841308594,24455430,0.0,0.0
2009-03-23,63.47399362158922,67.59917416469891,62.34405057358687,67.01627349853516,24043910,0.0,0.0
2009-03-24,67.42878270774837,71.65260894140344,65.49173771704216,66.71135711669922,30446405,0.0,0.0
2009-03-25,68.11930657715857,72.63907187010138,66.97143098057846,71.40151977539062,32500610,0.0,0.0
2009-03-26,73.71518920933147,76.6386890051571,72.45970479567345,75.58049011230469,38050440,0.0,0.0
2009-03-27,76.04683258213588,78.00181032117585,75.07830999394108,77.31128692626953,28983670,0.0,0.0
2009-03-30,75.70604117268867,76.67456361833926,70.06530344921482,71.20421600341797,25336185,0.0,0.0
2009-03-31,72.10101418684374,76.01097015569306,67.36602339495843,74.42366790771484,48698815,0.0,0.0
2009-04-01,75.3294073074148,75.67018073453886,71.7602252364704,74.99759674072266,26359915,0.0,0.0
2009-04-02,75.53566397963353,80.53072047431274,75.53566397963353,78.84477233886719,20519345,0.0,0.0
2009-04-06,81.6068556921767,83.22105997009183,76.44140884472625,78.06458282470703,27773380,0.0,0.0
2009-04-08,77.12295365850156,80.65626325969873,71.99337936697994,79.55322265625,29217355,0.0,0.0
2009-04-09,82.50362580286492,83.97434206330493,78.01973309618747,79.92090606689453,39840680,0.0,0.0
2009-04-13,80.75490807716993,84.38685696070215,80.75490807716993,82.83543395996094,24256575,0.0,0.0
2009-04-15,81.60685404734704,92.36819743820598,78.20806227204207,90.43115234375,33801615,0.0,0.0
2009-04-16,91.84806472253223,92.52064868829514,82.70989522684381,84.67383575439453,34495165,0.0,0.0
2009-04-17,84.65589181800331,91.83011982220907,84.65589181800331,90.26075744628906,28751055,0.0,0.0
2009-04-20,92.36818453482766,95.0405874473291,89.39088021961314,91.44450378417969,31980195,0.0,0.0
2009-04-21,89.67785945711672,89.67785945711672,85.62442322008124,88.59275817871094,47872470,0.0,0.0
2009-04-22,89.498511720539,91.45348944496219,83.67841337449916,84.68280792236328,33008015,0.0,0.0
2009-04-23,85.51681981405922,91.46246030125847,83.01480634880015,90.0455551147461,32260005,0.0,0.0
2009-04-24,90.66431339140587,96.11672881920795,90.21592409981447,94.98678588867188,34622540,0.0,0.0
2009-04-27,93.26497468820067,100.9772693036571,92.07225750446436,99.99081420898438,33410170,0.0,0.0
2009-04-28,99.00435292662216,102.23275432645039,94.16174740594116,95.18407440185547,32536260,0.0,0.0
2009-04-29,96.13466208770818,101.12075569936403,95.91943714188662,99.95494079589844,24840940,0.0,0.0
2009-04-30,99.95494079589844,99.95494079589844,99.95494079589844,99.95494079589844,0,0.0,0.0
2009-05-04,103.12954131920849,109.76570447682009,102.60940807746091,109.29041290283203,23971715,0.0,0.0
2009-05-05,111.20054842619341,115.31675899109388,107.79278694734924,112.51881408691406,32932980,0.0,0.0
2009-05-06,113.89089171957663,113.89089171957663,106.41176085453436,108.55506134033203,26688150,0.0,0.0
2009-05-07,109.85538526581007,112.77888559758935,109.40699593819451,112.052490234375,13826565,0.0,0.0
2009-05-08,111.73861125901713,112.44706716812945,106.77045703545765,108.91375732421875,13939875,0.0,0.0
2009-05-11,109.96300222639091,113.424568416266,108.12460322871321,111.2633285522461,24579045,0.0,0.0
2009-05-12,113.06585105194728,121.94395399498978,110.33067349999794,119.98898315429688,29413830,0.0,0.0
2009-05-13,118.19543190355145,124.11416293837244,118.19543190355145,120.4732437133789,30724895,0.0,0.0
2009-05-14,119.98165373454296,119.98165373454296,113.51829672315789,116.07633209228516,32466810,2.0,0.0
2009-05-15,123.80504976630063,123.80504976630063,117.37811337592078,120.09089660644531,21272620,0.0,0.0
2009-05-18,132.90835297203353,148.93018737967736,132.10725708448587,141.72035217285156,344055,0.0,0.0
2009-05-19,147.10952349482366,148.93018584554895,136.7317397613587,139.2442626953125,33476630,0.0,0.0
2009-05-20,123.19510706309026,144.2419572457704,123.19510706309026,132.64434814453125,20969380,0.0,0.0
2009-05-21,133.63662246109772,137.91517630771517,131.1059028453752,134.03717041015625,21361885,0.0,0.0
2009-05-22,134.36488932059783,139.8268764654912,131.32437258645461,138.8892364501953,17808785,0.0,0.0
2009-05-25,139.46273034104152,141.81138639072364,137.20511296319285,140.9192657470703,10168035,0.0,0.0
2009-05-26,139.32618968296498,141.6475369668406,134.69260731695405,135.5938262939453,10305420,0.0,0.0
2009-05-27,136.8956116486551,145.90788506115635,136.8956116486551,145.24334716796875,13082480,0.0,0.0
2009-05-28,145.4709718619185,147.47369832025527,140.43683993790984,142.38494873046875,23055335,0.0,0.0
2009-05-29,143.8323182517907,147.83776965954434,140.4094782104476,141.8204803466797,17248740,0.0,0.0
2009-06-01,144.01440812157057,147.47366982141818,132.90836909831515,135.0476531982422,24724190,0.0,0.0
2009-06-02,140.14550844803648,140.91929565117087,127.88334406159757,131.0695037841797,31624890,0.0,0.0
2009-06-03,132.94476246211585,134.91108118971127,129.26703052247416,130.54148864746094,19962660,0.0,0.0
2009-06-04,131.08769697459235,134.72902189055324,127.08224512325624,133.7913818359375,24609075,0.0,0.0
2009-06-05,137.40537989508775,137.40537989508775,132.90834199151683,134.45590209960938,19200860,0.0,0.0
2009-06-08,134.72899772025124,135.45726535090307,125.80775049850304,127.1186294555664,11250630,0.0,0.0
2009-06-09,127.44639169743697,133.60933895673253,120.55517656461662,132.18922424316406,14054955,0.0,0.0
2009-06-10,134.00072656159114,137.95155994888037,133.0903955198812,137.00482177734375,17477915,0.0,0.0
2009-06-11,139.28065806832058,139.28065806832058,130.72355129877454,132.28932189941406,12514795,0.0,0.0
2009-06-12,133.81870596362262,135.63027031706287,127.10045628047169,128.12913513183594,16276170,0.0,0.0
2009-06-15,126.53604315620761,134.11000578813068,125.26158496840924,130.79638671875,18093935,0.0,0.0
2009-06-16,127.62842920924639,139.28067114169454,127.26430229189394,138.30661010742188,16782095,0.0,0.0
2009-06-17,139.2806816677585,140.70079619952958,129.82234050751126,131.37901306152344,15788970,0.0,0.0
2009-06-18,132.3621507749587,136.73174330815615,127.2643043950215,133.45455932617188,19976485,0.0,0.0
2009-06-19,135.27522613164362,138.91655104619068,131.47003437285483,137.6693878173828,13313595,0.0,0.0
2009-06-22,138.37944134726467,142.37579477800614,137.46001183163847,139.42633056640625,16808720,0.0,0.0
2009-06-23,136.5314724390062,137.423607035495,131.70671419656512,136.43133544921875,12273510,0.0,0.0
2009-06-24,137.4600221623064,140.71900978507378,134.42861735768852,139.9816436767578,10367460,0.0,0.0
2009-06-25,142.0116706065523,144.01439651648298,139.69943541492952,141.7476806640625,15752820,0.0,0.0
2009-06-26,142.90379973569176,149.65845613289628,142.01167897507494,148.93930053710938,15000375,0.0,0.0
2009-06-29,149.29432350339908,163.85962335738924,148.9666037010622,157.95156860351562,32608910,0.0,0.0
2009-06-30,158.761758053643,161.67482904883437,150.03168505125967,151.52462768554688,25420550,0.0,0.0
2009-07-01,152.57154179014063,160.2001091562597,151.14231488468386,158.28842163085938,21537575,0.0,0.0
2009-07-02,159.30798391044127,160.74630908918485,152.3166459125803,155.4299774169922,14245515,0.0,0.0
2009-07-03,154.22831417845205,159.49002753767147,152.46226938283235,159.00755310058594,13096050,0.0,0.0
2009-07-06,160.23649877812122,161.12861944842476,142.3029772447402,144.6334228515625,15059295,0.0,0.0
2009-07-07,145.2888642212602,150.3867105769306,144.7426599482537,148.70260620117188,18469900,0.0,0.0
2009-07-08,145.8714592524115,148.56603150731158,140.4731886511848,143.19508361816406,18125845,0.0,0.0
2009-07-09,141.34712996201523,145.1067883896936,135.65755993590503,139.27157592773438,18816840,0.0,0.0
2009-07-10,140.19102516537677,143.28614613878045,132.1983171795301,134.41041564941406,14993220,0.0,0.0
2009-07-13,130.90564153082886,140.42769899101646,128.73904862805307,137.53285217285156,34698180,0.0,0.0
2009-07-14,141.6475436819509,142.92200183637289,136.28569334065426,138.9529571533203,27239740,0.0,0.0
2009-07-15,140.55514039620974,145.5983833340932,138.55241441074935,143.5956573486328,20832595,0.0,0.0
2009-07-16,147.17325620743992,149.29432975435287,142.73994732373578,145.40721130371094,14861170,0.0,0.0
2009-07-17,146.9274748037574,156.12182702438915,146.01714345084554,154.95660400390625,17768720,0.0,0.0
2009-07-20,167.28246092707784,167.28246092707784,148.6844006653829,161.37442016601562,13151900,0.0,0.0
2009-07-21,163.29523749174527,163.29523749174527,156.58608618222252,161.0194091796875,14827250,0.0,0.0
2009-07-22,167.26427013265254,167.26427013265254,155.1295528120893,156.7044219970703,14935550,0.0,0.0
2009-07-23,159.30798329393392,163.44088143440146,158.5797154493366,162.7581329345703,14716965,0.0,0.0
2009-07-24,162.7581329345703,165.11590164414142,160.2183146270421,162.7581329345703,12315760,0.0,0.0
2009-07-27,163.85960450408692,172.8354700619884,160.23649047162854,170.8418426513672,17416115,0.0,0.0
2009-07-28,171.32432334523548,177.40534278141436,166.64522168898722,174.16456604003906,19645560,0.0,0.0
2009-07-29,167.98340958306156,172.2892721250954,162.46680491882407,167.06398010253906,15702450,0.0,0.0
2009-07-30,166.59060200449375,170.0498631848831,163.3134042776931,167.61016845703125,12096110,0.0,0.0
2009-07-31,171.14226053358098,172.50775729315743,165.31614658227537,166.98204040527344,11548155,0.0,0.0
2009-08-03,167.59198201588717,169.1577528148588,166.0353095284548,167.81956481933594,8999855,0.0,0.0
2009-08-04,168.59333694048118,168.77540040396758,161.23785911310623,162.89466857910156,11921345,0.0,0.0
2009-08-05,163.1313185719791,163.3133820007332,153.85504310977356,155.0930938720703,23342860,0.0,0.0
2009-08-06,155.12043833452495,158.2610922370084,152.57152196519405,153.95521545410156,23236730,0.0,0.0
2009-08-07,153.66388909155717,154.55600966065802,147.4736349690666,148.3202362060547,17198460,0.0,0.0
2009-08-10,150.02257449468863,154.7016759938191,145.08858138786627,153.5364532470703,31452505,0.0,0.0
2009-08-11,153.48182285541412,159.67206297449587,152.57149179195508,158.37939453125,26039820,0.0,0.0
2009-08-12,154.7563208752907,159.4900408533654,152.8173107628762,158.47047424316406,15520775,0.0,0.0
2009-08-13,159.3079373529623,161.85686712871967,157.86961259456675,159.7357940673828,15509915,0.0,0.0
2009-08-14,160.2182843288768,160.2182843288768,155.68483903665265,158.41583251953125,8622910,0.0,0.0
2009-08-17,155.120444713035,157.30524812158168,150.04080838917207,150.7599639892578,11611480,0.0,0.0
2009-08-18,150.2046717487681,153.66393363382022,149.00302770731207,151.31527709960938,12173770,0.0,0.0
2009-08-19,152.02533193304646,152.3894589084011,147.2096853147954,149.45819091796875,12269460,0.0,0.0
2009-08-20,150.47777590293234,154.57426700433402,149.23061249981768,153.90972900390625,11182475,0.0,0.0
2009-08-21,153.80955985128324,161.43812557341977,151.70668319068878,160.6643524169922,17649365,0.0,0.0
2009-08-24,162.58516831719467,166.22649335103506,162.4030909530605,165.62567138671875,11827765,0.0,0.0
2009-08-25,164.93378186170602,167.85595080155693,162.68527682631387,166.8636932373047,12068115,0.0,0.0
2009-08-26,167.30978603947813,170.4140191530467,167.04579607033858,169.90423583984375,11168425,0.0,0.0
2009-08-27,167.51003082923705,170.94198317290625,166.59060136329487,168.00161743164062,9633505,0.0,0.0
2009-08-28,166.68165992045303,168.7390035755786,164.16003843094032,167.2915802001953,7175650,0.0,0.0
2009-08-31,165.13407898552833,166.22648757013158,162.94928959742617,164.82456970214844,7340140,0.0,0.0
2009-09-01,166.4085527939769,168.2292152667982,160.58242454661737,162.53053283691406,8174465,0.0,0.0
2009-09-02,160.58240101844422,164.6971014934983,160.4003375759481,161.89328002929688,5921300,0.0,0.0
2009-09-03,163.1768785945773,165.64388242464253,160.64615879930588,161.78407287597656,6336430,0.0,0.0
2009-09-04,163.13136578602507,165.64388905788215,162.03897100678662,165.1796112060547,5533910,0.0,0.0
2009-09-07,166.04439391939175,170.2319227080014,166.04439391939175,169.7949676513672,9136040,0.0,0.0
2009-09-08,171.14225902386062,171.9979725414681,164.07809418389968,164.81546020507812,10767135,0.0,0.0
2009-09-09,164.8154697027048,167.77404615951195,164.3694024055413,166.6543426513672,7107510,0.0,0.0
2009-09-10,166.89101384914565,169.77676197019107,164.23284851894502,165.55282592773438,9966200,0.0,0.0
2009-09-11,165.86233580493484,167.21873424400056,162.1026775318051,164.38760375976562,8573030,0.0,0.0
2009-09-14,164.04168943202785,165.40718631502014,162.04806176037073,163.06764221191406,6935840,0.0,0.0
2009-09-15,163.85962919958493,166.77268649613364,163.6957762378507,165.61656188964844,7985400,0.0,0.0
2009-09-16,167.1368184504987,167.6466017139624,164.68802523299073,165.25242614746094,6108145,0.0,0.0
2009-09-17,167.13680717606016,168.84822031787806,165.49820830363777,166.01708984375,8664500,0.0,0.0
2009-09-18,166.57241789839537,168.23832584939984,162.76723972012485,166.38125610351562,17216935,0.0,0.0
2009-09-22,168.75721072084215,168.75721072084215,165.1340823628748,165.6711883544922,5788485,0.0,0.0
2009-09-23,166.55420767911963,169.32160850193188,166.22648788123573,167.50094604492188,16761900,0.0,0.0
2009-09-24,166.5906171759303,168.43858848472513,164.59698953477914,167.45542907714844,8509565,0.0,0.0
2009-09-25,166.59062161632235,168.84823926581174,165.69850086532745,166.55421447753906,7096995,0.0,0.0
2009-09-29,167.50093693382343,169.2669816435487,166.7726692125226,168.64794921875,10005945,0.0,0.0
2009-09-30,170.23194281102164,181.41080938811618,169.13954809515766,179.36256408691406,45237550,0.0,0.0
2009-10-01,178.41583545297243,185.32524664617222,177.54191129819685,183.7594757080078,24119990,0.0,0.0
2009-10-05,182.06622355140703,183.3406815600467,175.39349479138193,176.4403839111328,13516780,0.0,0.0
2009-10-06,177.51457383509953,182.7944972708691,174.41034128712275,181.8568572998047,12104735,0.0,0.0
2009-10-07,183.88691396075302,184.4422165832863,177.5419039866056,178.54327392578125,12198310,0.0,0.0
2009-10-08,179.86325024543498,186.43584298911802,177.60563263223452,183.85960388183594,17050240,0.0,0.0
2009-10-09,185.7075884857047,187.16412414769633,178.88010361490672,181.419921875,14735620,0.0,0.0
2009-10-12,182.73990198852954,186.14453200828422,181.4654298912055,184.51504516601562,12621535,0.0,0.0
2009-10-13,184.51504516601562,184.51504516601562,184.51504516601562,184.51504516601562,0,0.0,0.0
2009-10-14,187.52822436332355,189.71301365405427,182.52140283906004,187.96517944335938,11479920,0.0,0.0
2009-10-15,189.64018201006454,189.64018201006454,181.70209368209876,183.1586151123047,10499780,0.0,0.0
2009-10-16,184.25102024295768,185.8714085878526,181.15589987172157,183.24966430664062,14230400,0.0,0.0
2009-10-20,185.70755931579916,186.9183014429105,179.82681382562293,181.02845764160156,9070415,0.0,0.0
2009-10-21,179.88142943914102,181.88415506458577,177.12312734003456,177.88780212402344,8743615,0.0,0.0
2009-10-22,177.1504375885119,179.68115693487204,174.783571172662,175.9032745361328,6598435,0.0,0.0
2009-10-23,182.06623700650508,182.06623700650508,177.0503171775744,180.98294067382812,8304025,0.0,0.0
2009-10-26,181.70212180473445,181.70212180473445,175.48455774319206,176.221923828125,4460990,0.0,0.0
2009-10-27,173.8732560769371,179.75400163515158,168.4112689750438,173.38168334960938,18034350,0.0,0.0
2009-10-28,172.66250613680205,175.6939105082931,168.22919791765716,168.9756622314453,15208850,0.0,0.0
2009-10-29,168.41127660915797,170.21372854513382,163.85052217293574,165.25242614746094,17635290,0.0,0.0
2009-10-30,168.41126347199005,174.20097016643294,164.04167115514713,165.20689392089844,10901980,0.0,0.0
2009-11-03,165.13409552403766,167.4918641944078,161.60201945587977,162.76724243164062,11643330,0.0,0.0
2009-11-04,164.07813240826337,168.95750914511657,162.96752701696272,168.24745178222656,9460765,0.0,0.0
2009-11-05,168.4112512623354,170.21370292703236,162.08445297950905,166.79086303710938,11040040,0.0,0.0
2009-11-06,167.6830094750436,172.72625225854367,167.6830094750436,170.7599334716797,9430750,0.0,0.0
2009-11-09,166.6816527195157,182.97657607767488,166.6816527195157,181.70211791992188,19860525,0.0,0.0
2009-11-10,186.43582914093042,187.1640968657705,180.02708983099964,181.41079711914062,12050590,0.0,0.0
2009-11-11,180.68252442771518,183.88689399459915,179.33523820265364,183.01296997070312,8065490,0.0,0.0
2009-11-12,183.34073438994352,183.69576307254877,176.96841472945118,178.4431610107422,14094455,0.0,0.0
2009-11-13,178.27926195887215,182.43037008020673,176.70439284497812,181.35618591308594,12226205,0.0,0.0
2009-11-16,182.24830390396673,184.2328331478675,181.24694791586882,182.2938232421875,8831355,0.0,0.0
2009-11-17,186.6179051275438,186.6179051275438,179.33525517134697,182.466796875,6582910,0.0,0.0
2009-11-18,181.1558920130094,182.97655424429595,180.9283092340986,181.91146850585938,5088005,0.0,0.0
2009-11-19,180.97386076240682,182.97658679498764,178.06080345223899,179.61746215820312,5850460,0.0,0.0
2009-11-20,178.60698208799508,181.88418002708022,173.8914730490053,180.6188201904297,9253395,0.0,0.0
2009-11-23,180.2455736687722,183.4317327992808,180.2455736687722,181.95700073242188,5518350,0.0,0.0
2009-11-24,183.52279779402778,183.52279779402778,178.61611258495856,182.08447265625,5970380,0.0,0.0
2009-11-25,182.0662514957298,186.07170347241478,181.4381207055811,185.09765625,11950580,0.0,0.0
2009-11-26,185.16138136190108,188.97567174165084,180.6188370526348,181.5837860107422,13558880,0.0,0.0
2009-11-27,178.42491657117486,180.24557898516645,170.59606263479031,176.82273864746094,9159750,0.0,0.0
2009-11-30,179.3352424886269,184.07807404902664,179.15317903070812,181.95700073242188,7341520,0.0,0.0
2009-12-01,183.88691616017425,189.34890376889228,183.06762357508765,188.775390625,8371170,0.0,0.0
2009-12-02,189.53095669880355,191.67933892765097,187.97429809564179,190.70529174804688,8068555,0.0,0.0
2009-12-03,191.98884615810698,193.71848378716177,188.8026869309844,191.0967254638672,5644490,0.0,0.0
2009-12-04,188.43855791408993,190.2228131733318,185.70756432113208,186.9911346435547,5019750,0.0,0.0
2009-12-07,187.5282335613217,188.7844951049131,182.66706812215398,183.7139434814453,4812455,0.0,0.0
2009-12-08,183.70484772609674,190.6961850090802,182.06624870959988,189.29428100585938,8824885,0.0,0.0
2009-12-09,184.797241206106,187.97430222546993,183.8686994545335,184.95199584960938,5265440,0.0,0.0
2009-12-10,184.77904920670304,187.52825370868047,182.3575784292273,185.95338439941406,6852780,0.0,0.0
2009-12-11,186.79997967903248,188.1017606590096,181.67482391391806,182.74900817871094,5799610,0.0,0.0
2009-12-14,182.61245905422945,184.4331216015675,180.15455350288073,181.09219360351562,5540770,0.0,0.0
2009-12-15,180.15455531437402,182.26653055798792,173.69121154066528,174.72898864746094,9679880,0.0,0.0
2009-12-16,174.23737630416016,174.23737630416016,169.66752393890386,170.64157104492188,14981050,0.0,0.0
2009-12-17,169.70389992962393,172.7808230925274,166.73622593008963,171.46084594726562,15020595,0.0,0.0
2009-12-18,171.14225386995994,173.60014516338643,169.05760167668416,170.10447692871094,7655975,0.0,0.0
2009-12-21,170.96020775083193,174.78359613824563,168.59334099690562,173.74581909179688,8562675,0.0,0.0
2009-12-22,173.87326987037815,177.23239442701157,173.87326987037815,176.6406707763672,8248355,0.0,0.0
2009-12-23,176.78632333362492,179.33525357369655,176.0216484287691,178.86187744140625,6607675,0.0,0.0
2009-12-24,179.15320225569397,180.58241517071505,177.55101028098102,179.76312255859375,5123925,0.0,0.0
2009-12-29,180.5824179418632,181.67482662885965,178.8345834894438,179.2897491455078,3554785,0.0,0.0
2009-12-30,179.28971450594355,179.69936073914502,176.62245094420112,178.67979431152344,5058270,0.0,0.0
2009-12-31,179.3352397050605,180.88279990917667,178.07897825098266,180.09991455078125,6235040,0.0,0.0
2010-01-04,180.95561892875548,182.05712569583667,179.89963149578602,180.62789916992188,4371510,0.0,0.0
2010-01-05,181.70209517268034,185.707546501793,181.28333675009884,184.39666748046875,7629380,0.0,0.0
2010-01-06,185.7075433549262,187.2915244606104,180.70982064345293,181.30154418945312,5953585,0.0,0.0
2010-01-07,181.4198921114219,183.1586279736626,180.08171807559432,182.5851287841797,4964525,0.0,0.0
2010-01-08,182.61246016434688,185.68937044247707,181.40171789614052,184.97021484375,7931425,0.0,0.0
2010-01-11,185.52550259286454,191.7157575728411,184.8154453633064,191.06031799316406,10096505,0.0,0.0
2010-01-12,190.80543313641303,195.7212162678497,187.7102985913342,191.0421142578125,14351905,0.0,0.0
2010-01-13,189.62198790214754,190.96017585032078,186.90009266861156,189.40350341796875,10503700,0.0,0.0
2010-01-14,190.22280900295448,196.44947092465478,189.6948152530253,194.10081481933594,10746410,0.0,0.0
2010-01-15,196.63156607163336,199.0712473535749,193.93697923954883,196.23101806640625,16362695,0.0,0.0
2010-01-18,194.81088675654473,202.63974103288854,193.11767008238442,201.66567993164062,10033600,0.0,0.0
2010-01-19,214.41939764517983,214.41939764517983,199.0165959174259,201.31973266601562,8069485,0.0,0.0
2010-01-20,201.54733533843182,203.7048298694653,196.66795923088858,197.31430053710938,6584845,0.0,0.0
2010-01-21,197.54187730625185,198.63427200633265,191.16955868346952,193.21780395507812,7313095,0.0,0.0
2010-01-22,190.25922650889368,192.60788274223336,186.61790159963255,187.82864379882812,7275735,0.0,0.0
2010-01-25,186.79996202197466,187.46449991772764,183.0038825328158,185.47088623046875,5243060,0.0,0.0
2010-01-27,182.63065349313447,183.82318522488254,175.72124254239768,177.10494995117188,12127575,0.0,0.0
2010-01-28,178.06076824856967,187.52820610748475,178.06076824856967,185.4890594482422,14347760,0.0,0.0
2010-01-29,183.8778082801896,190.2592251370587,179.91786191369985,186.74534606933594,15392485,0.0,0.0
2010-02-01,186.79996402032614,195.1750084865901,182.97657566513524,193.45448303222656,10680450,0.0,0.0
2010-02-02,193.93698222576697,196.99569607849,187.5737750601455,188.8573455810547,8883385,0.0,0.0
2010-02-03,190.35936772333793,196.0853451583598,186.44494058091593,194.99295043945312,13260715,0.0,0.0
2010-02-04,192.97198119255836,194.61967824829594,190.2591984249443,190.8873291015625,6585835,0.0,0.0
2010-02-05,188.20188157875913,188.98476698422746,181.17412344331356,186.74534606933594,12212410,0.0,0.0
2010-02-08,186.6178856378564,189.65838834329705,182.24829334237202,186.19912719726562,7426465,0.0,0.0
2010-02-09,186.61791129509584,192.4440258963801,184.4695289313936,189.0849151611328,9225825,0.0,0.0
2010-02-10,190.07712884506364,190.3502309422353,185.72574747259097,186.55413818359375,8286355,0.0,0.0
2010-02-11,187.5282436390883,190.24102696354163,187.23693096208643,188.11085510253906,4078795,0.0,0.0
2010-02-15,188.07442418984368,190.1681747562862,183.88689527585615,187.31884765625,4549330,0.0,0.0
2010-02-16,187.89235635760897,189.65840112909356,185.4071560414172,186.8272705078125,6636255,0.0,0.0
2010-02-17,188.25648146916828,195.511821725324,187.89234068088993,194.3192901611328,11366410,0.0,0.0
2010-02-18,194.26471115709748,203.24057912974558,194.00072116844072,199.9998016357422,24856930,0.0,0.0
2010-02-19,195.1749941754089,200.6825004440805,194.99293072242617,199.271484375,13856280,0.0,0.0
2010-02-22,200.91010299865926,203.00386764032467,196.8591317364135,201.6292724609375,8715490,0.0,0.0
2010-02-23,200.27285323717254,205.6984330094402,198.21550983633452,199.93603515625,11249705,0.0,0.0
2010-02-24,199.3625274514871,202.26648612406777,193.90963870917898,199.14404296875,8601590,0.0,0.0
2010-02-25,199.56280958306303,200.80995889963367,196.91374242005864,199.59011840820312,7738815,0.0,0.0
2010-02-26,201.00114024657347,207.00931808657114,197.54187876203113,204.73348999023438,8116780,0.0,0.0
2010-03-02,205.91690665522984,213.927823681852,205.73484320041936,210.2864990234375,14963530,0.0,0.0
2010-03-03,211.92510745069453,213.91873501353058,207.70117121215512,209.1759033203125,11365680,0.0,0.0
2010-03-04,209.37616019817042,209.8222274531039,202.54867671344746,204.21458435058594,11118615,0.0,0.0
2010-03-05,204.8245021428479,207.46445683646883,200.34567469619034,200.8827667236328,13164750,0.0,0.0
2010-03-08,208.3293173818637,208.3293173818637,201.56554880039943,205.607421875,15896925,0.0,0.0
2010-03-09,190.25924568759845,206.35389674145685,190.25924568759845,203.48635864257812,4524955,0.0,0.0
2010-03-10,203.48634363071403,206.645194186125,203.36799612298748,206.00796508789062,6196885,0.0,0.0
2010-03-11,205.2614544537947,210.26827555050977,205.2614544537947,209.6219482421875,9045940,0.0,0.0
2010-03-12,209.5582095766901,211.4881208910397,207.8376844096771,209.56732177734375,9742385,0.0,0.0
2010-03-15,205.4799769044239,210.15907911141448,205.4799769044239,208.04710388183594,4507825,0.0,0.0
2010-03-16,207.3734628801881,209.1759148775854,206.19002946936158,208.44764709472656,6725940,0.0,0.0
2010-03-17,210.28653269771863,210.73260004040395,207.38257359511874,209.2305450439453,12125165,0.0,0.0
2010-03-18,208.5204944722161,213.38166049301788,208.30202384061846,211.8887176513672,7689270,0.0,0.0
2010-03-19,213.38163937426077,213.38163937426077,209.65838789670636,210.4685821533203,6133220,0.0,0.0
2010-03-22,200.27288410740246,209.80405383957626,200.27288410740246,208.7389678955078,5492690,0.0,0.0
2010-03-23,210.01340269090392,213.3634286921701,209.74030055587681,211.55186462402344,6263015,0.0,0.0
2010-03-25,209.75850494592527,212.14356814839923,208.7935561354755,210.25009155273438,7565780,0.0,0.0
2010-03-26,210.30471648767343,218.10624760311828,209.64927691624928,217.2505340576172,9027285,0.0,0.0
2010-03-29,217.93328620291933,221.2104841164204,215.74849685428654,218.28831481933594,6028530,0.0,0.0
2010-03-30,218.2883199816624,220.66428505250218,212.95377840719905,213.5819091796875,5330135,0.0,0.0
2010-03-31,213.38160085308544,215.69384958861784,211.54274206184633,212.6988525390625,3538230,0.0,0.0
2010-04-01,212.6533806571102,215.6028449492068,212.6533806571102,213.66384887695312,3816315,0.0,0.0
2010-04-05,214.32837591828533,215.38436342415125,210.83270750978247,214.31016540527344,4195040,0.0,0.0
2010-04-06,214.83817447438665,215.54823173640526,212.28924420251224,213.84591674804688,4302480,0.0,0.0
2010-04-07,215.20230285492593,217.2323515522188,209.06667909390188,211.979736328125,18454375,0.0,0.0
2010-04-08,210.64155545498193,212.1982280639865,209.3761955246075,210.6051483154297,6740765,0.0,0.0
2010-04-09,211.1968527531061,218.45219402142902,210.7416871221727,215.46630859375,12797095,0.0,0.0
2010-04-12,215.07482461283547,216.36749313157458,212.13445899549617,214.27374267578125,7172525,0.0,0.0
2010-04-13,214.83815211269834,214.83815211269834,209.93146775354307,210.75987243652344,4825870,0.0,0.0
2010-04-15,212.10718398872953,213.55460736118607,207.9196546284391,209.06668090820312,7152780,0.0,0.0
2010-04-16,208.6752383399431,211.14224225504697,205.9897638045414,209.0848846435547,5622710,0.0,0.0
2010-04-19,207.55553291679325,211.9251258615732,205.4071505292254,211.0694122314453,6129665,0.0,0.0
2010-04-20,211.1968421118936,217.56916062389038,211.1968421118936,216.1126251220703,8998350,0.0,0.0
2010-04-21,217.56916751614125,227.94693815106677,217.56916751614125,225.2887725830078,26047175,0.0,0.0
2010-04-22,222.33930054021042,226.12626783077377,222.32109002658962,223.0220489501953,13803410,0.0,0.0
2010-04-23,222.94011664620052,225.7621490657433,222.41213674707166,225.0156707763672,5720055,0.0,0.0
2010-04-26,225.76213305375583,234.3192406052179,225.38889393553944,232.97195434570312,16826845,0.0,0.0
2010-04-27,231.7703291207255,233.95511844492432,228.89367919444072,232.41665649414062,7134950,0.0,0.0
2010-04-28,230.3138000722727,231.21503298619777,226.9000579763398,228.32928466796875,6100705,0.0,0.0
2010-04-29,229.19409853216774,233.93693037022535,229.19409853216774,231.97061157226562,13210430,0.0,0.0
2010-04-30,234.13722290155133,234.13722290155133,229.9678899646832,231.22415161132812,5560430,0.0,0.0
2010-05-03,230.86000367020793,233.58188513656697,227.946932644656,229.4945068359375,2338320,0.0,0.0
2010-05-04,229.785818284063,235.02932141640648,226.53594286225382,227.48268127441406,8337075,0.0,0.0
2010-05-05,221.50180048671496,227.87411906609498,221.46537945898072,225.9988250732422,6726505,0.0,0.0
2010-05-06,222.84907908621656,228.09258176345574,222.12081135285098,224.66062927246094,4212245,0.0,0.0
2010-05-07,219.4262384293591,222.12082504170817,215.23872301290433,216.8682098388672,9055115,0.0,0.0
2010-05-10,218.84363249228298,229.2032068249137,218.84363249228298,227.48268127441406,7993775,0.0,0.0
2010-05-11,227.40073214908978,232.84450873066592,226.5359203038917,229.2851104736328,9079200,0.0,0.0
2010-05-12,224.1781771239651,236.3220070162101,224.1781771239651,234.84727478027344,9068370,0.0,0.0
2010-05-13,235.77579201323874,240.32744822971054,235.41166507214197,238.7889862060547,9973175,0.0,0.0
2010-05-14,238.14264553228236,239.0165556984397,233.04478529767505,235.91232299804688,18998125,0.0,0.0
2010-05-17,231.2241459514886,232.51681470687072,224.03253436984855,229.8040313720703,16886290,0.0,0.0
2010-05-18,229.80400384140108,231.16950060272407,226.9091434843097,228.43850708007812,16597995,0.0,0.0
2010-05-19,226.3083504065077,226.49041387525992,217.26875402668944,219.39892578125,11986965,0.0,0.0
2010-05-20,221.7803927287471,225.82614633908412,217.41282689628315,222.1389923095703,11543770,2.4,0.0
2010-05-21,217.13697486545536,224.90665572776027,215.70257656172717,223.5550079345703,8823435,0.0,0.0
2010-05-24,223.55501405070117,228.0329139601527,218.89320540577813,220.3735809326172,5085955,0.0,0.0
2010-05-25,218.43344869701636,218.65413074835845,212.40161292965738,214.03829956054688,7723085,0.0,0.0
2010-05-26,215.16010596344432,219.2058459335558,211.49134525958146,212.7510528564453,14306915,0.0,0.0
2010-05-27,212.76939874667636,224.72273607020347,210.95800727599752,223.58258056640625,13507560,0.0,0.0
2010-05-28,225.27446580230705,227.6651392147651,221.74363672597593,225.33883666992188,7747100,0.0,0.0
2010-05-31,223.58258201902498,227.6651087301194,222.53436683890064,226.62608337402344,4662770,0.0,0.0
2010-06-01,227.11340035992512,227.66509844254108,216.44734031796025,217.31166076660156,8930410,0.0,0.0
2010-06-02,219.7575230188711,221.95509768784913,214.88423622955412,220.88848876953125,6537050,0.0,0.0
2010-06-03,222.69987082346705,229.50408677613711,222.69987082346705,228.45587158203125,7414595,0.0,0.0
2010-06-04,228.03293335445514,231.34309445073984,228.03293335445514,229.03517150878906,7272295,0.0,0.0
2010-06-07,224.0975023726861,225.27444529096863,219.9414148004761,223.39869689941406,7122970,0.0,0.0
2010-06-08,223.32514126098312,228.51105049633915,223.32514126098312,225.49513244628906,8407510,0.0,0.0
2010-06-09,225.2560660491352,230.58909688143623,225.2560660491352,227.9685516357422,7812710,0.0,0.0
2010-06-10,227.9685328587889,229.87187874936131,224.40093084117973,229.50408935546875,6817990,0.0,0.0
2010-06-11,230.2396887221889,231.7384579952806,227.71109782993926,229.0995330810547,7028035,0.0,0.0
2010-06-14,230.05577308878856,232.07864281258608,228.07888054672267,231.0672149658203,3069890,0.0,0.0
2010-06-15,228.78688911061732,231.0672142083172,226.230700923432,228.9983673095703,3309380,0.0,0.0
2010-06-16,229.8718616723113,229.8718616723113,223.45384322289456,224.46527099609375,6787285,0.0,0.0
2010-06-17,224.3549734358925,224.90667160562865,219.19664746084837,223.43548583984375,11126405,0.0,0.0
2010-06-18,223.43549339133227,225.7801896465541,221.100000991753,222.79185485839844,12770945,0.0,0.0
2010-06-21,224.35494318141156,230.2580510683726,224.35494318141156,229.37535095214844,7028360,0.0,0.0
2010-06-22,228.0513298939409,231.32470366892326,226.4238328320134,227.2329864501953,4845490,0.0,0.0
2010-06-23,225.32961422756577,231.06722152602484,225.32961422756577,229.7615509033203,5381525,0.0,0.0
2010-06-24,228.08809202818895,233.27400153591276,228.08809202818895,232.29934692382812,9207320,0.0,0.0
2010-06-25,231.89473043816994,234.95662530857123,227.55474858254996,229.70635986328125,6537805,0.0,0.0
2010-06-28,230.05579319108838,232.86942298362075,228.40071271599075,232.06947326660156,3983065,0.0,0.0
2010-06-29,230.80978445970436,231.54537735589005,226.92954561183564,228.1524658203125,5399395,0.0,0.0
2010-06-30,225.27444573436455,229.12710074503158,224.74114128123898,228.47425842285156,7153910,0.0,0.0
2010-07-01,228.40070059778714,228.40070059778714,223.44466329075576,226.8651580810547,5839670,0.0,0.0
2010-07-02,227.11342859757522,229.5041018791301,226.58012412614323,227.51800537109375,2428120,0.0,0.0
2010-07-05,227.31573047882756,228.95241731957418,225.3572173590588,227.28814697265625,2097975,0.0,0.0
2010-07-06,228.03290434299,231.5085660367643,227.29731152292715,230.47874450683594,4386780,0.0,0.0
2010-07-07,232.07866692938765,232.07866692938765,226.12039115077505,227.4904327392578,4321410,0.0,0.0
2010-07-08,231.71085863396382,231.77522949589,227.81222643779807,228.3179473876953,4591380,0.0,0.0
2010-07-09,229.7891103049968,234.993412600945,229.67876227122898,234.11988830566406,5484015,0.0,0.0
2010-07-12,234.88307238354474,238.1104683657887,232.73147506204876,236.91514587402344,4312175,0.0,0.0
2010-07-13,236.95193841383175,239.78394754854844,234.12910507289317,239.01158142089844,3804700,0.0,0.0
2010-07-14,240.5379438038278,243.83890067398085,239.82074465182424,241.72409057617188,8475475,0.0,0.0
2010-07-15,248.2616817371176,249.27312383037645,241.93560180168572,248.3168487548828,15944265,0.0,0.0
2010-07-16,250.10059164279537,251.7372782156836,245.94451838346347,249.57647705078125,11515560,0.0,0.0
2010-07-19,249.1811023577901,251.3878666558637,247.03870891662407,250.24771118164062,7309745,0.0,0.0
2010-07-20,251.06603542981696,255.43360079003173,249.82474982849567,251.74647521972656,8051265,0.0,0.0
2010-07-21,252.1234762555726,252.85905500956994,245.83415724861294,247.7375030517578,5821275,0.0,0.0
2010-07-22,246.4686291594651,251.53501459290808,245.5031784459696,249.5121307373047,7460620,0.0,0.0
2010-07-23,251.02010346490175,256.53702881577874,251.02010346490175,255.60833740234375,12190455,0.0,0.0
2010-07-26,255.6175324176996,256.8588461908273,252.85906983765247,254.8543701171875,5565950,0.0,0.0
2010-07-27,255.06582913447863,256.7117196309243,251.57178782791624,252.7579345703125,8134080,0.0,0.0
2010-07-28,254.51418083477162,254.51418083477162,246.60660916576188,248.25247192382812,7000240,0.0,0.0
2010-07-29,248.2616204128097,252.85905782786173,246.89159304249415,251.1304168701172,7545020,0.0,0.0
2010-07-30,250.10064610626873,251.38792323147305,245.870997214423,247.05714416503906,4661185,0.0,0.0
2010-08-02,248.28002877408983,250.4132467159066,246.45025745065732,248.39956665039062,4723770,0.0,0.0
2010-08-03,248.3995116430409,252.23378638817027,247.39727375985782,249.364990234375,4953580,0.0,0.0
2010-08-04,250.1006105922402,250.71667958996582,243.68257746863281,244.8411407470703,5902855,0.0,0.0
2010-08-05,245.41122950837226,247.16745415356857,241.28273925323228,242.11947631835938,6734645,0.0,0.0
2010-08-06,242.33095138913836,244.7308286724052,240.1241867099457,241.69650268554688,3310475,0.0,0.0
2010-08-09,241.69647541450047,243.07570669094167,237.96335833777553,240.8689422607422,7863250,0.0,0.0
2010-08-10,240.9057177976109,241.82520527012085,236.95193289003035,238.12887573242188,6740840,0.0,0.0
2010-08-11,238.1288799725313,239.34258213185217,234.7727422199515,237.06227111816406,6623320,0.0,0.0
2010-08-12,235.38880035481674,242.71711686328445,234.44172935081042,241.935546875,5976525,0.0,0.0
2010-08-13,242.74474282933454,245.68711457269262,242.74474282933454,244.25271606445312,4534835,0.0,0.0
2010-08-16,244.67564835689868,247.65477910880605,243.40675101870588,245.79742431640625,4977590,0.0,0.0
2010-08-17,245.8709474892033,247.0754738478115,243.35156076364586,244.72158813476562,4577160,0.0,0.0
2010-08-18,244.72161975425342,249.91671909544323,242.74472702130052,248.85931396484375,6307095,0.0,0.0
2010-08-19,249.73280035472544,251.20398590640514,246.79042925136605,250.75341796875,4684215,0.0,0.0
2010-08-20,249.73281213210782,252.85906403902945,248.73057411827148,251.38787841796875,4624730,0.0,0.0
2010-08-23,251.38786275301348,254.82676489081453,250.17413258673076,254.00840759277344,3651835,0.0,0.0
2010-08-24,252.85906028364457,254.69803526752563,249.71440071457417,252.33494567871094,5415270,0.0,0.0
2010-08-25,250.8361796611456,253.9624596206055,249.71440378476487,250.41322326660156,6578005,0.0,0.0
2010-08-26,250.65224267911546,252.85900657897233,248.26157009571827,251.53494262695312,7188305,0.0,0.0
2010-08-27,251.3879037286472,254.37623842271248,242.48727051285178,244.0228271484375,4726265,0.0,0.0
2010-08-30,244.95146124043885,248.07771308816237,241.27351128769791,243.47109985351562,3479155,0.0,0.0
2010-08-31,234.80952192425124,246.42265371396385,211.48212818735703,244.70321655273438,4318510,0.0,0.0
2010-09-01,244.70319615701814,249.91667421215837,244.70319615701814,249.01559448242188,4534980,0.0,0.0
2010-09-02,249.93509871709188,256.6841335926065,249.93509871709188,255.2589111328125,7979275,0.0,0.0
2010-09-03,257.45647763898586,257.45647763898586,251.112020052131,253.7141571044922,3513110,0.0,0.0
2010-09-06,254.51411298921613,258.4679258302947,254.3670196916076,256.4726257324219,5057435,0.0,0.0
2010-09-07,256.72093010139326,258.6334518208927,253.2268606442525,256.99676513671875,4221330,0.0,0.0
2010-09-08,255.6175106272978,256.114041706328,252.50963856236024,254.00840759277344,5155280,0.0,0.0
2010-09-09,254.6980497090941,255.96694700960447,251.4430559461153,253.66822814941406,3865715,0.0,0.0
2010-09-13,254.88196776437346,263.49756187779514,254.88196776437346,262.2746276855469,6447070,0.0,0.0
2010-09-14,263.06539596664373,264.26071856787917,258.4863378258248,262.29302978515625,6029480,0.0,0.0
2010-09-15,262.7895364014774,271.24883327354377,262.2378663076531,270.329345703125,8460645,0.0,0.0
2010-09-16,270.32931978252526,280.07589270651846,268.88571770085986,273.0509948730469,10070090,0.0,0.0
2010-09-17,273.097013961039,278.2369461442531,272.35223126922926,277.0415954589844,6433195,0.0,0.0
2010-09-20,276.765717189238,288.1673557404096,273.67625288501694,284.4618225097656,7145005,0.0,0.0
2010-09-21,285.13308556098565,291.027003931385,280.4712771001089,281.5010986328125,10457885,0.0,0.0
2010-09-22,282.466577169772,285.40892039538556,278.6047183642722,281.3080139160156,7649460,0.0,0.0
2010-09-23,281.73095581665336,283.14697438052195,273.9520996602622,274.97271728515625,8305375,0.0,0.0
2010-09-24,275.14744407011904,278.22773295891255,271.32237251449163,277.10595703125,8634710,0.0,0.0
2010-09-27,279.51501875808424,280.77471224530694,274.5957826835488,277.1611328125,4490365,0.0,0.0
2010-09-28,276.58184710634754,279.50583887614016,274.44865729097364,276.8209228515625,6985740,0.0,0.0
2010-09-29,266.6881790722083,279.9563777942938,266.6881790722083,277.7587890625,6439615,0.0,0.0
2010-09-30,277.7680345824929,283.74470460359066,273.5383855708393,282.57696533203125,10918285,0.0,0.0
2010-10-01,282.8343737319779,291.29364228806,282.8343737319779,289.6109924316406,5313840,0.0,0.0
2010-10-04,290.92582951654475,293.53717056067603,288.92135356908585,290.0247497558594,3687630,0.0,0.0
2010-10-05,290.02478622538575,292.4705985066812,288.73748115876595,289.6937561035156,4334955,0.0,0.0
2010-10-06,292.39705980312084,293.99695926418184,285.48252308189626,287.2939147949219,6782255,0.0,0.0
2010-10-07,287.2939530509436,291.10982152614883,287.064081117973,288.4800720214844,4859325,0.0,0.0
2010-10-08,289.08689634511074,291.2384939656961,286.1629325064076,288.7834777832031,5830295,0.0,0.0
2010-10-11,289.8591979886781,295.24740872541605,282.86191236806405,285.1974182128906,10020915,0.0,0.0
2010-10-12,287.9559578368096,287.96513363208567,280.4621110892943,283.7906799316406,4249265,0.0,0.0
2010-10-13,285.2250255729965,293.252133259856,284.4986226118069,292.1671447753906,5136290,0.0,0.0
2010-10-14,293.3165343552042,295.79916201439903,286.37441443715505,287.5973205566406,9509550,0.0,0.0
2010-10-15,287.7995800417215,289.6385549940648,275.12904374249763,276.2232360839844,12532945,0.0,0.0
2010-10-18,262.42170030384983,275.66231335043284,262.42170030384983,272.5268859863281,11204405,0.0,0.0
2010-10-19,273.8234046620912,275.34975749332887,268.8673809338008,270.05352783203125,8202805,0.0,0.0
2010-10-20,269.4098537674958,271.6166182886382,266.8352998362518,267.607666015625,5254270,0.0,0.0
2010-10-21,270.329303559837,278.2828641919236,268.49032870568846,277.0047912597656,9674255,0.0,0.0
2010-10-22,278.3932444417104,278.3932444417104,268.67428204897,269.2259521484375,4631140,0.0,0.0
2010-10-25,269.77765786728867,274.0073064650985,268.490380831573,269.3271179199219,4696400,0.0,0.0
2010-10-26,270.32939790040314,270.3753610635855,267.6168978197038,268.3984680175781,4419695,0.0,0.0
2010-10-27,268.58224879167807,268.9868254528125,264.45373168971844,266.10882568359375,3512190,0.0,0.0
2010-10-28,267.66284633022053,270.55002280660534,264.8124291543,265.69512939453125,9676480,0.0,0.0
2010-10-29,266.4307275650961,272.7200191837734,263.1665298515694,270.5224304199219,6046415,0.0,0.0
2010-11-01,273.8049889874922,280.3241520514168,272.55449944576947,278.3472595214844,5140055,0.0,0.0
2010-11-02,280.25982453740454,282.7424524169877,278.24614433876263,280.73797607421875,5065500,0.0,0.0
2010-11-03,281.0230034153818,283.8642167699067,280.99541990943635,282.4849853515625,2664580,0.0,0.0
2010-11-04,285.169885326451,286.05258552709853,282.85275871651777,284.0113220214844,2665910,0.0,0.0
2010-11-08,286.6962069418566,291.29364469307643,282.94471008349575,286.1261291503906,6482605,0.0,0.0
2010-11-09,285.96065648639194,288.1214580558722,283.38610231458733,287.3031005859375,3860055,0.0,0.0
2010-11-10,288.1674056513197,288.1674056513197,282.52176642927674,283.8274230957031,3503475,0.0,0.0
2010-11-11,284.30555848140483,286.84332500965337,279.0644682812344,279.965576171875,3167795,0.0,0.0
2010-11-12,280.9953509245432,280.9953509245432,272.4349256011302,274.3750305175781,4544795,0.0,0.0
2010-11-15,275.89221327602615,282.2826626281397,273.09699147834004,279.8368225097656,3234555,0.0,0.0
2010-11-16,282.05276332979895,282.0895506831877,265.7318617842278,270.1729736328125,7237705,0.0,0.0
2010-11-18,275.6623815335752,275.6623815335752,255.43365357936787,262.2378845214844,25503185,0.0,0.0
2010-11-19,263.1849462329561,263.1849462329561,251.94880662217636,254.6428985595703,13416300,0.0,0.0
2010-11-22,257.4565114904891,267.35020641142273,251.93958624426435,263.0837707519531,13820860,0.0,0.0
2010-11-23,261.31836885601723,262.4217370624779,253.8337268467684,261.44708251953125,7074135,0.0,0.0
2010-11-24,262.6056247649281,263.1481190002561,251.9395645933937,254.66123962402344,4932325,0.0,0.0
2010-11-25,254.7348168255128,256.66574612673963,245.7054431256689,246.9559326171875,11465340,0.0,0.0
2010-11-26,246.60655873420615,251.43386810940174,238.51505189755926,244.74917602539062,7351030,0.0,0.0
2010-11-29,248.06853350907213,248.0777093026527,242.92860189581256,244.4181671142578,5470435,0.0,0.0
2010-11-30,244.39968931570098,255.58065716214094,241.86192369599058,251.36021423339844,6530490,0.0,0.0
2010-12-01,251.94879085791382,262.7711491467298,251.9395870031052,261.95281982421875,5507435,0.0,0.0
2010-12-02,264.9963592850113,268.6743099867573,261.71378154917414,267.6352844238281,6647870,0.0,0.0
2010-12-03,267.635216439644,267.635216439644,255.40601662645437,258.58746337890625,8015840,0.0,0.0
2010-12-06,261.9987919533468,261.9987919533468,253.04299194920944,254.22911071777344,4688830,0.0,0.0
2010-12-07,254.6980555152661,254.70725937028723,240.44599825719166,243.57225036621094,12159570,0.0,0.0
2010-12-08,242.56078735605567,242.56078735605567,228.639761422493,230.14772033691406,21467880,0.0,0.0
2010-12-09,232.15221198826475,238.88285353802098,226.13876960290222,229.09031677246094,15667605,0.0,0.0
2010-12-10,230.42361048860218,244.58371467337452,229.50412283945414,243.39756774902344,10515220,0.0,0.0
2010-12-13,246.42263927537013,249.18110165531832,237.79784241104733,242.86422729492188,8870460,0.0,0.0
2010-12-14,245.28252221015188,245.4848106054432,236.34510157729719,239.68284606933594,12568445,0.0,0.0
2010-12-15,239.06676085033888,242.92861974982674,235.39801453819842,238.62539672851562,9978370,0.0,0.0
2010-12-16,239.92187332871927,242.68953976024298,236.32667373623292,240.78619384765625,9694435,0.0,0.0
2010-12-20,240.9057312008568,240.9057312008568,232.970549381922,233.71533203125,7356300,0.0,0.0
2010-12-21,235.5543184719346,243.46191717005735,235.38881744419723,242.44129943847656,9313990,0.0,0.0
2010-12-22,244.21586351579597,244.49169851662617,239.83909443242982,241.20912170410156,5855595,0.0,0.0
2010-12-23,243.25962839052252,243.25962839052252,240.8413716005234,241.65972900390625,2830535,0.0,0.0
2010-12-24,239.0667634364779,243.62741383585526,239.0667634364779,243.1125030517578,2594170,0.0,0.0
2010-12-27,244.4733622784939,244.58369629841675,240.92412562794894,242.11947631835938,2077245,0.0,0.0
2010-12-28,243.09410517591022,243.09410517591022,236.59332193842636,237.02548217773438,3570910,0.0,0.0
2010-12-29,237.32893769561153,241.82524565614594,237.32893769561153,241.3471221923828,3942910,0.0,0.0
2010-12-30,242.74470667158437,246.18358103672813,240.0046237444847,245.28250122070312,7050460,0.0,0.0
2010-12-31,245.82499803413566,249.73282005692832,244.93309400298284,248.28001403808594,4513055,0.0,0.0
2011-01-03,251.02007328770816,252.3073501027186,246.84559241711068,251.5074005126953,5266100,0.0,0.0
2011-01-04,252.47289295989611,253.15333286532524,247.06632944063523,247.88465881347656,6919075,0.0,0.0
2011-01-05,248.44553579762663,248.44553579762663,239.61845011185343,241.07122802734375,8749390,0.0,0.0
2011-01-06,242.0734949319073,243.13092814034897,239.06678052479202,240.14259338378906,3967170,0.0,0.0
2011-01-07,239.13116067320615,239.13116067320615,232.42808782524222,235.5083770751953,12047915,0.0,0.0
2011-01-10,236.30832094757739,239.98627146816224,229.19148163934926,230.71783447265625,8070285,0.0,0.0
2011-01-11,231.72925219314237,243.75615081869108,231.7108585139921,239.10354614257812,12543110,0.0,0.0
2011-01-12,240.1609531467127,243.26882552585897,237.2277856452486,241.5218048095703,12960200,0.0,0.0
2011-01-13,240.6299067670119,244.14232793612862,231.913154556906,232.71310424804688,5724240,0.0,0.0
2011-01-14,233.51306193113524,234.83711220387517,219.7575221535616,220.97125244140625,13463850,0.0,0.0
2011-01-17,222.88378927475856,228.0329254618096,220.69541832098915,226.0100555419922,10319355,0.0,0.0
2011-01-18,226.22150567542465,238.68975377476292,226.22150567542465,235.0669708251953,14701270,0.0,0.0
2011-01-19,235.38881639543305,238.5150685010782,233.18205185383258,235.40719604492188,7958925,0.0,0.0
2011-01-20,234.28542600147964,245.21813219770078,230.7913705732026,236.32667541503906,12914185,0.0,0.0
2011-01-21,234.46933428620986,237.89903308167888,232.8142538263714,236.685302734375,10185635,0.0,0.0
2011-01-24,237.04388475935542,247.29619363220758,237.04388475935542,243.8021240234375,16310795,0.0,0.0
2011-01-25,244.2158959727913,247.15823926129914,237.9174007184758,238.55184936523438,13241745,0.0,0.0
2011-01-27,241.6413417314938,243.8481345265501,236.6761140636892,238.8737030029297,14377695,0.0,0.0
2011-01-28,239.0667549205335,239.87590842687277,228.66735332633286,230.51551818847656,13023670,0.0,0.0
2011-01-31,226.57094130740379,232.22578439596595,225.94568244801363,228.4375,9721405,0.0,0.0
2011-02-01,230.54311829434639,231.27871116851395,226.9295388192639,228.52024841308594,8100325,0.0,0.0
2011-02-02,230.79139688515426,231.15918632784417,223.6285943662994,225.28366088867188,8549595,0.0,0.0
2011-02-03,223.9871596636891,232.33609378170374,223.9871596636891,231.0396270751953,4917935,0.0,0.0
2011-02-04,229.01677051840554,233.2372150002121,222.9205635800628,224.83309936523438,9051770,0.0,0.0
2011-02-07,228.47424684860852,228.47424684860852,223.48143652856598,225.92727661132812,4912680,0.0,0.0
2011-02-08,225.29284524200176,226.92953197174793,217.3852466362769,218.96676635742188,6334730,0.0,0.0
2011-02-09,217.91854306011382,219.7667079313734,211.48213039589106,213.44064331054688,8796985,0.0,0.0
2011-02-10,212.60390499237775,219.7207434311875,211.48212909821808,214.34173583984375,9417625,0.0,0.0
2011-02-11,214.2589953858258,226.13877298993296,213.900395798258,224.66758728027344,7206395,0.0,0.0
2011-02-14,221.9826764324431,234.6348197158907,221.9826764324431,233.55902099609375,6552065,0.0,0.0
2011-02-15,234.91071016499947,236.91520061685227,229.92708858893766,234.43258666992188,6995755,0.0,0.0
2011-02-16,232.65794267268254,239.98625985267407,232.65794267268254,238.47828674316406,8241520,0.0,0.0
2011-02-17,248.05015006974565,248.05015006974565,237.6047848104455,242.28497314453125,7378890,0.0,0.0
2011-02-18,242.37693318745124,246.66174870380905,237.23700095097416,238.47828674316406,10497290,0.0,0.0
2011-02-21,237.22777257067762,241.4574206394704,235.02100820538223,240.3448486328125,5389735,0.0,0.0
2011-02-22,233.7888837885242,237.9633508132368,231.3430577319758,232.5659637451172,5128665,0.0,0.0
2011-02-23,231.70167958809887,235.20492501176182,230.11095597803504,230.7913818359375,4696050,0.0,0.0
2011-02-24,228.5845755651302,230.05574700185826,216.9990285957915,218.90237426757812,10047650,0.0,0.0
2011-02-25,221.7620059053204,228.76851074532823,219.52765783963775,226.6536865234375,8398290,0.0,0.0
2011-02-28,226.74563633990473,237.83465399196896,222.88377739040047,224.08831787109375,9199505,0.0,0.0
2011-03-01,227.11341596537173,238.88284492074092,226.82837708086504,237.00711059570312,7055055,0.0,0.0
2011-03-03,235.02101511768691,242.7447046536512,231.91314281842094,240.8689422607422,11345475,0.0,0.0
2011-03-04,243.55387320206904,246.60657868367176,241.4850261596239,244.2710723876953,8147410,0.0,0.0
2011-03-07,239.9862617392452,240.90574933211587,232.81425570880052,236.01406860351562,5579705,0.0,0.0
2011-03-08,236.49221540787934,242.37693027312662,235.95889690072016,241.18157958984375,4933980,0.0,0.0
2011-03-09,242.19303299282245,244.50095589359984,237.595594902372,239.24148559570312,6666290,0.0,0.0
2011-03-10,238.54263364383294,238.54263364383294,234.46931078318593,236.31748962402344,3470595,0.0,0.0
2011-03-11,234.65323647983706,238.51508165576138,231.39825649691636,232.75909423828125,6341595,0.0,0.0
2011-03-14,232.81421615942637,238.49665581380017,232.81421615942637,237.29212951660156,4843775,0.0,0.0
2011-03-15,230.4879403690061,239.02997345714422,229.08112555278086,235.93130493164062,7451930,0.0,0.0
2011-03-16,237.22783376228668,243.6642478566123,237.22783376228668,242.4873046875,7462555,0.0,0.0
2011-03-17,239.06675563588945,244.28026223042937,236.54736880586617,237.43006896972656,8448360,0.0,0.0
2011-03-18,238.69895147887013,239.06674085269123,231.91312949882808,233.40269470214844,7745895,0.0,0.0
2011-03-21,236.8600107550232,237.2278001819581,231.91316299022554,235.269287109375,2942770,0.0,0.0
2011-03-22,236.85999668690988,239.98624872097693,235.02102160092537,238.31277465820312,3878430,0.0,0.0
2011-03-23,238.1472763222535,242.2849703124085,237.47604030650305,241.89877319335938,4621175,0.0,0.0
2011-03-24,242.41372855985907,245.39285945643306,240.45521544802426,242.6436004638672,6041580,0.0,0.0
2011-03-25,246.93758671548247,251.92122183604144,244.0228267479541,251.0109100341797,9739995,0.0,0.0
2011-03-28,251.93961995061412,256.04052707534174,251.02933614257302,254.56016540527344,7284900,0.0,0.0
2011-03-29,253.3372084692215,263.29527469533053,253.3372084692215,261.52984619140625,12467980,0.0,0.0
2011-03-30,262.40342924453444,263.3688801970391,259.9483845056637,262.3206787109375,5872165,0.0,0.0
2011-03-31,262.7895106496542,265.4652225846329,254.89111656101684,258.16448974609375,13092835,0.0,0.0
2011-04-01,259.35069207967854,260.5828022003062,253.52114357139354,258.8817443847656,5346590,0.0,0.0
2011-04-04,259.4977905298325,265.16183748986,258.7438039663974,263.3596496582031,5457340,0.0,0.0
2011-04-05,266.2836382308186,266.2836382308186,259.1300251896573,262.0080261230469,5036870,0.0,0.0
2011-04-06,261.1344440283458,265.12501631982514,260.21495654937274,262.78033447265625,8471455,0.0,0.0
2011-04-07,262.9734621077003,268.12259844639175,260.5276216453085,265.8698425292969,6285310,0.0,0.0
2011-04-08,265.91577967795786,268.5730837961342,263.9388592275438,266.59619140625,7826220,0.0,0.0
2011-04-11,264.2975119987897,264.79404314848597,258.18292520947796,259.2679138183594,7885465,0.0,0.0
2011-04-13,256.53708019367195,265.8974586791124,256.41754229744384,264.4998474121094,5860385,0.0,0.0
2011-04-15,262.2469938322006,268.10412408800136,261.42866463662966,262.95501708984375,6912525,0.0,0.0
2011-04-18,262.9734529121199,266.6514033024992,254.58773051174063,255.5807647705078,7108325,0.0,0.0
2011-04-19,254.51412553767395,260.54596121609,254.18312351094036,259.1759338378906,4305525,0.0,0.0
2011-04-20,261.5022234039772,267.166269425035,260.21494659476633,266.2835693359375,3784850,0.0,0.0
2011-04-21,266.4675284504269,268.0858358073953,264.56421020733137,266.2008972167969,4924225,0.0,0.0
2011-04-25,257.08873554526974,259.01966509464285,252.12350817583484,253.28204345703125,20508745,0.0,0.0
2011-04-26,255.21298259311655,255.21298259311655,246.17443159864698,249.4293975830078,14093040,0.0,0.0
2011-04-27,252.1602590784534,252.30738045508602,245.1353887225789,247.1306610107422,9635485,0.0,0.0
2011-04-28,249.1627919025895,249.1627919025895,243.49874419296424,245.26414489746094,10635175,0.0,0.0
2011-04-29,246.05486979275844,246.93756996874436,233.60500072128752,236.6025390625,15491240,0.0,0.0
2011-05-02,238.68057270173577,238.6989804120029,231.7292629002383,234.73597717285156,9367700,0.0,0.0
2011-05-03,234.2302675165757,238.2392338638834,222.61713507312754,226.2675018310547,22116145,0.0,0.0
2011-05-04,226.10197896905723,229.68798876935017,223.43547073291091,227.2237548828125,14179185,0.0,0.0
2011-05-05,228.01450280028772,229.68797675897179,221.1643238371285,222.48838806152344,8260385,0.0,0.0
2011-05-06,222.88376737150534,232.61194693536254,222.88376737150534,231.3798370361328,11581670,0.0,0.0
2011-05-09,231.72925100232212,233.2831871712771,226.423804031168,227.619140625,5076885,0.0,0.0
2011-05-10,228.02372678644886,228.49266039471297,223.9871769286141,225.9548797607422,7412830,0.0,0.0
2011-05-11,225.27443956171464,228.90641241390134,225.0905448660848,225.87210083007812,8275310,0.0,0.0
2011-05-12,224.90667228467976,228.00534100303418,220.86091843168978,221.71604919433594,6511545,0.0,0.0
2011-05-13,222.60792576574593,231.6740729304877,222.26770585566163,228.897216796875,10011215,0.0,0.0
2011-05-16,228.32716306159168,228.32716306159168,224.02395388275576,225.16412353515625,3966445,0.0,0.0
2011-05-17,225.47673885995613,228.3087622067135,221.88153916060764,224.24462890625,5716775,0.0,0.0
2011-05-18,224.90665770256507,226.5617240489277,221.08158617219277,223.97796630859375,6481770,0.0,0.0
2011-05-19,226.19391168456585,226.19391168456585,221.9918473224026,223.37107849121094,3538375,0.0,0.0
2011-05-20,225.0905538546967,226.46978517239674,222.1481965163233,224.5204620361328,6269095,0.0,0.0
2011-05-23,223.43547247079476,223.99636043203498,217.55075782029604,218.47024536132812,7595615,0.0,0.0
2011-05-24,219.75750961431265,223.43545956601662,218.19438369089158,221.11834716796875,6296630,0.0,0.0
2011-05-25,221.39422249395872,221.39422249395872,216.07958530546279,217.30250549316406,6637750,0.0,0.0
2011-05-26,219.66555141452602,222.88375756602545,217.82657647081206,222.2217254638672,6305810,0.0,0.0
2011-05-27,223.4262597219151,225.82612251898462,221.8263465137804,224.46527099609375,8170820,0.0,0.0
2011-05-30,225.09054538971506,229.5040882464283,225.09054538971506,228.9983673095703,5998095,0.0,0.0
2011-05-31,230.22129720358674,237.04387910905535,230.05578214888774,235.8485565185547,10911405,0.0,0.0
2011-06-01,235.80257765232122,237.54959826838189,232.66710791897646,235.0669708251953,3961410,0.0,0.0
2011-06-02,230.80978653789978,236.30831858267143,230.80978653789978,234.23947143554688,4338985,0.0,0.0
2011-06-03,233.91761342992905,236.8599846420918,225.09054188423812,228.5386199951172,7067540,0.0,0.0
2011-06-06,228.40069339346934,228.40069339346934,222.17577301109122,227.1961669921875,9434745,0.0,0.0
2011-06-07,225.64224104956955,230.40519389423847,225.22847445465405,228.88803100585938,5219080,0.0,0.0
2011-06-08,228.9345234193302,229.88307406905363,226.37716718351172,228.53465270996094,6911705,2.8,0.0
2011-06-09,228.74856733945361,232.8868324189557,228.5811835382027,231.81739807128906,5245275,0.0,0.0
2011-06-10,230.99901471756962,231.74297575326963,227.83719805319026,229.72499084472656,4060225,0.0,0.0
2011-06-13,228.80432792306405,230.2550582676123,226.34926654057028,229.3809051513672,5555375,0.0,0.0
2011-06-14,229.69709180831094,235.12798320501,229.69709180831094,234.3561248779297,5273515,0.0,0.0
2011-06-15,234.29104549846406,234.34684009477297,227.09324458719746,227.72561645507812,6280325,0.0,0.0
2011-06-16,226.89797689980057,228.76716693592098,224.17322237016066,226.5074005126953,13606230,0.0,0.0
2011-06-17,231.50119134638254,231.50119134638254,225.69831237350445,227.3815155029297,6305405,0.0,0.0
2011-06-20,227.83722620744314,230.16209586262113,223.37347363152574,228.0976104736328,7130700,0.0,0.0
2011-06-21,228.95317560034786,234.34687638691133,228.0976252147367,230.97116088867188,6476290,0.0,0.0
2011-06-22,233.0449210992164,235.76036693448356,231.55699896405875,233.35179138183594,7148560,0.0,0.0
2011-06-23,231.99405523188102,232.8588997868765,229.2972125618162,231.4360809326172,4770705,0.0,0.0
2011-06-24,232.67292048998198,237.69464677357593,232.47763941193674,236.6251983642578,5449420,0.0,0.0
2011-06-27,235.6487972320951,244.09274023764476,232.4869799803145,242.97679138183594,8757805,0.0,0.0
2011-06-28,243.84159453812654,244.0369040014172,239.97300844564356,242.32577514648438,6884085,0.0,0.0
2011-06-29,244.01830171018545,244.7622769922646,239.29417928294245,240.5867919921875,6687300,0.0,0.0
2011-06-30,240.9866804546056,242.90237060405465,238.27122045979453,239.84283447265625,7557495,0.0,0.0
2011-07-01,244.39028603219666,244.57628695592882,240.48452205162883,243.4882354736328,4277470,0.0,0.0
2011-07-04,246.23158755500705,248.79825267091573,244.12061617821982,248.14727783203125,4394180,0.0,0.0
2011-07-05,249.13299451950257,249.13299451950257,245.51551255894378,246.9848175048828,3904440,0.0,0.0
2011-07-06,246.66864250700456,247.47769251471186,242.90236544362457,243.67420959472656,2691170,0.0,0.0
2011-07-07,244.19500750314012,248.2960810107994,243.57195832360452,247.68231201171875,2870420,0.0,0.0
2011-07-08,248.12867702337255,248.83541804805873,242.30719475570103,242.89306640625,4272440,0.0,0.0
2011-07-11,242.9023757550214,242.9023757550214,234.35613904643043,235.0814971923828,6432280,0.0,0.0
2011-07-12,233.3053165489002,236.62522292920815,231.5942017543293,235.5371856689453,7215995,0.0,0.0
2011-07-13,236.02073545061333,238.79197569803767,234.84899223555465,236.54150390625,4801380,0.0,0.0
2011-07-14,235.57437259242596,240.70767399387637,235.2767824990729,237.92713928222656,4072410,0.0,0.0
2011-07-15,238.25263496641506,239.3406579872147,234.82111116370027,235.816162109375,2789800,0.0,0.0
2011-07-18,235.32333334515997,236.11378059464295,232.8775656776097,234.81185913085938,3974445,0.0,0.0
2011-07-19,235.77893595638233,237.69464015690613,234.9047970291954,236.77398681640625,3553920,0.0,0.0
2011-07-20,237.91784669128248,238.3549233015568,234.3468504706339,234.8397216796875,4681000,0.0,0.0
2011-07-21,234.21665470263034,234.7002315343294,229.13913344448375,230.5526580810547,12203725,0.0,0.0
2011-07-22,231.97545083126408,244.0182707033176,230.81301620674395,241.2098388671875,21087915,0.0,0.0
2011-07-25,240.80068886622087,249.22601377803835,240.54961317352945,248.7145538330078,12150640,0.0,0.0
2011-07-26,248.29606646913675,249.22601428362788,242.82796877916797,245.4225311279297,10951515,0.0,0.0
2011-07-27,245.8781736695513,246.40825068578621,240.62397468097046,241.87940979003906,7148625,0.0,0.0
2011-07-28,238.99656773953018,243.26502443483318,238.99656773953018,242.0653839111328,6765025,0.0,0.0
2011-07-29,241.78642372773072,249.59797943375273,240.37291331341856,248.7610321044922,9254860,0.0,0.0
2011-08-01,250.8998694423372,254.34999572359536,250.4348956083968,251.6438446044922,6133050,0.0,0.0
2011-08-02,250.15592913276487,250.7045948654413,246.640727992409,249.7467498779297,4850430,0.0,0.0
2011-08-03,247.4963308122874,247.4963308122874,240.43800175952666,242.00033569335938,9169615,0.0,0.0
2011-08-04,242.45597796466072,244.16707841520505,238.25262436091612,239.1732635498047,7848375,0.0,0.0
2011-08-05,231.55699708313333,232.95191875230884,223.18746706808034,231.00833129882812,15628460,0.0,0.0
2011-08-08,224.15459047645402,235.4255664060476,223.28974591458754,229.78077697753906,8300890,0.0,0.0
2011-08-09,221.42055248047023,230.31085019938538,219.6350404139395,224.1545867919922,18090930,0.0,0.0
2011-08-10,230.99901394595346,233.17510245133548,227.89299188639836,232.5055389404297,9516980,0.0,0.0
2011-08-11,230.06908267109628,232.951926559965,224.34061494199244,225.20545959472656,9349310,0.0,0.0
2011-08-12,228.6741444407506,228.90663137661548,221.92272893158986,224.90786743164062,7980730,0.0,0.0
2011-08-16,228.19987931592996,228.90663450225418,224.42429369631017,225.50303649902344,7184500,0.0,0.0
2011-08-17,224.535871147362,228.14407279337433,217.07768655973246,217.57057189941406,10824105,0.0,0.0
2011-08-18,218.10995067581152,218.53773290717584,204.7745026350463,206.13223266601562,1961760,0.0,0.0
2011-08-19,204.24442553383568,204.58850165494948,193.61511554639057,198.93441772460938,15966050,0.0,0.0
2011-08-22,199.96668394843257,200.49676103115317,190.86250079064575,195.49363708496094,12491505,0.0,0.0
2011-08-23,196.77695792744072,205.12788510370032,195.4750225082588,201.52899169921875,12693050,0.0,0.0
2011-08-24,200.59903301787224,207.2667566035388,192.68516867767295,195.2332305908203,12395595,0.0,0.0
2011-08-25,196.2189754806949,197.83708967595288,186.9566896362595,189.56985473632812,19345960,0.0,0.0
2011-08-26,190.8159857354236,191.91331729598087,184.46444074560563,186.04534912109375,10980215,0.0,0.0
2011-08-29,189.5233452915465,195.65169726757114,188.87238473542206,193.3268280029297,11080275,0.0,0.0
2011-08-30,197.14890949265933,200.86870023780384,196.20966743786553,199.52027893066406,9426925,0.0,0.0
2011-09-02,205.33243864644322,206.3925783724246,194.93561680965283,200.94308471679688,11090720,0.0,0.0
2011-09-05,199.67837558295835,209.19173678583937,196.77694323718256,207.2760467529297,13737055,0.0,0.0
2011-09-06,206.26242059176977,213.7020028371726,201.8172713353317,212.11178588867188,15091680,0.0,0.0
2011-09-07,212.30709020480057,215.56190757573307,211.832807734943,212.66976928710938,10098150,0.0,0.0
2011-09-08,212.316386480674,215.9059856667224,209.49864569516126,213.99029541015625,12449725,0.0,0.0
2011-09-09,213.36721048182972,214.6133370405348,203.9003351655393,205.2022705078125,11559455,0.0,0.0
2011-09-12,202.72860120050416,203.10057460932532,193.89409793717942,195.57730102539062,7030250,0.0,0.0
2011-09-13,196.27479394117836,200.59906002349229,193.24316901234283,195.2611541748047,7750235,0.0,0.0
2011-09-14,196.2189786142197,203.58416321771233,194.0335956883002,202.48683166503906,10823220,0.0,0.0
2011-09-15,203.974710558465,208.86624419296572,198.38573038860414,207.50851440429688,9527160,0.0,0.0
2011-09-16,210.3541679504674,212.20476899104642,205.64863483539432,210.79124450683594,16317510,0.0,0.0
2011-09-19,209.2010409100676,209.2010409100676,204.40250737078807,205.45333862304688,6504100,0.0,0.0
2011-09-20,204.8303042479536,213.8693983048878,204.4025361918158,212.7534637451172,7609115,0.0,0.0
2011-09-21,212.60466904966134,215.93388399474267,210.2147104974758,215.11553955078125,12873220,0.0,0.0
2011-09-22,210.35419773568302,211.26554264210247,205.8904452834123,206.89479064941406,9979475,0.0,0.0
2011-09-23,204.6071006769804,207.55503323722178,198.15326125032135,202.14273071289062,13703975,0.0,0.0
2011-09-26,201.50107812201117,201.6870790298784,193.11295936467317,196.40496826171875,13580105,0.0,0.0
2011-09-27,199.75277197853376,203.65854954274823,198.07886325390584,202.35662841796875,9597470,0.0,0.0
2011-09-28,202.914614056806,203.84456188858778,198.16258006880605,199.51100158691406,10083715,0.0,0.0
2011-09-29,197.89287659469053,200.96170689223888,196.2375707971412,198.96231079101562,10926140,0.0,0.0
2011-09-30,197.55808024700076,197.70687527597622,187.96101372620757,189.50473022460938,14635020,0.0,0.0
2011-10-03,186.54753462809506,186.9195080726868,182.26976906590352,183.85067749023438,9969910,0.0,0.0
2011-10-04,183.0881290785554,185.31999814300823,176.87607033902844,178.50347900390625,16141740,0.0,0.0
2011-10-05,180.781833158855,181.33980747318452,175.79731275507396,177.06204223632812,10903735,0.0,0.0
2011-10-07,181.73968142408543,193.15014425539047,181.73968142408543,191.62503051757812,12722505,0.0,0.0
2011-10-10,191.56925742137454,196.2189966791749,189.12349003101056,195.07516479492188,7355710,0.0,0.0
2011-10-11,197.19541288486033,201.02679287318833,194.35906955811836,195.8004913330078,9235720,0.0,0.0
2011-10-12,196.40498807771704,204.56992927320755,193.0943759178899,203.35169982910156,12414410,0.0,0.0
2011-10-13,204.58852176169748,206.07644395955182,200.86873045693935,202.0869598388672,15379755,0.0,0.0
2011-10-14,200.04107089555984,206.4484106401756,200.04107089555984,205.21157836914062,10864180,0.0,0.0
2011-10-17,206.8017873076115,210.6889621313544,206.12291522643494,208.65237426757812,9049145,0.0,0.0
2011-10-18,204.58849197684913,205.52773403620577,200.35722714571642,204.1328125,10259885,0.0,0.0
2011-10-19,205.5184443430709,211.0981306148285,205.4626497507335,210.67965698242188,5811550,0.0,0.0
2011-10-20,207.56432430960567,211.2841151187021,204.6070974275144,210.27976989746094,7378920,0.0,0.0
2011-10-21,211.43291388077049,212.00947692557563,208.7360711726243,209.7404022216797,7096310,0.0,0.0
2011-10-24,215.39447233794115,221.16015917834812,214.46452467850457,217.33807373046875,14777600,0.0,0.0
2011-10-25,218.02627279301845,222.07155165726076,206.44842478174746,207.8898468017578,30541475,0.0,0.0
2011-10-28,215.93390014795895,219.9884735709317,213.0603645344664,213.98101806640625,20464180,0.0,0.0
2011-10-31,213.8879707277627,216.50112149105655,212.30706247775007,215.62696838378906,10248145,0.0,0.0
2011-11-01,213.88800778339947,215.05973697855237,210.18681927405265,211.2748565673828,5702165,0.0,0.0
2011-11-02,209.052283667451,212.0002167076791,207.7875539987523,209.4149627685547,8370240,0.0,0.0
2011-11-03,208.2896933965754,210.16819182766955,205.016287528183,207.53643798828125,8604835,0.0,0.0
2011-11-04,211.24695125897946,212.95805185081272,208.9871706662803,209.88922119140625,9257910,0.0,0.0
2011-11-08,211.84209556473755,214.61333582478446,210.0379946995816,212.0931854248047,7846160,0.0,0.0
2011-11-09,213.70198774942986,213.9065773819242,205.23945786680304,206.8761749267578,9010940,0.0,0.0
2011-11-11,205.1464886837658,206.941281111995,195.66100984918174,196.59095764160156,14576455,0.0,0.0
2011-11-14,199.56679549851984,201.05470340451976,194.60086366271062,195.19602966308594,6361660,0.0,0.0
2011-11-15,194.1730867809893,195.4750079130859,185.65476225991134,187.55184936523438,10666425,0.0,0.0
2011-11-16,187.57045364194497,189.9139258864509,181.8791780951639,187.1333770751953,13430830,0.0,0.0
2011-11-17,186.73352697261737,187.75646107098206,182.46506984144497,183.30201721191406,11050500,0.0,0.0
2011-11-18,181.91638473940958,182.4185644995191,174.83018701907793,179.3311309814453,17458585,0.0,0.0
2011-11-21,178.54998059217317,180.63306880743778,175.41606099441512,176.13211059570312,9976120,0.0,0.0
2011-11-22,176.96907214365547,178.34539093755444,173.0260882972224,176.13211059570312,16670885,0.0,0.0
2011-11-23,174.27219907417197,175.35094184745913,171.31497210139906,174.29080200195312,13105390,0.0,0.0
2011-11-24,174.83019593656329,179.42414058953221,174.02114584719232,178.03851318359375,15189375,0.0,0.0
2011-11-25,177.6106980459056,181.8698597761997,175.84378908388763,179.8983612060547,9059265,0.0,0.0
2011-11-28,182.49292772979456,185.43155145162385,181.26539004900374,184.3900146484375,7765115,0.0,0.0
2011-11-29,184.6876241336744,186.30572409604306,179.52641141432773,181.4886016845703,9850415,0.0,0.0
2011-11-30,178.73596491286787,181.30262993087393,174.08622589749734,176.2530059814453,13014390,0.0,0.0
2011-12-01,183.21831734830346,185.7477764693853,179.12653856308182,180.89344787597656,13175810,0.0,0.0
2011-12-02,182.01868525674888,188.22143559587602,179.58222647669857,187.09620666503906,13119630,0.0,0.0
2011-12-05,186.91950650311384,192.69448854459185,184.61323994828086,191.9691162109375,12542560,0.0,0.0
2011-12-07,192.12719925802637,195.7446952201229,191.4669301517353,193.34542846679688,9369965,0.0,0.0
2011-12-08,192.49916315408336,193.79178981732977,185.05958196938448,186.62188720703125,11616210,0.0,0.0
2011-12-09,182.52085707698075,188.3888253730908,181.93498542736285,184.48304748535156,10877715,0.0,0.0
2011-12-12,186.9195051711869,187.47747951929054,179.89839654195544,180.48426818847656,7581910,0.0,0.0
2011-12-13,178.92193314566703,181.1538161563279,174.89527206156444,178.53135681152344,12728320,0.0,0.0
2011-12-14,178.3639941801659,182.45575889996897,176.79238009868902,178.3918914794922,12109370,0.0,0.0
2011-12-15,176.31811541897136,177.08995963592264,173.71425863964316,176.522705078125,11343050,0.0,0.0
2011-12-16,177.62001412035076,179.29392285055962,166.4606415054596,168.1438446044922,20547090,0.0,0.0
2011-12-19,167.00931677542516,167.00931677542516,153.99935654166083,157.9144287109375,18571490,0.0,0.0
2011-12-20,159.52325158702308,159.52325158702308,150.43767110183123,152.56724548339844,19478995,0.0,0.0
2011-12-21,157.19835746700687,159.76502227404305,154.80839918828795,158.890869140625,11989230,0.0,0.0
2011-12-22,156.64969079857775,163.35462011199292,156.3056146824932,162.48976135253906,15454380,0.0,0.0
2011-12-23,164.6007410817067,166.64662316113132,161.0018480632228,163.6614990234375,14661785,0.0,0.0
2011-12-26,163.67081401267845,165.71669634986142,161.2529440388129,162.18289184570312,8533050,0.0,0.0
2011-12-27,162.25729740826677,162.33169493928753,156.19404762379295,157.2076873779297,8711185,0.0,0.0
2011-12-28,156.4172250051902,156.4172250051902,152.53004981642422,154.85491943359375,9735825,0.0,0.0
2011-12-29,153.33906727671726,155.84062872291872,150.27954575503824,151.6837615966797,13925110,0.0,0.0
2011-12-30,151.76746053602062,153.8970486975866,149.40539964126964,150.2981414794922,10162725,0.0,0.0
2012-01-02,150.65157483924085,151.58152283207568,145.81584811447584,147.8245391845703,9727265,0.0,0.0
2012-01-03,149.7401767014605,156.58459207019982,149.47048393280267,155.77552795410156,10710050,0.0,0.0
2012-01-04,157.12397651144113,159.2070503690779,154.72470963766182,157.74703979492188,16936750,0.0,0.0
2012-01-05,157.9051329561059,163.44761367587654,157.17046627718761,161.9318084716797,16901170,0.0,0.0
2012-01-06,160.47178409941787,161.06695010157634,155.543058105671,158.74208068847656,12345325,0.0,0.0
2012-01-09,158.27711433901695,160.5833809334126,155.31988711594641,159.61624145507812,8763275,0.0,0.0
2012-01-10,161.62492861392047,166.83262771993256,161.08555719335587,166.41415405273438,9827090,0.0,0.0
2012-01-11,167.01863627130703,176.21581976043836,166.10727717940878,173.64915466308594,15532065,0.0,0.0
2012-01-12,173.15626281323432,180.12157635192034,172.4030074296001,174.9231719970703,17759615,0.0,0.0
2012-01-13,176.47617423393663,177.79669822947216,172.7005889443297,174.7743682861328,12004280,0.0,0.0
2012-01-16,173.71425986548195,174.64420770824162,170.57103161619332,173.94674682617188,9907110,0.0,0.0
2012-01-17,175.38816939066916,182.25117484343238,175.38816939066916,178.9684600830078,13262725,0.0,0.0
2012-01-18,179.29392458315237,180.21456375125675,172.98888013000067,173.57473754882812,9206400,0.0,0.0
2012-01-19,175.76012833008642,178.77316420981498,175.4346409350059,177.6293182373047,8891125,0.0,0.0
2012-01-20,178.94056543482878,189.7093633513839,177.70373307882113,187.6727752685547,24622520,0.0,0.0
2012-01-23,189.15137247072963,193.0199586348556,184.27845519291657,185.4222869873047,17972105,0.0,0.0
2012-01-24,185.43158786337204,194.5450792504216,183.02302643811592,192.05282592773438,35059620,0.0,0.0
2012-01-25,193.20594765718053,200.10615855316445,189.81164390112232,197.82778930664062,22249770,0.0,0.0
2012-01-27,199.7527726590611,200.7571178972595,196.4700583497985,199.57608032226562,13897305,0.0,0.0
2012-01-30,198.97161711960516,198.97161711960516,189.20716622131283,190.3509979248047,10052175,0.0,0.0
2012-01-31,192.49918277015053,202.35663452032136,191.74592736882147,199.94805908203125,11015795,0.0,0.0
2012-02-01,199.84578488387714,203.1564111095309,195.9028151288533,202.375244140625,11137960,0.0,0.0
2012-02-02,203.4725604743335,206.20660899448922,197.80918236251148,200.10614013671875,14033335,0.0,0.0
2012-02-03,200.2549434527305,206.32750107571212,197.37211396507405,204.4676055908203,10598495,0.0,0.0
2012-02-06,207.19238464627657,208.01072910843098,204.2072457922964,206.4577178955078,14412175,0.0,0.0
2012-02-07,209.21962710834123,209.21962710834123,204.4025048902247,207.11795043945312,8583245,0.0,0.0
2012-02-08,207.9363147709304,212.24196304269913,205.08136847445186,209.6474151611328,14835090,0.0,0.0
2012-02-09,207.3225869936491,212.3629029063661,205.75097277304727,211.0051727294922,11535310,0.0,0.0
2012-02-10,209.4242311979065,212.75344585738998,204.9418904058921,207.94561767578125,8307250,0.0,0.0
2012-02-13,208.3082981991185,209.74972006481093,206.1694155135629,207.6294403076172,7383195,0.0,0.0
2012-02-14,207.93632260816196,210.72616585859413,206.68088746951685,210.10308837890625,6966125,0.0,0.0
2012-02-15,212.40005433445577,228.76713994115556,212.0466838487031,227.09323120117188,17640965,0.0,0.0
2012-02-16,224.14531425954206,229.69710369040723,222.25752138464506,227.70701599121094,12640000,0.0,0.0
2012-02-17,232.11499367586038,240.8564979646492,230.62707141016602,237.73187255859375,14647050,0.0,0.0
2012-02-21,236.02077057694086,243.35805865182184,235.86268114294288,239.48016357421875,10165915,0.0,0.0
2012-02-22,239.23837666154247,240.55888662584826,223.931429850605,226.172607421875,15713830,0.0,0.0
2012-02-23,225.04736358580175,231.55699806968858,222.4435069542716,226.47947692871094,15500985,0.0,0.0
2012-02-24,226.49808125306737,231.84528104063438,218.75161446672848,220.10934448242188,15228050,0.0,0.0
2012-02-27,220.397607772303,220.92768477935155,205.51844437839225,207.28533935546875,15257535,0.0,0.0
2012-02-28,210.07517577432628,220.95557501010558,208.33617814903062,217.71005249023438,15690705,0.0,0.0
2012-02-29,221.32757889240818,224.9636782369255,215.7943922580735,219.04920959472656,12705420,0.0,0.0
2012-03-01,218.53775134103367,218.53775134103367,210.61459144690767,214.42738342285156,7889280,0.0,0.0
2012-03-02,216.66854709978057,224.84278217176137,212.85575537221857,216.98472595214844,15092035,0.0,0.0
2012-03-05,216.677843972911,217.4218050734545,212.5395789753524,213.88800048828125,6837555,0.0,0.0
2012-03-06,213.68340365714667,223.18747127757354,205.6579496283632,213.4230194091797,19573025,0.0,0.0
2012-03-07,212.02807638131765,217.59846823319967,210.30766745402767,216.64991760253906,11241830,0.0,0.0
2012-03-09,221.14156759703747,226.72125383990698,220.39760659334632,225.67970275878906,11864430,0.0,0.0
2012-03-12,232.4869428362165,233.909761791184,225.63323230216545,227.8372039794922,9704070,0.0,0.0
2012-03-13,230.62704301241908,232.20795135638372,229.94818512510443,230.73863220214844,9112190,0.0,0.0
2012-03-14,235.27678824434278,238.75478385860742,234.0213530659024,236.95999145507812,13528020,0.0,0.0
2012-03-15,237.13667326091834,237.3226599705987,229.4367071231657,231.0734100341797,9495920,0.0,0.0
2012-03-16,229.60409853924259,237.97362846203214,223.82913083884884,226.20050048828125,14114215,0.0,0.0
2012-03-19,228.38587221089153,230.2550763328831,221.05789334313948,222.99217224121094,9065365,0.0,0.0
2012-03-20,223.18748104066393,227.13975935075902,219.48629261990538,220.6487274169922,10887380,0.0,0.0
2012-03-21,220.3976101414476,231.17570083519956,220.0535340250251,228.53465270996094,11350050,0.0,0.0
2012-03-22,229.74361365948525,231.24083022960062,217.44040787281062,218.8167266845703,10643525,0.0,0.0
2012-03-23,221.10437192004713,223.65243386326904,214.29716176914,219.34677124023438,13980440,0.0,0.0
2012-03-26,218.51913712849128,218.51913712849128,208.3083139278712,209.2661590576172,11354425,0.0,0.0
2012-03-27,214.63195260307495,215.93387383211171,207.75963900791405,212.3070831298828,14738350,0.0,0.0
2012-03-28,210.1681831536181,211.62820787427708,206.1229049258171,207.48992919921875,9845400,0.0,0.0
2012-03-29,204.24445601242746,211.5817441672812,203.6957759827149,208.68960571289062,13693150,0.0,0.0
2012-03-30,210.63315160216283,214.25994191406437,210.16817775756644,213.18121337890625,12982690,0.0,0.0
2012-04-02,209.42422326376303,216.02685773777003,209.42422326376303,214.78073120117188,8658330,0.0,0.0
2012-04-03,215.93388683078098,220.39763932599186,215.56191336862923,218.68653869628906,9639870,0.0,0.0
2012-04-04,215.93388037765092,218.3145445199837,214.883048993031,216.98472595214844,7480375,0.0,0.0
2012-04-09,215.29220658981384,215.37591267476765,212.25128754967676,213.13473510742188,5116705,0.0,0.0
2012-04-10,214.72494171261098,215.65488951420718,211.99090709541514,214.5482635498047,5640610,0.0,0.0
2012-04-11,211.65609492365186,217.5333568069794,210.92142831956383,215.2642822265625,8573780,0.0,0.0
2012-04-12,216.38023528009762,223.67103641164167,216.38023528009762,222.5364990234375,9649565,0.0,0.0
2012-04-13,224.30341251017538,226.3400005169258,215.0225371915727,216.14776611328125,11418680,0.0,0.0
2012-04-16,215.71069083072152,223.18746465305298,215.3944978048233,222.60159301757812,6362420,0.0,0.0
2012-04-17,224.86140730771226,227.83723777950965,216.0175936087075,225.35427856445312,15690000,0.0,0.0
2012-04-18,226.9072400678999,228.11617492263025,221.1601700609271,222.49928283691406,7589085,0.0,0.0
2012-04-19,222.68532018973244,224.93579230198827,220.17444962270125,222.35983276367188,5992735,0.0,0.0
2012-04-20,221.31828513238835,224.08952564206484,216.3337642869294,218.93760681152344,6775160,0.0,0.0
2012-04-23,219.0956851096999,221.0299638502076,209.6102071609221,210.99583435058594,7525865,0.0,0.0
2012-04-24,212.38149602130466,212.4093933218111,202.54264599614362,207.1737823486328,12742675,0.0,0.0
2012-04-25,207.1923495951636,209.2382316892612,201.10118934578995,203.61204528808594,14089155,0.0,0.0
2012-04-26,203.844558175731,204.3932239809181,200.1526642156119,202.10556030273438,10928690,0.0,0.0
2012-04-27,202.67280746118794,207.5550329693633,202.54261534856496,205.33245849609375,12637520,0.0,0.0
2012-04-30,208.3734014089133,210.11239917947438,204.26301982233434,205.88113403320312,8864860,0.0,0.0
2012-05-02,205.92764461901547,209.73112774345717,203.65856969992362,205.19297790527344,9652495,0.0,0.0
2012-05-03,203.4725749236051,203.4725749236051,196.032992763253,196.83274841308594,11584715,0.0,0.0
2012-05-04,195.10302776544958,195.32620612903213,185.74775629526536,187.8029327392578,18512390,0.0,0.0
2012-05-07,184.1296542721365,191.5134416683792,180.1773763395275,190.18360900878906,15244255,0.0,0.0
2012-05-08,190.73227069494578,191.550614986429,180.78181938349783,182.91140747070312,12006490,0.0,0.0
2012-05-09,180.46566109403872,182.6231467210378,177.6200232021232,178.76385498046875,12258880,0.0,0.0
2012-05-10,179.0614542306656,185.00382018812522,179.0614542306656,182.50225830078125,12281805,0.0,0.0
2012-05-11,180.99572707884835,187.66345044721407,179.86118973908307,186.0267333984375,12398320,0.0,0.0
2012-05-14,186.73351260113793,188.5190105932993,181.33981276801148,185.55247497558594,9917940,0.0,0.0
2012-05-15,183.7576727029452,187.18916782459118,182.8277249953187,184.79920959472656,8632690,0.0,0.0
2012-05-16,180.42847624855523,182.63244799525285,178.56858064732452,180.67025756835938,9992800,0.0,0.0
2012-05-17,182.1581859747134,183.73909445202128,175.64855114707572,176.93186950683594,10432440,0.0,0.0
2012-05-18,173.70492674009262,177.69441036766844,171.48235227780972,176.57847595214844,15232940,0.0,0.0
2012-05-21,176.87604991553738,180.1866614611536,176.71796050913164,179.1544189453125,11548055,0.0,0.0
2012-05-22,182.08376065473644,182.82772164518045,178.29886674291063,179.5821990966797,9519610,0.0,0.0
2012-05-23,178.54995370653396,180.33545154081423,176.96904549606577,179.19161987304688,6635220,0.0,0.0
2012-05-24,180.50286134658336,185.95235565055094,179.06143951690547,185.5803680419922,10528230,0.0,0.0
2012-05-25,185.61757863317916,188.2214210101367,184.57602749251944,186.06394958496094,9048690,0.0,0.0
2012-05-28,186.73349058736443,191.94118890310367,186.73349058736443,191.45762634277344,8687640,0.0,0.0
2012-05-29,192.12721694677174,193.05716472639816,189.59775785099768,190.45330810546875,6617815,0.0,0.0
2012-05-30,189.11416600195594,189.11416600195594,185.3013747325709,186.13833618164062,4990380,0.0,0.0
2012-05-31,183.31128782734652,184.27844139087892,179.30321547259203,180.5865478515625,12291025,0.0,0.0
2012-06-01,180.37267295714383,183.19970789120865,177.99199478281756,179.39622497558594,7956805,0.0,0.0
2012-06-04,177.71302974699879,185.13400919658022,175.59274990426124,183.7576904296875,7844875,0.0,0.0
2012-06-05,185.13402376030518,188.202854570904,183.0230381211227,184.0645751953125,9648500,0.0,0.0
2012-06-06,185.80357864500073,191.19727887877582,185.61759191760387,189.7744598388672,9709670,0.0,0.0
2012-06-07,191.7738027165121,197.52087229841152,189.43963925746758,196.60952758789062,13992220,0.0,0.0
2012-06-08,196.73974991607295,196.73974991607295,189.95112828928535,195.1774444580078,9826365,0.0,0.0
2012-06-11,197.16754290121688,199.38080908762853,191.7645482789835,192.84327697753906,9668225,0.0,0.0
2012-06-12,191.21583028602583,197.4092850093003,191.03913796303866,196.70252990722656,9496080,0.0,0.0
2012-06-13,197.14892222245916,197.70689654620918,193.42913123712975,194.29397583007812,12025830,0.0,0.0
2012-06-14,194.91730565499284,195.96560416211506,189.96857870424247,191.34742736816406,8652655,3.2,0.0
2012-06-15,192.8490186852288,196.12613102729586,190.77131418513252,195.03060913085938,8676880,0.0,0.0
2012-06-18,198.30771293345225,198.47771466000162,186.99365634701704,188.9108123779297,11568040,0.0,0.0
2012-06-19,187.9380844022586,189.8080170864714,185.6431689821689,189.17526245117188,9605275,0.0,0.0
2012-06-20,189.37361237160908,191.71575150777272,187.80588404852065,189.024169921875,7306450,0.0,0.0
2012-06-21,187.19201160925405,194.34120687990196,187.0409021477709,193.68955993652344,8771305,0.0,0.0
2012-06-22,190.01579835135686,193.0379155683793,188.4197388683035,191.58352661132812,10058440,0.0,0.0
2012-06-25,192.66016908269177,195.3517507385252,190.1385891872041,191.20578002929688,10837585,0.0,0.0
2012-06-26,190.29912076507742,192.09349876984163,188.25918628493469,189.4019317626953,7324135,0.0,0.0
2012-06-27,190.6202256268026,191.88573498521637,188.52362861302845,189.06195068359375,7444060,0.0,0.0
2012-06-28,185.29373756846968,187.18256264951543,182.83827360946523,184.84042358398438,28294940,0.0,0.0
2012-06-29,187.88142284905018,192.30126638005592,186.44591183094457,191.85739135742188,16596540,0.0,0.0
2012-07-02,192.8962585613881,196.20170240454527,191.8573990178735,194.41676330566406,10256415,0.0,0.0
2012-07-03,195.10617712131108,198.32662724124657,195.10617712131108,197.20277404785156,8699560,0.0,0.0
2012-07-04,198.6099265163764,198.66658895351642,195.53113293293504,196.70220947265625,8217360,0.0,0.0
2012-07-05,196.43781119105006,198.2321892790392,194.83231273170313,197.19334411621094,16200755,0.0,0.0
2012-07-06,197.89220197600457,197.89220197600457,194.1712285852082,195.96560668945312,7393060,0.0,0.0
2012-07-09,194.32232077106485,196.91001634149518,193.60457242209358,195.65394592285156,10751920,0.0,0.0
2012-07-10,195.87114358742474,203.804217106267,195.7389264159736,203.1053466796875,15596340,0.0,0.0
2012-07-11,201.74540665425178,204.2575475248649,200.70656148358518,201.48097229003906,9514675,0.0,0.0
2012-07-12,200.19654818932577,200.19654818932577,197.00444389041374,197.91107177734375,10646670,0.0,0.0
2012-07-13,198.89327495274955,200.59320589597354,194.6622966475679,195.4367218017578,10086840,0.0,0.0
2012-07-16,194.78511537755077,199.83772898309692,194.78511537755077,197.62779235839844,9258130,0.0,0.0
2012-07-17,200.13989615845685,200.40433050678246,191.21520087598924,193.37789916992188,21296165,0.0,0.0
2012-07-18,194.56787141980823,196.74002309808776,193.14179929172386,196.1072540283203,11002950,0.0,0.0
2012-07-19,198.47773328335703,201.45262687650626,197.419981490418,199.6582489013672,9572900,0.0,0.0
2012-07-20,199.6299379157633,199.9699270246384,196.06005947787114,196.58892822265625,8901345,0.0,0.0
2012-07-23,194.54896418650515,195.87113584877926,193.3212251226276,194.08619689941406,5149235,0.0,0.0
2012-07-24,195.0306347120255,197.38222719997233,194.56788177534045,196.69281005859375,7008590,0.0,0.0
2012-07-25,196.41889566798008,196.53223496023054,191.92349763151128,194.3034210205078,5959570,0.0,0.0
2012-07-26,195.48393912648325,195.48393912648325,188.31583764545,189.29803466796875,11539130,0.0,0.0
2012-07-27,193.94453513092938,195.98446941649536,187.31475590813486,188.3441619873047,12318195,0.0,0.0
2012-07-30,190.20467726921083,197.75997748901014,190.20467726921083,196.50392150878906,10874280,0.0,0.0
2012-07-31,197.42946688162826,199.61105779209626,193.0379394235156,197.22169494628906,11655040,0.0,0.0
2012-08-01,196.4850372701925,198.32663889207186,195.6822808247258,197.57110595703125,7583340,0.0,0.0
2012-08-02,197.40111025322136,200.42322745481954,196.81556468779905,199.93212890625,7235835,0.0,0.0
2012-08-03,198.35495314040378,198.5249548812699,194.9267312072773,196.64556884765625,6171495,0.0,0.0
2012-08-06,199.2710559739034,202.6803859913972,199.19550123762798,200.89544677734375,8000505,0.0,0.0
2012-08-07,201.72649065606967,206.82631175707695,201.34871705673513,206.12744140625,12126120,0.0,0.0
2012-08-08,207.770776726221,209.60293951759255,206.00472973543788,207.1474609375,11818400,0.0,0.0
2012-08-09,208.1485108125738,209.62180642863117,204.01199383043996,205.35305786132812,8039130,0.0,0.0
2012-08-10,205.50415387317304,206.05190041015865,196.5983370199819,202.10426330566406,10717570,0.0,0.0
2012-08-13,201.9153878173161,204.93750482197362,198.77993151770286,204.1536407470703,7664460,0.0,0.0
2012-08-14,203.61534123295496,209.65957548263222,203.14313498186797,209.13070678710938,8331825,0.0,0.0
2012-08-16,210.6040031464105,211.9261749804022,209.22515445331155,210.40567016601562,10236065,0.0,0.0
2012-08-17,210.60399957035693,211.85063105888892,208.22407589899072,209.69735717773438,8020800,0.0,0.0
2012-08-21,210.41514014493478,211.11399627931164,207.2796832470935,209.7918243408203,6542515,0.0,0.0
2012-08-22,208.9890193595198,211.5200521541088,207.78962595440788,209.28179931640625,5329760,0.0,0.0
2012-08-23,210.41510959258446,211.26507508525737,205.69304705419876,206.76022338867188,8007630,0.0,0.0
2012-08-24,205.52302929761518,205.53248264473388,201.26373440763325,203.1336669921875,7820030,0.0,0.0
2012-08-27,203.99310997634896,203.99310997634896,195.49339706066775,196.267822265625,11436240,0.0,0.0
2012-08-28,196.81558671591338,196.81558671591338,190.223590580479,192.1407470703125,15059105,0.0,0.0
2012-08-29,192.47127181645564,194.36009683053157,190.2046731532098,192.3673858642578,8429060,0.0,0.0
2012-08-30,192.6601709074782,194.01067401195104,189.6474923998478,191.3852081298828,13225880,0.0,0.0
2012-08-31,191.31905467356077,191.7062671937427,186.71977116253484,187.33363342285156,13678850,0.0,0.0
2012-09-03,188.5331021236501,190.4502586522628,184.0565809702596,184.6515655517578,13863565,0.0,0.0
2012-09-04,185.29371354772786,186.03035408099322,182.6210246752539,184.7837371826172,14720245,0.0,0.0
2012-09-05,182.64936993765355,182.93269656698251,175.14129351868579,175.70794677734375,26524400,0.0,0.0
2012-09-06,176.03849173966384,180.66612183327808,175.31130445929202,179.19284057617188,17139790,0.0,0.0
2012-09-07,182.95158238737133,185.06707147960952,181.38385424965705,184.50985717773438,14688120,0.0,0.0
2012-09-10,185.10485003569912,185.86038291796305,179.46670625676444,179.99557495117188,8453870,0.0,0.0
2012-09-11,178.49398039713685,181.47832765491162,177.73844743926327,179.97671508789062,12816035,0.0,0.0
2012-09-12,181.3272034286308,182.55494258396376,177.93676594806448,180.57167053222656,10010140,0.0,0.0
2012-09-13,181.11944191141296,181.30832154370088,178.40898244107117,179.070068359375,8826270,0.0,0.0
2012-09-14,184.1604311593877,191.3379716765027,183.40489830328238,190.75242614746094,23582675,0.0,0.0
2012-09-17,194.82287474020097,200.404356831677,193.0379354492398,199.74327087402344,29419030,0.0,0.0
2012-09-18,199.21438157688345,205.02251287777347,197.77887049492716,202.74647521972656,12796780,0.0,0.0
2012-09-20,198.27938893958614,199.9887731506685,196.1827921694768,197.2688751220703,8981695,0.0,0.0
2012-09-21,198.12832056253941,213.38059328004593,198.12832056253941,212.42672729492188,27714890,0.0,0.0
2012-09-24,211.59560537627965,221.84247147690922,211.59560537627965,213.937744140625,21446715,0.0,0.0
2012-09-25,216.08159696343358,219.25482374664583,205.51361809405915,208.1390838623047,28696185,0.0,0.0
2012-09-26,207.28912734093305,214.5705404373438,204.9847582848003,212.83282470703125,18623900,0.0,0.0
2012-09-27,214.19276840725735,215.9588152576493,211.56730268109285,213.2105712890625,11615645,0.0,0.0
2012-09-28,215.70381828849102,217.3848714561947,213.56001219914467,214.57052612304688,8744000,0.0,0.0
2012-10-01,214.57050236571382,215.00493842650553,211.76559628070964,213.56942749023438,6400770,0.0,0.0
2012-10-03,213.5694467316896,214.54219047460313,209.3857061844817,210.30177307128906,12445650,0.0,0.0
2012-10-04,212.1150364068747,217.56428572318237,212.1150364068747,215.47714233398438,12199740,0.0,0.0
2012-10-05,218.30093332650046,219.46257102240077,190.4879893939,215.88323974609375,13287830,0.0,0.0
2012-10-08,216.83710334142188,216.83710334142188,211.73726748724192,213.6166534423828,11953470,0.0,0.0
2012-10-09,216.45934585803093,217.59263799549458,211.94505518287687,213.135009765625,8426490,0.0,0.0
2012-10-10,211.5295013275656,212.30392647126436,208.16739523478432,209.05514526367188,8194840,0.0,0.0
2012-10-11,209.65957274987883,215.32604768906475,204.72029946285392,214.13609313964844,12209350,0.0,0.0
2012-10-12,214.3816141064962,216.0154435182458,210.6417346739349,211.49171447753906,9692445,0.0,0.0
2012-10-15,212.49281782961697,212.6816974522361,209.39514590477032,211.37841796875,9170700,0.0,0.0
2012-10-16,214.0983060341336,220.9358575675734,214.0983060341336,216.44044494628906,22505645,0.0,0.0
2012-10-17,218.1592857228335,219.00925120167307,212.53058092802587,217.96095275878906,13223790,0.0,0.0
2012-10-18,218.5842846675296,228.35896045180903,216.84656901139746,227.10289001464844,20695375,0.0,0.0
2012-10-19,226.65900162906377,228.69893610226723,224.01464372793978,227.083984375,13450145,0.0,0.0
2012-10-22,225.5256921367385,231.94769957049564,224.68516564684464,231.1449432373047,11375225,0.0,0.0
2012-10-23,230.24778615675012,232.1177189998966,229.2089265713398,230.8616485595703,6904275,0.0,0.0
2012-10-25,230.41774078984278,234.78093601854897,230.0588738654051,233.84596252441406,9288430,0.0,0.0
2012-10-29,232.70323072257165,234.1576340205451,229.06725129881983,230.76719665527344,5747140,0.0,0.0
2012-10-30,231.00330734008935,234.00653222599493,221.32307904429013,223.76910400390625,13696330,0.0,0.0
2012-10-31,223.7218798009172,224.18464712045744,220.15200165186764,223.37245178222656,8902660,0.0,0.0
2012-11-01,223.44800646653397,228.50060476758952,222.31469992181934,228.00950622558594,6772515,0.0,0.0
2012-11-02,231.89103958245641,231.9477164375175,229.02003191478278,229.58668518066406,7623680,0.0,0.0
2012-11-05,229.37891716021454,230.20055144011926,226.7534515109961,229.3505859375,4700380,0.0,0.0
2012-11-06,228.9255992505355,231.27719171758454,227.6695432244735,230.46499633789062,5593160,0.0,0.0
2012-11-07,229.49225716010042,234.91319056231276,229.49225716010042,232.71270751953125,9230880,0.0,0.0
2012-11-08,229.68110492718662,232.30657038498853,228.8216861392598,230.90884399414062,6287305,0.0,0.0
2012-11-09,230.90886543665837,232.88268418164444,228.13229027049834,229.51113891601562,4906055,0.0,0.0
2012-11-12,230.24774199781226,233.25096646049928,229.51110149147055,231.6549072265625,4857270,0.0,0.0
2012-11-15,229.30335790260042,234.21430002092086,228.73670463831334,232.75045776367188,9869410,0.0,0.0
2012-11-16,234.06318180760886,234.90370832482176,230.79552274946954,231.61715698242188,9909415,0.0,0.0
2012-11-19,231.66441545423982,232.32550139723534,227.18789450779676,229.36004638671875,6435810,0.0,0.0
2012-11-20,231.30550247955503,232.82600714619673,229.24669019373462,230.23831176757812,12283860,0.0,0.0
2012-11-21,230.4366541197835,234.36541364856436,230.14388854524395,233.52488708496094,5702200,0.0,0.0
2012-11-22,234.7809565613946,239.69189874824343,234.67707060851203,237.43475341796875,8264615,0.0,0.0
2012-11-23,238.53972092263564,238.53972092263564,235.1587223024301,237.3780975341797,4880425,0.0,0.0
2012-11-26,238.36970068188478,240.1924242349839,235.55535556784287,239.08746337890625,6760640,0.0,0.0
2012-11-27,240.25851805605691,244.41392701198316,239.58799329614305,243.66786193847656,8189415,0.0,0.0
2012-11-29,243.86619899628272,248.1915956020933,243.65842709165184,247.47386169433594,13236165,0.0,0.0
2012-11-30,248.1915712017565,250.1937497318978,245.57555918711202,249.30599975585938,8969560,0.0,0.0
2012-12-03,248.19158034326708,250.2504213884618,246.39720245241836,249.62710571289062,6817330,0.0,0.0
2012-12-04,249.6271258591136,250.9115130606644,247.29442576639485,249.72157287597656,4634285,0.0,0.0
2012-12-05,250.307153591472,253.1026071527788,250.307153591472,252.10153198242188,6240190,0.0,0.0
2012-12-06,253.57476353407907,260.468963453646,251.4026262501561,257.6546325683594,7402840,0.0,0.0
2012-12-07,258.3912904721686,258.76904974405426,249.551573639881,250.97764587402344,10243690,0.0,0.0
2012-12-10,250.28821911350917,252.3092759297428,248.4277251220322,249.86325073242188,8133650,0.0,0.0
2012-12-11,250.85487002396337,253.08369874541023,247.45497890212044,250.34487915039062,8021425,0.0,0.0
2012-12-12,251.20427014094395,251.28926380689074,247.82328609260458,250.5242919921875,6807245,0.0,0.0
2012-12-13,250.83595615414785,254.3302649775637,248.39935585763743,250.33541870117188,8675145,0.0,0.0
2012-12-14,250.8359581187338,256.2946610495047,250.16543333410246,255.50135803222656,5829215,0.0,0.0
2012-12-17,255.18025442508792,258.00403841571085,254.0564013087089,256.70074462890625,8335590,0.0,0.0
2012-12-18,256.5213681555351,257.503565415062,249.362732705007,255.73751831054688,8858360,0.0,0.0
2012-12-19,256.8801608431072,257.33348914963085,250.88313661801234,252.13922119140625,8422430,0.0,0.0
2012-12-20,252.72481124823597,253.09311716607334,246.8883484422593,249.06048583984375,7300910,0.0,0.0
2012-12-21,247.43610675851465,253.40480144168254,246.86945342154803,249.56103515625,8412495,0.0,0.0
2012-12-24,249.71208342702948,254.04693283734835,249.71208342702948,253.60305786132812,4552520,0.0,0.0
2012-12-26,254.03749495153548,256.7668607581315,253.4236326250868,255.3596954345703,5017515,0.0,0.0
2012-12-27,255.74686506669434,259.68507743561224,255.54854653365186,257.6923522949219,9467615,0.0,0.0
2012-12-28,257.63573925657573,257.81517995174687,254.63251418137096,256.79522705078125,6092510,0.0,0.0
2012-12-31,255.55805179335235,258.6746018018188,255.51081387129383,256.22857666015625,3290620,0.0,0.0
2013-01-01,258.7123695252885,259.0523442002798,256.97465393701714,257.39019775390625,3343610,0.0,0.0
2013-01-02,258.98625040902914,263.37776277247866,258.13625610156345,261.9516906738281,7168225,0.0,0.0
2013-01-03,263.30217268665353,263.7743788993779,261.2716917361746,262.5372009277344,4750195,0.0,0.0
2013-01-04,261.12063574943335,261.9706301633027,258.76905755139904,260.4595642089844,6262900,0.0,0.0
2013-01-07,261.6022579472742,262.1122487583297,257.9190550256103,259.3073425292969,5715850,0.0,0.0
2013-01-08,258.54240259689993,258.58015834964624,253.67865464998707,256.9368896484375,6090610,0.0,0.0
2013-01-09,255.41637540297663,257.2485379819807,253.8769783970027,254.92526245117188,7885125,0.0,0.0
2013-01-10,256.6913060757411,260.0534122714115,254.14140961741523,258.3912658691406,6859365,0.0,0.0
2013-01-11,259.165698376002,259.53400427456705,256.1718979836832,257.6546325683594,6571215,0.0,0.0
2013-01-14,258.2212721913676,262.7166559843321,257.1729593546854,261.8100280761719,6571910,0.0,0.0
2013-01-15,263.3022220421062,270.29089835738415,262.5467034885988,269.0253601074219,16987060,0.0,0.0
2013-01-16,270.1019806057656,270.1019806057656,265.03048998689974,266.220458984375,11828785,0.0,0.0
2013-01-17,266.5603988040338,268.0242264895436,263.32107120243535,265.6443176269531,7200690,0.0,0.0
2013-01-18,266.32429850570384,267.36315791659314,260.69560863558445,262.1783142089844,7017900,0.0,0.0
2013-01-21,261.6305629041658,262.86774082774156,258.91065061316056,261.6872253417969,3664365,0.0,0.0
2013-01-22,261.6022671797171,265.53102670853923,260.73339498285395,263.1888732910156,5190575,0.0,0.0
2013-01-23,264.8132789848082,265.7576915552399,260.74286311194237,264.13330078125,6408855,0.0,0.0
2013-01-24,264.6621390677744,266.1354202024641,261.8950174718286,263.73663330078125,9840850,0.0,0.0
2013-01-25,263.1133416101565,264.77548809606174,260.6389853460387,261.83837890625,8283305,0.0,0.0
2013-01-28,260.8466900865427,270.83855958894856,259.87394656554903,266.8814697265625,18608065,0.0,0.0
2013-01-29,267.5142890378132,283.9942695660897,267.45762659455306,278.6866760253906,45463865,0.0,0.0
2013-01-30,279.07385568991987,286.35526700195027,278.94162412378614,283.559814453125,24852050,0.0,0.0
2013-01-31,282.360444280175,285.21255949954536,281.42545635758484,284.2964782714844,13102855,0.0,0.0
2013-02-01,283.5314862379149,286.1569515048149,280.79269609665903,285.14642333984375,7404405,0.0,0.0
2013-02-04,284.8348321086484,286.15700392028094,278.60170348674217,279.1116943359375,5841720,0.0,0.0
2013-02-05,277.71392983156613,281.1516050714995,274.46514861492767,275.6078796386719,8722175,0.0,0.0
2013-02-06,277.2511796398731,277.6572700906091,275.0412578874896,275.7873229980469,6597650,0.0,0.0
2013-02-07,275.2206659148593,279.9238210781962,275.01289404033423,275.8722839355469,8690950,0.0,0.0
2013-02-08,275.57955269574643,277.81783450393334,273.03908079525013,274.0307312011719,11111940,0.0,0.0
2013-02-11,274.4934877681655,283.1348563917545,274.4934877681655,282.2093505859375,26647505,0.0,0.0
2013-02-12,282.5682336323204,284.15483972704965,278.03503630585936,280.1033020019531,10861285,0.0,0.0
2013-02-13,280.50941743761666,281.93548967298085,278.21450175828943,279.0833740234375,4442120,0.0,0.0
2013-02-14,279.78227740549653,280.348930820176,269.15763395971817,270.5364685058594,13542895,0.0,0.0
2013-02-15,270.4797466755062,274.79571891608754,268.23204021074184,273.7474060058594,8538210,0.0,0.0
2013-02-18,273.69067851657206,273.69067851657206,269.1575109138619,270.4891357421875,5429680,0.0,0.0
2013-02-19,271.0558072444986,273.0768347569334,269.1575291320533,271.87744140625,3680465,0.0,0.0
2013-02-20,273.29405998062924,274.76734099228935,271.1502254258476,271.87744140625,3343455,0.0,0.0
2013-02-21,268.60982062673116,270.97085191800295,264.24661059066733,265.3421325683594,8804450,0.0,0.0
2013-02-22,265.4177181471086,268.59093056493015,265.2099462277618,266.6832275390625,5496945,0.0,0.0
2013-02-25,265.82377217050384,267.5331563910536,263.0566506224515,264.6527099609375,6046380,0.0,0.0
2013-02-26,264.62435950317735,264.62435950317735,256.9746134869962,258.343994140625,5333690,0.0,0.0
2013-02-27,258.5046066433956,266.3243414742606,258.5046066433956,264.4355163574219,7968095,0.0,0.0
2013-02-28,266.46599567905645,267.6465113685979,251.9598327201395,253.88641357421875,13401880,0.0,0.0
2013-03-01,254.04697731176762,260.2801059394158,249.1076892731654,257.5790710449219,13593630,0.0,0.0
2013-03-04,256.587460430412,261.29064553260605,254.43420086507197,258.561279296875,7328045,0.0,0.0
2013-03-05,259.7134469811479,266.088231588867,259.656784534774,265.0399475097656,7799155,0.0,0.0
2013-03-06,266.41879546467646,267.2593076766444,262.5466981096143,264.84161376953125,8063055,0.0,0.0
2013-03-07,262.5561200909871,265.70100093576764,261.31894206058814,265.0588073730469,5472035,0.0,0.0
2013-03-08,266.3243743164317,267.8354403604788,264.8888774262402,265.7577209472656,5903450,0.0,0.0
2013-03-11,266.51317834367467,269.6675121536053,262.8771850094939,264.662109375,8740050,0.0,0.0
2013-03-12,264.24660628215565,264.79438167266164,260.2800910702023,261.5550537109375,5098545,0.0,0.0
2013-03-13,259.7134198371965,260.28007306289555,252.3564388926051,254.3680419921875,8087885,0.0,0.0
2013-03-14,253.66920794883316,257.8246172613361,245.35836050264453,255.52024841308594,18084215,0.0,0.0
2013-03-15,254.27358158703248,257.6356873755401,248.75821671126516,253.07418823242188,16501410,0.0,0.0
2013-03-18,248.00273061720182,252.42257424205206,245.35835829940356,250.28819274902344,11670100,0.0,0.0
2013-03-19,250.45822496031934,252.46979952356304,242.03405215904323,249.6082305908203,11476595,0.0,0.0
2013-03-20,247.8138496269572,249.51380952524744,243.83788082494922,245.40560913085938,7643165,0.0,0.0
2013-03-21,245.7833529656807,252.91365580758588,242.14735907880114,247.75717163085938,8629120,0.0,0.0
2013-03-22,248.00275738137177,250.72267031209637,244.1306599125259,245.55673217773438,6679940,0.0,0.0
2013-03-25,248.94715279540668,252.05427814049952,245.55671521509478,247.3133087158203,7280340,0.0,0.0
2013-03-26,246.47276233399512,246.49164020666214,243.1106564437672,244.4517059326172,6651170,0.0,0.0
2013-03-28,245.16946784590672,247.6627016258256,241.21237753511915,245.67945861816406,6827560,0.0,0.0
2013-04-01,245.78337655438244,249.04161151844767,244.79175486332866,248.36163330078125,4906715,0.0,0.0
2013-04-02,249.3060219588685,249.3248998332303,244.2439559752397,245.80223083496094,5734520,0.0,0.0
2013-04-03,245.90614082199988,248.56939109154538,240.10744842533367,241.42018127441406,8463625,0.0,0.0
2013-04-04,239.12523819196267,239.88077106167668,234.2331884393633,234.94149780273438,6417705,0.0,0.0
2013-04-05,234.2992908235604,235.98034390031586,229.90777851608178,232.240478515625,6484050,0.0,0.0
2013-04-08,231.66439352639566,233.83654519971589,226.28124505640477,227.263427734375,4864420,0.0,0.0
2013-04-09,228.61394512849938,234.17653428258856,226.43234010722153,227.263427734375,7490495,0.0,0.0
2013-04-10,229.4544466981311,234.75260092291416,226.65897960896106,234.08206176757812,10046765,0.0,0.0
2013-04-11,235.45147891617844,237.02864606758027,232.51435545419054,236.50921630859375,9714180,0.0,0.0
2013-04-12,234.21430795996943,241.20295493324798,233.17544841042647,238.8041534423828,7911225,0.0,0.0
2013-04-15,237.23639566161205,247.6910335975603,236.858636460014,244.4517059326172,7689700,0.0,0.0
2013-04-16,242.99734768141332,258.58015540377295,242.28903823948787,257.5035400390625,11987860,0.0,0.0
2013-04-17,259.10898570026956,273.87961023832383,258.041823842581,260.12896728515625,9186545,0.0,0.0
2013-04-18,258.7123600159411,271.4052661970307,255.9357849875039,269.9886474609375,11300880,0.0,0.0
2013-04-22,271.14081714447696,280.3016005149116,270.8952606874294,272.2080078125,13252895,0.0,0.0
2013-04-23,272.93518446839414,274.84288714683936,266.9192820726421,272.89739990234375,7340650,0.0,0.0
2013-04-25,277.84619771412383,287.101429641188,274.4463065988727,283.9659729003906,19391755,0.0,0.0
2013-04-26,281.4349760592994,283.30492352417997,277.10957870588504,280.74554443359375,10489965,0.0,0.0
2013-04-29,280.6794249348418,280.6794249348418,275.8156771839416,278.67724609375,6561785,0.0,0.0
2013-04-30,280.8683020885446,283.5126746670251,275.39072052506805,281.9449462890625,9010945,0.0,0.0
2013-05-02,280.5093650849824,288.7540958423022,280.2921686751204,286.3458557128906,10775590,0.0,0.0
2013-05-03,285.7791978574763,285.7791978574763,277.0905922534666,278.5638732910156,9326475,0.0,0.0
2013-05-06,277.0906333310005,278.0067146471825,272.93522392134815,275.72125244140625,6739100,0.0,0.0
2013-05-07,276.1462493924967,284.6459631285111,275.5985027441645,284.06988525390625,7357170,0.0,0.0
2013-05-08,284.45709023604655,285.977580707054,277.79896402936305,281.3782958984375,4865505,0.0,0.0
2013-05-09,281.05711146620524,281.05711146620524,273.426243800567,274.6634216308594,15607600,0.0,0.0
2013-05-10,273.8795648810974,278.5449639126971,273.124046575413,277.6383361816406,7711835,0.0,0.0
2013-05-13,276.71283273645054,282.94596033024465,273.142955023278,274.2573547363281,10233900,0.0,0.0
2013-05-14,274.823997172627,278.0161155656082,272.95405032139536,277.1850280761719,6341930,0.0,0.0
2013-05-15,277.2795079516632,286.1475260897849,277.2795079516632,284.9670104980469,8367595,0.0,0.0
2013-05-16,283.75814659233805,290.87902428269535,283.5976126213933,289.1601867675781,5787370,0.0,0.0
2013-05-17,288.99022046006655,291.05848610826945,286.1569830045757,289.9818420410156,6127865,0.0,0.0
2013-05-20,290.6334942079305,292.74899781128926,287.96081950799083,288.9335632324219,7109685,0.0,0.0
2013-05-21,288.09298064238624,291.8234210155547,286.1569468210779,287.2052307128906,4457135,0.0,0.0
2013-05-22,288.42360301531295,289.1791503899614,282.9648993261636,285.7698059082031,4430345,0.0,0.0
2013-05-23,280.50938459432206,283.8620661929475,273.38853524230234,274.86181640625,17628985,0.0,0.0
2013-05-24,277.0906392151494,279.8766677943701,271.1502761454894,275.9951171875,11354170,0.0,0.0
2013-05-27,275.7684636351211,281.05717966085336,272.9352259950343,279.1966857910156,5079820,0.0,0.0
2013-05-28,278.6961647993621,280.2449864806534,275.40014521778903,277.3739929199219,6338635,0.0,0.0
2013-05-29,277.46837284956405,277.46837284956405,272.65189229749626,275.6929016113281,4984010,0.0,0.0
2013-05-30,273.74739662681986,276.59954085583144,267.86372512836255,270.6119689941406,19729175,0.0,0.0
2013-05-31,269.1575570448666,271.7358134932376,266.5132136269336,270.2058410644531,6939990,0.0,0.0
2013-06-03,268.96870373774686,271.6130763771769,266.3243599195028,270.2625732421875,5639100,0.0,0.0
2013-06-04,270.1019741349061,272.74631759796375,261.98002089668296,263.5760803222656,6481315,0.0,0.0
2013-06-05,262.54674449375483,264.322245075103,257.27693403020373,261.0829162597656,10525180,0.0,0.0
2013-06-06,260.4689952998363,269.6864719143648,258.4385138824896,267.85430908203125,7218255,0.0,0.0
2013-06-07,267.07984466636304,268.5814859107213,258.5990388239791,260.3273010253906,16958990,0.0,0.0
2013-06-10,261.79117736193535,262.423917647427,254.65142059944478,255.98301696777344,7101745,0.0,0.0
2013-06-11,254.04695621949352,254.04695621949352,247.97439091170222,249.8348846435547,10709250,0.0,0.0
2013-06-12,247.81383080682298,248.19159003735956,239.22912475914936,240.72129821777344,16756695,0.0,0.0
2013-06-13,239.88076180942465,244.0739553845437,237.5008384053265,240.0035400390625,9278645,0.0,0.0
2013-06-14,242.5628917684786,247.51160381571157,242.1095634139212,245.1694793701172,9145290,0.0,0.0
2013-06-17,245.94389126840403,249.5231935332253,239.70131028238674,248.5787811279297,9148855,0.0,0.0
2013-06-18,247.76666026474973,248.3238602602013,242.5251528539596,243.01626586914062,7215030,0.0,0.0
2013-06-19,243.08234632590543,243.56397710075146,239.31412086619372,242.7234649658203,7633795,0.0,0.0
2013-06-20,238.74749751098912,239.12525676989927,232.70324849428275,234.17654418945312,9339930,0.0,0.0
2013-06-21,232.1460342411459,239.7768889678477,231.18272945650475,237.93528747558594,11567800,0.0,0.0
2013-06-24,235.970920964163,237.765299049829,233.14712224413452,234.7904052734375,8864770,0.0,0.0
2013-06-25,236.29200633597736,236.85865960433398,228.15117513817398,232.59934997558594,17111600,0.0,0.0
2013-06-26,233.47768688436364,238.78528114770543,233.47768688436364,235.80093383789062,13302520,0.0,0.0
2013-06-27,238.74748169941094,242.7140112976433,238.6908192553862,240.83462524414062,11566105,0.0,0.0
2013-06-28,244.03617064495364,251.59147022418554,243.18620520652618,250.3070831298828,7250955,0.0,0.0
2013-07-01,250.08038803277046,255.72798447099385,249.33432299982965,254.7646942138672,5323995,0.0,0.0
2013-07-02,253.49920870934702,255.91690233477445,246.4255396874658,247.1527557373047,5683025,0.0,0.0
2013-07-03,243.93229786977335,245.93444763670212,240.08853231129717,241.36349487304688,6367035,0.0,0.0
2013-07-04,242.16626805610937,244.22508040708985,237.8219647537556,238.9269256591797,9497150,0.0,0.0
2013-07-05,243.68839990504387,249.3600262526197,243.15189688303968,246.80203247070312,5785940,3.6,0.0
2013-07-08,245.06800712876728,245.06800712876728,238.7449018765011,239.99993896484375,10780235,0.0,0.0
2013-07-09,242.3854606009816,244.74225846826303,241.4274153021635,242.2609100341797,4614270,0.0,0.0
2013-07-10,243.15189551739087,245.54699410399738,239.4825803327645,240.8046875,5341890,0.0,0.0
2013-07-11,245.4511996824673,249.072609483287,244.73265114117694,246.74453735351562,4593290,0.0,0.0
2013-07-12,248.32534583348618,248.8043684687844,243.53510486189327,247.47267150878906,5287195,0.0,0.0
2013-07-15,247.55893613056892,251.95636119671119,245.72906582961718,250.79713439941406,5449990,0.0,0.0
2013-07-16,243.34349123104653,243.34349123104653,234.92227999425512,235.8419952392578,9493130,0.0,0.0
2013-07-17,236.8192036665958,236.82877885623353,225.64839273274796,228.72372436523438,17944220,0.0,0.0
2013-07-18,231.2242521058405,239.05148089617342,221.90246028317782,237.25035095214844,28548405,0.0,0.0
2013-07-19,239.51132701662067,240.08616004890507,227.0567380117564,228.37884521484375,18642230,0.0,0.0
2013-07-22,228.78121107878883,232.0002437380769,225.80168973457097,229.9500274658203,6446280,0.0,0.0
2013-07-23,233.7247321317259,233.7247321317259,229.36562319909697,230.47695922851562,5451370,0.0,0.0
2013-07-24,224.728720193061,224.728720193061,214.60217313148488,215.58895874023438,14788645,0.0,0.0
2013-07-25,213.46207865057409,219.35406622918126,213.0692765549446,215.99131774902344,21479325,0.0,0.0
2013-07-26,218.7983717753491,219.74682718617146,209.68735238749105,212.20701599121094,12108980,0.0,0.0
2013-07-29,211.1723455887505,214.76501550316928,209.32332515639638,210.4346466064453,8592030,0.0,0.0
2013-07-30,210.78913352557169,217.01642805020737,208.27904486883207,209.4287109375,14577145,0.0,0.0
2013-07-31,208.6622852863148,208.6622852863148,194.58859640965787,198.2291717529297,24999165,0.0,0.0
2013-08-01,200.03988820034053,209.40957131248615,196.41847765361493,208.0491485595703,25717725,0.0,0.0
2013-08-02,209.24668071695757,213.16508254607945,206.9377879997895,211.38311767578125,15682345,0.0,0.0
2013-08-05,212.68608326751297,216.3266587877065,205.72108897000032,215.4356689453125,14983120,0.0,0.0
2013-08-06,212.1687176221028,212.68605564960214,206.98568906379674,208.82513427734375,13055665,0.0,0.0
2013-08-07,208.48982691641092,209.31374651214315,202.30086206680937,204.78219604492188,16176110,0.0,0.0
2013-08-08,205.7881606919588,208.81558775046145,202.54996246997732,208.0108184814453,10922345,0.0,0.0
2013-08-12,209.42873487845898,210.75082761878474,201.40988476401628,205.10794067382812,9866865,0.0,0.0
2013-08-13,204.42772662122928,222.07492065945573,201.01708742811402,218.96127319335938,14227315,0.0,0.0
2013-08-14,219.88098634423557,222.74554724679797,214.88957818160108,220.27378845214844,12402745,0.0,0.0
2013-08-16,213.45250635365883,213.45250635365883,199.2734322864757,200.9883270263672,16207615,0.0,0.0
2013-08-19,199.27341849528884,199.27341849528884,187.4032380456264,189.30975341796875,11262170,0.0,0.0
2013-08-20,182.67050059394552,192.99822804098446,180.68735437037188,188.02597045898438,17173380,0.0,0.0
2013-08-21,198.89021252723526,204.60015439770865,183.6956133011542,187.3840789794922,17473350,0.0,0.0
2013-08-22,185.5063297731847,193.52516484654345,182.02862040021415,185.79373168945312,15688855,0.0,0.0
2013-08-23,187.48945228154983,189.8558252157654,182.6513208509978,188.0642852783203,15303680,0.0,0.0
2013-08-26,189.69299663917874,190.52649149190978,178.07190080347885,178.9820556640625,19895135,0.0,0.0
2013-08-27,176.27078108863378,176.27078108863378,166.8915082936129,168.16571044921875,16500450,0.0,0.0
2013-08-28,163.12639186640428,163.6341547511808,150.22151935548752,160.55882263183594,51153445,0.0,0.0
2013-08-29,164.7837879283828,166.22085584636287,156.3529865525108,163.0113983154297,34666870,0.0,0.0
2013-08-30,162.50364524205446,170.74284098050308,156.86075879679737,159.60076904296875,85220080,0.0,0.0
2013-09-02,162.04379702294642,167.37052706364656,159.92651027437407,165.60772705078125,22843345,0.0,0.0
2013-09-03,166.316653042271,167.51420954569,147.79763751916684,150.0011444091797,29590015,0.0,0.0
2013-09-04,149.99156664621572,156.54459285069447,146.2743462831392,153.5746612548828,29505260,0.0,0.0
2013-09-05,168.93213337827524,179.144900019007,163.5670737277646,177.7174072265625,73632590,0.0,0.0
2013-09-06,178.6946281015964,184.50995594775682,174.46964447369467,182.4884796142578,48465115,0.0,0.0
2013-09-10,187.9684820755724,196.53340926619998,187.20204292351468,191.2833251953125,40783530,0.0,0.0
2013-09-11,188.54331704908998,199.81951426859976,185.89910267800605,197.2998504638672,31007555,0.0,0.0
2013-09-12,199.24467188701394,199.36922244751614,192.39465419437872,195.43165588378906,33403740,0.0,0.0
2013-09-13,191.65696798280868,205.59653022474993,191.65696798280868,203.02896118164062,29836370,0.0,0.0
2013-09-16,208.66228653685172,212.2453668995491,201.5631667677177,208.3844451904297,21660575,0.0,0.0
2013-09-17,205.40492619333884,206.7366087034483,199.88658999822727,201.8697509765625,18527690,0.0,0.0
2013-09-18,203.2014344650102,208.01081183051048,200.74882597009523,206.8611602783203,13218535,0.0,0.0
2013-09-19,220.3504161874318,224.7191003606918,217.1409586259531,218.47264099121094,27187920,0.0,0.0
2013-09-20,222.64975077462836,222.97549732905784,201.59191644033064,211.22027587890625,30107545,0.0,0.0
2013-09-23,205.59653332293158,207.87667126387709,195.9490098489703,197.36691284179688,23254975,0.0,0.0
2013-09-24,195.4412535134978,201.7643587393205,194.11914623824475,196.5046844482422,17824475,0.0,0.0
2013-09-25,196.97415026770582,199.65666583145676,191.83902607356148,198.1333770751953,17426325,0.0,0.0
2013-09-26,198.31539687756668,201.09372267719866,195.33587511268095,197.61602783203125,18419130,0.0,0.0
2013-09-27,198.42079026966067,200.9021244333674,194.89517547354168,197.52980041503906,13399860,0.0,0.0
2013-09-30,195.25921714791141,195.4125079097902,190.67976162171647,193.1132049560547,18720980,0.0,0.0
2013-10-01,195.03884362519065,201.13201168365197,194.09037361422395,200.0590057373047,13985425,0.0,0.0
2013-10-03,201.20869374488782,215.176997066217,201.20869374488782,211.67054748535156,28307155,0.0,0.0
2013-10-04,209.62032485757405,214.7362835023374,206.95695996227275,209.3424835205078,14738720,0.0,0.0
2013-10-07,208.27905113844292,208.64311304572087,200.03986998284535,205.3761749267578,19601900,0.0,0.0
2013-10-08,213.6440946104993,214.41053374807075,202.72238441059068,204.40853881835938,16814600,0.0,0.0
2013-10-09,202.19546947077487,207.85752086975612,200.43266957508823,206.8036651611328,17121925,0.0,0.0
2013-10-10,206.36295318272477,209.40954485922126,202.33916581895068,204.30316162109375,22450835,0.0,0.0
2013-10-11,208.32694786392355,211.51724047179155,204.25525533300842,210.70289611816406,21485650,0.0,0.0
2013-10-14,209.81193120048738,216.8918857370744,209.2754281446147,212.5136260986328,16030130,0.0,0.0
2013-10-15,213.8165538131772,215.751809509923,206.21926121821565,207.2156219482422,13563985,0.0,0.0
2013-10-17,207.1294112987045,212.3699207743761,204.48521127345916,210.07061767578125,33121345,0.0,0.0
2013-10-18,211.3064892462197,222.45813702043287,208.92096557689078,221.53842163085938,22848835,0.0,0.0
2013-10-21,222.28570581940724,227.22920915158159,222.10367484786306,225.3035430908203,14205925,0.0,0.0
2013-10-22,223.03297472649868,231.83741439738188,222.26653547355696,230.1512451171875,22853540,0.0,0.0
2013-10-23,230.69730299068502,234.33787792543066,226.7118311754138,231.86611938476562,19709625,0.0,0.0
2013-10-24,231.91402852813474,234.66361381067478,229.5476555111114,231.31045532226562,15138355,0.0,0.0
2013-10-25,230.35242506825026,231.04221888607177,226.25199216154022,228.1584930419922,8360810,0.0,0.0
2013-10-28,229.93087442080795,233.5522845234468,227.45911576655092,228.3022003173828,14810540,0.0,0.0
2013-10-29,227.2483389551553,241.71482862372554,225.39931856978572,239.5879669189453,21811705,0.0,0.0
2013-10-30,240.46936066686612,241.4274059284871,233.07325007766332,234.12710571289062,13582310,0.0,0.0
2013-10-31,233.95467884590525,235.6408480704271,230.50572424946145,234.28041076660156,15711585,0.0,0.0
2013-11-01,234.71151782945003,237.52815866605127,230.9559820953709,233.55227661132812,14258565,0.0,0.0
2013-11-05,230.88893062498735,240.92924185521943,229.1644460617422,235.1043243408203,17738400,0.0,0.0
2013-11-06,234.52951086741263,237.5569377627344,230.89851070751513,232.42181396484375,11912900,0.0,0.0
2013-11-07,233.01579455195795,235.6025141104848,223.41617591351041,224.43170166015625,12944240,0.0,0.0
2013-11-08,222.45809585730638,222.9562834619992,213.17463539090346,214.44883728027344,13636750,0.0,0.0
2013-11-11,211.72801248298322,212.41780627232617,205.55819837753296,206.39169311523438,16116270,0.0,0.0
2013-11-12,206.937781538009,209.31372975134548,198.89020699230858,200.77755737304688,16885065,0.0,0.0
2013-11-13,197.93217759691998,201.74519404370332,193.63054865970295,197.47230529785156,39012215,0.0,0.0
2013-11-14,202.14756957085055,211.23942523747206,202.14756957085055,210.2143096923828,22185795,0.0,0.0
2013-11-18,214.50634238305926,218.86545153477977,213.9027837690692,218.4055938720703,14869295,0.0,0.0
2013-11-19,219.7755981706695,220.31211584808096,216.15418790516074,217.48587036132812,15186525,0.0,0.0
2013-11-20,215.3685881313747,221.4809072548864,214.60214896136188,216.7960662841797,11536220,0.0,0.0
2013-11-21,214.19978162200042,214.21894662225782,206.68870956841658,208.14492797851562,16170540,0.0,0.0
2013-11-22,210.76996012835008,211.98668171866564,206.43959139977477,207.368896484375,11465075,0.0,0.0
2013-11-25,209.23709643671583,215.56020152901152,208.87304914812282,213.73033142089844,10727185,0.0,0.0
2013-11-26,214.410556985512,216.09671157602315,212.54237143550571,213.85488891601562,7324655,0.0,0.0
2013-11-27,212.6860731982162,216.66195565605327,211.440611287297,214.76502990722656,8549025,0.0,0.0
2013-11-28,217.59124643580657,219.35406091883476,213.35668791387388,214.65005493164062,10909630,0.0,0.0
2013-11-29,214.98537285485259,222.2473584351262,214.96622247306055,221.49050903320312,9210385,0.0,0.0
2013-12-02,222.2282046366561,229.20277357808507,221.88330772774535,228.1584930419922,8985375,0.0,0.0
2013-12-03,227.21001838247847,229.9308634245356,225.34183304087625,228.71414184570312,8899090,0.0,0.0
2013-12-04,227.2579428137828,229.7392767498939,226.32863765925887,228.2159881591797,8248745,0.0,0.0
2013-12-05,236.25398576422376,239.5017588693328,235.2672002373855,237.88265991210938,10405365,0.0,0.0
2013-12-06,237.32697666164964,246.9840601680173,236.11025506934672,245.21168518066406,11096255,0.0,0.0
2013-12-09,256.75613962839026,257.25431265749313,248.54568441513118,249.76242065429688,10508465,0.0,0.0
2013-12-10,249.66664170338564,249.66664170338564,239.42513384905834,242.35675048828125,7427500,0.0,0.0
2013-12-11,239.8945475306627,245.9877311025683,237.62398475052694,243.9566650390625,9152360,0.0,0.0
2013-12-12,242.57706698145546,243.20938038777922,238.39998888965502,239.07061767578125,6403500,0.0,0.0
2013-12-13,235.67915523072887,239.31973047102346,233.7726397285605,237.5569305419922,7975630,0.0,0.0
2013-12-16,236.07197211182094,243.70759517071676,235.62168960130037,241.69569396972656,8426820,0.0,0.0
2013-12-17,243.56385639983927,245.31708108095887,239.19517210133014,240.68014526367188,6818380,0.0,0.0
2013-12-18,239.53049481518735,250.0498283274769,239.12811753533052,245.80569458007812,10330635,0.0,0.0
2013-12-19,248.28702579273298,248.9001595871467,238.17006966851488,240.8525848388672,11220600,0.0,0.0
2013-12-20,239.51132172621755,246.02601798228193,239.4634165381501,244.84764099121094,7252380,0.0,0.0
2013-12-23,245.4512256741026,249.95402119071596,245.4512256741026,247.4152069091797,5821480,0.0,0.0
2013-12-24,248.32535784087185,248.70857012019576,244.97218461303615,245.82484436035156,5070345,0.0,0.0
2013-12-26,246.75417567987222,252.73236973612651,245.0967611988774,248.5265655517578,13471165,0.0,0.0
2013-12-27,251.00789520058325,251.83180021202995,247.2331939795812,248.03794860839844,6232180,0.0,0.0
2013-12-30,249.0917778941934,250.24144394859397,245.84399029470626,246.4571533203125,7064845,0.0,0.0
2013-12-31,247.549351057075,249.61870327626553,244.56981482681292,249.0055694580078,6365405,0.0,0.0
2014-01-01,249.37917922323865,250.04982262632072,246.83080446086004,247.59722900390625,2849425,0.0,0.0
2014-01-02,247.5588963568887,253.882001099645,242.06930095462442,243.78421020507812,12972060,0.0,0.0
2014-01-03,241.04421533710726,243.24770794200404,238.6682523493285,241.59986877441406,12018740,0.0,0.0
2014-01-06,240.95797141125914,241.8106311550894,237.9018191424058,240.7184600830078,9181445,0.0,0.0
2014-01-07,240.94840477199222,242.5387635564889,232.90082970458712,236.49349975585938,15100310,0.0,0.0
2014-01-08,237.59524714074794,238.55329249212193,231.30088216528713,232.1822967529297,13901845,0.0,0.0
2014-01-09,230.88892133491254,231.95235222124103,225.37058557317656,227.0279998779297,25553735,0.0,0.0
2014-01-10,228.77163310475552,229.269820759084,222.05574074546982,223.0425262451172,19877740,0.0,0.0
2014-01-13,223.22455100442536,229.9308679873909,223.22455100442536,227.03756713867188,8470360,0.0,0.0
2014-01-14,227.05673578202507,228.69499967491973,224.03889893869578,225.533447265625,12100565,0.0,0.0
2014-01-15,227.056757048303,227.63159012878168,223.49282703400522,225.77297973632812,14202760,0.0,0.0
2014-01-16,227.0567520840154,229.45186550262315,223.93352944885126,225.3610076904297,18979890,0.0,0.0
2014-01-17,225.71548103508746,227.63157165637475,219.39237613739488,220.91566467285156,18932820,0.0,0.0
2014-01-20,218.9516774149356,223.79939915578623,216.95895595533568,222.87966918945312,9875240,0.0,0.0
2014-01-21,223.20537400488462,228.43630740254477,221.97907727770607,227.7369384765625,10979910,0.0,0.0
2014-01-22,227.24834075936576,230.39072815345415,224.77658214719665,227.79443359375,11839660,0.0,0.0
2014-01-23,226.72141295016675,233.8013670872239,226.3573656791464,232.99661254882812,15027160,0.0,0.0
2014-01-24,230.50573470195363,235.44923797621863,228.97285617717168,230.8123016357422,14064340,0.0,0.0
2014-01-27,225.33225055011306,226.78848349230472,221.30846323323107,222.47727966308594,10879550,0.0,0.0
2014-01-28,221.6916771707582,225.90708527329954,213.70158285566478,214.93746948242188,12651355,0.0,0.0
2014-01-29,216.57572331462256,220.34084903458174,214.83208842895402,218.48223876953125,10925525,0.0,0.0
2014-01-30,215.17697542406316,216.26914645693824,211.7280065736098,212.45611572265625,11477500,0.0,0.0
2014-01-31,213.29920351778344,215.94340326461892,212.7531253022745,215.16738891601562,5722790,0.0,0.0
2014-02-03,213.08845382387287,217.2655323077296,212.82020228424454,215.3494415283203,6931690,0.0,0.0
2014-02-04,212.06331069738698,216.0104522402666,210.96154994710471,214.947021484375,8545405,0.0,0.0
2014-02-05,215.56021324825963,216.51825864047413,212.97349361300303,215.31112670898438,7306550,0.0,0.0
2014-02-06,215.57935327565286,217.6678849718017,210.49213517129772,211.335205078125,10324800,0.0,0.0
2014-02-07,214.61174779790377,216.4033026616592,212.82020755276125,215.6464385986328,6262595,0.0,0.0
2014-02-10,216.89187887347748,218.31937165944606,213.07886260252187,214.4009552001953,4396885,0.0,0.0
2014-02-11,215.24402205013084,216.86312084270432,213.91233975292366,214.78416442871094,4572215,0.0,0.0
2014-02-12,216.5182333740221,217.09306638971603,213.51954696836444,214.52549743652344,7384095,0.0,0.0
2014-02-13,214.64045295224705,215.52186745308956,210.0993277898475,211.057373046875,5899360,0.0,0.0
2014-02-14,212.49446168214348,212.8776739749303,207.43598340057534,211.35438537597656,8778435,0.0,0.0
2014-02-17,212.8776722128662,214.6021567533566,211.72802072540986,213.6920166015625,3941195,0.0,0.0
2014-02-18,213.6441097624629,225.42807030985472,212.40823771216964,223.30120849609375,10684885,0.0,0.0
2014-02-19,223.12874381047095,225.71547780710466,221.88329661933452,223.4449005126953,7007375,0.0,0.0
2014-02-20,221.116854261464,224.54665812916835,219.6701965280834,221.85455322265625,9773920,0.0,0.0
2014-02-21,222.26653147909244,229.54768232326634,222.26653147909244,228.6566925048828,9309810,0.0,0.0
2014-02-24,227.0567489672251,238.53412821843298,226.66394686349847,237.25035095214844,12811810,0.0,0.0
2014-02-25,237.78684868262994,239.70293934827336,234.74984673181845,236.97251892089844,9506545,0.0,0.0
2014-02-26,236.0623758484606,238.93651198923868,235.33426662216394,237.45155334472656,9380195,0.0,0.0
2014-02-28,237.69107102904584,243.65011462267657,237.23119870885557,242.77828979492188,9366255,0.0,0.0
2014-03-03,241.42742048688356,246.35178746242747,239.05147218800164,240.565185546875,9655975,0.0,0.0
2014-03-04,240.46937478184665,250.0306775794494,240.46937478184665,247.85589599609375,11947275,0.0,0.0
2014-03-05,249.09180886635244,251.81265434704085,247.95173247910142,250.5576171875,13213960,0.0,0.0
2014-03-06,250.60549960427278,255.79811846903442,250.43305845145235,254.7442626953125,9941880,0.0,0.0
2014-03-07,255.60649517894115,272.78427102834655,254.70593018456063,269.5556335449219,23583950,0.0,0.0
2014-03-10,266.7198379696406,276.2619621266735,266.7198379696406,273.3399353027344,16911865,0.0,0.0
2014-03-11,273.2345236203185,278.40796224832064,270.17835685973444,271.6058349609375,19830435,0.0,0.0
2014-03-12,271.60583104298667,273.0237485523144,266.7293841810518,267.85028076171875,10747045,0.0,0.0
2014-03-13,270.14962972795274,273.042916067549,263.47205268130307,264.640869140625,10533955,0.0,0.0
2014-03-14,262.6959905215584,262.6959905215584,255.03162935958403,259.611083984375,13711595,0.0,0.0
2014-03-18,261.5463942501817,264.99536353828853,257.3118207169901,258.49981689453125,9473510,0.0,0.0
2014-03-19,260.20513746145957,268.0515316558087,258.93092070184366,265.48394775390625,20189155,0.0,0.0
2014-03-20,260.8757311642482,265.07197437956347,257.8578942279753,260.08056640625,12914880,0.0,0.0
2014-03-21,255.7980971959397,270.54242851761745,253.3263531660647,267.15093994140625,64854420,0.0,0.0
2014-03-24,268.616778708141,273.04294385691804,267.15097038955605,270.3029479980469,15594445,0.0,0.0
2014-03-25,270.43701072624555,272.26688065358996,267.5149844224021,268.42510986328125,8412610,0.0,0.0
2014-03-26,270.4658012655362,275.4572097373238,269.3736446857152,274.0201416015625,13856980,0.0,0.0
2014-03-27,274.00095333421547,281.45454453165036,271.3184382132448,273.9913635253906,21452140,0.0,0.0
2014-03-28,274.9206558586773,281.6461522036063,274.01053041647236,280.12286376953125,10456480,0.0,0.0
2014-03-31,281.85699414482895,282.62341884001233,277.8523417863958,279.8450927734375,10543390,0.0,0.0
2014-04-01,281.6653315962802,283.370651141898,278.5133542229468,281.3779296875,11106200,0.0,0.0
2014-04-02,279.3659917733519,282.5562694889932,275.4188501481015,281.11920166015625,6919030,0.0,0.0
2014-04-03,281.4545536404406,281.4545536404406,273.6369003013216,274.9302673339844,5572305,0.0,0.0
2014-04-04,274.00095645889684,277.928948045787,271.7016535808121,273.646484375,8209800,0.0,0.0
2014-04-07,273.59858837879307,275.8308505002789,270.1879491447418,272.4776916503906,5393885,0.0,0.0
2014-04-09,273.71359731741944,285.49754468153145,272.30526933356174,284.33831787109375,8360910,0.0,0.0
2014-04-10,284.4340771389108,290.78589278438864,282.7670584708347,288.1225280761719,10369990,0.0,0.0
2014-04-11,284.53948193260385,288.6878056229998,283.58143653889135,286.5992736816406,5411945,0.0,0.0
2014-04-15,286.26392387526687,286.522614818026,274.82486065708,276.9134216308594,4690300,0.0,0.0
2014-04-16,277.2582996987221,280.64978819486583,273.42611855779376,274.3746032714844,4174880,0.0,0.0
2014-04-17,275.3422085079964,282.17307605426885,275.3422085079964,280.64019775390625,6318240,0.0,0.0
2014-04-21,281.66532782753325,289.32969048950696,281.4737070660946,288.1417236328125,5660175,0.0,0.0
2014-04-22,288.5632242900771,289.6745309869897,285.13340612078423,287.4327087402344,4972865,0.0,0.0
2014-04-23,285.88072865072246,293.89956360999736,285.88072865072246,291.20745849609375,8169030,0.0,0.0
2014-04-24,291.20745849609375,291.20745849609375,291.20745849609375,291.20745849609375,0,0.0,0.0
2014-04-25,291.6289986537336,296.61084616795995,287.6339659176108,293.6792297363281,12287160,0.0,0.0
2014-04-28,296.9940859286642,297.91380136318116,292.2038587362664,293.07568359375,8868885,0.0,0.0
2014-04-29,294.3115639083233,296.02644415459764,288.8890233375905,292.8553161621094,5984595,0.0,0.0
2014-04-30,294.6755203132315,296.70660063144066,286.8674580307659,290.709228515625,6673185,0.0,0.0
2014-05-02,292.27083661380755,294.82880075371264,290.9583194556338,293.1905517578125,4528060,0.0,0.0
2014-05-05,294.3020097910069,299.8491016167008,291.5332441651697,297.2911071777344,7227275,0.0,0.0
2014-05-06,297.9520903135212,299.5328592217594,292.87446188409615,294.4935607910156,5337910,0.0,0.0
2014-05-07,293.8708447006262,298.1437483526293,290.613496098726,294.6372985839844,6034730,0.0,0.0
2014-05-08,295.46117308268913,298.7951813469898,293.736703188492,297.71258544921875,6485510,0.0,0.0
2014-05-09,298.1245461571849,316.1549667313425,296.56292755264695,312.13116455078125,11327365,0.0,0.0
2014-05-12,316.72975247490444,324.15460285712714,314.06638795889916,315.4938659667969,9777475,0.0,0.0
2014-05-13,320.94523559292674,322.28649341661577,314.23891723725364,315.9154968261719,9343160,0.0,0.0
2014-05-14,316.5382454066838,319.98721525084557,312.3899210194598,313.56829833984375,6712060,0.0,0.0
2014-05-15,314.2388805373573,320.9260477278518,314.0568495785559,318.8470764160156,7888990,0.0,0.0
2014-05-16,335.3158195473869,354.2946925947915,322.6696112295692,336.27386474609375,19275385,0.0,0.0
2014-05-19,340.4892668123206,363.9422244246951,340.4892668123206,356.3161926269531,11546880,0.0,0.0
2014-05-20,358.30895597495027,362.67764037192364,352.7618652882738,355.8084716796875,6207320,0.0,0.0
2014-05-21,356.00964981575703,357.77244971122377,346.8219986265486,347.7991943359375,5343765,0.0,0.0
2014-05-22,350.4529471796638,356.00962727386207,345.8734919702014,352.8768005371094,4446910,0.0,0.0
2014-05-23,353.75826705982973,358.97003642062356,352.56071029930223,357.255126953125,5853140,0.0,0.0
2014-05-26,359.65022094266953,369.57558603826254,354.0935695704769,358.87420654296875,8715260,0.0,0.0
2014-05-27,356.2204192258134,358.7496436766757,350.6541782348638,354.29473876953125,4665425,0.0,0.0
2014-05-28,354.29477733646974,359.2670354460207,349.7344717439625,356.3737487792969,5950100,0.0,0.0
2014-05-29,356.2012399232441,362.79259643318676,354.5725804140695,357.48504638671875,10555410,0.0,0.0
2014-05-30,358.11730259876106,358.11730259876106,349.4948953525255,351.8229675292969,3890590,0.0,0.0
2014-06-02,351.0757101526181,365.39846977481767,349.2170999407846,364.2200927734375,5954760,0.0,0.0
2014-06-03,365.9541839065025,368.8283200396595,361.75794047413734,363.99017333984375,6000185,0.0,0.0
2014-06-04,362.52435327469806,370.38033681102934,360.43582143622405,368.78997802734375,4109700,0.0,0.0
2014-06-05,368.8474504411749,373.63767707028103,367.3145720724163,372.93829345703125,5422885,0.0,0.0
2014-06-06,374.67233856711954,380.05657764782666,372.6987676117614,378.1596374511719,4047810,0.0,0.0
2014-06-09,380.3440120162233,381.22542662129456,375.72622631435695,376.9429626464844,3942460,0.0,0.0
2014-06-10,377.0866119074376,377.3452735965611,368.9048973801817,370.28448486328125,4218745,0.0,0.0
2014-06-11,370.96472317343137,377.1824572318704,369.42228422961364,371.8748779296875,4870360,0.0,0.0
2014-06-12,372.49442938886284,373.26886383153783,366.38621989147043,368.3803405761719,4192650,4.0,0.0
2014-06-13,367.6543013972575,369.37737730227065,350.5590794440482,351.9723815917969,6276850,0.0,0.0
2014-06-16,350.8107730566912,352.7468148832089,338.8073196406117,343.2795715332031,6851985,0.0,0.0
2014-06-17,342.6794022861474,357.78053439691854,340.84982858547335,356.1542663574219,7990990,0.0,0.0
2014-06-18,357.19972338544517,363.1820856464564,352.9500973201879,357.8773498535156,9690125,0.0,0.0
2014-06-19,358.5743199387656,361.4590033556385,353.57932847785366,356.5801696777344,5141745,0.0,0.0
2014-06-20,354.2956289804094,364.692163393883,353.9084265510562,361.3331298828125,5838570,0.0,0.0
2014-06-23,360.49095684797123,365.9021898276984,359.1454232347879,364.5469665527344,5348310,0.0,0.0
2014-06-24,364.16941750862384,373.65600903003246,364.16941750862384,372.68798828125,5401370,0.0,0.0
2014-06-25,374.43038864936176,374.43038864936176,368.81588050039767,370.306640625,4149915,0.0,0.0
2014-06-26,370.8003631263744,375.3984620194156,369.33867177711977,373.1913757324219,5944135,0.0,0.0
2014-06-27,373.35597565261867,374.9532041966393,367.8866635877468,369.62908935546875,4505300,0.0,0.0
2014-06-30,374.0432444917572,377.528125403815,369.9775747123993,371.4973449707031,4887415,0.0,0.0
2014-07-01,373.2688248134769,374.70147668477614,371.0230094769561,371.72967529296875,4136855,0.0,0.0
2014-07-02,375.5921032667279,375.8824977154792,372.34922739462536,373.04620361328125,3797820,0.0,0.0
2014-07-03,375.0112542962868,377.0828330008993,370.3453869218656,372.82354736328125,4618140,0.0,0.0
2014-07-04,372.6880309422616,377.14093280470735,371.1779207646329,374.7983093261719,4327275,0.0,0.0
2014-07-07,375.10806622584136,376.00831849478715,370.7616622150302,372.3008117675781,3179705,0.0,0.0
2014-07-08,372.45573360965125,373.07525162843643,358.554938024255,365.5730895996094,4531395,0.0,0.0
2014-07-09,363.95650165266164,370.1518293857829,360.9362516874654,362.7367858886719,5950625,0.0,0.0
2014-07-10,363.02716105561507,375.32103741408866,353.3372926349971,360.5006408691406,8857260,0.0,0.0
2014-07-11,360.1230707442937,363.0465123318949,349.9588528138531,351.7109680175781,5105850,0.0,0.0
2014-07-14,351.93368105010154,360.2683564793973,349.90083122283517,357.5094909667969,3296985,0.0,0.0
2014-07-15,359.10665779285836,368.51582063789544,358.5548788769242,367.6349182128906,3557585,0.0,0.0
2014-07-16,374.1207201943099,382.36824745376055,369.0192312520032,380.19989013671875,6120160,0.0,0.0
2014-07-17,381.4002276091011,381.59384360221355,376.79243875623075,378.3412780761719,3613160,0.0,0.0
2014-07-18,376.5601073421167,389.11533883799166,374.14005523837557,386.39520263671875,6500310,0.0,0.0
2014-07-21,389.91878013162204,394.5652978599688,387.71169381169403,391.72900390625,5750940,0.0,0.0
2014-07-22,393.86833604496684,394.1103412623026,387.6342792830654,390.3641052246094,5523135,0.0,0.0
2014-07-23,390.8480648486699,395.5429418213233,384.11061920392655,387.2179870605469,8698735,0.0,0.0
2014-07-24,387.20835533912043,389.3186337857219,383.8202822299031,386.5694580078125,4828895,0.0,0.0
2014-07-25,387.01471215620194,388.9507537968866,381.66155820137493,384.449462890625,4277980,0.0,0.0
2014-07-28,390.54800568056993,394.32328091257756,381.0129948408741,382.70703125,5838272,0.0,5.0
2014-07-30,387.1115485766744,390.79004568912075,379.6093866680503,388.85400390625,3945078,0.0,0.0
2014-07-31,389.1443880810564,390.4512221583158,377.5765269172098,379.1253662109375,5899359,0.0,0.0
2014-08-01,375.59207476633156,384.30426206761246,372.5912043431158,374.6240539550781,4556225,0.0,0.0
2014-08-04,379.1737757727819,381.64221710416336,374.81768198211927,378.3509521484375,3189855,0.0,0.0
2014-08-05,379.94816788138974,382.8522303110564,374.4788562138476,380.3837890625,4565734,0.0,0.0
2014-08-06,379.46418970974696,379.5125789376915,369.9775967836646,370.94561767578125,3328178,0.0,0.0
2014-08-07,367.8963106310556,374.18844612878,367.8963106310556,368.9127502441406,3629281,0.0,0.0
2014-08-08,363.00782566121967,365.2342618419475,357.2480896774007,359.1357421875,4082447,0.0,0.0
2014-08-11,362.0397557168111,365.81503068360325,360.6845325930458,364.7018127441406,2245416,0.0,0.0
2014-08-12,364.94382631841967,370.89714808080146,362.57216364107,369.63873291015625,2849902,0.0,0.0
2014-08-13,366.0570509491267,368.47710289185744,360.1037290783389,361.9429626464844,2422893,0.0,0.0
2014-08-14,361.5558140915608,367.3155503897346,359.13576178840447,365.7182922363281,2695108,0.0,0.0
2014-08-18,365.7182447459334,383.82024543956675,363.8306219195814,382.07781982421875,5628495,0.0,0.0
2014-08-19,384.59467651399575,389.04757838588273,382.6102455642891,385.1271057128906,4398164,0.0,0.0
2014-08-20,385.6594806686584,386.1434910684789,379.8029666474903,381.59381103515625,2593423,0.0,0.0
2014-08-21,382.17457301528117,389.28953130080123,380.52895549656625,385.9014587402344,4041960,0.0,0.0
2014-08-22,387.2083158130003,392.0484197606628,387.2083158130003,389.91876220703125,3805460,0.0,0.0
2014-08-25,389.62836898755876,394.3232757395898,384.9818810001436,385.998291015625,3188868,0.0,0.0
2014-08-26,378.4961276985625,387.4503199778763,377.52810691160965,384.88507080078125,2960035,0.0,0.0
2014-08-27,386.2886854367196,389.6767582105245,383.965441443012,385.998291015625,2117053,0.0,0.0
2014-08-28,386.7243114589069,389.0475554817442,379.6093526363767,384.5462646484375,3524112,0.0,0.0
2014-09-01,386.19192180154704,393.8876696721944,384.7882797819085,392.4356384277344,3827810,0.0,0.0
2014-09-02,393.9844896879295,398.63097799535234,393.30686326983977,396.16253662109375,3827990,0.0,0.0
2014-09-03,397.856546879705,401.63182207315316,395.04929248158453,400.47021484375,3913893,0.0,0.0
2014-09-04,398.2437582195168,404.0034938975303,395.920514166965,403.0838623046875,3577070,0.0,0.0
2014-09-05,402.69667413801324,405.8427419047165,400.47023799669944,402.6482849121094,3236260,0.0,0.0
2014-09-08,404.29386847573363,409.90840666385645,401.48661415249694,407.29473876953125,2644489,0.0,0.0
2014-09-09,407.2463749115437,408.5047901736171,402.45465998739644,405.3103332519531,2014481,0.0,0.0
2014-09-10,405.6006853669202,405.6006853669202,401.2929813071039,403.1806335449219,1554785,0.0,0.0
2014-09-11,405.01989123175366,410.2471975714075,402.8418444617604,405.11669921875,2920679,0.0,0.0
2014-09-12,404.6327125591889,406.3267490352142,400.9058264036029,403.6163024902344,2314502,0.0,0.0
2014-09-15,401.6318158269026,401.6318158269026,396.5981254944733,398.4857482910156,1665845,0.0,0.0
2014-09-16,397.8565504837512,400.7606128960414,384.64307241616115,386.385498046875,3811175,0.0,0.0
2014-09-17,388.1763592342531,389.822006489064,382.9974417999794,385.2239074707031,2328500,0.0,0.0
2014-09-18,382.94902241101386,393.4036349073697,381.20656730052156,392.33880615234375,3458236,0.0,0.0
2014-09-19,394.6620967440907,397.7597456165194,385.4658990330027,394.6136779785156,4701389,0.0,0.0
2014-09-22,390.88680284056835,398.82458553436936,389.19276637288596,395.1461181640625,2407552,0.0,0.0
2014-09-23,393.98451762460843,396.54976717501273,385.36913727530043,386.337158203125,2235528,0.0,0.0
2014-09-24,386.24030186727606,388.0795354916473,380.5773742398393,384.30426025390625,3007551,0.0,0.0
2014-09-25,381.8842666198437,382.7070903396497,363.2498632423228,365.7667236328125,6647739,0.0,0.0
2014-09-26,363.00780765879597,379.2705456252496,358.40970876178454,377.0924987792969,6000406,0.0,0.0
2014-09-29,379.1737477264394,379.1737477264394,372.20398636025084,373.70440673828125,3209235,0.0,0.0
2014-09-30,372.6880620441654,373.3172697470779,364.4114948206257,365.62152099609375,4660370,0.0,0.0
2014-10-01,363.5886032981553,369.299919872786,362.0397641741074,367.79949951171875,3024329,0.0,0.0
2014-10-07,365.4278940543411,372.6396616609492,360.394173498388,361.6526184082031,3348273,0.0,0.0
2014-10-08,360.82975281889014,368.08990881122196,360.4425504076292,366.8798828125,3182969,0.0,0.0
2014-10-09,368.8159336263935,377.33450505359724,368.8159336263935,375.0112609863281,3069354,0.0,0.0
2014-10-10,371.7200050927012,371.9620103043501,365.47625881549897,367.0735168457031,2560762,0.0,0.0
2014-10-13,363.927441862664,376.56010184305194,361.0717686052914,374.5272521972656,2666892,0.0,0.0
2014-10-14,376.7537634921123,387.8860043561094,375.15650530004103,384.401123046875,4935617,0.0,0.0
2014-10-15,384.401123046875,384.401123046875,384.401123046875,384.401123046875,0,0.0,0.0
2014-10-16,382.3682660441334,389.5800337646655,377.77016664233685,381.0614318847656,4382823,0.0,0.0
2014-10-17,383.2394410775992,392.04843654786924,381.93260704744273,388.7571716308594,4816107,0.0,0.0
2014-10-20,400.6154349083479,405.9879388122382,396.8885487254009,404.4875183105469,6484171,0.0,0.0
2014-10-21,405.6007068565256,411.2152155643713,404.63268607643846,409.52117919921875,3970498,0.0,0.0
2014-10-22,413.3449062140819,414.2161190776312,406.3267549961613,410.87646484375,2526798,0.0,0.0
2014-10-27,411.0216171878787,415.2325133672071,406.90752899207536,413.1512451171875,2876993,0.0,0.0
2014-10-28,413.53849229454715,416.82975706417784,409.0855907630938,410.6344299316406,1995946,0.0,0.0
2014-10-29,413.2965064616161,415.28093735258443,408.9888019381513,411.9412536621094,1931522,0.0,0.0
2014-10-30,411.4088760181925,417.507395775448,408.5048133639464,416.4425964355469,4258888,0.0,0.0
2014-10-31,418.18500972930127,426.3163790101517,417.9430045153376,425.3483581542969,3941516,0.0,0.0
2014-11-03,427.8652236827098,432.705328023012,423.4123217813014,431.01129150390625,3817449,0.0,0.0
2014-11-05,431.0112987339954,446.0156224406252,429.46245941078683,443.30517578125,4713467,0.0,0.0
2014-11-07,447.12882768319275,457.29304667585563,445.62840717236526,454.0501708984375,6220448,0.0,0.0
2014-11-10,455.9378087543898,460.19709447773533,443.9827456526058,445.7735900878906,4280640,0.0,0.0
2014-11-11,446.25762923085637,453.7114018828269,446.25762923085637,451.7753601074219,3472821,0.0,0.0
2014-11-12,454.00179674106636,467.26369473118734,451.4365472946767,465.76324462890625,5416022,0.0,0.0
2014-11-13,468.47367193809237,470.3612947487709,455.01815935821196,458.45465087890625,5237971,0.0,0.0
2014-11-14,459.80987529387323,464.407974046812,455.50217096130217,461.64910888671875,2753729,0.0,0.0
2014-11-17,462.61716354810716,462.61716354810716,455.9378255157609,460.6811218261719,2141989,0.0,0.0
2014-11-18,460.6327329301393,464.55320560320905,456.131441831742,458.8418884277344,2773087,0.0,0.0
2014-11-19,460.68109193782476,460.68109193782476,452.06571274249694,455.16339111328125,2667750,0.0,0.0
2014-11-20,455.9378561651231,456.6154826300132,448.09688075586337,451.7269592285156,2510781,0.0,0.0
2014-11-21,452.54970183696685,467.0700131258535,451.1944786916672,461.697509765625,4741296,0.0,0.0
2014-11-24,463.68195443214614,467.1184163905053,460.10026572321283,462.859130859375,3562884,0.0,0.0
2014-11-25,463.68200359455903,464.55321648212634,451.72693976474034,455.6958312988281,3474162,0.0,0.0
2014-11-26,455.8410418445748,458.5999073538735,449.16170345582543,455.2602233886719,3726653,0.0,0.0
2014-11-27,455.2117701014719,457.3898168483689,447.85480629251214,454.3889465332031,7283496,0.0,0.0
2014-11-28,456.7122258713803,470.2645177909068,455.98621023283425,465.8116455078125,5227699,0.0,0.0
2014-12-01,468.90925606912555,477.42785658809055,465.763188559987,473.5073547363281,4634567,0.0,0.0
2014-12-02,473.362139471646,478.9766479186585,469.0060461636247,477.2342224121094,4191689,0.0,0.0
2014-12-03,478.20229635531865,484.6880478189037,474.95942062352617,483.0907897949219,3424250,0.0,0.0
2014-12-04,485.36564864136153,486.62409347228527,475.49185368903545,483.9620361328125,2709507,0.0,0.0
2014-12-05,485.9464647415607,490.20575055606474,480.6223500880177,482.6067810058594,2798293,0.0,0.0
2014-12-08,483.9620531181406,486.9145049997883,479.6543483646026,480.71917724609375,2150646,0.0,0.0
2014-12-09,480.0899208401861,480.138310062847,471.4261229850937,473.1685485839844,2722580,0.0,0.0
2014-12-10,472.92656061987554,480.283524773048,470.94212975207193,473.60418701171875,3317262,0.0,0.0
2014-12-11,473.16859219670215,478.87993899630675,464.7468283036163,474.8142395019531,3583840,0.0,0.0
2014-12-12,475.4918026953631,477.7666278172659,466.1503788544311,467.94122314453125,2915819,0.0,0.0
2014-12-15,464.6500045064237,471.8133528342341,460.100294728971,461.5039367675781,2929634,0.0,0.0
2014-12-16,459.8099158982099,461.2619472115727,450.3717123613519,456.9058532714844,5702983,0.0,0.0
2014-12-17,453.3725678874195,465.1340152256909,449.35528729588174,459.6647033691406,5852857,0.0,0.0
2014-12-18,467.55410976921473,474.33025628760913,464.6500469756171,472.3458251953125,3782348,0.0,0.0
2014-12-19,481.00950617021954,481.00950617021954,472.68452178759804,474.5721740722656,3189647,0.0,0.0
2014-12-22,475.6854386702643,484.73643950494767,470.94214242467706,482.3647766113281,2813921,0.0,0.0
2014-12-23,484.9783977195742,489.81850148923064,476.79861053219526,478.0086364746094,3753789,0.0,0.0
2014-12-24,478.2023118532301,481.78400090441943,475.4918652221401,478.4927062988281,3181539,0.0,0.0
2014-12-26,479.89635478971974,484.0104435599796,472.39419291454004,478.637939453125,2133879,0.0,0.0
2014-12-29,479.17028505739944,483.62318654404055,475.4918179180631,478.299072265625,2230958,0.0,0.0
2014-12-30,479.2186769455169,483.96200241690303,474.3301838066189,482.8487548828125,1996949,0.0,0.0
2014-12-31,484.0587938714665,488.8505086941386,483.0423838383667,486.3336486816406,2356002,0.0,0.0
2015-01-01,486.57568818231834,487.88252227531495,483.09080711487843,486.962890625,1351985,0.0,0.0
2015-01-02,487.10805121382725,500.3699472509581,485.6560200947975,497.8530578613281,3852825,0.0,0.0
2015-01-05,500.3699674474825,503.7580401953052,498.6274827676766,500.9991455078125,2561430,0.0,0.0
2015-01-06,497.12709201587757,497.12709201587757,480.8643536730861,483.0907897949219,5284530,0.0,0.0
2015-01-07,482.848749453623,489.18930323779546,478.68627194898727,482.70355224609375,4245189,0.0,0.0
2015-01-08,489.8185438649972,490.78656470267504,478.83150144902316,485.8980712890625,5637844,0.0,0.0
2015-01-09,488.7537383107789,489.7217591945561,471.42617039949755,479.1219482421875,5078463,0.0,0.0
2015-01-12,479.17033926201674,487.68891125445805,476.4114738246018,485.5108642578125,2290147,0.0,0.0
2015-01-13,487.8825056909688,495.3362780112415,484.3008167491958,488.36651611328125,4069260,0.0,0.0
2015-01-14,488.36655712672484,489.5765832841251,478.3959534064088,483.6232604980469,2973231,0.0,0.0
2015-01-15,506.71050320281313,507.1945136062768,494.75544032892947,497.611083984375,6670800,0.0,0.0
2015-01-16,500.07955341959297,504.8228792742839,496.20746997357736,498.3371276855469,6920742,0.0,0.0
2015-01-19,502.838409460088,514.7934425423255,500.3215199647275,512.0346069335938,6113156,0.0,0.0
2015-01-20,515.5194360985705,536.9611192405222,514.1157942012104,533.7666625976562,6934581,0.0,0.0
2015-01-21,535.3155709968522,538.9940386915613,528.1038032960557,529.7494506835938,4459351,0.0,0.0
2015-01-22,532.1210567709578,549.0130319029765,530.2817935789446,546.6897583007812,5546866,0.0,0.0
2015-01-23,552.7399249067274,558.9352821992495,542.3820896285916,547.0770263671875,4975114,0.0,0.0
2015-01-27,552.6431061160342,578.6828305518213,548.867801309684,573.1651000976562,5376830,0.0,0.0
2015-01-28,571.1322238975486,580.6188151218995,564.7917000082265,571.7130126953125,6370073,0.0,0.0
2015-01-29,570.1158832072889,582.7485433010581,563.4849050303765,580.3284912109375,5424486,0.0,0.0
2015-01-30,583.4746837712484,584.7330993107074,565.0338947155062,569.2931518554688,4497194,0.0,0.0
2015-02-02,567.2602240315575,601.1409541358315,565.711414288684,597.5592651367188,6307718,0.0,0.0
2015-02-03,603.0769857704632,605.5938163313685,565.8081832790301,567.8410034179688,9290016,0.0,0.0
2015-02-04,572.100350935774,573.0683718341426,535.5575620223638,540.7364501953125,10773056,0.0,0.0
2015-02-05,544.4149058135786,560.0000166096725,540.7363796132889,547.802978515625,6865785,0.0,0.0
2015-02-06,549.8358689231736,553.2239420591438,528.2974039873627,545.1409912109375,7706020,0.0,0.0
2015-02-09,537.2516764272206,551.3847599575654,532.4115712341825,535.8964233398438,4334546,0.0,0.0
2015-02-10,529.4106676979984,551.5783114381414,523.2153101425431,536.38037109375,9809275,0.0,0.0
2015-02-11,541.4624079011567,554.3371317377596,537.7355514747509,551.0458374023438,6200994,0.0,0.0
2015-02-12,554.6758851284085,562.9040614348509,545.9636984509989,560.2420043945312,5849894,0.0,0.0
2015-02-13,563.5333147780644,569.9222282254892,558.0639737953197,562.516845703125,4633409,0.0,0.0
2015-02-16,564.3561943514386,565.3242152679934,547.9966172283396,552.0623168945312,4284303,0.0,0.0
2015-02-18,553.7079550832693,555.6439968842598,545.9637878793075,551.2879028320312,4695905,0.0,0.0
2015-02-19,555.6440112229102,557.1928210703476,535.5575770192946,547.173828125,5349212,0.0,0.0
2015-02-20,548.3354161422325,552.5462831591296,536.2835448783949,543.543701171875,6025707,0.0,0.0
2015-02-23,545.4797340043255,548.8678068863398,528.5877588187644,531.4918212890625,6089272,0.0,0.0
2015-02-24,532.3146655450947,537.9291744105371,524.6672775344274,534.1538696289062,6155111,0.0,0.0
2015-02-25,536.4771886415793,540.736445104316,532.5082675456516,535.3155517578125,4185156,0.0,0.0
2015-02-26,534.9767211494669,539.8168251711456,526.409701581115,534.6378784179688,5579001,0.0,0.0
2015-02-27,537.8323731783646,552.1106810490853,532.7502635972606,549.0130615234375,5791546,0.0,0.0
2015-03-02,609.8531046682023,629.213520689415,608.5946894434836,626.8418579101562,13205219,0.0,0.0
2015-03-03,628.2455169515135,628.2455169515135,608.4494792155026,611.2083740234375,6817671,0.0,0.0
2015-03-04,630.0848047972601,633.9568882580924,588.7019128096147,593.15478515625,10097232,0.0,0.0
2015-03-05,593.3966675674828,602.1088535513447,584.2004712511841,597.0751342773438,6914112,0.0,0.0
2015-03-09,590.4926979624203,590.4926979624203,570.3094875752222,572.6810913085938,6043383,0.0,0.0
2015-03-10,572.9715291139736,575.7787539544039,561.4520580820731,566.727783203125,5791801,0.0,0.0
2015-03-11,566.5341467329752,573.7459131727201,561.4520377703982,565.1788940429688,5816344,0.0,0.0
2015-03-12,568.7122540228763,574.520379170344,564.065765721563,565.4209594726562,4512080,0.0,0.0
2015-03-13,570.6483191239206,572.0519612420742,546.060564692044,551.7719116210938,6749149,0.0,0.0
2015-03-16,551.2878683658614,555.4503461610941,541.2204279967983,550.4166259765625,6445254,0.0,0.0
2015-03-17,556.5152278480625,567.066619995819,548.9162284859453,561.5488891601562,5627580,0.0,0.0
2015-03-18,565.5662332251765,567.0666538629416,557.338055249286,562.6621704101562,5847672,0.0,0.0
2015-03-19,569.196258763075,576.5048043505999,540.6396437400975,545.5281372070312,7705218,0.0,0.0
2015-03-20,544.9957497586025,545.9637706285113,534.0571257452951,538.4616088867188,8160665,0.0,0.0
2015-03-23,541.9949618159916,544.027782208714,534.9768098213062,537.4452514648438,4191424,0.0,0.0
2015-03-24,536.2351785507558,547.899818343709,533.6215103568367,540.2040405273438,6309451,0.0,0.0
2015-03-25,541.9463683335349,549.0129667502255,536.1866924025238,544.2212524414062,5578540,0.0,0.0
2015-03-26,542.0916141864859,543.4952560755925,520.3111475450646,526.8936767578125,9233047,0.0,0.0
2015-03-27,530.4754455264606,533.6215134059514,509.27576448979966,528.9266357421875,10655577,0.0,0.0
2015-03-30,534.8315186506784,547.3674004520021,531.7822293454119,545.5281372070312,6631597,0.0,0.0
2015-03-31,549.7390504941278,555.1599434841921,539.4296050681187,542.2852783203125,5970862,0.0,0.0
2015-04-01,539.8652443974005,553.7079308520407,537.493581478314,551.43310546875,3753262,0.0,0.0
2015-04-06,553.6595178882669,553.6595178882669,544.124477394479,550.8522338867188,4305263,0.0,0.0
2015-04-07,552.7399355172873,554.675977322952,537.2516010719693,540.0104370117188,6754389,0.0,0.0
2015-04-08,543.8340901782525,545.9637478197418,533.4762554862883,538.122802734375,5750765,0.0,0.0
2015-04-09,542.0916127895289,558.5479653206396,537.3482875443018,553.8530883789062,9653162,0.0,0.0
2015-04-10,555.0632247680477,556.4184186197517,547.3190573298234,549.88427734375,4938698,0.0,0.0
2015-04-13,551.7719249927535,553.3691831457926,544.0277576244341,547.8998413085938,4596222,0.0,0.0
2015-04-15,548.7710002412804,555.1599137143509,524.0380222067218,532.6050415039062,8869483,0.0,0.0
2015-04-16,534.3474888431876,538.6068040542439,525.683690749088,533.1858520507812,7288785,0.0,0.0
2015-04-17,532.411479869778,532.7502635418275,514.7934881737897,516.6327514648438,6618167,0.0,0.0
2015-04-20,517.0198946437555,521.0372046669842,490.78655414056846,501.6767883300781,7836613,0.0,0.0
2015-04-21,501.6768816606275,515.6647968829747,500.0312341491785,506.4685974121094,7204472,0.0,0.0
2015-04-22,510.0985650426863,527.5713284148104,503.6612031819195,522.8280029296875,6947536,0.0,0.0
2015-04-23,525.877324016721,531.1530494383355,518.4235516939789,520.9888305664062,5464184,0.0,0.0
2015-04-24,520.795138580192,521.0371437561122,503.2739874768901,510.388916015625,6533254,0.0,0.0
2015-04-27,512.4702743164164,523.4572876027261,505.64567988823865,507.4365539550781,7839080,0.0,0.0
2015-04-28,507.1462258775936,522.1989406211493,502.499677807789,517.8912353515625,6322607,0.0,0.0
2015-04-29,518.7623508270879,541.9948491526159,518.1331136974521,534.299072265625,9301407,0.0,0.0
2015-04-30,545.2861787585769,563.7754139955088,541.1237005708475,549.6422729492188,15658642,0.0,0.0
2015-05-04,553.127071052273,557.5799427954457,544.8020572897241,550.174560546875,4309985,0.0,0.0
2015-05-05,550.8039283408295,555.8860384002132,544.5117920768306,547.754638671875,5385676,0.0,0.0
2015-05-06,546.0121530137646,547.803027050639,523.8929000468289,525.9257202148438,7698992,0.0,0.0
2015-05-07,522.3924514686631,527.3777231684129,506.5652758442956,510.4857482910156,5848608,0.0,0.0
2015-05-08,518.6171222126328,530.4753765236076,516.4390755024538,523.505615234375,10010992,0.0,0.0
2015-05-11,528.0553038788945,534.3474385722269,525.7320305126534,533.4761962890625,6700085,0.0,0.0
2015-05-12,535.3155205295286,536.1867629123552,512.9542629255403,515.3258666992188,4943428,0.0,0.0
2015-05-13,520.7952208762309,546.1573791370503,518.0847742942794,540.6396484375,7971625,0.0,0.0
2015-05-14,539.5748203346877,540.930014011693,529.9913907319673,538.0743408203125,4929250,0.0,0.0
2015-05-15,540.6395879646336,549.1581587336299,539.1875568420786,544.0760498046875,5825462,0.0,0.0
2015-05-18,545.2861074444219,551.6266318982393,540.7848461527657,549.351806640625,3944770,0.0,0.0
2015-05-19,547.8997831999119,552.6431088432672,540.7364055106206,543.4953002929688,6047850,0.0,0.0
2015-05-20,544.7537379044884,548.7225997894402,538.7036075412667,540.3976440429688,4763209,0.0,0.0
2015-05-21,542.0916895787007,553.7079400696729,542.0916895787007,552.20751953125,6157883,0.0,0.0
2015-05-22,553.0303077299799,558.209254801833,545.7217620241883,550.465087890625,4265332,0.0,0.0
2015-05-25,549.9326369849169,551.5298950664351,542.2853075011137,544.12451171875,3426379,0.0,0.0
2015-05-26,544.9956625827288,548.6741294833242,540.3491749670661,546.2056884765625,2475418,0.0,0.0
2015-05-27,544.0277307502371,560.9680960316056,543.3017150953212,559.3224487304688,4120709,0.0,0.0
2015-05-28,560.4356711099676,567.0665901593638,552.1591048336015,556.273193359375,8272414,0.0,0.0
2015-05-29,557.0960130719908,568.5186475702724,556.3216081893337,566.679443359375,3421723,0.0,0.0
2015-06-01,568.1313241215865,570.0673653568507,558.6446748021604,559.9515380859375,3142413,0.0,0.0
2015-06-02,563.38818206597,563.7754140718475,530.8627024047634,535.412353515625,6978299,0.0,0.0
2015-06-03,535.5574789335101,536.2834944946491,521.3275621185269,533.2826538085938,5114150,0.0,0.0
2015-06-04,542.0917242957427,542.0917242957427,528.5394311883491,538.6068725585938,7432416,0.0,0.0
2015-06-05,538.2196059070097,539.4296319994266,528.5877863947106,530.8626708984375,7028734,0.0,0.0
2015-06-08,529.5075081183597,539.6717290237395,526.6034450025369,535.8964233398438,6286247,0.0,0.0
2015-06-09,534.3958897715535,545.9637505583783,532.8470800699572,540.833251953125,5252618,0.0,0.0
2015-06-10,541.0268609374893,549.5454323526712,540.9784126297576,546.44775390625,7919473,0.0,0.0
2015-06-11,549.7391081361205,551.9655444517998,527.6197945017915,529.2654418945312,7608358,0.0,0.0
2015-06-12,529.5072987065682,534.831412313307,523.5055588241315,533.8150024414062,5518696,0.0,0.0
2015-06-15,536.1866930023018,537.2514921462106,527.9100686944944,532.4597778320312,5896234,0.0,0.0
2015-06-16,532.4114107110465,536.235104477358,522.7795924642508,533.524658203125,6283177,0.0,0.0
2015-06-17,535.4123427171869,539.5748799048367,530.0882277019494,531.6854858398438,4522392,0.0,0.0
2015-06-18,534.0570356311894,537.0578761882375,529.8945584095985,532.4597778320312,5579425,0.0,0.0
2015-06-19,536.283528032406,537.6387807979384,530.7174083822501,533.911865234375,6783585,0.0,0.0
2015-06-22,538.7519294297912,557.4831661431218,538.7519294297912,553.8530883789062,7325101,0.0,0.0
2015-06-23,557.1927510775051,560.9680558459405,548.1901694181217,553.0302734375,6608481,0.0,0.0
2015-06-24,553.7078873441601,558.9352232006592,549.0613994068831,553.223876953125,5427984,0.0,0.0
2015-06-25,549.9325990668328,559.4192502807747,548.9161890319966,551.8202514648438,5953158,0.0,0.0
2015-06-26,549.9325406570465,551.4814092400364,542.0915965544872,547.4157104492188,4432487,0.0,0.0
2015-06-29,536.28352939173,549.1581943637159,528.5393629023187,544.705322265625,5390158,0.0,0.0
2015-06-30,543.1080764633558,547.8997914027078,535.3155205754372,541.0752563476562,5479844,0.0,0.0
2015-07-01,540.930074142015,561.936139762011,539.0424215457912,560.1453247070312,7663185,0.0,0.0
2015-07-02,561.5489135188599,567.8894978279936,557.6768298287914,565.32421875,9886455,0.0,0.0
2015-07-03,563.2428713152774,569.6802331825206,562.4200772795997,567.2117919921875,4422432,0.0,0.0
2015-07-06,557.096088735211,567.0666932764505,555.1600467239679,565.5178833007812,4973984,0.0,0.0
2015-07-07,566.5826759291714,571.8584021627394,562.7589811864948,567.4539184570312,4969526,0.0,0.0
2015-07-08,559.5160941650753,566.2922406342025,556.5152529334995,558.2092895507812,6414143,0.0,0.0
2015-07-09,561.9172918778517,563.4298372919453,552.6959821687129,557.8677368164062,3602432,4.6,0.0
2015-07-10,560.3072501895216,568.8943223893771,556.9894893230629,564.1128540039062,6853759,0.0,0.0
2015-07-13,564.1128658637336,569.3334585263474,556.3552634966039,567.8697509765625,5161182,0.0,0.0
2015-07-14,568.5039279179947,573.4317904570883,564.8934973267469,569.7725219726562,4566647,0.0,0.0
2015-07-15,570.4067980231692,575.1882663229353,567.4306046995398,569.8701171875,3307716,0.0,0.0
2015-07-16,573.187968696084,598.607680931377,572.7976228128778,593.923828125,14142842,0.0,0.0
2015-07-17,589.8741213461269,595.1434921591836,584.0192913575797,587.5321655273438,5847889,0.0,0.0
2015-07-20,585.4829936873026,588.8007544748947,576.0176733776759,585.3854370117188,4688323,0.0,0.0
2015-07-21,582.165216173772,586.4587818274863,568.6503412811442,570.50439453125,4375934,0.0,0.0
2015-07-22,568.7479172838385,579.1402642997766,564.9910918779624,575.5785522460938,5900119,0.0,0.0
2015-07-23,575.7248791320932,584.0679989434284,567.3329809884443,569.6260986328125,5569255,0.0,0.0
2015-07-24,573.4318135440318,579.3842000283278,561.1854135430219,566.406005859375,13673495,0.0,0.0
2015-07-27,563.5273977905449,565.4302294869746,540.3520286173407,542.3524169921875,9829067,0.0,0.0
2015-07-28,545.0845645196587,550.3539345246381,537.1317907398488,547.6704711914062,8129213,0.0,0.0
2015-07-29,549.6709601043661,554.4036502230064,548.4024254802403,553.4766235351562,4635380,0.0,0.0
2015-07-30,557.57504025819,561.8197684850367,549.4758105386386,552.012939453125,6484751,0.0,0.0
2015-07-31,553.9644886419086,565.2838023737164,553.2814132570701,559.6241455078125,6283549,0.0,0.0
2015-08-03,562.0635677910915,568.6014718975634,559.5264991209496,562.7466430664062,4355574,0.0,0.0
2015-08-04,564.8935347790751,570.3092405834135,557.818948573463,566.064453125,5903968,0.0,0.0
2015-08-05,567.9185029267219,575.2370403355714,562.5515754935656,566.3572387695312,3419273,0.0,0.0
2015-08-06,565.9669158661554,572.3096485439657,564.9423324991146,570.6019897460938,3125993,0.0,0.0
2015-08-07,570.7483824004453,570.7483824004453,562.0636938628797,566.2596435546875,2298504,0.0,0.0
2015-08-10,568.6502424184038,570.5530736740832,556.9405849168664,561.9660034179688,2402572,0.0,0.0
2015-08-11,563.7225428325994,566.7962927517015,552.6471206929282,557.4285888671875,3168648,0.0,0.0
2015-08-12,555.6233783467709,556.0136646029606,542.5475678170257,544.352783203125,4787034,0.0,0.0
2015-08-13,549.8659957011375,557.6236556444479,546.4506789576521,553.8179931640625,5982710,0.0,0.0
2015-08-14,551.4762317733545,560.356033646433,541.4253924042771,556.2088623046875,7528941,0.0,0.0
2015-08-17,555.964779677664,557.916389259683,546.4994612931922,547.8168334960938,4466163,0.0,0.0
2015-08-18,553.2813880113835,553.5253392406654,542.0596314644154,547.76806640625,2952439,0.0,0.0
2015-08-19,547.3290253058345,548.15843569759,539.4249694031876,540.595947265625,4135059,0.0,0.0
2015-08-20,536.6927860659514,539.6202012626748,516.688782221675,520.4944458007812,8909772,0.0,0.0
2015-08-21,514.2492123699313,516.1032656117061,501.85647750360437,512.59033203125,10454764,0.0,0.0
2015-08-24,494.44036434302785,494.44036434302785,463.60492294840583,470.3867492675781,17627734,0.0,0.0
2015-08-25,477.1686365101993,494.00127246071247,471.80170910568785,490.7811279296875,14248966,0.0,0.0
2015-08-26,487.41455041284013,489.756476230755,476.8270612298138,483.6089172363281,6910566,0.0,0.0
2015-08-27,493.4646149967954,499.61217476681395,484.43841848001216,496.9287109375,11302689,0.0,0.0
2015-08-28,503.5153605545449,516.1032683917718,490.0980423227135,495.85528564453125,10015309,0.0,0.0
2015-08-31,494.4403520749413,505.3693788076771,489.85405715799635,495.4649353027344,6111825,0.0,0.0
2015-09-01,487.9024596938822,488.87826461326995,465.6053113300312,468.48394775390625,8843551,0.0,0.0
2015-09-02,471.36258190321746,476.1928284477194,453.3589979575017,455.31060791015625,11537443,0.0,0.0
2015-09-03,459.6041523462089,477.65654474197294,457.40859110888624,475.11944580078125,8651466,0.0,0.0
2015-09-04,471.4113568386071,471.70408639921925,451.3097697853023,456.67669677734375,8969600,0.0,0.0
2015-09-07,458.28677640535903,460.77509682801985,435.9408496111273,438.9658508300781,9743637,0.0,0.0
2015-09-08,441.3077887441717,464.09284028802,439.112227606141,462.4339599609375,12602488,0.0,0.0
2015-09-09,472.4847497837287,483.02343091008595,463.6049191384301,474.4851379394531,11672474,0.0,0.0
2015-09-10,466.2396106290082,475.2170284163167,460.67754007358866,470.9234924316406,8384392,0.0,0.0
2015-09-11,476.19285460633114,481.7549551886204,463.1170731610969,469.6061706542969,7212180,0.0,0.0
2015-09-14,468.3864049297511,485.9508951146168,467.6545511720484,484.1944580078125,5537347,0.0,0.0
2015-09-15,485.0726022405736,486.4387230898,469.21577325319294,470.2403564453125,9567400,0.0,0.0
2015-09-16,475.65613372550433,484.97505906548355,474.2412046394869,482.2915954589844,7293528,0.0,0.0
2015-09-18,487.90245958286135,507.8089037572044,487.90245958286135,504.9302673339844,18814281,0.0,0.0
2015-09-21,498.197227571082,517.1766466082948,496.4407904942831,515.2250366210938,7516002,0.0,0.0
2015-09-22,518.15249508288,521.76298577386,492.9767360470333,497.36785888671875,7358434,0.0,0.0
2015-09-23,486.68274090248775,502.3931774872039,485.0726686177491,499.3194274902344,7602683,0.0,0.0
2015-09-24,497.6605122440238,505.66212454864814,493.95246543702405,501.51495361328125,6911468,0.0,0.0
2015-09-28,502.051666162156,509.37020356976757,492.7815187791813,494.4403991699219,6526803,0.0,0.0
2015-09-29,487.8049007807466,501.07585438935325,473.26541261701334,492.2936096191406,19935063,0.0,0.0
2015-09-30,496.4895125823934,497.6604903537299,479.6081000173691,483.6576843261719,12199436,0.0,0.0
2015-10-01,487.90246305297546,491.26900195972223,479.0226322695707,484.2431945800781,8137042,0.0,0.0
2015-10-05,492.2935855529161,502.441980614634,489.4149491072783,500.8318786621094,9558125,0.0,0.0
2015-10-06,504.83269088217344,506.00366878911336,492.7815230043423,494.14764404296875,8226452,0.0,0.0
2015-10-07,491.0738304113325,497.4653407831966,483.0234397488516,484.7798767089844,11251639,0.0,0.0
2015-10-08,487.90249674148015,488.34162090022954,472.4847897561315,479.608154296875,9941551,0.0,0.0
2015-10-09,483.02345780920814,487.17062891161044,474.97306684572135,478.58355712890625,10368020,0.0,0.0
2015-10-12,485.7557117399711,485.7557117399711,473.3630062439425,475.26580810546875,5566595,0.0,0.0
2015-10-13,475.21704096859025,480.1936524869362,473.2654309440786,479.0226745605469,7268043,0.0,0.0
2015-10-14,477.85169574292047,484.77988706189313,476.24159375267664,483.5113525390625,5645540,0.0,0.0
2015-10-15,484.97506131970806,489.85408608147577,483.5601322271139,486.6339416503906,5251039,0.0,0.0
2015-10-16,482.5355721653098,495.2210371565111,479.5105707115669,492.7815246582031,5875167,0.0,0.0
2015-10-19,489.85408399167636,496.4895457276909,489.02464382987364,494.3915710449219,4242869,0.0,0.0
2015-10-20,492.39119080891345,500.88067612851285,492.39119080891345,497.0750427246094,5729459,0.0,0.0
2015-10-21,496.97743011476007,502.2955788005313,492.7814809019297,499.3681640625,6245542,0.0,0.0
2015-10-23,502.7835495079683,514.7371613109234,502.7835495079683,512.9319458007812,11628906,0.0,0.0
2015-10-26,516.0543503287753,519.8112345851076,506.6378696403145,508.4430847167969,8015119,0.0,0.0
2015-10-27,504.73505713302495,515.7128616622593,503.17379320111655,509.1749572753906,13011580,0.0,0.0
2015-10-28,483.7065072771358,483.7065072771358,465.0198193701577,471.2161865234375,33157058,0.0,0.0
2015-10-29,473.26541786792274,474.6315388914943,455.7497064702012,457.603759765625,22054683,0.0,0.0
2015-10-30,460.5799739335971,466.825120166686,453.74933872695476,463.897705078125,16103533,0.0,0.0
2015-11-02,466.2395868043406,468.24000479192927,461.6533214697586,466.6787109375,10316509,0.0,0.0
2015-11-03,469.3621383097936,471.80165046317086,461.89723707629923,463.165771484375,9337442,0.0,0.0
2015-11-04,468.38637772817464,468.48396417937545,459.213817120172,461.0678405761719,6319148,0.0,0.0
2015-11-05,460.5799513850625,460.5799513850625,450.82190156758236,452.5783386230469,8078032,0.0,0.0
2015-11-06,450.8218808052862,456.1888079577301,448.38236846326623,453.8956604003906,9185858,0.0,0.0
2015-11-09,442.0396200133347,455.70088862301833,435.11139926258323,453.70050048828125,9643857,0.0,0.0
2015-11-10,451.7976569589688,462.04360814270353,451.0658033029878,457.0182189941406,7040567,0.0,0.0
2015-11-13,463.89762888314436,475.41214420775395,460.8726278326452,473.2165832519531,10014779,0.0,0.0
2015-11-16,472.2895907329505,473.26539567248136,465.45895615623425,469.8013000488281,6488927,0.0,0.0
2015-11-17,473.0214436995928,473.2653949340949,461.6045140132127,464.09283447265625,5944197,0.0,0.0
2015-11-18,463.2146303224555,465.16624025888177,451.0170682197913,452.3343811035156,6081331,0.0,0.0
2015-11-19,456.67671243457715,456.67671243457715,448.96785935573166,451.8464660644531,8717250,0.0,0.0
2015-11-20,451.7489394628797,454.09086552156043,447.16264402275897,448.72393798828125,11446890,0.0,0.0
2015-11-23,449.846063588685,453.0174295467398,447.6017242069735,451.50494384765625,7774882,0.0,0.0
2015-11-24,451.65133127137716,455.65213755949344,451.5049664833542,452.62713623046875,5388027,0.0,0.0
2015-11-26,453.8469100907664,457.2134194631175,453.26142113668635,454.04205322265625,26648537,0.0,0.0
2015-11-27,455.70093648145155,463.8976925522576,454.8227179344376,459.6041564941406,10288912,0.0,0.0
2015-11-30,457.8964630344638,462.921852464084,456.7742933217064,457.31097412109375,8926273,0.0,0.0
2015-12-01,459.6041092024182,459.9456468742265,447.06501024604466,450.4315490722656,11177827,0.0,0.0
2015-12-02,451.06584893061626,452.1880186941268,446.1868240638708,448.38238525390625,7152991,0.0,0.0
2015-12-03,448.8702412373311,454.09080325973594,447.5528987039464,451.30975341796875,8154164,0.0,0.0
2015-12-04,448.77269588165535,451.60252431443973,445.06464893927637,449.3581848144531,7000002,0.0,0.0
2015-12-07,451.7489210749165,454.28599016401535,449.1630140907742,451.1146240234375,6335649,0.0,0.0
2015-12-08,448.8702881835908,451.74892476949344,446.4307757478104,447.6993103027344,7003729,0.0,0.0
2015-12-09,445.991647548317,449.9436755259216,437.1606245226549,439.6977233886719,8745990,0.0,0.0
2015-12-10,441.06380360991164,443.6009022413842,434.3307559265741,439.06341552734375,10192522,0.0,0.0
2015-12-11,439.06343749931165,439.89284786141314,425.9876276933417,429.9884338378906,15589823,0.0,0.0
2015-12-14,421.5478110721748,430.7691813510622,419.1082982766182,420.9135437011719,10389129,0.0,0.0
2015-12-15,421.5477471330727,426.32918553128746,419.2545994972255,425.5485534667969,11058615,0.0,0.0
2015-12-16,426.426780413224,431.2082189059523,423.4993654447121,427.5489501953125,8881531,0.0,0.0
2015-12-17,431.3057947595946,432.91586699686087,421.0110642850462,425.0118408203125,11529678,0.0,0.0
2015-12-18,423.7921008939328,430.1348334134735,420.66954275183605,422.0844421386719,10297545,0.0,0.0
2015-12-21,422.0844321954798,432.4767790560445,421.6941161593132,431.6473388671875,5061836,0.0,0.0
2015-12-22,432.1840433666303,439.7465323759984,430.9155087348059,435.8921203613281,8722574,0.0,0.0
2015-12-23,439.1122024671166,441.74688759360015,437.35576556892903,441.0638122558594,4493436,0.0,0.0
2015-12-24,441.8444432931861,444.23517719084725,437.59971583531717,439.84405517578125,3633255,0.0,0.0
2015-12-28,439.11220154214465,445.55251978726983,437.55090775859884,444.332763671875,5914945,0.0,0.0
2015-12-29,444.3816170759379,448.77273983316894,440.2832537033799,447.26025390625,5987050,0.0,0.0
2015-12-30,446.91869576818226,448.87030579337085,442.62515966860855,444.0888671875,3766369,0.0,0.0
2015-12-31,444.967056984968,444.967056984968,437.35579029032766,438.2340087890625,6329611,0.0,0.0
2016-01-01,438.86828364837754,441.9420633367666,434.7698908777226,439.0146484375,3345654,0.0,0.0
2016-01-04,438.0388290063615,438.0388290063615,425.59731609531656,427.7928771972656,5862854,0.0,0.0
2016-01-05,429.2565848409614,429.2565848409614,423.1090256637138,425.89007568359375,5579449,0.0,0.0
2016-01-06,428.67110409776717,428.67110409776717,419.5961299432346,420.2792053222656,5756267,0.0,0.0
2016-01-07,414.7171029829003,414.86346776928883,397.1526139153892,399.3481750488281,13787371,0.0,0.0
2016-01-08,403.49531783499737,408.61829345442595,400.08000075537825,403.69049072265625,11307470,0.0,0.0
2016-01-11,400.0800274453379,413.1558077523448,397.54292863252675,407.1058349609375,10352347,0.0,0.0
2016-01-12,409.6429246142363,410.47236481506786,391.29780263671574,396.2744140625,13070476,0.0,0.0
2016-01-13,400.08000752771903,401.4949365391931,382.9546435074207,396.85986328125,15873927,0.0,0.0
2016-01-14,385.24777692730765,392.2735843801256,379.34416897456174,381.1494140625,11776737,0.0,0.0
2016-01-15,382.9546695586814,386.27240047632716,360.0720312695704,365.19500732421875,13178892,0.0,0.0
2016-01-18,363.24341400511474,374.0748555431097,357.87648646440783,364.1704406738281,14117119,0.0,0.0
2016-01-19,366.9027077866571,386.4188092646708,366.9027077866571,383.49139404296875,14215698,0.0,0.0
2016-01-20,376.27040542510593,383.8816723408625,365.58532900567394,378.2220153808594,15605644,0.0,0.0
2016-01-21,390.32197070983744,402.47075395986235,388.07763128993713,399.2505798339844,28200956,0.0,0.0
2016-01-22,409.2525610930749,417.3029513604892,404.5687095764418,413.88763427734375,15009103,0.0,0.0
2016-01-25,419.3522312384698,419.3522312384698,405.1542793001942,410.6675720214844,10252421,0.0,0.0
2016-01-27,413.83888010550476,416.1808060005464,401.64131838215934,405.349365234375,8648945,0.0,0.0
2016-01-28,405.93488444734976,406.8131030011303,392.66393034611446,395.8352966308594,9370465,0.0,0.0
2016-01-29,386.41882148494324,399.88492001894724,383.73535744685336,398.518798828125,13667701,0.0,0.0
2016-02-01,400.08004119758533,400.421578895912,384.95506403035955,389.638916015625,10700914,0.0,0.0
2016-02-02,389.3461645087197,394.66431325391596,379.1977992593205,381.442138671875,12131028,0.0,0.0
2016-02-03,377.6365446546241,380.56395972946615,369.9764692529462,371.34259033203125,10077279,0.0,0.0
2016-02-04,376.4167950092617,377.24623525093034,364.3168184424463,373.4893798828125,11472602,0.0,0.0
2016-02-05,375.39216381078273,395.200991731573,374.9530396860665,389.8828430175781,11677917,0.0,0.0
2016-02-08,391.29781459623945,407.83772166354845,391.29781459623945,398.6651306152344,11996680,0.0,0.0
2016-02-09,391.2977871588531,396.0792254850033,386.4187623813113,390.2243957519531,6550274,0.0,0.0
2016-02-10,388.27282358418137,388.3704100450592,376.02648211379,384.0768737792969,10922352,0.0,0.0
2016-02-11,383.3937269700527,387.15058167052183,364.26794558701084,368.0736083984375,8076824,0.0,0.0
2016-02-12,379.9784183586553,386.3699582581743,369.92763989940823,381.6372985839844,28434501,0.0,0.0
2016-02-15,386.0772423873938,409.838100098973,386.0772423873938,407.5449523925781,13964589,0.0,0.0
2016-02-16,410.61873400382785,412.27761442324856,395.2010268435874,395.9816589355469,12445006,0.0,0.0
2016-02-17,397.0550934057118,397.0550934057118,385.1990672719912,393.3470458984375,10197761,0.0,0.0
2016-02-18,400.2752132219022,402.1292367211793,382.1252347054321,388.4191589355469,12069460,0.0,0.0
2016-02-19,386.0284190728786,387.2969535137058,380.5639057523885,383.00341796875,12915275,0.0,0.0
2016-02-22,385.4429494173536,389.1022179244804,381.58850801149873,387.5409240722656,10284642,0.0,0.0
2016-02-23,388.2727813493537,388.2727813493537,373.97724487236934,375.8312683105469,9955791,0.0,0.0
2016-02-24,375.6849106773797,381.53974045417004,368.1224222156922,377.29498291015625,11983475,0.0,0.0
2016-02-25,376.75832266535235,378.4171733251694,368.3176152320786,369.0494689941406,9491615,0.0,0.0
2016-02-26,375.6849156278039,380.8566700871022,372.90386549134155,377.00225830078125,9588881,0.0,0.0
2016-02-29,377.6364965381737,382.17398337019495,364.951032830173,366.65869140625,82022905,0.0,0.0
2016-03-01,370.90349030032354,383.68654188866327,370.90349030032354,382.51556396484375,12822550,0.0,0.0
2016-03-02,390.3219898614948,401.83647665072704,390.3219898614948,397.3965759277344,15332044,0.0,0.0
2016-03-03,401.39741053143706,408.8623131571037,397.25023909726593,407.05706787109375,14677533,0.0,0.0
2016-03-04,408.03286962603187,408.03286962603187,399.3482107661882,405.9836730957031,8992492,0.0,0.0
2016-03-08,405.5445442321101,412.8142732610224,398.90905268730523,401.7876892089844,6921273,0.0,0.0
2016-03-09,399.10426762169567,408.08168604222834,397.640560038731,406.76434326171875,8437253,0.0,0.0
2016-03-10,407.39853773509617,409.83804993710277,400.6654900133984,403.0074157714844,5631550,0.0,0.0
2016-03-11,403.8368688847445,411.7408946296973,398.3723554203819,402.812255859375,8348484,0.0,0.0
2016-03-14,407.49616812350644,412.03365535272206,403.10504568635486,405.398193359375,6963673,0.0,0.0
2016-03-15,407.39856921850736,411.54574028240836,406.0324482356514,408.7159118652344,8188560,0.0,0.0
2016-03-16,408.86229873833605,416.0344715097542,401.05585866695975,414.3268127441406,8290044,0.0,0.0
2016-03-17,419.5961080625211,424.47513257487606,415.2049860014017,417.7908630371094,11080947,0.0,0.0
2016-03-18,419.5473588558128,427.01226092212005,418.71791867528873,425.5485534667969,6675930,0.0,0.0
2016-03-21,428.37837306774645,434.72110524300916,427.3049816668612,433.74530029296875,8910574,0.0,0.0
2016-03-22,436.1848226833614,436.77031162266985,423.7920876216154,430.5739440917969,8004834,0.0,0.0
2016-03-23,428.62233154296877,430.5739414760045,424.5727468877605,426.9146728515625,5018310,0.0,0.0
2016-03-28,427.25617204377465,427.98802570271255,409.6428761178154,412.6678771972656,9200929,0.0,0.0
2016-03-29,413.64368277183576,422.4259266938671,412.17997545149717,419.0594177246094,6674980,0.0,0.0
2016-03-30,422.8162370482832,434.9162412249873,421.64528907515785,433.5013122558594,9551121,0.0,0.0
2016-03-31,432.9646532138414,438.1364073578318,427.597726174937,433.40374755859375,12671936,0.0,0.0
2016-04-01,430.2324037397003,441.06384482282743,429.4029635624006,439.0146484375,8827751,0.0,0.0
2016-04-04,440.5759413206155,440.6247196571421,431.40338061330294,433.9892578125,5347581,0.0,0.0
2016-04-05,432.671890325029,438.624306220683,420.5719154196093,422.1332092285156,12100258,0.0,0.0
2016-04-06,422.8162869761818,425.74370192347834,412.8630940228964,414.3755798339844,7457831,0.0,0.0
2016-04-07,417.40057036363663,421.35256852787023,414.6195202803,416.3271789550781,5374072,0.0,0.0
2016-04-08,416.3759639880814,417.01023121913965,409.88683756029474,411.39935302734375,6881318,0.0,0.0
2016-04-11,413.6437270058283,421.4501668824344,407.3985810603843,419.4009704589844,6221772,0.0,0.0
2016-04-12,420.0840305632798,425.89008192177084,419.010639163491,423.5481262207031,5586212,0.0,0.0
2016-04-13,429.40294740315653,434.5259232840857,427.50014565776183,429.8420715332031,9091282,0.0,0.0
2016-04-18,434.18444326553436,435.25780493377437,426.8170977056378,434.4771728515625,6674315,0.0,0.0
2016-04-20,435.3065712300543,449.50452059328893,433.59891265746995,447.9920349121094,10775664,0.0,0.0
2016-04-21,452.5782851507671,461.3117506172318,451.79765316928257,456.6278991699219,11717618,0.0,0.0
2016-04-22,454.33482110243614,466.9226998445999,450.9195035487139,464.3368225097656,7323373,0.0,0.0
2016-04-25,462.5315373748115,465.8004898500733,453.7492929942771,458.5307312011719,7474910,0.0,0.0
2016-04-26,458.7259370184006,473.16783912442935,452.4319828489999,468.5815734863281,12685893,0.0,0.0
2016-04-27,450.138820352695,462.0436528878873,446.96745420298936,454.2372131347656,29544825,0.0,0.0
2016-04-28,451.7977214932039,460.43360182315917,450.38279231118645,456.72552490234375,16457436,0.0,0.0
2016-04-29,455.45695343414167,465.8980781508478,453.798073132877,460.9702453613281,10883473,0.0,0.0
2016-05-02,462.873055443995,467.41054222583756,457.11581254987203,460.3847351074219,9439328,0.0,0.0
2016-05-03,462.4339610920486,463.50735249577434,455.0178374962755,459.1650085449219,8097969,0.0,0.0
2016-05-04,454.7251433029409,458.62836341712926,449.11426438879516,451.26104736328125,8777977,0.0,0.0
2016-05-05,451.79769853569894,455.99364797110906,447.35779785917885,449.8948669433594,8736141,0.0,0.0
2016-05-06,449.84609313505626,452.8222863948754,447.8944831865311,450.28521728515625,4804806,0.0,0.0
2016-05-09,454.52993523489295,466.4347675742005,450.4803506354347,465.5565490722656,10228014,0.0,0.0
2016-05-10,467.41060660775753,477.16865685009066,466.581166381318,476.1440734863281,12131886,0.0,0.0
2016-05-11,470.9234933541397,487.2682269097168,468.63034567557594,486.14605712890625,21878712,0.0,0.0
2016-05-12,486.5363588204659,494.63552807359855,478.7299191435365,480.6327209472656,13528266,0.0,0.0
2016-05-13,481.75490944968124,484.19442179289575,474.72910198954213,478.7786865234375,7426191,0.0,0.0
2016-05-16,480.09606477894533,481.7061370891312,465.7029408856741,474.68035888671875,5809867,0.0,0.0
2016-05-17,478.827490833575,493.26939187898364,478.4371450383992,491.1714172363281,8982435,0.0,0.0
2016-05-18,486.4387617999829,490.82988402285133,483.26739575013346,488.9758605957031,8241793,0.0,0.0
2016-05-19,489.61016103762006,489.61016103762006,477.16864722948924,478.6323547363281,5989236,0.0,0.0
2016-05-20,481.9988720061294,483.70653068649233,476.2904070330752,478.72991943359375,5012902,0.0,0.0
2016-05-23,483.41381547724654,483.41381547724654,473.26544892016074,474.7291564941406,4700955,0.0,0.0
2016-05-24,471.55774239894185,479.07145243058585,470.33798621063625,477.1198425292969,4838908,0.0,0.0
2016-05-25,482.04765324592114,490.8298979406849,481.41338597380684,490.0004577636719,7144175,0.0,0.0
2016-05-26,490.341938437754,510.34593791630914,488.146377519376,506.4427185058594,11207975,0.0,0.0
2016-05-27,507.6625168311225,512.2975902668704,496.6847113254039,500.0024719238281,7699491,0.0,0.0
2016-05-30,501.514947322182,509.4189433000166,500.10001828559535,501.27099609375,4892196,0.0,0.0
2016-05-31,502.5395683018568,506.15005866541617,498.34361876946497,502.7347412109375,5706744,0.0,0.0
2016-06-01,512.1512025725323,516.6399410634519,497.66052293399366,499.5633544921875,9559476,0.0,0.0
2016-06-02,498.1484248831619,512.2975965987464,494.48915633602803,511.6632995605469,7013241,0.0,0.0
2016-06-03,514.3955924395174,531.764908273957,514.2491978767213,529.5205688476562,13581215,0.0,0.0
2016-06-06,528.9838373511741,531.8136955176585,517.4693509011888,519.9576416015625,9416306,0.0,0.0
2016-06-07,526.0563891164566,526.0563891164566,514.0052226229811,521.4701538085938,11455340,0.0,0.0
2016-06-08,523.4217932857642,528.3495963177538,517.9572498904116,525.9588623046875,6988719,0.0,0.0
2016-06-09,529.8133692638773,532.6920061026971,524.1048739275573,529.4718017578125,7019405,0.0,0.0
2016-06-10,526.9346452836987,535.8632839299232,525.2757650442728,527.959228515625,6382258,0.0,0.0
2016-06-13,516.9815165744911,521.6653690205537,511.32185905389827,518.2988891601562,6788154,0.0,0.0
2016-06-14,522.836247336934,522.836247336934,512.785468897251,516.8350830078125,8234417,0.0,0.0
2016-06-15,519.0307075290896,520.4944150409501,510.00451120595,516.0056762695312,7836638,0.0,0.0
2016-06-16,515.2249956711622,515.5177252342943,503.51533667863583,510.78509521484375,5375177,0.0,0.0
2016-06-17,514.1516723632812,520.9823072841001,512.0048894764848,514.1516723632812,7201452,0.0,0.0
2016-06-20,502.5395069593161,511.2241941068284,501.5637020914339,509.80926513671875,11335041,0.0,0.0
2016-06-21,511.8096605648028,511.8096605648028,502.97863829514614,504.8814697265625,5301794,0.0,0.0
2016-06-22,505.3694517612672,508.39442354826605,501.1734424614515,503.7105712890625,5374493,0.0,0.0
2016-06-23,505.46703185724266,515.2250826652976,502.344443686982,513.663818359375,5874012,0.0,0.0
2016-06-24,489.85412525920515,499.2218595068559,480.87670706787185,498.1484680175781,9745784,0.0,0.0
2016-06-27,495.1233656856693,505.0765571022315,494.8794144777261,502.0028076171875,4612787,0.0,0.0
2016-06-28,502.53952560721666,507.9064525797209,500.3439645730104,501.563720703125,4479273,0.0,0.0
2016-06-29,505.95485366530363,506.39397779328067,501.8076827336208,505.320556640625,4721178,0.0,0.0
2016-06-30,509.3701624919459,522.2995775360422,508.3943575829575,520.5919189453125,10912401,0.0,0.0
2016-07-01,522.8362755500634,532.4967682906924,522.5435459794033,529.7645263671875,6701034,0.0,0.0
2016-07-04,532.3016304024561,533.7165595718534,526.4468003705317,530.6915283203125,5173772,0.0,0.0
2016-07-05,528.1057364708976,533.0335403556369,522.299684165409,526.6420288085938,5219466,0.0,0.0
2016-07-07,531.0741014652068,537.673142418657,527.2328516237744,534.078125,4650991,5.0,0.0
2016-07-08,532.8470857430837,540.2340601295405,531.8621558248893,538.2149658203125,6016471,0.0,0.0
2016-07-11,543.3365417462198,544.6661729142493,533.3887148154696,536.19580078125,6082359,0.0,0.0
2016-07-12,541.7113659428616,553.6289919474679,540.8741996961774,552.5455932617188,6541827,0.0,0.0
2016-07-13,555.2048732320644,555.2048732320644,542.7947231816074,548.4580688476562,6365885,0.0,0.0
2016-07-14,547.3747009522465,553.2350449063373,545.2570779730518,551.806884765625,4020476,0.0,0.0
2016-07-15,547.7686470765606,561.8531290017721,547.6208835834167,556.5344848632812,6247207,0.0,0.0
2016-07-18,561.4099067647904,568.1074164364611,560.4249771037995,562.3948364257812,6641864,0.0,0.0
2016-07-19,562.0994705161955,565.2019634363925,555.3526650573294,556.9285888671875,5547223,0.0,0.0
2016-07-20,554.8109193761494,559.2923377416244,547.4731806729387,549.8370361328125,5258296,0.0,0.0
2016-07-21,549.4923598997922,549.4923598997922,527.479142783213,529.9414672851562,9416152,0.0,0.0
2016-07-22,529.8429731611441,537.0821828065492,524.8690899267585,529.5967407226562,8134377,0.0,0.0
2016-07-25,510.6860630337457,531.8620521470061,510.6860630337457,529.9906616210938,15701682,0.0,0.0
2016-07-26,531.5666156744435,550.7727464344987,527.380664098534,545.4541015625,11437473,0.0,0.0
2016-07-27,545.5033231126397,549.6892745894381,535.2600896856792,540.5786743164062,7787071,0.0,0.0
2016-07-28,539.8400044238431,545.0108859225976,529.9414718635818,535.654052734375,12174235,0.0,0.0
2016-07-29,534.3244157824402,543.4842508870703,534.3244157824402,537.91943359375,4861274,0.0,0.0
2016-08-01,538.0179264930721,549.2953852133418,538.0179264930721,542.2531127929688,7026398,0.0,0.0
2016-08-02,543.6812602479428,547.2269835512477,538.8550800872848,541.36669921875,5749264,0.0,0.0
2016-08-03,541.3666940274169,544.6169503768363,532.6992636085054,541.0711669921875,6489800,0.0,0.0
2016-08-04,543.5827382655993,547.620926084475,536.4419977725913,539.2490234375,5769753,0.0,0.0
2016-08-05,544.0752328729882,560.4250431254133,542.2530767162922,558.701416015625,8030392,0.0,0.0
2016-08-08,559.8834019121903,563.7738869585023,556.7316142753546,562.542724609375,7360104,0.0,0.0
2016-08-09,561.9023972220444,567.3195106045532,558.1596763626516,565.4481201171875,7958291,0.0,0.0
2016-08-10,565.3989571932455,566.6301194814091,554.5154945889471,559.3416748046875,6611328,0.0,0.0
2016-08-11,555.7465829418228,566.2361082876131,555.7465829418228,561.1636962890625,5098948,0.0,0.0
2016-08-12,561.2622167558335,584.2603634203297,561.2129822894049,582.093505859375,13209690,0.0,0.0
2016-08-16,584.9990475566635,584.9990475566635,571.259265273988,574.509521484375,11126973,0.0,0.0
2016-08-17,579.3356922125164,588.9879917600986,576.3809029561949,580.6160888671875,9879769,0.0,0.0
2016-08-18,582.191966472654,588.2985431061379,581.8964995629606,584.2111206054688,12089285,0.0,0.0
2016-08-19,586.4271633540728,588.5939605867565,577.2672691154073,579.6803588867188,9209878,0.0,0.0
2016-08-22,581.0101514431564,581.0593859133396,570.6683878600597,571.5055541992188,9499230,0.0,0.0
2016-08-23,572.4904563805576,576.1839431959161,571.3577630443762,573.7216186523438,6963978,0.0,0.0
2016-08-24,576.0361934388321,576.0361934388321,569.9296765171626,574.6080932617188,5835501,0.0,0.0
2016-08-25,577.9567426817798,585.0482486276064,576.1838812241579,577.7105102539062,17177795,0.0,0.0
2016-08-26,577.661274100507,580.1235983720351,571.5546978840493,577.5628051757812,7531289,0.0,0.0
2016-08-29,577.5628056039983,588.0030364768829,577.1688096741262,580.2713623046875,12461059,0.0,0.0
2016-08-30,583.0784382517112,590.219179260706,579.6804184381552,582.2412719726562,11834475,0.0,0.0
2016-08-31,582.5859961201744,594.749855509512,571.9487659486572,587.8553466796875,120541914,0.0,0.0
2016-09-01,588.0521999271186,593.9125430130835,583.0783175186491,587.6582641601562,10204784,0.0,0.0
2016-09-02,588.6924663584933,592.9276518486307,585.2944470283203,590.1698608398438,7279782,0.0,0.0
2016-09-06,593.4202146049378,628.188225113909,593.4202146049378,626.31689453125,15252302,0.0,0.0
2016-09-07,628.1389508689919,628.680650210844,613.1187721143825,615.6795654296875,11869960,0.0,0.0
2016-09-08,616.5659880887612,624.4454256362213,610.4101775048078,619.865478515625,8039571,0.0,0.0
2016-09-09,605.8302108859664,615.2855717078068,602.4814861052749,603.8603515625,9795054,0.0,0.0
2016-09-12,588.7909298480828,592.7798828878766,579.5326272528661,583.1768188476562,8471237,0.0,0.0
2016-09-14,584.0633430937523,595.537798753788,581.5517842485422,592.730712890625,5915220,0.0,0.0
2016-09-15,591.9919417550483,593.9125665555334,574.5094408323937,579.8773193359375,7145326,0.0,0.0
2016-09-16,583.3246319976445,603.1709900830418,583.3246319976445,593.1246948242188,19309804,0.0,0.0
2016-09-19,593.9126103043492,596.8673994103409,583.9155497829416,585.3929443359375,5311980,0.0,0.0
2016-09-20,589.7759756692295,589.972973660132,580.2714387904905,584.01416015625,4538973,0.0,0.0
2016-09-21,587.5105344494475,591.3024895443535,585.5406751554007,589.8743896484375,5480087,0.0,0.0
2016-09-22,600.8070790881773,602.7769383638762,581.1084863311878,582.88134765625,10205715,0.0,0.0
2016-09-23,586.6241693936423,587.1166342974702,547.3255061373836,549.0491333007812,30222177,0.0,0.0
2016-09-26,550.6742038101112,551.5606646387029,537.0821851688686,539.1505737304688,14880674,0.0,0.0
2016-09-27,542.6962821805323,545.8973038086389,530.5816585033815,532.8469848632812,9085199,0.0,0.0
2016-09-28,534.9646063415604,542.3515793089094,532.3545185136277,540.8248901367188,10240083,0.0,0.0
2016-09-29,546.0943173285548,546.4882531632585,515.5614947756284,531.172607421875,16581655,0.0,0.0
2016-09-30,526.9373710606194,538.9042905429902,522.603656486136,533.191650390625,5781645,0.0,0.0
2016-10-03,534.7675152797882,543.9765825964897,534.718280824978,542.5977172851562,5276340,0.0,0.0
2016-10-04,544.6661846906492,545.0108860778597,532.847026975843,538.3626098632812,5690321,0.0,0.0
2016-10-05,541.7113758385783,542.3516042379791,525.213802119858,527.6268920898438,8222912,0.0,0.0
2016-10-06,523.6871810714825,526.9374373535854,516.1524441360835,522.8007202148438,10646794,0.0,0.0
2016-10-07,522.0127322645902,531.2710953357952,522.0127322645902,525.8046875,7702773,0.0,0.0
2016-10-10,529.8921762355012,530.630873507205,522.308205556275,523.5393676757812,3261598,0.0,0.0
2016-10-13,521.0278322319044,521.9142930436526,505.4659543697852,510.9815368652344,10008090,0.0,0.0
2016-10-14,513.1484123123021,517.0881314087497,509.0116952379636,512.8037109375,4314775,0.0,0.0
2016-10-17,516.2509091470412,525.7554443670197,509.30710690050086,511.1784973144531,7930102,0.0,0.0
2016-10-18,516.0047051886057,526.0017057935689,510.58759171984525,524.4258422851562,13532992,0.0,0.0
2016-10-19,527.5775939761503,533.831873241984,521.1262566408285,527.4790649414062,10754624,0.0,0.0
2016-10-20,529.0057610425234,536.6389668411402,527.9223623301473,531.9113159179688,6969699,0.0,0.0
2016-10-21,530.5816595013449,531.0741243681338,516.300178364469,518.1715087890625,6526349,0.0,0.0
2016-10-24,521.4710320082636,522.0127313101407,509.7503447496935,513.6900634765625,10660533,0.0,0.0
2016-10-25,513.0499663563195,523.4901983833008,512.2619744094682,521.1263427734375,7356952,0.0,0.0
2016-10-26,491.4799417102037,494.4347309389224,477.19846043806353,480.2024841308594,38780250,0.0,0.0
2016-10-27,477.69094788861906,482.2216309316743,470.1069764867001,478.3311462402344,17198496,0.0,0.0
2016-10-28,479.5622863769531,486.5552935713959,477.24769546685064,479.5622863769531,12688495,0.0,0.0
2016-11-01,480.69496745036395,480.69496745036395,467.2999464789032,468.62957763671875,10425548,0.0,0.0
2016-11-02,462.7199935684074,473.25875412240134,461.045630995293,469.614501953125,9885845,0.0,0.0
2016-11-03,468.3341015797632,472.5692875310229,466.51197550950656,468.6788330078125,6631504,0.0,0.0
2016-11-04,467.25065451838174,478.38037842142387,467.05368660840946,471.4858703613281,10868004,0.0,0.0
2016-11-07,477.4447015693291,482.0738834683662,474.7853791919808,478.08489990234375,6990315,0.0,0.0
2016-11-08,479.71000782066295,485.02865235166917,475.96728690993314,483.4527587890625,7460548,0.0,0.0
2016-11-09,452.08275199395496,486.5060585315955,452.03351752987777,480.2024841308594,12824970,0.0,0.0
2016-11-10,486.55532756415977,505.85992785052684,486.55532756415977,499.3101806640625,11433458,0.0,0.0
2016-11-11,497.38951443550286,504.9734853915478,487.54021711994835,491.23370361328125,7085764,0.0,0.0
2016-11-15,490.495042628467,495.4196916508412,469.5652842833768,472.07684326171875,11822835,0.0,0.0
2016-11-16,479.51307500101456,480.0055398967622,463.0155009934685,465.5763244628906,10704594,0.0,0.0
2016-11-17,467.2014326326589,477.09996459091735,464.2466433845017,466.9552001953125,10250008,0.0,0.0
2016-11-18,470.796420783537,471.6828515475367,464.88684227997794,466.31500244140625,4572569,0.0,0.0
2016-11-21,468.72808974013304,469.31905363662446,456.07173569243776,458.68182373046875,6217176,0.0,0.0
2016-11-22,460.99637821581825,468.334117206689,451.1470802724599,463.65570068359375,7313923,0.0,0.0
2016-11-23,467.84161459518896,475.2778219198973,462.0797697512722,473.25872802734375,6477616,0.0,0.0
2016-11-24,472.47079571210713,472.47079571210713,459.02648107319396,461.14410400390625,8199524,0.0,0.0
2016-11-25,465.13304109342045,465.87173835296534,458.2877677985706,464.098876953125,4674455,0.0,0.0
2016-11-28,457.00738597676934,470.4024360600361,454.20033028843847,465.77325439453125,8268812,0.0,0.0
2016-11-29,465.87178315068434,468.4326065748862,456.0224854096551,457.6476135253906,7612624,0.0,0.0
2016-11-30,457.99231101234113,463.90188921895196,455.08675637102317,462.76922607421875,13575386,0.0,0.0
2016-12-01,466.8566616067052,467.29989197939904,457.3028318250197,459.0264587402344,7451748,0.0,0.0
2016-12-02,459.86367607433306,459.86367607433306,451.0978076575864,453.0184326171875,6381901,0.0,0.0
2016-12-05,450.8023120450039,457.69681958302783,448.9309216671205,453.80633544921875,4995436,0.0,0.0
2016-12-06,454.8405503918864,456.2194760997401,447.5028417266374,449.0787353515625,5465618,0.0,0.0
2016-12-07,450.9500544772148,450.9500544772148,434.60021597790063,440.362060546875,7558363,0.0,0.0
2016-12-08,443.11988537074615,446.02544013570747,440.6575610132096,442.57818603515625,7629221,0.0,0.0
2016-12-09,444.8927902427182,451.09783578614025,438.8354480959594,449.5219421386719,7780448,0.0,0.0
2016-12-12,438.2937434440516,445.18825176789056,437.4073126710922,438.3922424316406,6849079,0.0,0.0
2016-12-13,439.0816903261547,447.6013570939629,435.63443604570995,446.12396240234375,8404874,0.0,0.0
2016-12-14,447.7983232980773,462.72000361457685,447.15812494570264,460.1592102050781,12775149,0.0,0.0
2016-12-15,452.1812330862488,472.1752940529801,452.1812330862488,470.8948974609375,18021627,0.0,0.0
2016-12-16,472.2737536234784,473.45568119263095,461.6365257317722,465.6747131347656,20477361,0.0,0.0
2016-12-19,462.4245221528833,465.62554387172645,459.42049840903724,460.55316162109375,3735250,0.0,0.0
2016-12-20,461.9320806880413,462.62154357780884,453.51094283929206,454.6928405761719,4836019,0.0,0.0
2016-12-21,456.5641523700606,458.78024420456507,448.24151440396764,450.8023376464844,4454408,0.0,0.0
2016-12-22,448.9309993740244,448.9309993740244,438.34300382220613,440.8053283691406,6540181,0.0,0.0
2016-12-23,441.24850928146043,442.578170399088,429.4293527828499,431.4977111816406,9018273,0.0,0.0
2016-12-26,428.5429120592135,429.2816093231431,420.56497559724033,425.4896240234375,4494204,0.0,0.0
2016-12-27,424.6032565363442,432.2856972019632,424.6032565363442,431.0545349121094,4694669,0.0,0.0
2016-12-28,433.07363358622604,441.4947711296005,431.39924094760744,433.4183349609375,5072550,0.0,0.0
2016-12-29,435.33893134826076,439.1801512015645,431.1037456229178,437.5550231933594,6082573,0.0,0.0
2016-12-30,438.78617925086894,445.3852202323671,438.3429488649217,443.16912841796875,4616817,0.0,0.0
2017-01-02,444.5973071057011,445.1882709990927,434.60027561581785,441.0023193359375,3054394,0.0,0.0
2017-01-03,442.8244048437346,450.90081045331453,436.81632758469976,448.3892517089844,4621782,0.0,0.0
2017-01-04,448.14302795931434,453.0676766182079,445.13900430045726,446.27166748046875,3703873,0.0,0.0
2017-01-05,447.74907457411723,456.908909312228,446.41941338757323,451.1470642089844,5829373,0.0,0.0
2017-01-06,452.77224147690214,454.8405700125635,447.20736405592396,448.3400573730469,4431212,0.0,0.0
2017-01-09,450.01439333781974,452.42748323001877,444.7450132038977,445.92694091796875,2690456,0.0,0.0
2017-01-10,448.63550899410694,449.17720834304015,418.0041872202967,440.60833740234375,9436151,0.0,0.0
2017-01-11,445.040533018346,450.6546148043445,441.44554528510923,446.76416015625,5678047,0.0,0.0
2017-01-12,447.35512757219016,454.44660410375525,445.779233879285,448.3400573730469,5106342,0.0,0.0
2017-01-13,450.11283713436836,468.0385682730707,448.3399758383062,465.6747131347656,12693510,0.0,0.0
2017-01-16,465.37932278536704,473.2587610547489,461.2426056708729,470.0577392578125,7430300,0.0,0.0
2017-01-17,470.10695947694705,480.8427178397611,469.76225810924535,479.8577880859375,11331156,0.0,0.0
2017-01-18,479.8085224177296,484.28997082152654,475.9673023985255,481.13818359375,8789347,0.0,0.0
2017-01-19,479.3653230166255,480.54722068613705,472.0768187951195,476.5090026855469,7688347,0.0,0.0
2017-01-20,451.0978020844166,454.44655704905534,441.24850509567386,443.9570617675781,30189779,0.0,0.0
2017-01-23,438.53999465770937,442.1842469508142,434.4525419879872,438.29376220703125,16502895,0.0,0.0
2017-01-24,441.05153474643043,445.7299511089921,438.58921034508217,444.4495544433594,7103963,0.0,0.0
2017-01-25,445.1882219986483,458.09080701058537,445.1882219986483,456.56414794921875,14328065,0.0,0.0
2017-01-27,458.23855757024705,471.633607929885,458.23855757024705,465.7240295410156,8821164,0.0,0.0
2017-01-30,464.8868595859633,469.4175426188863,463.7541963421505,464.7883605957031,4525720,0.0,0.0
2017-01-31,464.88681200543186,464.88681200543186,457.3028413966826,458.97723388671875,10629001,0.0,0.0
2017-02-01,460.70084279908656,472.6677320093786,453.06763802796326,468.4817810058594,8340303,0.0,0.0
2017-02-02,469.07278671820325,478.67585164314283,466.2164964956527,475.27783203125,7557596,0.0,0.0
2017-02-03,476.41051518807706,485.07788465736417,472.91399666508215,483.3050231933594,7134563,0.0,0.0
2017-02-06,487.29400813397893,492.6618874523082,484.585451241875,490.7904968261719,8575116,0.0,0.0
2017-02-07,490.88894279643455,492.1693694053741,483.20650337347024,485.96429443359375,5242366,0.0,0.0
2017-02-08,484.9793901547548,485.2748871065985,474.588393588151,480.2517395019531,9694192,0.0,0.0
2017-02-09,483.6005104061011,487.0969990183518,475.6718378899248,477.9371643066406,7938519,0.0,0.0
2017-02-10,482.36936185552366,485.07791876231835,478.8728731443665,481.53216552734375,10345868,0.0,0.0
2017-02-13,485.2748660235591,486.4075291455764,479.41452239646713,482.9110107421875,6626404,0.0,0.0
2017-02-14,482.9110414952627,484.0437347470814,474.8346356284774,479.5622863769531,4089031,0.0,0.0
2017-02-15,480.6456839256631,486.0135627056872,476.50896724585846,480.8426818847656,6242589,0.0,0.0
2017-02-16,480.35025992927416,486.90003687565724,479.2175666498132,485.7181091308594,5218900,0.0,0.0
2017-02-17,493.44978348493015,496.40457260759445,480.0547334506517,481.7291259765625,12983330,0.0,0.0
2017-02-20,482.02461500397266,483.25577719496033,472.4215499142685,473.8004455566406,5840632,0.0,0.0
2017-02-21,474.63761440159436,501.37844963143107,473.94818164912544,496.7492980957031,16440027,0.0,0.0
2017-02-22,500.83673844755975,520.092101521149,500.1472756537682,517.383544921875,20167381,0.0,0.0
2017-02-23,517.0880603845278,522.0127085786662,510.24278737160864,520.1906127929688,10360480,0.0,0.0
2017-02-27,519.944429210913,519.944429210913,499.65484067647986,501.2799987792969,7372140,0.0,0.0
2017-02-28,501.7231745483863,504.77646257746176,496.99552409267943,499.0146179199219,5799421,0.0,0.0
2017-03-01,503.2991083922028,514.1333357744224,502.46191208295164,505.6629638671875,7624002,0.0,0.0
2017-03-02,507.3372606295317,511.9664422079781,496.1090982027091,498.6698913574219,7112655,0.0,0.0
2017-03-03,499.6055942960394,507.23879953171075,498.62066458821084,505.17047119140625,3965255,0.0,0.0
2017-03-06,506.9433473055879,512.9513946509874,504.5794918922902,510.8338317871094,6994407,0.0,0.0
2017-03-07,511.17854238550626,512.065003210346,501.5754772828884,504.0870361328125,6043543,0.0,0.0
2017-03-08,496.99553569924836,505.0719412544987,492.71108546626874,502.4618835449219,8850848,0.0,0.0
2017-03-09,501.9201966151934,511.7202293979117,498.86690843946917,508.61773681640625,8560015,0.0,0.0
2017-03-10,511.3755307627176,512.1634625281544,505.2689543787369,508.1252746582031,5494130,0.0,0.0
2017-03-14,516.989638291161,517.7283355871865,501.8709308966358,503.2005920410156,7975713,0.0,0.0
2017-03-15,506.94337580082157,508.02677452553223,501.37849843169147,503.98858642578125,6248549,0.0,0.0
2017-03-16,505.268920838125,509.0116415620068,503.59452837563316,505.9091491699219,5362177,0.0,0.0
2017-03-17,507.53425879361976,511.1785106808863,503.9885359448585,509.3564147949219,20296836,0.0,0.0
2017-03-20,510.1936221812812,510.43985462441896,493.7452829566154,495.2719421386719,4932998,0.0,0.0
2017-03-21,491.2336895321642,492.4648516613175,478.72507027689903,480.941162109375,11017752,0.0,0.0
2017-03-22,477.6908943771843,494.82866478248155,476.7059646980561,478.1341247558594,12685275,0.0,0.0
2017-03-23,480.20247442668983,484.58542371711786,475.7210562100974,480.8919372558594,6942275,0.0,0.0
2017-03-24,483.60053098776734,488.22971306306124,477.5432187394753,481.97540283203125,5501203,0.0,0.0
2017-03-27,481.0396643347202,485.8165794395779,476.2627492298626,479.8085021972656,5384510,0.0,0.0
2017-03-28,484.880894084393,497.3895136791952,482.66480219176293,495.22265625,11194711,0.0,0.0
2017-03-29,498.37442392171323,505.2689317625275,492.5633447531322,496.6015625,12677454,0.0,0.0
2017-03-30,491.43069887671265,496.4045819706122,487.5402144354227,491.7261657714844,8454772,0.0,0.0
2017-03-31,492.1694332038355,496.1091524048022,481.43367433506353,483.4035339355469,6985211,0.0,0.0
2017-04-03,488.22969732319746,496.10913545594116,483.94524682698386,493.05584716796875,5755303,0.0,0.0
2017-04-05,496.2568814875648,502.85589305639405,491.33223252977945,500.6398010253906,6595144,0.0,0.0
2017-04-06,500.0488531950058,509.8489163696613,497.53726426225774,501.0337829589844,9928098,0.0,0.0
2017-04-07,499.3593536132581,507.14032222259783,494.92717000130614,496.6015625,5019268,0.0,0.0
2017-04-10,497.0447489653262,505.26891767190943,495.7643524250923,503.0528259277344,5986936,0.0,0.0
2017-04-11,501.9202667094557,508.81474572730235,500.44287190755836,507.2881164550781,7406691,0.0,0.0
2017-04-12,507.53428528376156,512.5574630495794,495.6658938864003,498.37445068359375,6161411,0.0,0.0
2017-04-13,498.9654272827948,503.64384368831884,495.32117511226545,499.9010925292969,6216374,0.0,0.0
2017-04-17,497.9312065234304,501.3784605337414,493.6960207624018,494.7794494628906,4070932,0.0,0.0
2017-04-18,497.38949707897945,501.2799814059321,490.49498919867676,492.1201171875,5450454,0.0,0.0
2017-04-19,490.7412499169091,493.8930371526901,480.8919523771819,491.972412109375,7447021,0.0,0.0
2017-04-20,488.67289294388917,496.7985634394696,479.6607916785068,480.6457214355469,8153829,0.0,0.0
2017-04-21,484.58543465817803,489.510083384379,476.01653385152014,478.9220886230469,10301245,0.0,0.0
2017-04-24,480.59646303034367,496.0106069486466,473.7511895368372,491.13519287109375,14182302,0.0,0.0
2017-04-25,493.44979492235746,512.3112233053461,487.6387155246262,508.61773681640625,13778124,0.0,0.0
2017-04-26,511.67097552739966,517.0880888390468,500.39351851917576,509.3564147949219,11516903,0.0,0.0
2017-04-27,516.1031954361704,516.1031954361704,495.6659028688029,498.9654235839844,22108735,0.0,0.0
2017-04-28,500.6397907015797,507.53429910030593,496.89706959391117,501.9694519042969,9287281,0.0,0.0
2017-05-02,501.8216978386033,505.36742082331904,494.04075897687926,497.93121337890625,7539462,0.0,0.0
2017-05-03,499.26084496611037,499.70407534179145,492.4648362375656,493.3020324707031,7220815,0.0,0.0
2017-05-04,497.3402746654097,513.9363164189045,494.43471996525517,511.03076171875,15719994,0.0,0.0
2017-05-05,514.1333350190087,514.5273309693745,494.92720468783875,496.8970642089844,9440005,0.0,0.0
2017-05-08,501.3292666910314,505.95844876016673,495.7151548248607,503.4961242675781,6834456,0.0,0.0
2017-05-09,505.26897811108796,513.3946488117049,502.8558881223816,510.390625,7872272,0.0,0.0
2017-05-10,511.17857552855975,519.5997134491693,507.92831915231426,518.4177856445312,8812464,0.0,0.0
2017-05-11,517.2850726626552,526.5433754548628,505.71214908589366,509.11016845703125,8962710,0.0,0.0
2017-05-12,508.91322769971185,509.0609310970273,491.67695660557354,495.419677734375,9934430,0.0,0.0
2017-05-15,497.38953488123747,500.83678908338464,490.8889923742256,492.5633850097656,8806756,0.0,0.0
2017-05-16,494.533224593094,496.89704993905,486.0628228838874,493.9422607421875,8610492,0.0,0.0
2017-05-17,493.79452617601817,499.11314070679634,490.9874704338194,495.22265625,6443135,0.0,0.0
2017-05-18,490.4949660882717,491.57839471566285,482.8617612947293,484.58538818359375,9227022,0.0,0.0
2017-05-19,488.2789380175047,496.25687524021754,486.7523088828786,494.1392822265625,7611430,0.0,0.0
2017-05-22,496.40455604426074,499.802575445012,491.9723725081513,494.73016357421875,4970982,0.0,0.0
2017-05-23,494.6809752713129,498.47296088423,487.737232439901,493.05584716796875,7549551,0.0,0.0
2017-05-24,495.4196425635451,497.3895019773166,487.54020490845886,491.775390625,7271148,0.0,0.0
2017-05-25,494.4347331586814,502.2156721510389,488.377421224148,499.8026123046875,9157557,0.0,0.0
2017-05-26,500.3442900655008,505.2689385897675,497.3895009509407,503.7423095703125,5995136,0.0,0.0
2017-05-29,504.18553871565405,507.2388269867199,494.63173806720573,499.6056213378906,5441466,0.0,0.0
2017-05-30,497.38952447398117,509.1594470266812,496.05986329801163,506.64788818359375,4725430,0.0,0.0
2017-05-31,506.2538661239736,508.2237255252342,501.82168247113725,506.3031005859375,7263061,0.0,0.0
2017-06-01,504.43178059794775,508.174501514247,497.8819739079195,501.62469482421875,8105813,0.0,0.0
2017-06-02,505.7614339255524,505.7614339255524,498.71919212293335,500.3935546875,4474040,0.0,0.0
2017-06-05,499.7040742127475,508.96240710156155,499.35934281662645,505.9091491699219,3858825,0.0,0.0
2017-06-06,506.2538904527835,506.64788639810496,497.9312220594312,502.51116943359375,3866339,0.0,0.0
2017-06-07,502.3141801804775,507.6820594231216,500.44281963839813,506.4508972167969,3389166,0.0,0.0
2017-06-08,506.2539119304411,513.9363522674063,503.6438539991434,507.9775390625,5980728,0.0,0.0
2017-06-09,507.2387801786245,508.5684111873271,501.7231680136922,505.9091491699219,3242063,0.0,0.0
2017-06-12,504.72725133680433,505.3674195910543,498.3744425656173,499.8518371582031,2360518,0.0,0.0
2017-06-13,501.3292468482444,504.5795030267462,497.8819926950639,498.81768798828125,2181945,0.0,0.0
2017-06-14,501.3292819127016,503.20064257235396,493.9915426789259,501.8217468261719,4648343,0.0,0.0
2017-06-15,501.18147949710345,501.62467982364694,496.4045644821207,499.9503173828125,3425367,0.0,0.0
2017-06-16,499.99959436633486,506.54937135984903,499.8518609115898,502.7574157714844,4999502,0.0,0.0
2017-06-19,503.2991472327719,517.432866362348,501.6247544850534,512.311279296875,6844723,0.0,0.0
2017-06-20,512.3604608130105,513.8378554173644,502.80663034845367,504.13629150390625,4388846,0.0,0.0
2017-06-21,503.3483089511725,504.7764690329675,499.1131232828415,500.0980529785156,4346995,0.0,0.0
2017-06-22,501.2307300556297,506.6971080532356,499.01463817873616,500.34429931640625,3463745,0.0,0.0
2017-06-23,501.920214163613,502.7574104752439,496.05987003986786,497.0447998046875,3548884,0.0,0.0
2017-06-27,498.3744582642325,499.0639211188917,477.1492339718973,485.4226379394531,9842829,0.0,0.0
2017-06-28,486.35824953193014,492.80955677913744,482.6647633415064,484.58538818359375,12691859,0.0,0.0
2017-06-29,490.4950217192678,506.64789387021585,490.19955481358966,504.38250732421875,11855524,0.0,0.0
2017-06-30,502.9050994595654,512.1634324186771,500.44277526524485,509.5533447265625,7600005,0.0,0.0
2017-07-03,509.30713151616425,513.9363131991486,507.23880316106056,509.45489501953125,3701949,0.0,0.0
2017-07-04,509.0116851774841,509.7503824934679,498.9161551923725,500.73828125,4086213,0.0,0.0
2017-07-05,500.09805382305245,507.63279005381855,500.09805382305245,506.1553955078125,3154406,0.0,0.0
2017-07-06,508.24410756179464,510.08410597800975,505.40947192847375,506.752197265625,3514758,5.0,0.0
2017-07-07,505.5089329043303,506.2051698424442,498.546684935161,500.4364318847656,3509920,0.0,0.0
2017-07-10,506.35431571865274,510.382491373139,503.9672655269146,507.1997375488281,1238680,0.0,0.0
2017-07-11,509.238678899551,509.6365458998337,503.07210463105554,504.06671142578125,3928279,0.0,0.0
2017-07-12,506.15536620350645,507.14997294800264,501.48073271616784,504.0169677734375,5504892,0.0,0.0
2017-07-13,505.2602606936868,514.0625067009379,505.2602606936868,509.13922119140625,22231839,0.0,0.0
2017-07-14,511.22791879700713,511.72522221996144,504.96190780897996,510.18359375,3160157,0.0,0.0
2017-07-17,510.33271850242727,511.2278888937775,505.75755156125655,507.74676513671875,3169635,0.0,0.0
2017-07-18,506.2548303794507,519.8809548510951,505.6083420694068,513.7640991210938,7864083,0.0,0.0
2017-07-19,515.2062623336009,519.1349708767605,513.2667671585248,517.3944091796875,8119092,0.0,0.0
2017-07-20,517.9912435554174,541.2650684969914,517.8918071512339,537.0877075195312,16391849,0.0,0.0
2017-07-21,537.0875666034308,539.4746467373893,529.3793654160667,537.8832397460938,5567645,0.0,0.0
2017-07-24,538.0822848193991,543.4531858818747,528.5340837149781,531.9157104492188,4779353,0.0,0.0
2017-07-25,530.6227263578796,544.5472215200358,527.0918843686719,542.010986328125,8181916,0.0,0.0
2017-07-26,535.9936500351336,541.0164024329075,522.5664577032315,525.997802734375,12085057,0.0,0.0
2017-07-27,529.5285746343823,532.0648093064823,519.18464178013,521.8203735351562,12290852,0.0,0.0
2017-07-28,520.9749900568287,526.793475817678,509.2386428510659,512.3218994140625,8268116,0.0,0.0
2017-07-31,514.6096229826909,518.3891169780633,506.65273760534063,516.9966430664062,7245884,0.0,0.0
2017-08-01,515.4052245235754,518.9360663074232,511.97381913128146,513.7640991210938,4562630,0.0,0.0
2017-08-02,515.9521805691182,521.2235834775943,509.8353256158867,514.1121826171875,4079631,0.0,0.0
2017-08-03,513.2170943309196,513.5651824187134,502.0774863437812,503.2710266113281,4140945,0.0,0.0
2017-08-04,503.2710303859816,508.04513078599643,501.8785869653931,505.3597106933594,4972811,0.0,0.0
2017-08-07,506.25486697460985,509.03975390517945,501.3812996696175,503.0721130371094,5293884,0.0,0.0
2017-08-08,504.9618842700724,508.19435636859293,493.3746907729834,496.7563781738281,8898560,0.0,0.0
2017-08-09,491.78334247468416,495.96067280652545,482.83188130975066,484.32379150390625,7169705,0.0,0.0
2017-08-10,482.48372466294967,491.4849033138814,480.9420660392455,482.8815612792969,10095387,0.0,0.0
2017-08-11,480.2956456326712,490.6892994394287,477.41129181521944,487.0589904785156,9261420,0.0,0.0
2017-08-14,488.35191480969195,494.76714049574,487.1086563707671,489.0978698730469,3983656,0.0,0.0
2017-08-16,490.2914289791767,498.8450230856811,485.3681132304179,496.80609130859375,5958229,0.0,0.0
2017-08-17,497.50234956733743,500.7348217717256,492.3303818991197,494.4687805175781,3948664,0.0,0.0
2017-08-18,492.6287246084093,493.2752432959845,487.20813588443644,487.7551574707031,4166976,0.0,0.0
2017-08-21,489.44601902416326,500.6850638762107,489.14761876830016,492.1314392089844,17884400,0.0,0.0
2017-08-22,493.32493676100177,504.2656107617498,493.32493676100177,496.5076904296875,6654272,0.0,0.0
2017-08-23,502.2764495546218,503.0721228780662,497.4526003546375,499.9391174316406,3288488,0.0,0.0
2017-08-24,500.287212885047,507.746763772995,499.3423242980441,504.116455078125,7157375,0.0,0.0
2017-08-28,504.7629348717476,510.1338357025284,503.4699582142572,507.8462219238281,3724389,0.0,0.0
2017-08-29,506.6526792550588,506.7024278050274,498.2979885122772,500.88397216796875,3266295,0.0,0.0
2017-08-30,503.4699562992962,506.752146480743,499.5909656355995,501.1823425292969,3972126,0.0,0.0
2017-08-31,501.2817977942565,502.67424116197606,495.86117891103964,497.6514892578125,4491876,0.0,0.0
2017-09-01,499.29259717072495,507.05051781425345,495.8114734852717,504.8126525878906,4569367,0.0,0.0
2017-09-04,503.8678250153269,506.25487533135976,497.00504397436066,499.0439758300781,3744616,0.0,0.0
2017-09-05,499.54126684082013,503.91753070372044,498.7953117385193,500.68505859375,3216819,0.0,0.0
2017-09-06,499.29260149517245,499.29260149517245,488.84923034836106,490.19195556640625,4947660,0.0,0.0
2017-09-07,491.3357691268427,496.3088032273168,491.3357691268427,493.9217529296875,4564617,0.0,0.0
2017-09-08,495.3141200262525,495.8114233596122,489.19729509652564,491.335693359375,3662579,0.0,0.0
2017-09-11,492.67845901658836,494.7173907101344,489.99300865402563,491.23626708984375,3590293,0.0,0.0
2017-09-12,492.2308887084805,499.4915364047912,490.58979359422204,493.822265625,3324949,0.0,0.0
2017-09-13,493.42442377037804,502.87318806819684,492.38006845198316,496.6071472167969,4430874,0.0,0.0
2017-09-14,502.2765079881779,518.9858925483687,499.39215391389433,516.9469604492188,15168429,0.0,0.0
2017-09-15,515.1566743856787,517.1956064622647,508.24414404272545,513.3663940429688,8942804,0.0,0.0
2017-09-18,515.8528643400277,523.163200366944,515.5047155207558,521.7210083007812,7337260,0.0,0.0
2017-09-19,519.1847869096556,521.2734370573576,514.7090559880206,517.9415283203125,2386279,0.0,0.0
2017-09-20,513.9631088343349,519.6820984343299,513.9631088343349,516.6485595703125,8297561,0.0,0.0
2017-09-21,515.2063247927777,519.6820554135643,502.92292468513153,509.78570556640625,3103034,0.0,0.0
2017-09-22,506.6527232566559,507.7467968621189,500.486178999215,502.5748291015625,4546160,0.0,0.0
2017-09-25,501.28181562371003,502.27642240074124,485.6664770831247,498.9942321777344,11921527,0.0,0.0
2017-09-26,497.30337160364905,515.4052264712175,497.30337160364905,509.1889343261719,5292394,0.0,0.0
2017-09-27,510.63114148375814,511.12844487020277,497.80068983109425,503.56939697265625,5300694,0.0,0.0
2017-09-28,505.1110856302484,514.4603837791257,502.92293845896165,509.0397644042969,10408979,0.0,0.0
2017-09-29,508.34351752633285,514.1619731019513,502.3758770083629,506.4040222167969,11578743,0.0,0.0
2017-10-03,511.2279129886443,514.2117334924691,501.3813113966209,506.9013671875,10712537,0.0,0.0
2017-10-04,504.7629418474127,508.24406558429143,501.77912150151667,503.2213134765625,4792373,0.0,0.0
2017-10-05,503.9175371767423,505.11107749695157,494.76717268277264,498.4969482421875,9349884,0.0,0.0
2017-10-06,500.2872270037911,504.2656542563063,498.54666508081567,500.6353454589844,11343137,0.0,0.0
2017-10-09,500.6850479707568,506.0559185227716,498.5466494601293,503.2213134765625,3942277,0.0,0.0
2017-10-10,504.7629367429988,512.9187244138353,501.3812797891117,511.77490234375,4932758,0.0,0.0
2017-10-11,517.0960872278332,520.4777138433191,506.6526857247622,512.9684448242188,6188165,0.0,0.0
2017-10-12,513.5154776894931,523.1134575730209,510.0343538963352,522.2680053710938,4800917,0.0,0.0
2017-10-13,521.4226367740238,531.7665722103512,519.682074801006,526.5946044921875,6447797,0.0,0.0
2017-10-16,527.4897084449558,528.8821822905022,511.426844550743,517.5436401367188,7148294,0.0,0.0
2017-10-17,518.140428278075,523.2626169108347,508.2440784066513,510.38250732421875,9443230,0.0,0.0
2017-10-18,485.3681015162473,486.3627082816494,458.4142521032512,461.9948425292969,49308621,0.0,0.0
2017-10-19,461.3980954880326,462.49216905532086,455.5299213491117,457.8175048828125,3302209,0.0,0.0
2017-10-23,456.1763758679883,458.5634259767269,445.0865167720861,447.5233154296875,21127981,0.0,0.0
2017-10-24,449.21417297854964,455.3309989707261,447.6725445185593,449.5125732421875,19327721,0.0,0.0
2017-10-25,465.6251259872859,473.93009810014206,454.18714880333704,470.448974609375,37624005,0.0,0.0
2017-10-26,469.4544278593547,485.2189523231115,468.9571244400122,481.6880798339844,24936306,0.0,0.0
2017-10-27,482.38427404338586,488.7497511766595,479.05233535826153,483.32916259765625,7576778,0.0,0.0
2017-10-30,484.5724020559679,486.3626819957386,479.0025984001431,481.3896484375,4815226,0.0,0.0
2017-10-31,492.3303475906194,526.1469775261367,490.6395039526477,520.3285522460938,39655956,0.0,0.0
2017-11-01,522.1188281537828,541.0660746944421,521.6712429728582,532.2140502929688,22542766,0.0,0.0
2017-11-02,531.1200275819481,535.0984547548467,523.4615431329223,529.280029296875,7800191,0.0,0.0
2017-11-03,532.4627512657531,542.7569685559231,531.2194927069875,537.1871337890625,9303981,0.0,0.0
2017-11-06,536.1426966013239,538.6292131987755,527.8874736389788,531.6172485351562,8013536,0.0,0.0
2017-11-07,532.611949459211,536.4909403202985,520.1793642710876,524.3070068359375,9642624,0.0,0.0
2017-11-08,534.8000364835647,548.9234638110378,530.7221125766174,541.9114379882812,19642327,0.0,0.0
2017-11-09,545.9894105981949,552.45435474606,530.1254201249301,537.4855346679688,11290503,0.0,0.0
2017-11-10,532.0649629147966,545.9894592431084,529.5784457133124,541.86181640625,9869691,0.0,0.0
2017-11-13,553.9959509047197,561.5052196061287,531.1697142154752,534.451904296875,21701958,0.0,0.0
2017-11-14,534.4519896148057,546.9840728888767,529.7276068735538,542.707275390625,10644657,0.0,0.0
2017-11-15,543.5525735102017,548.4261707298292,534.2032460420911,539.0768432617188,7814066,0.0,0.0
2017-11-16,541.0660576799125,545.541787936456,538.2811709948143,539.673583984375,5176117,0.0,0.0
2017-11-17,547.0337185464722,554.3938328602163,537.6346725138869,539.4747314453125,4373503,0.0,0.0
2017-11-20,539.3255160137926,544.5472015077021,533.855178829697,542.2098999023438,3458524,0.0,0.0
2017-11-21,544.0498856372152,545.9396627216368,536.2422470270063,543.8509521484375,5770768,0.0,0.0
2017-11-22,543.6023814927624,544.0499667327344,536.0931116434075,537.5850219726562,4536211,0.0,0.0
2017-11-23,539.4747700748768,544.8456105452384,532.6616768506258,541.21533203125,10724159,0.0,0.0
2017-11-24,542.0109618258492,544.746130394769,538.1319712093535,542.5579833984375,3947490,0.0,0.0
2017-11-27,541.1655243520637,558.8197946852039,538.0325494207565,556.383056640625,9301318,0.0,0.0
2017-11-28,556.4825135982383,562.8480215035601,554.9906033741142,559.5160522460938,10113136,0.0,0.0
2017-11-29,557.5268310150021,559.1679565215634,543.8509874802635,546.5364379882812,6387037,0.0,0.0
2017-11-30,544.1991422651457,544.5472303674626,531.2692536902106,532.5125122070312,19370807,0.0,0.0
2017-12-01,536.4908799270648,536.988183278608,529.0313296539186,530.9707641601562,7138045,0.0,0.0
2017-12-04,533.3081999567338,537.9330853409432,526.7935372933954,532.06494140625,4181453,0.0,0.0
2017-12-05,532.114656564928,534.9492617614319,527.8875775174497,530.274658203125,6167602,0.0,0.0
2017-12-06,529.3297597444305,531.6173432805873,526.3459392957087,527.638916015625,4234770,0.0,0.0
2017-12-07,530.025916492278,535.0983862055172,526.2463625974233,531.169677734375,3528298,0.0,0.0
2017-12-08,533.8055111331324,541.5634324596774,533.7060140240577,539.57421875,6007380,0.0,0.0
2017-12-11,547.0337539769148,549.2716193340931,539.7731362925996,542.16015625,5326031,0.0,0.0
2017-12-12,541.0660913541986,541.0660913541986,532.214066680166,535.6951904296875,5232189,0.0,0.0
2017-12-13,535.0984610140574,540.0714950383516,530.1751451888098,532.860595703125,4163419,0.0,0.0
2017-12-14,534.1038339365832,540.4693415284612,531.8659687105919,538.5298461914062,3558224,0.0,0.0
2017-12-15,549.2218294327179,549.420762913026,540.1211538858993,544.9947509765625,6059220,0.0,0.0
2017-12-18,535.0487352366134,550.8132285879461,527.1415991087855,545.6910400390625,5889302,0.0,0.0
2017-12-19,546.2877078794603,553.0013028329174,542.4584965217294,550.6640014648438,4325512,0.0,0.0
2017-12-20,550.5147927424412,554.7915892892183,545.6411957691068,551.5093994140625,3534649,0.0,0.0
2017-12-21,548.8239847980963,553.9462337710225,542.110389329919,545.9893798828125,5781370,0.0,0.0
2017-12-22,546.934322127795,551.8078591892794,544.1493744286798,550.6143188476562,3075576,0.0,0.0
2017-12-26,552.0067749023438,554.2446402060019,547.332110793506,552.0067749023438,3272086,0.0,0.0
2017-12-27,551.0121469430806,557.6263062023161,548.0283266527751,551.60888671875,4163259,0.0,0.0
2017-12-28,543.2045805734753,551.2111539456774,541.0661514645202,543.9007568359375,8433564,0.0,0.0
2017-12-29,545.2434514437665,564.7874383370252,544.0499111610835,560.9085083007812,8363189,0.0,0.0
2018-01-01,560.7592297579129,566.7268697923126,557.4770398801876,562.4500732421875,6943234,0.0,0.0
2018-01-02,563.9420336194077,565.5333801549897,553.349447329879,556.4824829101562,6292268,0.0,0.0
2018-01-03,558.2727596236988,562.4004019406962,552.7527042728311,557.4273681640625,3990149,0.0,0.0
2018-01-04,561.8035646097136,561.9527798956155,554.9905330650504,556.8803100585938,2766664,0.0,0.0
2018-01-05,558.0241331715638,562.9474489742843,553.6976178726169,560.2122802734375,3249056,0.0,0.0
2018-01-08,562.7484786999693,564.9366256588575,559.4165704190553,562.400390625,3770339,0.0,0.0
2018-01-09,560.9581830892773,569.9096434577232,559.9635763816722,562.2511596679688,4607504,0.0,0.0
2018-01-10,563.0966787629952,563.643700376041,557.4274077141956,559.7647094726562,2411625,0.0,0.0
2018-01-11,558.9689831078718,560.1128051314978,550.5645440854282,555.7365112304688,2825921,0.0,0.0
2018-01-12,557.1786705947787,560.3614240909386,549.5201870681991,552.1061401367188,6013121,0.0,0.0
2018-01-15,553.6976433934624,561.4058464511327,553.3992734808139,557.52685546875,3943472,0.0,0.0
2018-01-16,559.9139459403785,563.8426551923435,552.8024825840629,560.16259765625,5993564,0.0,0.0
2018-01-17,561.0079271588629,586.1217476842179,557.9743887019464,582.0438842773438,8453944,0.0,0.0
2018-01-18,592.7857278760861,593.9295501233433,575.4795430818718,581.6461181640625,9466991,0.0,0.0
2018-01-19,581.7455284136526,590.7964258060673,578.0654711958867,587.066650390625,3897048,0.0,0.0
2018-01-22,592.7359878628679,618.3968334674865,580.0050318200945,608.2518310546875,21790443,0.0,0.0
2018-01-23,613.0756795318797,624.2152275582579,608.1523635401234,616.7556762695312,14286343,0.0,0.0
2018-01-24,618.5459803256355,618.5459803256355,603.0300781450533,604.6712036132812,6158610,0.0,0.0
2018-01-25,606.7100840860606,615.9101960168739,595.3715434781278,612.7771606445312,6749846,0.0,0.0
2018-01-29,611.2356415427691,617.5514316086895,600.3944630527569,602.2841796875,7017160,0.0,0.0
2018-01-30,602.3338568853704,604.1739158983921,589.2548138219119,590.5477905273438,6447963,0.0,0.0
2018-01-31,586.1218231560026,592.7857014035824,583.9834547842627,590.3986206054688,7108060,0.0,0.0
2018-02-01,590.3985174633202,606.7100917535098,582.9389671548754,589.6028442382812,7839731,0.0,0.0
2018-02-02,584.6297888533034,584.6297888533034,558.2727120816902,561.8533325195312,6185174,0.0,0.0
2018-02-05,548.1277885086357,565.5831865825533,544.5472282763349,563.1961059570312,9318595,0.0,0.0
2018-02-06,540.071478695461,573.937827234892,531.120017722608,560.6598510742188,13938327,0.0,0.0
2018-02-07,564.9366244780067,571.5507835364166,553.0013436791755,556.333251953125,7679830,0.0,0.0
2018-02-08,559.7646639172293,573.7886554446254,556.6814072902724,565.3842163085938,5816886,0.0,0.0
2018-02-09,556.8803922755152,558.9193241500104,547.4316273247479,554.5430297851562,5865587,0.0,0.0
2018-02-12,560.6599231112227,564.93672065101,557.3279535640722,561.1572265625,4765319,0.0,0.0
2018-02-14,561.9528544679101,562.7982459842741,537.1871203160463,540.9666748046875,6478108,0.0,0.0
2018-02-15,531.8659576732371,551.8078107987051,528.4842704528579,540.7677001953125,11593643,0.0,0.0
2018-02-16,544.0996130347264,545.6412413633647,532.1146137814064,534.94921875,3910503,0.0,0.0
2018-02-19,534.9492540337479,542.0109988817023,524.6550977256937,537.6347045898438,4251723,0.0,0.0
2018-02-20,539.0768966040141,545.0942557256484,526.5448749505944,528.8324584960938,3395183,0.0,0.0
2018-02-21,531.1200591624104,535.5957899980486,521.5718576621092,532.9103393554688,4638382,0.0,0.0
2018-02-22,530.1253661533843,530.8713211714238,524.6550293544282,527.3901977539062,7808359,0.0,0.0
2018-02-23,524.1577578733812,535.993602494849,522.7155659429704,533.7557373046875,3888629,0.0,0.0
2018-02-26,538.1816814596326,551.4099996351501,536.0930315929602,549.3212890625,5297794,0.0,0.0
2018-02-27,548.6250368604589,548.6250368604589,533.2584117583486,535.4962768554688,4136383,0.0,0.0
2018-02-28,531.1200008311171,533.6065176889406,517.195506427305,525.8983154296875,6626661,0.0,0.0
2018-03-01,521.173988795768,532.6616857587526,519.1847750980742,522.91455078125,9827510,0.0,0.0
2018-03-05,521.1739866773358,526.0973027003129,518.488536055168,521.7210083007812,6766199,0.0,0.0
2018-03-06,523.1631256796924,527.7880711301634,508.4429586192535,514.5597534179688,12240160,0.0,0.0
2018-03-07,508.14460064347116,515.1068784949905,504.81266184143425,509.88519287109375,10428057,0.0,0.0
2018-03-08,515.6538429400829,521.1241796541226,504.7131695120035,517.7424926757812,8483978,0.0,0.0
2018-03-09,519.6323242412964,519.731760636883,500.28721023322896,502.6245422363281,4955525,0.0,0.0
2018-03-12,507.8462171123417,519.1350098952855,502.574783078924,516.3998413085938,5283334,0.0,0.0
2018-03-13,514.3111225056093,532.0648892911489,511.87438455012364,528.6334838867188,7846232,0.0,0.0
2018-03-14,526.0973024661204,535.0984822663935,519.682076178793,533.2584838867188,4976540,0.0,0.0
2018-03-15,532.3135736878858,536.2920009042288,525.4010442582936,526.7935180664062,3932830,0.0,0.0
2018-03-16,528.0367792207398,530.0259928388914,517.6928441239586,519.781494140625,12146623,0.0,0.0
2018-03-19,519.7815348406308,523.1632225386747,514.2614787592242,516.6485595703125,4656613,0.0,0.0
2018-03-20,506.2548334434723,522.1685413709685,506.2548334434723,518.28955078125,5398111,0.0,0.0
2018-03-21,520.1793575455308,529.6281221663387,519.6820541444357,523.4615478515625,5518826,0.0,0.0
2018-03-22,519.7814455294123,523.063696257184,513.9630205228647,515.4052124023438,7194256,0.0,0.0
2018-03-23,506.7521592026597,507.49811429471464,493.3249675456707,496.80609130859375,29385110,0.0,0.0
2018-03-26,496.308771424718,506.5532088740525,492.5292778917375,504.5639953613281,9498614,0.0,0.0
2018-03-27,509.53708899281503,519.731809442988,506.3046166549553,509.4376525878906,6423140,0.0,0.0
2018-03-28,510.1338457096656,510.1338457096656,498.89477079651016,507.74676513671875,10980960,0.0,0.0
2018-04-02,504.01697416111057,505.7575359860379,489.5454579864816,496.3584899902344,7120498,0.0,0.0
2018-04-03,491.33573243101984,503.2710133807612,491.0373625484719,498.8450012207031,6053789,0.0,0.0
2018-04-04,501.7791173033087,501.7791173033087,487.6059707788842,489.5951843261719,6047813,0.0,0.0
2018-04-05,495.7120241211191,501.92831663455854,492.52930056603253,500.3866882324219,6682587,0.0,0.0
2018-04-06,500.23751864341745,500.23751864341745,492.52931569005784,497.5023498535156,3812133,0.0,0.0
2018-04-09,499.49157564379465,519.1847792679331,498.49696878695954,516.4993286132812,8708770,0.0,0.0
2018-04-10,520.1793570762669,546.7353708119878,518.5880104765906,543.2045288085938,21689156,0.0,0.0
2018-04-11,547.1331707023223,548.0283410953969,531.1200256714009,536.8887329101562,9261807,0.0,0.0
2018-04-12,534.4022066243757,547.0337247739892,531.9654078910047,545.7904663085938,8021652,0.0,0.0
2018-04-13,547.033734088307,552.5537896274566,532.8605873414737,539.6239013671875,8788919,0.0,0.0
2018-04-16,538.5795610780267,540.8671444871161,527.4896714105565,539.4747314453125,6418203,0.0,0.0
2018-04-17,542.0109897675251,542.0109897675251,527.3902576132871,529.5286865234375,5541004,0.0,0.0
2018-04-18,532.6119858207647,532.6119858207647,513.7144550446778,515.4550170898438,7131174,0.0,0.0
2018-04-19,518.190109865656,518.6376950384054,506.35429576849697,510.1338195800781,10559623,0.0,0.0
2018-04-20,510.7305769228216,511.0786650102895,500.28720582702874,502.97265625,4437940,0.0,0.0
2018-04-23,505.65808743569306,508.443004667585,497.30339644599843,503.469970703125,4766412,0.0,0.0
2018-04-24,503.27101948416015,511.97382861555616,500.63531764639237,502.1272277832031,4564259,0.0,0.0
2018-04-25,503.27102309998224,503.27102309998224,493.623325338095,495.7120056152344,4608455,0.0,0.0
2018-04-26,494.07091750519186,498.3477145140156,480.69344418544557,491.08709716796875,14919977,0.0,0.0
2018-04-27,478.65451668635706,540.1709222367984,478.65451668635706,536.2919921875,58859461,0.0,0.0
2018-04-30,532.9102960751416,533.2086659654217,510.6311408151796,514.5100708007812,18357008,0.0,0.0
2018-05-02,515.7036074545048,525.1026535213421,512.6203507665803,520.92529296875,25195767,0.0,0.0
2018-05-03,519.1847731137746,535.8941559693429,519.1847731137746,530.5233154296875,12001916,0.0,0.0
2018-05-04,531.0205851418817,531.0205851418817,516.2506380069929,517.493896484375,5929870,0.0,0.0
2018-05-07,520.9253095476477,534.999019997294,520.1793544504434,533.2086791992188,6792091,0.0,0.0
2018-05-08,533.7557270708393,544.5471858318746,530.5729733868822,539.3255004882812,12028184,0.0,0.0
2018-05-09,540.1709082836086,546.685631140985,534.1535495133254,545.5418090820312,7556830,0.0,0.0
2018-05-10,545.5418025882516,551.0121397153899,540.0217472647895,544.6964111328125,11415139,0.0,0.0
2018-05-11,545.6411934555989,553.4986104104821,542.557937069035,550.3158569335938,4960854,0.0,0.0
2018-05-14,548.2272860407334,555.8857706221083,544.5969469003338,548.9235229492188,4999526,0.0,0.0
2018-05-15,545.0445687650347,560.4609753633158,544.3980500123897,546.7354125976562,6752759,0.0,0.0
2018-05-16,542.0606578480114,549.7688598632812,538.1319491958077,547.03369140625,9929095,0.0,0.0
2018-05-17,547.033738993561,550.0175593880713,533.6065472182644,536.5406494140625,8551787,0.0,0.0
2018-05-18,533.9049311679236,537.7839220652675,525.6497066670454,530.0260009765625,7343619,0.0,0.0
2018-05-21,532.1146762419904,534.8995633409382,519.0355715996294,524.0086059570312,4258800,0.0,0.0
2018-05-22,525.5502532312988,530.622723588648,517.842050592476,520.4777221679688,4711540,0.0,0.0
2018-05-23,519.1847146147435,525.3512885004053,516.5987613913906,517.4441528320312,4426060,0.0,0.0
2018-05-24,518.8863304223119,534.103800875905,518.2895299754014,531.5675659179688,5188026,0.0,0.0
2018-05-25,532.7113801450533,540.5687981820704,529.6281233338592,535.5957641601562,4588810,0.0,0.0
2018-05-28,538.7785164016434,545.0445271085933,538.0325613006736,543.2045288085938,5611936,0.0,0.0
2018-05-29,544.0498823534131,546.9342661583358,540.27038891336,544.7958374023438,8015443,0.0,0.0
2018-05-30,540.8174096169271,541.762298151936,532.1643189218607,538.728759765625,5919369,0.0,0.0
2018-05-31,540.0714268943315,548.8239535315347,529.3794050911748,542.955810546875,15652651,0.0,0.0
2018-06-01,540.0714658923074,541.3644425276495,529.9761830854097,533.7557373046875,4061137,0.0,0.0
2018-06-04,536.6401427475191,539.0272235987826,528.384917588047,534.1536254882812,4291186,0.0,0.0
2018-06-05,531.7665184434113,533.1092132615858,521.4225840529596,528.0367431640625,5088506,0.0,0.0
2018-06-06,527.1415229936215,530.9210161116266,523.7598361108962,528.5339965820312,5281259,0.0,0.0
2018-06-07,530.9210768771802,547.0337185464722,529.2800121451282,539.4747314453125,6932191,0.0,0.0
2018-06-08,538.1319873154616,538.9774395038371,532.5622136180788,534.501708984375,4627913,0.0,0.0
2018-06-11,536.8887485619981,539.6736355130004,527.4897019846304,537.0379638671875,4095873,0.0,0.0
2018-06-12,540.5687187196969,541.5633253778748,532.9102353105324,534.2529907226562,3320721,0.0,0.0
2018-06-13,536.8887396890681,548.8240213155282,533.954637481367,537.7341918945312,5924906,0.0,0.0
2018-06-14,536.8887189562621,536.8887189562621,528.136191576047,529.1307983398438,3736633,0.0,0.0
2018-06-15,524.953426882519,531.7665194965424,513.316515846709,525.8983154296875,7854953,0.0,0.0
2018-06-18,527.3902966188356,528.1362517767124,518.6377682409461,519.7318115234375,3711213,0.0,0.0
2018-06-19,519.3338986693975,521.5717636839925,511.62569695245924,514.4105834960938,6483110,0.0,0.0
2018-06-20,517.9414794694468,524.5556388233161,514.360919352242,516.3003540039062,4555002,0.0,0.0
2018-06-21,518.4387461245559,519.184701154951,508.3434941171406,510.282958984375,4856050,0.0,0.0
2018-06-22,510.2332637812418,524.9534315697973,507.7964650976211,522.8150634765625,5932446,0.0,0.0
2018-06-25,517.543636472796,520.5274569441433,510.3327370003734,512.4214477539062,4882240,0.0,0.0
2018-06-26,513.7144023023857,515.9025493614234,509.28838998646427,511.42681884765625,4505122,0.0,0.0
2018-06-27,513.2170925596902,513.2170925596902,498.8947611635061,505.1110534667969,5659070,0.0,0.0
2018-06-28,505.26025814871036,510.7305955892968,498.0990769943827,501.87860107421875,4854274,0.0,0.0
2018-06-29,503.07210155482795,511.725192757225,496.06013583608546,508.0451354980469,7747444,0.0,0.0
2018-07-02,507.99539457128475,511.0289329997268,500.2871923041728,509.4873046875,6799910,0.0,0.0
2018-07-03,510.13383221165265,517.0960795415509,506.5034932500998,508.79107666015625,6658467,0.0,0.0
2018-07-04,509.18892920618646,513.4657260177783,504.9121020416059,511.97381591796875,3893493,0.0,0.0
2018-07-05,511.22790001796415,515.0571119516592,506.2548659710968,508.24407958984375,2692462,0.0,0.0
2018-07-06,510.2332675218242,514.1122581654928,506.7521438642679,510.92950439453125,2706424,0.0,0.0
2018-07-09,512.3219527430559,526.4453818397202,512.3219527430559,522.417236328125,6295104,0.0,0.0
2018-07-10,525.102689298736,532.0152189250068,519.1847665048499,529.6778564453125,5281760,0.0,0.0
2018-07-11,529.5287288935037,539.4250188164691,527.9373214568056,533.6563110351562,6432494,0.0,0.0
2018-07-12,536.7892887733749,542.7569294252056,532.4129946796403,535.446533203125,4128221,0.0,0.0
2018-07-13,536.7893288532063,538.0823056164481,516.6485401494482,520.1793823242188,4169212,0.0,0.0
2018-07-16,520.1794112193869,527.0422231450206,515.5544648295918,519.2842407226562,5032325,0.0,0.0
2018-07-17,518.8864402900341,536.9385193943332,516.2009894752656,534.9990844726562,4511522,0.0,0.0
2018-07-18,538.2812818996712,539.4748223551893,512.2225682291458,523.7102661132812,4954888,0.0,0.0
2018-07-19,525.2020596536684,534.5016687905991,515.6041413517156,523.9588012695312,5276418,0.0,0.0
2018-07-20,523.9587839029222,533.5567625927257,522.1685040302987,530.8215942382812,2532288,0.0,0.0
2018-07-23,532.0152926281299,541.8618652092512,527.6887158842807,537.4358520507812,6009401,0.0,0.0
2018-07-24,538.1319721541819,545.9396715973028,535.1481518919396,543.1547241210938,6171893,0.0,0.0
2018-07-25,544.049968212409,544.5472716568445,526.6443476571674,529.3795166015625,3341114,0.0,0.0
2018-07-26,532.5124677010626,541.0660612995096,523.5610071280928,538.728759765625,7920089,0.0,0.0
2018-07-27,540.2703888039553,552.0067360968919,534.3524666091084,550.2661743164062,7678597,0.0,0.0
2018-07-30,553.0510705805361,568.1193871086504,547.82938514885,566.5777587890625,12949737,0.0,0.0
2018-07-31,578.8611931529736,581.2979921038352,545.0445598759957,547.431640625,21735293,0.0,0.0
2018-08-01,547.5310217899361,552.5040555936594,535.347088970814,542.2098999023438,6871812,0.0,0.0
2018-08-02,542.3094311501131,548.3267909639051,536.0931378081816,544.2986450195312,6495837,0.0,0.0
2018-08-03,543.5526259506511,575.4297623212906,542.8066708372696,571.6502685546875,15953749,0.0,0.0
2018-08-06,572.097817217525,600.7424796003179,572.097817217525,593.581298828125,22629303,0.0,0.0
2018-08-07,593.7802715804643,603.6269033815283,580.5520130147594,589.8515625,16424825,0.0,0.0
2018-08-08,593.5316306284922,595.670059612773,583.8342139571428,593.0840454101562,7138029,0.0,0.0
2018-08-09,591.7910656637265,621.0325308377393,591.7910656637265,617.7005615234375,18227195,0.0,0.0
2018-08-10,617.9491882139679,620.5352022987885,607.9534020877097,612.1804809570312,16074351,0.0,0.0
2018-08-13,608.6993795179786,612.6778068350897,599.3500510403746,601.6376953125,8445677,0.0,0.0
2018-08-14,605.3177493075372,617.9492693760964,605.3177493075372,614.716796875,10225641,0.0,0.0
2018-08-16,611.5837099462029,631.5752811782736,607.9533710554642,620.0875854492188,18777302,0.0,0.0
2018-08-17,626.6022594781333,629.0390581839663,616.9545617544965,623.9168090820312,13411536,0.0,0.0
2018-08-20,626.6023057290348,627.1990455473357,618.7448874541662,621.0325317382812,6463139,0.0,0.0
2018-08-21,622.027132705024,634.8078061252704,613.9707809980582,632.3212890625,15522297,0.0,0.0
2018-08-23,641.1733485231722,641.1733485231722,625.160141355337,628.3428955078125,12699837,0.0,0.0
2018-08-24,634.6088545764936,639.9300373631254,630.5807091905264,636.4489135742188,15035968,0.0,0.0
2018-08-27,639.5322385680413,647.9863972427354,638.537631665136,646.6934204101562,9819034,0.0,0.0
2018-08-28,648.4836614325586,659.2254031923919,638.5375930056789,656.490234375,9886447,0.0,0.0
2018-08-29,653.9539785740501,664.0492619933656,649.7268996250924,653.3572387695312,13329261,0.0,0.0
2018-08-30,658.280444777599,658.280444777599,639.5818502581799,646.2457275390625,14868623,0.0,0.0
2018-08-31,645.9971258246444,649.9755530814551,637.7916196074723,645.7484741210938,10207700,0.0,0.0
2018-09-03,651.9149904325607,651.9149904325607,626.2043701523389,628.3925170898438,6494484,0.0,0.0
2018-09-04,627.5968218923163,640.9245758313734,619.3913166932488,638.3385620117188,9305124,0.0,0.0
2018-09-05,637.5429681166102,643.162520901123,627.9449880739593,634.2110595703125,8837398,0.0,0.0
2018-09-06,635.4542935250827,639.8305269162823,621.2313680622389,634.758056640625,10026621,0.0,0.0
2018-09-07,636.5483647012095,644.5052192599746,628.6909465420358,642.0684204101562,6999943,0.0,0.0
2018-09-10,641.4716712167472,674.2936957915098,639.8305457056163,648.2349853515625,32430222,0.0,0.0
2018-09-11,648.1355258774827,662.1097388531609,643.9581653027727,646.6436157226562,19162102,0.0,0.0
2018-09-12,661.413442410601,661.413442410601,626.7016449851587,632.0228271484375,14448365,0.0,0.0
2018-09-14,638.3386135780819,640.5267606157913,628.5914793620809,632.9677734375,12083354,0.0,0.0
2018-09-17,630.2823606514933,630.5807305594573,618.6454485930321,622.5741577148438,6644742,0.0,0.0
2018-09-18,620.6346573396332,629.6358369435067,602.8809498375513,605.3176879882812,10724450,0.0,0.0
2018-09-19,608.3014884330817,619.1427267256092,598.0570506380951,605.5166015625,9373364,0.0,0.0
2018-09-21,615.6118042869521,630.5806223772684,560.3614164706431,595.9683227539062,24788799,0.0,0.0
2018-09-24,596.3661610033289,602.4830165724225,584.6795321222295,594.1282958984375,11998797,0.0,0.0
2018-09-25,595.5704985631802,616.4572399205481,586.3703862986252,611.03662109375,17515392,0.0,0.0
2018-09-26,615.6616235519288,620.9827457735789,608.7490939895918,614.1199951171875,8725133,0.0,0.0
2018-09-27,614.0204566856038,616.4075371829838,593.7802334784047,596.9132690429688,9683836,0.0,0.0
2018-09-28,595.2721169211648,616.4572277380662,590.8461049131372,609.9425659179688,16754620,0.0,0.0
2018-10-01,611.7825894250892,614.1696699144355,569.4123660340314,590.2493896484375,20117451,0.0,0.0
2018-10-03,589.4039187860208,589.4039187860208,566.0306608344384,569.1636962890625,18385327,0.0,0.0
2018-10-04,561.9528027760194,587.364992601067,550.8131952523613,583.0881958007812,16877024,0.0,0.0
2018-10-05,582.839578781195,587.3153093349755,561.952836196886,565.4339599609375,9860010,0.0,0.0
2018-10-08,566.9258744433715,571.4016050310823,543.1547477062481,553.5484008789062,12918017,0.0,0.0
2018-10-09,558.8695873066454,560.8588009141351,546.188350558898,549.8683471679688,8053297,0.0,0.0
2018-10-10,550.9623917736436,587.6136242643481,549.8682879836975,586.0222778320312,13695001,0.0,0.0
2018-10-11,552.0067842178852,582.6406620837353,547.1331865252802,577.7173461914062,11223315,0.0,0.0
2018-10-12,586.4698652257605,599.0018853695324,577.6178413090178,581.7454833984375,10689006,0.0,0.0
2018-10-15,581.8449915548006,581.8449915548006,566.3788675956944,573.4405517578125,5065325,0.0,0.0
2018-10-16,574.6340830546665,591.1445317773926,567.1745319981368,585.6741943359375,13083651,0.0,0.0
2018-10-17,591.5424596972474,595.5706055413777,563.5442508995474,572.9432983398438,9609195,0.0,0.0
2018-10-19,567.323752175932,573.4405476712508,551.5591977174327,559.5160522460938,12664549,0.0,0.0
2018-10-22,564.8869421743054,568.9150875586556,555.189525909101,559.0187377929688,10235243,0.0,0.0
2018-10-23,553.9959768314776,568.3183387554735,550.5148530991434,559.7149658203125,9513054,0.0,0.0
2018-10-24,571.4016133471915,573.8384121771619,554.2446458445996,561.0576782226562,9759225,0.0,0.0
2018-10-25,554.9905704189935,561.6544478322453,549.47051505871,558.0241088867188,13041860,0.0,0.0
2018-10-26,558.9690439274902,560.9582576069474,531.6670740357425,534.8001098632812,9229395,0.0,0.0
2018-10-29,538.4303583542855,573.8881144940668,535.64547149967,563.6436767578125,15917739,0.0,0.0
2018-10-30,561.803590225558,568.6664009824198,555.9851651056802,559.6652221679688,8522604,0.0,0.0
2018-10-31,565.2349811338291,582.8395320414645,554.9905441623501,579.2589721679688,12135088,0.0,0.0
2018-11-01,578.9108931525982,604.7706707277871,578.9108931525982,598.9025268554688,16048865,0.0,0.0
2018-11-02,609.14696961899,614.5675890232352,601.836572941564,607.356689453125,12488669,0.0,0.0
2018-11-05,625.5082624934887,629.5861262325064,613.8713503887527,621.0325317382812,24201213,0.0,0.0
2018-11-06,622.6238324370223,624.7124823529019,596.8137748457615,604.1738891601562,15354794,0.0,0.0
2018-11-07,609.5945685025853,609.5945685025853,601.3890619112709,603.5771484375,1528117,0.0,0.0
2018-11-09,605.7154621098795,620.4356286866259,597.75860874883,609.892822265625,13927467,0.0,0.0
2018-11-12,609.2463884096345,615.1643110614463,601.5381856437069,603.2787475585938,7073703,0.0,0.0
2018-11-13,603.1792066399947,617.4020693958784,600.7921264308239,614.9652709960938,8938939,0.0,0.0
2018-11-14,618.8940511842583,619.9383761322446,605.5165782340176,609.3955688476562,9840254,0.0,0.0
2018-11-15,609.9426538322884,629.0888357911496,607.456136694774,622.7233276367188,11005288,0.0,0.0
2018-11-16,623.220589411443,633.2661543991995,613.2248033278976,616.457275390625,12204545,0.0,0.0
2018-11-19,616.4572589207614,616.9545623017408,605.317651045629,612.9761352539062,9046876,0.0,0.0
2018-11-20,611.3848180491084,616.2583549929321,606.2625686968836,609.3458862304688,6658508,0.0,0.0
2018-11-21,607.6053086408974,625.2595790572724,606.9090717508866,623.46923828125,7842430,0.0,0.0
2018-11-22,622.4249221830673,626.0055430802378,608.7987969062968,611.235595703125,6946666,0.0,0.0
2018-11-26,615.3135185990768,631.326663731537,613.175089705384,627.6466064453125,9528169,0.0,0.0
2018-11-27,626.5028143089588,635.2553415426382,619.6400034712677,621.8778686523438,11251342,0.0,0.0
2018-11-28,626.6022862984703,628.3925664038411,619.1427352711077,624.5633544921875,9035388,0.0,0.0
2018-11-29,628.5914296745301,632.7687899243216,618.1480594030387,627.9946899414062,19643832,0.0,0.0
2018-11-30,629.586082150638,631.8239473715525,620.6346212669796,622.3751831054688,8984998,0.0,0.0
2018-12-03,628.5915404763809,629.5861473442234,618.2476047684261,621.4303588867188,5914250,0.0,0.0
2018-12-04,621.5794543303009,624.1654074056066,615.2636655138838,619.8886108398438,8382005,0.0,0.0
2018-12-05,617.5514066822545,620.5849453806771,610.0918554372893,611.6334838867188,9728083,0.0,0.0
2018-12-06,606.958720887003,610.5392806196782,595.0234408367874,596.813720703125,7519849,0.0,0.0
2018-12-07,599.1511207272334,606.2128042548663,589.1552744876993,600.6927490234375,12262327,0.0,0.0
2018-12-10,591.7909967197351,598.2559403813792,582.1432994219324,587.1163330078125,11643401,0.0,0.0
2018-12-11,577.8665421485506,613.3242983200923,577.369238755996,600.9911499023438,16429956,0.0,0.0
2018-12-12,601.4884110982281,618.6453769377393,599.7478493463937,616.6064453125,7232578,0.0,0.0
2018-12-13,621.430318280734,622.5244221874601,612.8270058596531,615.7610473632812,7419355,0.0,0.0
2018-12-14,615.7610241288934,619.6400147960437,608.0031035005721,616.9048461914062,4165047,0.0,0.0
2018-12-17,619.1924343888841,621.1319297374267,612.826987465283,613.8215942382812,4843342,0.0,0.0
2018-12-18,614.3189472838966,618.446529301909,610.539392676195,616.0595092773438,8492688,0.0,0.0
2018-12-19,620.8832711836644,648.1355207450827,615.8108009798138,638.189453125,16759139,0.0,0.0
2018-12-20,633.5148655155556,643.4112161308481,625.6077286639005,629.5364379882812,11004125,0.0,0.0
2018-12-21,629.8844533024934,634.4099019504476,613.3242870580921,617.5015869140625,10715457,0.0,0.0
2018-12-24,622.6238410267404,623.7676631001558,610.1912563417015,611.6831665039062,6191605,0.0,0.0
2018-12-26,607.7047172343182,620.2865167589583,600.1954484997051,616.1588745117188,6519211,0.0,0.0
2018-12-27,620.1870622274078,622.6238610452189,612.2799259722984,614.2194213867188,12304812,0.0,0.0
2018-12-28,620.5351327829891,624.612995894176,616.6561424432948,621.6788940429688,6372911,0.0,0.0
2018-12-31,627.0001338089368,628.5417621654663,615.4626588217259,616.5567626953125,6030093,0.0,0.0
2019-01-01,618.5459689958061,626.8011929715444,618.5459689958061,623.9168090820312,12179223,0.0,0.0
2019-01-02,619.6399734853156,625.1103103298891,614.1696366407423,616.7058715820312,12386281,0.0,0.0
2019-01-03,618.0486769359882,618.6454167211728,600.394406603511,604.6712036132812,13228602,0.0,0.0
2019-01-04,608.6993139750615,621.3805496828753,606.2127971696078,616.25830078125,8381367,0.0,0.0
2019-01-07,622.6238255316628,637.2445568986019,620.8335455227674,634.0120849609375,11735286,0.0,0.0
2019-01-08,632.5699218686266,650.2241924868154,627.199020891123,647.3895874023438,11879875,0.0,0.0
2019-01-09,648.8317514399498,668.4255184393212,648.8317514399498,666.4860229492188,18003387,0.0,0.0
2019-01-10,665.2924648953908,665.2924648953908,651.0695401147834,659.6729125976562,12751327,0.0,0.0
2019-01-11,661.4134853903906,664.8946089977085,654.6501716659401,662.9053955078125,8330315,0.0,0.0
2019-01-14,659.4243302498173,659.4243302498173,649.0306767042306,655.6448364257812,6856244,0.0,0.0
2019-01-15,657.7334072505413,660.667509195465,651.5171152934895,657.0371704101562,5467484,0.0,0.0
2019-01-16,657.1367548640413,666.7844534051346,657.1367548640413,660.4189453125,6598151,0.0,0.0
2019-01-17,666.2870759267997,676.3325796659173,662.0102184023657,673.0006713867188,10448209,0.0,0.0
2019-01-18,671.2601231398787,672.4038844843847,657.8826501457667,661.015625,7037386,0.0,0.0
2019-01-21,657.9820890146639,660.9161910937477,652.9593370248989,656.7388305664062,6157956,0.0,0.0
2019-01-22,652.8101138963734,660.021012809752,650.3235970296912,658.0317993164062,7951640,0.0,0.0
2019-01-23,655.9431494307844,663.4027000308312,655.0479790763875,658.0317993164062,7596006,0.0,0.0
2019-01-24,661.4135567846278,661.9605784122001,651.4674882615507,660.0708618164062,7013582,0.0,0.0
2019-01-25,661.6124297949962,673.1995621412025,661.6124297949962,666.1378784179688,6628922,0.0,0.0
2019-01-28,665.3919556350758,670.8125748886954,646.8425143532896,652.7604370117188,7792690,0.0,0.0
2019-01-29,654.948536209297,667.3811204197999,646.0467937733813,657.1864013671875,8302420,0.0,0.0
2019-01-30,683.3445203341098,699.5565973848912,680.0623303689538,687.2235107421875,46912230,0.0,0.0
2019-01-31,693.4895533142122,722.9298886992297,685.333765859748,718.8023071289062,35239544,0.0,0.0
2019-02-01,716.8628376016387,722.4823901982164,701.595647791509,713.3817138671875,13792059,0.0,0.0
2019-02-04,707.4638623654388,720.5926853367887,704.1816717990979,716.6142578125,8195956,0.0,0.0
2019-02-05,718.1060018768206,727.6542014421013,715.6194852498234,725.5655517578125,8665426,0.0,0.0
2019-02-06,727.3559934995193,730.5387476317602,711.7406534647638,721.8359375,8077340,0.0,0.0
2019-02-07,722.3331068042891,729.8423751537963,720.0952417573911,726.2120971679688,7203465,0.0,0.0
2019-02-08,723.079128844922,728.8478360260101,712.3871059631023,715.5201416015625,7341956,0.0,0.0
2019-02-11,716.0174138459757,716.0174138459757,701.4961190703565,707.0161743164062,7234953,0.0,0.0
2019-02-12,697.2193885239024,709.5525375105701,696.2247816929125,701.7945556640625,15856819,0.0,0.0
2019-02-14,702.1923835150629,702.5902505076617,688.864628440742,691.251708984375,10383603,0.0,0.0
2019-02-15,696.2247896616078,700.2032170311027,678.0234965873655,682.8970336914062,10866440,0.0,0.0
2019-02-18,682.3002348704691,693.9371460612049,677.0288312028988,689.5608520507812,7135564,0.0,0.0
2019-02-19,689.5608465113139,701.5956245903104,685.9305683033105,689.3121948242188,6816325,0.0,0.0
2019-02-20,693.8376463715977,699.2085471183404,691.5500629816808,696.5728149414062,5772687,0.0,0.0
2019-02-21,696.7220093802595,702.6896497175636,691.351108794295,693.4398193359375,6674353,0.0,0.0
2019-02-22,693.6885050079374,700.6507524092812,687.472212685309,698.263671875,9822278,0.0,0.0
2019-02-25,699.1091118939896,701.9934350579307,692.34573739983,699.90478515625,11428024,0.0,0.0
2019-02-26,690.2570840400314,711.740565543324,689.3121954869653,706.3200073242188,9166951,0.0,0.0
2019-02-27,711.0941878559869,723.8748617454022,709.204410536516,714.32666015625,13284424,0.0,0.0
2019-02-28,719.5482636394192,719.5482636394192,702.590230735284,705.7232055664062,26230891,0.0,0.0
2019-03-01,709.6519272214875,711.094119172734,695.7771507008387,698.61181640625,7713824,0.0,0.0
2019-03-05,701.8940037904557,729.9419266082976,696.9209699825398,728.1018676757812,11298428,0.0,0.0
2019-03-06,729.9419418163211,729.9419418163211,708.7070505905127,716.713623046875,10510670,0.0,0.0
2019-03-07,716.8628364731952,735.461995394896,716.8628364731952,729.792724609375,11263734,0.0,0.0
2019-03-08,728.0521064118869,733.2737916013165,724.4715465643826,729.444580078125,7744794,0.0,0.0
2019-03-11,729.3451559851067,740.8826313153711,726.6597054777014,730.5386962890625,9421608,0.0,0.0
2019-03-12,734.7160760800344,744.9605142685657,734.5668607734218,738.5452880859375,8131901,0.0,0.0
2019-03-13,739.5895488618754,746.9496630330073,732.5278652780424,734.019775390625,12333789,0.0,0.0
2019-03-14,736.0090341264497,745.6567322555198,733.4230807213711,736.6057739257812,7100875,0.0,0.0
2019-03-15,738.9431985301661,744.9108398496813,727.7538710560751,731.135498046875,14560368,0.0,0.0
2019-03-18,737.0036724044617,749.7843460848173,736.257717270449,742.9713134765625,8067253,0.0,0.0
2019-03-19,750.9281213798229,758.8849756460991,745.0101988780838,756.7963256835938,8818172,0.0,0.0
2019-03-20,756.6471675932112,762.8634604587486,750.281659416507,751.6741333007812,9758274,0.0,0.0
2019-03-22,760.5757454156632,761.7692855808274,731.5829362176845,752.9669799804688,10355078,0.0,0.0
2019-03-25,748.640531111081,750.9281145506353,737.1528350098135,741.6782836914062,7130411,0.0,0.0
2019-03-26,743.3690870109904,756.8459959294318,737.650098369447,753.0167236328125,7300104,0.0,0.0
2019-03-27,757.1941085244983,765.8471994123005,751.7734895822674,755.2048950195312,7456768,0.0,0.0
2019-03-28,756.9952327301802,783.402092586103,753.0665843232158,776.4895629882812,16643818,0.0,0.0
2019-04-01,776.7382604377377,778.7771924146118,756.4979738664606,761.4710083007812,6021202,0.0,0.0
2019-04-02,765.0018534242055,770.7705607902866,756.8957836272762,763.2612915039062,6592678,0.0,0.0
2019-04-03,765.8472240746061,768.5823927320154,754.6081795508112,757.39306640625,5591613,0.0,0.0
2019-04-04,758.8849422274216,767.7369664912334,755.9011220089651,758.03955078125,7009879,0.0,0.0
2019-04-05,759.8298562861412,764.6039566547898,752.0221566954118,758.0892944335938,5343947,0.0,0.0
2019-04-08,760.1779098017447,763.8579668352454,744.5128538412563,750.5302124023438,4918795,0.0,0.0
2019-04-09,750.9281157151052,761.8687902487027,746.9496886119787,759.2828369140625,5483424,0.0,0.0
2019-04-10,757.1443879782438,763.7585471441232,753.9119160427045,756.7465209960938,5933250,0.0,0.0
2019-04-11,756.3984635983255,757.2438550872134,742.9712719368168,748.24267578125,5365803,0.0,0.0
2019-04-12,749.3367655551268,762.6147416656087,747.54642480254,760.2276611328125,4671869,0.0,0.0
2019-04-15,759.8796009195959,766.0461752672078,755.9011736896502,758.7357788085938,3707106,0.0,0.0
2019-04-16,760.9735827806854,771.8148203907296,760.9735827806854,766.9412231445312,7088601,0.0,0.0
2019-04-18,774.2019525406009,774.798692334461,764.8526243969197,767.040771484375,6098041,0.0,0.0
2019-04-22,764.7531700448474,764.7531700448474,746.5020993843743,751.4254150390625,4185156,0.0,0.0
2019-04-23,753.3649216746566,755.2049199450888,744.9604821975865,749.1875610351562,5098170,0.0,0.0
2019-04-24,750.6297317759106,751.6243385330787,734.367874872626,748.7896728515625,7825049,0.0,0.0
2019-04-25,749.9335612286643,754.4590102328128,734.5668733301958,736.9042358398438,10282068,0.0,0.0
2019-04-26,757.8903466787125,761.0233822367444,743.2198970546823,755.8016967773438,23294204,0.0,0.0
2019-04-30,755.8514221182177,765.5488380630508,751.7237797669995,762.7141723632812,12434805,0.0,0.0
2019-05-02,761.2719628583128,763.6589824219021,744.0155008607909,748.2922973632812,7033021,0.0,0.0
2019-05-03,750.082662544591,759.680580717877,749.3864257176126,753.2156372070312,5970814,0.0,0.0
2019-05-06,741.9766313216134,749.3367455125568,740.0868542248642,743.4188232421875,5909936,0.0,0.0
2019-05-07,747.7950666018675,751.425405550386,736.0090008038195,737.8489990234375,5071941,0.0,0.0
2019-05-08,737.8988332047624,740.7334383945738,729.3948962233611,731.5333251953125,6739894,0.0,0.0
2019-05-09,729.9419400966261,736.5063205619844,725.4662095867964,727.0575561523438,4193451,0.0,0.0
2019-05-10,730.4391744019732,734.5170375317434,725.5655773587093,731.0856323242188,3913815,0.0,0.0
2019-05-13,730.0413885235895,738.843634388927,726.0629613381748,728.151611328125,5891071,0.0,0.0
2019-05-14,725.4662050045455,734.5171023626411,718.603393983762,727.4056396484375,7049134,0.0,0.0
2019-05-15,731.8316142734367,733.7213913285751,712.2378496990146,718.0563354492188,4849130,0.0,0.0
2019-05-16,717.0618366533371,731.0360510665412,714.8239711908885,727.9030151367188,5142617,0.0,0.0
2019-05-17,727.8532358915111,748.0935204668699,723.2780689454934,744.9107666015625,9072242,0.0,0.0
2019-05-20,756.1000765151854,786.3858647155604,756.1000765151854,778.1803588867188,15866697,0.0,0.0
2019-05-21,785.4409743464621,787.529624270264,766.8915338995419,768.7813110351562,9251548,0.0,0.0
2019-05-22,770.6213001768994,779.7716944468076,766.0461333949345,774.9478759765625,5928186,0.0,0.0
2019-05-23,783.7501215750466,799.9621995121165,766.443939785795,772.2127075195312,14776218,0.0,0.0
2019-05-24,775.2462757578185,791.6075696188086,774.3013871647192,788.922119140625,9323114,0.0,0.0
2019-05-27,789.717798462955,811.9970150445542,782.9544843704634,809.510498046875,9128216,0.0,0.0
2019-05-28,811.8975184265893,817.6662257234589,796.6800465328877,804.0401611328125,13473187,0.0,0.0
2019-05-29,802.3990392291382,808.6153317549295,797.7740933075568,800.360107421875,5958128,0.0,0.0
2019-05-30,798.9179657973355,809.8089231305411,798.9179657973355,803.1947631835938,6414384,0.0,0.0
2019-05-31,806.6260018830815,814.2844853121918,788.9220154626005,803.9405517578125,11140585,0.0,0.0
2019-06-03,809.1623215790353,810.2564254441965,798.7686687428895,808.2672119140625,6427567,0.0,0.0
2019-06-04,803.1946737276595,823.2857423415825,801.1557420189002,818.3624267578125,9515354,0.0,0.0
2019-06-06,819.555949711022,821.4954449856356,801.4540949912578,803.3438720703125,14728937,0.0,0.0
2019-06-07,806.7255634998263,808.863992434829,796.978428852383,799.6638793945312,6884094,0.0,0.0
2019-06-10,803.045619863004,812.3451699163522,803.045619863004,809.7592163085938,5923875,0.0,0.0
2019-06-11,812.7430021418678,817.0197994050591,802.6477184514418,810.4056396484375,5471529,0.0,0.0
2019-06-12,809.6595958451185,811.3504394261232,804.7362803938902,809.1622924804688,4707478,0.0,0.0
2019-06-13,806.8747212989656,818.9592175243861,806.3774179268245,815.7267456054688,9056584,0.0,0.0
2019-06-14,815.6769990745246,818.6608194257876,793.1491918460775,796.8789672851562,8919370,0.0,0.0
2019-06-17,795.7848308919451,796.6800012431488,770.9196623138193,773.5056762695312,10151212,0.0,0.0
2019-06-18,777.7327974300989,780.6171207192,765.946670456381,771.5662231445312,8347632,0.0,0.0
2019-06-19,776.5889612208828,784.7447489532277,759.2330607790102,766.54345703125,6411258,0.0,0.0
2019-06-20,767.8363637543282,771.2677689718864,754.757261514206,767.2396240234375,9190732,0.0,0.0
2019-06-21,770.5715977303043,774.052721437379,758.6860346463822,766.8915405273438,12610688,0.0,0.0
2019-06-24,766.8418485720005,771.0689275038176,756.8957804971367,758.7357788085938,4866859,0.0,0.0
2019-06-25,757.1443853084912,778.777082031591,752.4697214616143,777.4343872070312,10044436,0.0,0.0
2019-06-26,778.6776528536564,787.7285500427153,777.4841126063353,784.3468627929688,8715757,0.0,0.0
2019-06-27,784.6950178306681,802.4984424652486,777.3846216988385,796.1329956054688,18439210,0.0,0.0
2019-06-28,796.8292165439289,808.5158457757495,789.0215171867428,804.1892700195312,9174348,0.0,0.0
2019-07-01,806.3774104066503,814.5829159704552,803.0952203223238,806.0790405273438,5896530,0.0,0.0
2019-07-02,806.7254580938414,808.1676499285951,796.431303184277,798.2713012695312,7549027,0.0,0.0
2019-07-03,798.3211478554149,807.1233934834713,797.1773257880496,801.8519897460938,5535230,0.0,0.0
2019-07-04,806.6319979523396,809.8187044215118,800.9556865512158,805.4867553710938,5553273,1.0,0.0
2019-07-05,804.6403541356639,809.569784303042,797.9682004290069,802.7482299804688,5871202,0.0,0.0
2019-07-08,798.665271956089,800.3084355438589,775.4123859192925,779.6447143554688,7485169,0.0,0.0
2019-07-09,775.2630343477626,785.5201952856199,773.1717903595672,782.9310302734375,6448920,0.0,0.0
2019-07-10,783.3791276166432,786.7151739785606,761.3709831162682,766.0514526367188,5814417,0.0,0.0
2019-07-11,770.2837716173472,770.2837716173472,759.8274308261615,763.2133178710938,7111401,0.0,0.0
2019-07-12,762.9145087656726,765.4041136902198,747.877319333956,752.6573486328125,8552548,0.0,0.0
2019-07-15,754.1013220023536,756.4913670119046,740.906416070982,746.6325073242188,6350785,0.0,0.0
2019-07-16,746.8815168894678,760.0266437429971,744.4416917780208,757.8855590820312,6170479,0.0,0.0
2019-07-17,759.9270446584762,762.3668698392291,746.9313180517165,749.470703125,5757193,0.0,0.0
2019-07-18,750.8648374695834,751.8606794290921,731.5454791425663,737.3214111328125,11283488,0.0,0.0
2019-07-19,740.4583017819541,743.6947882593925,720.2925014225309,726.2177734375,8091007,0.0,0.0
2019-07-22,726.9646779752655,735.4293351845666,717.006257729029,724.42529296875,7020071,0.0,0.0
2019-07-23,729.8526728862057,736.2260256258279,723.0808982271292,724.9730224609375,7048354,0.0,0.0
2019-07-24,724.9729886653523,729.7530181925855,706.4005107283404,709.3382568359375,6618279,0.0,0.0
2019-07-25,708.2428040324327,723.2302131609399,703.4129341263232,720.1431274414062,9972204,0.0,0.0
2019-07-26,720.5415147571479,728.9563923718135,716.2096260822428,726.8153076171875,5450010,0.0,0.0
2019-07-29,733.1389421542685,736.9231298540003,707.0478678328922,717.2552490234375,10314136,0.0,0.0
2019-07-30,722.9315130734407,724.9729770200387,698.0852429822075,704.6577758789062,14100900,0.0,0.0
2019-07-31,691.1143379292448,692.0106200287332,655.0648458982752,671.2970581054688,55836793,0.0,0.0
2019-08-01,671.1477183542015,677.9194317000356,659.8947160731487,666.5170288085938,17001210,0.0,0.0
2019-08-02,664.6249635400626,678.8157117929725,658.8490314155357,671.048095703125,14426295,0.0,0.0
2019-08-05,662.7328626376861,666.5668300924623,647.4964919264077,659.695556640625,13042504,0.0,0.0
2019-08-06,655.9611169681095,680.010664044461,651.2806475587375,676.1766967773438,12419831,0.0,0.0
2019-08-07,676.1767103461779,676.6746313405419,651.5296211251648,657.2059326171875,10486156,0.0,0.0
2019-08-08,657.8532066488921,661.5378342374362,640.525592165961,657.3552856445312,17563795,0.0,0.0
2019-08-09,661.4382552082833,673.1393984721512,657.2557067364138,658.0523681640625,9289628,0.0,0.0
2019-08-13,659.4466199709365,665.9195933185584,642.3181244948,646.7496337890625,7389394,0.0,0.0
2019-08-14,650.0856023859227,666.6663949002585,649.2889409949632,660.4423828125,7148518,0.0,0.0
2019-08-16,661.2390541877261,675.1808414748167,654.1187599392715,672.8406372070312,7040117,0.0,0.0
2019-08-19,675.977501173448,686.1351011847057,673.5376762480848,682.1517333984375,9082914,0.0,0.0
2019-08-20,682.3012092715481,682.3509892180942,666.7162567759602,669.5543823242188,7602499,0.0,0.0
2019-08-21,671.1974752179548,671.3468758232067,656.9071675284584,661.9361572265625,7892687,0.0,0.0
2019-08-22,662.2349071968399,667.0647164179832,655.0150529454459,658.4009399414062,9262172,0.0,0.0
2019-08-23,657.0068184191757,668.7577429167028,642.5671081242488,661.1395874023438,7775604,0.0,0.0
2019-08-26,674.434045230112,683.7949850467794,657.8034704229059,680.8572387695312,8864341,0.0,0.0
2019-08-27,694.1018581516005,694.6495590828204,677.6704655267778,680.1102905273438,12015623,0.0,0.0
2019-08-28,682.2513393443908,686.4836679030567,670.6995962968166,675.3800659179688,5677087,0.0,0.0
2019-08-29,671.1974848882257,673.936050293927,656.1602955185598,658.4009399414062,8753540,0.0,0.0
2019-08-30,662.1354294916491,665.8199965969767,637.4384970517755,661.1395874023438,17115901,0.0,0.0
2019-09-03,656.0606414936562,656.0606414936562,638.7828085796908,643.01513671875,8461431,0.0,0.0
2019-09-04,641.5213738484663,650.2847705448648,635.9446226552185,644.6084594726562,10786466,0.0,0.0
2019-09-05,649.2889708453764,657.0067461890139,641.3720149494999,646.89892578125,8108303,0.0,0.0
2019-09-06,650.3844135500937,669.9527339949371,650.3844135500937,668.3095703125,11101456,0.0,0.0
2019-09-09,664.8738823743364,672.9899575556376,659.994232652514,668.7576293945312,5607331,0.0,0.0
2019-09-11,671.7451841657155,680.6579818932323,668.2099573523905,678.865478515625,5966906,0.0,0.0
2019-09-12,677.2721102899919,678.8157139932156,657.8034116221526,660.1436767578125,8087081,0.0,0.0
2019-09-13,660.7908904869269,672.5916536475138,654.3179180399661,671.4464111328125,12105997,0.0,0.0
2019-09-16,663.8282434335431,671.5958595480182,662.1851406257665,668.1104125976562,7659588,0.0,0.0
2019-09-17,664.2266424146153,665.5212249137212,635.3970031250524,637.7870483398438,17297040,0.0,0.0
2019-09-18,642.8160133689955,651.7785914020257,638.8824252982245,645.7039794921875,9702162,0.0,0.0
2019-09-19,645.5048068779865,647.2973103503745,629.9696349607538,635.54638671875,9554331,0.0,0.0
2019-09-20,638.3844800286959,686.5832554866344,620.061024326543,677.5210571289062,38862975,0.0,0.0
2019-09-23,700.9731755151801,728.956310101331,692.9565991628774,722.4833374023438,31417887,0.0,0.0
2019-09-24,725.2219378011574,730.2011478100909,699.3300457547034,701.4711303710938,15683656,0.0,0.0
2019-09-25,699.0810988980297,700.5250819850767,680.8074221211506,692.0604248046875,17058681,0.0,0.0
2019-09-26,683.745120405908,716.657748455629,683.695340460179,696.9898681640625,15007372,0.0,0.0
2019-09-27,697.2885893122592,705.0063649091728,689.6205936596963,697.6868896484375,10245068,0.0,0.0
2019-09-30,701.1225103242663,709.4378270469225,679.2637674408455,682.1517333984375,20073726,0.0,0.0
2019-10-01,684.2430060237609,698.3341944743662,653.52130498938,676.3261108398438,49442205,0.0,0.0
2019-10-03,672.1933828177092,673.0896649740162,644.0110649980714,665.620849609375,17615854,0.0,0.0
2019-10-04,667.1145823776787,674.5833974030385,648.6915053151248,653.6707153320312,15317105,0.0,0.0
2019-10-07,658.2017557705575,679.0646569936583,648.9902176384263,670.6497802734375,21554138,0.0,0.0
2019-10-09,669.1062618157048,686.6330566429916,661.5378261728617,683.4463500976562,11537721,0.0,0.0
2019-10-10,677.1725290920332,681.4546373403119,662.5834201453704,670.15185546875,8679981,0.0,0.0
2019-10-11,673.7369216523832,683.1476411096585,665.5212248023034,669.9029541015625,11042828,0.0,0.0
2019-10-14,674.9816478285244,691.0645193065399,670.5501390848617,680.657958984375,11099352,0.0,0.0
2019-10-15,679.7617507937919,691.9608157587094,678.4671683007286,687.1807861328125,9260732,0.0,0.0
2019-10-16,690.5167846679688,692.5084684301706,680.7077056703051,690.5167846679688,10404705,0.0,0.0
2019-10-17,687.6289575860221,709.4379234932636,687.6289575860221,707.3466186523438,10617761,0.0,0.0
2019-10-18,706.898410850274,712.7241229487404,702.3175620181455,706.5996704101562,9500635,0.0,0.0
2019-10-22,709.4378565698705,719.993757330213,700.3756580101696,709.786376953125,9704016,0.0,0.0
2019-10-23,715.0145511027824,726.9646550209347,707.0975951007322,711.8776245117188,16158781,0.0,0.0
2019-10-24,716.9564495755765,719.9937554749017,698.6329327308866,704.7573852539062,8986203,0.0,0.0
2019-10-25,705.0561445935477,708.0436706299611,692.1101984357566,705.6536254882812,8226456,0.0,0.0
2019-10-27,708.0436820402607,712.0768300981393,705.6038569149301,707.1473999023438,965647,0.0,0.0
2019-10-29,703.5624118246781,739.8110869375371,701.3217672010326,735.3795776367188,10422117,0.0,0.0
2019-10-30,741.9022523719515,746.7819022370126,732.4417538517722,744.2922973632812,10188947,0.0,0.0
2019-10-31,744.889853235456,746.8815373350161,729.0061603851897,733.2882690429688,8775411,0.0,0.0
2019-11-01,732.9396934637081,746.8814811111156,725.0725175501227,745.1885375976562,8484197,0.0,0.0
2019-11-04,751.810891570494,751.810891570494,732.4915334469181,739.51220703125,7851370,0.0,0.0
2019-11-05,738.7156088000581,742.4997963736755,727.562165860943,734.981201171875,7306253,0.0,0.0
2019-11-06,733.8857235627785,747.777730663242,725.7198075683431,744.1428833007812,7821243,0.0,0.0
2019-11-07,746.8815375526327,752.8565898530537,729.4543016764046,731.6949462890625,9871570,0.0,0.0
2019-11-08,732.840118033271,732.840118033271,719.794551971106,722.4833374023438,7427196,0.0,0.0
2019-11-11,720.3921314861886,732.4417954467957,718.2012669166131,730.6492919921875,6355142,0.0,0.0
2019-11-13,730.6493044033596,734.333932044593,704.9067516409725,708.2428588867188,9290616,0.0,0.0
2019-11-14,708.0436895413932,718.7987714034685,704.3092818961327,712.92333984375,8000528,0.0,0.0
2019-11-15,713.7697888331805,720.4917226659311,707.6453359174577,713.919189453125,9315652,0.0,0.0
2019-11-18,714.8154198307051,722.4834158631293,709.2387285969653,719.9440307617188,7907958,0.0,0.0
2019-11-19,721.9854872140813,747.0807190638665,721.9854872140813,744.690673828125,14424251,0.0,0.0
2019-11-20,744.8897762546953,750.7154273313055,738.1678431133595,745.6366577148438,8798051,0.0,0.0
2019-11-21,745.8856663567178,745.8856663567178,731.246776636433,734.3339233398438,5529542,0.0,0.0
2019-11-22,734.333919459466,736.9230843622438,724.4750592885573,729.055908203125,4889776,0.0,0.0
2019-11-25,728.9065697500102,753.6532193307659,726.964665678567,751.6117553710938,6888402,0.0,0.0
2019-11-26,753.6532616161575,758.8316525034272,740.9064953576769,749.1221923828125,14624880,0.0,0.0
2019-11-27,751.8607753191314,760.5743935761412,745.2882418606807,749.76953125,8436862,0.0,0.0
2019-11-28,749.171947514659,752.5080547862185,742.6491943700637,747.47900390625,9235443,0.0,0.0
2019-11-29,746.7819734321629,753.2051059936499,733.4376657242232,735.97705078125,12674173,0.0,0.0
2019-12-02,736.1762101718538,742.898143778428,734.2840860293059,741.2052001953125,8285491,0.0,0.0
2019-12-03,741.8524874962908,741.8524874962908,727.6119594856244,730.3505249023438,5408215,0.0,0.0
2019-12-04,729.8027876193069,743.8939762749488,726.2675606647699,736.773681640625,8016237,0.0,0.0
2019-12-05,739.9106008420466,741.9022848281625,722.2841854086467,726.2177734375,8151690,0.0,0.0
2019-12-06,729.7530218337423,732.1928469448144,712.027045991897,714.6162109375,7458610,0.0,0.0
2019-12-09,710.4834430291231,730.848422823423,707.0477761857497,728.956298828125,8977174,0.0,0.0
2019-12-10,727.9604913138113,731.7446787019865,711.0311775623273,712.72412109375,7625748,0.0,0.0
2019-12-11,708.5415062067955,719.3962071428892,706.1016814149544,713.5704956054688,8266375,0.0,0.0
2019-12-12,716.0103873031994,722.2841796531981,712.1764199730256,719.0974731445312,5519774,0.0,0.0
2019-12-13,722.5829163612798,751.7112942757085,721.9854354858398,748.8731689453125,14834140,0.0,0.0
2019-12-16,749.1220929581971,751.5619178466043,743.0972614289975,744.1428833007812,7286003,0.0,0.0
2019-12-17,744.4914648830048,753.3544831145487,738.2674522994411,742.5496215820312,9788065,0.0,0.0
2019-12-18,742.6989690086795,745.4375345734469,734.5330522592797,738.765380859375,6678420,0.0,0.0
2019-12-19,740.0101032411094,746.8814367719582,737.5703391727479,739.46240234375,8400708,0.0,0.0
2019-12-20,741.6035518242188,743.8939762749488,734.2342966891335,736.773681640625,7019925,0.0,0.0
2019-12-23,733.8360456565806,745.4873492498607,731.9439214111305,740.06005859375,10250382,0.0,0.0
2019-12-24,741.4043407766582,741.6035213253504,734.7321874743753,737.5703735351562,3642916,0.0,0.0
2019-12-26,734.4334640554725,737.5703906212748,730.8484572214451,733.4376220703125,7919368,0.0,0.0
2019-12-27,735.9271769472675,758.8315410471148,733.2383916140556,756.9892578125,10736285,0.0,0.0
2019-12-30,757.7362522118904,762.5660619186747,747.927171394519,750.9644775390625,10034206,0.0,0.0
2019-12-31,750.715517022602,762.6656218127085,748.2757525863893,750.9644775390625,11660781,0.0,0.0
2020-01-01,751.7611465898424,756.7901365100024,744.0931510694996,745.5869140625,4917748,0.0,0.0
2020-01-02,746.8814982644955,755.8440762436694,744.4914531575002,753.8026123046875,5156046,0.0,0.0
2020-01-03,750.0184405893136,753.1055265342933,737.4210147420089,739.86083984375,8489729,0.0,0.0
2020-01-06,736.375389603757,736.5247294370728,718.6991938505718,720.2427368164062,6356198,0.0,0.0
2020-01-07,724.9729442064244,734.9313637696995,718.0518304536744,722.7322998046875,9103360,0.0,0.0
2020-01-08,712.2760100749708,722.7323513623351,706.1515572941081,721.487548828125,8973215,0.0,0.0
2020-01-09,730.4999117110233,741.9023151538914,727.9605266812009,739.76123046875,7559853,0.0,0.0
2020-01-10,739.9106466081302,748.6740445328128,731.7447296036901,736.972900390625,8550490,0.0,0.0
2020-01-13,736.9230882563033,743.6450218316141,732.2923985918734,734.3339233398438,6423758,0.0,0.0
2020-01-14,736.9230464139746,748.275669009116,731.1471752334902,744.7902221679688,7237665,0.0,0.0
2020-01-15,743.9437809411666,745.8856850679119,734.9314226703858,743.1968994140625,7911661,0.0,0.0
2020-01-16,743.3960727647022,747.27988098051,732.0434493503207,734.2343139648438,6487613,0.0,0.0
2020-01-17,731.7944358336166,739.3628711554161,727.8110680162597,736.823486328125,7678864,0.0,0.0
2020-01-20,739.8608424131603,743.0973289847127,721.985465961696,724.1763305664062,10677371,0.0,0.0
2020-01-21,723.329828633205,726.5663152058954,713.0726679591069,714.6162109375,8242803,0.0,0.0
2020-01-22,714.0186918673521,719.7447831898587,703.6619110758354,709.636962890625,13321307,0.0,0.0
2020-01-23,722.0352383816453,734.4832635271166,716.4087674847159,719.9937744140625,20643257,0.0,0.0
2020-01-24,720.3921351836434,738.616031831545,717.404609150172,734.3339233398438,9541490,0.0,0.0
2020-01-27,729.4045024762349,745.3379748567652,727.9605193854748,737.1720581054688,9170435,0.0,0.0
2020-01-28,735.3297023095705,743.3959975958533,731.9438154493666,734.0848999023438,7836737,0.0,0.0
2020-01-29,736.9230594265343,742.4001902736235,730.4998665495831,732.1928100585938,7985274,0.0,0.0
2020-01-30,732.6907099927466,733.3380315686244,724.2758334131787,727.8609008789062,6041343,0.0,0.0
2020-01-31,731.6450878961921,734.1844726953244,722.1845894348756,726.2675170898438,8345819,0.0,0.0
2020-02-03,701.7698081011009,709.836103282173,692.6578302865034,706.0021362304688,11594991,0.0,0.0
2020-02-04,709.487653599914,717.6037295288244,707.0478285142592,712.0270385742188,9653925,0.0,0.0
2020-02-05,716.4585795644874,722.6328124698498,712.2262508251936,721.0394287109375,7975101,0.0,0.0
2020-02-06,724.4253038466733,741.9023194849774,719.9937946142801,733.8858032226562,9627252,0.0,0.0
2020-02-07,733.6368421054742,746.0848675898843,730.9480564445666,745.0392456054688,8438354,0.0,0.0
2020-02-10,743.1968842911679,743.6948052991053,735.9272497315557,738.0184936523438,4713339,0.0,0.0
2020-02-11,739.9106119621742,753.9519599627702,738.9147699541498,746.8317260742188,7845657,0.0,0.0
2020-02-12,748.8731936341443,757.5370313018777,747.8773516213329,752.1096801757812,6190440,0.0,0.0
2020-02-13,747.9769404412382,750.3172057306882,739.2135425458113,744.690673828125,5031706,0.0,0.0
2020-02-14,744.9893647856196,749.4208737758557,729.0558930230602,733.4376220703125,6155000,0.0,0.0
2020-02-17,734.3339309277715,740.0101818249223,727.1638562170764,735.3297729492188,4275465,0.0,0.0
2020-02-18,734.6824764548979,734.6824764548979,721.6867497867252,730.5995483398438,5215502,0.0,0.0
2020-02-19,737.570388640672,742.0018368376371,732.2923775084004,737.9686889648438,4372673,0.0,0.0
2020-02-20,739.6616572271145,750.8648799047382,734.5330465332531,741.2052001953125,7529403,0.0,0.0
2020-02-24,734.881556709581,735.329697729665,719.9937078556019,722.4335327148438,6589087,0.0,0.0
2020-02-25,726.3671091478542,728.9562737859134,719.0476346840529,725.7197875976562,5419596,0.0,0.0
2020-02-26,722.284138091959,732.6906983939571,718.9978718864248,726.3671264648438,7136975,0.0,0.0
2020-02-27,725.6700496458042,736.3753507340606,713.5705454986223,732.790283203125,8867328,0.0,0.0
2020-02-28,715.9107961381305,721.6866672432122,688.1267816545806,694.4005737304688,16428944,0.0,0.0
2020-03-02,706.3507122057714,710.2843002273073,672.4920845047851,681.3551025390625,13854352,0.0,0.0
2020-03-03,687.0313508685188,692.9067816075267,672.1932822514586,684.2927856445312,11198145,0.0,0.0
2020-03-04,687.130958521235,693.1060103344631,665.5211756404526,679.3634033203125,14802724,0.0,0.0
2020-03-05,683.6455154963026,691.114330305075,672.4422932831438,675.081298828125,10508008,0.0,0.0
2020-03-06,647.2973115947397,658.0523932311161,638.3845133788143,654.91552734375,12969235,0.0,0.0
2020-03-09,636.3430466561925,639.1811720822508,612.5423982198828,620.957275390625,14336369,0.0,0.0
2020-03-11,611.0984684555486,631.7621899840539,609.5548647283216,616.7747192382812,11021433,0.0,0.0
2020-03-12,589.5384459129084,591.5301298518034,525.9539604762349,540.9911499023438,29369378,0.0,0.0
2020-03-13,514.8005513967412,583.214911257475,449.2243474097447,566.4349365234375,25599305,0.0,0.0
2020-03-16,540.0948328785703,542.733838239437,500.2611870681938,506.4851989746094,21542970,0.0,0.0
2020-03-17,513.0080102661508,529.0908214594675,475.46475619887843,486.3194274902344,20590414,0.0,0.0
2020-03-18,487.9625564248057,503.94580759632396,390.46963541317024,471.48138427734375,36240904,0.0,0.0
2020-03-19,439.21609507846904,463.01674281899705,421.9880409040301,426.4693298339844,33243997,0.0,0.0
2020-03-20,429.6062375126545,447.83016455029184,412.4777731560565,426.3697509765625,30764236,0.0,0.0
2020-03-23,383.74765826138645,390.37000040439625,300.7442350054277,307.3665771484375,37622635,0.0,0.0
2020-03-24,330.56976364865596,336.09667458556646,289.79002164266615,301.8894958496094,50681510,0.0,0.0
2020-03-25,292.2795799667967,362.23746920927533,284.8107661686673,325.44110107421875,51993973,0.0,0.0
2020-03-26,334.5531177981375,397.34094106594307,330.6195299095065,339.9804382324219,62971564,0.0,0.0
2020-03-27,368.4614992439954,407.74747395479716,352.57780894463656,358.2541198730469,71042591,0.0,0.0
2020-03-30,343.56546698278174,380.4116185142685,338.93480807115066,366.61920166015625,61772544,0.0,0.0
2020-03-31,382.8016432882569,388.1791837933107,371.1005002600178,377.4241027832031,34637148,0.0,0.0
2020-04-01,374.68554694197525,378.22077383325984,352.52806277065577,357.1587219238281,27744593,0.0,0.0
2020-04-03,358.70231240047167,360.7935563569748,322.6528186538584,324.0968017578125,41317365,0.0,0.0
2020-04-07,345.95549267765466,404.0628774328223,340.92650290900997,387.233154296875,48093237,0.0,0.0
2020-04-08,382.1543729345464,425.92164161322705,371.9469922893892,389.7227783203125,64930598,0.0,0.0
2020-04-09,403.3159853204745,421.24114022360675,396.9923829292883,418.4029846191406,44090546,0.0,0.0
2020-04-13,416.21213539221594,426.1207440897301,400.3284448877832,417.2079772949219,33431643,0.0,0.0
2020-04-15,432.19539148722623,449.77199522418067,410.7350103565187,415.5648193359375,48315019,0.0,0.0
2020-04-16,406.9010519597338,425.22453889241734,399.03390614735565,420.79302978515625,42344330,0.0,0.0
2020-04-17,448.1288766025394,483.87959645780506,430.60205223950317,476.8091125488281,47831797,0.0,0.0
2020-04-20,479.9958081920569,481.43979114060943,449.37366897648485,454.05413818359375,42163627,0.0,0.0
2020-04-21,434.1871210377297,438.1207091758829,411.23297461620695,418.90093994140625,33572119,0.0,0.0
2020-04-22,416.8096837204648,432.74315674406495,410.2869303577037,429.3572998046875,36619611,0.0,0.0
2020-04-23,432.79290932353814,438.0210794616844,424.2784425784325,428.2618103027344,29418000,0.0,0.0
2020-04-24,414.27026961688296,417.9050868178362,399.58160020138047,402.2703857421875,35773252,0.0,0.0
2020-04-27,413.27441052792915,427.71411884757964,407.3989490828979,425.52325439453125,35986805,0.0,0.0
2020-04-28,436.1787597661943,456.49392880045565,433.44019449368966,453.55621337890625,43938246,0.0,0.0
2020-04-29,428.95894412795167,446.98369051651474,424.178914654942,437.27423095703125,61499689,0.0,0.0
2020-04-30,449.124752280467,459.97942425079333,438.5688207607045,443.05010986328125,40382553,0.0,0.0
2020-05-04,422.23701552017394,422.23701552017394,398.0380666454575,401.1251525878906,37853978,0.0,0.0
2020-05-05,412.2785878316296,417.0088373296978,384.89293284281365,387.3825378417969,50981056,0.0,0.0
2020-05-06,383.3991566522159,392.8098753808624,366.5196231835911,387.233154296875,67511628,0.0,0.0
2020-05-07,385.3908444194921,400.5774345419656,381.1087360822163,395.69781494140625,41339309,0.0,0.0
2020-05-08,401.82221670971853,407.7474883193324,378.07138072197387,380.4613952636719,33505509,0.0,0.0
2020-05-11,389.3742042956337,391.8638091824344,375.28304671447853,377.9718017578125,30141935,0.0,0.0
2020-05-12,374.73533421172357,390.1708852845484,368.4615417383983,385.2414855957031,38411107,0.0,0.0
2020-05-13,409.29103862375456,414.7183893700513,397.93844655028363,412.278564453125,48206058,0.0,0.0
2020-05-14,403.3657722756694,409.2910440724076,395.9965478765903,400.2786865234375,31604212,0.0,0.0
2020-05-15,401.07532377458824,402.2205358773102,385.19163337075537,386.9343566894531,25435025,0.0,0.0
2020-05-18,387.3825467004866,387.3825467004866,350.8351323233691,357.30810546875,47864748,0.0,0.0
2020-05-19,367.2665299034043,370.9511575846813,348.64430210604866,353.0260009765625,42889678,0.0,0.0
2020-05-20,351.532267224542,364.7769552214855,348.5447408741918,360.9927673339844,30720803,0.0,0.0
2020-05-21,361.4905922648365,367.465643376652,354.22095890173364,355.7147216796875,24794914,0.0,0.0
2020-05-22,350.63594934433536,358.2541340244673,331.46599220751534,335.5489501953125,48367892,0.0,0.0
2020-05-26,340.5779609249804,346.2542724300044,334.9514597539183,339.880859375,30692834,0.0,0.0
2020-05-27,344.6609085262934,390.818189462772,340.0800294309316,385.3908386230469,72430787,0.0,0.0
2020-05-28,388.3783703403028,405.95497512500253,385.3908444146081,389.3244323730469,72693713,0.0,0.0
2020-05-29,380.41161936831986,387.6314734008338,373.78927657525423,383.349365234375,51056390,0.0,0.0
2020-06-01,392.6605241765934,407.797336110347,390.9178005180022,395.2995300292969,44252980,0.0,0.0
2020-06-02,396.3451117590009,413.2744255778527,389.9219187714564,408.3948059082031,37508638,0.0,0.0
2020-06-03,420.24532139544954,430.2037413337303,403.5649679988292,407.8470764160156,49055899,0.0,0.0
2020-06-04,405.90517151575534,412.1789634376394,389.9218905108011,392.71026611328125,45553578,0.0,0.0
2020-06-05,397.3409537176405,408.1956253225166,388.8762968088687,403.61474609375,39002875,0.0,0.0
2020-06-08,413.2744088136894,442.9007067949117,412.2785668647407,428.46099853515625,60387580,0.0,0.0
2020-06-09,433.1415069713015,440.660102208643,414.7682091975137,418.3034362792969,46273705,0.0,0.0
2020-06-10,420.4444980380841,430.9008388759784,413.57316403206215,425.67266845703125,36163051,0.0,0.0
2020-06-11,424.72662222199256,433.73898036140145,407.0006463933869,411.73089599609375,45562670,0.0,0.0
2020-06-12,388.3783721923828,410.78481674194336,387.53190043126233,406.30352783203125,47813512,0.0,0.0
2020-06-15,404.262063955789,404.262063955789,382.05476956636073,387.98004150390625,39577100,0.0,0.0
2020-06-16,403.21641763431376,403.31600791193534,358.9014488637431,379.9635009765625,96186227,0.0,0.0
2020-06-17,375.8805675244892,396.0961475631409,373.7394829548428,387.98004150390625,56949066,0.0,0.0
2020-06-18,384.3949969839991,406.35330006994576,382.4033130618022,403.7143249511719,43773580,0.0,0.0
2020-06-19,405.8056086561187,420.5440578694409,405.8056086561187,415.3158874511719,52085319,0.0,0.0
2020-06-22,418.2536297046751,434.08751103678645,416.36153602938623,428.3614196777344,40454004,0.0,0.0
2020-06-23,428.7099816110351,443.1496906316159,428.61039133275597,441.8052978515625,30757220,0.0,0.0
2020-06-24,446.1371929188869,446.63511389312674,420.4444828043855,422.88427734375,33577082,0.0,0.0
2020-06-25,417.2578086136133,426.91748841559695,408.6437811726391,419.94659423828125,49853200,0.0,0.0
2020-06-26,424.2287083597763,426.9672739653852,416.26197205255045,423.08349609375,32610915,0.0,0.0
2020-06-29,413.2744216398585,414.0710830674684,400.6770266728288,403.1168212890625,36319455,0.0,0.0
2020-06-30,408.2952136894661,413.0752430593124,402.36994172477154,404.9591369628906,26951915,0.0,0.0
2020-07-01,408.2952496968317,435.53153645596535,404.9591726760492,431.4485778808594,53380512,0.0,0.0
2020-07-02,439.16631322427867,439.66423421432887,419.5482140600265,421.4403381347656,50362770,0.0,0.0
2020-07-03,428.2120610137861,429.8054142956956,421.8884582206779,426.66851806640625,31044457,0.0,0.0
2020-07-06,432.34483532257127,435.78050267366984,429.30752911820605,432.1954650878906,18424079,0.0,0.0
2020-07-07,431.6975112842043,447.1330624373881,424.4278767683343,445.48992919921875,37991679,0.0,0.0
2020-07-08,448.1289044927936,459.4814973284738,439.1663264029377,442.30322265625,45877067,0.0,0.0
2020-07-09,445.98784999022513,455.09979829814483,444.1953161388841,451.8633117675781,29162679,0.0,0.0
2020-07-10,448.02928512474097,449.57285837440935,435.18293010815205,437.7721252441406,25676354,0.0,0.0
2020-07-13,442.10405334463775,444.5438479290385,430.9506111595099,438.2202453613281,21326370,0.0,0.0
2020-07-14,433.0916591528812,433.987910832178,413.672741075151,415.96319580078125,25685579,0.0,0.0
2020-07-15,422.237031710028,442.6020139098646,420.9922291401282,424.8760070800781,43250557,0.0,0.0
2020-07-16,430.15400096898134,434.33651949348325,416.7101328153258,432.1954650878906,30183647,0.0,0.0
2020-07-17,432.19541551433036,438.0708770664573,422.8345070628944,431.2991638183594,33464985,0.0,0.0
2020-07-20,435.8800929603532,440.9588632836277,427.51499512997214,432.1954650878906,30400586,0.0,0.0
2020-07-21,438.17046371807504,449.1247253110269,436.6767007735816,444.3446960449219,43147019,0.0,0.0
2020-07-22,476.0124950348007,482.58505857576176,458.1869286001287,476.95855712890625,89611937,0.0,0.0
2020-07-23,470.98347074179867,472.77597412723935,457.290643687034,458.93377685546875,40249567,0.0,0.0
2020-07-24,454.7014541632242,454.7014541632242,439.7140141292497,443.7471923828125,30566635,0.0,0.0
2020-07-27,445.1413867306695,446.13722875914976,428.11248196552,429.755615234375,21924237,0.0,0.0
2020-07-28,432.1954514597674,438.170503784096,422.63536166270416,435.2327575683594,33057573,0.0,0.0
2020-07-29,433.938161602103,445.1413843629146,432.49417851221256,439.0667419433594,24404819,0.0,0.0
2020-07-30,440.06256688080236,444.04593481887827,422.9838829244389,424.0793151855469,26861618,0.0,0.0
2020-07-31,427.2162188645933,432.6435699318515,419.54822329280057,429.8551940917969,27499638,0.0,0.0
2020-08-03,429.80543425104975,430.1041747093528,413.9715517565522,415.61468505859375,23824107,0.0,0.0
2020-08-04,420.0959359334311,429.40706431605304,415.6146471237859,427.3655700683594,24746211,0.0,0.0
2020-08-05,437.1746273375468,444.99199292502266,431.3489457014948,433.1414794921875,36932321,0.0,0.0
2020-08-06,434.18711095373845,436.4775353919448,425.3241232532328,431.1995849609375,33465135,0.0,0.0
2020-08-07,429.6560077794342,435.18291826937366,425.3738692966069,431.498291015625,15569399,0.0,0.0
2020-08-10,432.1954308581485,435.18295687790527,427.51496127092173,429.3074951171875,14888044,0.0,0.0
2020-08-11,433.4899720767654,448.02927006807084,433.4899720767654,446.1371765136719,30469633,0.0,0.0
2020-08-12,442.95051184832715,450.86746794757954,437.1248604292508,449.2243347167969,23184137,0.0,0.0
2020-08-13,452.2118376156596,454.85081271694224,443.4982205138025,446.2367858886719,21885850,0.0,0.0
2020-08-14,449.62264015662305,449.62264015662305,423.8303397451552,434.0377197265625,36725538,0.0,0.0
2020-08-17,437.27421755064313,439.1663112260879,423.58139038656446,436.3281555175781,30198343,0.0,0.0
2020-08-18,437.67255767295313,445.3903331495524,433.49000912936043,443.94635009765625,21768516,0.0,0.0
2020-08-19,444.1455307825622,450.070802822595,440.61030384852694,442.35302734375,18127671,0.0,0.0
2020-08-20,436.07919508612656,439.46505172541015,431.44853597720305,433.1414794921875,16688938,0.0,0.0
2020-08-21,438.17048076911084,443.00032055572575,434.4360732625559,438.6186218261719,25087973,0.0,0.0
2020-08-24,442.1538466593656,447.58119769918403,440.46090310822433,443.94635009765625,18196776,0.0,0.0
2020-08-25,449.0749453627637,454.50226582660173,445.24094772714807,449.92138671875,26273592,0.0,0.0
2020-08-26,450.1205880003185,462.86735355732736,447.1330619737677,461.42340087890625,25914508,0.0,0.0
2020-08-27,462.07068053201033,472.52702136301485,462.07068053201033,471.0830383300781,19544214,0.0,0.0
2020-08-28,474.46888073327295,510.86688966313557,474.07051966465417,507.08270263671875,59179945,0.0,0.0
2020-08-31,522.2693123788384,531.6301900526283,484.27791843431334,494.6844787597656,55830536,0.0,0.0
2020-09-01,492.9915795254518,501.30686646520394,477.6556185055211,483.68048095703125,33276725,0.0,0.0
2020-09-02,484.9750595656638,485.9211216327954,470.1370196735169,482.3858642578125,20750575,0.0,0.0
2020-09-03,486.36921503515595,487.9127883324779,471.132844957537,472.97515869140625,14045705,0.0,0.0
2020-09-04,467.0498886631357,470.9834766407732,450.7180862677644,453.3072814941406,29405304,0.0,0.0
2020-09-07,455.09978110108375,465.207571036461,448.7761785021768,456.792724609375,25967554,0.0,0.0
2020-09-08,457.8881519753417,460.47734732434077,439.41529452604556,442.5024108886719,21052285,0.0,0.0
2020-09-09,438.0708750784527,441.50654201988294,423.23283585258156,429.45684814453125,31657672,0.0,0.0
2020-09-10,434.63522385101095,446.83428753129624,428.9589126761556,444.9919738769531,34434841,0.0,0.0
2020-09-11,444.14555355759745,447.97955152182635,437.42361973133336,445.340576171875,18620781,0.0,0.0
2020-09-14,450.1205416314363,453.108067350229,436.178754943737,438.7181396484375,17622727,0.0,0.0
2020-09-15,439.2160687376109,450.0209596988644,434.0874889034848,447.68072509765625,17328721,0.0,0.0
2020-09-16,447.6807653241887,448.72641767350325,438.17048624492014,444.1455383300781,20016188,0.0,0.0
2020-09-17,439.1165066180805,444.5936371760575,436.6766817587083,441.0583801269531,14306232,0.0,0.0
2020-09-18,442.7015534570682,447.4318030052931,434.236896370771,441.5065612792969,20809690,0.0,0.0
2020-09-21,441.1580111290581,442.1538531406361,418.8013458128572,421.5897216796875,19013877,0.0,0.0
2020-09-22,422.23699951171875,424.8759746805299,404.6105843097903,410.2868957519531,27558176,0.0,0.0
2020-09-23,416.36153600812,421.1415653339409,404.41143230288253,418.0046691894531,18612700,0.0,0.0
2020-09-24,412.2785738778639,412.5773143113565,399.4819985380589,400.776611328125,21177182,0.0,0.0
2020-09-25,405.80559368363686,414.9673517586578,398.48614928997915,413.3241882324219,20460096,0.0,0.0
2020-09-28,418.25362612051794,438.7679767178994,416.3117221286844,437.423583984375,19387091,0.0,0.0
2020-09-29,440.56049577568854,441.45674749969515,423.033670455627,425.0751647949219,19996904,0.0,0.0
2020-09-30,425.22451200081406,426.3199442222786,417.0088159258569,422.88427734375,18485278,0.0,0.0
2020-10-01,428.411235691716,443.4484254084217,425.62285988896605,441.8551025390625,21083211,0.0,0.0
2020-10-05,442.20363237711433,454.5520976134648,437.2244223271944,442.30322265625,24252318,0.0,0.0
2020-10-06,447.6309642557135,450.8176707070226,440.8592510350379,447.78033447265625,19387351,0.0,0.0
2020-10-07,445.1413613129657,454.05415911521527,441.6559144123049,451.21600341796875,19873734,0.0,0.0
2020-10-08,453.65578257070206,459.73042446891253,445.3903066439247,450.0209655761719,20909290,0.0,0.0
2020-10-09,451.41518133384733,467.8465748758438,448.2782850085127,466.1038513183594,28048230,0.0,0.0
2020-10-12,471.53117752075195,478.004150390625,460.37773518869653,466.0540466308594,21261504,0.0,0.0
2020-10-13,463.96280131278525,471.0332858894751,457.8383788323175,459.4317321777344,15582492,0.0,0.0
2020-10-14,456.09564531696645,472.67640887753544,452.11227723559557,469.34033203125,13984621,0.0,0.0
2020-10-15,471.4315950781003,479.94606238282415,458.0873184027656,460.676513671875,28971494,0.0,0.0
2020-10-16,463.2159059093988,473.5228768140888,461.0748516612474,470.4357604980469,16288157,0.0,0.0
2020-10-19,475.0664173633202,493.8380452765782,474.26975591386014,490.90032958984375,28131936,0.0,0.0
2020-10-20,483.82985273835476,496.57661847083335,483.08297122143557,491.89617919921875,21376064,0.0,0.0
2020-10-21,494.83389083483127,505.38982226470426,484.5767302436646,499.364990234375,27029535,0.0,0.0
2020-10-22,493.93766280676806,510.8669778626452,493.5891120068918,508.1781921386719,30022336,0.0,0.0
2020-10-23,511.7632178759388,513.3565407315193,502.40227895063333,505.091064453125,18810262,0.0,0.0
2020-10-26,506.1366843862645,507.73003762626684,488.8588200216509,491.29864501953125,17446937,0.0,0.0
2020-10-27,491.9459270085128,510.12004273301756,480.6431147126701,505.9873046875,24239860,0.0,0.0
2020-10-28,508.6760828515288,515.348236426269,491.44802836012315,502.6014709472656,30343575,0.0,0.0
2020-10-29,503.8960751187843,514.2030159791186,487.315311136195,491.7966003417969,50934336,0.0,0.0
2020-10-30,492.94178392439323,499.46453678772457,479.59750736700136,490.4521789550781,23140833,0.0,0.0
2020-11-02,494.7840667300176,529.4891639095291,493.04134336050817,520.476806640625,37597227,0.0,0.0
2020-11-03,522.8170377148457,534.7671414340422,521.8211957382459,531.9290161132812,25991938,0.0,0.0
2020-11-04,522.9165899408661,531.6302071084863,508.8752425890202,522.9664306640625,28905623,0.0,0.0
2020-11-05,532.6758880030347,540.2442625763491,525.3564131380173,537.0575561523438,23728389,0.0,0.0
2020-11-06,536.5099103405665,543.7297652825046,528.9913149366166,539.4974365234375,22256961,0.0,0.0
2020-11-09,547.7130907963995,565.6382464951907,545.9703673256836,562.7005004882812,26041462,0.0,0.0
2020-11-10,569.6216573158209,585.5551302477321,565.8872495974043,581.1734008789062,34935409,0.0,0.0
2020-11-11,577.4390223768091,608.6089290020449,574.003415727137,606.1193237304688,50289937,0.0,0.0
2020-11-12,599.4471265175506,607.9117838347213,586.3517794143194,597.2064819335938,34244439,0.0,0.0
2020-11-13,592.5259240674026,609.8037565322841,581.8704036968081,607.8120727539062,28813262,0.0,0.0
2020-11-14,611.3972474325335,615.4303956360088,603.0321497812413,610.6005859375,3211214,0.0,0.0
2020-11-17,610.600534288079,628.2767294312995,606.4677657589467,626.1854248046875,25960060,0.0,0.0
2020-11-18,622.4012336909848,637.3388632995684,619.4634877116893,633.6542358398438,24928180,0.0,0.0
2020-11-19,616.4262126382997,630.368000969376,606.5175723467245,608.9573974609375,26525371,0.0,0.0
2020-11-20,612.4428658298904,613.9366289172804,589.5384984899108,605.3225708007812,29556191,0.0,0.0
2020-11-23,608.4096853732557,610.0527882133905,590.2355687741724,593.1234741210938,23728765,0.0,0.0
2020-11-24,600.492753005069,620.0112327702957,598.0529278390719,617.0735473632812,30742369,0.0,0.0
2020-11-25,622.4012870649827,627.3804973615025,593.5218673451675,597.3558349609375,35115637,0.0,0.0
2020-11-26,599.7458905269111,615.629583802164,591.5799733439513,610.0030517578125,35476456,0.0,0.0
2020-11-27,609.45522955449,611.0983929663249,596.2603246662596,599.0984497070312,29921076,0.0,0.0
2020-12-01,608.4594904128348,612.4428585988436,593.7210402808774,601.1400756835938,21285697,0.0,0.0
2020-12-02,604.4760703234231,610.9490430698849,598.749979047707,605.5714721679688,19070722,0.0,0.0
2020-12-03,607.6130663767805,608.459507827984,597.8537654166313,600.1940307617188,17746316,0.0,0.0
2020-12-04,604.0777094466376,613.8867892348264,600.6918832468456,611.9448852539062,20019707,0.0,0.0
2020-12-07,614.3847464086623,621.8037816140986,609.9034573185646,616.6751708984375,24658169,0.0,0.0
2020-12-08,616.5257931592481,621.2560429298685,609.0569777319529,618.0693969726562,16005349,0.0,0.0
2020-12-09,616.5756384054156,634.0526544770815,616.4262377832247,631.5630493164062,22000284,0.0,0.0
2020-12-10,621.9033031501071,629.8202588773072,617.77053470934,624.4426879882812,16126862,0.0,0.0
2020-12-11,623.7456407581623,629.0236522233272,605.8204839428469,610.7001342773438,17950692,0.0,0.0
2020-12-14,613.4386712154488,621.2062266492402,609.8536643325828,613.339111328125,14567480,0.0,0.0
2020-12-15,613.1896797247657,613.1896797247657,599.7955933625673,604.5756225585938,22311290,0.0,0.0
2020-12-16,610.9988693122586,612.3432925303009,602.285251493255,603.579833984375,14860853,0.0,0.0
2020-12-17,604.7250960139226,608.4595037702869,600.6919477933244,602.8828125,14598759,0.0,0.0
2020-12-18,601.8869283610774,608.4594612403225,594.0197522583509,606.9656982421875,17301814,0.0,0.0
2020-12-21,602.7333464921288,604.7250304127967,571.0158043680401,580.0779418945312,18580262,0.0,0.0
2020-12-22,582.5675412606971,591.4803388772841,566.0365891887532,587.2977905273438,19896386,0.0,0.0
2020-12-23,586.5509054003003,592.0280360958888,581.8704361041599,589.986572265625,12247401,0.0,0.0
2020-12-24,592.5259706985245,611.4469680821749,591.679529338646,607.6627807617188,15488083,0.0,0.0
2020-12-28,611.4470611323911,618.2187753860505,611.4470611323911,615.0819091796875,8444506,0.0,0.0
2020-12-29,618.1191517232969,629.7705154712168,616.0278470200752,627.5796508789062,13765454,0.0,0.0
2020-12-30,629.6210878816455,631.3638113356477,615.6295203072164,622.5007934570312,10262221,0.0,0.0
2020-12-31,619.8120822700249,623.3473091975376,613.4386691867053,617.8701782226562,12306502,0.0,0.0
2021-01-01,617.6710107903466,622.8494014328926,614.9822251892772,621.2062377929688,6047062,0.0,0.0
2021-01-04,625.1895637583376,630.3679540521647,618.716591086396,622.1024780273438,14068156,0.0,0.0
2021-01-05,615.4303809293639,665.1229230548187,615.4303809293639,661.687255859375,37973963,0.0,0.0
2021-01-06,659.2473772374738,664.3759876418237,646.4508323695056,651.5296020507812,20829645,0.0,0.0
2021-01-07,656.2599059125433,673.6871416537717,656.2599059125433,668.3095703125,17887570,0.0,0.0
2021-01-08,675.1809047701872,676.0273461937062,665.7204053670652,669.9029541015625,12272794,0.0,0.0
2021-01-11,673.1891765850129,673.836498182739,657.4051055589924,664.1768188476562,7928365,0.0,0.0
2021-01-12,658.5502929878865,682.1517602052776,656.5088290734733,672.8904418945312,13301893,0.0,0.0
2021-01-13,673.1892009124215,688.3260116690936,666.2680867645176,684.9401245117188,15645903,0.0,0.0
2021-01-14,675.6788140471871,684.9401327245731,671.844846563006,673.189208984375,9337503,0.0,0.0
2021-01-15,674.7824495120213,680.1102401646685,666.8157142838683,672.0438842773438,12339771,0.0,0.0
2021-01-18,671.6457060423922,672.1934070325877,648.4425976299872,654.2682495117188,13460603,0.0,0.0
2021-01-19,660.7909090570367,669.1560056899697,657.0067218302789,665.9692993164062,9010539,0.0,0.0
2021-01-20,661.239042845912,678.1185757495322,661.239042845912,672.940185546875,9980614,0.0,0.0
2021-01-21,677.9194450600489,692.1101936345708,666.9651830025234,673.039794921875,15849438,0.0,0.0
2021-01-22,667.2140988275189,671.0979067004055,636.1438181885309,641.8201293945312,21392223,0.0,0.0
2021-01-25,651.2806246944302,665.2224117673996,636.6915160519543,655.662353515625,21325345,0.0,0.0
2021-01-27,657.2059785144218,661.0399461262277,624.7913316738674,629.4717407226562,24462588,0.0,0.0
2021-01-28,619.4137929622381,671.8946843614558,613.4387402970075,667.9113159179688,64303975,0.0,0.0
2021-01-29,668.2099725309582,673.0397818499673,650.2848167849712,660.1436767578125,31273252,0.0,0.0
2021-02-01,662.2348861941888,714.018666768772,651.6291452831933,706.4004516601562,30648270,0.0,0.0
2021-02-02,716.2593364687275,741.8524872377875,701.2719269859965,711.2303466796875,28703320,0.0,0.0
2021-02-03,717.0062330220496,733.7363663029565,712.574724008903,730.7488403320312,23541361,0.0,0.0
2021-02-04,726.9646567156145,742.4002076458776,717.603717645358,740.806884765625,20490289,0.0,0.0
2021-02-05,745.885690546319,763.1137457417814,714.018745155822,716.60791015625,31121503,0.0,0.0
2021-02-08,722.9812907332857,744.690634138975,722.9812907332857,733.089111328125,15662890,0.0,0.0
2021-02-09,732.6907859108665,746.8815350773359,723.1805065204901,739.4127197265625,22307807,0.0,0.0
2021-02-10,738.4665618501423,743.2964316193888,723.0807920667377,731.74462890625,15140744,0.0,0.0
2021-02-11,727.9604458197308,741.0557914216477,727.9604458197308,737.0225830078125,11897710,0.0,0.0
2021-02-12,732.4417165518977,751.5618931647263,731.4956545917846,747.27978515625,15668442,0.0,0.0
2021-02-15,756.7403010893004,795.6776959397631,750.7652495553347,790.698486328125,20648115,0.0,0.0
2021-02-16,795.6777596486618,795.6777596486618,763.8108155826327,771.8273315429688,23968943,0.0,0.0
2021-02-17,770.781705791948,781.7359677605673,761.1220262633456,774.51611328125,16956357,0.0,0.0
2021-02-18,771.7776029726713,778.7484974511342,760.8233402208011,773.769287109375,19685663,0.0,0.0
2021-02-19,769.6863477727325,773.9684564482322,738.2674823470516,746.5330200195312,15634787,0.0,0.0
2021-02-22,746.532998443807,746.7321182237321,712.0270479608472,716.4585571289062,18123202,0.0,0.0
2021-02-23,729.3048556311861,731.8940812689223,709.6369763673249,712.9730834960938,16804763,0.0,0.0
2021-02-24,718.9979022932571,751.7611274166752,714.0684723858035,746.2839965820312,11207286,0.0,0.0
2021-02-25,761.8191469730317,780.2422243834907,758.9810215223482,767.4456787109375,26635119,0.0,0.0
2021-02-26,742.898054192786,755.5452584244592,715.6618026579159,721.7861938476562,31306177,0.0,0.0
2021-03-01,734.9314101555029,740.4085412609978,719.2468983534037,725.5206909179688,14301187,0.0,0.0
2021-03-02,727.4128112014135,737.4210112847222,718.9979340277778,728.20947265625,14503453,0.0,0.0
2021-03-03,737.4209768587752,757.6365566406959,732.043405922274,750.8150634765625,13603791,0.0,0.0
2021-03-04,728.0600774822968,748.3254990851998,728.0600774822968,733.7363891601562,16896947,0.0,0.0
2021-03-05,728.9562892228661,741.0059522048501,717.5041070834358,727.7114868164062,16358252,0.0,0.0
2021-03-08,731.9438740959583,749.3711091934812,728.9563480792401,740.2093505859375,13898556,0.0,0.0
2021-03-09,755.5453088303595,755.5453088303595,736.9230519821053,742.3504028320312,18951683,0.0,0.0
2021-03-10,747.3794116202914,762.516221986597,746.0350492497122,757.5867919921875,13377990,0.0,0.0
2021-03-12,769.3875285809283,773.3708967035972,741.9023128470633,747.47900390625,16343307,0.0,0.0
2021-03-15,750.8648066413857,750.8648066413857,713.6701352933811,741.3047485351562,22466579,0.0,0.0
2021-03-16,747.8773405565645,748.8731825546424,732.8899306417652,734.6824340820312,11358574,0.0,0.0
2021-03-17,735.9271729613345,738.9146986973074,721.6866457761367,724.8733520507812,12380976,0.0,0.0
2021-03-18,732.93975,740.010204254026,704.309291015625,715.761474609375,12261544,0.0,0.0
2021-03-19,706.0519507718374,726.3173103777759,700.5748199830572,723.230224609375,20377672,0.0,0.0
2021-03-22,716.0103913161342,726.9646532138776,706.3507118500316,713.2220458984375,14802230,0.0,0.0
2021-03-23,715.0145247048478,736.4251267677366,711.1307167622875,727.5123291015625,15949688,0.0,0.0
2021-03-24,720.2427433703328,721.9854669111529,700.3756828487099,703.4628295898438,14379147,0.0,0.0
2021-03-25,706.549923657723,707.9441268189278,677.1725836324899,691.7118530273438,21179280,0.0,0.0
2021-03-26,704.0602721720342,704.0602721720342,690.267885212188,695.296875,13143312,0.0,0.0
2021-03-30,702.0686402611376,710.3341170611286,688.1268516602072,692.458740234375,25965218,0.0,0.0
2021-03-31,693.1060657016383,700.6246610109486,689.2222574002428,694.550048828125,14924620,0.0,0.0
2021-04-01,703.3631858616326,714.0187073181922,692.6578844618131,710.0353393554688,13090326,0.0,0.0
2021-04-05,704.2594387455661,705.5042411822694,674.6331407520261,682.4006958007812,16239521,0.0,0.0
2021-04-06,687.230522291965,690.6164093178235,672.6912537767696,675.081298828125,12062011,0.0,0.0
2021-04-07,677.67046926258,689.0230921784986,665.6208055838321,685.3882446289062,14433515,0.0,0.0
2021-04-08,688.6247290535056,692.6080969728316,676.5252246860041,678.765869140625,9026398,0.0,0.0
2021-04-09,676.4754526521907,683.9442675882476,664.2266083133316,665.421630859375,12509114,0.0,0.0
2021-04-12,648.2931444918074,652.2765125071181,624.0444160111529,632.9571533203125,14649541,0.0,0.0
2021-04-13,632.9571161543705,662.0854930559711,627.3804255729364,658.2515258789062,12737650,0.0,0.0
2021-04-15,663.6789243196687,668.5585137336577,649.5877354679762,666.0689086914062,15195951,0.0,0.0
2021-04-16,665.8698405084466,672.4423740167178,659.5959866907411,666.4175415039062,12242522,0.0,0.0
2021-04-19,647.297239269292,652.5751892178299,628.3762430444973,645.4549560546875,17292072,0.0,0.0
2021-04-20,653.2723676639815,659.2474198072497,640.3264213535673,649.0400390625,12296248,0.0,0.0
2021-04-22,638.3346461096089,658.2017038039266,631.7621140035535,655.9610595703125,19385102,0.0,0.0
2021-04-23,653.2723816339767,674.6829856052123,648.1936115161405,668.5585327148438,19167768,0.0,0.0
2021-04-26,691.1143436056602,700.8735829873332,681.6538446658133,697.5375366210938,21646184,0.0,0.0
2021-04-27,688.2263585802627,700.9731843736818,681.2554648163361,696.6412353515625,46559967,0.0,0.0
2021-04-28,705.0561047651636,709.5373935666371,685.2886662534338,705.2055053710938,54060587,0.0,0.0
2021-04-29,709.0394973974793,723.8775673718571,704.0602874438454,716.4087524414062,25939327,0.0,0.0
2021-04-30,702.0685696532428,726.8152176185437,702.0685696532428,711.9274291992188,23011654,0.0,0.0
2021-05-03,703.0644282853633,705.056112218183,689.2222006397182,699.8279418945312,13752878,0.0,0.0
2021-05-04,701.0727135411338,715.6618220204102,695.1972218849893,697.4378662109375,11980155,0.0,0.0
2021-05-05,706.0519789406587,716.0601788977181,697.0894009287181,714.2178955078125,11155033,0.0,0.0
2021-05-06,715.0145703261439,719.8443798103659,707.2967946715094,712.77392578125,9484934,0.0,0.0
2021-05-07,718.0021040204264,723.8775963131709,711.0312098066358,713.769775390625,7131970,0.0,0.0
2021-05-10,720.4916975974037,721.9854606193747,711.0311984582532,712.2760009765625,7980462,0.0,0.0
2021-05-11,701.8694285361206,710.7324466372085,700.076925094713,704.4088134765625,12736700,0.0,0.0
2021-05-12,701.0728043566723,702.8155279470476,686.1849535283345,688.4255981445312,10856584,0.0,0.0
2021-05-14,692.1101528641082,695.695159559202,678.5667267033436,682.1517333984375,9377968,0.0,0.0
2021-05-17,688.6247087007347,707.3465252119573,681.5542551654512,706.3009033203125,12099197,0.0,0.0
2021-05-18,717.006235337283,722.981287298427,705.554052411757,708.6909790039062,19519055,0.0,0.0
2021-05-19,701.0727538563992,720.6908530168937,699.2802504488361,713.8195190429688,20244016,0.0,0.0
2021-05-20,705.6536296085293,711.4295619377517,701.6204815920967,702.9649047851562,18840413,0.0,0.0
2021-05-21,704.0602541146745,730.3505057378691,704.0602541146745,727.8609008789062,15883692,0.0,0.0
2021-05-24,727.3629971919069,744.3918705193329,723.7281496988966,738.0682983398438,15716900,0.0,0.0
2021-05-25,741.3047844540998,741.9022653216767,722.8318673434775,728.5081787109375,11344261,0.0,0.0
2021-05-26,734.9313619749387,738.3172489307314,726.4667053668262,732.0433959960938,9081086,0.0,0.0
2021-05-27,734.1346953371527,750.7154272825496,727.9604631107197,747.22998046875,23040846,0.0,0.0
2021-05-28,749.4706671794544,756.5411818699005,735.4293192490626,736.773681640625,17149692,0.0,0.0
2021-05-31,734.831787643143,749.8689765387433,730.9479797867697,747.5785522460938,9275086,0.0,0.0
2021-06-01,750.4167949012116,750.8649359980695,738.0683894517675,742.0517578125,6660243,0.0,0.0
2021-06-02,741.7031022433187,742.2010232384849,731.1472014583435,733.935546875,9973043,0.0,0.0
2021-06-03,739.9105931138783,749.1221314534522,735.9272251832518,747.52880859375,8170508,0.0,0.0
2021-06-04,747.8773983370438,756.7404171172373,737.0226954068183,738.964599609375,10336011,0.0,0.0
2021-06-07,740.0101924252393,750.815114981542,738.4168694806494,747.9769287109375,6986728,0.0,0.0
2021-06-08,747.8773326208817,747.9768925070842,736.4251497645033,743.2466430664062,6426815,0.0,0.0
2021-06-09,742.8981228593167,748.1262932949888,727.1140516660741,733.6865844726562,8004726,0.0,0.0
2021-06-10,736.375366147879,742.2507973760617,729.852613318495,741.1553955078125,7795125,0.0,0.0
2021-06-11,743.1471335090813,743.1471335090813,733.9355945007611,735.3795776367188,4840759,0.0,0.0
2021-06-14,732.8401392866173,738.3172701907583,721.985437364044,733.1886596679688,5190670,0.0,0.0
2021-06-15,732.9397011041275,748.8731728672607,728.9563331633442,747.7777709960938,9686490,0.0,0.0
2021-06-16,745.6864700216307,753.702985885565,743.1470851031806,746.6823120117188,8614096,0.0,0.0
2021-06-17,738.8649767648072,742.3006437871768,732.9397047670061,735.5288696289062,6674329,0.0,0.0
2021-06-18,739.0641150988414,740.1097369725154,719.246836313954,733.2384033203125,8143792,0.0,0.0
2021-06-21,721.9854260869652,737.8193376750755,717.5041372353909,736.4749145507812,6464497,0.0,0.0
2021-06-22,740.1098463496678,745.8857182600254,733.985393242325,736.2758178710938,6727233,0.0,0.0
2021-06-23,740.1097309269995,740.6574318295579,727.7612667426051,729.3048095703125,6154147,0.0,0.0
2021-06-24,732.8401127947354,739.8607863617929,728.0600228260957,736.0765991210938,5313822,0.0,0.0
2021-06-25,734.4832382322553,762.765174701314,734.4832382322553,758.1842651367188,11170037,0.0,0.0
2021-06-28,761.3709431359562,766.3999327771132,754.5992300996496,759.2299194335938,7672743,0.0,0.0
2021-06-29,757.8357834922856,760.3751685080283,746.9313011267592,748.8234252929688,7500655,0.0,0.0
2021-06-30,749.3710860481526,757.3378218466712,743.4458141417304,745.1885375976562,5459970,0.0,0.0
2021-07-01,746.881479287091,751.2632082781234,741.4043484389857,743.3462524414062,5695690,0.0,0.0
2021-07-02,744.4914419215504,749.7196123304977,740.906435096535,747.52880859375,3557647,0.0,0.0
2021-07-05,753.9519899078753,758.8316402535518,750.2674229569409,757.1884765625,4680089,0.0,0.0
2021-07-06,753.8524149189935,763.8108351953342,752.0599114255269,755.19677734375,5529485,0.0,0.0
2021-07-07,752.7570110976264,760.8233071885155,749.1221633934041,759.7279052734375,3573368,0.0,0.0
2021-07-08,756.8399356315366,763.9602303911458,748.5744590170984,751.2632446289062,4188267,0.0,0.0
2021-07-09,748.87318227768,749.7694643881675,737.1720388045912,744.2424926757812,5782119,0.0,0.0
2021-07-12,749.3710898339368,754.6490401708452,745.1885413623104,750.4664916992188,4475466,0.0,0.0
2021-07-13,755.8440834661602,769.7858715669853,751.860715437353,767.5452270507812,9810976,0.0,0.0
2021-07-14,767.7443655660431,770.2339704477143,760.8232518387233,766.8480834960938,5621924,0.0,0.0
2021-07-15,767.2963045250137,775.014080462806,763.3129362990566,770.93115234375,4239868,0.0,0.0
2021-07-16,772.7734130345415,772.7734130345415,763.3626937221115,767.943603515625,2913553,0.0,0.0
2021-07-19,749.1719094335947,763.4622783161013,746.4831239311917,752.0598754882812,5554486,0.0,0.0
2021-07-20,751.8607084023005,752.0598889581516,741.1056269814294,742.649169921875,5815740,0.0,0.0
2021-07-22,746.9810046367934,755.3461011306155,737.9188674196257,743.6449584960938,7876163,0.0,0.0
2021-07-23,745.8856809298028,760.8233113890111,737.0226625447896,752.2590942382812,6604465,0.0,0.0
2021-07-26,750.8648490515743,756.8399009007911,741.9022712777492,753.1552734375,7890992,0.0,0.0
2021-07-27,747.3794099401135,752.8565408590617,726.0683671429302,728.6575927734375,15441543,0.0,0.0
2021-07-28,731.744709733993,731.744709733993,709.1390835508959,719.8942260742188,11102486,0.0,0.0
2021-07-29,717.0062045246601,725.470861105854,713.0228367217453,714.2676391601562,6855673,0.0,0.0
2021-07-30,715.0643100797221,715.6618517269321,704.2096691411597,705.952392578125,10358450,0.0,0.0
2021-08-02,712.0269760739487,722.5330962219831,709.0394503002119,718.1514282226562,6823345,0.0,0.0
2021-08-03,720.9896008849354,737.7695141067945,716.30913137485,735.5288696289062,9265839,0.0,0.0
2021-08-04,737.4209636413293,753.8523558088943,735.5786803472105,750.6656494140625,9744349,0.0,0.0
2021-08-05,749.8690147078194,751.8606986778268,740.4085158502837,746.1843872070312,7246991,0.0,0.0
2021-08-06,743.8940454862488,754.4997881179814,735.7281281452514,737.7695922851562,6522599,0.0,0.0
2021-08-09,737.9188734921771,754.2507055311369,736.6740710740054,752.3585815429688,6064688,0.0,0.0
2021-08-10,752.3586517766156,760.8233090103697,751.8607307628654,758.3834838867188,8309248,0.0,0.0
2021-08-11,761.8190839479703,765.8024517071754,749.3710597004545,757.6365356445312,6429468,0.0,0.0
2021-08-12,755.844152544135,760.2258820888261,750.2176203766768,754.2009887695312,3572081,0.0,0.0
2021-08-13,754.3502505019597,761.3211439059382,751.0639843392147,756.7402954101562,4239376,0.0,0.0
2021-08-16,752.8565520038755,762.6157914476513,752.8565520038755,758.8316040039062,3967629,0.0,0.0
2021-08-17,755.8440991525489,756.8399411804179,746.1844193259451,753.6034545898438,5576110,0.0,0.0
2021-08-18,760.6241231534196,760.6241231534196,747.3794364361424,751.2632446289062,5370460,0.0,0.0
2021-08-20,742.6989691811905,745.8856758135712,733.1389100654218,737.1720581054688,6092036,0.0,0.0
2021-08-23,746.3836143858234,746.3836143858234,731.3464237854636,733.039306640625,3614761,0.0,0.0
2021-08-24,732.9397028082143,746.5827501933915,728.4584138644141,743.2466430664062,4537435,0.0,0.0
2021-08-25,745.0890298003534,748.3255164447577,732.1430832227364,735.97705078125,6726509,0.0,0.0
2021-08-26,731.0475787193946,746.8814906333705,729.30485524125,743.2466430664062,6492155,0.0,0.0
2021-08-27,743.3960532952738,756.4415591879065,737.9189222930983,749.2715454101562,5841967,0.0,0.0
2021-08-30,752.8565607247463,786.2172681113586,750.8648767016649,780.7899169921875,12517507,0.0,0.0
2021-08-31,781.6364134339034,785.7193413387039,775.1634404063983,783.229736328125,12114870,0.0,0.0
2021-09-01,794.78140284812,815.5945230479714,792.0926783203078,795.578125,19972195,0.0,0.0
2021-09-02,792.1922913442843,802.7481919698246,789.1052055334293,799.3623657226562,6799617,0.0,0.0
2021-09-03,801.1549190435195,806.5324903577286,784.4247849724095,794.6819458007812,7509746,0.0,0.0
2021-09-06,797.520055823533,802.5491066396626,792.0429247243902,797.4702758789062,4539192,0.0,0.0
2021-09-07,794.6818554874004,796.076058493785,778.7981646406207,784.5740356445312,6926921,0.0,0.0
2021-09-08,786.7151604428908,794.0345746483872,779.7442666161817,791.3956298828125,5903035,0.0,0.0
2021-09-09,785.7193204013837,790.3997898528245,780.9392910647216,786.8645629882812,4909325,0.0,0.0
2021-09-13,782.7318170817305,787.1633261667756,780.2422120655672,785.072021484375,4814443,0.0,0.0
2021-09-14,787.7109758786672,797.669395295591,786.7151339369749,791.0968627929688,6301208,0.0,0.0
2021-09-15,792.6902238402973,794.1342068817079,783.7276459325553,788.109375,4075592,0.0,0.0
2021-09-16,789.204836834756,804.0926878688604,785.818949499823,799.2628173828125,15446511,0.0,0.0
2021-09-17,805.4867438949199,817.2875075730616,793.9350014877957,803.9929809570312,14641298,0.0,0.0
2021-09-20,796.6736011379834,805.1880380938711,788.2089441258923,792.5408325195312,6306484,0.0,0.0
2021-09-21,791.9433478277285,795.6777553151275,769.0887618485729,792.0429077148438,7833561,0.0,0.0
2021-09-22,789.204790123755,793.4868985952813,782.7318170817305,785.072021484375,4359142,0.0,0.0
2021-09-23,791.0469760968851,811.1132143683284,789.2544728622889,808.7730102539062,9043492,0.0,0.0
2021-09-24,809.1713361910738,813.5530649313215,791.7938826113051,794.7316284179688,5184626,0.0,0.0
2021-09-27,799.5615635411248,805.4369948534058,789.5035229046485,793.6362915039062,7715259,0.0,0.0
2021-09-28,798.6652835021868,802.2502903874033,774.7650755170839,785.9185180664062,7369680,0.0,0.0
2021-09-29,779.7442685169102,786.2172413717759,775.2629796173877,778.8978271484375,14241004,0.0,0.0
2021-09-30,776.6571980316405,784.0761722866652,761.669727346699,763.3626708984375,9178187,0.0,0.0
2021-10-01,760.2258051994039,768.491281622329,750.8648661104123,764.9560546875,6089895,0.0,0.0
2021-10-04,767.8937491064602,777.902009925646,767.0970876552451,775.7609252929688,5845527,0.0,0.0
2021-10-05,771.1800308606078,780.7400892738625,767.9933244623998,779.3458862304688,3945224,0.0,0.0
2021-10-06,778.9973869752648,790.8977107638233,772.7733746152835,775.7111206054688,5092479,0.0,0.0
2021-10-07,786.7150981549962,786.8644987520023,770.88118768971,773.8687133789062,6622698,0.0,0.0
2021-10-08,778.6488894895244,781.7359753982935,772.7733973364022,778.6986694335938,4295686,0.0,0.0
2021-10-11,778.7484644480985,789.7027267357315,775.7609383696531,783.8770751953125,4417455,0.0,0.0
2021-10-12,784.7235312322508,796.3748953116443,782.1841461745129,793.8355102539062,5098502,0.0,0.0
2021-10-13,796.6238116202156,801.1548805159583,789.9018781913993,791.2960205078125,4381414,0.0,0.0
2021-10-14,795.6777818558356,800.6569920051212,784.7235195274073,798.715087890625,7157116,0.0,0.0
2021-10-18,816.5904273789322,816.5904273789322,798.7150515989362,809.9182739257812,11014585,0.0,0.0
2021-10-19,816.5904490509306,823.5613431281946,795.1798458136195,798.3167724609375,10633732,0.0,0.0
2021-10-20,797.2710648093228,810.4161911005066,788.7068480945813,801.45361328125,9023067,0.0,0.0
2021-10-21,804.5905627231618,810.1174737126837,789.0056109814751,804.441162109375,7405639,0.0,0.0
2021-10-22,808.6237295147911,821.5696759232791,803.445338795121,813.30419921875,10646970,0.0,0.0
2021-10-25,826.6484293984477,863.2954640451875,822.0178005139933,841.5860595703125,29193770,0.0,0.0
2021-10-26,844.8724486457061,848.1089354197311,820.0759564337027,838.3994750976562,16771909,0.0,0.0
2021-10-27,836.5072265625,837.3038879553335,782.3832416325807,784.2255249023438,39606414,0.0,0.0
2021-10-28,784.2255967618328,785.7193598032839,751.5122104666029,755.19677734375,19320926,0.0,0.0
2021-10-29,758.8315730750401,758.8315730750401,711.031159023069,738.9147338867188,21343427,0.0,0.0
2021-11-01,751.8606852130474,756.8398950488954,736.9230557055034,749.2216796875,11694854,0.0,0.0
2021-11-02,749.3711069242947,758.1842843343771,744.9395978566407,752.7071533203125,11812106,0.0,0.0
2021-11-03,756.292242346479,759.4789490008889,745.3877599543985,747.47900390625,10529505,0.0,0.0
2021-11-04,753.8524230012273,753.902202946868,748.275731899237,749.8192749023438,793433,0.0,0.0
2021-11-08,757.8357641072641,757.8357641072641,738.4168450532673,747.9271240234375,13872770,0.0,0.0
2021-11-09,746.8815175746108,750.8151057234452,740.2591438062333,741.9520874023438,12120207,0.0,0.0
2021-11-10,739.6118789434885,750.2175599666315,728.9563571943457,746.2341918945312,10844883,0.0,0.0
2021-11-11,744.8898415682625,744.8898415682625,732.0434550147628,734.981201171875,6195359,0.0,0.0
2021-11-12,739.711435544917,739.711435544917,730.4501169747226,732.989501953125,9372897,0.0,0.0
2021-11-15,734.9314215393795,740.9064737470167,724.9730011933174,730.201171875,12849161,0.0,0.0
2021-11-16,730.2011916291187,730.2509715759209,718.3008668373604,723.1307373046875,8978763,0.0,0.0
2021-11-17,718.0020578106239,721.8858657923278,703.811309788708,709.3880004882812,18083445,0.0,0.0
2021-11-18,712.0270213753964,713.0228633633341,698.9815156459622,703.4129638671875,13458109,0.0,0.0
2021-11-22,710.0353952319665,710.0353952319665,674.5834418863711,683.5460205078125,16741079,0.0,0.0
2021-11-23,678.1683221630649,689.7699044098248,674.533474978426,682.7990112304688,16575348,0.0,0.0
2021-11-24,687.1309566845052,692.2097263996253,679.2140008968663,682.3011474609375,11463429,0.0,0.0
2021-11-25,683.1476099157932,684.143451912755,673.7368908882298,677.072998046875,9760486,0.0,0.0
2021-11-26,666.2183906604174,672.0938835901542,657.7039525324685,658.99853515625,10252753,0.0,0.0
2021-11-29,662.2847082153323,662.6830693268415,646.6499766998605,648.3927001953125,12084376,0.0,0.0
2021-11-30,645.3056125531434,674.6331714527666,645.3056125531434,652.923828125,24699809,0.0,0.0
2021-12-01,662.1353417735068,678.5667340702519,657.2556918698043,676.774169921875,16184200,0.0,0.0
2021-12-02,672.1933554279223,675.977542902205,665.2722413157603,673.2887573242188,8612601,0.0,0.0
2021-12-03,676.2762719907342,684.4919684190984,668.2099761736163,670.20166015625,9505985,0.0,0.0
2021-12-06,671.1975370550881,675.9277867598532,658.4009911136945,660.3428344726562,8022785,0.0,0.0
2021-12-07,669.2058030840611,688.6745014192952,667.214119146311,684.1434326171875,15123987,0.0,0.0
2021-12-08,692.1102330333028,698.6329863825933,684.7908181907528,694.2014770507812,11670826,0.0,0.0
2021-12-09,695.2471237947947,696.9898473127979,685.1393030778271,691.0645751953125,7021395,0.0,0.0
2021-12-10,687.2305508904733,689.0728950887938,680.9069784017775,685.1890869140625,5549743,0.0,0.0
2021-12-13,696.0935440063477,708.939929860644,690.2180520119146,701.07275390625,13634563,0.0,0.0
2021-12-14,698.0852920131607,711.0312389406516,694.6994046580356,707.9441528320312,8612512,0.0,0.0
2021-12-15,709.4378546647963,717.0062294407894,704.6079845671015,709.5374145507812,7692888,0.0,0.0
2021-12-16,716.0103779113722,718.9481238852242,702.1183702448566,706.6992797851562,7309187,0.0,0.0
2021-12-17,704.5581578458214,705.0560788054298,682.2512745428203,686.0355224609375,7844705,0.0,0.0
2021-12-20,678.1186757320387,679.0148971341549,657.355331919715,671.5460815429688,9934646,0.0,0.0
2021-12-21,680.160011571793,680.160011571793,659.7452528057289,663.081298828125,10116104,0.0,0.0
2021-12-22,667.214155123315,674.0356486653847,661.2391029878823,666.5668334960938,7489534,0.0,0.0
2021-12-23,674.18509648779,681.6539121800477,669.8033669691144,675.9776000976562,6884683,0.0,0.0
2021-12-24,678.3177539418923,679.1641952686095,659.695497721802,664.7244873046875,6028893,0.0,0.0
2021-12-27,660.2930259405947,671.7949888842658,653.2225720531771,669.355224609375,6996729,0.0,0.0
2021-12-28,674.483762847966,678.0189897309139,669.2058124949792,672.6414794921875,4645547,0.0,0.0
2021-12-29,671.6954653837358,676.7742355462889,664.4756104926579,667.7120971679688,3969894,0.0,0.0
2021-12-30,665.22246728959,670.3012372632337,661.7370202304379,666.0689086914062,5119705,0.0,0.0
2021-12-31,670.1518857750453,683.6455327131083,668.4091622757767,675.7285766601562,5586980,0.0,0.0
2022-01-03,677.4214974662981,695.5956133483413,676.1766950086239,693.4545288085938,8550860,0.0,0.0
2022-01-04,698.085278973215,708.0934794470124,697.1392168668336,706.201416015625,9705906,0.0,0.0
2022-01-05,708.9399336960422,727.8609314180345,704.8071651442165,723.8775634765625,11312955,0.0,0.0
2022-01-06,716.9564869601546,730.4501344102309,716.0104248683791,727.263427734375,7955578,0.0,0.0
2022-01-07,730.9480208685773,737.8193549140866,722.2344034535909,727.5621337890625,10454143,0.0,0.0
2022-01-10,730.599447662603,740.9063872043096,730.1513066431012,739.7113647460938,9595787,0.0,0.0
2022-01-11,739.811025520687,743.9437332368342,734.2342740070868,740.1595458984375,7252279,0.0,0.0
2022-01-12,746.5329740755099,748.3254775059404,740.0600011235199,743.7445678710938,5294563,0.0,0.0
2022-01-13,745.8857163481184,745.8857163481184,733.9853913609218,737.6202392578125,5196538,0.0,0.0
2022-01-14,731.7447252762719,732.8899679449017,713.0726868619275,718.69921875,16302342,0.0,0.0
2022-01-17,716.01040102747,717.6037239216582,706.5499019874687,709.6868286132812,19680557,0.0,0.0
2022-01-18,714.5166357829792,732.8401529156072,711.2801492794325,722.1846313476562,24055886,0.0,0.0
2022-01-19,722.1846159372082,728.9065493011371,715.7116430682395,726.5662841796875,7746270,0.0,0.0
2022-01-20,728.0102865400066,734.0849592471822,719.1473291528737,725.8692626953125,8505400,0.0,0.0
2022-01-21,718.9979134114583,722.2343998637953,705.1059055597688,709.5374145507812,10689060,0.0,0.0
2022-01-24,712.0270078410168,713.4212109101767,685.3384552278653,701.6702270507812,8812501,0.0,0.0
2022-01-25,711.0311520284127,751.8606719628174,705.6535811879191,749.0723266601562,38088158,0.0,0.0
2022-01-27,740.9064055012328,773.7691896162069,735.0309137257052,770.6322631835938,34927774,0.0,0.0
2022-01-28,774.8646320065294,781.4372256424338,758.3336792018738,761.5203857421875,17765524,0.0,0.0
2022-01-31,772.2257386191312,774.56594315072,759.1801711468066,769.835693359375,12319200,0.0,0.0
2022-02-01,774.8646166151174,790.5989684488723,765.9020388380335,778.6488647460938,15457534,0.0,0.0
2022-02-02,786.7152427887655,802.5491561650396,784.0762369655943,800.756591796875,13478899,0.0,0.0
2022-02-03,798.8644082586037,808.5240871341401,789.7524302881953,796.2254028320312,10802708,0.0,0.0
2022-02-04,793.6362913757429,801.1548862940741,787.8604199515255,795.2296142578125,10776387,0.0,0.0
2022-02-07,799.1632198473101,800.2586217551122,780.8397023943364,786.3168334960938,10939179,0.0,0.0
2022-02-08,790.6985453293908,797.6694393058464,772.9227900019778,795.2296142578125,12300670,0.0,0.0
2022-02-09,797.6694429684779,806.1340999787552,796.8230015799991,800.507568359375,9399830,0.0,0.0
2022-02-10,804.1922167673199,812.5573141068749,799.7607075907864,806.432861328125,12848281,0.0,0.0
2022-02-11,797.6196991874583,806.5324976586456,795.179874017604,800.4578247070312,9717894,0.0,0.0
2022-02-14,786.7151933070709,799.661139526048,766.7485730256154,770.1343994140625,8617389,0.0,0.0
2022-02-15,773.7692315115252,795.7773153281973,761.1220259959247,793.6362915039062,7426563,0.0,0.0
2022-02-16,791.6943759362891,804.9390621447352,786.018064480849,793.73583984375,7457765,0.0,0.0
2022-02-17,793.6860735283396,798.6652835253807,777.2546805381043,779.5451049804688,6516308,0.0,0.0
2022-02-18,777.9020854698691,787.2629647981088,775.7610006292651,784.1260986328125,5466662,0.0,0.0
2022-02-21,780.2919957855303,793.4869024350471,772.8729606451878,785.5699462890625,5635224,0.0,0.0
2022-02-22,762.9145522829463,783.7276749519059,762.9145522829463,775.9103393554688,6923558,0.0,0.0
2022-02-23,780.2422375132965,782.2339215911861,769.0390145751668,773.9684448242188,6303173,0.0,0.0
2022-02-24,749.2715732290566,765.9519273549889,722.2842175475296,727.263427734375,13085009,0.0,0.0
2022-02-25,739.2135586391528,761.6697852292561,734.3339689502291,754.8980712890625,10066136,0.0,0.0
2022-02-28,746.7819252024416,746.7819252024416,733.1388779185617,739.3131103515625,14463418,0.0,0.0
2022-03-02,725.6701092821028,753.3047259902704,721.9854815647388,747.1304931640625,11691602,0.0,0.0
2022-03-03,752.8565623816262,756.2922294852773,729.3547151700928,734.5828857421875,8357181,0.0,0.0
2022-03-04,719.993774670154,729.4542737840773,707.0976084585842,712.0270385742188,11660648,0.0,0.0
2022-03-07,690.118482173446,702.068585760865,652.8739683467754,664.7742919921875,20147061,0.0,0.0
2022-03-08,662.2349773312305,670.9485954540099,634.3513993383367,667.612548828125,24828458,0.0,0.0
2022-03-09,668.707882008598,677.6704597272538,656.3594172836797,671.3966674804688,20438651,0.0,0.0
2022-03-10,704.9565911357905,717.4046164010688,685.3882711062237,692.0604248046875,23224756,0.0,0.0
2022-03-11,689.0231608385305,703.7118315478211,684.5916514174182,687.9774780273438,14224356,0.0,0.0
2022-03-14,691.8114449296223,709.4378603680159,682.1517654379493,707.0975952148438,10720884,0.0,0.0
2022-03-15,710.0352987151276,715.0145083835366,692.1101439088551,695.2470703125,12157425,0.0,0.0
2022-03-16,708.0436645278012,722.9812945811303,706.1515404084972,720.8402099609375,10038170,0.0,0.0
2022-03-17,733.9355639656694,743.6450235975083,733.3878630145069,736.1762084960938,13657428,0.0,0.0
2022-03-21,741.9022712745644,746.2840002765195,720.69084936621,722.8817138671875,7495685,0.0,0.0
2022-03-22,725.9687806938647,732.939674335644,703.4129362404173,728.3588256835938,11117081,0.0,0.0
2022-03-23,733.0393093120388,739.8110838828626,721.6369664550012,723.7282104492188,5886245,0.0,0.0
2022-03-24,716.1098998137187,727.4127420659254,716.0103399343415,719.246826171875,7559843,0.0,0.0
2022-03-25,720.292501527448,723.628608673501,712.5249461367391,718.2510375976562,5430894,0.0,0.0
2022-03-28,722.9812774658203,734.8318213401362,712.07679562876,732.939697265625,7077669,0.0,0.0
2022-03-29,738.5662057064209,738.5662057064209,727.9604646382004,734.732177734375,6174137,0.0,0.0
2022-03-30,743.8940445320366,762.66564369931,738.2177324375648,747.3297119140625,16618114,0.0,0.0
2022-03-31,759.8274518586874,759.8274518586874,748.1760882125745,757.9851684570312,20449544,0.0,0.0
2022-04-01,756.8399777245908,772.524490420857,752.0101679687674,771.3294677734375,9321859,0.0,0.0
2022-04-04,776.7567936155403,782.233924852573,763.8108470552813,780.8397216796875,10959783,0.0,0.0
2022-04-05,772.7733574636934,792.6901965735824,772.7733574636934,779.8438110351562,7334134,0.0,0.0
2022-04-06,773.7692376506365,776.7069837207712,766.0016821702636,770.4829711914062,9954921,0.0,0.0
2022-04-07,766.300451672499,791.6944237552134,766.0017112160361,788.8064575195312,9820244,0.0,0.0
2022-04-08,791.5948486328125,797.3707202116711,785.7193563827998,791.5948486328125,8104237,0.0,0.0
2022-04-11,786.167442129292,790.9474713484954,780.7898712693325,782.7815551757812,6340427,0.0,0.0
2022-04-12,776.8563285454854,797.6694508899957,774.5659040762331,795.1300659179688,7672215,0.0,0.0
2022-04-13,802.4494882066423,802.4494882066423,787.5616378393654,789.7525024414062,7640132,0.0,0.0
2022-04-18,776.7567833948308,798.3167876567369,772.7734152748573,795.5283813476562,11478317,0.0,0.0
2022-04-19,801.6528631172991,812.8063064125977,782.2837227776308,794.4827880859375,8711816,0.0,0.0
2022-04-20,797.5200215617418,799.1134051909548,785.3209573650008,791.3956298828125,6676491,0.0,0.0
2022-04-21,791.7939717477979,800.6569901050425,787.2629026789756,798.4661254882812,6851615,0.0,0.0
2022-04-22,792.6901770613831,794.6818609233464,774.9642028461835,777.3541870117188,6255027,0.0,0.0
2022-04-25,768.7900199116738,785.5201532664306,758.0847184686031,777.453857421875,8023525,0.0,0.0
2022-04-26,787.7109360824093,793.287626361597,765.8024144720263,771.7774658203125,11087204,0.0,0.0
2022-04-27,762.41659184877,769.7360668348151,745.8856393741215,762.7153930664062,11485697,0.0,0.0
2022-04-28,773.669590099609,782.1840261187502,763.1634095153796,776.5574951171875,11037317,0.0,0.0
2022-04-29,761.8191065679225,763.6613898987086,721.9854277931292,725.5704345703125,34401710,0.0,0.0
2022-05-02,718.9979529914738,735.1306061982499,715.5125058509334,724.32568359375,16136040,0.0,0.0
2022-05-04,729.9521713782924,732.093255947953,701.0727539567774,704.2594604492188,14548684,0.0,0.0
2022-05-05,713.0228322851003,718.7987034071137,695.9939593461461,699.4295654296875,12726146,0.0,0.0
2022-05-06,687.13098974294,689.6205947782404,665.3220253211583,670.6000366210938,15511195,0.0,0.0
2022-05-09,657.454860827805,666.2182577419788,646.1022384012688,660.9403076171875,13999329,0.0,0.0
2022-05-10,660.9403016502521,669.3053374004301,654.8158494630809,657.0067138671875,9523698,0.0,0.0
2022-05-11,658.948700892127,673.1892301427171,652.7246880394762,669.5543823242188,9352398,0.0,0.0
2022-05-12,664.2265635437349,664.2265635437349,641.3221992836061,646.94873046875,11166084,0.0,0.0
2022-05-13,653.6707059301649,656.6582318973386,630.7663401818328,633.3057250976562,9618627,0.0,0.0
2022-05-16,637.1894952793102,646.5006546803589,627.4302555921838,636.2932739257812,6159695,0.0,0.0
2022-05-17,640.2268014634527,654.7660693369427,638.4840780849894,652.2266845703125,8152237,0.0,0.0
2022-05-18,652.0275989365102,667.6125517307049,647.5960895442403,656.7080688476562,13013873,0.0,0.0
2022-05-19,640.6251260669496,655.0150546655143,638.533882246016,647.4964599609375,9216948,0.0,0.0
2022-05-20,657.0067424535753,672.9402140401721,655.2640189987912,670.3012084960938,9708672,0.0,0.0
2022-05-23,670.2016657306767,681.9525891696802,665.7701566761832,672.5418701171875,7919353,0.0,0.0
2022-05-24,666.9154111045085,678.6165548071242,658.4507539579354,661.2888793945312,8088546,0.0,0.0
2022-05-25,665.2225116012688,669.8532016008644,657.3055548832717,662.2349853515625,5169619,0.0,0.0
2022-05-26,670.1518368908186,682.400680435912,665.22240719619,680.4089965820312,10114633,0.0,0.0
2022-05-27,686.1350897885424,690.915118896398,681.4048406209146,685.43798828125,5539060,0.0,0.0
2022-05-30,692.209730339595,695.0976963705883,687.2305204802069,690.7658081054688,3818060,0.0,0.0
2022-05-31,686.1352009746385,693.1060956144388,680.2099283745325,682.3510131835938,10410424,0.0,0.0
2022-06-01,680.1600817704741,689.5708007682287,677.6704767859555,683.1973876953125,6966674,0.0,0.0
2022-06-02,679.1642208915783,690.2678831263274,679.1642208915783,688.6744995117188,6347433,0.0,0.0
2022-06-03,694.4006043591922,695.097705905343,670.3510568772786,674.4837646484375,8475726,0.0,0.0
2022-06-06,674.1850589172661,681.1559531749041,667.512905114395,669.405029296875,6756864,0.0,0.0
2022-06-07,669.404931304969,675.1808021166554,658.3510498457442,663.081298828125,8312778,0.0,0.0
2022-06-08,667.2141342450982,670.7493611583315,652.7246454263483,655.8615112304688,9282494,0.0,0.0
2022-06-09,654.2184046436244,659.994276004249,647.2972906869284,658.55029296875,5682743,0.0,0.0
2022-06-10,652.7744292815764,660.9403458163541,649.4881628465018,657.9528198242188,6758832,0.0,0.0
2022-06-13,644.2599640420058,649.2889537514448,637.4384101909797,646.2516479492188,6135431,0.0,0.0
2022-06-14,642.3180373869993,652.9735580704679,640.4259134294365,648.0441284179688,5391833,0.0,0.0
2022-06-15,651.2806740833373,653.6208784926474,644.5089605763601,647.7952270507812,4638336,0.0,0.0
2022-06-16,654.7660742888861,655.4631758018171,628.4260428703448,632.2600708007812,5960283,0.0,0.0
2022-06-17,627.3805079735339,638.135590239662,623.9946206020784,632.5588989257812,6849201,0.0,0.0
2022-06-20,632.6086138743802,634.5007379372021,619.612888272196,625.6875,5305222,0.0,0.0
2022-06-21,629.3721048335624,642.6665703936861,625.5381376847027,633.8533935546875,10333886,0.0,0.0
2022-06-22,629.919878425449,631.0153411524986,618.6668753835999,624.1937866210938,5899024,0.0,0.0
2022-06-23,624.791250126632,638.1852754371442,615.6792721701594,626.7330932617188,8450777,0.0,0.0
2022-06-24,631.7124120241225,639.7787695055246,629.0236869783666,631.3638916015625,6918584,0.0,0.0
2022-06-27,641.3222003007019,644.2101661984539,632.0608825458006,634.4508666992188,4552114,0.0,0.0
2022-06-28,631.363820855087,642.0193422907768,629.3721368776262,639.6790771484375,10711123,0.0,0.0
2022-06-29,633.7039943727677,635.1479773424204,620.9074497529566,622.9489135742188,13620084,0.0,0.0
2022-06-30,621.4053356497556,636.6417043195103,621.0568153028827,634.152099609375,10563138,0.0,0.0
2022-07-01,630.3679790022765,643.9114057393818,629.172956459268,641.2724609375,6549359,0.0,0.0
2022-07-04,638.8824455313942,652.425933679047,637.8368235507006,651.6292114257812,3933384,0.0,0.0
2022-07-05,653.3718408615937,657.1560886753184,643.3138620675115,645.803466796875,5044787,0.0,0.0
2022-07-06,649.2890220302634,656.6582775744454,648.2931799719347,655.2142944335938,6684686,0.0,0.0
2022-07-07,661.6970560340285,662.7442695673705,649.9282459651723,656.4110717773438,11171714,1.0,0.0
2022-07-08,665.2376145110337,675.0117082166286,659.6524355003754,667.3819580078125,12669533,0.0,0.0
2022-07-11,664.7888636884087,680.1481989498147,663.5920220919277,678.0537109375,14864123,0.0,0.0
2022-07-12,675.211265219412,683.4394674912882,671.221833814866,674.4133911132812,6446810,0.0,0.0
2022-07-13,678.2033491323923,683.1901384642482,675.1614198147389,678.1036376953125,9614674,0.0,0.0
2022-07-14,676.807004269972,678.6521527939327,663.841352380709,666.484375,8026311,0.0,0.0
2022-07-15,668.2296956952334,672.4186104400405,657.3584718186967,660.4503173828125,6015057,0.0,0.0
2022-07-18,666.2849180222244,686.1822198571037,661.6970961343652,682.6914672851562,12464664,0.0,0.0
2022-07-19,676.806969045998,701.9902531356498,676.806969045998,698.7488403320312,10171314,0.0,0.0
2022-07-20,704.4338395811476,712.6121861526394,700.8433756589768,703.83544921875,11620331,0.0,0.0
2022-07-21,706.0794678500154,716.5517247672976,702.4889432397564,713.6593627929688,8036515,0.0,0.0
2022-07-22,715.1055440886397,733.0579845260114,713.2105399151392,728.8192138671875,9713490,0.0,0.0
2022-07-25,731.5619363572848,736.8479204506648,720.5910007063917,725.4281616210938,6230411,0.0,0.0
2022-07-26,720.9899831615178,721.53851778069,700.1950363574366,704.5834350585938,14135744,0.0,0.0
2022-07-27,706.0794790469809,718.6461631974456,701.7409360166871,717.0504150390625,6106880,0.0,0.0
2022-07-28,723.0844092891822,731.7614343754302,721.1395493928678,723.9820556640625,6964838,0.0,0.0
2022-07-29,731.9609314477744,733.0081449882887,721.0897068156585,722.8350830078125,6624854,0.0,0.0
2022-08-01,724.0817742489264,730.3651163134986,718.4965948301711,728.8690795898438,5493105,0.0,0.0
2022-08-02,725.0791229353895,732.4096784394446,719.1946875468807,728.52001953125,7275626,0.0,0.0
2022-08-03,728.0711453520705,736.548686085622,725.577751018673,728.56982421875,9458761,0.0,0.0
2022-08-04,733.2575240751968,734.7535608921861,710.3182928813588,719.6934204101562,7466635,0.0,0.0
2022-08-05,722.0870849776938,729.2680736881621,719.2944951663708,726.5751953125,4583196,0.0,0.0
2022-08-08,728.0711768745725,745.3753099479953,726.1761727495905,743.580078125,8191870,0.0,0.0
2022-08-10,743.0316327292478,745.8740783840902,734.2050396967201,737.0474853515625,9069541,0.0,0.0
2022-08-11,741.0867290440332,758.6402635098942,741.0867290440332,756.844970703125,12384073,0.0,0.0
2022-08-12,756.6954396058588,759.9867084519348,751.4094549895678,758.54052734375,4614341,0.0,0.0
2022-08-16,762.97881166594,769.9603171321643,756.4461294401809,762.6297607421875,7051498,0.0,0.0
2022-08-17,769.3618347593822,771.7056012504579,764.2254177165278,770.0599365234375,7674390,0.0,0.0
2022-08-18,769.9602748524701,773.9497063283897,760.0864076000119,763.0286254882812,9449924,0.0,0.0
2022-08-19,769.9602232879538,770.6085302089307,748.2676910903981,755.49853515625,7553270,0.0,0.0
2022-08-22,751.4094243809856,752.4566379429115,737.2469308145875,739.889892578125,4994311,0.0,0.0
2022-08-23,736.0500351847808,748.866058195828,731.8611203707403,745.0761108398438,6594634,0.0,0.0
2022-08-24,743.0316124102129,750.0629732119336,740.0395388031919,748.1680297851562,6875820,0.0,0.0
2022-08-25,751.9080991938424,756.5956323381675,738.0448008817768,741.3859252929688,6320890,0.0,0.0
2022-08-26,746.0236084533811,753.0051128105653,739.3412992510133,742.9318237304688,4613713,0.0,0.0
2022-08-29,728.0712723430171,732.9583504384394,720.1422648050503,726.7747192382812,5904146,0.0,0.0
2022-08-30,731.0632845636851,751.558975660099,731.0632845636851,749.514404296875,9193270,0.0,0.0
2022-09-01,731.5620130372369,752.9054962538661,731.5620130372369,742.1838989257812,9353805,0.0,0.0
2022-09-02,747.0209929366981,752.5563165573791,738.2941121780918,748.2178344726562,7767812,0.0,0.0
2022-09-05,748.2178591908524,756.7951122131144,747.3700685076752,754.1022338867188,5894055,0.0,0.0
2022-09-06,755.9972342122395,759.5378423296163,746.8215300127218,748.0183715820312,7606181,0.0,0.0
2022-09-07,741.1865406465258,755.9972809703313,737.0973367712941,753.4041748046875,10156460,0.0,0.0
2022-09-08,759.7373772095548,780.1333583556964,755.0996386440146,777.6898193359375,13410790,0.0,0.0
2022-09-09,785.868090822061,785.868090822061,777.9390841358982,782.7762451171875,8732302,0.0,0.0
2022-09-12,786.9153723556004,802.8730985377165,784.7211728307806,798.8836669921875,15521649,0.0,0.0
2022-09-13,802.8730352047573,806.812610719981,801.0279476100538,803.4215698242188,9887516,0.0,0.0
2022-09-14,792.3011136338723,809.2062807748498,792.3011136338723,800.92822265625,10494713,0.0,0.0
2022-09-15,803.3717045264908,804.3690623223027,785.5688922208038,787.9126586914062,5996899,0.0,0.0
2022-09-16,783.9730647789332,790.5057460130315,774.0493427692986,787.2144775390625,11467351,0.0,0.0
2022-09-19,787.2144747467518,799.8809305854129,784.6213688974013,795.9912109375,11427799,0.0,0.0
2022-09-20,804.6683086603971,814.0434968868142,799.8810031108217,810.6026000976562,8274079,0.0,0.0
2022-09-21,807.1117623877986,813.8439272269925,801.2273272899116,804.4188842773438,6567084,0.0,0.0
2022-09-22,802.8731108354957,806.6630586870208,782.2277900963753,787.1148681640625,7804275,0.0,0.0
2022-09-23,786.9153382162519,786.9153382162519,762.2307315992022,766.5692138671875,10278805,0.0,0.0
2022-09-26,756.9945706982912,761.4826808012455,739.042130286474,740.6378784179688,11090327,0.0,0.0
2022-09-27,744.3780457188012,752.1574860525839,728.5699473235567,735.5514526367188,11358306,0.0,0.0
2022-09-28,731.9609751144757,731.9609751144757,705.8301863897025,714.5570678710938,13170668,0.0,0.0
2022-09-29,720.3416937137015,728.8690909972163,709.1214181106843,717.1002807617188,12090981,0.0,0.0
2022-09-30,718.0976211190294,735.8007221952278,712.5124417487707,731.2627563476562,9536017,0.0,0.0
2022-10-03,729.0685954085686,740.0395318647851,719.1448725302124,720.8403930664062,6405645,0.0,0.0
2022-10-04,731.462275033306,742.5329228716269,730.0659496870798,740.83740234375,5438934,0.0,0.0
2022-10-06,748.018357914177,758.3909034934762,744.0289266719681,753.1048583984375,9376433,0.0,0.0
2022-10-07,751.8083648013422,755.4986011666381,740.3387490740599,753.703369140625,7500540,0.0,0.0
2022-10-10,746.0236745860083,776.6425728701322,743.0316010248345,774.7974243164062,14106654,0.0,0.0
2022-10-11,777.9391631264514,793.398210598836,772.4536946685084,783.4744873046875,15953495,0.0,0.0
2022-10-12,787.413951261387,808.6576593676324,781.379948990146,806.563232421875,21228018,0.0,0.0
2022-10-13,804.8677706064428,812.7967775474184,793.4978669695091,799.8809814453125,13024911,0.0,0.0
2022-10-14,813.3951720065256,818.5315892179959,792.350945989795,798.3849487304688,8220645,0.0,0.0
2022-10-17,801.3769558950071,814.8412855833488,794.9938419154238,811.9988403320312,9463827,0.0,0.0
2022-10-18,817.8334959990514,820.7258583222653,809.405809383794,814.193115234375,8470882,0.0,0.0
2022-10-19,816.2875062007095,836.2346622646335,814.7416137805332,827.6573486328125,10868663,0.0,0.0
2022-10-20,822.7205274770317,829.7020325344839,814.7915202727181,823.66796875,11813817,0.0,0.0
2022-10-21,857.827485971986,903.606236892592,853.5887149931851,898.0210571289062,58057724,0.0,0.0
2022-10-24,913.5797394826685,916.0232782532241,902.608803746523,907.0470581054688,3085307,0.0,0.0
2022-10-25,903.3070450596039,908.1940621525089,889.2442624121846,900.4645385742188,13187308,0.0,0.0
2022-10-27,906.5982805713661,917.5193611424662,898.8687572771659,912.7320556640625,11967044,0.0,0.0
2022-10-28,912.5824400423613,915.5246578981507,896.5250028786047,900.6640014648438,7320207,0.0,0.0
2022-10-31,905.6009780176429,915.5745570707006,899.7165420267805,903.6062622070312,9038777,0.0,0.0
2022-11-01,901.6115073621667,901.6115073621667,866.7039821877464,869.4467163085938,29191921,0.0,0.0
2022-11-02,872.6880694591467,874.6827850464819,859.3234506744454,861.268310546875,11029140,0.0,0.0
2022-11-03,855.6333146216878,878.0738660042765,853.7383103776014,861.7670288085938,10185978,0.0,0.0
2022-11-04,866.703981874365,870.5937018848083,860.0216720257564,865.8063354492188,7323879,0.0,0.0
2022-11-07,873.9347621796405,874.4832967885419,859.0242510666767,870.6434936523438,9931261,0.0,0.0
2022-11-09,872.7380103658246,878.4229625194407,866.205328354396,871.3916015625,10190209,0.0,0.0
2022-11-10,841.4708251953125,854.4364771678939,838.7779468416134,841.4708251953125,18956575,0.0,0.0
2022-11-11,844.7620953389646,852.4417629259154,841.9196498281719,848.4523315429688,19329819,0.0,0.0
2022-11-14,848.2528469565332,851.6438879782266,845.1111453960264,848.7515258789062,6985306,0.0,0.0
2022-11-15,849.0008751701187,857.5781283846885,844.9615880269072,856.38134765625,7124767,0.0,0.0
2022-11-16,855.7329985271361,859.3234622832887,848.3525264047356,853.139892578125,6521854,0.0,0.0
2022-11-17,853.1399053900328,859.124052322746,850.4470270955337,855.9324951171875,4909607,0.0,0.0
2022-11-18,857.02958204018,863.5124080176003,852.7409554914342,856.9298706054688,7065304,0.0,0.0
2022-11-21,857.7277860755099,868.6488671543898,856.7304281847245,867.751220703125,7209207,0.0,0.0
2022-11-22,872.6382987175317,874.6828702188631,866.0557001140107,867.751220703125,5535233,0.0,0.0
2022-11-23,871.5910419173123,875.4807009742958,866.4546246847325,872.388916015625,5861417,0.0,0.0
2022-11-24,875.6802251023557,878.4728150121857,870.7931471047324,876.228759765625,4928778,0.0,0.0
2022-11-25,880.666908515537,889.4436446928963,878.5724815537865,885.4043579101562,7614047,0.0,0.0
2022-11-28,885.3545627983984,897.1233730831884,882.960879643506,889.343994140625,7928147,0.0,0.0
2022-11-29,892.0368599199336,899.5170435813578,887.6484611556751,890.1917114257812,5661158,0.0,0.0
2022-11-30,892.6352877676404,902.7085778387012,883.1105323466861,898.8687744140625,10452798,0.0,0.0
2022-12-01,907.0969491334744,907.0969491334744,897.1233708032547,901.4618530273438,7053100,0.0,0.0
2022-12-02,895.9265460777018,904.6035715629517,889.0448134247666,902.7584838867188,7988851,0.0,0.0
2022-12-05,904.6035364822504,904.9027316514026,895.2283486895487,896.8241577148438,5098164,0.0,0.0
2022-12-06,895.128632946124,904.5038206936671,893.3334010659682,902.259765625,5351099,0.0,0.0
2022-12-07,900.4146711757867,915.5745229461886,897.4724532900154,912.2333984375,9103656,0.0,0.0
2022-12-08,913.2307698998422,941.4559858133865,911.3357655726234,936.8681030273438,17466047,0.0,0.0
2022-12-09,941.5058058572178,942.5031637024055,925.1491128465822,931.2330322265625,8018981,0.0,0.0
2022-12-12,927.4431016046588,938.6633775688698,919.5639501335667,936.1699829101562,7621788,0.0,0.0
2022-12-13,937.7157883092424,946.7917196742414,934.1252638099216,942.1041259765625,8136559,0.0,0.0
2022-12-14,943.1514470955915,947.6395572868431,936.0203143310465,939.9100341796875,8573479,0.0,0.0
2022-12-15,937.2670739526305,942.4533471378417,930.1359407137285,935.6713256835938,7359261,0.0,0.0
2022-12-16,929.7868270255402,942.7026229600187,926.6451255452462,932.6292724609375,6926928,0.0,0.0
2022-12-19,932.629303519984,945.5949556024393,929.9364860173571,943.7000122070312,4842336,0.0,0.0
2022-12-20,941.2564535961869,950.2326740808128,937.9651849266023,947.2406005859375,9511818,0.0,0.0
2022-12-21,950.5817624990193,956.3664868499249,925.5481042865168,929.8367309570312,8368960,0.0,0.0
2022-12-22,933.5269094651918,933.5269094651918,910.5378241365802,917.120361328125,9202717,0.0,0.0
2022-12-23,909.5903465081575,914.8264751475959,901.6114838194894,904.20458984375,6371695,0.0,0.0
2022-12-26,905.6009565307057,930.4850478524462,902.708594324387,926.2462768554688,4764440,0.0,0.0
2022-12-27,929.9863389741026,935.3221791195604,920.1623276318431,929.7369995117188,3346083,0.0,0.0
2022-12-28,928.4902611865951,934.9730869222166,918.8657340141551,922.2567749023438,5956496,0.0,0.0
2022-12-29,920.3617949883478,941.5057931967825,913.380290165914,932.0807495117188,12204113,0.0,0.0
2022-12-30,938.7630203430911,941.0070753717997,927.8917960766807,931.2828369140625,3704449,0.0,0.0
2023-01-02,929.7867896608932,942.5031013457163,929.3379664854748,939.112060546875,3498198,0.0,0.0
2023-01-03,942.2538282071222,963.0487150172568,940.1094844813861,959.7574462890625,6927819,0.0,0.0
2023-01-04,960.9542909190053,967.4371169604932,952.4767491724443,954.9202880859375,9059392,0.0,0.0
2023-01-05,957.4635394400373,959.3585437114026,935.7710061245989,947.0411376953125,6998980,0.0,0.0
2023-01-06,944.0490803274756,948.437479308072,931.831446411515,937.4166870117188,5787783,0.0,0.0
2023-01-09,944.2983589138793,957.4634941329857,938.8627466942838,956.216796875,7025747,0.0,0.0
2023-01-10,961.4529432194536,961.4529432194536,940.2590894399791,949.63427734375,7140150,0.0,0.0
2023-01-11,950.4820135387191,953.2247475756881,940.3089514813648,947.2406005859375,7100355,0.0,0.0
2023-01-12,946.8416511641793,947.1907629362419,921.5586539997812,933.078125,8661375,0.0,0.0
2023-01-13,933.0282324261028,934.9730923328219,920.5612597854548,931.6818237304688,9083608,0.0,0.0
2023-01-16,937.965223470109,939.2617765297222,909.2911846325942,910.7373657226562,10008273,0.0,0.0
2023-01-17,912.532534594739,917.2699841619227,904.3043327148935,915.2752685546875,6904960,0.0,0.0
2023-01-18,919.4641667501235,923.1543418571546,910.8369975564799,921.55859375,5730939,0.0,0.0
2023-01-19,921.1597151347594,935.5216929799582,918.3172695216381,926.2462768554688,7721730,0.0,0.0
2023-01-20,928.7895323246271,932.3799963684853,922.2069946195888,928.0913696289062,4511360,0.0,0.0
2023-01-23,933.5269866413041,937.2172230154131,922.0075151668234,930.2357177734375,5236124,0.0,0.0
2023-01-24,932.5295668790604,932.5295668790604,901.3621348309634,907.7951049804688,18527897,0.0,0.0
2023-01-25,902.6087877221352,905.0523264493097,881.863758145951,889.9921875,11921748,0.0,0.0
2023-01-27,889.9922375871389,890.1418656115881,848.7515155579399,871.44140625,17300736,0.0,0.0
2023-01-30,849.6490873686962,883.1602832532576,843.9142803345842,869.5463256835938,21233998,0.0,0.0
2023-01-31,870.6934445467299,876.9767871264119,858.8248612165235,869.297119140625,16856151,0.0,0.0
2023-02-01,873.9846395179304,892.8347265366547,831.0982535510395,854.9849853515625,12409819,0.0,0.0
2023-02-02,848.7016339690617,869.6960035308955,834.8383361687268,866.1553955078125,9567053,0.0,0.0
2023-02-03,870.693394455164,882.661688537022,856.9797241530351,880.2680053710938,7365732,0.0,0.0
2023-02-06,869.5464186317218,896.774336681514,868.2997213171303,880.3179321289062,10129098,0.0,0.0
2023-02-07,884.506744665385,886.052697961636,869.1973267142367,876.7772216796875,5055187,0.0,0.0
2023-02-08,879.7693458320437,884.1078890566288,865.9559637911517,869.4467163085938,6572818,0.0,0.0
2023-02-09,873.8350955880709,873.8350955880709,860.2709924440431,865.4074096679688,5993312,0.0,0.0
2023-02-10,869.7458624222388,870.3941693456012,862.8641300861638,864.9585571289062,4603464,0.0,0.0
2023-02-13,864.9585687010346,868.150125897252,854.2369721446366,856.830078125,5707194,0.0,0.0
2023-02-14,860.2709943420871,869.5963266880356,851.99293642923,868.4493408203125,7527755,0.0,0.0
2023-02-15,869.6960345142812,869.8955182566087,859.323488652169,866.0057983398438,7322266,0.0,0.0
2023-02-16,870.4939285640548,871.9899653549671,859.971815309417,862.4652099609375,5843235,0.0,0.0
2023-02-17,858.7250937802401,865.955938065846,847.754157622769,852.6412353515625,8420479,0.0,0.0
2023-02-20,857.4285526319146,858.9245894013524,840.2739855009157,844.5127563476562,5992322,0.0,0.0
2023-02-21,846.7568188104417,846.7568188104417,835.1874920431541,841.8198852539062,9677064,0.0,0.0
2023-02-22,837.7805863154392,840.7726598379944,827.3581847037606,831.1481323242188,6984037,0.0,0.0
2023-02-23,830.8488877972475,846.0087382525302,828.006442469208,842.1190185546875,8437003,0.0,0.0
2023-02-24,847.8538987685147,852.3420091720334,842.2188633417659,849.1505126953125,7763814,0.0,0.0
2023-02-27,849.5992567522266,856.1818550600585,843.714881985254,852.0926513671875,8064267,0.0,0.0
2023-02-28,853.6884782219203,855.3340821777266,837.7806080724329,841.8697509765625,13012372,0.0,0.0
2023-03-01,843.814565001129,866.4545995172498,842.8172071887351,862.8641357421875,12345125,0.0,0.0
2023-03-02,863.7118776816358,864.5097517679955,841.2713265871361,843.2161865234375,13900508,0.0,0.0
2023-03-03,847.5048546086999,856.3314474563028,843.3657950762932,850.397216796875,7977804,0.0,0.0
2023-03-06,854.6858146198489,861.4678357686325,853.3393450092184,857.2290649414062,10781567,0.0,0.0
2023-03-08,856.2316930866406,860.2211243881509,850.7960807635548,858.6752319335938,8785735,0.0,0.0
2023-03-09,860.2211566155239,871.9401115027498,859.7224776841525,865.5071411132812,14746065,0.0,0.0
2023-03-10,857.3287150190869,859.3234305597306,843.2659948071041,849.6491088867188,11198583,0.0,0.0
2023-03-13,843.365747946297,854.7356514398607,826.2610978636376,830.1507568359375,8315798,0.0,0.0
2023-03-14,825.8122531130239,833.4919202986354,815.2402848502629,830.6494140625,12573734,0.0,0.0
2023-03-15,835.835689825817,841.2713019957064,817.1850868421243,821.8726806640625,6652641,0.0,0.0
2023-03-16,819.3294536392584,835.6861463268352,812.1484651209591,828.3555297851562,8791383,0.0,0.0
2023-03-17,832.7938167758774,839.276642894492,820.8255224030504,835.1875,7762461,0.0,0.0
2023-03-20,833.7911436751785,838.7779328119918,823.3687422044607,835.3370361328125,10744023,0.0,0.0
2023-03-21,837.8803087329111,855.0847317131189,836.5338999796693,853.33935546875,11489951,0.0,0.0
2023-03-22,853.3393206214389,857.5282356116426,844.8119234933862,847.4050903320312,8018924,0.0,0.0
2023-03-23,844.7620800965633,858.8747177086536,842.8670758742992,846.5573120117188,9857892,0.0,0.0
2023-03-24,844.0141063949059,850.2475931481916,835.0378854701742,837.680908203125,8078718,0.0,0.0
2023-03-27,838.8277998735553,839.9747857400914,827.0091338090191,831.1481323242188,10602508,0.0,0.0
2023-03-28,835.1874828184127,835.1874828184127,823.867434765989,830.2505493164062,11002402,0.0,0.0
2023-03-29,830.3004281081028,846.2082983349227,827.8070334290995,840.3737182617188,17121194,0.0,0.0
2023-03-31,852.6412256465586,858.6253725734296,845.2607534205282,856.231689453125,12946752,0.0,0.0
2023-04-03,861.7171614119438,864.5097511491489,854.1871220026246,862.3155517578125,13266882,0.0,0.0
2023-04-05,868.6986979828679,868.6986979828679,854.7356879119607,858.2264404296875,11890015,0.0,0.0
2023-04-06,859.5229861540353,860.9691672166958,846.756817801303,849.6990356445312,19677316,0.0,0.0
2023-04-10,852.5414731343576,852.6911011605596,841.7201648732404,845.1111450195312,15656078,0.0,0.0
2023-04-11,846.0087653724299,853.439093258407,841.8198503806001,851.04541015625,23930907,0.0,0.0
2023-04-12,852.6412558734322,854.3866321223113,844.4130535572876,848.8013916015625,13480335,0.0,0.0
2023-04-13,851.3945429743361,865.4074084270142,842.76737332389,862.0662231445312,23934570,0.0,0.0
2023-04-17,879.6695920665803,879.6695920665803,858.725077969757,862.2656860351562,22577380,0.0,0.0
2023-04-18,863.063563291869,869.696017129858,854.8353612949408,861.06884765625,17238709,0.0,0.0
2023-04-19,862.7145765841642,872.1894765582099,860.2710375739734,871.0924072265625,23494247,0.0,0.0
2023-04-20,872.488653826795,873.2865279492286,861.8668290194934,866.4546508789062,19444753,0.0,0.0
2023-04-21,868.4991631302372,871.5410922561947,855.2343165182021,861.9166259765625,15520786,0.0,0.0
2023-04-24,865.7066060820845,882.0632990258189,858.2264222737716,879.9688110351562,18201632,0.0,0.0
2023-04-25,882.6616898361922,893.4331423509402,872.089721064547,876.0292358398438,36394389,0.0,0.0
2023-04-26,875.08183024202,887.0999805484404,872.8876307262753,885.3047485351562,19468723,0.0,0.0
2023-04-27,885.6537654480087,887.6484811359546,875.1815080862924,879.0712280273438,15992383,0.0,0.0
2023-04-28,882.7613790119196,887.6983123782459,851.3945243829124,857.7277221679688,23004117,0.0,0.0
2023-05-02,867.7013024431587,874.0844168336761,861.9664949844827,868.349609375,12947953,0.0,0.0
2023-05-03,861.5675564094298,864.5596299665021,851.7934616311052,857.578125,15103015,0.0,0.0
2023-05-04,857.7277569166305,864.858889942878,855.234362274431,863.6620483398438,9756391,0.0,0.0
2023-05-05,864.8588814516036,882.6616946725612,860.4704825748612,863.0137329101562,14343308,0.0,0.0
2023-05-08,863.013687929964,879.071184955495,863.013687929964,876.1289672851562,7007882,0.0,0.0
2023-05-09,879.8690735863491,887.8479360793128,877.6748742260062,885.903076171875,12117151,0.0,0.0
2023-05-10,889.6431330272819,890.1418119135079,875.2313010405715,887.5487060546875,11893027,0.0,0.0
2023-05-11,888.6458302181073,897.622050725361,886.6511145498288,893.582763671875,13816121,0.0,0.0
2023-05-12,892.8347664423467,911.1861145008119,891.637924838255,908.2439575195312,10533272,0.0,0.0
2023-05-15,908.2439536374151,917.0705462913144,906.7479168571682,913.3803100585938,7339579,0.0,0.0
2023-05-16,913.779312757632,920.0626553019887,909.5903974367628,915.3750610351562,12567615,0.0,0.0
2023-05-17,915.275357867754,916.4721995236615,908.8423872319096,912.3829956054688,10248327,0.0,0.0
2023-05-18,917.5691873556405,927.0440865728997,910.1887151947456,912.283203125,13614127,0.0,0.0
2023-05-19,918.4668189387249,924.5506771464437,906.5483810984672,921.6084594726562,8393002,0.0,0.0
2023-05-22,920.5612837744666,925.2987335013665,911.984030723741,915.1256713867188,9383158,0.0,0.0
2023-05-23,915.1256956371483,920.0626292371015,909.9893391635751,913.7294311523438,8273445,0.0,0.0
2023-05-24,908.7425871157698,918.4169091117494,907.7950850275552,915.2752685546875,6248545,0.0,0.0
2023-05-25,914.2779119411406,921.1097885552583,910.0391412702481,918.6163940429688,8149350,0.0,0.0
2023-05-26,915.5744897215402,925.4483566073094,912.5824162257182,924.5008544921875,4908462,0.0,0.0
2023-05-29,928.5401032424976,935.2224126156907,925.5978855848356,927.34326171875,7133871,0.0,0.0
2023-05-30,928.3406903665873,937.2171997318495,925.5979562325213,934.97314453125,7804403,0.0,0.0
2023-05-31,934.8733518090171,937.4166630132827,907.7951228373205,912.4328002929688,34757004,0.0,0.0
2023-06-01,919.5639303932444,928.4902952545949,913.6296390581192,917.27001953125,11817533,0.0,0.0
2023-06-02,920.2122403047441,928.0414750407,917.8185571264956,923.653076171875,11616991,0.0,0.0
2023-06-05,925.1490774704517,951.3796364949906,925.1490774704517,948.337646484375,14520005,0.0,0.0
2023-06-06,948.5869905944751,968.1850959488153,948.5869905944751,965.641845703125,14457988,0.0,0.0
2023-06-07,970.3793029478247,978.657360677375,965.5420809974672,974.1692504882812,15795824,0.0,0.0
2023-06-08,970.4790025315168,972.274234410458,957.3637838856253,959.5579223632812,10209982,0.0,0.0
2023-06-09,964.4449766892352,979.1061482821428,960.7547407153364,972.1744995117188,12947464,0.0,0.0
2023-06-12,970.429135033108,975.316212580672,966.0407363832999,971.6259765625,7465375,0.0,0.0
2023-06-13,971.7257076265167,987.0850423372962,971.7257076265167,983.2451782226562,15233785,0.0,0.0
2023-06-14,983.394818048502,985.589017444078,973.4212397721479,975.1167602539062,8644423,0.0,0.0
2023-06-15,985.7385964089794,986.3869033542694,969.6313038239398,974.5682373046875,15978311,0.0,0.0
2023-06-16,980.2032402270959,982.8462627643449,974.6180608592621,978.95654296875,8860900,0.0,0.0
2023-06-19,981.2504969948915,983.3948407233075,958.4608944575036,963.0986328125,11025846,0.0,0.0
2023-06-20,963.3977830250602,974.4185745853573,956.0173109253186,972.2742309570312,7596593,0.0,0.0
2023-06-21,975.7151823757298,975.7151823757298,960.6052473193232,963.4476928710938,7805855,0.0,0.0
2023-06-22,959.6576827331883,970.8779579293866,956.1669304499264,964.0460205078125,10135883,0.0,0.0
2023-06-23,957.4635460788033,962.9490143115465,952.0279335643066,955.8677978515625,6188008,0.0,0.0
2023-06-26,956.9648713775646,960.9543028371896,950.5817566926072,958.0120849609375,5799528,0.0,0.0
2023-06-27,964.4449806242776,973.421200712818,958.2613501662833,970.678466796875,6921886,0.0,0.0
2023-06-28,976.4133526351345,981.4001419744354,964.4450582208121,975.615478515625,10010996,0.0,0.0
2023-06-30,974.5183133320694,987.2346256905186,973.4212440663871,984.8410034179688,7096350,0.0,0.0
2023-07-03,987.3842168463997,987.3842168463997,975.4159233088675,979.5050659179688,5562743,0.0,0.0
2023-07-04,979.5050965987062,982.2478306203005,966.4397334272136,968.13525390625,7396806,0.0,0.0
2023-07-05,966.4397446918043,972.9225706365894,959.557951262399,963.9463500976562,8200047,0.0,0.0
2023-07-06,958.4609136389415,983.4945718412441,958.4609136389415,978.3582153320312,10221727,0.0,0.0
2023-07-07,974.6641831465856,987.8427533030938,970.2213995227613,975.1134643554688,6236524,1.0,0.0
2023-07-10,975.1134229796711,984.3983035132331,958.8399135165018,962.4839477539062,7138850,0.0,0.0
2023-07-11,966.3278064604591,970.1715283005711,949.055859137324,951.6516723632812,10616390,0.0,0.0
2023-07-12,955.1459770502267,955.9945719610037,945.4617212556537,948.4568481445312,10141257,0.0,0.0
2023-07-13,954.7466102990345,964.4308661734865,950.6033879635203,958.5903930664062,13079930,0.0,0.0
2023-07-14,962.8833651853291,965.4292107928754,946.2104803815384,955.495361328125,5383514,0.0,0.0
2023-07-17,958.4405566209024,967.3261236556458,948.906082020886,963.2826538085938,8472444,0.0,0.0
2023-07-18,962.4341238989889,978.3582276590016,949.75474099237,962.084716796875,14457717,0.0,0.0
2023-07-19,962.4340810493464,968.3245214799657,954.9462640287344,962.7335815429688,7574544,0.0,0.0
2023-07-20,962.3342650400326,978.3082746371382,956.0444500123637,976.3115234375,15329753,0.0,0.0
2023-07-21,970.0217295031625,983.3999872060559,966.427601640063,969.7222290039062,6230317,0.0,0.0
2023-07-24,971.868719566255,983.3500387247727,967.226248749494,969.921875,9167788,0.0,0.0
2023-07-25,976.0619382847129,976.0619382847129,952.2506434540315,960.9365234375,13448045,0.0,0.0
2023-07-26,965.2794076024823,978.408070887261,961.7351864716742,975.2132568359375,8298226,0.0,0.0
2023-07-27,987.7428718400173,988.3918403520264,954.1974761782315,958.3407592773438,17858061,0.0,0.0
2023-07-28,958.3407708775003,968.1747462458351,940.6695104216192,948.4069213867188,8504392,0.0,0.0
2023-07-31,953.1492132082983,957.0428415508311,946.7595848886385,952.3505249023438,6601991,0.0,0.0
2023-08-01,954.4470700773103,962.4340748478318,950.4535676920495,958.3407592773438,8409096,0.0,0.0
2023-08-02,949.9543860919007,957.3423899272404,935.0785652353426,943.7145385742188,9324465,0.0,0.0
2023-08-03,942.5664341596897,945.0623733042032,925.6440155086992,934.0303344726562,17076611,0.0,0.0
2023-08-04,945.4617140197354,953.2989382779123,933.1317994626262,950.7031860351562,12376086,0.0,0.0
2023-08-07,950.7031813527487,953.4487142996851,943.0156769141249,945.861083984375,10922609,0.0,0.0
2023-08-08,948.4567982683412,958.3407408562782,942.5164513972481,951.3521118164062,11512735,0.0,0.0
2023-08-09,950.453599403783,951.751475535094,942.7660948684616,948.4568481445312,7701831,0.0,0.0
2023-08-10,946.4600482280028,950.403643949488,935.7774173529954,938.2234497070312,13590891,0.0,0.0
2023-08-11,935.9771127935795,944.163804794016,931.4844226521703,935.6776123046875,9558237,0.0,0.0
2023-08-14,933.4811853346018,941.7676906214929,927.3911185533472,938.4231567382812,7172522,0.0,0.0
2023-08-16,934.4296152490268,938.4730240697854,929.7871445321507,931.5343017578125,7394623,0.0,0.0
2023-08-17,934.4296855182831,941.4682215409039,930.1366824853097,935.0286865234375,9336994,0.0,0.0
2023-08-18,933.3314350729253,944.4134411482146,929.5376198590476,941.5181274414062,6648744,0.0,0.0
2023-08-21,942.6662329755741,952.6998953477062,942.4166390810633,951.0525512695312,6822155,0.0,0.0
2023-08-22,952.3005472024149,957.5420191327795,947.1090428011483,955.495361328125,10860061,0.0,0.0
2023-08-23,960.4373227378255,978.8573646594484,956.8431949689281,977.6593017578125,12677151,0.0,0.0
2023-08-24,983.2002673424388,992.6349288407245,977.5095143009324,979.755859375,11899556,0.0,0.0
2023-08-25,972.4178579521714,986.5948040027422,969.2230437675902,981.5030517578125,6228241,0.0,0.0
2023-08-28,978.5079223942115,990.8878044769428,978.5079223942115,988.591552734375,8451441,0.0,0.0
2023-08-29,988.5915015078543,989.3901897765771,975.9121195828499,979.10693359375,8114141,0.0,0.0
2023-08-30,981.4032174251885,996.3788514652473,978.4080906171766,981.7526245117188,9023083,0.0,0.0
2023-08-31,980.2051453744111,993.0842149031694,967.0265753548468,971.9186401367188,21558300,0.0,0.0
2023-09-01,972.6674063929545,991.3869484713408,967.4259346110063,989.5399780273438,10946742,0.0,0.0
2023-09-04,992.1357999293365,992.9344882603159,978.4081347730815,980.6544799804688,6727188,0.0,0.0
2023-09-05,983.849276444457,984.5980581667087,976.311552627659,979.8557739257812,10548660,0.0,0.0
2023-09-06,979.8557450584462,981.5529957660837,960.2376401390118,963.4823608398438,16351052,0.0,0.0
2023-09-07,963.4823594503813,978.2083995329203,961.5355148454876,976.6110229492188,8686550,0.0,0.0
2023-09-08,976.6110161977904,985.6962097098066,970.9202631366767,978.7075805664062,6439351,0.0,0.0
2023-09-11,980.205140866197,1002.3690911240707,977.4097014048458,998.7749633789062,7130484,0.0,0.0
2023-09-12,1008.359363575727,1008.359363575727,996.4287628788912,999.274169921875,8958327,0.0,0.0
2023-09-13,1001.3208651433481,1015.3480307656412,992.0858904289113,1012.8021850585938,12254423,0.0,0.0
2023-09-14,1012.8021036052967,1020.7392015303601,1007.4108511825343,1019.2416381835938,7855558,0.0,0.0
2023-09-15,1019.3415327961677,1030.0740709720333,1012.9019977034457,1025.4815673828125,8986157,0.0,0.0
2023-09-18,1019.8906349456726,1028.22710820011,1017.344789220694,1023.08544921875,6397319,0.0,0.0
2023-09-20,1010.6555317748637,1045.7983624422236,1010.6555317748637,1025.6312255859375,13619788,0.0,0.0
2023-09-21,1024.932412581354,1031.9210420949819,1010.4559657316963,1012.8021850585938,8156588,0.0,0.0
2023-09-22,1008.3593486258594,1025.5813275999149,1006.3625974404616,1016.595947265625,7108110,0.0,0.0
2023-09-25,1013.5509522256357,1024.3333968473526,1003.5172893267603,1017.2948608398438,7123890,0.0,0.0
2023-09-26,1017.3447217274799,1019.0419724102037,1009.3577170426714,1012.5026245117188,6387615,0.0,0.0
2023-09-27,1008.3093799827367,1026.2800786094012,1002.3690333845414,1023.5345458984375,5158686,0.0,0.0
2023-09-28,1025.3316529177218,1036.263816047641,1023.534528243648,1029.225341796875,15818489,0.0,0.0
2023-09-29,1029.225485543987,1039.3090552697004,1022.8358569873276,1035.0159912109375,9528626,0.0,0.0
2023-10-03,1033.3186660572435,1043.0028598792167,1030.9225404282156,1039.35888671875,11589322,0.0,0.0
2023-10-04,1033.6681363421294,1035.31548042985,987.2436716941178,993.9328002929688,22584212,0.0,0.0
2023-10-05,998.3755796590767,1007.5606471791422,987.2936350992647,1001.6203002929688,7950412,0.0,0.0
2023-10-06,1003.3674445023389,1006.3625712023459,997.776565703396,999.3240356445312,5289753,0.0,0.0
2023-10-09,993.1840570274306,998.0761219518472,986.6447088875765,994.6317138671875,6823214,0.0,0.0
2023-10-10,998.275738170682,1013.3012780313192,994.881236921684,1010.6056518554688,5728499,0.0,0.0
2023-10-11,1017.3447668895379,1023.9839892029179,1010.3561374800906,1017.444580078125,7396783,0.0,0.0
2023-10-12,1020.3398755325106,1029.325256041114,1013.3013396546403,1016.795654296875,4920222,0.0,0.0
2023-10-13,1007.3609689365711,1009.8070013159382,990.6381778268708,992.4352416992188,12173162,0.0,0.0
2023-10-16,988.3918390260908,1007.8102565355731,988.3918390260908,1003.1677856445312,4646960,0.0,0.0
2023-10-17,1007.2112249339127,1013.0517589019271,1001.4705650900084,1006.4125366210938,6105067,0.0,0.0
2023-10-18,1008.359410492035,1012.4527262988346,987.74292886351,991.2372436523438,7818946,0.0,0.0
2023-10-19,978.108604901474,997.3772421369372,978.108604901474,989.7896118164062,4836625,0.0,0.0
2023-10-20,987.3934807466093,991.2871700097013,976.1617551061651,978.7575073242188,5664400,0.0,0.0
2023-10-23,978.4080906933191,983.30015552119,959.5387674269721,962.7335815429688,5896695,0.0,0.0
2023-10-25,958.4405458687386,972.4178038293244,949.854540353068,953.89794921875,6957048,0.0,0.0
2023-10-26,954.4470317750139,973.4161673437642,951.2023112172013,970.470947265625,17540495,0.0,0.0
2023-10-27,978.4080497382199,1003.1178448719147,971.7189212926039,1001.12109375,13443016,0.0,0.0
2023-10-30,1001.1211784924749,1001.1211784924749,977.6094442289194,987.5932006835938,5270567,0.0,0.0
2023-10-31,996.378856354625,996.378856354625,976.4113442032296,980.2550659179688,7816805,0.0,0.0
2023-11-01,976.2615959865412,977.7092528529108,966.4276202990195,970.221435546875,5703984,0.0,0.0
2023-11-02,976.4113609898953,986.7445243314878,972.4178584909591,981.3533325195312,5193982,0.0,0.0
2023-11-03,984.3983063600134,989.7895587814189,979.905616320845,987.24365234375,4268048,0.0,0.0
2023-11-06,993.3836824986804,1014.5492565642459,991.4867445597067,1007.7603149414062,6552178,0.0,0.0
2023-11-07,1006.3625690269995,1020.5395142302563,1003.6170362245946,1019.2416381835938,6559859,0.0,0.0
2023-11-08,1022.336595889503,1025.2817551073692,1013.9502166269431,1020.0403442382812,7643314,0.0,0.0
2023-11-09,1023.0853973586273,1027.1787129492586,1014.998579363083,1020.2400512695312,4407935,0.0,0.0
2023-11-10,1016.2465054827999,1029.3252009261782,1014.9985360345382,1027.528076171875,3294063,0.0,0.0
2023-11-13,1028.3767642900284,1030.1737671223318,1021.8373558142246,1023.684326171875,5985481,0.0,0.0
2023-11-15,1043.302420224086,1043.302420224086,1029.8743182054134,1039.6583251953125,7240388,0.0,0.0
2023-11-16,1041.1060904652536,1042.304092397363,1020.4896106234117,1024.6827392578125,6908825,0.0,0.0
2023-11-17,1013.2514705826267,1018.3431620183127,990.2388631234999,992.7348022460938,13268353,0.0,0.0
2023-11-20,979.4064896291164,993.1341544939486,978.7575210974649,987.093994140625,8215656,0.0,0.0
2023-11-21,988.3419333306163,995.8796568923234,985.0473060514076,990.1889038085938,7061614,0.0,0.0
2023-11-22,989.3901954825055,998.2757624803141,986.395068755515,996.4786376953125,6103988,0.0,0.0
2023-11-23,997.3772174309884,1001.7700944146982,993.783089670506,997.4271240234375,3112891,0.0,0.0
2023-11-24,1000.3723748528136,1009.1081615593627,998.0761231057231,1006.86181640625,6956281,0.0,0.0
2023-11-28,1011.4043930220315,1020.28996026832,1007.6105779156203,1019.4912719726562,6173384,0.0,0.0
2023-11-29,1025.481581791897,1061.7725125965069,1019.4913278421283,1058.427978515625,9422396,0.0,0.0
2023-11-30,1060.97371777571,1079.144227099871,1053.7354945637944,1072.5050048828125,24755589,0.0,0.0
2023-12-01,1073.6532244199786,1107.198622699033,1068.4615977908677,1102.855712890625,14428758,0.0,0.0
2023-12-04,1118.67979349121,1127.165985588198,1097.3145325432133,1123.771484375,14043213,0.0,0.0
2023-12-05,1134.953382736085,1149.9788617561794,1125.319034229928,1130.6103515625,15804808,0.0,0.0
2023-12-06,1133.2560683014217,1143.8388248118424,1116.1339031558173,1118.6798095703125,7342767,0.0,0.0
2023-12-07,1117.4319299515028,1127.7650934037656,1106.6993918706642,1116.0341796875,6439419,0.0,0.0
2023-12-08,1114.037385715821,1132.5073342632686,1109.6944762425824,1129.3624267578125,7300989,0.0,0.0
2023-12-11,1127.166096859431,1137.5492278833829,1112.0406815484266,1114.6864013671875,6924589,0.0,0.0
2023-12-12,1118.1807098253757,1132.0581555092208,1107.1985778538765,1129.162841796875,9044111,0.0,0.0
2023-12-13,1148.1319907660816,1149.130366410226,1109.6445609355035,1113.0390625,8184523,0.0,0.0
2023-12-14,1130.560544254832,1136.7504241736842,1116.084098177239,1118.6298828125,9421193,0.0,0.0
2023-12-15,1117.3818730335781,1126.0178459635727,1106.7991165190488,1118.530029296875,12048410,0.0,0.0
2023-12-18,1117.8810894625565,1118.1806508857087,1105.401394698207,1109.544677734375,7922468,0.0,0.0
2023-12-19,1121.974580081625,1125.0195526254015,1112.3900765501955,1118.4302978515625,6824641,0.0,0.0
2023-12-20,1120.1774467497467,1122.0244172741716,1100.908748515848,1108.446533203125,9848057,0.0,0.0
2023-12-21,1102.106797671874,1102.106797671874,1075.4500972753222,1093.62060546875,10914682,0.0,0.0
2023-12-22,1093.6206690285596,1104.5029875664939,1084.0362875341675,1086.5322265625,10600025,0.0,0.0
2023-12-26,1089.4273180263838,1098.862039807972,1084.9346281890596,1092.472412109375,5687517,0.0,0.0
2023-12-27,1094.2696605556087,1108.7461072242813,1087.8800321343413,1104.5528564453125,6132936,0.0,0.0
2023-12-28,1105.4512920325003,1111.1919512595825,1096.2163184932808,1106.05029296875,14097667,0.0,0.0
2023-12-29,1099.6606827129087,1105.0519349686435,1092.1728662110586,1100.5093994140625,8786731,0.0,0.0
2024-01-01,1093.221182919986,1102.2065625056298,1091.2244319009542,1095.916748046875,4083732,0.0,0.0
2024-01-02,1093.3210915732434,1097.5641878592241,1080.5419570586787,1091.47412109375,7895577,0.0,0.0
2024-01-03,1089.2277993642253,1100.8089321599628,1079.5436046173127,1096.8154296875,10225290,0.0,0.0
2024-01-04,1101.2083083004443,1128.164450026747,1098.2631489717503,1121.5751953125,11411683,0.0,0.0
2024-01-05,1122.1741127824732,1138.0483083252402,1117.1822350565724,1135.10302734375,8025466,0.0,0.0
2024-01-08,1143.14013040852,1144.1385060682653,1116.683175425266,1120.177490234375,4735538,0.0,0.0
2024-01-09,1126.7168353593506,1133.7054645793887,1110.543077469764,1114.736328125,6359362,0.0,0.0
2024-01-10,1113.4383808745924,1114.187162569868,1097.264745005451,1105.2017822265625,5934163,0.0,0.0
2024-01-11,1109.2451929528,1126.0677964347826,1109.2451929528,1123.9212646484375,4683035,0.0,0.0
2024-01-12,1124.520282630233,1127.6152224780649,1116.2338386422973,1118.530029296875,5616755,0.0,0.0
2024-01-15,1120.1774576314062,1128.6136829619059,1114.7862048512886,1117.6815185546875,6719079,0.0,0.0
2024-01-16,1114.8361330321468,1125.9680452958034,1113.288602110393,1117.2821044921875,5229753,0.0,0.0
2024-01-17,1080.2424307499423,1113.1888265121863,1077.4469302394873,1080.5419921875,24913719,0.0,0.0
2024-01-18,1064.2684519148634,1106.9490113138881,1064.2684519148634,1095.71728515625,11473135,0.0,0.0
2024-01-19,1105.3515730836875,1124.47049025291,1103.2050411631287,1114.736328125,12303696,0.0,0.0
2024-01-23,1124.071079875519,1139.7455275929765,1077.0476148511282,1087.4805908203125,18924087,0.0,0.0
2024-01-24,1033.1191433850806,1071.4566698090237,1019.2416978515686,1057.4295654296875,20884046,0.0,0.0
2024-01-25,1056.2814231061855,1061.9721154837507,1024.1337763691554,1040.5570068359375,20835434,0.0,0.0
2024-01-29,1034.3171387293876,1066.2651584584805,1034.3171387293876,1059.526123046875,11188604,0.0,0.0
2024-01-30,1058.3281032541713,1068.7111119938597,1049.0931289565679,1052.3876953125,9426983,0.0,0.0
2024-01-31,1046.4973318412135,1082.3390428815057,1041.006265638919,1066.015625,12600390,0.0,0.0
2024-02-01,1070.9075159113859,1085.8831485716707,1055.08328844142,1082.4886474609375,9756682,0.0,0.0
2024-02-02,1086.2826608428827,1094.419324788731,1063.2700536557943,1065.3167724609375,8667415,0.0,0.0
2024-02-05,1065.316667756493,1077.7463944696112,1056.2813203787389,1059.775634765625,12569454,0.0,0.0
2024-02-06,1059.8255564847861,1063.3697163722377,1046.4971461161176,1048.34423828125,8011171,0.0,0.0
2024-02-07,1059.326431157162,1071.955784427624,1055.7821491888565,1067.36328125,7281793,0.0,0.0
2024-02-08,1070.2586191313246,1073.8527468360933,1029.9741889516715,1034.21728515625,9869141,0.0,0.0
2024-02-09,1038.2606648365577,1053.1864533000291,1032.869534050738,1049.692138671875,8233454,0.0,0.0
2024-02-12,1049.6921945903678,1055.5326678341503,1033.6682164788338,1044.999755859375,8694379,0.0,0.0
2024-02-13,1049.292822824247,1073.80299412333,1043.1029424564933,1069.0107421875,8413609,0.0,0.0
2024-02-14,1059.5760583399278,1099.1117071774415,1058.827276650308,1095.0682373046875,16609115,0.0,0.0
2024-02-15,1095.7173279169422,1095.7672954506263,1067.513214464866,1070.4583740234375,11780823,0.0,0.0
2024-02-16,1071.2570122898392,1074.2521390716374,1056.2813783808479,1067.013916015625,8660907,0.0,0.0
2024-02-19,1067.2634875671906,1068.261863140219,1058.3779205928356,1061.2232666015625,7562645,0.0,0.0
2024-02-20,1057.2797713474754,1088.7286030731084,1055.9818343052273,1086.8316650390625,8722800,0.0,0.0
2024-02-21,1092.073192275301,1092.1730054669829,1071.3568973121146,1082.4388427734375,9177213,0.0,0.0
2024-02-22,1088.5289376206943,1108.8957018427773,1079.743183816331,1099.1116943359375,14633340,0.0,0.0
2024-02-23,1097.214810240105,1105.601189852014,1088.2294296284936,1095.0184326171875,6250943,0.0,0.0
2024-02-26,1091.673732347796,1093.021636882295,1077.8962224273082,1083.4371337890625,5354189,0.0,0.0
2024-02-27,1079.8929933996226,1086.7818094222255,1070.30861200262,1077.2972412109375,6546815,0.0,0.0
2024-02-28,1075.6499533390715,1083.2375839304461,1062.3216627406925,1072.455078125,7643191,0.0,0.0
2024-02-29,1069.2602002970518,1080.5418926157515,1053.635598766114,1073.353515625,13648997,0.0,0.0
2024-03-01,1074.2522427400784,1099.9104492314327,1074.2522427400784,1097.4644775390625,4819390,0.0,0.0
2024-03-04,1097.4643317550683,1107.098680260867,1091.3242977010711,1104.9521484375,5895441,0.0,0.0
2024-03-05,1100.4095913012502,1109.0955325685745,1092.7221475547015,1099.011962890625,4851446,0.0,0.0
2024-03-06,1098.4128425272306,1130.1112694478036,1093.5707449940842,1123.172607421875,13787638,0.0,0.0
2024-03-07,1124.1709452324976,1125.0695076625943,1105.75096383962,1109.64453125,6943879,0.0,0.0
2024-03-11,1110.4433420755754,1118.1807535398016,1100.1101782364663,1103.304931640625,6751641,0.0,0.0
2024-03-12,1103.2050222642006,1119.5784062450598,1082.488728859692,1095.218017578125,9817138,0.0,0.0
2024-03-13,1094.2196544723279,1097.7639365910056,1069.0106706443842,1078.64501953125,11503890,0.0,0.0
2024-03-14,1073.253797589254,1079.4936452496568,1053.8852860769593,1056.531005859375,10253613,0.0,0.0
2024-03-15,1054.5341700624665,1054.5341700624665,1028.5764058763134,1044.7001953125,17798175,0.0,0.0
2024-03-18,1042.3040632559666,1065.1668874853135,1041.904688665757,1059.6258544921875,7612407,0.0,0.0
2024-03-19,1053.835423795538,1059.2265545914659,1044.9997021501642,1049.0931396484375,6728886,0.0,0.0
2024-03-20,1048.294318808136,1055.7321678451594,1029.2752159895256,1033.069091796875,12619644,0.0,0.0
2024-03-21,1037.6616330283487,1048.8435126295615,1026.4798752991549,1033.917724609375,9903738,0.0,0.0
2024-03-22,1038.4104631578375,1045.5488732507845,1028.2769261899778,1031.62158203125,9891194,0.0,0.0
2024-03-26,1027.3284547052351,1042.5037145196154,1025.8308913601838,1038.8597412109375,9656767,0.0,0.0
2024-03-27,1044.1012953535724,1055.8322091493326,1042.5537643593636,1051.1397705078125,17027308,0.0,0.0
2024-03-28,1051.139625270263,1056.6806580676282,1042.4038396081166,1045.498779296875,10235318,0.0,0.0
2024-04-01,1050.6405005534539,1062.022006359109,1047.196153605961,1051.3892822265625,5484556,0.0,0.0
2024-04-02,1049.2926549618112,1054.1347517829988,1038.510150767158,1045.498779296875,13617893,0.0,0.0
2024-04-03,1042.1044710178305,1068.5614236812999,1042.054503490413,1061.5228271484375,11573590,0.0,0.0
2024-04-04,1068.261863140219,1078.9444330228139,1057.429512547266,1061.2232666015625,17964844,0.0,0.0
2024-04-05,1059.376267693954,1061.273205606129,1046.3973855934087,1057.3795166015625,9210187,0.0,0.0
2024-04-08,1065.2667760030004,1077.696503600243,1061.8224288968793,1074.3021240234375,4967186,0.0,0.0
2024-04-09,1088.229361074942,1088.229361074942,1069.6096324949904,1078.24560546875,11385226,0.0,0.0
2024-04-10,1084.4355825167183,1091.224585687004,1078.245702234185,1086.0330810546875,9064074,0.0,0.0
2024-04-12,1077.7465202937283,1094.619093248925,1069.3601404117105,1071.706298828125,18045983,0.0,0.0
2024-04-15,1061.3731041634073,1069.2602959872042,1053.5358798697455,1056.2314453125,8889435,0.0,0.0
2024-04-16,1048.244500543211,1056.131692820286,1042.6536210878774,1050.19140625,7107881,0.0,0.0
2024-04-18,1042.453901492634,1049.6921245535996,1012.2030722269628,1022.3366088867188,17832438,0.0,0.0
2024-04-19,1013.3512726046858,1035.2655691107254,994.082634977829,1027.4283447265625,21598007,0.0,0.0
2024-04-22,1037.3122485654899,1056.780572768596,1030.323619364375,1052.2379150390625,9410832,0.0,0.0
2024-04-23,1056.2813792679226,1058.527724356158,1047.046405016289,1054.0350341796875,8300012,0.0,0.0
2024-04-24,1054.2846042499411,1067.2135191612067,1054.2846042499411,1061.5228271484375,5641163,0.0,0.0
2024-04-25,1098.2131700761147,1132.1079732582912,1084.3357247343847,1125.1693115234375,46136295,0.0,0.0
2024-04-26,1128.1644278290491,1139.495966512928,1121.1757986301081,1128.4639892578125,10133766,0.0,0.0
2024-04-29,1128.4640177624838,1162.1092275784451,1123.472139637147,1157.366943359375,15183242,0.0,0.0
2024-04-30,1158.2655654461603,1180.9786120861486,1153.2736870637452,1164.0062255859375,18965164,0.0,0.0
2024-05-02,1154.1222121474534,1172.0929732362545,1146.1352072190973,1147.982177734375,12302236,0.0,0.0
2024-05-03,1149.0305070050233,1161.3604213398796,1132.257748109204,1139.645751953125,9993632,0.0,0.0
2024-05-06,1142.0418302187284,1154.1221501495231,1133.8052318288203,1141.792236328125,7490104,0.0,0.0
2024-05-07,1144.1884546124293,1146.9339876311676,1122.2241904625234,1125.8681640625,7115509,0.0,0.0
2024-05-08,1122.8231479726346,1133.6055313779955,1116.4335197294456,1126.816650390625,8175609,0.0,0.0
2024-05-09,1120.177429274663,1132.7070918714192,1110.3932995927955,1113.8377685546875,5226693,0.0,0.0
2024-05-10,1121.8746454678296,1138.1482169680246,1111.5414820829196,1118.280517578125,7242718,0.0,0.0
2024-05-13,1118.280560072801,1133.5557565245344,1103.255079409812,1130.1612548828125,5513160,0.0,0.0
2024-05-14,1128.114566096159,1134.2546009854527,1116.2838385028565,1121.026123046875,5471143,0.0,0.0
2024-05-15,1123.721712351589,1129.3624370292239,1116.7829287650115,1126.2176513671875,5436338,0.0,0.0
2024-05-16,1132.3078037555497,1142.0918123128274,1109.4949438034919,1137.449462890625,10750526,0.0,0.0
2024-05-17,1130.1611841531799,1144.1384426144384,1124.2707437129595,1139.4959716796875,9909986,0.0,0.0
2024-05-21,1134.1546578731836,1143.8888197695424,1127.3656551864028,1135.802001953125,8162017,0.0,0.0
2024-05-22,1140.1450314564138,1140.1450314564138,1116.1340475004847,1124.1710205078125,9094033,0.0,0.0
2024-05-23,1124.1709351031163,1167.7500547859142,1123.9213412010063,1163.357177734375,12818081,0.0,0.0
2024-05-24,1163.606703334204,1175.0880221573213,1158.714638765603,1172.0928955078125,8814997,0.0,0.0
2024-05-27,1176.9849597666077,1194.0571572899114,1166.1026419018533,1185.07177734375,10450046,0.0,0.0
2024-05-28,1186.0701643307336,1190.463041165621,1177.0847842979251,1181.4776611328125,4018776,0.0,0.0
2024-05-29,1170.0961898274143,1183.9736348832184,1154.122180409975,1157.8660888671875,9418064,0.0,0.0
2024-05-30,1153.3234454629503,1177.8835827438165,1153.1238190915699,1166.052734375,7232217,0.0,0.0
2024-05-31,1171.094557721878,1176.086435632031,1151.5264206884824,1160.26220703125,10057642,0.0,0.0
2024-06-03,1195.1055059768719,1240.1820647541408,1191.461410829416,1221.911865234375,22197339,0.0,0.0
2024-06-04,1222.0116868093924,1222.0116868093924,1099.7606480992038,1129.412353515625,24135989,0.0,0.0
2024-06-05,1136.151461174942,1191.0621205463144,1108.8957578654326,1182.575927734375,21039499,0.0,0.0
2024-06-06,1190.163519723218,1193.9573957244136,1161.3604082472602,1169.0478515625,12006879,0.0,0.0
2024-06-07,1176.0865596559486,1193.2585727289375,1164.8548331736656,1184.872314453125,8583998,0.0,0.0
2024-06-10,1183.0750259399415,1210.430540365614,1183.0750259399415,1198.0506591796875,9995057,0.0,0.0
2024-06-11,1202.4933987545712,1207.3854633903109,1188.5161408650388,1192.659423828125,9390212,0.0,0.0
2024-06-12,1190.1635879654755,1204.1908145964906,1182.176582765644,1185.970458984375,7199718,0.0,0.0
2024-06-13,1199.8478657463297,1200.0474921210014,1171.5438194952746,1172.741943359375,5321148,0.0,0.0
2024-06-14,1179.031656735811,1182.7257197064316,1168.099492287571,1179.131591796875,4451031,0.0,0.0
2024-06-18,1192.060431511735,1192.060431511735,1179.2313298016113,1189.9638671875,6837181,0.0,0.0
2024-06-19,1191.0621069336512,1241.3302947001598,1183.5742898322244,1224.657470703125,17987437,0.0,0.0
2024-06-20,1228.1018171293836,1239.4833234915477,1218.4176224324674,1237.486572265625,8206858,0.0,0.0
2024-06-21,1243.9761022531884,1243.9761022531884,1221.7622432843816,1235.43994140625,29311314,0.0,0.0
2024-06-24,1229.000416277566,1233.7427005808306,1223.0601299517614,1226.1051025390625,6676530,0.0,0.0
2024-06-25,1232.4447453162752,1276.6728343883735,1224.0085200079343,1269.3846435546875,17607952,0.0,0.0
2024-06-26,1279.0189479197,1290.8496743232877,1257.1544980568556,1283.31201171875,13956370,0.0,0.0
2024-06-27,1307.8720566322172,1307.8720566322172,1277.9207881597238,1286.856201171875,22311393,0.0,0.0
2024-06-28,1281.0156818707337,1287.8046845611411,1259.550606908322,1263.1947021484375,7167069,0.0,0.0
2024-07-01,1270.9321647383285,1270.9321647383285,1254.4089994723001,1259.8502197265625,5797015,0.0,0.0
2024-07-02,1262.9451463709113,1265.7904924843779,1236.2385988093129,1251.364013671875,9945447,0.0,0.0
2024-07-03,1257.9532642364502,1286.506782209,1241.579879914841,1277.9207763671875,15171347,0.0,0.0
2024-07-04,1285.90777835371,1290.8996563752694,1266.4394540696283,1278.8193359375,4817380,0.0,0.0
2024-07-05,1269.9337492225077,1293.2957623797786,1268.835560448999,1284.9593505859375,8593502,0.0,0.0
2024-07-08,1282.9125886119964,1295.2924698726165,1277.521336238757,1285.7579345703125,4216951,0.0,0.0
2024-07-09,1281.9141677392236,1292.896298459731,1277.1219164941974,1287.305419921875,6930340,0.0,0.0
2024-07-10,1282.1139084717208,1291.898038189819,1273.0786823324786,1289.5518798828125,9020489,0.0,0.0
2024-07-11,1298.9366185010135,1299.2860255853643,1274.8756691291196,1294.6435546875,7848846,0.0,0.0
2024-07-12,1292.7951283943742,1338.5060612393027,1292.7951283943742,1316.1751708984375,11278987,1.0,0.0
2024-07-15,1315.5755973520327,1323.2690953628965,1303.8856369793373,1306.33349609375,11537127,0.0,0.0
2024-07-16,1306.3334797626717,1317.3240865270145,1298.5900977241572,1302.886474609375,5433264,0.0,0.0
2024-07-18,1298.8899842960564,1317.4740781396913,1293.3946805163423,1308.281982421875,6787511,0.0,0.0
2024-07-19,1304.5351521039754,1307.882267202837,1287.0999791820136,1291.2464599609375,4496066,0.0,0.0
2024-07-22,1282.254157040865,1291.2464721792971,1277.108530096213,1281.4049072265625,6695557,0.0,0.0
2024-07-23,1287.3997027504545,1289.9974581222002,1249.9317253712213,1262.1712646484375,8789327,0.0,0.0
2024-07-24,1261.8216015091461,1266.2677527529374,1225.602556319145,1238.1917724609375,10344860,0.0,0.0
2024-07-25,1198.9752696285975,1198.9752696285975,1154.513270046537,1174.8958740234375,32979871,0.0,0.0
2024-07-26,1164.0051748855426,1182.139700501223,1154.263500675127,1176.3446044921875,18554648,0.0,0.0
2024-07-29,1181.3403267525803,1193.579866061191,1162.65634410464,1169.0509033203125,19598573,0.0,0.0
2024-07-30,1163.1059899797806,1178.992437900641,1159.2092956646895,1169.0009765625,18090045,0.0,0.0
2024-07-31,1156.0120428892758,1170.0000883520675,1153.0146045758206,1165.104248046875,17347076,0.0,0.0
2024-08-01,1167.0026950641445,1174.6461874515737,1164.454823612974,1171.299072265625,11190500,0.0,0.0
2024-08-02,1163.0060993620923,1166.8029034557203,1155.1128205144428,1159.8587646484375,10581445,0.0,0.0
2024-08-05,1141.0248463432538,1150.4667282030086,1123.3400091574642,1132.5321044921875,12013362,0.0,0.0
2024-08-06,1139.026583274535,1150.0171906570083,1122.1409893573368,1125.138427734375,8571122,0.0,0.0
2024-08-07,1137.8276379214865,1143.8225145765712,1126.0376650467224,1135.829345703125,8370312,0.0,0.0
2024-08-08,1132.1324857784152,1141.8242766781827,1125.038572458969,1137.17822265625,7903428,0.0,0.0
2024-08-09,1151.0162710566617,1154.713062724147,1138.9765121432943,1141.774169921875,6262086,0.0,0.0
2024-08-12,1145.0214849192898,1168.1017365309908,1134.880127129973,1163.305908203125,9078384,0.0,0.0
2024-08-13,1160.3582468075288,1178.592662314838,1154.413376565547,1158.6097412109375,6180463,0.0,0.0
2024-08-14,1158.0103428946786,1158.0103428946786,1147.6692050368504,1152.1153564453125,5021841,0.0,0.0
2024-08-16,1165.4040707231297,1169.000972398833,1148.6183669484067,1165.8536376953125,6107134,0.0,0.0
2024-08-19,1168.0018101230557,1170.2998949773084,1149.2178143474769,1152.2652587890625,6691823,0.0,0.0
2024-08-20,1157.0112241980148,1175.9950007608493,1153.6641090393628,1167.002685546875,6721749,0.0,0.0
2024-08-21,1165.603828347,1176.994118402172,1160.5082075756561,1173.397216796875,9480630,0.0,0.0
2024-08-22,1178.6926021829222,1179.9915408958257,1167.951781637088,1168.950927734375,5841326,0.0,0.0
2024-08-23,1169.0009361917578,1172.9475144975986,1162.506486546248,1164.954345703125,5121962,0.0,0.0
2024-08-26,1170.6994882789022,1174.2465058769608,1165.104294265047,1169.30078125,3392612,0.0,0.0
2024-08-27,1169.000939360119,1183.838234581859,1163.2558492735202,1180.2413330078125,8702113,0.0,0.0
2024-08-28,1175.994955914158,1180.69089378261,1168.351463880549,1169.9500732421875,5483503,0.0,0.0
2024-08-29,1168.0018028062877,1178.8925198005202,1162.4066089824673,1174.3963623046875,7290114,0.0,0.0
2024-08-30,1175.9949656447764,1181.9398361833976,1170.8493388105494,1174.2464599609375,10190506,0.0,0.0
2024-09-02,1174.9957934621327,1192.9804229539002,1173.0973915114537,1187.784912109375,6432362,0.0,0.0
2024-09-03,1186.985617809891,1192.5309276896276,1175.695217608263,1190.58251953125,7920246,0.0,0.0
2024-09-04,1181.6900665341032,1188.634205243029,1172.2981905853524,1176.6943359375,6527941,0.0,0.0
2024-09-05,1180.990705264549,1181.8399550671666,1172.4479572141481,1179.5419921875,4234766,0.0,0.0
2024-09-06,1174.9957675970875,1180.341174629591,1149.817335649293,1157.760498046875,9874576,0.0,0.0
2024-09-09,1157.0112163733215,1174.596163835175,1144.0223167076451,1169.8502197265625,7700940,0.0,0.0
2024-09-10,1177.8933180831702,1189.8330647497864,1172.3480086470006,1186.1861572265625,8723854,0.0,0.0
2024-09-11,1186.1861945137762,1193.8296865293353,1179.9915375147775,1185.087158203125,6000329,0.0,0.0
2024-09-12,1189.083702391641,1204.6703565446362,1175.7451268751188,1202.3223876953125,7592871,0.0,0.0
2024-09-13,1208.8669203308898,1218.5087048247742,1199.974495430322,1216.410400390625,6762566,0.0,0.0
2024-09-16,1220.9565800362964,1232.9463336864073,1213.9625570737317,1229.9989013671875,4039284,0.0,0.0
2024-09-17,1234.1451799941071,1239.5405931789464,1226.5516942361462,1231.0478515625,8030427,0.0,0.0
2024-09-18,1230.8481209839067,1249.3323240741963,1223.9539884110695,1239.3907470703125,8210034,0.0,0.0
2024-09-19,1247.3838839474913,1260.6225696046859,1237.9420022086015,1241.6387939453125,8449864,0.0,0.0
2024-09-20,1242.9377435523343,1248.9326201289532,1228.849807990495,1243.9368896484375,15009629,0.0,0.0
2024-09-23,1250.4312892398568,1251.3804292067466,1239.4906887117218,1245.7353515625,5462814,0.0,0.0
2024-09-24,1240.0401803989173,1246.035056902626,1234.2950904161967,1238.4915771484375,9225946,0.0,0.0
2024-09-25,1236.942817936568,1269.9146378007897,1230.0486857535618,1267.01708984375,6853324,0.0,0.0
2024-09-26,1266.4677489486294,1280.5556852451584,1261.1722255766892,1276.009521484375,7270078,0.0,0.0
2024-09-27,1271.9129699045366,1280.4557177425643,1256.1764190200147,1272.0628662109375,13372027,0.0,0.0
2024-09-30,1262.4211501734367,1273.9113308042197,1228.3002850375033,1231.1478271484375,8466919,0.0,0.0
2024-10-01,1227.0512520632726,1241.8885466631198,1223.6042469422223,1225.6025390625,11164280,0.0,0.0
2024-10-03,1206.4689403357831,1218.1090170312034,1172.0982894021524,1174.696044921875,17300892,0.0,0.0
2024-10-04,1174.4962507198202,1201.7729882724368,1172.997531556843,1177.393798828125,13064515,0.0,0.0
2024-10-07,1181.9398732684149,1183.8382753207918,1129.934390048423,1144.7216796875,20047013,0.0,0.0
2024-10-08,1152.0155149847044,1167.3523840477021,1141.5244803729618,1152.3153076171875,8464570,0.0,0.0
2024-10-09,1153.0146443687056,1183.988174676704,1153.0146443687056,1169.15087890625,9807734,0.0,0.0
2024-10-10,1175.9949603025386,1189.9830057097056,1174.046674192971,1183.23876953125,6806243,0.0,0.0
2024-10-11,1181.4903201137774,1187.1854043714447,1165.0044086703294,1171.4488525390625,4754158,0.0,0.0
2024-10-14,1170.5496378403072,1173.9966430270208,1155.6123307770424,1163.355712890625,9765296,0.0,0.0
2024-10-15,1165.104286275286,1170.999272878385,1148.5184847898495,1152.86474609375,8741516,0.0,0.0
2024-10-16,1150.017137372719,1161.956884234946,1147.1195893492861,1152.2152099609375,7739854,0.0,0.0
2024-10-17,1150.017218078076,1150.3668948371856,1123.040272041492,1130.883544921875,6595231,0.0,0.0
2024-10-18,1157.0112007686191,1202.8220257322612,1155.0629146314764,1195.8280029296875,20829666,0.0,0.0
2024-10-21,1195.8280254005576,1213.7627716752456,1184.5377472724651,1189.28369140625,7456038,0.0,0.0
2024-10-22,1193.2301736580623,1196.9769713563815,1172.347996759549,1174.7459716796875,7256246,0.0,0.0
2024-10-23,1174.0965788352514,1182.1397538713547,1157.6606739810497,1159.4091796875,6501834,0.0,0.0
2024-10-24,1164.005180524674,1174.196421730821,1153.6640430136567,1166.3531494140625,5046700,0.0,0.0
2024-10-25,1185.9863817213213,1200.7237862119612,1169.0008985795669,1188.3343505859375,12798716,0.0,0.0
2024-10-28,1192.9805076128803,1192.9805076128803,1166.0535675549525,1170.599609375,8572243,0.0,0.0
2024-10-29,1175.3955196864351,1190.1828090793306,1156.6115238483947,1185.8365478515625,9908946,0.0,0.0
2024-10-30,1177.7434804139418,1186.635905210707,1163.3058678710145,1169.400634765625,9686560,0.0,0.0
2024-10-31,1164.5048071730241,1176.9941337192813,1152.8647304386966,1158.5599365234375,8682294,0.0,0.0
2024-11-01,1163.0560879501725,1171.4988238645128,1163.0060818578193,1168.5513916015625,460781,0.0,0.0
2024-11-04,1170.9992572381775,1175.9449817651664,1134.480417622347,1138.2772216796875,9288653,0.0,0.0
2024-11-05,1137.9774273803207,1173.896803662119,1132.4821237068345,1170.699462890625,11701049,0.0,0.0
2024-11-06,1170.799429278286,1182.5393957578722,1160.4581697425565,1165.50390625,10353506,0.0,0.0
2024-11-07,1167.6020678828468,1171.8984447514144,1150.0671276109715,1158.9095458984375,6252889,0.0,0.0
2024-11-08,1155.0128937463028,1166.7528604431186,1150.1170534539897,1159.9586181640625,3786168,0.0,0.0
2024-11-11,1151.0163455380018,1175.795218429766,1141.9740242453897,1170.0001220703125,6620678,0.0,0.0
2024-11-12,1170.6496057768486,1185.9864747171694,1152.8148714727597,1157.1611328125,9606088,0.0,0.0
2024-11-13,1150.9164816548919,1164.5048449852266,1134.130777445248,1138.1773681640625,8079113,0.0,0.0
2024-11-14,1136.5787393829623,1149.7674196333846,1130.6337466753373,1139.7259521484375,5975873,0.0,0.0
2024-11-18,1130.2340117154433,1134.0308156556105,1120.5923494899985,1125.23828125,9474971,0.0,0.0
2024-11-19,1129.0351110813517,1138.0274261253624,1121.0919482455736,1132.981689453125,19225966,0.0,0.0
2024-11-21,1137.0283256912808,1151.0163718772894,1114.7973237170884,1138.1773681640625,8126248,0.0,0.0
2024-11-22,1135.6794703132584,1146.919864248595,1126.5872649454466,1141.424560546875,16687505,0.0,0.0
2024-11-25,1159.0094383509029,1163.5055956548504,1141.024809135113,1154.9129638671875,12385823,0.0,0.0
2024-11-26,1156.1119336772122,1158.609798939658,1141.674321246706,1143.822509765625,5127437,0.0,0.0
2024-11-27,1144.2220616490547,1154.463309144657,1132.5821071903288,1148.6683349609375,5989943,0.0,0.0
2024-11-28,1147.5192965947504,1153.464167107178,1128.43563046558,1131.532958984375,10731275,0.0,0.0
2024-11-29,1132.582060260801,1139.925759377213,1126.736958261915,1135.3297119140625,6406277,0.0,0.0
2024-12-02,1131.7327610004063,1140.4254054214641,1125.6379940634379,1136.1290283203125,4785858,0.0,0.0
2024-12-03,1143.422805606189,1163.9053003762572,1137.0282462603673,1159.509033203125,8382042,0.0,0.0
2024-12-04,1156.5116747211634,1167.0027093514634,1152.9147729554202,1158.4599609375,18379798,0.0,0.0
2024-12-05,1163.00607766556,1175.895086940121,1149.1179222761664,1165.404052734375,10640451,0.0,0.0
2024-12-06,1166.503084244846,1192.8305598686338,1159.0094884145792,1183.53857421875,7542210,0.0,0.0
2024-12-09,1183.2387822026365,1184.9872878972571,1160.008635116961,1162.2567138671875,6308112,0.0,0.0
2024-12-10,1156.0120320175192,1164.0552068694128,1150.2669419707597,1152.6649169921875,4714389,0.0,0.0
2024-12-11,1149.018037571162,1157.3608832768325,1143.572740005626,1146.2703857421875,7788242,0.0,0.0
2024-12-12,1144.022283571999,1153.5641776056896,1142.6234546399185,1144.6717529296875,4825283,0.0,0.0
2024-12-13,1140.0257583610694,1151.7157195420548,1112.6991355227563,1147.169677734375,8731618,0.0,0.0
2024-12-16,1145.5209692270178,1154.0137108218105,1140.7750253946338,1149.917236328125,3975202,0.0,0.0
2024-12-17,1144.2721002862004,1150.8664403216148,1129.035121871562,1135.27978515625,7292817,0.0,0.0
2024-12-18,1135.229787819368,1138.9267016920649,1114.997078620928,1121.291748046875,7222127,0.0,0.0
2024-12-19,1103.956540634929,1118.0944822195825,1100.1098525767634,1107.953125,11677610,0.0,0.0
2024-12-20,1103.0072568859084,1104.9056588150418,1064.0905661860045,1070.9346923828125,12623056,0.0,0.0
2024-12-23,1074.181925218324,1082.6247827661366,1071.4842795912562,1078.228515625,3886921,0.0,0.0
2024-12-24,1076.3801503868544,1083.8237401012339,1075.0812116606846,1077.978759765625,4343694,0.0,0.0
2024-12-26,1082.075186563399,1091.666964377949,1071.8339394144841,1075.780517578125,4775460,0.0,0.0
2024-12-27,1077.1793765790876,1085.3224416159574,1075.081194180686,1076.5299072265625,3801667,0.0,0.0
2024-12-30,1073.1828578787208,1095.5637560852615,1063.0415000388418,1069.036376953125,9452155,0.0,0.0
2024-12-31,1061.093125882966,1069.5358613844005,1057.5961146394723,1063.790771484375,5292136,0.0,0.0
2025-01-01,1063.2413952878649,1076.03039277255,1053.050031422574,1070.8848876953125,2985355,0.0,0.0
2025-01-02,1071.0846105910884,1087.7703015405455,1066.5884531772265,1085.672119140625,6557076,0.0,0.0
2025-01-03,1085.0726691338768,1092.5662649151882,1078.8780120744239,1083.9736328125,7357220,0.0,0.0
2025-01-06,1086.8211254988164,1089.0692041311972,1058.994932153449,1062.491943359375,5283413,0.0,0.0
2025-01-07,1063.6410686595937,1069.585939386801,1055.0983204039812,1066.5885009765625,4619462,0.0,0.0
2025-01-08,1062.8417164055375,1081.425810390834,1058.1956624176928,1074.0321044921875,8780098,0.0,0.0
2025-01-09,1078.6781174845069,1079.2276966322133,1053.3497879534912,1060.8433837890625,9054190,0.0,0.0
2025-01-10,1055.3480496665616,1063.940681583058,1036.114487577964,1039.811279296875,5612886,0.0,0.0
2025-01-13,1025.7233630583805,1062.0923055338462,1022.3762480127075,1048.404052734375,7180930,0.0,0.0
2025-01-14,1052.0508920133261,1060.094067323752,1044.607301966996,1050.7520751953125,6892897,0.0,0.0
2025-01-15,1042.1093350734811,1052.0009054084283,1013.7835688153692,1025.9232177734375,11418721,0.0,0.0
2025-01-16,1033.0171728612916,1045.5563831841841,1026.1730464981413,1037.1136474609375,10261727,0.0,0.0
2025-01-17,999.1461051896173,1010.8361268169435,973.7677697245856,990.2037353515625,33831617,0.0,0.0
2025-01-20,991.2028832561386,993.3510717794115,975.6661734888432,987.206298828125,33440507,0.0,0.0
2025-01-21,992.7515647509814,993.6008755464943,962.1777177393942,969.37158203125,11894500,0.0,0.0
2025-01-22,974.9168003898411,974.9168003898411,953.185372863857,958.4808349609375,17303146,0.0,0.0
2025-01-23,953.1854083200985,962.8771379807579,947.1905315382111,950.2379150390625,24649522,0.0,0.0
2025-01-24,947.1904904330852,960.978694236453,945.2920884746561,947.6900634765625,14421921,0.0,0.0
2025-01-27,942.2946747087996,948.9390207529837,932.7028964179103,947.2904052734375,12713296,0.0,0.0
2025-01-28,959.180235428942,993.0013057953831,957.3817846841201,982.9598999023438,21781371,0.0,0.0
2025-01-29,987.1563504180045,987.8058197786002,976.7652065467048,982.560302734375,11175206,0.0,0.0
2025-01-30,983.809246785376,990.5534830633907,973.9676209602275,983.8591918945312,10473118,0.0,0.0
2025-01-31,981.1614599961304,989.154628713003,977.2148207455668,985.2579345703125,9036312,0.0,0.0
2025-02-01,988.6550911139932,1004.0919109485104,981.1614951732605,997.2977294921875,4830391,0.0,0.0
2025-02-03,986.2570909647077,999.6456730985736,982.5102930895256,988.55517578125,7124605,0.0,0.0
2025-02-04,993.1512442533443,1016.2314952547484,986.9565261066653,1014.4330444335938,16058171,0.0,0.0
2025-02-05,1019.7285079133438,1021.1772819871264,1009.6371564724461,1012.4347534179688,7858373,0.0,0.0
2025-02-06,1011.135846962794,1020.9774115938708,1009.1874998832046,1019.8284301757812,5815563,0.0,0.0
2025-02-07,1018.6294771085081,1026.4727498171085,1006.7896198894281,1023.2255249023438,8638651,0.0,0.0
2025-02-10,1020.1281486117224,1025.8732385769695,1005.3407988108239,1010.8860473632812,3960565,0.0,0.0
2025-02-11,1008.1384042718065,1015.4821036361709,1001.743844906005,1006.539794921875,4808215,0.0,0.0
2025-02-12,999.1460897554412,1009.7870200045517,983.1597523193541,1006.0402221679688,7669283,0.0,0.0
2025-02-13,1002.1435394057845,1016.5812127633229,1000.195192312027,1007.339111328125,6348246,0.0,0.0
2025-02-14,1009.6870990599269,1015.1324576088659,986.8066895087635,996.6482543945312,5375755,0.0,0.0
2025-02-17,991.6025387766662,998.7964027455306,977.2148108389374,992.1021118164062,7166803,0.0,0.0
2025-02-18,992.1021599108303,996.4983662838368,985.7076002989517,993.3011474609375,3090004,0.0,0.0
2025-02-19,990.8032596729911,1012.5846325710227,987.3062483045857,1010.4863891601562,6401381,0.0,0.0
2025-02-20,1007.5389474515373,1018.7793410298854,1005.6405454762012,1016.3314208984375,5011212,0.0,0.0
2025-02-21,1011.1358844792248,1021.0274555684333,999.7956002866314,1008.0885009765625,5019937,0.0,0.0
2025-02-24,1000.4949167860066,1012.134993173767,997.6973199195476,1009.1875,4265454,0.0,0.0
2025-02-25,1003.1426606538377,1012.8343897910249,996.2485283338186,1008.23828125,5708975,0.0,0.0
2025-02-27,1006.7895881710506,1022.675974509891,1004.2917229306947,1015.8318481445312,9777690,0.0,0.0
2025-02-28,1013.9334407248853,1034.615777000597,1009.0876065778273,1014.6828002929688,15026849,0.0,0.0
2025-03-03,1016.1815119995523,1018.5295418855362,991.1529148051625,1006.389892578125,6763184,0.0,0.0
2025-03-04,1000.2451655910475,1010.2366268834685,997.7473002679423,1000.944580078125,5786420,0.0,0.0
2025-03-05,1002.1435659127035,1016.5312945423531,1001.6939379587069,1013.5838012695312,5133873,0.0,0.0
2025-03-06,1021.7267392253694,1038.612332076587,1014.2831498454004,1033.2169189453125,7861120,0.0,0.0
2025-03-07,1032.817337571361,1049.4531455409124,1029.8198990891383,1036.7640380859375,7597321,0.0,0.0
2025-03-10,1035.1153504084468,1049.6029687298005,1031.468442782615,1034.9654541015625,5995655,0.0,0.0
2025-03-11,1029.520113656347,1035.914672765481,1020.2280066108474,1024.774169921875,4771085,0.0,0.0
2025-03-12,1024.3245322593168,1028.9207018891527,998.3467946594548,1010.3365478515625,7504702,0.0,0.0
2025-03-13,1014.1332914267962,1015.132437526724,1004.2417206442948,1009.33740234375,4004140,0.0,0.0
2025-03-17,1010.2366012913976,1038.1128019842872,1010.2366012913976,1033.2669677734375,5938668,0.0,0.0
2025-03-18,1033.2669677734375,1033.2669677734375,1033.2669677734375,1033.2669677734375,0,0.0,0.0
2025-03-19,1046.9053623518132,1057.646183234451,1042.6089852123262,1051.1517333984375,4822365,0.0,0.0
2025-03-20,1055.3481090881514,1057.9958707491392,1046.0061170837591,1053.44970703125,3742644,0.0,0.0
2025-03-21,1053.4496491429936,1074.6316193008408,1049.6529672039042,1069.2362060546875,6848565,0.0,0.0
2025-03-24,1081.0760349569089,1104.0063882058416,1072.783073887539,1096.9124755859375,8284863,0.0,0.0
2025-03-25,1109.002216272288,1122.5406953407569,1095.413853076155,1117.594970703125,11720528,0.0,0.0
2025-03-26,1114.047955120439,1117.8946433973692,1088.1201613639344,1095.31396484375,7127060,0.0,0.0
2025-03-27,1091.067555947459,1107.053893763539,1087.1708617115737,1097.412109375,8508917,0.0,0.0
2025-03-28,1097.462058532138,1106.0546902692902,1085.5721960050441,1101.0589599609375,4921190,0.0,0.0
2025-04-01,1092.2664595426536,1100.3096343737684,1069.0863189829122,1084.6729736328125,6638140,0.0,0.0
2025-04-02,1090.76773491548,1094.664429049867,1079.8271340440042,1083.52392578125,4065344,0.0,0.0
2025-04-03,1077.9787109284953,1091.017493860897,1074.381809497697,1088.9193115234375,5345660,0.0,0.0
2025-04-04,1080.5764837084853,1100.9590880995302,1074.5316011481896,1090.3681640625,6059991,0.0,0.0
2025-04-07,1034.1161611572818,1068.087126837811,1031.4683997330853,1047.0550537109375,9720457,0.0,0.0
2025-04-08,1060.093978570394,1084.0234781220995,1059.3946251089444,1076.9295654296875,8723357,0.0,0.0
2025-04-09,1072.1837048584816,1080.926233635811,1057.096622447392,1060.7435302734375,6690201,0.0,0.0
2025-04-11,1062.392153253822,1071.7840295190008,1056.6470628741667,1068.0372314453125,8144072,0.0,0.0
2025-04-15,1089.0692731441595,1116.0462184422258,1082.0752502891053,1111.849853515625,9320299,0.0,0.0
2025-04-16,1121.7413327534418,1162.5065444211673,1111.6499810412404,1160.3084716796875,12836428,0.0,0.0
2025-04-17,1154.613187862119,1198.1759326401855,1152.6148956982988,1189.783203125,13446336,0.0,0.0
2025-04-21,1200.9736202361637,1237.6422335650964,1197.0769260268742,1221.9556884765625,15166580,0.0,0.0
2025-04-22,1229.3493484820563,1233.9453960091998,1211.0649266211587,1215.760986328125,8461710,0.0,0.0
2025-04-23,1224.2538202977976,1228.9497583930292,1193.8797530955178,1205.8695068359375,9433911,0.0,0.0
2025-04-24,1198.0760451934377,1218.9582227468238,1198.0760451934377,1206.0692138671875,9078137,0.0,0.0
2025-04-25,1175.9950141977513,1178.8925624152441,1145.0214836623813,1165.30419921875,17243807,0.0,0.0
2025-04-28,1165.3041229955159,1194.9787128132273,1163.3058308336208,1191.781494140625,5523502,0.0,0.0
2025-04-29,1192.9804852009415,1208.966823361088,1183.3887066980697,1186.2862548828125,6074520,0.0,0.0
2025-04-30,1184.0880493990605,1192.8805840933246,1173.996697920787,1183.9881591796875,6288257,0.0,0.0
2025-05-02,1181.0905876428099,1209.4663614496308,1179.092295430584,1182.3895263671875,5249372,0.0,0.0
2025-05-05,1188.9838228735969,1188.9838228735969,1163.305817670235,1172.1981201171875,7236056,0.0,0.0
2025-05-06,1176.9941263517048,1177.7934920320934,1156.711411381114,1160.4083251953125,5348267,0.0,0.0
2025-05-07,1158.0103867504365,1167.6021653881123,1151.9156196344402,1160.3084716796875,4263817,0.0,0.0
2025-05-08,1169.000902041538,1177.9932166726269,1164.6046349397911,1171.198974609375,9912347,0.0,0.0
2025-05-09,1159.0094902220203,1171.1990240051655,1147.5193099310263,1150.1170654296875,5379571,0.0,0.0
2025-05-12,1183.9881482207568,1207.9676550201646,1174.1964674912338,1201.9727783203125,7616208,0.0,0.0
2025-05-13,1204.17088139939,1213.7627819342401,1188.983908829347,1192.580810546875,5569926,0.0,0.0
2025-05-14,1194.8788087975402,1198.3758200404661,1184.887348103466,1194.4791259765625,4084921,0.0,0.0
2025-05-15,1195.9778616685178,1215.960783333823,1183.9881086693347,1208.0675048828125,6705748,0.0,0.0
2025-05-16,1204.9701644737838,1212.2639795957512,1202.1725066819429,1207.767822265625,4016269,0.0,0.0
2025-05-19,1206.9684600284695,1217.959066866477,1200.0743277095955,1201.77294921875,4550022,0.0,0.0
2025-05-20,1206.9684640476505,1209.666109675897,1191.8813826402697,1194.7789306640625,4724482,0.0,0.0
2025-05-21,1196.0777462450546,1203.8711344442138,1181.6900183206467,1196.7772216796875,3712472,0.0,0.0
2025-05-22,1195.6780564317094,1195.6780564317094,1176.4945006220091,1187.485107421875,4795583,0.0,0.0
2025-05-23,1187.485119395582,1212.0640886389942,1187.0854365692512,1209.066650390625,3676469,0.0,0.0
2025-05-26,1215.1614996663016,1223.1546688717133,1207.6679035362279,1214.162353515625,3607612,0.0,0.0
2025-05-27,1214.1623415292133,1215.6610607404325,1189.3835904167063,1194.5791015625,7249163,0.0,0.0
2025-05-28,1194.5790654630853,1201.1734053999564,1190.6823712384548,1193.6798095703125,3525421,0.0,0.0
2025-05-29,1198.9753285293477,1207.9676434933178,1187.984721351162,1200.673828125,7788068,0.0,0.0
2025-05-30,1200.3741017035964,1207.767806945901,1188.584129401051,1191.181884765625,9998488,0.0,0.0
2025-06-02,1188.7840792835677,1199.8745766070429,1178.1930330443174,1193.380126953125,3761853,0.0,0.0
2025-06-03,1193.9795608940237,1197.8762549838802,1173.8967491583935,1180.4910888671875,8155665,0.0,0.0
2025-06-04,1180.7909490961636,1190.282837362319,1167.6021469572256,1170.0001220703125,4306355,0.0,0.0
2025-06-05,1171.498848863261,1174.4962872825274,1156.0120836970516,1158.0103759765625,10481600,0.0,0.0
2025-06-06,1157.9104875951884,1200.1742961943326,1150.216989127201,1193.5799560546875,14715421,0.0,0.0
2025-06-09,1211.4646926212756,1223.4544462802078,1205.1700231639036,1218.8583984375,9138108,0.0,0.0
2025-06-10,1223.3544631361597,1234.8446428531997,1217.3595867620518,1231.747314453125,7747558,0.0,0.0
2025-06-11,1231.547437255107,1240.73965439643,1227.051279882547,1230.3485107421875,4135775,0.0,0.0
2025-06-12,1229.9489006576741,1236.0436677299426,1209.766197378075,1211.8643798828125,3461744,0.0,0.0
2025-06-13,1196.9769975725644,1210.6652500104622,1194.5790225999053,1204.7703857421875,3906868,0.0,0.0
2025-06-16,1205.070075190406,1216.9599380589093,1194.9787240709816,1214.3621826171875,5697424,0.0,0.0
2025-06-17,1214.3621705402443,1225.9522406799451,1210.2656960037218,1214.0623779296875,4492946,0.0,0.0
2025-06-18,1208.7670098415024,1222.2554822950017,1202.872023413054,1219.9573974609375,3135662,0.0,0.0
2025-06-19,1216.9599001780673,1226.751580345239,1212.763535515606,1216.4603271484375,4243763,0.0,0.0
2025-06-20,1216.4603740469724,1224.9531158781012,1213.1631431378685,1219.6575927734375,4652390,0.0,0.0
2025-06-23,1211.5645133005319,1221.855766720184,1204.5704907342642,1213.063232421875,2312469,0.0,0.0
2025-06-24,1221.85584819293,1237.3426134794584,1214.5620325296159,1220.1572265625,6745788,0.0,0.0
2025-06-25,1225.2529376663326,1225.2529376663326,1209.9659532198973,1212.2640380859375,4229259,0.0,0.0
2025-06-26,1214.162353992752,1237.9420811746302,1210.1657693884756,1232.44677734375,8678448,0.0,0.0
2025-06-27,1235.8438054880892,1245.935156459947,1219.3578952382181,1224.0538330078125,6068274,0.0,0.0
2025-06-30,1227.850614406535,1234.9445270212907,1192.0811367630172,1198.1759033203125,6559872,0.0,0.0
2025-07-01,1200.973663276553,1200.973663276553,1166.003548289299,1172.2982177734375,8702198,0.0,0.0
2025-07-02,1178.9924468672707,1180.8908489291716,1170.999277735967,1174.2965087890625,5471100,0.0,0.0
2025-07-03,1176.9941080825224,1179.9915463883353,1167.0026470631462,1170.0999755859375,6237185,0.0,0.0
2025-07-04,1174.0,1179.5,1162.0,1177.5999755859375,3926186,1.0,0.0
2025-07-07,1177.5999755859375,1177.5999755859375,1167.5999755859375,1175.0999755859375,5783402,0.0,0.0
2025-07-08,1180.0,1180.0,1161.9000244140625,1165.4000244140625,9973619,0.0,0.0
2025-07-09,1160.0,1171.0,1158.5999755859375,1164.699951171875,8674795,0.0,0.0
2025-07-10,1170.0999755859375,1176.5999755859375,1163.0,1164.300048828125,4339755,0.0,0.0
2025-07-11,1162.0,1175.9000244140625,1160.5999755859375,1173.800048828125,4468654,0.0,0.0
2025-07-14,1179.0,1179.9000244140625,1163.0,1172.699951171875,4772502,0.0,0.0
2025-07-15,1174.0,1179.0,1162.300048828125,1165.9000244140625,4776756,0.0,0.0
2025-07-16,1164.9000244140625,1174.0,1157.0999755859375,1168.4000244140625,4388279,0.0,0.0
2025-07-17,1170.0,1172.9000244140625,1154.800048828125,1159.800048828125,5694428,0.0,0.0
2025-07-18,1090.0,1115.9000244140625,1086.0,1099.300048828125,38053695,0.0,0.0
2025-07-21,1086.0,1101.5,1071.9000244140625,1099.5999755859375,15905500,0.0,0.0
2025-07-22,1102.0,1110.5999755859375,1095.0,1098.0,9999957,0.0,0.0
2025-07-23,1099.5,1110.5,1098.0999755859375,1104.800048828125,6633979,0.0,0.0
2025-07-24,1104.0,1105.0,1089.4000244140625,1095.0999755859375,9901209,0.0,0.0
2025-07-25,1086.0999755859375,1101.0,1076.199951171875,1086.0999755859375,11779887,0.0,0.0
2025-07-28,1080.9000244140625,1092.199951171875,1067.4000244140625,1073.5999755859375,9029557,0.0,0.0
2025-07-29,1070.9000244140625,1078.699951171875,1055.4000244140625,1064.199951171875,15599773,0.0,0.0
2025-07-30,1070.5,1080.5999755859375,1062.0,1073.300048828125,8247433,0.0,0.0
2025-07-31,1066.0,1081.300048828125,1063.9000244140625,1068.4000244140625,7634413,0.0,0.0
2025-08-01,1065.0,1070.9000244140625,1060.0,1062.4000244140625,5545447,0.0,0.0
2025-08-04,1064.4000244140625,1070.0,1059.0,1068.5999755859375,4465845,0.0,0.0
2025-08-05,1068.0,1079.9000244140625,1062.5,1070.800048828125,5318081,0.0,0.0
2025-08-06,1074.0,1077.699951171875,1065.5999755859375,1071.0,4216651,0.0,0.0
2025-08-07,1067.800048828125,1079.699951171875,1064.5,1076.199951171875,5321131,0.0,0.0
2025-08-08,1073.0,1080.4000244140625,1054.199951171875,1058.0999755859375,5084903,0.0,0.0
2025-08-11,1058.0999755859375,1075.4000244140625,1052.5999755859375,1073.300048828125,5452775,0.0,0.0
2025-08-12,1071.0999755859375,1076.5999755859375,1066.300048828125,1070.0,4573025,0.0,0.0
2025-08-13,1071.0999755859375,1072.800048828125,1063.199951171875,1066.0,4966778,0.0,0.0
2025-08-14,1067.0,1072.4000244140625,1062.0,1068.199951171875,6761305,0.0,0.0
2025-08-18,1080.0,1090.0,1079.4000244140625,1082.5999755859375,7964987,0.0,0.0
2025-08-19,1078.0,1095.0,1075.800048828125,1083.199951171875,5661531,0.0,0.0
2025-08-20,1081.0,1083.699951171875,1077.800048828125,1080.199951171875,3034728,0.0,0.0
2025-08-21,1090.0,1090.0,1076.4000244140625,1078.9000244140625,6459262,0.0,0.0
2025-08-22,1076.0,1078.5,1069.5,1070.9000244140625,3853718,0.0,0.0
2025-08-25,1073.0,1074.5,1068.199951171875,1070.0,2711278,0.0,0.0
2025-08-26,1068.0,1069.800048828125,1048.0,1050.0999755859375,7197666,0.0,0.0
2025-08-28,1057.0,1059.5,1047.0,1051.9000244140625,8564803,0.0,0.0
2025-08-29,1052.0999755859375,1063.0,1042.5,1045.199951171875,4718016,0.0,0.0
2025-09-01,1047.5999755859375,1064.0,1047.5999755859375,1061.5,3190426,0.0,0.0
2025-09-02,1061.5,1064.9000244140625,1049.0,1056.199951171875,4933541,0.0,0.0
2025-09-03,1056.199951171875,1064.9000244140625,1045.0,1054.699951171875,8303296,0.0,0.0
2025-09-04,1058.199951171875,1062.199951171875,1047.300048828125,1050.4000244140625,8088417,0.0,0.0
2025-09-05,1056.5999755859375,1058.0,1047.800048828125,1055.9000244140625,2849589,0.0,0.0
2025-09-08,1055.9000244140625,1063.0,1054.0,1055.5,2260147,0.0,0.0
2025-09-09,1057.5,1059.0,1048.699951171875,1052.199951171875,4310419,0.0,0.0
2025-09-10,1058.0,1074.0999755859375,1055.0999755859375,1070.0999755859375,5241075,0.0,0.0
2025-09-11,1069.0,1093.0,1069.0,1087.4000244140625,5227539,0.0,0.0
2025-09-12,1088.4000244140625,1108.699951171875,1088.4000244140625,1105.300048828125,6014850,0.0,0.0
2025-09-15,1105.0,1110.0,1100.0,1104.4000244140625,3881807,0.0,0.0
2025-09-16,1105.699951171875,1127.0999755859375,1104.0,1121.199951171875,7965606,0.0,0.0
2025-09-17,1121.300048828125,1128.5,1116.0999755859375,1126.0,5590739,0.0,0.0
2025-09-18,1129.0,1134.4000244140625,1121.199951171875,1133.0,5713032,0.0,0.0
2025-09-19,1133.0,1144.0999755859375,1126.5999755859375,1135.9000244140625,8910732,0.0,0.0
2025-09-22,1136.0,1147.5999755859375,1131.199951171875,1144.4000244140625,7689900,0.0,0.0
2025-09-23,1146.0,1172.800048828125,1141.9000244140625,1170.800048828125,16079093,0.0,0.0
2025-09-24,1168.0,1172.800048828125,1154.0,1158.9000244140625,12812055,0.0,0.0
2025-09-25,1154.699951171875,1171.800048828125,1153.4000244140625,1166.5999755859375,11188302,0.0,0.0
2025-09-26,1161.5999755859375,1169.699951171875,1148.0,1154.0,5618932,0.0,0.0
2025-09-29,1155.4000244140625,1158.300048828125,1126.699951171875,1132.199951171875,9693881,0.0,0.0
2025-09-30,1130.0,1137.0,1125.4000244140625,1131.5999755859375,8165203,0.0,0.0
2025-10-01,1132.5,1164.800048828125,1131.0,1159.5,9655009,0.0,0.0
2025-10-03,1171.0,1188.0,1169.5,1181.0,11095015,0.0,0.0
2025-10-06,1185.0,1215.199951171875,1182.0999755859375,1212.800048828125,20128505,0.0,0.0
2025-10-07,1212.0,1212.0,1184.0,1186.800048828125,8620156,0.0,0.0
2025-10-08,1180.0999755859375,1194.800048828125,1174.0999755859375,1180.5999755859375,5160430,0.0,0.0
2025-10-09,1178.0,1187.300048828125,1163.0999755859375,1167.4000244140625,7194651,0.0,0.0
2025-10-10,1168.0,1191.699951171875,1165.199951171875,1180.4000244140625,6933035,0.0,0.0
2025-10-13,1171.0,1193.5999755859375,1167.5,1189.5999755859375,4138448,0.0,0.0
2025-10-14,1191.800048828125,1191.800048828125,1166.5999755859375,1176.800048828125,5742538,0.0,0.0
2025-10-15,1180.0,1181.699951171875,1164.0,1169.5999755859375,6328142,0.0,0.0
2025-10-16,1216.4000244140625,1216.9000244140625,1185.300048828125,1196.300048828125,17747171,0.0,0.0
2025-10-17,1196.300048828125,1212.9000244140625,1191.5999755859375,1200.199951171875,6404414,0.0,0.0
2025-10-20,1207.9000244140625,1231.699951171875,1207.0,1226.0,7418616,0.0,0.0
2025-10-21,1225.800048828125,1238.800048828125,1222.0,1237.300048828125,1940248,0.0,0.0
2025-10-23,1246.0,1276.0999755859375,1241.300048828125,1258.800048828125,14611221,0.0,0.0
2025-10-24,1254.199951171875,1256.0,1240.0999755859375,1241.9000244140625,4882046,0.0,0.0
2025-10-27,1243.4000244140625,1258.5,1242.5999755859375,1254.0999755859375,6185072,0.0,0.0
2025-10-28,1249.0,1258.9000244140625,1236.5999755859375,1246.300048828125,8146777,0.0,0.0
2025-10-29,1246.9000244140625,1251.0,1239.199951171875,1248.800048828125,4578825,0.0,0.0
2025-10-30,1243.0,1248.0,1235.0,1238.5999755859375,4017532,0.0,0.0
2025-10-31,1243.0,1245.4000244140625,1231.0,1232.800048828125,4106607,0.0,0.0
2025-11-03,1226.0,1241.0,1222.300048828125,1233.699951171875,6118907,0.0,0.0
2025-11-04,1230.0999755859375,1235.9000244140625,1222.800048828125,1226.5999755859375,3299345,0.0,0.0
2025-11-06,1225.0,1239.5999755859375,1225.0,1228.5,3733721,0.0,0.0
2025-11-07,1227.0,1228.800048828125,1217.0,1222.800048828125,3461466,0.0,0.0
2025-11-10,1222.0,1232.800048828125,1215.5,1217.0,4140568,0.0,0.0
2025-11-11,1218.0999755859375,1225.0,1209.4000244140625,1222.5,5615453,0.0,0.0
2025-11-12,1227.9000244140625,1232.699951171875,1216.5,1221.5999755859375,6782513,0.0,0.0
2025-11-13,1219.0,1234.800048828125,1213.199951171875,1225.199951171875,3345231,0.0,0.0
2025-11-14,1224.0,1246.0,1222.0,1241.5999755859375,5197740,0.0,0.0
2025-11-17,1243.9000244140625,1261.0,1240.4000244140625,1249.5999755859375,4088026,0.0,0.0
2025-11-18,1250.0,1273.5,1247.5999755859375,1265.4000244140625,10175969,0.0,0.0
2025-11-19,1268.0,1273.0,1257.800048828125,1270.4000244140625,4101288,0.0,0.0
2025-11-20,1275.0,1287.300048828125,1262.5999755859375,1285.199951171875,4617594,0.0,0.0
2025-11-21,1284.0,1284.5,1273.0,1275.800048828125,6363593,0.0,0.0
2025-11-24,1279.199951171875,1290.9000244140625,1266.5999755859375,1269.0,10491953,0.0,0.0
2025-11-25,1269.0999755859375,1276.699951171875,1263.699951171875,1266.300048828125,5290156,0.0,0.0
2025-11-26,1271.9000244140625,1292.800048828125,1269.300048828125,1290.199951171875,4842021,0.0,0.0
2025-11-27,1297.0,1304.0,1281.0,1287.300048828125,5924706,0.0,0.0
2025-11-28,1287.300048828125,1289.0,1275.0,1279.699951171875,3093636,0.0,0.0
2025-12-01,1288.0,1289.0,1268.5,1275.699951171875,4098016,0.0,0.0
2025-12-02,1270.699951171875,1281.0,1255.0999755859375,1258.0,8115347,0.0,0.0
2025-12-03,1255.0,1272.9000244140625,1255.0,1270.699951171875,3582794,0.0,0.0
2025-12-04,1270.699951171875,1282.800048828125,1269.4000244140625,1280.0,3216108,0.0,0.0
2025-12-05,1275.199951171875,1285.0,1267.300048828125,1282.5,2728214,0.0,0.0
2025-12-08,1284.0,1288.800048828125,1265.0999755859375,1273.800048828125,2969478,0.0,0.0
2025-12-09,1272.0,1281.4000244140625,1263.199951171875,1275.9000244140625,4239279,0.0,0.0
2025-12-10,1273.0,1284.0,1268.300048828125,1278.5999755859375,2928746,0.0,0.0
2025-12-11,1277.4000244140625,1282.0,1271.0,1272.699951171875,2017404,0.0,0.0
2025-12-12,1278.0,1291.0,1277.9000244140625,1286.0999755859375,2281078,0.0,0.0
2025-12-15,1285.0,1290.4000244140625,1280.0,1284.800048828125,1634472,0.0,0.0
2025-12-16,1277.0999755859375,1277.5999755859375,1216.9000244140625,1219.5999755859375,11542048,0.0,0.0
2025-12-17,1220.5999755859375,1236.0,1220.300048828125,1224.699951171875,5147181,0.0,0.0
2025-12-18,1226.0999755859375,1238.5,1220.199951171875,1229.800048828125,3441592,0.0,0.0
2025-12-19,1236.699951171875,1241.5,1229.0999755859375,1230.5999755859375,5055047,0.0,0.0
2025-12-22,1235.0,1236.9000244140625,1226.800048828125,1233.199951171875,2405809,0.0,0.0
2025-12-23,1239.0,1239.0,1223.5,1225.0,2920318,0.0,0.0
2025-12-24,1230.0,1235.4000244140625,1224.699951171875,1226.300048828125,3155506,0.0,0.0
2025-12-26,1225.0,1229.9000244140625,1222.0,1228.199951171875,1665983,0.0,0.0
2025-12-29,1228.199951171875,1233.9000244140625,1219.0,1232.0,2209655,0.0,0.0
2025-12-30,1233.0,1252.0999755859375,1232.0,1246.0,5673233,0.0,0.0
2025-12-31,1246.0,1271.5,1245.0,1269.4000244140625,3711090,0.0,0.0
