Date,open,high,low,close,volume,dividends,stock splits
2007-12-03,2.814184435190503,2.900774575129401,2.814184435190503,2.882589817047119,248872,0.0,0.0
2007-12-04,2.92675158857597,2.9787058920625924,2.9012071644807444,2.9349777698516846,501141,0.0,0.0
2007-12-05,3.0306602583751294,3.1172506243238907,2.909433406069328,2.9449355602264404,488173,0.0,0.0
2007-12-06,2.7795473438180043,3.039318808732208,2.7795473438180043,2.9756743907928467,699478,0.0,0.0
2007-12-07,3.1077252327518186,3.1077252327518186,2.944069433792988,2.986065149307251,254945,0.0,0.0
2007-12-10,2.9618204099491647,3.0215676300858405,2.9354105331050304,2.9527289867401123,8916186,0.0,0.0
2007-12-11,3.027197080354427,3.1215801604645805,2.9488320425262593,3.061833143234253,22308376,0.0,0.0
2007-12-12,3.0479779135468226,3.325066834095258,3.0479779135468226,3.2484352588653564,8563360,0.0,0.0
2007-12-13,3.3315616527375846,3.4159878606332184,3.2406418730311692,3.2609903812408447,3251297,0.0,0.0
2007-12-14,3.247135767864771,3.272247145433415,3.1176835875111357,3.207304000854492,1474709,0.0,0.0
2007-12-17,3.099931987850532,3.2038405909171646,3.0834798384036035,3.117250442504883,1550565,0.0,0.0
2007-12-18,2.970046305365339,3.4636104998662867,2.970046305365339,3.2471351623535156,2925231,0.0,0.0
2007-12-19,3.2471355608426764,3.290430633658411,3.2038404880269415,3.2094686031341553,1215853,0.0,0.0
2007-12-20,3.203840692288746,3.247135767864771,3.056637010358353,3.207304000854492,16836265,0.0,0.0
2007-12-24,3.354507231704204,3.394338993358305,3.1609782380303284,3.198212146759033,2744289,0.0,0.0
2007-12-26,3.2276532988868563,3.307749240413994,3.2038406358888176,3.206871747970581,1634551,0.0,0.0
2007-12-27,3.26402065332881,3.4809292694101175,3.2211586282095688,3.256227731704712,1952178,0.0,0.0
2007-12-28,3.2471361557834477,3.796118969592944,3.203841075035182,3.7142906188964844,23320952,0.0,0.0
2007-12-31,3.4727039773945028,3.913882020664502,3.4727039773945028,3.8030455112457275,6317330,0.0,0.0
2008-01-01,3.766677370430358,3.896562796996922,3.6541095474360112,3.6965391635894775,8664329,0.0,0.0
2008-01-02,3.7666774513562484,4.087061623762958,3.6108147661389633,3.960639715194702,6680758,0.0,0.0
2008-01-03,4.0684449189261045,4.069743633126787,3.7666778801106604,3.851536273956299,2294815,0.0,0.0
2008-01-04,3.983153571852778,4.398787172816518,3.87058658093753,4.3338446617126465,7320643,0.0,0.0
2008-01-07,4.2429251142311895,4.398787404057195,4.009563663486053,4.210886478424072,7111191,0.0,0.0
2008-01-08,4.364152563182288,4.670249325030296,4.23426707276003,4.416540145874023,12964741,0.0,0.0
2008-01-09,4.312196279619778,4.56157701712905,4.20828767440524,4.381469249725342,5289006,0.0,0.0
2008-01-10,4.329515116522027,4.485377400633992,4.169322793303137,4.243790626525879,2337015,0.0,0.0
2008-01-11,4.752940766353116,4.752940766353116,4.130356535335765,4.187073707580566,1036454,0.0,0.0
2008-01-14,4.156334687339299,4.24725532536794,3.9918135707785947,4.0883612632751465,1424379,0.0,0.0
2008-01-15,4.156333455843671,4.243356649726339,3.775769853083991,3.8623600006103516,1585765,0.0,0.0
2008-01-16,3.818632989894899,3.905223157759503,3.7320423970583043,3.8969969749450684,1248377,0.0,0.0
2008-01-17,3.896562705548582,4.182310807277554,3.8272905929979917,3.992678165435791,2486976,0.0,0.0
2008-01-18,3.7329073603547447,3.9831533444659986,3.3770210089152375,3.775336980819702,2878915,0.0,0.0
2008-01-21,3.879244861781302,3.879244861781302,2.8799932913578563,3.0393195152282715,2919364,0.0,0.0
2008-01-22,3.1951812134347373,3.2038404403549787,2.4336201396126227,2.857046604156494,2381478,0.0,0.0
2008-01-23,2.857479918550341,3.428109894492772,2.857479918550341,3.3302626609802246,796330,0.0,0.0
2008-01-24,3.592631180944918,3.592631180944918,2.9713464289652,3.2224578857421875,1754665,0.0,0.0
2008-01-25,3.169204610543984,3.5069072601987847,3.1605455954869317,3.4939184188842773,567116,0.0,0.0
2008-01-28,3.4631791248498414,3.506907461502686,3.169204792463038,3.4822282791137695,705756,0.0,0.0
2008-01-29,3.5770455595804505,3.5770455595804505,3.402999140825388,3.468374490737915,247843,0.0,0.0
2008-01-30,3.3337261294383214,3.5497693245242563,3.2471359728207863,3.463611364364624,793654,0.0,0.0
2008-01-31,3.3770205329289427,3.671427856542051,3.3770205329289427,3.5073390007019043,6187027,0.0,0.0
2008-02-01,3.5155651374225267,3.8099726876830426,3.3774539541911417,3.675757646560669,963583,0.0,0.0
2008-02-04,3.827290851556748,3.827290851556748,3.550202170149287,3.576178789138794,248152,0.0,0.0
2008-02-05,3.669696506676493,3.6705621744319377,3.473136592217291,3.5134005546569824,108585,0.0,0.0
2008-02-06,3.554532197485857,3.6272672065922973,3.307749507424996,3.463611364364624,178266,0.0,0.0
2008-02-07,3.4722700522991565,3.5411095454533497,3.3770206823527267,3.45365309715271,1507851,0.0,0.0
2008-02-08,3.454952890416747,3.584838113755476,3.1886869607781487,3.489588737487793,434446,0.0,0.0
2008-02-11,3.2514654143434876,3.5025777051519977,2.9440700559353696,3.371826171875,1330408,0.0,0.0
2008-02-12,3.1700697830653346,3.4549526491956852,3.136733289897173,3.435469388961792,6269367,0.0,0.0
2008-02-13,3.4289756157200246,3.463611466906482,3.255795297357869,3.431140422821045,1116736,0.0,0.0
2008-02-14,3.463611064427517,3.7233827867005664,3.318139996382106,3.522926092147827,1578149,0.0,0.0
2008-02-15,3.46837398703947,3.589167788643358,3.428975266759935,3.514700174331665,453693,0.0,0.0
2008-02-18,3.4895894044404523,3.7147242595620273,3.4289758636589673,3.6367928981781006,1033367,0.0,0.0
2008-02-19,3.6601720737964407,3.8532687265830354,3.4679415139471312,3.770142078399658,2172232,0.0,0.0
2008-02-20,3.775337382367433,3.8099734466590673,3.558860918114833,3.752824068069458,926016,0.0,0.0
2008-02-21,3.731175629332422,3.764946022426595,3.6203404044998693,3.7138571739196777,298791,0.0,0.0
2008-02-22,3.719053375601745,3.7493593982295224,3.6194743799611437,3.711693286895752,275941,0.0,0.0
2008-02-25,3.5666544245223593,3.7320415880432756,3.5666544245223593,3.6528115272521973,423227,0.0,0.0
2008-02-26,3.636792172109418,3.645451399410848,3.0847791808000693,3.6186084747314453,478807,0.0,0.0
2008-02-27,3.6281335767374463,3.7147237298315905,3.5242247555665966,3.663635730743408,16016570,0.0,0.0
2008-02-28,3.628133359638713,3.879244576099884,3.5510674692898894,3.7303102016448975,1524422,0.0,0.0
2008-02-29,3.688746896389306,3.697405274240844,3.593497515499789,3.663635730743408,2015683,0.0,0.0
2008-03-03,3.60172379450733,3.602155990959358,3.385680389872175,3.442397356033325,320199,0.0,0.0
2008-03-04,3.4462937610048963,3.4636111538178067,3.221158942512919,3.4259450435638428,548075,0.0,0.0
2008-03-05,3.3510445801510387,3.454953192890908,3.1865224329079402,3.391308546066284,1209677,0.0,0.0
2008-03-07,3.2644538780352184,3.359703246721179,3.0609663006343952,3.2540628910064697,1539243,0.0,0.0
2008-03-10,3.0834801747273626,3.3597038619693587,2.9180927819832885,3.1865224838256836,1542948,0.0,0.0
2008-03-11,3.039319359979505,3.2904307945925644,3.039319359979505,3.2402091026306152,59078,0.0,0.0
2008-03-12,3.4376344235316867,3.4376344235316867,3.160545523081944,3.2644541263580322,199983,0.0,0.0
2008-03-13,3.1233109435162745,3.2709476359219294,3.0678933452486272,3.1471238136291504,100763,0.0,0.0
2008-03-14,3.325066712018652,3.359703622637908,2.98909688096975,3.136300563812256,759380,0.0,0.0
2008-03-17,3.1973460425976143,3.1973460425976143,2.6236858542067725,2.9683148860931396,1732536,0.0,0.0
2008-03-18,3.06962608298541,3.1172507759494335,2.8185137757851453,3.0354232788085938,504229,0.0,0.0
2008-03-19,2.9877983372486803,3.169204606864639,2.684298489316958,2.838862895965576,792625,0.0,0.0
2008-03-24,2.6453327683925174,2.857479572423295,2.6453327683925174,2.797732353210449,879082,0.0,0.0
2008-03-25,2.813318122141144,2.844490657425687,2.744911678047635,2.8141844272613525,1343377,0.0,0.0
2008-03-26,2.7882071008596396,2.8566135536128545,2.753571253082977,2.779115676879883,4094150,0.0,0.0
2008-03-27,2.8141851370632844,2.8141851370632844,2.6669814374819167,2.7163376808166504,6496420,0.0,0.0
2008-03-28,2.7622304180607675,2.7622304180607675,2.6842984342914917,2.715038776397705,200806,0.0,0.0
2008-03-31,2.9354112300292496,2.9440704589026616,2.606367969849088,2.8916831016540527,712446,0.0,0.0
2008-04-01,2.9393075254021817,3.0220013260938017,2.7752186382407076,2.938009023666382,650588,0.0,0.0
2008-04-02,3.0124763269418584,3.0124763269418584,2.827605694263181,2.8644063472747803,253915,0.0,0.0
2008-04-03,2.970047623242352,2.970047623242352,2.771322633387793,2.80855655670166,78223,0.0,0.0
2008-04-04,2.9440694842495247,2.9440694842495247,2.7189349202226967,2.766559600830078,287572,0.0,0.0
2008-04-07,2.900774450841301,2.900774450841301,2.671310271106073,2.738417148590088,524402,0.0,0.0
2008-04-08,2.796000086265592,2.796000086265592,2.667414208981425,2.680835247039795,245167,0.0,0.0
2008-04-09,2.7535712681511395,2.7535712681511395,2.671310730820255,2.675640344619751,439180,0.0,0.0
2008-04-10,2.725861602200115,2.7708884311033324,2.658321465088249,2.74058198928833,237550,0.0,0.0
2008-04-11,2.7275938189643183,2.73538759133287,2.684298530577868,2.689061403274536,185059,0.0,0.0
2008-04-15,2.7275935078755946,2.7275935078755946,2.6842982244270774,2.699885129928589,79458,0.0,0.0
2008-04-16,2.727594189271459,2.751406856100039,2.701617352690417,2.7033491134643555,190720,0.0,0.0
2008-04-17,2.7275939350371035,2.805525712432248,2.7016171008773178,2.762230634689331,319273,0.0,0.0
2008-04-21,2.770888727177575,2.8379964626125718,2.742314042558303,2.7713217735290527,6381041,0.0,0.0
2008-04-22,2.788207130133351,2.8055255854183936,2.767425578751975,2.7717549800872803,285616,0.0,0.0
2008-04-23,2.783877161746925,2.8315018452853553,2.718935087558837,2.7470765113830566,381954,0.0,0.0
2008-04-24,2.753570815372934,2.753570815372934,2.714605360014451,2.722398281097412,40140,0.0,0.0
2008-04-25,2.8228429238793544,2.8315019382172704,2.7193673731880574,2.7353873252868652,126597,0.0,0.0
2008-04-28,2.7864753692224054,2.8141845980813884,2.7275936031867163,2.756601333618164,474793,0.0,0.0
2008-04-29,2.7275936509865892,2.749241506332596,2.7016168195320205,2.717202663421631,109306,0.0,0.0
2008-04-30,2.701616855448852,2.788207003068402,2.701616855448852,2.773486614227295,359928,0.0,0.0
2008-05-02,2.848820386106505,2.8730654562149143,2.718935171300307,2.7258617877960205,313509,0.0,0.0
2008-05-05,2.597707978580897,2.85747945639394,2.597707978580897,2.699018716812134,189999,0.0,0.0
2008-05-06,2.692957580009303,2.770888711472286,2.6150266610322617,2.638406276702881,1442185,0.0,0.0
2008-05-07,2.632344225451003,2.7319232186920486,2.606367604898015,2.6500959396362305,401407,0.0,0.0
2008-05-08,2.7102759351298538,2.7189351619062836,2.6323439565716544,2.67087721824646,212334,0.0,0.0
2008-05-09,2.6842984659068914,2.6842984659068914,2.5977083161920596,2.6089653968811035,66798,0.0,0.0
2008-05-12,2.4418462522963087,2.6643827683300803,2.4418462522963087,2.6249842643737793,384013,0.0,0.0
2008-05-13,2.6410038929033,2.6799693614363687,2.556145487560451,2.5985751152038574,303114,0.0,0.0
2008-05-14,2.622819917972173,2.623686223266821,2.511118381538951,2.5574445724487305,126906,0.0,0.0
2008-05-15,2.5972754238043727,2.6163254278597763,2.5461874236812236,2.553114891052246,198542,0.0,0.0
2008-05-16,2.528436848800595,2.59727550342468,2.528436848800595,2.5526819229125977,130097,0.0,0.0
2008-05-20,2.580391160569741,2.631479162353676,2.532766467611977,2.570000171661377,116819,0.0,0.0
2008-05-21,2.597708458240055,2.683433369851798,2.434485878986386,2.4712865352630615,1693116,0.0,0.0
2008-05-22,2.4678232792662054,2.468689584552531,2.2781908157230055,2.2989723682403564,5037355,0.0,0.0
2008-05-23,2.3639144776832763,2.4331872346402634,2.308496867078346,2.3838307857513428,1110354,0.0,0.0
2008-05-26,2.580390509508356,2.580390509508356,2.2959409252946834,2.3465967178344727,2857712,0.0,0.0
2008-05-27,2.4764823506708256,2.4764823506708256,2.2526462477146407,2.2721292972564697,688362,0.0,0.0
2008-05-28,2.2513474722922493,2.381232907472301,2.2513474722922493,2.322784185409546,380410,0.0,0.0
2008-05-29,2.337937925574927,2.355255318493561,2.251347561206463,2.2569758892059326,302908,0.0,0.0
2008-05-30,2.2600066233554923,2.3292785273019985,2.173415627871173,2.2851171493530273,556618,0.0,0.0
2008-06-02,2.3465968824417756,2.3552550466870135,2.1911670359107576,2.228400945663452,186294,0.0,0.0
2008-06-03,2.2773241385576597,2.2773241385576597,2.0894232538408315,2.1175646781921387,240638,0.0,0.0
2008-06-04,2.095485201036392,2.163891453312254,1.9491475870029742,2.027945041656494,500215,0.0,0.0
2008-06-05,2.1041436518608405,2.1041436518608405,1.8738131501592399,1.9894112348556519,801476,0.0,0.0
2008-06-06,2.0088943620776862,2.0088943620776862,1.8876683701591317,1.9171082973480225,555383,0.0,0.0
2008-06-09,1.8400437832812988,1.8958944411028464,1.6019203376595366,1.658636450767517,560941,0.0,0.0
2008-06-10,1.6954381374142642,1.7664415966873528,1.6365562585988727,1.65733802318573,2870166,0.0,0.0
2008-06-11,1.6460808257194623,1.6971697815541062,1.4382645622600008,1.5452033281326294,5149028,0.0,0.0
2008-06-12,1.4547167946509627,1.4971455687965247,1.438264643208298,1.460344910621643,1376724,0.0,0.0
2008-06-13,1.5058046589866116,1.5058046589866116,1.2347769127391328,1.2789382934570312,7882305,0.0,0.0
2008-06-16,1.3672603338155136,1.411421718695694,1.3161722249225893,1.342582106590271,3009321,0.0,0.0
2008-06-17,1.359467296233153,1.4192145222500983,1.3265629960374503,1.3910729885101318,1906891,0.0,0.0
2008-06-18,1.4373980500831356,1.4806931208721623,1.3845784036980118,1.4599114656448364,3231021,0.0,0.0
2008-06-19,1.4287398971717746,1.4616440899327587,1.3910729381275546,1.4105552434921265,771525,0.0,0.0
2008-06-20,1.385443677643379,1.437397972263371,1.3538389470091297,1.4270071983337402,1855840,0.0,0.0
2008-06-23,1.3443136115677263,1.402762334333121,1.2451677735187434,1.295823574066162,973773,0.0,0.0
2008-06-24,1.3075130346595167,1.315305957338009,1.2391065787746445,1.2793715000152588,827208,0.0,0.0
2008-06-25,1.265084054163621,1.4620763744022054,1.2408381328737015,1.4170496463775635,2194875,0.0,0.0
2008-06-26,1.446057170347562,1.4516852847772825,1.3767853809099995,1.383279800415039,349533,0.0,0.0
2008-06-27,1.3506034656714234,1.353217790587694,1.272181629688793,1.2865588665008545,499495,0.009716,0.0
2008-06-30,1.3331768233321426,1.3331768233321426,1.2024734123517764,1.2138005495071411,323287,0.0,0.0
2008-07-01,1.2368915062244628,1.2368915062244628,1.1336359978137804,1.141913890838623,202453,0.0,0.0
2008-07-02,1.2024734946399467,1.2791527701817704,1.1249223497865426,1.1872243881225586,379278,0.0,0.0
2008-07-03,1.1514983432306858,1.1841739238086397,1.1223077801578838,1.147141456604004,136375,0.0,0.0
2008-07-04,1.1937596653178384,1.2199000273798908,1.1523703043425921,1.1702327728271484,182588,0.0,0.0
2008-07-07,1.158905465133736,1.259110875822267,1.158905465133736,1.2264351844787598,270075,0.0,0.0
2008-07-08,1.1654402671547155,1.2460415258070445,1.1593408158907246,1.2194644212722778,180942,0.0,0.0
2008-07-09,1.2634678153041663,1.3070356193915078,1.1763321002172502,1.2508330345153809,2858021,0.0,0.0
2008-07-10,1.2416846969860267,1.280895624996877,1.1863528963805932,1.263033151626587,504229,0.0,0.0
2008-07-11,1.2630328221304774,1.2630328221304774,1.1632615752858584,1.1854817867279053,374441,0.0,0.0
2008-07-14,1.1593405163197847,1.1889668577260044,1.1593405163197847,1.1745895147323608,71532,0.0,0.0
2008-07-15,1.1745897323424934,1.1763322951175768,1.1327644838117132,1.1366854906082153,156754,0.0,0.0
2008-07-16,1.132764167194206,1.1676182995846107,1.089196368065924,1.116644263267517,426829,0.0,0.0
2008-07-17,1.132764261222979,1.2198999736247467,1.0160023146600927,1.1066240072250366,1222851,0.0,0.0
2008-07-18,1.0979104791242347,1.1676186584154373,1.03255822578675,1.0447571277618408,1152965,0.0,0.0
2008-07-21,1.0020609525714397,1.0761260107735213,1.0020609525714397,1.0303796529769897,419419,0.0,0.0
2008-07-22,1.0665413421708327,1.0665413421708327,0.9767914018512958,1.0282012224197388,18007963,0.0,0.0
2008-07-23,1.0800471603814041,1.089196711125579,1.037351003142079,1.0765619277954102,1238599,0.0,0.0
2008-07-24,1.0804827352400448,1.114466072020635,1.0456287052191768,1.0556491613388062,1206383,0.0,0.0
2008-07-25,1.0796121276997328,1.0796121276997328,1.0194885249575047,1.0478073358535767,593877,0.0,0.0
2008-07-28,1.0630561243424355,1.0630561243424355,1.036914907476026,1.0465004444122314,632577,0.0,0.0
2008-07-29,1.0369149340910429,1.080482739051398,1.010774571851535,1.0338656902313232,612506,0.0,0.0
2008-07-30,1.0543425609162997,1.075255130210801,1.0199234472252738,1.034300684928894,352415,0.0,0.0
2008-07-31,1.0456286655374267,1.0456286655374267,0.9667708456090043,0.9868117570877075,4551343,0.0,0.0
2008-08-01,0.9846334934803985,1.0255879415523097,0.9693853476064234,0.9898621439933777,2060352,0.0,0.0
2008-08-04,0.9933470617645085,1.0194882775290692,0.9759196202255439,0.9828907251358032,3622239,0.0,0.0
2008-08-05,0.9977042253100107,1.0059821206758632,0.9807125533042462,1.0011893510818481,6014628,0.0,0.0
2008-08-06,1.0282011179451773,1.1667475019182234,0.9846333147360629,1.0456286668777466,84727860,0.0,0.0
2008-08-07,1.0543422967007083,1.2547538432318424,1.0534705344896442,1.233842134475708,91698043,0.0,0.0
2008-08-08,1.2286135239513625,1.2713105225141492,1.188095930984215,1.227306842803955,27659549,0.0,0.0
2008-08-11,1.2207717734440369,1.2887373827062423,1.1998592042702674,1.222078561782837,11624452,0.0,0.0
2008-08-12,1.226871220352628,1.307035730072374,1.219900114518975,1.2530115842819214,17570532,0.0,0.0
2008-08-13,1.2634678565514832,1.2704389620223968,1.2329706065191937,1.25562584400177,2697561,0.0,0.0
2008-08-14,1.2713108180945496,1.2896091694625098,1.246041360741906,1.2599828243255615,9639646,0.0,0.0
2008-08-18,1.2460412812560826,1.2721816440842,1.228613731230579,1.2617253065109253,5517500,0.0,0.0
2008-08-19,1.2634678565514832,1.2804594183037112,1.2373274939823962,1.25562584400177,1709172,0.0,0.0
2008-08-20,1.2569325101725701,1.2721816161095658,1.2547540664672852,1.2547540664672852,454208,0.0,0.0
2008-08-21,1.2547540994337418,1.2547540994337418,1.185917692754694,1.1976807117462158,1351405,0.0,0.0
2008-08-22,1.2198999603608562,1.2198999603608562,1.1636973778277384,1.1706684827804565,369912,0.0,0.0
2008-08-25,1.1815608842573215,1.2861230913969237,1.1510627764544423,1.18461012840271,498362,0.0,0.0
2008-08-26,1.1697967478367624,1.2024732922475976,1.1697967478367624,1.1806888580322266,863540,0.0,0.0
2008-08-27,1.1772038810554808,1.193759668251154,1.151934425993243,1.1711044311523438,166532,0.0,0.0
2008-08-28,1.1571620736449928,1.1750253968555378,1.1070589395163903,1.1188228130340576,351591,0.0,0.0
2008-08-29,1.150192178323207,1.2111865871384253,1.1388640755678885,1.1972451210021973,1934475,0.0,0.0
2008-09-01,1.1933238234403032,1.2181575049906939,1.167618486413656,1.205958604812622,241667,0.0,0.0
2008-09-02,1.2199002624198128,1.228613931943841,1.16021254028,1.18156099319458,508140,0.0,0.0
2008-09-04,1.1763322250410664,1.2103155648666364,1.144963317239754,1.1732829809188843,334403,0.0,0.0
2008-09-05,1.1501919644976524,1.2011659049821113,1.1201297382247712,1.1785106658935547,640605,0.0,0.0
2008-09-08,1.176332365006132,1.2634680997070402,1.1589057740096873,1.1937599182128906,59817951,0.0,0.0
2008-09-09,1.1763322263333116,1.1763322263333116,1.1597765445349528,1.165005087852478,592642,0.0,0.0
2008-09-10,1.1506277174191675,1.1889668715318054,1.124922274872313,1.1414780616760254,243829,0.0,0.0
2008-09-11,1.1719752816031874,1.1719752816031874,1.1327642592028238,1.1345068216323853,95102,0.0,0.0
2008-09-12,1.142784876987882,1.1575981030562028,1.1022672744807747,1.1310218572616577,314332,0.0,0.0
2008-09-15,1.1327645410386946,1.1763323545455933,1.0051103449758776,1.1763323545455933,1050246,0.0,0.0
2008-09-16,1.0979101661433792,1.1501917400849702,1.0369148183578178,1.1061880588531494,809196,0.0,0.0
2008-09-17,1.1240509474357825,1.1401717130706692,1.051292554973251,1.089196801185608,7000649,0.0,0.0
2008-09-18,1.0038035264440848,1.105752367202164,1.0038035264440848,1.0817904472351074,791802,0.0,0.0
2008-09-19,1.092681854252441,1.1192589582104036,1.0469355965724374,1.0691558122634888,270898,0.0,0.0
2008-09-22,1.07264067045779,1.1149017918677337,1.0630560959873276,1.0704622268676758,496716,0.0,0.0
2008-09-23,1.0630560431975848,1.0865820781504705,1.045628602254322,1.0565208196640015,140492,0.0,0.0
2008-09-24,1.0979104749798054,1.1153370653597454,1.0456288863316796,1.0613129138946533,275118,0.0,0.0
2008-09-25,1.0412717947724663,1.0800469370586747,1.0412717947724663,1.0465004444122314,551060,0.0,0.0
2008-09-26,1.0465004164320117,1.1318934593564622,1.0125170813124247,1.031251311302185,808681,0.0,0.0
2008-09-29,1.0020610528548255,1.0107747220539944,0.9205888926617143,0.9567505717277527,306819,0.0,0.0
2008-09-30,0.9157960167590427,1.0103387121650487,0.8887838944374882,0.9510859251022339,226949,0.0,0.0
2008-10-01,0.9519577804895266,1.0138239360583807,0.9519577804895266,0.9894261360168457,120010,0.0,0.0
2008-10-03,1.0020608248045846,1.0020608248045846,0.9401946749417435,0.9632856845855713,197924,0.0,0.0
2008-10-06,0.941065570180521,0.941065570180521,0.8373741706976331,0.8609011173248291,780377,0.0,0.0
2008-10-07,0.8552366011027008,0.9240739665638512,0.8116687436882057,0.8256111145019531,212643,0.0,0.0
2008-10-08,0.8116686791699077,0.8116686791699077,0.660488486289978,0.660488486289978,3742558,0.0,0.0
2008-10-10,0.6369616073212914,0.6404476411148319,0.5672534401819875,0.6186633110046387,948042,0.0,0.0
2008-10-13,0.5933938962366605,0.7423965930938721,0.5720462992309625,0.7423965930938721,2113873,0.0,0.0
2008-10-14,0.8696148817499713,0.8696148817499713,0.6796586612280183,0.755902111530304,1099959,0.0,0.0
2008-10-15,0.6892431802174187,0.7153843974728504,0.6513389444126012,0.6692022681236267,422095,0.0,0.0
2008-10-16,0.6535174142786436,0.704928141949272,0.5859876888054785,0.6308621764183044,423639,0.0,0.0
2008-10-17,0.6452394887874505,0.6705089969170681,0.6125638495358545,0.6212775707244873,204820,0.0,0.0
2008-10-20,0.6273770256442077,0.6535173875812893,0.5912153523702083,0.6269411444664001,425183,0.0,0.0
2008-10-21,0.7023137516442334,0.7023137516442334,0.5798881847459825,0.6003649234771729,817739,0.0,0.0
2008-10-22,0.6326048434463138,0.6326048434463138,0.612128047703094,0.6195350885391235,94691,0.0,0.0
2008-10-23,0.6456754803134304,0.6456754803134304,0.5620249293317137,0.6147423982620239,448547,0.0,0.0
2008-10-24,0.6265052840094141,0.6705089673443073,0.5750954164230753,0.6086428165435791,1139276,0.0,0.0
2008-10-27,0.6360909328610791,0.7145128368497806,0.5236857387422924,0.6016718149185181,970994,0.0,0.0
2008-10-29,0.6535175070558344,0.7406540406525324,0.6099496411784361,0.6522107720375061,923134,0.0,0.0
2008-10-31,0.7232263746025115,0.7694085017016776,0.6195349835848163,0.6426260471343994,669218,0.0,0.0
2008-11-03,0.6966500996289301,0.6966500996289301,0.6230200309828883,0.624326765537262,468720,0.0,0.0
2008-11-04,0.6186633118686198,0.6356549268717024,0.5925229496153159,0.6273770332336426,1173859,0.0,0.0
2008-11-05,0.6796586422012252,0.6796586422012252,0.6055927290780669,0.6060285568237305,1047364,0.0,0.0
2008-11-06,0.6448045967259076,0.6735592334129308,0.5663817911842896,0.61604905128479,2265379,0.0,0.0
2008-11-07,0.6099496037595459,0.6273771018518081,0.6012367901955754,0.6195350885391235,622181,0.0,0.0
2008-11-10,0.6034151676906901,0.6360908639301408,0.6029793399254434,0.6217135190963745,4063684,0.0,0.0
2008-11-11,0.6360908459326706,0.6526465807385324,0.592522984898828,0.6286838054656982,609007,0.0,0.0
2008-11-12,0.6448045415079271,0.6452395139451623,0.6121279922283002,0.624762773513794,163033,0.0,0.0
2008-11-14,0.6360909053087165,0.6360909053087165,0.6103855115543152,0.6151782274246216,153872,0.0,0.0
2008-11-17,0.6273770414212217,0.6273770414212217,0.5663817394556906,0.6025434136390686,301055,0.0,0.0
2008-11-18,0.5750954525541585,0.6086428547823194,0.5646391686828401,0.5764021873474121,132773,0.0,0.0
2008-11-19,0.5663818298589762,0.6269412603019586,0.5663818298589762,0.612563967704773,829266,0.0,0.0
2008-11-20,0.5838092315325422,0.6326047778129578,0.579452344097477,0.6326047778129578,342637,0.0,0.0
2008-11-21,0.6186633193422519,0.6439328282886575,0.5838092353028779,0.627812922000885,518021,0.0,0.0
2008-11-24,0.6273769276274521,0.6482895453378091,0.6273769276274521,0.6334763765335083,1386090,0.0,0.0
2008-11-25,0.6796586977216477,0.6796586977216477,0.6012367993488291,0.6617953181266785,641016,0.0,0.0
2008-11-26,0.6622311163062424,0.6840154998850237,0.6535173949484004,0.6779160499572754,249798,0.0,0.0
2008-11-27,0.6779160499572754,0.6779160499572754,0.6779160499572754,0.6779160499572754,0,0.0,0.0
2008-11-28,0.6709448867359831,0.6709448867359831,0.6173565725305794,0.6387050747871399,142859,0.0,0.0
2008-12-01,0.6426261059072804,0.6783519530143546,0.6352190656486361,0.6509039998054504,529857,0.0,0.0
2008-12-02,0.6186633121492857,0.6535173957834244,0.605592703367763,0.6443686485290527,76576,0.0,0.0
2008-12-03,0.6147422798342232,0.6631028513810444,0.6147422798342232,0.6400117874145508,123201,0.0,0.0
2008-12-04,0.6448045330449779,0.6709448954452463,0.6230201493257701,0.6326047778129578,150373,0.0,0.0
2008-12-05,0.6012368227654745,0.6334765867680741,0.5973149071425773,0.6038501858711243,637929,0.0,0.0
2008-12-08,0.6055927281643687,0.6317339467977925,0.6055927281643687,0.6143064498901367,1571047,0.0,0.0
2008-12-10,0.6143063202851171,0.6143063202851171,0.5859875725848868,0.6034150123596191,1925006,0.0,0.0
2008-12-11,0.6395759151999817,0.6395759151999817,0.6012367076102091,0.6073361039161682,127627,0.0,0.0
2008-12-12,0.6731233555438512,0.6731233555438512,0.6069003595647118,0.6195350885391235,1206383,0.0,0.0
2008-12-15,0.6116930309694254,0.6269411752608117,0.5053873049026528,0.5750954747200012,17424173,0.0,0.0
2008-12-16,0.5594113414122842,0.6012366308168582,0.5319634467959334,0.5838091373443604,4480016,0.0,0.0
2008-12-17,0.6047218886075847,0.6047218886075847,0.549825980362854,0.5589756369590759,984374,0.0,0.0
2008-12-18,0.5881662170458514,0.5881662170458514,0.5376272399147526,0.544598400592804,4006767,0.0,0.0
2008-12-19,0.550261959409319,0.5750955928895238,0.550261959409319,0.5611541271209717,667571,0.0,0.0
2008-12-22,0.591651101639861,0.591651101639861,0.5419838583978394,0.5485191345214844,2631792,0.0,0.0
2008-12-23,0.5663817823202627,0.5890369680832774,0.543726596557248,0.5655109286308289,1857590,0.0,0.0
2008-12-24,0.5581037377799237,0.5794522363436756,0.5419838880499898,0.5493900179862976,613124,0.0,0.0
2008-12-26,0.5354485860802296,0.5838091534620513,0.5354485860802296,0.5703026652336121,951953,0.0,0.0
2008-12-29,0.5467767247360871,0.5681243193253219,0.5467767247360871,0.5615898966789246,203688,0.0,0.0
2008-12-30,0.5502618040902657,0.5729169869421732,0.5502618040902657,0.5676892995834351,393173,0.0,0.0
2008-12-31,0.5720462921845921,0.5790165432800768,0.5533121119536542,0.5581039190292358,509787,0.0,0.0
2009-01-02,0.5750953304214175,0.5994931249340472,0.553311913694079,0.565946638584137,1417380,0.0,0.0
2009-01-05,0.5750954150954757,0.5920870289659619,0.5663816943112765,0.5833733081817627,11205753,0.0,0.0
2009-01-06,0.5920870342689893,0.6343481554747604,0.5864234658460812,0.5973147749900818,3128302,0.0,0.0
2009-01-07,0.6012367320520893,0.6034151223288496,0.5402413766538546,0.5515685677528381,1662238,0.0,0.0
2009-01-09,0.5454690884137331,0.5511335656846061,0.5101791250628112,0.5424197912216187,959055,0.0,0.0
2009-01-12,0.580324020413862,0.5925229196627463,0.5149718885935064,0.5284783244132996,515036,0.0,0.0
2009-01-13,0.5271708236902183,0.5271708236902183,0.5053873462584879,0.5206355452537537,448958,0.0,0.0
2009-01-14,0.5141001499148372,0.5402413673467934,0.5141001499148372,0.5319635272026062,381954,0.0,0.0
2009-01-15,0.5332702515729459,0.5829375102708974,0.5141001914049073,0.5202005505561829,5290447,0.0,0.0
2009-01-16,0.5441622554199367,0.5724810551014131,0.5162784815272314,0.521071195602417,6514432,0.0,0.0
2009-01-19,0.5232497960224672,0.544598300117674,0.5158436641672107,0.5223780870437622,3020025,0.0,0.0
2009-01-20,0.516278593239422,0.5315276456397984,0.5084365808258416,0.514971911907196,3744823,0.0,0.0
2009-01-21,0.5040795891679849,0.5184569296889262,0.5040795891679849,0.5127933621406555,1427158,0.0,0.0
2009-01-22,0.521943030579176,0.5445982124703167,0.5097441317160423,0.527170717716217,1147716,0.0,0.0
2009-01-23,0.5184572094655119,0.5337062669404729,0.5010306163261201,0.5145362019538879,2624072,0.0,0.0
2009-01-27,0.5019012116224719,0.514100110497052,0.5014662392287258,0.5049514174461365,16393379,0.0,0.0
2009-01-28,0.5136651396751404,0.552440226489741,0.48316703709755254,0.5136651396751404,1478208,0.0,0.0
2009-01-29,0.5402413884626998,0.5724812017618603,0.49667358197516864,0.5302209854125977,684554,0.0,0.0
2009-01-30,0.5402413195586353,0.5402413195586353,0.5058222115709877,0.513229250907898,907283,0.0,0.0
2009-02-02,0.5141001464124111,0.5219430675321869,0.4966735591784526,0.5014662742614746,504229,0.0,0.0
2009-02-03,0.5053872972125899,0.5193287599043411,0.4705323575363611,0.5045155882835388,2060558,0.0,0.0
2009-02-04,0.5123576433890332,0.5228139818273151,0.4992879419988444,0.5010305047035217,334403,0.0,0.0
2009-02-05,0.4997228730414995,0.5132293098385663,0.4905741255917876,0.5045155882835388,1348420,0.0,0.0
2009-02-06,0.4971094358264409,0.5053872758387978,0.4879598334657826,0.4892665147781372,443915,0.0,0.0
2009-02-09,0.48795992680026967,0.5193288372755104,0.48795992680026967,0.5162786841392517,868275,0.0,0.0
2009-02-10,0.5228139927448011,0.5228139927448011,0.48970246748996127,0.4944951832294464,980978,0.0,0.0
2009-02-11,0.49318753700901996,0.5084365896747944,0.4883956771112671,0.4997228682041168,172502,0.0,0.0
2009-02-12,0.5093083773360394,0.5097442585917935,0.4944952035684686,0.5023372173309326,5029430,0.0,0.0
2009-02-13,0.5289133652182629,0.5289133652182629,0.5075657698771274,0.5223780870437622,1100679,0.0,0.0
2009-02-16,0.5206355623882417,0.5276067222890177,0.49928796548883236,0.5019013285636902,685995,0.0,0.0
2009-02-17,0.5262999991337178,0.5402414090786968,0.4897024415790648,0.517150342464447,58055360,0.0,0.0
2009-02-18,0.5223780514983941,0.5350127792263702,0.49667357015257924,0.5071299076080322,1970910,0.0,0.0
2009-02-19,0.5141001413119951,0.5141001413119951,0.4931875205267522,0.49754440784454346,627636,0.0,0.0
2009-02-20,0.5249923611024964,0.5249923611024964,0.49231671846504155,0.49623772501945496,938778,0.0,0.0
2009-02-24,0.48839566072141644,0.5023371228103571,0.48360294568660783,0.4966735541820526,519565,0.0,0.0
2009-02-25,0.5141001459618598,0.5141001459618598,0.48403883130543807,0.4853455126285553,467485,0.0,0.0
2009-02-26,0.5023370988868414,0.5023370988868414,0.47924603554560363,0.4801177978515625,240741,0.0,0.0
2009-02-27,0.49493108482422277,0.5049515426551798,0.4836030366821298,0.5023372173309326,529652,0.0,0.0
2009-03-02,0.4857813283177827,0.5032088219410448,0.47924599816301827,0.4796818792819977,320817,0.0,0.0
2009-03-03,0.47053232407605156,0.47924604501143236,0.4618194584385105,0.46530458331108093,92529,0.0,0.0
2009-03-04,0.4622544141045217,0.4883956294200141,0.44874883405489513,0.45571908354759216,590377,0.0,0.0
2009-03-05,0.4792460289626193,0.4792460289626193,0.44482782937699344,0.44526368379592896,89956,0.0,0.0
2009-03-06,0.4443920134324022,0.4705323773568263,0.4330639664548263,0.44352027773857117,507729,0.0,0.0
2009-03-09,0.43567825609455,0.44221356036889303,0.39428884207889214,0.415637344121933,612918,0.0,0.0
2009-03-12,0.40953789108428346,0.4461345630306354,0.4064877385458191,0.43654996156692505,587701,0.0,0.0
2009-03-13,0.4313213650260456,0.45136313212304574,0.4278362400723061,0.4448278546333313,233639,0.0,0.0
2009-03-16,0.45659087300977125,0.4836029434703667,0.42957880254917585,0.4448278546333313,1969675,0.0,0.0
2009-03-17,0.4356783050517605,0.4788102329499939,0.4356783050517605,0.4753251075744629,767511,0.0,0.0
2009-03-18,0.44526375024652914,0.4748892127846401,0.4443920145505048,0.46878981590270996,3112452,0.0,0.0
2009-03-19,0.46966139431485016,0.5219429630600187,0.45789746936684966,0.49928778409957886,1122500,0.0,0.0
2009-03-20,0.49231657298082737,0.5206353729320938,0.48360285346426307,0.5127933621406555,739824,0.0,0.0
2009-03-23,0.5249922006865012,0.6156138777732849,0.5249922006865012,0.6156138777732849,4891304,0.0,0.0
2009-03-24,0.6509039388512042,0.7232263730199666,0.6204058357871401,0.6339123249053955,15055663,0.0,0.0
2009-03-25,0.6360907876307935,0.7389104192060559,0.6360907876307935,0.6543890833854675,3468263,0.0,0.0
2009-03-26,0.6617951351000675,0.6622310162169098,0.5846808483100856,0.5925228595733643,1769795,0.0,0.0
2009-03-27,0.5990583462520273,0.6273771018518081,0.5990583462520273,0.6195350885391235,2475346,0.0,0.0
2009-03-30,0.5838092155567036,0.6112571138502222,0.5707386070653011,0.5790164470672607,950821,0.0,0.0
2009-03-31,0.5716102916029259,0.6269411117083324,0.555925358948257,0.6086428165435791,2251690,0.0,0.0
2009-04-01,0.5968799304564387,0.6613603667635843,0.5968799304564387,0.6291196942329407,648530,0.0,0.0
2009-04-02,0.6299914901338346,0.6796587554575064,0.6295556088594173,0.6678957343101501,2512193,0.0,0.0
2009-04-06,0.6665881500667233,0.6796587617012778,0.662231261703162,0.6652814149856567,437225,0.0,0.0
2009-04-08,0.6238918936339651,0.7223546922590537,0.6238918936339651,0.7105916738510132,902343,0.0,0.0
2009-04-09,0.714512697958178,0.718433704192811,0.674430017946214,0.6970852017402649,453178,0.0,0.0
2009-04-13,0.7362970179728843,0.7362970179728843,0.6970851921160417,0.7027496695518494,977581,0.0,0.0
2009-04-15,0.7014421572596719,0.8434736859673947,0.6970852694181671,0.8020842671394348,2477919,0.0,0.0
2009-04-16,0.8534940690307785,0.8713573931601096,0.7493667893445959,0.756773829460144,1370549,0.0,0.0
2009-04-17,0.7580805471299674,0.8182041429972747,0.7232264614201507,0.736297070980072,13555737,0.0,0.0
2009-04-20,0.7153844977518501,0.7580805993270296,0.7153844977518501,0.7354254126548767,647398,0.0,0.0
2009-04-21,0.7145126954796073,0.8090553987726039,0.7145126954796073,0.7868351340293884,1101091,0.0,0.0
2009-04-22,0.819075668245828,0.8365023062711389,0.7724577183058738,0.7924994826316833,557030,0.0,0.0
2009-04-23,0.7410888568166725,0.8121046112889061,0.7410888568166725,0.8025200366973877,3079721,0.0,0.0
2009-04-24,0.7929346188090722,0.8365024790919984,0.7850926060222787,0.8112338781356812,1084109,0.0,0.0
2009-04-27,0.7842215815099564,0.832146262223265,0.7842215815099564,0.8168972134590149,199365,0.0,0.0
2009-04-28,0.8147189566385573,0.8225609689759497,0.7929345733684702,0.8090553879737854,352518,0.0,0.0
2009-04-29,0.8060051870300246,0.8182040867895731,0.7768147258711576,0.7894494533538818,606948,0.0,0.0
2009-04-30,0.7885786890983582,0.7885786890983582,0.7885786890983582,0.7885786890983582,0,0.0,0.0
2009-05-04,0.8138473455037704,0.8626438085988825,0.8029560873271022,0.8325815796852112,827825,0.0,0.0
2009-05-05,0.7933704518673128,0.9162319590176993,0.7933704518673128,0.8478304743766785,2668536,0.0,0.0
2009-05-06,0.8234326037907641,0.871357291154413,0.8190757168375015,0.8251751661300659,583996,0.0,0.0
2009-05-07,0.8626435710116196,0.8635152798304774,0.8277894910392176,0.8334530591964722,512772,0.0,0.0
2009-05-08,0.8282246664889515,0.8696149423395397,0.7929346967265833,0.8286605477333069,430329,0.0,0.0
2009-05-11,0.8452161630773131,0.8452161630773131,0.7868351334771785,0.7951130270957947,702668,0.0,0.0
2009-05-12,0.7972914415367379,0.8356315574564006,0.7929345542962918,0.8195116519927979,445459,0.0,0.0
2009-05-13,0.810362083659023,0.8277895798928155,0.784221774790395,0.7903211712837219,538400,0.0,0.0
2009-05-14,0.801648328777184,0.8338889950022381,0.775507967544587,0.8195116519927979,931265,0.0,0.0
2009-05-15,0.8539298396312468,0.8539298396312468,0.8060051498636589,0.8134121894836426,486011,0.0,0.0
2009-05-18,0.8134121894836426,0.8134121894836426,0.8134121894836426,0.8134121894836426,0,0.0,0.0
2009-05-19,0.8809422014685074,0.9763557314872742,0.8282247793429148,0.9763557314872742,3438827,0.0,0.0
2009-05-20,1.0456290833061885,1.1327647244267414,1.028201527432984,1.1027034521102905,11652139,0.0,0.0
2009-05-21,1.166747737235079,1.1937598662024869,1.0935535778746108,1.1118519306182861,5012241,0.0,0.0
2009-05-22,1.0979102959125218,1.167618463571305,1.0979102959125218,1.1349427700042725,2029372,0.0,0.0
2009-05-25,1.1589054913965091,1.176332078143269,1.0979102460821133,1.1188228130340576,1342142,0.0,0.0
2009-05-26,1.1414782918636106,1.1414782918636106,1.046064771740562,1.0652347803115845,674467,0.0,0.0
2009-05-27,1.0804827096617287,1.1589055048428751,1.0804827096617287,1.1022671461105347,1865927,0.0,0.0
2009-05-28,1.1318936084702416,1.1397356215432197,1.0804828247703113,1.0992170572280884,981904,0.0,0.0
2009-05-29,1.1153369550797294,1.209443783959002,1.0944252411335234,1.2085729837417603,4502968,0.0,0.0
2009-06-01,1.2957086734106007,1.3296910524368286,1.2726175520845704,1.3296910524368286,4945340,0.0,0.0
2009-06-02,1.4211842544937219,1.4630086421966553,1.4211842544937219,1.4630086421966553,1548609,0.0,0.0
2009-06-03,1.5362029075622559,1.5362029075622559,1.5170329006045968,1.5362029075622559,2090406,0.0,0.0
2009-06-04,1.6120113721054938,1.6128821722733289,1.4638804055073533,1.5226972103118896,4580162,0.0,0.0
2009-06-05,1.5344603291371948,1.5858702575336983,1.446888831095576,1.5549371242523193,59569387,0.0,0.0
2009-06-08,1.6329239226236172,1.6329239226236172,1.4987344200433612,1.5383812189102173,17617157,0.0,0.0
2009-06-09,1.5257466679388245,1.5396889867893029,1.4617020641011162,1.4817429780960083,6382482,0.0,0.0
2009-06-10,1.5423022288022263,1.5423022288022263,1.4133413757078457,1.4403533935546875,1298398,0.0,0.0
2009-06-11,1.4403534128944113,1.455166637923787,1.368466907527936,1.3854584693908691,3049256,0.0,0.0
2009-06-12,1.3941713095112482,1.396349753299774,1.3166211268563401,1.3471183776855469,1571561,0.0,0.0
2009-06-15,1.331869170813726,1.4146487389487445,1.331869170813726,1.3902500867843628,3476600,0.0,0.0
2009-06-16,1.359316951003461,1.4346895270352171,1.3506031779456489,1.3985278606414795,5567213,0.0,0.0
2009-06-17,1.4203124007952734,1.4464526528252364,1.3854582681356953,1.3924285173416138,1935813,0.0,0.0
2009-06-18,1.3924287425357809,1.4115988553723837,1.3601890361315911,1.3946071863174438,3538767,0.0,0.0
2009-06-19,1.4028850435278921,1.4115988184264772,1.3248989819600703,1.3536536693572998,898946,0.0,0.0
2009-06-22,1.3262057039256299,1.4115987478602396,1.3157493670120686,1.369773507118225,766688,0.0,0.0
2009-06-23,1.3767445561620462,1.3919936608513708,1.301371971044748,1.3031145334243774,26930429,0.0,0.0
2009-06-24,1.3379697770354677,1.3684670299957373,1.298322973994253,1.3545255661010742,1417174,0.0,0.0
2009-06-25,1.3593171214655955,1.4115986972465866,1.3436330977626516,1.3628031015396118,598714,0.0,0.0
2009-06-26,1.380229776311052,1.380229776311052,1.3331768468812322,1.3715161085128784,326683,0.0,0.0
2009-06-29,1.4284429031741388,1.4284429031741388,1.3503351516075552,1.37990140914917,445459,0.019432,0.0
2009-06-30,1.36798631674989,1.383431685444227,1.3415095164395003,1.3516589403152466,203585,0.0,0.0
2009-07-01,1.3415091691830356,1.416527454517189,1.2841418629102768,1.3966701030731201,1667590,0.0,0.0
2009-07-02,1.3521004001000572,1.4209407506963838,1.3472460548496268,1.3701927661895752,389879,0.0,0.0
2009-07-03,1.3750471176658938,1.385638031676964,1.332683569909845,1.356513261795044,259473,0.0,0.0
2009-07-06,1.350335379635908,1.4032898441402035,1.2889964817142177,1.2916444540023804,185059,0.0,0.0
2009-07-07,1.383873215887012,1.383873215887012,1.272669308653096,1.2889965772628784,264311,0.0,0.0
2009-07-08,1.279728957238412,1.3476871787689262,1.2011806892514556,1.3145910501480103,1175918,0.0,0.0
2009-07-09,1.2828183919153937,1.3573951940947202,1.2828183919153937,1.3159146308898926,379381,0.0,0.0
2009-07-10,1.2973807250217764,1.3415092584953137,1.2536936826305969,1.2854663133621216,245064,0.0,0.0
2009-07-13,1.2620783165182103,1.292967970021644,1.2267747260797874,1.2360421419143677,471602,0.0,0.0
2009-07-14,1.2532522890332876,1.3150326738547566,1.2197146659575866,1.3106197118759155,542517,0.0,0.0
2009-07-15,1.323857513370489,1.5727429389953613,1.323857513370489,1.5727429389953613,7069403,0.0,0.0
2009-07-16,1.641584070318254,1.6989506195235857,1.4677169424261152,1.491546630859375,8256334,0.0,0.0
2009-07-17,1.533910243171169,1.597455499898561,1.501696015469803,1.5899531841278076,3270544,0.0,0.0
2009-07-20,1.5886296009079814,1.6857125787171803,1.5546503854136282,1.626138687133789,3158974,0.0,0.0
2009-07-21,1.571860844310342,1.6415840529181962,1.571860844310342,1.6089284420013428,1276167,0.0,0.0
2009-07-22,1.6062805174308903,1.6371711375439075,1.5365572031877948,1.6190778017044067,1286562,0.0,0.0
2009-07-23,1.5974556607426997,1.6407013214712032,1.544941827400642,1.5665650367736816,1307250,0.0,0.0
2009-07-24,1.5886297273479402,1.606280598444974,1.5268493503116545,1.5568569898605347,430329,0.0,0.0
2009-07-27,1.5886298820604061,1.6896843477996049,1.5272909901115534,1.6755634546279907,4014177,0.0,0.0
2009-07-28,1.6782103469981084,1.744403687759431,1.6071635281781171,1.7254283428192139,1096871,0.0,0.0
2009-07-29,1.7298416075661391,1.7386675322654346,1.668061217553469,1.7077769041061401,751867,0.0,0.0
2009-07-30,1.645997224084714,1.7377843849264571,1.645997224084714,1.6936558485031128,531504,0.0,0.0
2009-07-31,1.712189611030013,1.7474923321992863,1.6504093346146895,1.6782104969024658,969965,0.0,0.0
2009-08-03,1.693655940075987,1.888704059955418,1.6680611493324788,1.862668752670288,3548956,0.0,0.0
2009-08-04,1.8710526569052628,1.9813736542596951,1.8622267345513153,1.8728177547454834,4280239,0.0,0.0
2009-08-05,1.8887040641479809,1.904590814622828,1.8534012330221805,1.8847324848175049,318655,0.0,0.0
2009-08-06,1.879879121345442,1.9063558131600526,1.8556078278731611,1.861785888671875,674261,0.0,0.0
2009-08-07,1.8556075592141394,1.915181460774799,1.7739699314828101,1.8428102731704712,804667,0.0,0.0
2009-08-10,1.879878919054805,1.879878919054805,1.7386673845134322,1.7673505544662476,1454536,0.0,0.0
2009-08-11,1.800446897823104,1.800446897823104,1.6870365190991894,1.709983229637146,329977,0.0,0.0
2009-08-12,1.67776924197371,1.8639924299374844,1.616871830929068,1.7730872631072998,843779,0.0,0.0
2009-08-13,1.8083898176021764,1.9151816179684646,1.7925039334554178,1.8887040615081787,1468122,0.0,0.0
2009-08-14,1.8542841085645,1.8542841085645,1.7845608911583744,1.7916208505630493,741780,0.0,0.0
2009-08-17,1.809272426679497,1.834425830913316,1.6865947601284383,1.7024815082550049,548487,0.0,0.0
2009-08-18,1.7647023413806981,1.8172153039067251,1.70954151540089,1.7885321378707886,734369,0.0,0.0
2009-08-19,1.7850024093049777,1.804859763673962,1.7298414672898885,1.74705171585083,172914,0.0,0.0
2009-08-20,1.7651440834173915,1.7916208808201954,1.756318267706661,1.7664676904678345,393276,0.0,0.0
2009-08-21,1.7298416407948303,1.800446982268902,1.7223392148186507,1.7841196060180664,214495,0.0,0.0
2009-08-24,1.7739698315296524,1.8507531103124513,1.7492580264579665,1.7638204097747803,499186,0.0,0.0
2009-08-25,1.7501403388299717,1.7916209043691818,1.7501403388299717,1.7757350206375122,196998,0.0,0.0
2009-08-26,1.773969988823959,1.8092726015674983,1.7488166904469902,1.7991232872009277,338932,0.0,0.0
2009-08-27,1.7655856609344482,1.8534012483378999,1.7651441697940797,1.7655856609344482,185470,0.0,0.0
2009-08-28,1.8092726484766097,1.8357495545766174,1.7474923707001395,1.7660270929336548,1154921,0.0,0.0
2009-08-31,1.7474923475930741,1.8180985485712098,1.7404323880534724,1.8008882999420166,550957,0.0,0.0
2009-09-01,1.8013295892349381,2.126998415172183,1.8013295892349381,1.9637229442596436,6375071,0.0,0.0
2009-09-02,1.9504844667337704,2.021090787096359,1.8180988342967133,1.924007773399353,1890732,0.0,0.0
2009-09-03,1.9067976709773544,2.0652194925259324,1.9067976709773544,1.9756380319595337,10614964,0.0,0.0
2009-09-04,2.038740885807989,2.1093469589171012,1.9862278219734644,2.0029966831207275,7416775,0.0,0.0
2009-09-07,2.038741346598491,2.038741346598491,1.9866696537039792,2.0069684982299805,1819096,0.0,0.0
2009-09-08,2.028150192213401,2.02991529018045,1.9857867581220419,2.0052034854888916,2056338,0.0,0.0
2009-09-09,1.9699010227266553,2.011823077151659,1.9107685038271427,1.931950330734253,2240677,0.0,0.0
2009-09-10,1.9557800228671256,1.9725488879652968,1.7827958610104566,1.8225114345550537,3202408,0.0,0.0
2009-09-11,1.88429083804062,1.8970881233600592,1.7699983606036516,1.8282477855682373,1875087,0.0,0.0
2009-09-14,1.8092724017349295,1.87105277937426,1.8092724017349295,1.8516360521316528,908621,0.0,0.0
2009-09-15,1.83574977470915,1.9769613291600834,1.83574977470915,1.946513056755066,2671109,0.0,0.0
2009-09-16,1.9504841409257914,1.9946126777002664,1.8732594722910358,1.921800971031189,1695689,0.0,0.0
2009-09-17,1.92533075273273,2.1623017613416624,1.92533075273273,2.04624342918396,16447929,0.0,0.0
2009-09-18,2.051980086975723,2.051980086975723,1.9504841281923406,2.0065271854400635,1930667,0.0,0.0
2009-09-22,2.047567447813847,2.117290784687512,1.9857872704175232,1.9999089241027832,2170688,0.0,0.0
2009-09-23,2.0387418378959854,2.072279359276058,1.9023846212230253,1.9398937225341797,1603777,0.0,0.0
2009-09-24,1.9151818290368061,1.9946129911363155,1.9151818290368061,1.9654884338378906,1146378,0.0,0.0
2009-09-25,1.932832734894297,1.9919650460363858,1.932832734894297,1.9593102931976318,842852,0.0,0.0
2009-09-29,2.0122643636715924,2.0555099147360965,1.9593099072260716,2.0365347862243652,1520613,0.0,0.0
2009-09-30,1.9637225585388083,2.135382319908604,1.9637225585388083,2.111112117767334,4230423,0.0,0.0
2009-10-01,2.1177322298077774,2.5334230570832363,2.1177322298077774,2.527686595916748,58493615,0.0,0.0
2009-10-05,2.31807554356676,2.600939301356502,2.31807554356676,2.4689950942993164,43317530,0.0,0.0
2009-10-06,2.532982099770509,2.532982099770509,2.312338354149484,2.3785316944122314,9703151,0.0,0.0
2009-10-07,2.4182479436639928,2.6216812829549396,2.4014790749350268,2.465907335281372,17972043,0.0,0.0
2009-10-08,2.5065047961247093,2.5312174719867304,2.409863172775766,2.4486968517303467,4714891,0.0,0.0
2009-10-09,2.487970950062696,2.538718932369701,2.3917709299147902,2.4438424110412598,3039786,0.0,0.0
2009-10-12,2.5065042755956095,2.5815235373006957,2.4800275897999287,2.5122416019439697,4368034,0.0,0.0
2009-10-13,2.509152889251709,2.509152889251709,2.509152889251709,2.509152889251709,0,0.0,0.0
2009-10-14,2.5576939180571028,2.9552923124190773,2.5073873257177115,2.871889591217041,84922079,0.0,0.0
2009-10-15,2.886010822208899,2.967648674636762,2.642862796347477,2.71390962600708,73933291,0.0,0.0
2009-10-16,2.735973301330246,2.735973301330246,2.585936919284773,2.6155030727386475,11817951,0.0,0.0
2009-10-20,2.647716264266285,2.672428939392639,2.5012096432996027,2.5241565704345703,5064630,0.0,0.0
2009-10-21,2.5153303078660247,2.5850536290298374,2.427073240866375,2.4875290393829346,11764945,0.0,0.0
2009-10-22,2.505622739442804,2.5109178179352183,2.419130754219254,2.4548747539520264,6252076,0.0,0.0
2009-10-23,2.5065045656817433,2.5153304895958164,2.322047477244459,2.344111204147339,6244562,0.0,0.0
2009-10-26,2.3741190679139765,2.55857703138201,2.3246954510079343,2.409421682357788,11075141,0.0,0.0
2009-10-27,2.3935361899679637,2.4447255632169087,2.303513999448299,2.4072155952453613,6763716,0.0,0.0
2009-10-28,2.224964969442062,2.4403128389546977,2.224964969442062,2.3149869441986084,3289277,0.0,0.0
2009-10-29,2.2858619153197224,2.365293065931207,2.18436595460376,2.3017477989196777,5218915,0.0,0.0
2009-10-30,2.374119522450871,2.4266323961879777,2.224082028736312,2.2726235389709473,2579712,0.0,0.0
2009-11-03,2.234230352734432,2.3723532547178796,2.234230352734432,2.3066015243530273,3387055,0.0,0.0
2009-11-04,2.3555850259534568,2.3644109499952477,2.270857931079263,2.3017477989196777,2515075,0.0,0.0
2009-11-05,2.2960113843205296,2.3255775374106484,2.2611501531670313,2.275270938873291,1721420,0.0,0.0
2009-11-06,2.29557024278291,2.338816890246162,2.277036491270186,2.2938053607940674,1934475,0.0,0.0
2009-11-09,2.299100785221704,2.33881658056599,2.299100785221704,2.3180761337280273,1477488,0.0,0.0
2009-11-10,2.3436709716695456,2.347642334705146,2.27835973320406,2.321606159210205,1330614,0.0,0.0
2009-11-11,2.755831350136959,2.755831350136959,2.2863031392089614,2.338374614715576,2501797,0.0,0.0
2009-11-12,2.347641996519244,2.3652929776380853,2.3035134608398633,2.316751480102539,1102738,0.0,0.0
2009-11-13,2.3291071585732506,2.4261901442704126,2.305278336363627,2.383826494216919,2647128,0.0,0.0
2009-11-16,2.4257499909646945,2.524597872825518,2.3476421213091814,2.4729669094085693,3442944,0.0,0.0
2009-11-17,2.4367810466216753,2.709496269733363,2.4367810466216753,2.6499223709106445,9561320,0.0,0.0
2009-11-18,2.7245003445367697,2.7245003445367697,2.5793174430530477,2.644627809524536,3223816,0.0,0.0
2009-11-19,2.644186374283453,2.727148594336167,2.5259215380608957,2.548426866531372,1788116,0.0,0.0
2009-11-20,2.4535505314137778,2.824230953733099,2.4535505314137778,2.618591785430908,3403318,0.0,0.0
2009-11-23,2.6565421841460153,2.6741940330411085,2.5947617958955562,2.6124136447906494,821959,0.0,0.0
2009-11-24,2.5771105797439873,2.612413188485569,2.5241561251905256,2.542248487472534,1550770,0.0,0.0
2009-11-25,2.5541638441554038,2.5947615331526284,2.493266444353761,2.5109174251556396,1403073,0.0,0.0
2009-11-26,2.4901770015744176,2.594761328635014,2.4901770015744176,2.570049524307251,1980379,0.0,0.0
2009-11-27,2.4800276112319812,2.5462198677342958,2.427514539079837,2.5065042972564697,1613349,0.0,0.0
2009-11-30,2.5506333022051497,2.5947618423505654,2.472085128818094,2.5448968410491943,1525966,0.0,0.0
2009-12-01,2.611530226370277,2.611530226370277,2.5546044092799134,2.5899078845977783,1233761,0.0,0.0
2009-12-02,2.6115300327405895,2.6212389371292515,2.5682844860962475,2.593437671661377,1626009,0.0,0.0
2009-12-03,2.570932229489021,2.683018102436996,2.570932229489021,2.6693387031555176,2262394,0.0,0.0
2009-12-04,2.6477164000971825,2.758920411800035,2.6477164000971825,2.7196462154388428,3036905,0.0,0.0
2009-12-07,2.7536250291318423,2.841882102772952,2.7183224162518593,2.7306783199310303,1192180,0.0,0.0
2009-12-08,2.6971407121366577,2.765981059467817,2.6971407121366577,2.708613634109497,951747,0.0,0.0
2009-12-09,2.665368118574098,2.735973348654119,2.604470712378014,2.690079927444458,1045203,0.0,0.0
2009-12-10,2.6706631855473537,2.735973337132223,2.6706631855473537,2.7284719944000244,1163978,0.0,0.0
2009-12-11,2.735973201136103,2.780101954853852,2.691844663994816,2.6989057064056396,1421394,0.0,0.0
2009-12-14,2.7094965706938985,2.7359732603992493,2.613737069095461,2.660072088241577,466456,0.0,0.0
2009-12-15,2.6300652973701957,2.6918445981269046,2.5903486403208,2.619915008544922,486011,0.0,0.0
2009-12-16,2.57887545980849,2.6741935645868886,2.5065042781057234,2.646833896636963,1079992,0.0,0.0
2009-12-17,2.6172679418633553,2.6918447496819664,2.6172679418633553,2.6521291732788086,603963,0.0,0.0
2009-12-18,2.6565421506162115,2.762451076885297,2.6309473598790256,2.712585210800171,3725782,0.0,0.0
2009-12-21,2.7447988616027037,2.8233481049829674,2.6309470084754056,2.7518599033355713,5479315,0.0,0.0
2009-12-22,2.7452407510968526,2.8065795374334925,2.7447991516852985,2.77921986579895,2014139,0.0,0.0
2009-12-23,2.788927990769436,2.8154057659022182,2.7805436651844717,2.809227705001831,1227483,0.0,0.0
2009-12-24,2.815405710614083,2.8507083272154228,2.7801022277068075,2.825113534927368,1634551,0.0,0.0
2009-12-29,2.824230518539532,2.8771849801832476,2.821141921577069,2.8674769401550293,1982438,0.0,0.0
2009-12-30,2.869242224498414,2.9208729741399533,2.8282029309716,2.9111642837524414,2004670,0.0,0.0
2009-12-31,2.9124882921418127,2.9477909035760685,2.886893503599952,2.9120469093322754,3001910,0.0,0.0
2010-01-04,2.9363175673342594,3.043991382567632,2.9363175673342594,3.0281054973602295,4660649,0.0,0.0
2010-01-05,3.0894438134855395,3.095180273569401,2.965441675086507,3.007805109024048,3187793,0.0,0.0
2010-01-06,3.0095714203416963,3.0978284943154972,2.9583820575451374,3.0510520935058594,1928814,0.0,0.0
2010-01-07,3.0881193644544465,3.0881193644544465,2.9919193557089536,3.032517910003662,1388767,0.0,0.0
2010-01-08,3.036930846069094,3.168433680738762,3.02236759622153,3.0876779556274414,3126964,0.0,0.0
2010-01-11,3.1419569647777945,3.1772597936198483,3.102241390618712,3.165785789489746,3920310,0.0,0.0
2010-01-12,3.2390395993849728,3.33082685750571,2.967648104194722,3.0466387271881104,22134432,0.0,0.0
2010-01-13,3.066055603881584,3.1022411960945044,2.8595337215830683,2.8860104084014893,4801039,0.0,0.0
2010-01-14,2.9133704690866513,3.0183964062771675,2.9133704690866513,2.9632363319396973,2555216,0.0,0.0
2010-01-15,2.921313426480162,3.0095713651410088,2.921313426480162,2.99191951751709,1191356,0.0,0.0
2010-01-18,3.0258981629315773,3.122539761323388,2.956616447655061,3.0841476917266846,3208172,0.0,0.0
2010-01-19,3.0713510059894684,3.1243054681057143,2.965442081756976,2.992802619934082,649765,0.0,0.0
2010-01-20,3.062524555987036,3.062524555987036,2.9570570327022447,2.9941256046295166,748573,0.0,0.0
2010-01-21,3.0528169515020713,3.0528169515020713,2.886010628170061,2.9045445919036865,1419644,0.0,0.0
2010-01-22,2.8692417566255193,2.990154435783134,2.701111947585412,2.9071922302246094,2024431,0.0,0.0
2010-01-25,2.788928029915026,2.961030322046429,2.788928029915026,2.8838045597076416,704007,0.0,0.0
2010-01-27,2.868359636835094,2.8833625367775797,2.7801017042038785,2.79775333404541,999195,0.0,0.0
2010-01-28,2.789810593201223,2.868359842678359,2.691844614477924,2.804814577102661,1756415,0.0,0.0
2010-01-29,2.7403864101046715,2.780102205399286,2.683018981786298,2.722735643386841,2996661,0.0,0.0
2010-02-01,2.74347568972377,2.7536251127259126,2.720528979826346,2.7328848838806152,880729,0.0,0.0
2010-02-02,3.0713503274317766,3.0713503274317766,2.647715590401886,2.664926052093506,2326207,0.0,0.0
2010-02-03,2.7703944737777717,2.7703944737777717,2.6309477918130515,2.6839022636413574,1075360,0.0,0.0
2010-02-04,2.665809735287413,2.690963145795455,2.630065734257133,2.6402151584625244,1218734,0.0,0.0
2010-02-05,2.590348530143921,2.6653677962752083,2.577110727906127,2.595644474029541,1142982,0.0,0.0
2010-02-08,2.5731385190976646,2.6212386204127553,2.542248011289347,2.563429832458496,849234,0.0,0.0
2010-02-09,2.572697809108679,2.727148222771721,2.559458923767837,2.616384744644165,966671,0.0,0.0
2010-02-10,2.594761612006872,2.6918446082849554,2.5801992275380967,2.596527576446533,640090,0.0,0.0
2010-02-11,2.591673237260964,2.638008254543665,2.5594590050791175,2.575345754623413,553118,0.0,0.0
2010-02-15,2.6018231672958554,2.63800876905667,2.5162139417367118,2.5435736179351807,471808,0.0,0.0
2010-02-16,2.5607826111954077,2.5859368850345037,2.517978438122448,2.567843437194824,653264,0.0,0.0
2010-02-17,2.647716187988494,2.9698550579991325,2.612854956877813,2.7328848838806152,22969772,0.0,0.0
2010-02-18,2.7359727360554125,2.7624505035686875,2.6309468138545795,2.659189462661743,2947360,0.0,0.0
2010-02-19,2.6397734694922725,2.7006708789658926,2.604470852552253,2.62741756439209,2969489,0.0,0.0
2010-02-22,2.7359738413709263,2.7359738413709263,2.599175235932985,2.608442544937134,1238908,0.0,0.0
2010-02-23,2.58681883688408,2.638890318065476,2.58681883688408,2.6269760131835938,665615,0.0,0.0
2010-02-24,2.6177085764342376,2.621239422483818,2.5603420199252067,2.576227903366089,523373,0.0,0.0
2010-02-25,2.585936335026281,2.6388897032650607,2.498561176641005,2.516653537750244,2471538,0.0,0.0
2010-02-26,2.495472076496144,2.780101832393307,2.495472076496144,2.6508054733276367,13283088,0.0,0.0
2010-03-02,2.665368149879505,2.8582097940477604,2.665368149879505,2.7770135402679443,6508462,0.0,0.0
2010-03-03,2.868359991547777,2.8771850495423337,2.780102048002237,2.8352627754211426,3357207,0.0,0.0
2010-03-04,2.833939121972251,2.862622508077602,2.8065794511785565,2.824230432510376,1498485,0.0,0.0
2010-03-05,2.8665938319582596,2.868359796373475,2.781426223856531,2.8445301055908203,1145864,0.0,0.0
2010-03-08,2.8860107821949965,2.9124885553250133,2.8246719938665437,2.831291437149048,971509,0.0,0.0
2010-03-09,2.8577693850606116,2.86836040913242,2.784515198954187,2.8462955951690674,1722141,0.0,0.0
2010-03-10,2.8507082133952006,2.876303004661332,2.80746178966845,2.8348214626312256,695155,0.0,0.0
2010-03-11,2.829526459625696,2.8560033675794596,2.7359734331686103,2.759361743927002,1418924,0.0,0.0
2010-03-12,2.779219864468586,2.846295111594029,2.7536250744572595,2.822465419769287,1279769,0.0,0.0
2010-03-15,2.7823078885100365,2.8352623433606694,2.7359728758760054,2.7611262798309326,463059,0.0,0.0
2010-03-16,2.7598028443395557,2.804372760032344,2.7231756530743105,2.7518599033355713,341299,0.0,0.0
2010-03-17,2.815405269015253,2.815405269015253,2.7386211207712354,2.7655394077301025,283352,0.0,0.0
2010-03-18,2.868359929583325,2.868359929583325,2.745240757223712,2.75803804397583,359722,0.0,0.0
2010-03-19,2.7536248942597843,2.8021663906730714,2.7447989707515044,2.7461235523223877,430020,0.0,0.0
2010-03-22,2.700670507284057,2.771276814329279,2.700670507284057,2.741710662841797,1214309,0.0,0.0
2010-03-23,2.78892780812506,2.78892780812506,2.6927277870452304,2.7072901725769043,1010620,0.0,0.0
2010-03-25,2.691844369093335,2.691844369093335,2.6741936058999145,2.688755989074707,933529,0.0,0.0
2010-03-26,2.7006704294541364,2.8308495522345285,2.686991027725148,2.7655394077301025,4393250,0.0,0.0
2010-03-29,2.7845144161267577,2.902337847333328,2.7536247681447654,2.783632516860962,2548628,0.0,0.0
2010-03-30,2.806579468899735,2.8948365418806814,2.7951056812322315,2.854679584503174,1651843,0.0,0.0
2010-03-31,2.8595336123555533,2.86835953525197,2.7942232556418296,2.827319383621216,605404,0.0,0.0
2010-04-01,2.797753322445935,2.8860103884054644,2.797753322445935,2.874537467956543,1300869,0.0,0.0
2010-04-05,2.8838041944832704,2.93896513691575,2.8480601983310145,2.9098405838012695,1372916,0.0,0.0
2010-04-06,2.956616897581166,2.98132870451613,2.873213303861034,2.924844264984131,791390,0.0,0.0
2010-04-07,2.953969106112643,2.9742679516497437,2.920872757398331,2.963676929473877,1244157,0.0,0.0
2010-04-08,2.9252857247689663,2.9751507227709015,2.9252857247689663,2.948232650756836,2729159,0.0,0.0
2010-04-09,2.9830935508327157,3.009571321888061,2.9133704430166545,2.971179246902466,1722758,0.0,0.0
2010-04-12,2.991036539806222,3.133131054583683,2.974709273774155,3.1119494438171387,4504203,0.0,0.0
2010-04-13,3.0898844562137953,3.202854195533788,3.0281049421848456,3.1181271076202393,3909914,0.0,0.0
2010-04-15,3.133131355016795,3.133131355016795,3.0364899488349497,3.0470807552337646,2337015,0.0,0.0
2010-04-16,3.0095718242707625,3.291994932045209,3.0095718242707625,3.251837968826294,11584208,0.0,0.0
2010-04-19,3.2258017366977247,3.3705432682926024,3.089002931193066,3.3087637424468994,6112921,0.0,0.0
2010-04-20,3.327738774466814,3.525876353797019,3.3272973916280084,3.405405044555664,21031488,0.0,0.0
2010-04-21,3.4393837861424985,3.5541175391760964,3.371425563544205,3.5285229682922363,7324143,0.0,0.0
2010-04-22,3.5302875505422855,3.571327700135327,3.4512977969362577,3.55676531791687,5245160,0.0,0.0
2010-04-23,3.5655924462228192,3.6097209905555037,3.496751224019039,3.585449695587158,2087421,0.0,0.0
2010-04-26,3.600453402133954,3.6538492506588125,3.5404387597711824,3.6057491302490234,1966793,0.0,0.0
2010-04-27,3.622076252829988,3.741223193072012,3.5691217924623047,3.702831983566284,3629238,0.0,0.0
2010-04-28,3.6626748156656084,3.7725553156957994,3.6097203552103787,3.7116570472717285,5652023,0.0,0.0
2010-04-29,3.6189868225426167,3.7685828983065743,3.6189868225426167,3.7562267780303955,3043389,0.0,0.0
2010-04-30,3.8034447343634503,3.936271942921043,3.7081268358780344,3.7844696044921875,3484320,0.0,0.0
2010-05-03,3.7844699606863923,3.86566621538699,3.4932209433973567,3.757551670074463,8569638,0.0,0.0
2010-05-04,3.8038863467871713,3.846690520710506,3.715629268688111,3.7385764122009277,2265173,0.0,0.0
2010-05-05,3.6626746261541046,4.326368821327972,3.6273709324224104,3.904057741165161,47082423,0.0,0.0
2010-05-06,3.9097946990171732,3.9473048804574757,3.7804985355961898,3.8131535053253174,6508359,0.0,0.0
2010-05-07,3.6185462006624745,3.7897643990422467,3.5391139702602943,3.7544620037078857,2737599,0.0,0.0
2010-05-10,3.6635568218172248,4.013938127065754,3.6635568218172248,3.8466904163360596,9214154,0.0,0.0
2010-05-11,3.9053828105858552,3.9671625565743684,3.7346053101518084,3.7884418964385986,9118949,0.0,0.0
2010-05-12,3.8391887853744935,3.953922758592404,3.8135942136857985,3.864341974258423,6673965,0.0,0.0
2010-05-13,3.8824348247054177,4.288418692821277,3.83918926693074,4.197955131530762,50475449,0.0,0.0
2010-05-14,4.253998109033521,4.456990039068929,4.157797871926514,4.3435797691345215,46108238,0.0,0.0
2010-05-17,4.256646644132273,4.501119071378662,4.1922181654133635,4.359024524688721,13133435,0.0,0.0
2010-05-18,4.412860322021197,4.45698906818185,4.2363453373785855,4.262823104858398,4620612,0.0,0.0
2010-05-19,4.262822798188575,4.262822798188575,4.03202944638259,4.18250846862793,21748670,0.0,0.0
2010-05-20,4.192217594020824,4.28047597375975,4.068658114781691,4.167506217956543,3477218,0.0,0.0
2010-05-21,4.147208227481854,4.201044386183322,4.037769078811925,4.190011978149414,39619434,0.0,0.0
2010-05-24,4.118082296004081,4.209869132946769,3.887730705379102,3.987461566925049,2036988,0.0,0.0
2010-05-25,3.89214403940428,3.945098288731264,3.7085686153593254,3.824185371398926,2093288,0.0,0.0
2010-05-26,3.786234363267092,4.028941616500363,3.786234363267092,3.979076623916626,3313979,0.0,0.0
2010-05-27,4.033354585400175,4.09513388118664,3.904940350044746,4.071305274963379,1386399,0.0,0.0
2010-05-28,4.148089000201461,4.17412495630485,3.954805768746765,4.085867881774902,929618,0.0,0.0
2010-05-31,4.06953888069911,4.085424757505414,3.92832762164336,4.02805757522583,1221410,0.0,0.0
2010-06-01,4.103959932122883,4.184715658089068,4.05100569145958,4.147206783294678,2354306,0.0,0.0
2010-06-02,4.10395973333731,4.192216796834528,4.10395973333731,4.153384208679199,1521849,0.0,0.0
2010-06-03,4.16574160682845,4.192218084279326,4.060715430778775,4.118523597717285,1657401,0.0,0.0
2010-06-04,4.123376037685931,4.21781114595577,4.060713553978326,4.191334247589111,3982888,0.0,0.0
2010-06-07,4.326369143387683,4.326369143387683,4.0593905706552285,4.064686298370361,1034396,0.0,0.0
2010-06-08,4.064244563403046,4.190893704311209,4.015702851419989,4.038649559020996,1183122,0.0,0.0
2010-06-09,4.097339505622043,4.271648417925958,4.097339505622043,4.189568996429443,12589271,0.0,0.0
2010-06-10,4.217811795301243,4.217811795301243,4.141028518325221,4.191776275634766,3031655,0.0,0.0
2010-06-11,4.20986869850218,4.2363456013259455,4.095133864705308,4.1030778884887695,1134645,0.0,0.0
2010-06-14,4.190452255265581,4.190452255265581,4.088515787910239,4.131319522857666,1024618,0.0,0.0
2010-06-15,4.147648734865833,4.218695348471661,4.121612344032697,4.19530725479126,3645294,0.0,0.0
2010-06-16,4.235464576286934,4.235464576286934,4.156915317709518,4.190453052520752,4531376,0.0,0.0
2010-06-17,4.192216792105406,4.200601332245224,4.113227467553206,4.191776275634766,12383936,0.0,0.0
2010-06-18,4.148087838371666,4.192216146700366,4.139262783119854,4.191334247589111,10859102,0.0,0.0
2010-06-21,4.192216792105406,4.201042715021608,4.174566245731619,4.191776275634766,8090728,0.0,0.0
2010-06-22,4.1908950211798786,4.195307984229148,4.174567750942428,4.19221830368042,5110740,0.0,0.0
2010-06-23,4.1657412425744065,4.192217717710168,4.1657412425744065,4.190453052520752,677452,0.0,0.0
2010-06-24,4.19221830368042,4.19221830368042,4.1847169595415075,4.19221830368042,5038693,0.0,0.0
2010-06-25,4.192218459756195,4.236347225585739,4.154268188948076,4.190011978149414,2052118,0.0,0.0
2010-06-28,4.174566714257753,4.192217262612523,4.122053419948921,4.154708385467529,3368426,0.0,0.0
2010-06-29,4.182950254729169,4.192216693898937,4.078806445891436,4.105284214019775,1513512,0.0,0.0
2010-06-30,4.059832309960584,4.192217717710168,4.059832309960584,4.190453052520752,3792477,0.0,0.0
2010-07-01,4.148088829242456,4.1825093251246415,4.05100583468422,4.085426330566406,2336088,0.0,0.0
2010-07-02,4.081896500211632,4.278709483507514,4.047475571744072,4.178096294403076,8915157,0.0,0.0
2010-07-05,4.188246605187135,4.535097745060422,4.157356734216065,4.355052947998047,30095681,0.0,0.0
2010-07-06,4.40315214779542,4.492291982875546,4.34269613101252,4.445957183837891,20670427,0.0,0.0
2010-07-07,4.5452459636981954,4.5452459636981954,4.395208318784669,4.456105709075928,6638662,0.0,0.0
2010-07-08,4.537387143093924,4.5548041515437685,4.4570002758450435,4.525329113006592,4557004,0.058295,0.0
2010-07-09,4.523989890688596,4.671364644175678,4.49362103172003,4.556143760681152,27499604,0.0,0.0
2010-07-12,4.573112941385359,4.817846571524506,4.556142628370146,4.588297367095947,13399908,0.0,0.0
2010-07-13,4.599910018363309,4.805343207909666,4.599910018363309,4.768275737762451,5686297,0.0,0.0
2010-07-14,4.822313928515732,4.912525372077822,4.69056853876224,4.781227111816406,11430850,0.0,0.0
2010-07-15,4.781226522399185,4.794177933394127,4.689228325659078,4.736567497253418,3086617,0.0,0.0
2010-07-16,4.736568072851952,4.966116463160508,4.719597316846213,4.864740371704102,10273355,0.0,0.0
2010-07-19,4.498532904906462,5.000504133957199,4.498532904906462,4.910738945007324,5684136,0.0,0.0
2010-07-20,4.943788221692446,4.975049152464285,4.70709362053816,4.841071605682373,3857217,0.0,0.0
2010-07-21,4.850002656792575,4.982194299730636,4.805343626000486,4.913418769836426,36459740,0.0,0.0
2010-07-22,4.956292275476827,5.032212677214651,4.78747983794582,4.800431251525879,4384707,0.0,0.0
2010-07-23,4.902700431249518,4.902700431249518,4.6637732767412645,4.7021803855896,3621621,0.0,0.0
2010-07-26,4.409214868834031,4.912079971151055,4.409214868834031,4.831692218780518,4681029,0.0,0.0
2010-07-27,4.8383902694242025,4.930388904563753,4.75711046663451,4.890642166137695,5393578,0.0,0.0
2010-07-28,4.912524884921349,5.126890139583285,4.781226637680283,4.928602695465088,11521115,0.0,0.0
2010-07-29,4.86875971063443,5.073299096236344,4.86875971063443,5.036678314208984,4572237,0.0,0.0
2010-07-30,5.020601259710105,5.167530198737365,4.93038938016814,5.082231044769287,11559095,0.0,0.0
2010-08-02,5.144308302360687,5.251936768232197,4.932176017107347,5.13224983215332,3608138,0.0,0.0
2010-08-03,5.17154908002479,5.216208543868772,5.056328206876439,5.086696624755859,3025892,0.0,0.0
2010-08-04,5.1536855150868,5.216209122088914,5.002737229475428,5.184054374694824,4147157,0.0,0.0
2010-08-05,5.216208683345444,5.216208683345444,5.135822259983891,5.15145206451416,4295574,0.0,0.0
2010-08-06,5.100093666138705,5.35018586558718,5.100093666138705,5.263994216918945,12516297,0.0,0.0
2010-08-09,5.314460036109757,5.5734834815350265,5.299275605318042,5.445757865905762,16778113,0.0,0.0
2010-08-10,5.465853464901074,5.49309548062353,5.314458521462571,5.385467052459717,4353418,0.0,0.0
2010-08-11,5.359117908975329,5.5734822746446,5.344380610893819,5.427000045776367,6619003,0.0,0.0
2010-08-12,5.248363703835027,5.510066832555329,5.248363703835027,5.456475734710693,2321988,0.0,0.0
2010-08-13,5.484164513045526,5.509620208116389,5.332769539252713,5.3617987632751465,2214740,0.0,0.0
2010-08-16,5.421641380935901,5.669053865517661,5.271585627063337,5.4899702072143555,5998057,0.0,0.0
2010-08-17,5.412711180986349,5.643153430453454,5.3595667635229916,5.465855598449707,2837436,0.0,0.0
2010-08-18,5.555619704968752,5.57348296596138,5.412710110129861,5.460941791534424,1917286,0.0,0.0
2010-08-19,5.493096289356369,5.62260821340627,5.430573125263852,5.4859514236450195,2546570,0.0,0.0
2010-08-20,5.404671278439831,5.7601593682586705,5.394845827614253,5.671733379364014,7378487,0.0,0.0
2010-08-23,5.7342564928858,5.93968966993859,5.646277202613788,5.7530131340026855,8201269,0.0,0.0
2010-08-24,5.770877339698998,5.850370815782661,5.552046934933614,5.640918731689453,3635311,0.0,0.0
2010-08-25,5.705674759718051,5.705674759718051,5.378768357630055,5.5346293449401855,6440326,0.0,0.0
2010-08-26,5.51989302313976,5.761053195779778,5.448437345390394,5.7132673263549805,7597511,0.0,0.0
2010-08-27,5.743188394995696,5.805265305140707,5.466300853767226,5.507833480834961,4284973,0.0,0.0
2010-08-30,5.528824986995271,5.653424653394758,5.403779067757873,5.456923484802246,4095591,0.0,0.0
2010-08-31,5.28855680661939,5.581522620570877,5.28855680661939,5.478806018829346,4623905,0.0,0.0
2010-09-01,5.415389313975878,5.671287188880532,5.415389313975878,5.608316898345947,6192070,0.0,0.0
2010-09-02,5.627074043105276,5.90396245641152,5.611443800603029,5.7472076416015625,13236360,0.0,0.0
2010-09-03,5.796779697563914,5.939689715819222,5.747207509635356,5.852157115936279,10405408,0.0,0.0
2010-09-06,5.895030589822712,6.24337249153885,5.868234384518067,6.210325241088867,19311097,0.0,0.0
2010-09-07,6.21657796721011,6.975786294371299,6.085279709697454,6.601987361907959,214860569,0.0,0.0
2010-09-08,6.5899301900314935,6.832877133218431,6.5220484780725485,6.676568984985352,15348484,0.0,0.0
2010-09-09,6.698898567843136,7.0454545938104705,6.698898567843136,6.807867527008057,157032775,0.0,0.0
2010-09-13,6.841809454040969,6.948992107389508,6.718550301332885,6.807421684265137,9550101,0.0,0.0
2010-09-14,6.866817915779427,6.866817915779427,6.6988993010077165,6.749810695648193,6516490,0.0,0.0
2010-09-15,6.777498185442281,6.877535068733581,6.663170694562677,6.785983562469482,28223887,0.0,0.0
2010-09-16,6.788663572415273,7.303585310432538,6.582783689393217,6.967747688293457,30064907,0.0,0.0
2010-09-17,7.1008318507631225,7.272323972012309,6.9847180283792785,7.036076545715332,7960322,0.0,0.0
2010-09-20,7.047242096159692,7.317431066815621,7.047242096159692,7.135220527648926,9918367,0.0,0.0
2010-09-21,7.13522020724223,7.22587921996051,6.341623649589881,6.902544975280762,5027989,0.0,0.0
2010-09-22,6.948990172259167,6.9668534314200645,6.754275387059133,6.912816524505615,5224884,0.0,0.0
2010-09-23,6.797148918829489,6.948990575773966,6.797148918829489,6.877535343170166,5187420,0.0,0.0
2010-09-24,6.770352892131792,7.010620542752914,6.770352892131792,6.92889404296875,6627855,0.0,0.0
2010-09-27,6.799382574913723,7.188364636661713,6.799382574913723,7.085202217102051,10726946,0.0,0.0
2010-09-28,6.92710786046385,7.243741724143702,6.788217170209479,7.088327407836914,5473860,0.0,0.0
2010-09-29,6.966853695191633,7.19015101858991,6.877535204194526,6.918622016906738,2676050,0.0,0.0
2010-09-30,6.922195473356279,6.9976700563415815,6.844041620265118,6.909244060516357,1785748,0.0,0.0
2010-10-01,6.815012184131947,7.121375644823406,6.790449872569389,6.92174768447876,3699227,0.0,0.0
2010-10-04,7.0383092355114485,7.100831520518394,6.922194541803421,6.997222423553467,3207143,0.0,0.0
2010-10-05,6.923088404171103,7.038309723714745,6.895846383577066,6.957921981811523,3308112,0.0,0.0
2010-10-06,7.252672737248713,7.252672737248713,6.904330868797613,7.140578269958496,7120042,0.0,0.0
2010-10-07,7.065104483809323,7.208014512405889,6.950776986966733,7.001241683959961,3920722,0.0,0.0
2010-10-08,6.966853107194287,7.1365593216712195,6.9360388769852355,6.960154056549072,2064675,0.0,0.0
2010-10-11,6.989184008053331,7.127628000686444,6.989184008053331,7.08877420425415,1728934,0.0,0.0
2010-10-12,6.985611499925425,7.180773454430058,6.985611499925425,7.128968238830566,2305725,0.0,0.0
2010-10-13,7.065105380593743,7.1901521646456095,7.065105380593743,7.124056339263916,3760982,0.0,0.0
2010-10-14,7.12762833612454,7.208014764259009,7.12762833612454,7.193724155426025,4848590,0.0,0.0
2010-10-15,7.100832033696099,7.199082598271009,6.9851648994314735,7.010620594024658,1524216,0.0,0.0
2010-10-18,7.136561188665555,7.136561188665555,6.654239936722153,6.787771224975586,6601300,0.0,0.0
2010-10-19,6.922194714894375,6.922194714894375,6.672102061715399,6.709616661071777,5363318,0.0,0.0
2010-10-20,6.788216878856174,6.922194837802516,6.7614215500842345,6.840022087097168,2741510,0.0,0.0
2010-10-21,6.877534592528385,6.913261985749746,6.859670457555539,6.891825199127197,2481110,0.0,0.0
2010-10-22,6.94005883151253,6.94005883151253,6.877535230036321,6.903437614440918,907180,0.0,0.0
2010-10-25,6.895400404084542,7.120929902607148,6.877536264768117,7.066891670227051,1874161,0.0,0.0
2010-10-26,7.038309843578086,7.126734520056161,6.923981027581487,7.002135753631592,915826,0.0,0.0
2010-10-27,7.004368823567362,7.054833522735707,6.8775357238794355,6.943184852600098,762571,0.0,0.0
2010-10-28,6.8864681605686044,6.9668545936517,6.87842991178633,6.8828959465026855,593774,0.0,0.0
2010-10-29,6.863690935690178,7.056171824604246,6.607793066611587,6.917281150817871,3793197,0.0,0.0
2010-11-01,7.056172806535687,7.154423374451354,6.98025241128522,7.132987022399902,2314062,0.0,0.0
2010-11-02,7.190152023913983,7.484903304597538,7.136560921822634,7.2026567459106445,16316803,0.0,0.0
2010-11-03,7.234811501027497,7.312071097006922,7.100832649778836,7.1387939453125,2232134,0.0,0.0
2010-11-04,7.015978181095777,7.2508863702928075,7.015978181095777,7.237488269805908,1701659,0.0,0.0
2010-11-08,7.252227633581158,7.297333795690838,7.159336915915049,7.2272186279296875,1366226,0.0,0.0
2010-11-09,7.172286924225736,7.3955833722133475,7.172286924225736,7.286614418029785,3540928,0.0,0.0
2010-11-10,7.2348110569341655,7.358963133639247,7.216946918956052,7.233917236328125,2564685,0.0,0.0
2010-11-11,7.252674003216024,7.270538141498061,7.020445904258733,7.1088714599609375,4061317,0.0,0.0
2010-11-12,7.108870824336478,7.127627904838146,6.923088098764662,6.991416931152344,3615137,0.0,0.0
2010-11-15,6.94899148106809,7.144599246886851,6.94899148106809,6.98069953918457,2192508,0.0,0.0
2010-11-16,6.967747620444845,7.099492122669183,6.708722896754851,6.954349517822266,3688214,0.0,0.0
2010-11-18,7.127629119518301,7.127629119518301,6.573852623696724,6.8980793952941895,1673869,0.0,0.0
2010-11-19,6.87708859342457,7.028483557982391,6.700237496986455,6.802507400512695,1518452,0.0,0.0
2010-11-22,6.788217368236738,6.931127405984634,6.716762130181667,6.822605133056641,1103767,0.0,0.0
2010-11-23,6.832876504792705,6.895399670663172,6.725693872105872,6.825730323791504,1170566,0.0,0.0
2010-11-24,6.761421300217854,6.918175238991327,6.743557163880438,6.775265216827393,897711,0.0,0.0
2010-11-25,6.797148716102893,6.797148716102893,6.476047527601546,6.561793804168701,1919345,0.0,0.0
2010-11-26,6.511329457999486,6.627443282216064,5.805712252215656,6.521600723266602,5515441,0.0,0.0
2010-11-29,6.521600171166109,6.521600171166109,6.039726153766859,6.373777866363525,4489794,0.0,0.0
2010-11-30,6.305895043904134,6.430047968958917,6.21657656623823,6.317952632904053,935897,0.0,0.0
2010-12-01,6.341622606935073,6.5363378275469035,6.341622606935073,6.371098518371582,1017825,0.0,0.0
2010-12-02,6.4130786562402315,6.681034131052978,6.363059774907204,6.626103401184082,1160994,0.0,0.0
2010-12-03,6.627443113914719,6.627443113914719,6.3416230607004005,6.430495738983154,638649,0.0,0.0
2010-12-06,6.475602371721665,6.502397702306685,6.2969644965562255,6.316167831420898,465015,0.0,0.0
2010-12-07,6.511329035415997,6.511329035415997,5.939689828294458,5.9999799728393555,6705769,0.0,0.0
2010-12-08,6.029007862869267,6.082598952303565,5.895029920102442,5.984795093536377,2567567,0.0,0.0
2010-12-09,6.162540323659538,6.162540323659538,5.707462413674602,5.903963565826416,6895769,0.0,0.0
2010-12-10,6.161201725221737,6.243374501797356,5.64493975156545,6.140212059020996,1257331,0.0,0.0
2010-12-13,6.138423532271482,6.332691616155393,5.915126229105133,6.240246295928955,716666,0.0,0.0
2010-12-14,6.288031170721001,6.338943428399002,6.100462140664611,6.301429271697998,588319,0.0,0.0
2010-12-15,6.180849482771617,6.252303830098239,6.086171584880466,6.16745138168335,179809,0.0,0.0
2010-12-16,6.225509454626933,6.225509454626933,6.091977315623295,6.14556884765625,125156,0.0,0.0
2010-12-20,6.1272601800072595,6.242927768615336,6.02900960185755,6.14512300491333,964510,0.0,0.0
2010-12-21,6.118327584331444,6.234442292497655,6.056697797082751,6.111628532409668,939396,0.0,0.0
2010-12-22,6.100462828481561,6.205859130578841,6.073667500230753,6.0888519287109375,424874,0.0,0.0
2010-12-23,6.18978212570746,6.279100616123528,6.104928792678342,6.2648091316223145,1447537,0.0,0.0
2010-12-24,6.166558589851713,6.279100633299552,6.145568930850457,6.18978214263916,1377548,0.0,0.0
2010-12-27,6.252752004057296,6.332692617812874,6.119666544836887,6.154501438140869,477983,0.0,0.0
2010-12-28,6.251857280731201,6.339389439019766,6.208985022053416,6.251857280731201,1955575,0.0,0.0
2010-12-29,6.29696422501437,6.332692499886352,6.149588159703029,6.244266510009766,1663679,0.0,0.0
2010-12-30,6.296070862561374,6.296963367932133,6.252303907145225,6.286691665649414,675496,0.0,0.0
2010-12-31,6.2880317659952585,6.314827970485991,6.251411864628506,6.284459114074707,2265893,0.0,0.0
2011-01-03,6.419778395342354,6.419778395342354,6.282674024800437,6.294731616973877,1299325,0.0,0.0
2011-01-04,6.296964387545564,6.555988688344177,6.217471341059627,6.255878448486328,5865489,0.0,0.0
2011-01-05,6.189782742929854,6.340284337575009,6.189782742929854,6.229976177215576,20950486,0.0,0.0
2011-01-06,6.332692458290389,6.386729369540638,6.118773885194219,6.151821136474609,1019780,0.0,0.0
2011-01-07,6.118327210203951,6.162986238531538,5.850371286789536,5.891904354095459,1279357,0.0,0.0
2011-01-10,5.806605148815103,6.04687281497951,5.538649646002701,5.750335216522217,3627282,0.0,0.0
2011-01-11,5.636005847451055,5.805264936013366,5.636005847451055,5.677539348602295,1987172,0.0,0.0
2011-01-12,5.675306423143899,5.761052258089872,5.675306423143899,5.7530131340026855,224170,0.0,0.0
2011-01-13,5.698528992318742,5.805711612781561,5.6467237887717046,5.717285633087158,609521,0.0,0.0
2011-01-14,5.650297491822646,5.784275901920345,5.501135089862247,5.653870582580566,1427158,0.0,0.0
2011-01-17,5.592240395341932,5.76105281179177,5.537755915928986,5.663248062133789,736840,0.0,0.0
2011-01-18,5.671732911495144,5.930757619726654,5.5645511654465505,5.819108963012695,15012331,0.0,0.0
2011-01-19,5.87716685383803,5.937457443161514,5.601172671152528,5.635559558868408,1706187,0.0,0.0
2011-01-20,5.51989293825986,5.698529938075083,5.40467161309868,5.558745861053467,1667796,0.0,0.0
2011-01-21,5.618142273418644,5.67083997952705,5.595812105393338,5.621267795562744,399863,0.0,0.0
2011-01-24,5.637793092679677,5.761053552643558,5.600279802016377,5.730238437652588,401716,0.0,0.0
2011-01-25,5.823575476496926,5.850371243987215,5.519892595659574,5.544007778167725,849645,0.0,0.0
2011-01-27,5.5382012051385745,5.600277664227424,5.442183682580531,5.458261489868164,584716,0.0,0.0
2011-01-28,5.448436160232724,5.448436160232724,5.145646265654282,5.282750606536865,1526583,0.0,0.0
2011-01-31,5.269800524604937,5.448437533328989,5.016135621526968,5.2470245361328125,4427730,0.0,0.0
2011-02-01,5.260868128161544,5.4216423027498,4.957631484959973,5.014348983764648,4381105,0.0,0.0
2011-02-02,5.126890124501609,5.126890124501609,4.7888186185983415,4.862506866455078,1280181,0.0,0.0
2011-02-03,5.0255118438210395,5.394844646834946,4.787478141282407,5.3555450439453125,2759110,0.0,0.0
2011-02-04,5.385913834353376,5.6074248432493805,5.180481513593082,5.27560567855835,3162370,0.0,0.0
2011-02-07,5.270246758118833,5.35018649476867,5.1809282615127366,5.315352916717529,864981,0.0,0.0
2011-02-08,5.271139298709849,5.323391196056768,5.189413242216677,5.260867595672607,1028323,0.0,0.0
2011-02-09,5.128230259683047,5.304188441560223,5.1268910629096744,5.27203369140625,2953947,0.0,0.0
2011-02-10,5.296149587004489,5.296149587004489,4.8776916300312285,5.046949863433838,3292879,0.0,0.0
2011-02-11,5.050075947809278,5.57705614126998,5.037571665907275,5.360012054443359,873112,0.0,0.0
2011-02-14,5.448436471706506,5.564551162295712,5.3680500526250325,5.484610557556152,393893,0.0,0.0
2011-02-15,5.495328980911098,5.537755426830493,5.368050081515099,5.4627275466918945,738589,0.0,0.0
2011-02-16,5.50202817326803,5.510960241422606,5.283643578183065,5.3640313148498535,280470,0.0,0.0
2011-02-17,5.448436803532863,5.510513714661414,5.403777776514882,5.497115612030029,4141187,0.0,0.0
2011-02-18,5.539096706091473,5.984350043752525,5.53775663259363,5.628861904144287,4397470,0.0,0.0
2011-02-21,5.546687197830742,5.671733083434091,5.484164035847969,5.659228801727295,6621371,0.0,0.0
2011-02-22,5.671733330357309,5.832507495571151,5.573482768210452,5.794547080993652,2433867,0.0,0.0
2011-02-23,5.8057124182783,5.814643610482555,5.475233320073355,5.533736705780029,10365473,0.0,0.0
2011-02-24,5.510960943675878,5.536416639780683,5.2849847632432425,5.402884483337402,11568770,0.0,0.0
2011-02-25,5.456921442751372,5.456921442751372,5.167976345230236,5.183606147766113,740030,0.0,0.0
2011-02-28,5.2965955745563535,5.590900589662028,5.189859627799329,5.490417003631592,1112001,0.0,0.0
2011-03-01,5.546687466655301,5.5734827956878625,5.423427901036195,5.517212867736816,580805,0.0,0.0
2011-03-03,5.581523060576401,5.8655563895521245,5.457369658781435,5.514086723327637,13273208,0.0,0.0
2011-03-04,5.529717430245708,5.765964869926176,5.458263069750813,5.6837921142578125,3871009,0.0,0.0
2011-03-07,5.371176925928669,5.627074840026631,5.371176925928669,5.594473838806152,1246730,0.0,0.0
2011-03-08,5.618143101602139,5.814643348845566,5.573929450066826,5.644937992095947,1876425,0.0,0.0
2011-03-09,5.629308676180645,5.868235868526885,5.629308676180645,5.765965938568115,9036197,0.0,0.0
2011-03-10,5.673967018424526,5.957553652721439,5.673967018424526,5.9253997802734375,2054691,0.0,0.0
2011-03-11,5.806157903177298,5.972737297002039,5.672627074840923,5.8910112380981445,952365,0.0,0.0
2011-03-14,5.895030349103715,6.011144165480273,5.860195897337212,5.933884143829346,960187,0.0,0.0
2011-03-15,5.868234688906645,5.884759630075431,5.717733097887314,5.771324634552002,750632,0.0,0.0
2011-03-16,5.726217580537389,5.912447418037769,5.726217580537389,5.776235580444336,468514,0.0,0.0
2011-03-17,5.717286419162793,5.841439809960722,5.717286419162793,5.789187908172607,385762,0.0,0.0
2011-03-18,5.827149320242151,5.827149320242151,5.609211815131412,5.652977466583252,808270,0.0,0.0
2011-03-21,5.7914211544837,5.795887189119132,5.610104005872962,5.6203765869140625,255459,0.0,0.0
2011-03-22,5.671732963405354,5.796779723086782,5.631539972655087,5.640918731689453,791596,0.0,0.0
2011-03-23,5.547581308197157,5.794100440367493,5.547581308197157,5.735596179962158,710182,0.0,0.0
2011-03-24,5.684238896847401,5.859302354311603,5.684238896847401,5.704334735870361,731899,0.0,0.0
2011-03-25,5.814197604617472,5.823575487631783,5.686472004006063,5.786061763763428,1346464,0.0,0.0
2011-03-28,5.769984445169302,5.96425257093515,5.768198118962321,5.9401373863220215,1858825,0.0,0.0
2011-03-29,5.939689889306008,6.252304385271977,5.939689889306008,6.1964802742004395,3094748,0.0,0.0
2011-03-30,6.225509497135574,6.463989931353157,6.163432587631275,6.328226089477539,2269290,0.0,0.0
2011-03-31,6.296963298267363,6.518920088241537,6.171917423154467,6.250964641571045,2653612,0.0,0.0
2011-04-01,6.261237421602678,6.330905898444178,6.082600413896846,6.246946811676025,1219661,0.0,0.0
2011-04-04,6.073667574118407,6.47560188639223,6.073667574118407,6.443892955780029,1311264,0.0,0.0
2011-04-05,6.439427364693733,6.475601450362623,6.310808393426568,6.346982479095459,850263,0.0,0.0
2011-04-06,6.372886405606157,6.457738878753252,6.372886405606157,6.41352653503418,542620,0.0,0.0
2011-04-07,6.29160586692895,6.47560227955798,6.271508711732849,6.403700351715088,501141,0.0,0.0
2011-04-08,6.376459309379955,6.447021174692593,6.376459309379955,6.4389824867248535,644722,0.0,0.0
2011-04-11,6.378243941802655,6.446572333019049,6.378243941802655,6.389408588409424,1598219,0.0,0.0
2011-04-13,6.378244624657009,6.512668842849643,6.370205937963614,6.425583362579346,2679652,0.0,0.0
2011-04-15,6.405039396666051,6.460417251028964,6.363952587352851,6.394321441650391,1011032,0.0,0.0
2011-04-18,6.386282998900115,6.430942467713317,6.234442207694412,6.252305030822754,1519481,0.0,0.0
2011-04-19,6.211219551757349,6.331352733956609,6.207646460831947,6.291606426239014,423433,0.0,0.0
2011-04-20,6.350554694798727,6.376457516176815,6.29696360287225,6.327332019805908,421889,0.0,0.0
2011-04-21,6.252303926754811,6.375563477809691,6.252303926754811,6.352787494659424,1105311,0.0,0.0
2011-04-25,6.330012330372423,6.385390191827073,6.279100941622863,6.30366325378418,1098415,0.0,0.0
2011-04-26,6.2719551429831535,6.330905217678464,6.241586723430014,6.2924981117248535,502788,0.0,0.0
2011-04-27,6.2791005686026615,6.348769034436157,6.277314242644079,6.323760032653809,662837,0.0,0.0
2011-04-28,6.271061599280777,6.341177196290085,6.271061599280777,6.329118728637695,674879,0.0,0.0
2011-04-29,6.350555576558365,6.430942444790697,6.18129733886872,6.247838973999023,1165934,0.0,0.0
2011-05-02,6.171918298114534,6.270168861669922,6.11832720118311,6.173704624176025,333477,0.0,0.0
2011-05-03,6.095996406658159,6.171916779863427,5.7789146223178305,5.825807094573975,1474194,0.0,0.0
2011-05-04,5.880738151745426,5.984348112329249,5.672179034236721,5.695402145385742,1035631,0.0,0.0
2011-05-05,5.564552508064717,5.714607427100263,5.480145848973214,5.5502610206604,610242,0.0,0.0
2011-05-06,5.477466498082599,5.752121050269246,5.475233480784873,5.5895609855651855,1049629,0.0,0.0
2011-05-09,5.609211557030614,5.7324711333513,5.609211557030614,5.719966411590576,353753,0.0,0.0
2011-05-10,5.720858925390272,5.833400974413129,5.59670641448515,5.680665493011475,441651,0.0,0.0
2011-05-11,5.6547633431528155,5.743188898070864,5.600725991105389,5.637792587280273,491466,0.0,0.0
2011-05-12,5.408691374760508,5.819110253300837,5.408691374760508,5.730238437652588,971817,0.0,0.0
2011-05-13,5.546688238358055,5.7592663275984135,5.546688238358055,5.725772380828857,152123,0.0,0.0
2011-05-16,5.627521186922967,5.737829344006296,5.627521186922967,5.700762748718262,380616,0.0,0.0
2011-05-17,5.647171119530771,5.794100493458882,5.497562475682055,5.574823379516602,4015207,0.0,0.0
2011-05-18,5.671733294540575,5.84143952722436,5.458708546169631,5.660122394561768,1759297,0.0,0.0
2011-05-19,5.667267436557746,5.7990123618958735,5.49398901160389,5.560084819793701,740236,0.0,0.0
2011-05-20,5.560085036589811,5.680218191344071,5.515426013028783,5.5346293449401855,835442,0.0,0.0
2011-05-23,5.670840636408609,5.670840636408609,5.36805027368889,5.432806015014648,730561,0.0,0.0
2011-05-24,5.359118888500721,5.5377563309048305,5.3323239954378305,5.369837284088135,383395,0.0,0.0
2011-05-25,5.29659481667073,5.5288233207729,5.2697994898049005,5.314905643463135,554868,0.0,0.0
2011-05-26,5.296594961284774,5.425213936511455,5.253721823421816,5.318031311035156,343872,0.0,0.0
2011-05-27,5.225140394789871,5.95755241517931,5.225140394789871,5.633772850036621,1159964,0.0,0.0
2011-05-30,5.45781564621989,5.591346465852495,5.45781564621989,5.480144500732422,450914,0.0,0.0
2011-05-31,5.493096325290386,5.519892530828173,5.466300996477031,5.5082807540893555,477983,0.0,0.0
2011-06-01,5.510960237703128,5.685131182977829,5.50202816955458,5.643598556518555,709564,0.0,0.0
2011-06-02,5.582414319883154,5.706567255598468,5.537755296396574,5.657888889312744,284999,0.0,0.0
2011-06-03,5.583756092588961,5.6967439691808845,5.537756547176066,5.582415580749512,5293123,0.0,0.0
2011-06-06,5.537755772143486,5.7253248266427805,5.460494870205945,5.484164237976074,560529,0.0,0.0
2011-06-07,5.394844802924677,5.573035943454316,5.394844802924677,5.530162811279297,616623,0.0,0.0
2011-06-08,5.394846991987867,5.761053993877768,5.394846991987867,5.677094459533691,2764874,0.0,0.0
2011-06-09,5.714605700810948,5.778915182892072,5.627073545028154,5.636898994445801,3216612,0.0,0.0
2011-06-10,5.732916924966959,5.790080669477429,5.524804037456014,5.557405471801758,3178838,0.0,0.0
2011-06-13,5.5020277070445935,5.607869812517107,5.5020277070445935,5.581968307495117,409744,0.0,0.0
2011-06-14,5.582414740421094,5.6176963228792705,5.537308584116206,5.556512355804443,576071,0.0,0.0
2011-06-15,5.466301551799071,5.564552123607828,5.342148592379463,5.374303340911865,1295825,0.0,0.0
2011-06-16,5.394846155263765,5.796780500276745,5.114385934377953,5.19075345993042,3558631,0.0,0.0
2011-06-17,5.296595243642125,5.296595243642125,5.153685214842702,5.213529109954834,1071449,0.0,0.0
2011-06-20,5.091163474449536,5.198791931599149,4.9464666656722684,5.108133792877197,1562504,0.0,0.0
2011-06-21,5.109027311720076,5.251936933617588,5.109027311720076,5.165745258331299,441445,0.0,0.0
2011-06-22,5.144752967038854,5.231839755969188,5.021940535192621,5.056328296661377,684657,0.0,0.0
2011-06-23,5.013008662445094,5.109026208306114,5.00407659382443,5.090269565582275,329977,0.0,0.0
2011-06-24,5.0206009969377945,5.267120124272005,5.0206009969377945,5.182267665863037,738178,0.0,0.0
2011-06-27,5.093395780776096,5.3765356827075035,5.093395780776096,5.340361595153809,6563938,0.0,0.0
2011-06-28,5.271585994087019,5.461834750065726,5.271585994087019,5.408243656158447,1066714,0.0,0.0
2011-06-29,5.448657681579078,5.621667023686708,5.269291431550522,5.598053932189941,628460,0.097158,0.0
2011-06-30,5.467276153010389,5.62166718509533,5.467276153010389,5.539022922515869,1133513,0.0,0.0
2011-07-01,5.67615850367917,5.803305140932339,5.404611718568671,5.638015270233154,747750,0.0,0.0
2011-07-04,5.639830707887836,5.7669764437780096,5.639830707887836,5.708852767944336,1967720,0.0,0.0
2011-07-05,5.712486767662772,5.857796191863324,5.576712260404436,5.618034839630127,1287180,0.0,0.0
2011-07-06,5.549921427870946,5.7079455553857095,5.549921427870946,5.689327239990234,547663,0.0,0.0
2011-07-07,5.632565074723645,5.848713765781416,5.632565074723645,5.816019058227539,3524460,0.0,0.0
2011-07-08,5.830550111929543,5.855071142691857,5.7038585653810525,5.77969217300415,2247470,0.0,0.0
2011-07-11,5.703403162479822,5.81238475541694,5.703403162479822,5.806935787200928,714711,0.0,0.0
2011-07-12,5.632565415105752,5.776058961535567,5.59487637385672,5.737461090087891,1398030,0.0,0.0
2011-07-13,5.766976336536496,6.617037809852575,5.766976336536496,6.220615386962891,85803529,0.0,0.0
2011-07-14,6.22106860942932,6.502605769784189,6.17565920310099,6.424047470092773,53722630,0.0,0.0
2011-07-15,6.4254112518460555,6.566179625804544,6.275560371535366,6.516229629516602,13078576,0.0,0.0
2011-07-18,6.5480157777778505,6.610680483271526,6.51168887091724,6.550286293029785,15546718,0.0,0.0
2011-07-19,6.568905600587947,7.083845933254089,6.52167896855529,6.705132961273193,21430014,0.0,0.0
2011-07-20,6.806848723106426,6.854528203111675,6.4935243246615135,6.6047773361206055,5034885,0.0,0.0
2011-07-21,6.629753080508325,6.629753080508325,6.375460734585338,6.464463233947754,3568718,0.0,0.0
2011-07-22,6.538933976069551,6.637018092684219,6.475361333721617,6.604323387145996,6931998,0.0,0.0
2011-07-25,6.669713975461268,6.669713975461268,6.529853959320428,6.5884318351745605,9019008,0.0,0.0
2011-07-26,6.534847845991338,6.700591906829629,6.367288353398126,6.4117889404296875,4307925,0.0,0.0
2011-07-27,6.411788462415488,6.57344567256672,6.3582058176457,6.404069423675537,3616681,0.0,0.0
2011-07-28,6.402706630234689,6.493525015422393,6.266478829591397,6.29372501373291,2360790,0.0,0.0
2011-07-29,6.176569151787584,6.399528494710452,6.176569151787584,6.363201141357422,623005,0.0,0.0
2011-08-01,6.358206048794324,6.502607080754977,6.293725017558038,6.449478626251221,1261140,0.0,0.0
2011-08-02,6.302805517605301,6.491708006267172,6.302805517605301,6.4653706550598145,4390162,0.0,0.0
2011-08-03,6.1765696759264985,6.454927565462611,6.112087749092238,6.257397174835205,2888281,0.0,0.0
2011-08-04,6.2664782632186045,6.399073405614953,6.175659886239188,6.195186138153076,1103870,0.0,0.0
2011-08-05,6.093924143969232,6.330052392086383,5.912286481450231,6.265117168426514,2337323,0.0,0.0
2011-08-08,6.039433467763156,6.220161419307536,5.903205658587249,6.158859729766846,2891677,0.0,0.0
2011-08-09,6.039432069974371,6.255125196945363,5.849620763240784,6.093923091888428,17176226,0.0,0.0
2011-08-10,6.094377654518881,6.35729745799336,6.094377654518881,6.338225841522217,11405222,0.0,0.0
2011-08-11,6.093923344869588,6.420415743494175,6.093923344869588,6.239686489105225,455546,0.0,0.0
2011-08-12,6.4562893638789145,6.58207295655071,6.177930189945953,6.433584213256836,4428656,0.0,0.0
2011-08-16,6.448116201713988,6.4926181283420545,6.26829573768889,6.370466709136963,2479257,0.0,0.0
2011-08-17,6.448116014809944,6.511689557116578,6.197002974177969,6.294632911682129,2559538,0.0,0.0
2011-08-18,6.37546136949127,6.37546136949127,5.966324219020721,6.116174221038818,2698178,0.0,0.0
2011-08-19,6.039431966913629,6.066676808820644,5.70340333559273,5.791042804718018,7260432,0.0,0.0
2011-08-22,5.855978329922971,5.855978329922971,5.6775209150661246,5.790589809417725,740339,0.0,0.0
2011-08-23,5.794222180007557,5.994023052423816,5.712485864676744,5.975404739379883,1210192,0.0,0.0
2011-08-24,6.07576020326744,6.1030054968832275,5.748813559813603,5.8078460693359375,1168610,0.0,0.0
2011-08-25,5.8587030947739756,5.8587030947739756,5.721566926493622,5.73927640914917,2449923,0.0,0.0
2011-08-26,5.6489128562710444,5.885041100865949,5.594876017970936,5.650729179382324,770496,0.0,0.0
2011-08-29,5.685240498742247,5.83009572858203,5.477720558347937,5.556732177734375,11102005,0.0,0.0
2011-08-30,5.594421790668146,5.721567527724407,5.394620900999132,5.587610244750977,4884923,0.0,0.0
2011-09-02,5.676157295304156,5.786956108498876,5.521765842545551,5.711122512817383,3211260,0.0,0.0
2011-09-05,5.676158500106712,5.712032555238647,5.568084816815044,5.675251007080078,1114163,0.0,0.0
2011-09-06,5.675250631997999,5.712486369932433,5.533118780468258,5.679337024688721,1198047,0.0,0.0
2011-09-07,5.613493965212508,5.847805908564996,5.613493965212508,5.714757442474365,1091931,0.0,0.0
2011-09-08,5.721566899881244,5.776966754104169,5.648912200964551,5.749720573425293,1603262,0.0,0.0
2011-09-09,5.723837524187575,6.057595220852782,5.723837524187575,5.929541110992432,4918168,0.0,0.0
2011-09-12,5.903205227873252,5.939532581573151,5.768339559540519,5.843718528747559,6188880,0.0,0.0
2011-09-13,5.9649622612954865,5.965871091613158,5.683424992691216,5.762890815734863,1063935,0.0,0.0
2011-09-14,5.784232721602721,5.830550524580832,5.73110426358106,5.743364334106445,337594,0.0,0.0
2011-09-15,5.811477917552841,5.811477917552841,5.721567473481824,5.738369464874268,406965,0.0,0.0
2011-09-16,5.721567630767822,5.794222784689068,5.686148661096966,5.721567630767822,406965,0.0,0.0
2011-09-19,5.811024160471513,5.88322512560023,5.7519920958325175,5.821468353271484,2057779,0.0,0.0
2011-09-20,5.771970746798029,5.8923058091052765,5.749720235419734,5.791042804718018,380513,0.0,0.0
2011-09-21,5.903206335364448,5.939533695879666,5.78514174510467,5.8650617599487305,1514335,0.0,0.0
2011-09-22,5.85325378315478,5.885040100785737,5.676157184080227,5.707944393157959,1695380,0.0,0.0
2011-09-23,5.694321810521269,6.048514148757504,5.648912399242749,5.937261581420898,2500665,0.0,0.0
2011-09-26,5.992206646385708,5.992206646385708,5.676157544209763,5.792859077453613,480248,0.0,0.0
2011-09-27,5.812385723008428,5.866876751409829,5.7460883719785745,5.779237270355225,1739947,0.0,0.0
2011-09-28,5.830549867785787,5.865515089340922,5.685694204613626,5.750629425048828,686200,0.0,0.0
2011-09-29,5.687056866006871,5.857796151421329,5.6579952488014955,5.7401862144470215,1882601,0.0,0.0
2011-09-30,5.8328205309289105,5.838723246692569,5.707036479434827,5.764252662658691,361163,0.0,0.0
2011-10-03,5.676157924542815,5.81238571829763,5.676157924542815,5.798309326171875,309392,0.0,0.0
2011-10-04,5.830550469002141,5.921368859392877,5.703404722455109,5.774697303771973,1433539,0.0,0.0
2011-10-05,5.750175155874364,5.765159932252062,5.5962378795221905,5.6539082527160645,1049937,0.0,0.0
2011-10-07,5.676612457513397,5.811932766457181,5.676158265295379,5.719751358032227,354576,0.0,0.0
2011-10-10,5.712485695186883,5.783777817187366,5.660264740660843,5.761073112487793,290145,0.0,0.0
2011-10-11,5.814657162660309,5.885041808876618,5.80330547614172,5.826918125152588,1391854,0.0,0.0
2011-10-12,5.812385685609599,5.984941276355589,5.812385685609599,5.974042892456055,1702482,0.0,0.0
2011-10-13,6.003105902197772,6.057596043377401,5.9122866230398285,5.945435523986816,767408,0.0,0.0
2011-10-14,5.903204576507285,6.129796097058542,5.903204576507285,6.091652870178223,1398133,0.0,0.0
2011-10-17,6.103004649734759,6.330051703173501,6.066677299473929,6.261937141418457,1845342,0.0,0.0
2011-10-18,6.121169030404558,6.239233592348695,6.016727559679037,6.123893737792969,1124043,0.0,0.0
2011-10-19,6.221069582706751,6.345491054591107,6.112087079613277,6.156588554382324,10586968,0.0,0.0
2011-10-20,6.198365881500978,6.257397054558267,6.060320859962207,6.088929176330566,2044708,0.0,0.0
2011-10-21,6.131159450123573,6.132521580950401,5.939532246722603,6.00355863571167,658205,0.0,0.0
2011-10-24,6.003558569160726,6.039432619678394,5.848713357035001,5.879137992858887,516065,0.0,0.0
2011-10-25,5.821468179836223,6.115266363295129,5.803304948190645,6.066678047180176,1629405,0.0,0.0
2011-10-28,6.174751710099636,6.491708324454826,6.167486863709119,6.3255109786987305,4717979,0.0,0.0
2011-10-31,6.293724966098394,6.357297166663435,6.194277821049641,6.221069812774658,1768869,0.0,0.0
2011-11-01,6.176569709317408,6.302806627314984,6.176569709317408,6.275561332702637,566293,0.0,0.0
2011-11-02,6.266479236805889,6.293725422717941,6.18701342317989,6.257397174835205,6450824,0.0,0.0
2011-11-03,6.2573960346795525,6.457196904394055,6.2573960346795525,6.394532203674316,1625597,0.0,0.0
2011-11-04,6.45719734385574,6.493524696144656,6.317790650294322,6.462193012237549,965024,0.0,0.0
2011-11-08,6.3572972615560115,6.448115647411957,6.2787393912198795,6.326418876647949,1028529,0.0,0.0
2011-11-09,6.250132213115044,6.3568433192521185,6.250132213115044,6.291454792022705,334197,0.0,0.0
2011-11-11,6.267840845811591,6.296448714623819,5.953155180324001,6.06804084777832,1614069,0.0,0.0
2011-11-14,6.251040776477658,6.251040776477658,5.832821505368601,5.891399383544922,1886615,0.0,0.0
2011-11-15,5.823738623511593,5.948614293894205,5.748813399571414,5.859158039093018,2542247,0.0,0.0
2011-11-16,5.902296493736157,5.993569517403006,5.766976630993336,5.859158039093018,632268,0.0,0.0
2011-11-17,5.994024023068156,5.994024023068156,5.8573420222519745,5.874143123626709,1209368,0.0,0.0
2011-11-18,5.857795906302832,5.9477059075683485,5.732465598020225,5.896393775939941,530372,0.0,0.0
2011-11-21,5.948612726181123,5.948612726181123,5.894121709105652,5.899116039276123,807034,0.0,0.0
2011-11-22,5.875958794788091,5.948613944829731,5.816926736098696,5.863244533538818,432490,0.0,0.0
2011-11-23,5.866877054041382,5.937716330636547,5.82146808422627,5.887765884399414,4018294,0.0,0.0
2011-11-24,5.737007135781971,5.807392226650221,5.615310354473773,5.766523838043213,1471107,0.0,0.0
2011-11-25,5.721567669596635,5.794222824010948,5.7034044381473965,5.757895469665527,928795,0.0,0.0
2011-11-28,5.748812693108352,5.884586285659102,5.748812693108352,5.859611511230469,337388,0.0,0.0
2011-11-29,5.781507918555375,5.8319116641193665,5.766976442445992,5.783324241638184,451737,0.0,0.0
2011-11-30,5.7760578748085925,5.78513993495743,5.677973764673504,5.724745750427246,825458,0.0,0.0
2011-12-01,5.812385755549684,5.903205028174038,5.766976342099231,5.786956787109375,403054,0.0,0.0
2011-12-02,5.812386082926984,5.93045065369273,5.771971889883638,5.892760276794434,593671,0.0,0.0
2011-12-05,5.828733361118677,5.975404896995063,5.828733361118677,5.924092769622803,1512791,0.0,0.0
2011-12-07,5.921368580202419,6.084842120921518,5.920460641489242,6.0235395431518555,1781940,0.0,0.0
2011-12-08,6.030351164454312,6.1747521995922225,5.912286592455562,5.993115425109863,829163,0.0,0.0
2011-12-09,5.864153314871725,6.038524349604765,5.864153314871725,6.020814418792725,388850,0.0,0.0
2011-12-12,5.866876396745458,6.030350363514224,5.866876396745458,5.949521541595459,1708143,0.0,0.0
2011-12-13,5.839631639146821,5.984487306191638,5.741093325377373,5.927725315093994,1441258,0.0,0.0
2011-12-14,5.901388107425042,5.966324222647701,5.822376490732681,5.896393775939941,1597704,0.0,0.0
2011-12-15,5.7542619265212425,5.857341265547741,5.748812957513667,5.8114776611328125,2135282,0.0,0.0
2011-12-16,5.766976319523334,5.9213682355057875,5.742001543374456,5.8155646324157715,2752832,0.0,0.0
2011-12-19,5.812385273527111,5.812385273527111,5.559455958063263,5.749720573425293,1096665,0.0,0.0
2011-12-20,5.667075249045531,5.766975679728309,5.667075249045531,5.74744987487793,790258,0.0,0.0
2011-12-21,5.739731013821314,5.839631455337971,5.739731013821314,5.798309326171875,687024,0.0,0.0
2011-12-22,5.721567590343623,5.811478036251042,5.721567590343623,5.80739164352417,699375,0.0,0.0
2011-12-23,5.7215670576315745,5.812385433781411,5.7215670576315745,5.735644340515137,304658,0.0,0.0
2011-12-26,5.722476415523089,5.811478483864031,5.722476415523089,5.751992225646973,89750,0.0,0.0
2011-12-27,5.766976500210908,5.812385914906339,5.676158116543507,5.810116291046143,2124166,0.0,0.0
2011-12-28,5.7224755628406,5.903204826067503,5.558094097961738,5.564905643463135,1619319,0.0,0.0
2011-12-29,5.539929647177468,5.609405891700451,5.503602743833928,5.549011707305908,282426,0.0,0.0
2011-12-30,5.085837702149234,5.685240394359591,5.085837702149234,5.504965305328369,855409,0.0,0.0
2012-01-02,5.512686147276517,5.558095121813614,5.407335828719441,5.479991436004639,444430,0.0,0.0
2012-01-03,5.385538923746595,5.584885624317949,5.385538923746595,5.566722393035889,339652,0.0,0.0
2012-01-04,5.676156854956343,5.676156854956343,5.491342120426183,5.497244834899902,327507,0.0,0.0
2012-01-05,5.463190162240713,5.573080626035644,5.463190162240713,5.513139724731445,125774,0.0,0.0
2012-01-06,5.468183491162623,5.606228045613882,5.313791584587097,5.358293056488037,1258463,0.0,0.0
2012-01-09,5.449112219899636,5.57398744826697,5.449112219899636,5.5403852462768555,502171,0.0,0.0
2012-01-10,5.629386598296482,5.739730781391389,5.5444709367257365,5.696592330932617,356738,0.0,0.0
2012-01-11,5.7124862187073715,6.039432837463367,5.7124862187073715,5.915919303894043,3179559,0.0,0.0
2012-01-12,5.903203768146573,6.074850048497124,5.858702302858751,5.899116039276123,707712,0.0,0.0
2012-01-13,5.92136835521379,5.930450416341312,5.83191165771214,5.876867771148682,4812258,0.0,0.0
2012-01-16,5.812385156204573,6.029895502131637,5.812385156204573,5.9022955894470215,2120152,0.0,0.0
2012-01-17,5.821466936405246,5.930449423065024,5.821466936405246,5.90365743637085,2567155,0.0,0.0
2012-01-18,6.0303516134075625,6.3028067954150995,5.921369094881037,6.150686264038086,26511215,0.0,0.0
2012-01-19,6.193824268439388,6.220615367628124,6.045789705996387,6.185196399688721,6492200,0.0,0.0
2012-01-20,6.175659974196847,6.239233507573035,6.175659974196847,6.219253063201904,1393810,0.0,0.0
2012-01-23,6.248314476078757,6.311888011947567,6.175660216335198,6.300989627838135,2311489,0.0,0.0
2012-01-24,6.334137705345069,6.663354798244502,6.286004036072784,6.5466532707214355,6027699,0.0,0.0
2012-01-25,6.584343871636456,6.684243420378988,6.566179750035254,6.63020658493042,1829491,0.0,0.0
2012-01-27,6.684243988672633,6.711490173390902,6.538934569296346,6.601600170135498,1228204,0.0,0.0
2012-01-30,6.706948822055784,6.706948822055784,6.448570066209592,6.558006763458252,1755282,0.0,0.0
2012-01-31,6.6184015678320955,6.8931272568818045,6.520771630162035,6.817293643951416,3309965,0.0,0.0
2012-02-01,6.820472664013875,7.18011401080313,6.76688912490172,7.060233116149902,8520337,0.0,0.0
2012-02-02,7.1310704249671195,7.1310704249671195,6.812297066133516,7.0275373458862305,2642496,0.0,0.0
2012-02-03,7.038436004703027,7.283645844612315,6.94761762801874,7.192373275756836,4460151,0.0,0.0
2012-02-06,7.237328395007348,7.390812372673287,7.111998984619997,7.151051044464111,5243617,0.0,0.0
2012-02-07,7.165582386302457,7.220072968175275,7.048426654684331,7.176480770111084,2556965,0.0,0.0
2012-02-08,7.2019102104316035,7.528856843178154,7.174664026261144,7.470733165740967,4451917,0.0,0.0
2012-02-09,7.2745640949732895,7.664176307056084,7.2745640949732895,7.465282917022705,3890359,0.0,0.0
2012-02-10,7.466191782892204,7.583347962392611,7.356301787029362,7.371739864349365,898638,0.0,0.0
2012-02-13,7.356301135349391,7.445756486123546,7.276834000420504,7.3045334815979,1282857,0.0,0.0
2012-02-14,7.355393592633273,7.356302422820826,7.229155786984032,7.246865272521973,1128572,0.0,0.0
2012-02-15,7.333596264397512,7.356301415655733,7.1655821565975035,7.220981121063232,3798755,0.0,0.0
2012-02-16,7.288187695669874,7.288187695669874,7.111545253397318,7.133796215057373,904196,0.0,0.0
2012-02-17,7.265483123200828,7.401257636520722,7.162404658100925,7.322245121002197,5431455,0.0,0.0
2012-02-21,7.274564187322459,7.5833480223356755,7.274564187322459,7.435767650604248,2526191,0.0,0.0
2012-02-22,7.53521313315979,7.583347698000285,7.170577045291998,7.290911674499512,3342386,0.0,0.0
2012-02-23,7.220072693742151,7.3376830587977855,7.0438853565508275,7.120626449584961,1757959,0.0,0.0
2012-02-24,7.2200736584613034,7.283192560702158,7.1882873340887,7.2609429359436035,1523187,0.0,0.0
2012-02-27,7.310438611058287,7.310438611058287,6.807757917804704,6.915832042694092,1646594,0.0,0.0
2012-02-28,6.929453017025494,7.08384446933456,6.929453017025494,7.028900146484375,977993,0.0,0.0
2012-02-29,7.083391334152705,7.3009021545481465,7.083391334152705,7.179204940795898,3386232,0.0,0.0
2012-03-01,7.23823751502436,7.245503253231467,6.950342945922877,7.022543907165527,603243,0.0,0.0
2012-03-02,7.018456063079819,7.162857983215792,7.018456063079819,7.098830699920654,11054350,0.0,0.0
2012-03-05,7.066590679403685,7.129255390471662,6.911745447813917,6.923097133636475,300026,0.0,0.0
2012-03-06,7.074763971252355,7.218711710480472,6.856799834503601,6.968052864074707,2221739,0.0,0.0
2012-03-07,6.970323181181701,7.083845831548351,6.85679963936809,6.993481636047363,2484918,0.0,0.0
2012-03-09,7.147419615650917,7.301811102922234,7.012099299582305,7.214625358581543,1876528,0.0,0.0
2012-03-12,7.3108927173257765,7.3108927173257765,7.047518731458585,7.285462856292725,906151,0.0,0.0
2012-03-13,7.26548208182938,7.3635666466426635,7.26548208182938,7.344040393829346,1815494,0.0,0.0
2012-03-14,7.40171075353881,7.446665528977754,7.20463457707731,7.438492298126221,2084745,0.0,0.0
2012-03-15,7.4425796195537375,7.4425796195537375,7.056600918149653,7.171031951904297,427756,0.0,0.0
2012-03-16,7.265482709136626,7.265482709136626,6.973501733348659,7.090203285217285,477880,0.0,0.0
2012-03-19,7.038436558390756,7.255492740889092,7.038436558390756,7.141969203948975,416228,0.0,0.0
2012-03-20,7.0838447288134025,7.274563536213697,7.0838447288134025,7.185108184814453,207188,0.0,0.0
2012-03-21,7.238237644751307,7.438038540313962,7.235059190663614,7.3840012550354,1145555,0.0,0.0
2012-03-22,7.383546559905565,7.49252906175463,7.288641341553083,7.402163982391357,3127170,0.0,0.0
2012-03-23,7.492075509369974,7.492075509369974,7.220073217027742,7.395807266235352,438048,0.0,0.0
2012-03-26,7.491166285329821,7.491620923256483,7.327239449296378,7.356755256652832,477263,0.0,0.0
2012-03-27,7.401710470632979,7.401710470632979,7.225068046637054,7.309074878692627,848410,0.0,0.0
2012-03-28,7.322244327457099,7.365382781440231,7.180568004469424,7.263213157653809,4280753,0.0,0.0
2012-03-29,7.347220171587939,7.347220171587939,7.129255152522629,7.226430892944336,7527008,0.0,0.0
2012-03-30,7.129709026770495,7.41987410415728,7.129709026770495,7.395807266235352,708741,0.0,0.0
2012-04-02,7.4107922571873575,7.682339919452539,7.338137994845592,7.580623149871826,1287797,0.0,0.0
2012-04-03,7.719575927064666,7.879870571754942,7.62875709309314,7.847630500793457,1995509,0.0,0.0
2012-04-04,7.774066431389669,7.97840833649133,7.774066431389669,7.948891639709473,1604394,0.0,0.0
2012-04-09,7.992030446323471,7.992030446323471,7.676890615272524,7.860797882080078,660160,0.0,0.0
2012-04-10,7.901212720031616,7.937540966853528,7.724116974009628,7.883049488067627,513904,0.0,0.0
2012-04-11,7.746821996322246,7.919376708552381,7.656002272261357,7.675528526306152,395334,0.0,0.0
2012-04-12,7.587887637782983,7.916649627997108,7.587887637782983,7.877143383026123,1536052,0.0,0.0
2012-04-13,7.9457129835411155,8.010194003569715,7.856256299042062,7.975228786468506,3201790,0.0,0.0
2012-04-16,7.782237466174111,8.082847540885574,7.782237466174111,8.019728660583496,1860369,0.0,0.0
2012-04-17,8.037441070569166,8.164587261675749,7.938448557939807,8.035170555114746,2826732,0.0,0.0
2012-04-18,8.082849216974715,8.119176567085045,7.992484142416196,8.076492309570312,1609026,0.0,0.0
2012-04-19,8.015644160581262,8.191377755196473,8.015644160581262,8.103737831115723,1016075,0.0,0.0
2012-04-20,7.919376873196771,8.173669253223766,7.919376873196771,8.101922035217285,729635,0.0,0.0
2012-04-23,8.073767539090136,8.200459078314315,7.862160335807398,7.893038272857666,2905058,0.0,0.0
2012-04-24,8.022455703550397,8.02381783450932,7.678707514625161,7.710040092468262,1684264,0.0,0.0
2012-04-25,7.720483422700079,7.799495032514684,7.510692100838587,7.715034008026123,854277,0.0,0.0
2012-04-26,7.6414702392056695,7.764983756844334,7.629210171592431,7.640108108520508,848410,0.0,0.0
2012-04-27,7.64692162024467,7.946168793620484,7.628757495912463,7.839910984039307,1686426,0.0,0.0
2012-04-30,7.8103938982387575,7.993392785482938,7.8103938982387575,7.935723304748535,310113,0.0,0.0
2012-05-02,7.78769042206646,8.316708029873942,7.78769042206646,8.078763008117676,2147633,0.0,0.0
2012-05-03,8.101012773513615,8.101012773513615,7.878507633669799,7.943443298339844,5511427,0.0,0.0
2012-05-04,7.81039444900949,7.946621803077504,7.610593557122394,7.681885242462158,1765472,0.0,0.0
2012-05-07,7.4562038589744235,8.241783137794144,7.4562038589744235,8.117362976074219,2147530,0.0,0.0
2012-05-08,8.066503340513012,8.237241293253037,7.919377144500298,7.982950687408447,864570,0.0,0.0
2012-05-09,7.825833533042611,8.061961782236994,7.628756900086623,7.772705078125,931882,0.0,0.0
2012-05-10,7.6532771729860745,7.927548594866418,7.6532771729860745,7.792229652404785,527799,0.0,0.0
2012-05-11,7.628756102054173,7.880324185987692,7.628756102054173,7.802673816680908,324522,0.0,0.0
2012-05-14,7.656457986537379,7.962062090817498,7.62830430492972,7.742734909057617,416537,0.0,0.0
2012-05-15,7.626032850607197,8.019277743035659,7.626032850607197,7.956612586975098,2429030,0.0,0.0
2012-05-16,7.7922309731619475,8.186382438030703,7.595153457833765,7.7223005294799805,7838870,0.0,0.0
2012-05-17,7.73773834563297,8.037439183682146,7.54701954947015,7.812663555145264,3492348,0.0,0.0
2012-05-18,7.716850108529785,8.010194970459512,7.583347913900945,7.899849891662598,1564357,0.0,0.0
2012-05-21,7.9815867663002145,7.982495150692414,7.730019559368874,7.805399417877197,715019,0.0,0.0
2012-05-22,7.774065131333516,7.8739651063175895,7.71957366860339,7.823106288909912,557235,0.0,0.0
2012-05-23,7.728657512091363,7.855802802073539,7.674166036779781,7.6995954513549805,583790,0.0,0.0
2012-05-24,7.5561028757854505,7.810395270928098,7.5561028757854505,7.73410701751709,1551800,0.0,0.0
2012-05-25,7.637838611282023,7.808577436472903,7.629211188161899,7.692783832550049,311965,0.0,0.0
2012-05-28,7.719120518000195,7.719575155907284,7.633297361397869,7.664629936218262,1971734,0.0,0.0
2012-05-29,7.562005616021574,7.719575090257061,7.562005616021574,7.649190902709961,849645,0.0,0.0
2012-05-30,7.537939313218754,7.737740217399143,7.537939313218754,7.711402416229248,1335143,0.0,0.0
2012-05-31,7.628756757390758,7.764985002353342,7.628756757390758,7.714127063751221,798903,0.0,0.0
2012-06-01,7.628756979055957,7.779062066801796,7.628756979055957,7.675528526306152,840588,0.0,0.0
2012-06-04,7.584255453390857,7.754994256993895,7.456201350688578,7.694599628448486,777495,0.0,0.0
2012-06-05,7.547020073309823,7.7377388827104605,7.547020073309823,7.707768440246582,266884,0.0,0.0
2012-06-06,7.629666150219459,7.789960790313328,7.629666150219459,7.745913505554199,445047,0.0,0.0
2012-06-07,7.665540342551968,7.7922328060791735,7.665540342551968,7.761353969573975,271207,0.0,0.0
2012-06-08,7.674167142058903,7.889861667642326,7.674167142058903,7.822201728820801,334609,0.0,0.0
2012-06-11,7.737738897743016,7.919375647180588,7.737738897743016,7.901666164398193,496098,0.0,0.0
2012-06-12,7.87442265355504,8.025635248189158,7.87442265355504,7.980680465698242,454002,0.0,0.0
2012-06-13,7.792230975169404,8.046521552739737,7.792230975169404,7.9688720703125,422918,0.0,0.0
2012-06-14,7.825832565217042,7.951615713339255,7.825832565217042,7.901666164398193,436402,0.0,0.0
2012-06-15,7.819476190706936,8.116452842713004,7.819476190706936,8.092840194702148,900182,0.0,0.0
2012-06-18,8.082849863475616,8.082849863475616,7.810394270132547,7.827649116516113,775745,0.0,0.0
2012-06-19,7.719575613055979,7.892131212293452,7.719575613055979,7.8308281898498535,294571,0.0,0.0
2012-06-20,7.75317935838194,7.88259606871533,7.75317935838194,7.833099365234375,347886,0.0,0.0
2012-06-21,7.774069509226203,7.943446261432584,7.720486400513552,7.918924331665039,309186,0.0,0.0
2012-06-22,7.992031145678131,7.992031145678131,7.833553277674216,7.897579669952393,167767,0.0,0.0
2012-06-25,7.9012120310655165,7.990214088545723,7.855802617944682,7.928458213806152,210687,0.0,0.0
2012-06-26,7.856712038439922,7.963423581798312,7.856712038439922,7.942081451416016,258547,0.0,0.0
2012-06-27,7.903028752573172,7.964784619977545,7.901211092580714,7.957065582275391,460486,0.0,0.0
2012-06-28,8.0192763989302,8.264485783863917,7.910293459574307,8.202275276184082,1345641,0.0,0.0
2012-06-29,8.289915450022212,8.355758605506763,8.173668106977145,8.286737442016602,1025750,0.0,0.0
2012-07-02,8.381642786822475,8.381642786822475,8.191831464200767,8.250863075256348,714299,0.0,0.0
2012-07-03,8.345315752843481,8.600515603771962,8.275385309823683,8.507426261901855,1309617,0.0,0.0
2012-07-04,8.585985517049053,8.586893010039395,8.320794313965985,8.342137336730957,1448154,0.0,0.0
2012-07-05,8.327876017013972,8.419896132674866,8.268062083749546,8.342138290405273,1811685,0.11659,0.0
2012-07-06,8.419895851322824,8.465906359239426,8.306709947653154,8.351340293884277,136581,0.0,0.0
2012-07-09,8.281862562432961,8.475105910822615,8.281862562432961,8.39228630065918,755572,0.0,0.0
2012-07-10,8.507313207502317,8.603934432600607,8.431396208051193,8.525257110595703,565984,0.0,0.0
2012-07-11,8.467287302875958,8.674334155997784,8.467287302875958,8.641666412353516,530681,0.0,0.0
2012-07-12,8.557923537009897,8.8799969819757,8.557923537009897,8.84640884399414,1670266,0.0,0.0
2012-07-13,8.935209608776265,8.944411888634747,8.761291216335072,8.890580177307129,717078,0.0,0.0
2012-07-16,8.815585289624716,9.045636934696585,8.815585289624716,8.863896369934082,1346361,0.0,0.0
2012-07-17,8.907604596526067,9.294091358207137,8.889200034899808,8.932909965515137,12527413,0.0,0.0
2012-07-18,9.028149979593966,9.156059680689058,8.944411763148041,9.088883399963379,2592371,0.0,0.0
2012-07-19,8.999624740972562,9.430741844205958,8.999624740972562,9.384732246398926,3992049,0.0,0.0
2012-07-20,9.385652295418543,9.431203046366306,9.158821659209748,9.274767875671387,1129807,0.0,0.0
2012-07-23,9.211273258458377,9.890386815005547,9.122012573747828,9.704964637756348,3119862,0.0,0.0
2012-07-24,9.704964595747763,10.029797541672108,9.652972789769498,9.938237190246582,8839404,0.0,0.0
2012-07-25,10.030255338863183,10.030255338863183,9.739469445594391,9.839312553405762,1934578,0.0,0.0
2012-07-26,9.731188581558103,9.843454045427853,9.544386277981571,9.640547752380371,431770,0.0,0.0
2012-07-27,9.66217435235335,9.846215450301605,9.285348725237293,9.456047058105469,1046129,0.0,0.0
2012-07-30,9.460189194095085,9.66217419417125,9.251761333082138,9.387032508850098,891124,0.0,0.0
2012-07-31,9.315716698574446,9.616164686419172,9.211273332554823,9.548989295959473,1193003,0.0,0.0
2012-08-01,9.524142563624135,9.650671209810264,9.404515627761304,9.613862991333008,483438,0.0,0.0
2012-08-02,9.524143692163952,9.662175205244614,9.505740032368129,9.598681449890137,344284,0.0,0.0
2012-08-03,9.496075193974134,9.754194261448657,9.495615441288933,9.654810905456543,410464,0.0,0.0
2012-08-06,9.753736080257099,9.753736080257099,9.478594351410505,9.531045913696289,1209883,0.0,0.0
2012-08-07,9.507117088161138,9.827808545846157,9.505736927033212,9.791460990905762,1607688,0.0,0.0
2012-08-08,9.800206327047709,10.112616936343994,9.772599481041112,9.806187629699707,1133410,0.0,0.0
2012-08-09,9.837013592286524,10.297117711798263,9.812628631255842,10.18071174621582,4032395,0.0,0.0
2012-08-10,10.26030751542141,10.399719169200118,10.132399615068634,10.223499298095703,2523103,0.0,0.0
2012-08-13,10.213837741763758,10.213837741763758,9.993907952414778,10.028875350952148,1466578,0.0,0.0
2012-08-14,9.944677219612467,10.260307851589937,9.477672326009333,9.959860801696777,1139894,0.0,0.0
2012-08-16,9.804805411589443,10.17564880797414,9.804345658884623,10.082707405090332,1991495,0.0,0.0
2012-08-17,10.167827312683212,10.17564852793169,9.903727843311769,9.950657844543457,3050388,0.0,0.0
2012-08-21,9.95065826279248,10.065224302910702,9.615242917220483,9.89820671081543,3556161,0.0,0.0
2012-08-22,10.066604633401854,10.066604633401854,9.846214193485226,9.952958106994629,678378,0.0,0.0
2012-08-23,9.57935520438843,10.053262748700883,9.076923117554305,9.946978569030762,853351,0.0,0.0
2012-08-24,9.874742928720945,10.030257696877364,9.874742928720945,9.94927978515625,604684,0.0,0.0
2012-08-27,10.030256868770792,10.076267370539897,9.84575601219009,9.983325958251953,1014325,0.0,0.0
2012-08-28,9.901429933691865,9.984247764572427,9.786403211544416,9.803887367248535,1772780,0.0,0.0
2012-08-29,9.98378832964464,9.984248082474972,9.445927196751473,9.548070907592773,2050368,0.0,0.0
2012-08-30,9.48963440752361,9.781339816903802,9.459727900969764,9.737629890441895,2102757,0.0,0.0
2012-08-31,9.744992229087014,9.94651655905,9.58533610493537,9.65343189239502,1202266,0.0,0.0
2012-09-03,9.643308300475166,9.680576266085781,9.551747972360362,9.638707160949707,10694422,0.0,0.0
2012-09-04,9.614323680744992,9.89176595939338,9.588557654326522,9.698522567749023,1445684,0.0,0.0
2012-09-05,9.82274983890416,9.827809828202259,9.61662256690287,9.633646965026855,7344110,0.0,0.0
2012-09-06,9.63687031907271,9.77260037807529,9.57061532777073,9.609264373779297,845940,0.0,0.0
2012-09-07,9.632265177514451,9.862777389565544,9.606959813441696,9.851275444030762,822576,0.0,0.0
2012-09-10,9.726588051117794,9.834712134599208,9.570151996196598,9.62214469909668,1111384,0.0,0.0
2012-09-11,9.620765423646956,9.928574891387154,9.620765423646956,9.848978042602539,1440229,0.0,0.0
2012-09-12,9.846214699793403,10.202794920870856,9.846214699793403,10.1116943359375,1095122,0.0,0.0
2012-09-13,10.113073696664848,10.26674760569222,9.909247907513834,9.954797744750977,1022559,0.0,0.0
2012-09-14,10.067525803175675,10.210157546554173,9.990688382203462,10.053722381591797,1894643,0.0,0.0
2012-09-17,9.956180628918194,10.60446632872756,9.956180628918194,10.308619499206543,2452188,0.0,0.0
2012-09-18,10.159085704358693,10.398339581805843,10.131479765652335,10.177029609680176,1172624,0.0,0.0
2012-09-20,9.938696192374904,10.305399129645977,9.91983187824129,10.063844680786133,750837,0.0,0.0
2012-09-21,10.085009270330268,10.221660617859836,9.921673294307773,10.038079261779785,6589155,0.0,0.0
2012-09-24,10.044059582911022,10.352329652079627,10.044059582911022,10.257548332214355,1023383,0.0,0.0
2012-09-25,10.313220646103643,10.7167318146784,10.306318935378515,10.386377334594727,4007796,0.0,0.0
2012-09-26,10.260769066026556,10.85706296129222,10.26030841003105,10.697407722473145,2251278,0.0,0.0
2012-09-27,10.674401703029043,10.766422703256765,10.53683085866928,10.727773666381836,2116961,0.0,0.0
2012-09-28,10.72087455902305,10.968870101029959,10.72087455902305,10.856143951416016,628254,0.0,0.0
2012-10-01,10.904452022146835,11.060887162248644,10.84923924783276,10.963345527648926,1589162,0.0,0.0
2012-10-03,11.00429620017951,11.097236704021956,10.813813149003355,10.84924030303955,1017207,0.0,0.0
2012-10-04,11.042023786423657,11.165331442952642,10.766421473209455,10.878226280212402,1238393,0.0,0.0
2012-10-05,11.130362883748592,11.33694991827767,10.950922936973637,11.007976531982422,1973483,0.0,0.0
2012-10-08,10.863043733295699,11.08665427182896,10.787586478418886,10.821174621582031,1053231,0.0,0.0
2012-10-09,10.858902542014604,10.923777350745848,10.8124313898313,10.861662864685059,623725,0.0,0.0
2012-10-10,10.766883460571139,11.143708218084141,10.696947746782042,11.05214786529541,2230693,0.0,0.0
2012-10-11,11.089415162483439,11.170393970453913,10.739275958935153,11.04294490814209,3452104,0.0,0.0
2012-10-12,11.170853463118778,11.309344717419275,11.04248399504952,11.087114334106445,451326,0.0,0.0
2012-10-15,11.364556584742191,11.364556584742191,10.866264141626393,11.100916862487793,853248,0.0,0.0
2012-10-16,11.089413799505127,11.31854587055567,11.088954046812068,11.26517391204834,1297163,0.0,0.0
2012-10-17,11.337409407778276,11.557799857422312,11.337409407778276,11.48326301574707,1827845,0.0,0.0
2012-10-18,11.511789366430504,11.946587158119003,11.511789366430504,11.878952026367188,4379973,0.0,0.0
2012-10-19,11.889073872108018,12.026184953595996,11.51178942491263,11.694911003112793,9977137,0.0,0.0
2012-10-22,11.714235797960248,11.999500172742044,11.594608860358012,11.957630157470703,8428322,0.0,0.0
2012-10-23,11.971893823639755,12.13753035189071,11.917600550818785,11.989377975463867,1881674,0.0,0.0
2012-10-25,11.95348836032912,12.302707101487297,11.944746736700784,12.235991477966309,8077759,0.0,0.0
2012-10-29,12.238751538682806,12.441197153368183,12.039066246302145,12.25899600982666,4399117,0.0,0.0
2012-10-30,12.211147575726747,12.270959687042845,11.617614053942463,11.728498458862305,1741285,0.0,0.0
2012-10-31,11.686629158247994,12.18906302745866,11.686629158247994,11.82236099243164,1389075,0.0,0.0
2012-11-01,11.788770742233694,12.045507825183085,11.699050327699235,11.879870414733887,1785028,0.0,0.0
2012-11-02,11.834322549962286,11.962692016068903,11.797054578026183,11.858247756958008,455134,0.0,0.0
2012-11-05,11.879871577347037,11.912540213225586,11.364556543902697,11.609790802001953,1023177,0.0,0.0
2012-11-06,11.610250642182468,12.00870084681572,11.548136159926132,11.962690353393555,1589367,0.0,0.0
2012-11-07,11.779569034311068,12.238752666293399,11.77910837838662,12.172496795654297,2597724,0.0,0.0
2012-11-08,11.97051204432876,12.100721411690909,11.898275774529717,11.993976593017578,1301589,0.0,0.0
2012-11-09,12.054711536498647,12.13292911147647,11.981554854317269,12.05333137512207,942587,0.0,0.0
2012-11-12,11.977416367446269,12.781677543102852,11.977416367446269,12.61742115020752,2504062,0.0,0.0
2012-11-15,12.633522012664303,12.763271642051986,12.558065659012199,12.605916976928711,5722115,0.0,0.0
2012-11-16,12.740265227176995,12.741184732537041,12.459602022843752,12.504231452941895,1947443,0.0,0.0
2012-11-19,12.698858812123735,12.698858812123735,12.2539382467016,12.391510009765625,685068,0.0,0.0
2012-11-20,12.42279355727953,12.510213404992882,12.284762076166828,12.379083633422852,913356,0.0,0.0
2012-11-21,12.404389768036063,12.42279342337124,12.147192023281162,12.30224609375,1915537,0.0,0.0
2012-11-22,12.30316900978165,12.395190014952584,12.147194498945872,12.213449478149414,1736344,0.0,0.0
2012-11-23,12.275560209595508,12.652846451307484,12.275560209595508,12.559905052185059,1072890,0.0,0.0
2012-11-26,13.343002979911493,13.343002979911493,12.483989744229238,12.540122032165527,1814876,0.0,0.0
2012-11-27,12.751768895656184,12.751768895656184,12.533679913885416,12.590271949768066,2153293,0.0,0.0
2012-11-29,12.778914289925503,12.781675515948146,12.385986497746185,12.532758712768555,22864171,0.0,0.0
2012-11-30,12.698858951634415,12.735667175616163,12.56128809030615,12.672633171081543,2103684,0.0,0.0
2012-12-03,12.606837448242691,12.744868047088126,12.514815543600678,12.604995727539062,8003139,0.0,0.0
2012-12-04,12.606838066060126,12.698858168717658,12.49365217460263,12.558526992797852,975420,0.0,0.0
2012-12-05,12.652388028207818,12.698858284346418,12.468805767490162,12.550244331359863,840691,0.0,0.0
2012-12-06,12.69885591214658,12.69885591214658,12.147652189934703,12.391046524047852,821753,0.0,0.0
2012-12-07,12.303628151381934,12.511594441314225,12.156854133284371,12.273720741271973,2179642,0.0,0.0
2012-12-10,12.273721075411155,12.275102140051397,12.045509401892822,12.108543395996094,2273098,0.0,0.0
2012-12-11,12.192744563323922,12.19320431609163,11.96361245506966,12.063455581665039,2690562,0.0,0.0
2012-12-12,11.87067169542844,12.063915083115988,11.87067169542844,11.994439125061035,1635375,0.0,0.0
2012-12-13,12.008703199330695,12.054712798519287,11.67650789562852,11.874813079833984,3613593,0.0,0.0
2012-12-14,11.77865205919686,11.999502315964516,11.686631043606406,11.885396003723145,1620657,0.0,0.0
2012-12-17,11.889535739507224,11.953490146771756,11.797054983958976,11.897817611694336,3495435,0.0,0.0
2012-12-18,11.825117852795632,11.917138833624618,11.778647609743258,11.840761184692383,2975150,0.0,0.0
2012-12-19,11.962692066029744,12.974919453245128,11.917601071488004,11.964072227478027,83104629,0.0,0.0
2012-12-20,12.05471459157761,12.284766234727494,11.883095816491569,11.960393905639648,14696866,0.0,0.0
2012-12-21,11.953029142185065,11.953489798166332,11.594608981606688,11.716997146606445,122515847,0.0,0.0
2012-12-24,11.852267972044853,12.113607174763285,11.752885496500397,12.086920738220215,2755199,0.0,0.0
2012-12-26,12.133390652960966,12.513435458080204,12.091520636416139,12.428317070007324,3971772,0.0,0.0
2012-12-27,12.559445125734152,12.606836688290798,12.23001108062504,12.3073091506958,2428618,0.0,0.0
2012-12-28,12.419573794150581,12.514814866067844,12.239213436038243,12.448101043701172,2139399,0.0,0.0
2012-12-31,12.238752412477277,12.606835456661772,12.238752412477277,12.443498611450195,2017432,0.0,0.0
2013-01-01,12.471567328036901,12.632603642528037,12.465126272885986,12.56220817565918,1394324,0.0,0.0
2013-01-02,12.697476129626693,12.698857194304365,12.350558824675078,12.424175262451172,3165149,0.0,0.0
2013-01-03,12.557605317655836,13.192548207223414,12.468804396542627,12.758670806884766,4795584,0.0,0.0
2013-01-04,12.744404969660854,12.973537020884867,12.735663346520525,12.764650344848633,2790193,0.0,0.0
2013-01-07,12.827686836106025,13.029671842316308,12.664349060972963,12.745787620544434,2320135,0.0,0.0
2013-01-08,12.7393462476499,12.790878296457587,12.609137770682908,12.734285354614258,1046438,0.0,0.0
2013-01-09,12.799158629801035,12.83504643596218,12.561284943508818,12.618337631225586,1200517,0.0,0.0
2013-01-10,12.58843344637159,13.179205808632455,12.58843344637159,12.933051109313965,8543083,0.0,0.0
2013-01-11,13.033813469191324,13.154360829643451,12.717262387243979,12.744869232177734,1736035,0.0,0.0
2013-01-14,12.82768555074229,12.918786134766336,12.698856341660646,12.826305389404297,3086309,0.0,0.0
2013-01-15,13.07614090734327,13.420298772773124,12.882897543547225,12.938570976257324,19125111,0.0,0.0
2013-01-16,12.928909329258056,13.066480177306113,12.679533658436018,12.752229690551758,3614005,0.0,0.0
2013-01-17,12.788117967603345,12.973540141228991,12.698858187884225,12.72048282623291,2244382,0.0,0.0
2013-01-18,12.790418773777725,12.862655057107112,12.529540237502893,12.6201810836792,3131904,0.0,0.0
2013-01-21,12.625241060514,12.882898598934107,12.529539327802006,12.803300857543945,23093899,0.0,0.0
2013-01-22,12.881519671685957,12.954675457128188,12.717261485074614,12.786737442016602,8636025,0.0,0.0
2013-01-23,12.994529556377989,12.994529556377989,12.445198214934255,12.502972602844238,2631400,0.0,0.0
2013-01-24,12.492553061801397,12.64409351374164,12.134066989496821,12.33154296875,1168900,0.0,0.0
2013-01-25,12.416784855578829,12.54938242905477,12.232096120190294,12.385056495666504,685400,0.0,0.0
2013-01-28,12.537068004410994,12.537068004410994,12.265243073030698,12.31733512878418,741500,0.0,0.0
2013-01-29,12.322071927931969,12.454195284370721,12.165796650277054,12.26761245727539,852000,0.0,0.0
2013-01-30,12.312128447967572,12.454669869863615,12.123177287788529,12.360904693603516,1053500,0.0,0.0
2013-01-31,12.279925923957705,12.416785018921628,12.13264877712363,12.234463691711426,1080800,0.0,0.0
2013-02-01,12.276610653448275,12.378426468349668,12.212679729911558,12.276137351989746,1439600,0.0,0.0
2013-02-04,12.452773741608622,12.453247946249402,12.147326338648153,12.241565704345703,1135400,0.0,0.0
2013-02-05,12.227358210491797,12.292236629613212,12.047405231665431,12.126016616821289,489500,0.0,0.0
2013-02-06,12.261456299657425,12.269506940308279,12.066348621539072,12.121755599975586,1480400,0.0,0.0
2013-02-07,12.095237445526392,12.205577208461955,11.895868228571832,11.948906898498535,3120800,0.0,0.0
2013-02-08,11.88639586108666,11.933752199825458,11.772741190061765,11.848036766052246,834600,0.0,0.0
2013-02-11,11.93185896222226,11.933753974781173,11.706443695675567,11.790264129638672,1078500,0.0,0.0
2013-02-12,11.754271556499583,11.843775208041869,11.701706192287347,11.762796401977539,684100,0.0,0.0
2013-02-13,12.015202532574246,12.217886620796788,11.80115288860356,11.928067207336426,10469500,0.0,0.0
2013-02-14,11.981108243818818,12.29365883082299,11.933752805921946,12.236358642578125,9614300,0.0,0.0
2013-02-15,12.198472473494778,12.219308574949416,12.085291110014055,12.211257934570312,6106500,0.0,0.0
2013-02-18,12.217886937842767,12.217886937842767,12.00099567349514,12.105179786682129,426600,0.0,0.0
2013-02-19,12.165796135016993,12.293657063503344,11.983474834933645,12.037934303283691,9132100,0.0,0.0
2013-02-20,12.17005746405438,12.35711448497457,12.047405562643656,12.171478271484375,929500,0.0,0.0
2013-02-21,12.046931896469037,12.189474205024032,11.887341704485971,11.979212760925293,969400,0.0,0.0
2013-02-22,11.868874763533519,11.980635334866102,11.703128015722928,11.735330581665039,1286200,0.0,0.0
2013-02-25,11.943223038383847,12.329649290660608,11.781265421749856,12.185687065124512,4446000,0.0,0.0
2013-02-26,12.185685337607227,12.388369432018195,11.985368653394575,12.117018699645996,1971200,0.0,0.0
2013-02-27,12.19847353035048,12.492554515765182,12.064455150557,12.417732238769531,1375800,0.0,0.0
2013-02-28,12.492553560693608,12.590581150502217,11.992946873408231,12.13596248626709,1267000,0.0,0.0
2013-03-01,12.311652775497732,12.311652775497732,12.028463171348873,12.144959449768066,1813400,0.0,0.0
2013-03-04,12.161059921589404,12.161059921589404,11.813465218351055,11.907230377197266,923300,0.0,0.0
2013-03-05,11.999578631863692,12.170534411432907,11.905339244827454,12.043619155883789,2678700,0.0,0.0
2013-03-06,12.112757414919672,12.112757414919672,11.787894691036067,11.822937965393066,1307700,0.0,0.0
2013-03-07,11.838091325430408,11.97921282727352,11.820570140489789,11.91765022277832,1757600,0.0,0.0
2013-03-08,12.027517895393867,12.265245299093866,11.971637611960844,12.16816520690918,2134900,0.0,0.0
2013-03-11,12.07582247839141,12.123178825622777,12.028939432690672,12.112286567687988,2084800,0.0,0.0
2013-03-12,12.2079434728768,12.2079434728768,11.924280553101752,11.956008911132812,1110500,0.0,0.0
2013-03-13,12.110862492782305,12.112283300238099,11.826726292538027,11.863663673400879,2765300,0.0,0.0
2013-03-14,12.018518337948091,12.028463087057663,11.763742175632938,11.994840621948242,866800,0.0,0.0
2013-03-15,12.033200182391104,12.454669717304787,11.933752679960847,12.303130149841309,3697300,0.0,0.0
2013-03-18,12.215992200546243,12.290815365376321,12.047404783867,12.155850410461426,4936100,0.0,0.0
2013-03-19,12.169112059301865,12.169112059301865,11.839039402308295,11.872188568115234,696500,0.0,0.0
2013-03-20,11.82577918390743,11.982054460592419,11.801153961422312,11.830514907836914,456600,0.0,0.0
2013-03-21,11.911966408349123,11.969267490775891,11.606993209344472,11.706914901733398,3597200,0.0,0.0
2013-03-22,11.838565049284565,11.839038350683474,11.197835990254603,11.457347869873047,1095800,0.0,0.0
2013-03-25,11.507073877991436,11.507073877991436,11.03398555229077,11.122068405151367,6047100,0.0,0.0
2013-03-26,11.034457476562153,11.098861692804562,10.46570997868189,10.764053344726562,4395700,0.0,0.0
2013-03-28,10.757897461572927,11.256084242104656,10.480391082368968,10.873920440673828,8527900,0.0,0.0
2013-04-01,10.951113241610637,11.223411553781986,10.951113241610637,11.110703468322754,795600,0.0,0.0
2013-04-02,11.08133926185576,11.356004904215327,11.08133926185576,11.200202941894531,3924700,0.0,0.0
2013-04-03,11.138642223372042,11.507546387627157,11.138642223372042,11.430830001831055,9007800,0.0,0.0
2013-04-04,11.479132126576435,11.479132126576435,11.176053016672475,11.319541931152344,3184600,0.0,0.0
2013-04-05,11.186471003586206,11.374948843347548,11.03871966737837,11.10785961151123,4290700,0.0,0.0
2013-04-08,11.141955437498568,11.270290566670258,11.001781450920216,11.105964660644531,735200,0.0,0.0
2013-04-09,11.110230718701104,11.243774916574415,10.655137737343862,10.768319129943848,973700,0.0,0.0
2013-04-10,10.664608459257936,10.832249324897877,10.565160044146657,10.643298149108887,1314400,0.0,0.0
2013-04-11,10.607780091146463,10.630511207843231,10.465711966662324,10.519698143005371,1772600,0.0,0.0
2013-04-12,10.418354827849642,10.608252581881802,10.418354827849642,10.603043556213379,805700,0.0,0.0
2013-04-15,10.79436446762175,10.79436446762175,10.418356223999606,10.547638893127441,4143700,0.0,0.0
2013-04-16,10.38994295780349,10.747954911219495,10.38994295780349,10.64803409576416,3850800,0.0,0.0
2013-04-17,10.484654069472706,10.901388804536365,10.484654069472706,10.850717544555664,1520200,0.0,0.0
2013-04-18,10.626722099633534,11.222935593655766,10.626722099633534,11.095074653625488,1469900,0.0,0.0
2013-04-22,11.033983845033548,11.649614407077532,10.621985798941594,11.574317932128906,7438300,0.0,0.0
2013-04-23,11.506599915232918,11.829568550667021,11.487657017675211,11.73627758026123,739300,0.0,0.0
2013-04-25,11.839039207654402,12.341014217149786,11.782211422028976,12.222623825073242,2725100,0.0,0.0
2013-04-26,12.284187401151488,12.357115565121774,11.90154938453132,11.944169998168945,788400,0.0,0.0
2013-04-29,11.944169760851644,12.12317615392361,11.365477474944573,11.514175415039062,7275400,0.0,0.0
2013-04-30,11.739118787654903,11.744327813728958,11.51275693306972,11.61409854888916,597400,0.0,0.0
2013-05-02,11.65813891541542,12.074872705688728,11.65813891541542,12.010468482971191,1446000,0.0,0.0
2013-05-03,11.981108623797645,12.046933660068774,11.69697237441676,11.766112327575684,974300,0.0,0.0
2013-05-06,11.74906215669405,12.028463551874644,11.744326432661683,11.934225082397461,24875000,0.0,0.0
2013-05-07,11.981107111805592,12.21788789190647,11.981107111805592,12.13596248626709,5333200,0.0,0.0
2013-05-08,12.30029038395623,13.070301344564761,12.174322634607936,12.900766372680664,9050500,0.0,0.0
2013-05-09,12.549382629652028,13.269196491603822,12.549382629652028,13.16501235961914,12789700,0.0,0.0
2013-05-10,13.022944812961057,13.420736654053092,13.022944812961057,13.2545166015625,2103100,0.0,0.0
2013-05-13,13.428786157087005,13.428786157087005,12.998318484438244,13.05846118927002,2168800,0.0,0.0
2013-05-14,12.950014705377418,13.249305596098385,12.94717309034133,13.073614120483398,1072000,0.0,0.0
2013-05-15,12.97748218761459,13.73328684356917,12.966116629361755,13.270617485046387,15733300,0.0,0.0
2013-05-16,13.629103717288046,14.112135882104521,13.440625853342485,13.956808090209961,10179800,0.0,0.0
2013-05-17,14.055308274058488,14.442681130994917,13.970067042499975,14.294456481933594,12353600,0.0,0.0
2013-05-20,14.481514637451,15.058312899014823,14.254205271387967,14.975439071655273,17414800,0.0,0.0
2013-05-21,14.90771723489863,15.106613120129676,13.875352921234967,14.134864807128906,6089600,0.0,0.0
2013-05-22,14.178434642287877,14.30298067182204,13.366276421137515,13.679300308227539,5223200,0.0,0.0
2013-05-23,13.43020634144496,13.57985178952788,13.146542521767925,13.498398780822754,2003700,0.0,0.0
2013-05-24,13.970066889156502,13.970066889156502,13.278667402099204,13.656095504760742,4259600,0.0,0.0
2013-05-27,13.733285835249943,13.920816177782324,13.4775621482074,13.786324501037598,1330400,0.0,0.0
2013-05-28,13.82799779782014,14.061936960823315,13.82799779782014,13.968645095825195,3628900,0.0,0.0
2013-05-29,13.846940824549042,14.100769505151908,13.846940824549042,14.036839485168457,1948200,0.0,0.0
2013-05-30,14.012684376016242,14.063828922322088,13.827521481802592,13.929811477661133,1337600,0.0,0.0
2013-05-31,13.790111858173193,13.998478276610397,13.790111858173193,13.944966316223145,1738800,0.0,0.0
2013-06-03,13.922710618700524,14.064779638193144,13.84694083626995,13.997533798217773,820900,0.0,0.0
2013-06-04,13.998005903847618,14.52223870739951,13.626260158290535,13.806687355041504,1174600,0.0,0.0
2013-06-05,13.874881400512571,13.968646576873205,13.689245156922768,13.89429759979248,750800,0.0,0.0
2013-06-06,13.96817052745508,13.96817052745508,13.609211175118405,13.774483680725098,579100,0.0,0.0
2013-06-07,13.780168105404284,14.301559297053172,13.694926881135238,14.238574981689453,2595100,0.0,0.0
2013-06-10,13.553333709053536,14.421845530511993,13.553333709053536,14.146705627441406,1446200,0.0,0.0
2013-06-11,14.15949209703854,14.302034424857789,14.021685493755323,14.15854549407959,30911000,0.0,0.0
2013-06-12,14.029260449442264,14.186009020983692,13.734231996638291,13.793900489807129,1548400,0.0,0.0
2013-06-13,13.827997415097995,13.827997415097995,13.459566592499781,13.61584186553955,967200,0.0,0.0
2013-06-14,13.591689554584681,13.723339601931787,13.543859919607657,13.63525676727295,1840900,0.0,0.0
2013-06-17,13.685929144125977,13.912291877279346,13.543861034925381,13.619630813598633,2082300,0.0,0.0
2013-06-18,13.638571399221682,13.97006482414421,13.577008799120199,13.632415771484375,1707000,0.0,0.0
2013-06-19,13.72334200144969,13.958701999839759,13.497453452081649,13.540547370910645,4659300,0.0,0.0
2013-06-20,13.542912323272505,13.676456478552984,13.404159142949567,13.468090057373047,639600,0.0,0.0
2013-06-21,13.448201109165844,13.448201109165844,13.155540059585404,13.236518859863281,1366700,0.0,0.0
2013-06-24,13.024364103859957,13.144648606466735,12.596738059974875,12.705657005310059,1516200,0.0,0.0
2013-06-25,12.87803348548626,13.399897997435486,12.34338260878466,13.037150382995605,5565900,0.0,0.0
2013-06-26,13.070299556588356,13.353962475509485,12.702815314570499,13.014892578125,1682100,0.0,0.0
2013-06-27,13.165012548488518,13.354437917270188,12.705658106661296,12.771956443786621,2527700,0.0,0.0
2013-06-28,13.030047499531522,13.466671726054567,12.754908498498386,13.115288734436035,3904700,0.0,0.0
2013-07-01,13.259722490721558,13.685927675845369,13.136596387775228,13.629100799560547,1891200,0.0,0.0
2013-07-02,13.690663138859748,13.875351838140928,13.057984753932699,13.438255310058594,19540100,0.0,0.0
2013-07-03,13.274403713286265,13.49697731393801,13.248357683830292,13.427837371826172,1118800,0.0,0.0
2013-07-04,13.546057100401601,13.546057100401601,13.353171108278755,13.478092193603516,564600,0.15,0.0
2013-07-05,13.497238204751845,13.54366493234235,13.317274383568524,13.529784202575684,841500,0.0,0.0
2013-07-08,13.591048648949243,13.591048648949243,13.221070821561279,13.2785062789917,1300200,0.0,0.0
2013-07-09,13.258404901520311,13.454641280879565,13.25792653894351,13.32589054107666,906500,0.0,0.0
2013-07-10,13.382367555104079,13.48575137850275,13.317753920725144,13.352693557739258,1248600,0.0,0.0
2013-07-11,13.40151350850559,13.880138990952217,13.40151350850559,13.873916625976562,16486200,0.0,0.0
2013-07-12,13.61211020883946,13.841371879508275,13.61211020883946,13.79542350769043,10005400,0.0,0.0
2013-07-15,13.66044964483174,14.222834204049354,13.66044964483174,14.178321838378906,1700800,0.0,0.0
2013-07-16,13.870088956113603,14.001232428628768,13.535530003226896,13.593442916870117,13070400,0.0,0.0
2013-07-17,13.62407643597173,13.927046133426082,13.401515480846635,13.502984046936035,2566100,0.0,0.0
2013-07-18,13.372795688078575,13.784892240818841,12.942511316626701,13.157892227172852,9591100,0.0,0.0
2013-07-19,13.162201015707941,13.257926479166269,12.597422789696292,12.686925888061523,3848700,0.0,0.0
2013-07-22,12.603166603734808,13.162200818867667,12.603166603734808,12.836256980895996,5029400,0.0,0.0
2013-07-23,12.750580883527348,13.14113921854153,11.761740774129857,12.983672142028809,12903200,0.0,0.0
2013-07-24,12.875028751191854,12.970754238538401,12.487342261959553,12.570144653320312,4370100,0.0,0.0
2013-07-25,12.816154185334348,12.816154185334348,12.329391996112825,12.46915054321289,1527100,0.0,0.0
2013-07-26,12.39687885239779,12.559133235757875,11.870869885869086,12.001055717468262,2433500,0.0,0.0
2013-07-29,12.001054089737982,12.090078816635689,11.534873375011724,11.58752155303955,2254500,0.0,0.0
2013-07-30,11.478395896024443,11.869910987336933,11.010299891596858,11.29460334777832,3023900,0.0,0.0
2013-07-31,11.107940849869793,11.107940849869793,10.62357134034933,10.950472831726074,4140400,0.0,0.0
2013-08-01,10.962916213913385,11.247219664265772,10.725517852969128,10.815499305725098,2036400,0.0,0.0
2013-08-02,10.818369936896065,10.894949925838834,10.185148571348316,10.554168701171875,3364200,0.0,0.0
2013-08-05,10.554172018264877,10.909790807436904,10.114314849618154,10.241629600524902,3246800,0.0,0.0
2013-08-06,10.204774335334498,10.204774335334498,9.668235899855253,9.763482093811035,3863500,0.0,0.0
2013-08-07,9.668237060720802,9.907549850214824,9.667757785152853,9.726629257202148,2757600,0.0,0.0
2013-08-08,9.763959696426872,10.194722449684328,9.753908605076777,10.077938079833984,3139700,0.0,0.0
2013-08-12,10.242107505326544,11.008386876713367,10.1952024092123,10.839431762695312,33790500,0.0,0.0
2013-08-13,10.893039121005627,12.156610264182504,10.730784725749869,11.908203125,3243900,0.0,0.0
2013-08-14,12.099651663766613,12.205427296296417,11.547796580207047,11.702392578125,1522900,0.0,0.0
2013-08-16,11.545403948868323,11.774187239888903,10.960523541498047,11.010300636291504,22749100,0.0,0.0
2013-08-19,10.916010114448014,11.247697926693267,10.424462492194069,10.692492485046387,24759600,0.0,0.0
2013-08-20,10.692494382888462,11.25727265275061,9.813259337896346,11.060078620910645,4851800,0.0,0.0
2013-08-21,11.247702031060628,11.486057201923336,10.338313538790102,10.530241966247559,1191600,0.0,0.0
2013-08-22,10.223440287283752,10.85474739634579,10.223440287283752,10.4890775680542,953200,0.0,0.0
2013-08-23,10.769073339877812,10.989240623298375,10.530718237027182,10.890644073486328,2048400,0.0,0.0
2013-08-26,10.816935620006756,10.996898530739143,10.635057433283071,10.731261253356934,1499500,0.0,0.0
2013-08-27,10.93563718030946,10.93563718030946,9.874045433774489,9.980779647827148,4746200,0.0,0.0
2013-08-28,9.917119744403912,9.917119744403912,9.33319697994566,9.42174243927002,5883700,0.0,0.0
2013-08-29,9.696954077910497,9.741944815390855,9.240345061489265,9.648612976074219,6455000,0.0,0.0
2013-08-30,9.38105997595665,9.897975479075399,9.38105997595665,9.829052925109863,3606100,0.0,0.0
2013-09-02,9.907548384426542,10.098998405116207,9.428443600752484,9.685465812683105,9272400,0.0,0.0
2013-09-03,9.802251168847016,9.802251168847016,9.438495636698821,9.58112621307373,2643900,0.0,0.0
2013-09-04,9.488270201903386,9.657703647271601,9.381058573415777,9.436578750610352,2582900,0.0,0.0
2013-09-05,9.649091593535092,10.366551598921458,9.57442593752886,10.209083557128906,9344200,0.0,0.0
2013-09-06,10.26173020603644,10.673347484391382,10.243063111824803,10.48668384552002,3046800,0.0,0.0
2013-09-10,10.816937804424539,11.056250583668861,10.625487763610241,10.982063293457031,4042000,0.0,0.0
2013-09-11,10.92223229316773,11.199835009270041,10.92223229316773,11.154844284057617,2183600,0.0,0.0
2013-09-12,11.19026393272262,11.247699395142282,10.625486602275418,10.777688980102539,1185900,0.0,0.0
2013-09-13,10.83608231286007,11.052900179388729,10.649418637854499,10.965789794921875,2134700,0.0,0.0
2013-09-16,11.050984170121112,11.184998721794965,10.816936154354847,10.92319107055664,1756200,0.0,0.0
2013-09-17,10.950951469782087,12.865453545212263,10.91122637698369,11.291732788085938,2883700,0.0,0.0
2013-09-18,11.409475563858253,11.939792579106117,11.22520461728503,11.696172714233398,3788700,0.0,0.0
2013-09-19,11.86943308573475,12.204949646900868,11.545881978896228,11.923518180847168,12981900,0.0,0.0
2013-09-20,12.203992103844731,12.62613976266316,11.59278807420553,12.375819206237793,6894800,0.0,0.0
2013-09-23,12.205428053754439,12.312640606343663,11.774186943496904,11.969944953918457,1452700,0.0,0.0
2013-09-24,11.850767442973346,11.850767442973346,11.248656843863063,11.30848503112793,3275100,0.0,0.0
2013-09-25,11.28790285751772,11.52530122831239,11.15293067278334,11.40038013458252,1525200,0.0,0.0
2013-09-26,11.448721651896731,11.487969292271119,11.151973449150685,11.208451271057129,3671200,0.0,0.0
2013-09-27,11.372143080195286,11.392245265484242,11.057207018190086,11.271631240844727,2054000,0.0,0.0
2013-09-30,11.391287576327334,11.391287576327334,11.057206968692544,11.156761169433594,378300,0.0,0.0
2013-10-01,11.075872611887807,11.244826800484113,10.924147691749775,11.06103515625,1747100,0.0,0.0
2013-10-03,11.05816318228177,11.630598849892872,11.05816318228177,11.532959938049316,1181000,0.0,0.0
2013-10-04,11.486053081958888,12.109223435424509,11.486053081958888,11.946969985961914,4035000,0.0,0.0
2013-10-07,11.831621034868105,12.204470859528739,11.831621034868105,12.071413040161133,2854800,0.0,0.0
2013-10-08,12.20064037980783,12.432774003892122,12.157085655861545,12.359066009521484,4492300,0.0,0.0
2013-10-09,12.348536784872264,12.348536784872264,12.204949508755048,12.270042419433594,2380400,0.0,0.0
2013-10-10,12.214524712799879,12.325566012535482,12.01541630126098,12.096782684326172,1478300,0.0,0.0
2013-10-11,12.193940257867112,12.243238985999763,12.049874625360655,12.069976806640625,1585000,0.0,0.0
2013-10-14,12.243240560608305,12.44091294818968,12.099653272168661,12.4011869430542,1311000,0.0,0.0
2013-10-15,12.397358075199987,12.46340862880802,11.985739847435468,12.223616600036621,12420300,0.0,0.0
2013-10-17,12.072849259289264,12.271478353945739,12.061362167713044,12.22935962677002,1484100,0.0,0.0
2013-10-18,12.188198026375552,12.368160945491198,12.157087114293587,12.237975120544434,1784300,0.0,0.0
2013-10-21,12.23845291676141,12.423202191717511,12.237016916220306,12.342793464660645,1404000,0.0,0.0
2013-10-22,12.27195701769918,12.463407940064718,12.243239744506612,12.405972480773926,5666300,0.0,0.0
2013-10-23,12.404058736061408,12.51127038154208,12.253291446698514,12.303546905517578,815000,0.0,0.0
2013-10-24,12.061363194154314,12.395443777587293,12.061363194154314,12.20399284362793,748200,0.0,0.0
2013-10-25,12.128370468483183,12.526587242441304,12.042217730816803,12.308333396911621,1253300,0.0,0.0
2013-10-28,12.348535751547034,12.587848466987136,12.158521762223861,12.19920539855957,361500,0.0,0.0
2013-10-29,12.204951019081768,12.539989255356117,11.975210983702315,12.34375286102295,7361200,0.0,0.0
2013-10-30,12.410757156956588,12.785042034297234,12.350928980081868,12.599814414978027,6425400,0.0,0.0
2013-10-31,12.715164526444793,13.055945817941538,12.448091237711152,12.9520845413208,5754900,0.0,0.0
2013-11-01,12.923368282807049,13.162202696470787,12.68740587076928,13.088973045349121,3801400,0.0,0.0
2013-11-05,13.066475593904045,13.096629781410691,12.779301028424934,12.837693214416504,5190100,0.0,0.0
2013-11-06,12.9228892664139,13.296217507200815,12.77882269754321,13.14497184753418,1766300,0.0,0.0
2013-11-07,13.06695451502274,13.621680723351865,13.066475239553887,13.490058898925781,3720400,0.0,0.0
2013-11-08,13.497237935884653,13.621679748428011,13.115294669488572,13.35556411743164,2306700,0.0,0.0
2013-11-11,13.44698331310154,13.59296423904661,13.353651485144713,13.513033866882324,2795700,0.0,0.0
2013-11-12,13.513034544907473,13.734637852100155,13.440283259580076,13.50920581817627,1466900,0.0,0.0
2013-11-13,13.401991145063295,13.537442602059269,13.257925510730226,13.411563873291016,2547000,0.0,0.0
2013-11-14,13.505372494552061,13.860991182294722,13.413955050214646,13.640345573425293,4241200,0.0,0.0
2013-11-18,13.707835564232026,13.966293801394524,13.500112066647318,13.653751373291016,2769900,0.0,0.0
2013-11-19,13.660927168064772,13.830360616989667,13.564244990229666,13.76335334777832,792400,0.0,0.0
2013-11-20,13.733679218142509,13.830361401461523,13.614022851817749,13.668107032775879,860100,0.0,0.0
2013-11-21,13.698261201686023,13.76526847461566,13.278984644611032,13.352693557739258,1056600,0.0,0.0
2013-11-22,13.401034426132664,13.401034426132664,13.066474603793527,13.194746971130371,2478300,0.0,0.0
2013-11-25,13.14640460533396,13.545099687454513,13.076046971867598,13.389068603515625,5152300,0.0,0.0
2013-11-26,13.25744809622142,13.497240133585484,13.067434070047677,13.17033863067627,11043600,0.0,0.0
2013-11-27,13.5455809401048,13.5455809401048,13.21102107814561,13.301003456115723,2541600,0.0,0.0
2013-11-28,13.33785688664994,13.40103543709906,13.1622010532523,13.301481246948242,7001500,0.0,0.0
2013-11-29,13.171775062040807,13.543188035079277,13.171775062040807,13.5025053024292,2392300,0.0,0.0
2013-12-02,13.487666023134645,13.678637667875977,13.31631819813393,13.46086311340332,6870300,0.0,0.0
2013-12-03,13.572382688848712,14.251551620713087,13.450332682159308,14.070631980895996,7449700,0.0,0.0
2013-12-04,13.975863351093034,14.195552254943319,13.710704445734423,13.97921371459961,15143500,0.0,0.0
2013-12-05,14.155828298893118,14.3109026805432,13.7844144327635,13.901678085327148,2905600,0.0,0.0
2013-12-06,13.92752400611623,14.358765140332912,13.88731872609549,14.25155258178711,2121800,0.0,0.0
2013-12-09,14.40662737961266,14.540163569498162,14.018461714247625,14.328611373901367,3021000,0.0,0.0
2013-12-10,14.406628273292188,14.406628273292188,14.258732980938122,14.364508628845215,1905700,0.0,0.0
2013-12-11,14.35828641402587,14.387482050541202,14.1807162175269,14.289363861083984,1004000,0.0,0.0
2013-12-12,14.215656780960758,14.406628445243381,13.97586565651569,14.325262069702148,2301900,0.0,0.0
2013-12-13,14.170187292928095,14.339141491943424,14.119452557930138,14.18215274810791,6503000,0.0,0.0
2013-12-16,13.91125113113844,14.318561372325929,13.91125113113844,14.198904991149902,2256200,0.0,0.0
2013-12-17,14.167314296484069,14.263038844104889,14.136681747437112,14.165878295898438,2986500,0.0,0.0
2013-12-18,14.012719185393859,14.396576864259028,13.894977171805463,14.314252853393555,2985300,0.0,0.0
2013-12-19,14.173057322557726,14.402797331307378,14.039999499022295,14.185502052307129,2173000,0.0,0.0
2013-12-20,14.148649081753208,14.35876528606401,14.071589797761588,14.308509826660156,2325700,0.0,0.0
2013-12-23,14.425772972342314,14.933116684058481,14.358287328640143,14.887646675109863,3719100,0.0,0.0
2013-12-24,15.024054306441332,15.076703404109317,14.61770172019544,14.66317081451416,6834200,0.0,0.0
2013-12-26,14.818244829968592,14.818244829968592,14.464062074580553,14.536334991455078,1061300,0.0,0.0
2013-12-27,14.310902437130819,14.739750846397028,14.310902437130819,14.59712028503418,1037400,0.0,0.0
2013-12-30,14.837391002737427,15.124088132449604,14.789528268534548,14.894347190856934,2908800,0.0,0.0
2013-12-31,14.851270703097304,15.210719112902945,14.851270703097304,15.136531829833984,2568000,0.0,0.0
2014-01-01,14.933115030970251,15.459602317709487,14.933115030970251,15.03171157836914,1199500,0.0,0.0
2014-01-02,15.033625876911804,15.12504333399695,14.921627875258334,15.0211820602417,697300,0.0,0.0
2014-01-03,15.046071457610207,15.354306758453882,14.728742703251557,14.890039443969727,5128200,0.0,0.0
2014-01-06,15.039849609212887,15.124566346661936,14.646897560329743,14.85127067565918,4769600,0.0,0.0
2014-01-07,14.88764771533439,15.047030113282487,14.792401514420705,14.876160621643066,2253900,0.0,0.0
2014-01-08,14.94029543464177,14.94029543464177,14.789528142702462,14.88956069946289,1756800,0.0,0.0
2014-01-09,14.800059378481546,14.912057397035557,14.712948997023299,14.840742111206055,3188200,0.0,0.0
2014-01-10,14.931203097982717,14.976194749418045,14.829256164074401,14.938383102416992,2183900,0.0,0.0
2014-01-13,14.943165824089121,15.046070371132346,14.886688005141833,14.989592552185059,1445600,0.0,0.0
2014-01-14,15.028362750224575,15.028362750224575,14.838348725932974,14.86658763885498,366000,0.0,0.0
2014-01-15,14.875679419490126,15.026925059165581,14.665083959222663,14.884294509887695,6362600,0.0,0.0
2014-01-16,14.885252785114744,15.354306454822824,14.825902961982024,15.163333892822266,3605500,0.0,0.0
2014-01-17,15.009695498730967,15.16285550783546,14.693802751726533,15.064737319946289,1908300,0.0,0.0
2014-01-20,15.124566359498518,15.258580918578634,14.847441961691725,15.024054527282715,900000,0.0,0.0
2014-01-21,15.028840711804527,15.316016198100044,15.007781803004773,15.285862922668457,1141400,0.0,0.0
2014-01-22,15.325586219703537,15.4117389416619,14.982411332290129,15.062341690063477,1061800,0.0,0.0
2014-01-23,15.172429133531278,15.172429133531278,14.83834854722898,15.070481300354004,693400,0.0,0.0
2014-01-24,15.171471030840808,15.171471030840808,14.687102442602376,14.842655181884766,1734000,0.0,0.0
2014-01-27,14.789527274417697,14.789527274417697,14.09073450590632,14.279790878295898,1689900,0.0,0.0
2014-01-28,14.137162421036647,14.818245789676368,14.1194529626033,14.700983047485352,2383200,0.0,0.0
2014-01-29,14.789527124277114,14.920192223347513,14.322388736926932,14.47554874420166,413100,0.0,0.0
2014-01-30,14.224271576755196,14.443003787084718,14.215178122885863,14.343449592590332,5068000,0.0,0.0
2014-01-31,14.364031390727218,14.885254956542932,14.358766662985632,14.656949996948242,734800,0.0,0.0
2014-02-03,14.779952944706242,14.779952944706242,14.186936793745918,14.286011695861816,983900,0.0,0.0
2014-02-04,14.481771969186774,14.591377254249222,14.119452474531558,14.17975902557373,515900,0.0,0.0
2014-02-05,14.257296478124134,14.454490498620139,14.124238647242109,14.208477020263672,497800,0.0,0.0
2014-02-06,14.502351821427782,14.502351821427782,14.128545252143232,14.197467803955078,1315400,0.0,0.0
2014-02-07,14.358288817797392,14.36833991100423,14.167795496617453,14.300374984741211,305600,0.0,0.0
2014-02-10,14.377910448825562,14.54973664535456,14.148648790655482,14.222356796264648,329100,0.0,0.0
2014-02-11,14.348713556764936,14.358764648199204,13.975864622742828,14.029470443725586,168200,0.0,0.0
2014-02-12,14.167314233146525,14.310901510388646,14.073982411648581,14.185502052307129,1193600,0.0,0.0
2014-02-13,14.044307921557337,14.348235216634928,14.044307921557337,14.188373565673828,838600,0.0,0.0
2014-02-14,14.18885079702889,14.310899877467927,13.98543444575644,14.123278617858887,310700,0.0,0.0
2014-02-17,14.119930994689051,14.477464128709245,14.119930994689051,14.39561939239502,1506000,0.0,0.0
2014-02-18,14.846962211185183,15.105419488754313,14.416199473299544,14.90870475769043,8535600,0.0,0.0
2014-02-19,14.847443062840465,14.847443062840465,14.691889394765141,14.743581771850586,745300,0.0,0.0
2014-02-20,14.789525997742974,14.81632890568388,14.293670375025052,14.476505279541016,791000,0.0,0.0
2014-02-21,14.407582978603983,14.741663521396124,14.368814616517176,14.64258861541748,1091000,0.0,0.0
2014-02-24,14.643067273939256,14.837389276646475,14.515274181033696,14.610520362854004,586100,0.0,0.0
2014-02-25,14.473634140826828,14.894825066747453,14.473634140826828,14.869457244873047,5958500,0.0,0.0
2014-02-26,14.933116047907815,14.980977867848466,14.60286419546427,14.817288398742676,892600,0.0,0.0
2014-02-28,14.88525127413312,15.172426718930673,14.836910185329044,15.043197631835938,1607100,0.0,0.0
2014-03-03,15.11451485834996,15.258580505460582,14.981457028062477,15.21023941040039,15068400,0.0,0.0
2014-03-04,15.047985208123595,15.220289758559703,15.047985208123595,15.173384666442871,881900,0.0,0.0
2014-03-05,15.172428882448546,15.28538453090694,14.837390663592247,14.910141944885254,1832600,0.0,0.0
2014-03-06,14.953217762650334,15.76640309424492,14.942687395752694,15.473004341125488,5313300,0.0,0.0
2014-03-07,15.507946443568864,15.746780848706779,15.187745660877487,15.667328834533691,4682400,0.0,0.0
2014-03-10,15.667329984062714,16.033956616118868,15.533313582734273,16.006196975708008,6902500,0.0,0.0
2014-03-11,15.9932706268328,16.398188098544814,15.977953895970787,16.222532272338867,3036400,0.0,0.0
2014-03-12,16.234976452586796,16.357504831681876,16.12968008174544,16.184720993041992,944800,0.0,0.0
2014-03-13,16.51258143042396,16.51258143042396,15.603192157554243,15.76640510559082,1025600,0.0,0.0
2014-03-14,15.794642358320505,15.986093299048985,15.655840517582932,15.850163459777832,1189300,0.0,0.0
2014-03-18,15.794641260398658,16.081815825717726,15.70896688821657,15.988005638122559,1363000,0.0,0.0
2014-03-19,15.79799420198591,16.090912817633807,15.754439464924221,15.978435516357422,3110500,0.0,0.0
2014-03-20,15.986092551846752,16.012895463198575,15.794641620066837,15.813308715820312,7044100,0.0,0.0
2014-03-21,15.823842143140396,16.089479510419604,15.823363780433494,16.017684936523438,1993000,0.0,0.0
2014-03-24,16.120103468312923,16.23305909087657,15.794638053271541,15.861166954040527,1076900,0.0,0.0
2014-03-25,15.82383981438004,16.127766237413642,15.801343989783305,15.894197463989258,7825700,0.0,0.0
2014-03-26,16.127285271764446,16.12776363432374,15.842502529214034,15.889887809753418,5335600,0.0,0.0
2014-03-27,15.89084667902704,16.31921675705095,15.794642843100888,16.25316619873047,3692300,0.0,0.0
2014-03-28,16.099524064371714,17.46791289617876,16.099524064371714,17.208498001098633,8717000,0.0,0.0
2014-03-31,17.2305180469687,17.37410533219783,16.89547983089314,17.144365310668945,2686500,0.0,0.0
2014-04-01,17.134790792260205,17.21903006942549,16.563311886526655,17.01465606689453,4765300,0.0,0.0
2014-04-02,17.2305179276621,17.2305179276621,16.66621805654942,16.766250610351562,2669800,0.0,0.0
2014-04-03,16.446047553085016,16.79975096746985,15.905678697265651,16.711206436157227,4806800,0.0,0.0
2014-04-04,16.67531334507262,16.9715822964004,16.532204415505777,16.83230209350586,1402100,0.0,0.0
2014-04-07,16.884947843523015,17.132876560935657,16.847615483610088,16.92323875427246,918400,0.0,0.0
2014-04-09,16.895475154092786,17.161112379851325,16.723649917451706,16.811716079711914,4270800,0.0,0.0
2014-04-10,16.694935946335228,17.383677631299953,16.694935946335228,17.09745979309082,16494400,0.0,0.0
2014-04-11,17.134792501804274,17.27837978636518,16.84761793268246,16.87059211730957,1397600,0.0,0.0
2014-04-15,16.90505205848404,17.03380279652948,16.7136011333175,16.826078414916992,1833200,0.0,0.0
2014-04-16,16.886382517540863,17.134789591383115,16.819375251181352,16.96918487548828,9339800,0.0,0.0
2014-04-17,17.03906861483272,17.120435906633286,16.84761949295833,16.916542053222656,8537600,0.0,0.0
2014-04-21,16.87633627767882,17.2295632667053,16.818901722266126,16.93329429626465,7016100,0.0,0.0
2014-04-22,17.00077862780149,17.115647729730213,16.794012783680632,16.89691734313965,16532900,0.0,0.0
2014-04-23,16.90553382284924,17.718719317151987,16.905055460182712,17.48658561706543,5004800,0.0,0.0
2014-04-24,17.48658561706543,17.48658561706543,17.48658561706543,17.48658561706543,0,0.0,0.0
2014-04-25,17.693350004904566,17.693350004904566,17.10224716684817,17.354961395263672,2266400,0.0,0.0
2014-04-28,17.606716664701977,17.80486831558435,17.24966282887246,17.77423667907715,1900500,0.0,0.0
2014-04-29,17.625862125121802,17.98578796221659,17.483709933196142,17.925003051757812,2954900,0.0,0.0
2014-04-30,17.89102304352409,18.091088166978444,17.49855025014323,17.89963722229004,4711000,0.0,0.0
2014-05-02,18.168620312474715,18.168620312474715,17.90059124863408,17.975255966186523,855800,0.0,0.0
2014-05-05,17.94845771492899,18.01307135934566,17.793860774815037,17.97861099243164,642400,0.0,0.0
2014-05-06,17.71871942705494,18.091090074836178,17.71871942705494,17.987707138061523,8320400,0.0,0.0
2014-05-07,17.80774337820853,18.0518416129102,17.80774337820853,18.033174514770508,8936300,0.0,0.0
2014-05-08,17.86469629753165,18.09252103138496,17.86469629753165,18.082469940185547,955700,0.0,0.0
2014-05-09,18.07864016301489,18.235628886786596,18.013548168188176,18.20404052734375,2512600,0.0,0.0
2014-05-12,18.157614519679406,18.39788397889695,17.737860509875816,18.188724517822266,9285600,0.0,0.0
2014-05-13,18.360076011795407,18.360076011795407,17.528225319657576,17.994884490966797,5057700,0.0,0.0
2014-05-14,17.995836795534927,18.18776605739029,17.086927950657834,17.2869930267334,4048400,0.0,0.0
2014-05-15,17.326242597825487,17.326242597825487,16.321128002653825,16.614526748657227,9318100,0.0,0.0
2014-05-16,16.943345134718953,17.230519733282364,16.751894185135633,16.956266403198242,5966800,0.0,0.0
2014-05-19,16.972061254183675,17.421490243032956,16.972061254183675,17.229562759399414,14438200,0.0,0.0
2014-05-20,17.329587327743646,17.405210581174295,16.943337073916815,17.041454315185547,6544100,0.0,0.0
2014-05-21,17.36405460308642,17.699092826158253,17.113734030330026,17.622512817382812,3973600,0.0,0.0
2014-05-22,17.70914437226429,19.81509740631761,17.622513269349202,19.56190299987793,14796500,0.0,0.0
2014-05-23,19.815093912327765,19.815093912327765,19.197666657592407,19.411611557006836,2847800,0.0,0.0
2014-05-26,19.78637413282516,20.006541378895264,18.570665177168653,19.20101547241211,4504100,0.0,0.0
2014-05-27,18.666394876971534,19.384333141470442,18.666394876971534,18.937297821044922,5453000,0.0,0.0
2014-05-28,19.286693493151727,19.286693493151727,18.3313559603928,18.62571144104004,3062400,0.0,0.0
2014-05-29,18.475904381071487,19.095245240371575,18.475904381071487,19.04403305053711,862200,0.0,0.0
2014-05-30,19.221599662844806,19.526006234932574,18.857845092714083,19.344606399536133,3352200,0.0,0.0
2014-06-02,19.487712789816694,20.10226803093241,19.228297894770737,19.946714401245117,4104200,0.0,0.0
2014-06-03,20.028085230922606,21.346697208286187,20.005111045563908,20.23389434814453,3762100,0.0,0.0
2014-06-04,20.571324689492386,20.62923942924586,19.7212852961271,20.231979370117188,1099200,0.0,0.0
2014-06-05,20.226711797023306,21.059520927987034,19.719369961368297,20.902053833007812,2348000,0.0,0.0
2014-06-06,21.059521092249923,21.059521092249923,20.261174143217673,20.549785614013672,6723500,0.0,0.0
2014-06-09,21.04994966762523,21.04994966762523,20.24585866640584,20.572280883789062,6161500,0.0,0.0
2014-06-10,20.607217734888376,20.607217734888376,19.904116141271857,20.21761703491211,3010700,0.0,0.0
2014-06-11,20.253999472642125,20.538780453455267,19.258457381934164,19.537017822265625,2823900,0.0,0.0
2014-06-12,19.145022741002137,20.301382289836585,18.70851682137351,19.724159240722656,10122300,0.0,0.0
2014-06-13,20.0917379785429,20.0917379785429,19.0971547897147,19.3872013092041,3729200,0.0,0.0
2014-06-16,19.804562772842647,19.804562772842647,18.908576981460687,19.08710479736328,3938000,0.0,0.0
2014-06-17,19.07753479343961,19.097158614663822,18.241853599765804,18.835350036621094,8111600,0.0,0.0
2014-06-18,19.001433285675834,20.569410938161706,18.83535017376326,20.236286163330078,3612400,0.0,0.0
2014-06-19,20.312869519977657,20.532558491998664,19.815578653297308,20.094139099121094,2175800,0.0,0.0
2014-06-20,19.893588805831307,20.150131723931466,19.644703340268084,19.839982986450195,2877000,0.0,0.0
2014-06-23,19.738517338432633,20.04435901789844,19.635612778129534,19.721765518188477,665700,0.0,0.0
2014-06-24,19.528397578202597,19.853384688051104,19.43219375449292,19.4599552154541,4513300,0.0,0.0
2014-06-25,19.57577992817903,19.695914642735627,19.078009065393456,19.25940704345703,2916100,0.0,0.0
2014-06-26,19.738514108328456,19.738514108328456,19.10672684268105,19.193838119506836,3136500,0.0,0.0
2014-06-27,19.335990482568505,19.353700852776203,18.963141544412483,19.13831901550293,3055600,0.0,0.0
2014-06-30,19.240745078544773,19.42262327611736,19.09715779659225,19.207719802856445,1653900,0.0,0.0
2014-07-01,19.37475732606487,19.37475732606487,19.145017337116805,19.23739242553711,4688200,0.0,0.0
2014-07-02,19.240742072069796,20.283187073322495,19.240742072069796,20.10131072998047,6191800,0.0,0.0
2014-07-03,20.121571061839177,21.11993263275691,20.063693695532486,20.98585319519043,5565900,0.16,0.0
2014-07-04,20.565284118111787,22.52342396231459,20.565284118111787,21.906078338623047,4165500,0.0,0.0
2014-07-07,22.349315576895105,22.841262139700483,21.31767518908415,21.43198013305664,3222100,0.0,0.0
2014-07-08,21.799973658412124,21.799973658412124,20.594222923321073,20.678625106811523,1923500,0.0,0.0
2014-07-09,20.883607400532796,21.992897976390044,20.595191961199713,21.02974510192871,2307900,0.0,0.0
2014-07-10,21.075561228006688,21.76476698854108,19.891995041501787,21.20288848876953,3997900,0.0,0.0
2014-07-11,21.08568914524639,21.57811774185738,20.30532719050733,20.514644622802734,1122900,0.0,0.0
2014-07-14,20.804024360016257,21.365904697773754,20.545993751664284,20.663192749023438,1315000,0.0,0.0
2014-07-15,20.748557762263538,21.34660906462847,20.748557762263538,21.18793296813965,3106900,0.0,0.0
2014-07-16,21.50577490737709,21.578120703301643,20.942448393482504,21.11559295654297,4487000,0.0,0.0
2014-07-17,21.365904443243828,21.50094978794294,21.134400503540764,21.216392517089844,2646100,0.0,0.0
2014-07-18,21.394363297542387,21.394363297542387,20.742292604214,21.064950942993164,2881100,0.0,0.0
2014-07-21,21.10546053383935,21.374103260825702,20.883602835134578,20.98247528076172,2885700,0.0,0.0
2014-07-22,20.895663479249304,21.654803039479827,20.88360523430912,21.522653579711914,1377700,0.0,0.0
2014-07-23,21.674574497985223,21.76621273111617,21.31767331158665,21.626827239990234,1324800,0.0,0.0
2014-07-24,21.678916075891816,22.17423867310606,21.607052332783198,22.048839569091797,4084000,0.0,0.0
2014-07-25,22.184851969617473,22.383559109819874,21.24532999250259,22.118776321411133,7371400,0.0,0.0
2014-07-28,21.607050627628443,21.95430739308877,21.31815325160779,21.47490119934082,1733900,0.0,0.0
2014-07-30,21.414136700666223,21.79997662035312,21.231344084302815,21.351919174194336,3537300,0.0,0.0
2014-07-31,21.350952561361705,21.607053168119624,21.076523571692235,21.147903442382812,4863200,0.0,0.0
2014-08-01,21.462363463796514,21.75174290939899,20.94292619984739,21.204814910888672,1756000,0.0,0.0
2014-08-04,21.703031686510034,21.703031686510034,21.076523693435572,21.165266036987305,1218500,0.0,0.0
2014-08-05,21.07652545819703,21.404489840197076,21.030224301236817,21.285842895507812,2146900,0.0,0.0
2014-08-06,21.125236968591455,21.31767580884601,21.047586950876212,21.09630012512207,809000,0.0,0.0
2014-08-07,20.951122716377967,21.317671945757635,20.845017909835004,21.129091262817383,7479600,0.0,0.0
2014-08-08,21.12475591814108,21.703516732301775,20.73939802408024,21.25931739807129,1957600,0.0,0.0
2014-08-11,21.22121445540229,22.070062224093295,21.22121445540229,21.69724464416504,2361400,0.0,0.0
2014-08-12,21.973604712740396,22.137586906112706,21.574258608053704,21.96202850341797,8284800,0.0,0.0
2014-08-13,21.742097343368123,22.262980685172064,21.699172280239615,21.738237380981445,1333600,0.0,0.0
2014-08-14,21.529882433693757,22.222465976202272,21.529882433693757,21.797077178955078,4424700,0.0,0.0
2014-08-18,22.10768265089221,22.11829294883087,21.655285083624197,21.957204818725586,1212100,0.0,0.0
2014-08-19,21.772480832428215,22.180505325960272,21.704475216981674,21.921510696411133,2477200,0.0,0.0
2014-08-20,22.15205458393903,22.15205458393903,21.925854872630385,22.0406436920166,10504900,0.0,0.0
2014-08-21,21.997718405614293,22.764576005997093,21.997718405614293,22.49738121032715,2000800,0.0,0.0
2014-08-22,22.378733598128253,23.005723590525605,22.378733598128253,22.905405044555664,1459200,0.0,0.0
2014-08-25,22.625187207056516,23.43979195054766,22.625187207056516,23.134014129638672,1993500,0.0,0.0
2014-08-26,23.19864592677464,23.343337502563895,23.005726892105322,23.29462432861328,1280000,0.0,0.0
2014-08-27,23.343335698562306,24.018555027467862,23.343335698562306,23.87917137145996,4764800,0.0,0.0
2014-08-28,23.640430978114765,23.881581128447543,23.640430978114765,23.839139938354492,14013300,0.0,0.0
2014-09-01,23.84492497481708,23.90280233259424,23.155235433190327,23.50876235961914,2690200,0.0,0.0
2014-09-02,23.507319679121593,23.727247415302582,23.343337487849638,23.43256187438965,881800,0.0,0.0
2014-09-03,23.41085881786578,24.06196353739357,23.343337065005688,23.98045539855957,2871900,0.0,0.0
2014-09-04,23.777405190851375,24.01855534864871,23.199610354761763,23.577733993530273,2702600,0.0,0.0
2014-09-05,23.439796808057405,23.815992340711915,23.160063555396224,23.507320404052734,1156600,0.0,0.0
2014-09-08,23.728693502793945,25.066111683786744,23.343335659462813,24.848112106323242,3115100,0.0,0.0
2014-09-09,24.983154616167436,25.542622878126274,24.597314752718166,25.200672149658203,3046600,0.0,0.0
2014-09-10,25.29086382853913,25.513687442847917,24.5712714776805,24.774320602416992,1008400,0.0,0.0
2014-09-11,24.931064808757494,25.426869399686584,24.57801994170274,25.07093048095703,1719800,0.0,0.0
2014-09-12,25.407582162229858,25.407582162229858,25.079135747096572,25.292795181274414,1182400,0.0,0.0
2014-09-15,25.272540854938274,25.464977869172063,24.645548883938655,24.84473991394043,2813500,0.0,0.0
2014-09-16,25.243600341291767,25.243600341291767,24.645547098982043,24.80518913269043,2176100,0.0,0.0
2014-09-17,24.805181612801906,25.021735036763378,23.716630069785836,23.92787742614746,1647000,0.0,0.0
2014-09-18,24.55873462127844,25.272540807227998,23.69252428139249,24.60503578186035,1458900,0.0,0.0
2014-09-19,24.828818476347163,26.16768453986925,24.549085267473203,25.924604415893555,3817000,0.0,0.0
2014-09-22,25.668022976049016,26.236171576002025,25.51802718288385,25.873964309692383,1687700,0.0,0.0
2014-09-23,25.873964338824404,26.101128107918754,25.272536899198915,25.51706314086914,756800,0.0,0.0
2014-09-24,25.768345930270076,25.768827965724864,24.88669940380321,25.196819305419922,794700,0.0,0.0
2014-09-25,25.27542890239306,25.465455708069413,24.105368996649354,24.360023498535156,2525100,0.0,0.0
2014-09-26,24.11501619226689,24.79023738158225,24.037848214044825,24.664356231689453,3711200,0.0,0.0
2014-09-29,24.31758146587351,25.81946575006752,24.31758146587351,25.597126007080078,580800,0.0,0.0
2014-09-30,25.597128689077046,26.526520613460754,25.590374673437342,26.249679565429688,5372500,0.0,0.0
2014-10-01,26.24678313317583,27.105278973547154,25.79679757191677,26.719921112060547,6349700,0.0,0.0
2014-10-07,26.950937960895526,26.98325088480749,25.600497655130535,25.88794708251953,4899100,0.0,0.0
2014-10-08,26.051933987298593,26.306588501895018,25.76014250930933,26.057722091674805,1341200,0.0,0.0
2014-10-09,26.52651374238217,26.961548773818137,26.09244278157505,26.726186752319336,4362200,0.0,0.0
2014-10-10,26.815900450880598,26.815900450880598,26.092933754569415,26.349998474121094,2749600,0.0,0.0
2014-10-13,26.04421793983771,26.893065715018437,25.803067773728102,25.92171287536621,853000,0.0,0.0
2014-10-14,26.246779466009777,26.883417506702322,26.04421423838494,26.31140899658203,6291400,0.0,0.0
2014-10-15,26.31140899658203,26.31140899658203,26.31140899658203,26.31140899658203,0,0.0,0.0
2014-10-16,26.120422872659177,26.284887101051467,25.320768434211427,25.467388153076172,4973800,0.0,0.0
2014-10-17,25.715768994549922,25.75483593578862,24.49120786535056,24.748756408691406,2294300,0.0,0.0
2014-10-20,25.1182001113197,25.32028331565263,24.481079997351287,24.96289825439453,1109900,0.0,0.0
2014-10-21,25.069971752828994,25.658378763425294,24.887180981520608,25.501630783081055,1464200,0.0,0.0
2014-10-22,25.50452276484773,26.159969440859175,25.50452276484773,26.02733612060547,748400,0.0,0.0
2014-10-27,26.35288973237334,27.817635230871627,26.304660435313394,27.412986755371094,4833900,0.0,0.0
2014-10-28,27.16893820699198,27.662812827133536,27.008814169738418,27.16942024230957,1326300,0.0,0.0
2014-10-29,27.12312117937811,27.38500988366017,26.219290170777832,26.48166275024414,9653800,0.0,0.0
2014-10-30,26.246781020145526,27.105276791402563,26.246781020145526,26.961069107055664,1237800,0.0,0.0
2014-10-31,27.103827366951734,27.375362284197998,26.815894049321855,27.090805053710938,3217900,0.0,0.0
2014-11-03,27.394656320895372,27.394656320895372,26.349029637145275,26.909461975097656,2915000,0.0,0.0
2014-11-05,27.3078461926205,27.684041728976155,26.71992303294143,27.532115936279297,2914500,0.0,0.0
2014-11-07,27.68355531292933,28.92837306081877,27.3464285951521,27.810882568359375,6039800,0.0,0.0
2014-11-10,28.11811173558058,28.11811173558058,27.540316823370272,27.89143180847168,2291700,0.0,0.0
2014-11-11,27.645454085860322,28.323085444034405,27.645454085860322,27.94689178466797,1278300,0.0,0.0
2014-11-12,27.954125085447913,28.92837191707209,27.954125085447913,28.815031051635742,1664100,0.0,0.0
2014-11-13,28.89557716124581,29.130941064889093,28.55218029303657,28.79960060119629,1227800,0.0,0.0
2014-11-14,28.648641625071136,29.111649521114224,28.506844100033437,28.7142333984375,1976500,0.0,0.0
2014-11-17,29.111651717804616,32.65173479994408,28.716165546780047,31.620094299316406,5881300,0.0,0.0
2014-11-18,31.35916181852606,31.542438275419237,30.487165421091877,30.556133270263672,2036200,0.0,0.0
2014-11-19,30.847930254514303,30.944392533279704,28.98625059042853,29.178207397460938,3999300,0.0,0.0
2014-11-20,29.275632145657536,30.143772423488016,28.63610176689034,30.061298370361328,1360700,0.0,0.0
2014-11-21,30.19199856609534,30.94245772812187,29.7675756194343,29.86017608642578,1552200,0.0,0.0
2014-11-24,29.868857584010293,30.85757282633807,29.23029135694848,29.416460037231445,1606800,0.0,0.0
2014-11-25,29.6137226431312,29.6137226431312,28.504914302101504,28.992036819458008,2524800,0.0,0.0
2014-11-26,29.24524541356151,29.420319931738,28.70651566892786,28.949111938476562,1102600,0.0,0.0
2014-11-27,29.02531608542652,29.535107152314996,28.74558285031928,29.37691307067871,1193700,0.0,0.0
2014-11-28,29.436717301107564,29.99907963898537,29.37691179775398,29.824005126953125,1929900,0.0,0.0
2014-12-01,29.92094515539187,30.28845848457773,29.247653980468943,29.778667449951172,4525200,0.0,0.0
2014-12-02,29.481088793596854,29.999079964875776,29.288169771469523,29.85535430908203,1658900,0.0,0.0
2014-12-03,29.978341235466775,30.33620650704911,29.420319052873623,29.955190658569336,5016000,0.0,0.0
2014-12-04,30.085895753402482,30.452443202631304,29.56645844862595,30.20164680480957,3114000,0.0,0.0
2014-12-05,29.903583125501584,31.060622563665117,29.903583125501584,30.86528968811035,1812400,0.0,0.0
2014-12-08,31.06014841992787,31.63890746391462,30.568683796169367,31.394865036010742,1994700,0.0,0.0
2014-12-09,31.53279655919176,31.609966383877808,31.1083735623978,31.363510131835938,1324700,0.0,0.0
2014-12-10,31.36350346158117,31.60031159534407,30.741335681094007,30.82477378845215,846600,0.0,0.0
2014-12-11,30.824772250123438,32.15929802609662,30.50114993803245,31.855932235717773,2765200,0.0,0.0
2014-12-12,32.04403327738852,32.176180881488975,31.64034521594414,31.868473052978516,840300,0.0,0.0
2014-12-15,31.83182048815485,32.507041658683946,31.33746193403573,32.24997329711914,1129100,0.0,0.0
2014-12-16,32.236952749643876,32.236952749643876,30.28846078699055,30.46353530883789,1629000,0.0,0.0
2014-12-17,30.655006916976294,31.253060082633326,29.90309984195234,30.874452590942383,1595300,0.0,0.0
2014-12-18,31.20386978456603,32.5552764234247,31.084740793069315,32.068634033203125,3191400,0.0,0.0
2014-12-19,32.09226280472446,32.2755355963381,31.94660717031094,32.0893669128418,2694800,0.0,0.0
2014-12-22,31.908997622686393,32.28519136235719,31.494218966213417,32.11349105834961,1402400,0.0,0.0
2014-12-23,32.235989947649145,33.90571648781649,31.944200292971928,33.60282897949219,3296600,0.0,0.0
2014-12-24,33.73209022206593,33.73209022206593,32.79642629441068,33.035648345947266,886900,0.0,0.0
2014-12-26,32.989342586557285,33.56810149803782,32.757836814169416,33.3693962097168,698300,0.0,0.0
2014-12-29,33.58642949385784,33.94429476658532,33.2015518416425,33.44318771362305,1577400,0.0,0.0
2014-12-30,33.41425437059545,33.558463932225216,33.01105192806673,33.36698913574219,1138500,0.0,0.0
2014-12-31,33.36553307044481,34.107793897912096,32.845129927245246,33.606201171875,1585300,0.0,0.0
2015-01-01,33.60620334638767,33.9539421899182,33.42341259063153,33.75812911987305,756600,0.0,0.0
2015-01-02,33.66456263241343,33.953942078377416,32.95268470615769,33.21843338012695,1404300,0.0,0.0
2015-01-05,33.42341564453462,33.95394529229588,32.90253038469936,33.131622314453125,1446200,0.0,0.0
2015-01-06,33.27872444786909,33.61633322402707,32.72118609195975,33.045772552490234,1378100,0.0,0.0
2015-01-07,32.83259001795477,33.93416588625837,32.83259001795477,33.71857833862305,1094700,0.0,0.0
2015-01-08,33.42823812541832,33.94237124251734,33.42823812541832,33.661190032958984,968600,0.0,0.0
2015-01-09,33.57775082078534,33.87725671044951,33.1919090789289,33.279205322265625,1731600,0.0,0.0
2015-01-12,33.279202854712906,33.857479709558525,32.78195209731058,33.16489791870117,1177400,0.0,0.0
2015-01-13,33.18322758461254,33.855070841719346,33.018761526876354,33.597042083740234,1419200,0.0,0.0
2015-01-14,33.7595739822224,39.91517278038743,33.54591457240775,36.403541564941406,41759300,0.0,0.0
2015-01-15,37.02137413154117,38.43644237843101,36.895975016214095,37.23551559448242,12232000,0.0,0.0
2015-01-16,37.21429888949105,38.381464919776974,36.676531319290575,37.984046936035156,5086200,0.0,0.0
2015-01-19,38.02310502288731,38.391100360604796,37.46894469715745,37.63630294799805,3989900,0.0,0.0
2015-01-20,37.95702700821302,38.007188116619254,37.571189028154905,37.66523742675781,1867600,0.0,0.0
2015-01-21,37.91555425190115,37.94738698361276,36.65578612928107,36.822662353515625,5657400,0.0,0.0
2015-01-22,37.08406733938775,37.52296234982648,36.71269775180493,37.046932220458984,1217100,0.0,0.0
2015-01-23,37.5885580768653,37.5885580768653,36.857391316433684,37.33149337768555,4241800,0.0,0.0
2015-01-27,37.469912930451265,41.71897755993129,37.23406516035978,40.219505310058594,11599500,0.0,0.0
2015-01-28,40.648265240204594,43.33371346502954,40.32994898268389,41.695823669433594,13940500,0.0,0.0
2015-01-29,41.783604696090116,41.91141397880288,39.64749629562231,39.82257080078125,4071600,0.0,0.0
2015-01-30,40.40712063076719,41.09440006560311,38.68145233497124,39.071632385253906,5898700,0.0,0.0
2015-02-02,39.53898582447488,40.802128399395265,38.766820255796176,40.12835693359375,3765600,0.0,0.0
2015-02-03,40.5083996352446,41.043753242377896,39.93446480211095,40.246028900146484,2104900,0.0,0.0
2015-02-04,40.51178097068635,40.60968566945185,39.10780323104362,39.61807632446289,2867700,0.0,0.0
2015-02-05,40.01598086745666,40.70615258978894,39.1155239433381,39.84283447265625,3847300,0.0,0.0
2015-02-06,39.842826109394494,39.8862313680141,38.304287050897415,38.99397659301758,3343100,0.0,0.0
2015-02-09,38.99398695317254,39.066332749752235,38.246423534275785,38.651554107666016,980600,0.0,0.0
2015-02-10,38.88305237853065,39.06632517194388,38.26474081908734,38.62067794799805,1728700,0.0,0.0
2015-02-11,39.047033380107266,39.95375665504368,38.637560880320635,39.667755126953125,2503400,0.0,0.0
2015-02-12,39.74154656725944,40.14860888552343,39.201850926854654,39.80183410644531,1900700,0.0,0.0
2015-02-13,39.413590305874216,40.56146396316874,39.413590305874216,40.36275863647461,1042000,0.0,0.0
2015-02-16,42.4313315151875,42.4313315151875,40.36274853636847,41.53811264038086,3374400,0.0,0.0
2015-02-18,42.32667524746359,42.32667524746359,40.57640484342963,41.66109848022461,2920100,0.0,0.0
2015-02-19,41.69052796566239,41.75612158256301,40.522876216722366,41.56898880004883,2802200,0.0,0.0
2015-02-20,41.38184715593746,41.39149154239998,39.83800203079778,40.42833709716797,5721400,0.0,0.0
2015-02-23,40.127390456654275,40.99553261927945,39.90891064948321,40.1519889831543,1133200,0.0,0.0
2015-02-24,40.34683011418243,40.416765716742745,39.54910575945986,39.74491882324219,1707400,0.0,0.0
2015-02-25,40.094596534519006,40.41677283124862,39.16278891455654,39.37017822265625,5669600,0.0,0.0
2015-02-26,39.51968403854605,40.11677125329411,39.25924145950871,39.51823425292969,1905200,0.0,0.0
2015-02-27,39.64556601176495,40.12642021523207,39.1729137689765,39.61711120605469,2808100,0.0,0.0
2015-03-02,42.35079175653802,42.86685297410976,41.12430234288822,42.166072845458984,4168400,0.0,0.0
2015-03-03,42.68358229580128,43.18517511688173,41.42960208293003,41.7662467956543,2753700,0.0,0.0
2015-03-04,41.76816001709334,42.43277256740168,41.091974940953016,41.60273361206055,2221400,0.0,0.0
2015-03-05,41.35049627334174,42.17233708734215,41.23426320268198,41.881507873535156,1266200,0.0,0.0
2015-03-09,42.30738591499859,42.30738591499859,40.030927748278664,40.656951904296875,2486700,0.0,0.0
2015-03-10,40.9955221884952,41.46817806336545,40.001020757590176,40.344417572021484,1462900,0.0,0.0
2015-03-11,40.532520852778845,40.58461011353391,39.4521691258116,39.864051818847656,1320800,0.0,0.0
2015-03-12,39.9344695720285,40.75437867710042,39.65521652747719,39.92964553833008,1240500,0.0,0.0
2015-03-13,40.32031061379532,40.57544718835853,39.35522782836236,39.62194061279297,2544500,0.0,0.0
2015-03-16,40.06950136834877,40.06950136834877,38.51649414067174,38.633209228515625,7726900,0.0,0.0
2015-03-17,38.87340135191488,39.74154331705548,38.70073702956394,38.9110221862793,3119500,0.0,0.0
2015-03-18,38.970831766025114,39.64508520588497,38.595120137013176,39.047515869140625,4020200,0.0,0.0
2015-03-19,39.124209007178315,39.607955504106826,38.825181440351436,38.92646408081055,1964100,0.0,0.0
2015-03-20,39.30747049195882,40.02127648313265,37.630513783521714,38.78176498413086,3521000,0.0,0.0
2015-03-23,38.99880268197388,38.99880268197388,38.209276587816454,38.516502380371094,4545900,0.0,0.0
2015-03-24,38.58403067485548,38.96987245346799,37.92858389445806,38.275840759277344,2209100,0.0,0.0
2015-03-25,38.11378458760334,38.29464721265082,37.82199126680989,38.0843620300293,2225600,0.0,0.0
2015-03-26,38.101721986552455,38.8734016959179,37.985970950062416,38.16490173339844,2005500,0.0,0.0
2015-03-27,38.39110253113172,38.58354134862664,38.0245532786793,38.2140998840332,1488400,0.0,0.0
2015-03-30,38.574380055081846,39.259245605811635,38.21410093204693,38.58064651489258,2434500,0.0,0.0
2015-03-31,38.883053325804596,40.50358270382642,38.48659945809549,39.63013458251953,3770100,0.0,0.0
2015-04-01,40.10809816412793,40.10809816412793,39.18401053321904,39.93495178222656,1292300,0.0,0.0
2015-04-06,40.10809424042987,41.22703077602523,40.07915372060344,40.907264709472656,1274900,0.0,0.0
2015-04-07,41.236687200878364,42.104829455918875,40.612591056044494,41.87525177001953,1844900,0.0,0.0
2015-04-08,41.87476201214749,43.696410625632595,41.338926298132975,43.302852630615234,1882400,0.0,0.0
2015-04-09,43.8121568426501,45.32658314770654,42.443389847707586,43.451881408691406,5351800,0.0,0.0
2015-04-10,43.69640699033786,44.35233570091068,43.20253047609635,43.62020492553711,3245100,0.0,0.0
2015-04-13,43.62020600720245,43.62020600720245,42.63534884618026,42.960899353027344,3008200,0.0,0.0
2015-04-15,42.9729569136531,43.30815548213969,42.220569607043615,42.98260498046875,3832700,0.0,0.0
2015-04-16,43.13934810965265,44.41985475576557,42.20127421849644,44.2264518737793,1044800,0.0,0.0
2015-04-17,44.17822541531468,44.42033963991626,42.84080539622045,43.69110107421875,1872200,0.0,0.0
2015-04-20,43.14514116174973,44.31375318849875,42.81573068254678,43.968910217285156,1909900,0.0,0.0
2015-04-21,43.455253046884636,43.88932402038064,39.927711153512206,42.18584060668945,12573800,0.0,0.0
2015-04-22,41.57477258422429,42.4327883009179,40.43606137774803,41.2839469909668,1725600,0.0,0.0
2015-04-23,40.90871281933131,41.8506467532308,40.90871281933131,41.233299255371094,7722400,0.0,0.0
2015-04-24,40.63091176209949,41.09198782940216,39.74154907424552,39.933502197265625,2896900,0.0,0.0
2015-04-27,40.64826942712457,40.64826942712457,38.342874540361535,38.537723541259766,4170100,0.0,0.0
2015-04-28,37.749648166547864,40.50310078954065,37.749648166547864,38.65926742553711,2084600,0.0,0.0
2015-04-29,39.326763956626394,39.326763956626394,38.15043217064783,38.48273849487305,6349800,0.0,0.0
2015-04-30,38.43065416947545,40.51322735851815,38.111370117498694,39.01134490966797,4903600,0.0,0.0
2015-05-04,39.113593277386094,40.99552943467161,37.80848792214185,40.44232940673828,3258700,0.0,0.0
2015-05-05,41.09198706381583,42.39420017591126,40.99552846869448,41.382816314697266,3202100,0.0,0.0
2015-05-06,41.71801569928782,42.155460992827194,39.73624302581352,41.336997985839844,1621300,0.0,0.0
2015-05-07,42.04694898796756,42.04694898796756,39.45313823349997,40.325618743896484,1217700,0.0,0.0
2015-05-08,39.98461893481578,41.9601210496531,39.98461893481578,41.906585693359375,2022600,0.0,0.0
2015-05-11,41.785535897840596,42.924729032854785,41.483134123176725,41.93215560913086,1501100,0.0,0.0
2015-05-12,42.103363788581454,42.34596370078195,41.18892439254371,41.87813186645508,1168900,0.0,0.0
2015-05-13,42.01752005154508,42.53840156197375,41.583931095154,41.73923110961914,1755000,0.0,0.0
2015-05-14,42.19645897074968,42.63535408023661,41.823161157590796,42.29484939575195,2771900,0.0,0.0
2015-05-15,42.38985616392652,43.39738369408239,42.36574335612143,43.25172805786133,1780800,0.0,0.0
2015-05-18,43.407032579313686,43.8796885531165,42.828755652213225,43.02649688720703,1529200,0.0,0.0
2015-05-19,43.396901442624596,43.81119800301865,42.804638142940014,43.229061126708984,1407200,0.0,0.0
2015-05-20,43.64625403579947,43.744640776726264,42.371049570174364,43.39497375488281,8276300,0.0,0.0
2015-05-21,43.59899025860539,44.37163418812167,43.14659080267304,44.149776458740234,4842800,0.0,0.0
2015-05-22,44.255872259937085,44.35040269743394,43.31056420530958,43.474544525146484,1645300,0.0,0.0
2015-05-25,43.40702773051542,43.886917861769035,42.84321928850961,43.4393424987793,2050000,0.0,0.0
2015-05-26,43.6906245031451,44.22694227690126,42.92569682593704,43.24594497680664,3720200,0.0,0.0
2015-05-27,43.081954992899576,43.5324262415825,41.53280739598679,42.5543212890625,4273000,0.0,0.0
2015-05-28,42.55432220991138,43.40654603681845,42.00835643171451,42.67586135864258,1993500,0.0,0.0
2015-05-29,43.39738626054576,44.265524665716136,39.700071673367475,40.67287063598633,23631300,0.0,0.0
2015-06-01,41.28490622644155,42.558178763618635,40.97141028577202,42.24854278564453,4038200,0.0,0.0
2015-06-02,42.837916588479054,42.837916588479054,40.97141292460968,41.33024597167969,2672400,0.0,0.0
2015-06-03,40.70614179994726,42.11156543369937,40.22384155037362,41.717525482177734,2593300,0.0,0.0
2015-06-04,41.760458720586826,42.24951126153114,40.592810684327226,41.981834411621094,1721700,0.0,0.0
2015-06-05,42.15304607397265,43.35879679874498,41.4778249321683,42.93099594116211,3294000,0.0,0.0
2015-06-08,43.501557277635406,43.501557277635406,42.49161959967897,43.14369201660156,2425500,0.0,0.0
2015-06-09,42.55336147660026,44.55490498429305,42.44339484793833,44.20138168334961,5611000,0.0,0.0
2015-06-10,43.927916594162795,44.3234027324733,43.455260633908956,43.92020034790039,2279800,0.0,0.0
2015-06-11,44.37163032212127,46.030744633395976,43.66168417809278,45.00151443481445,8594200,0.0,0.0
2015-06-12,44.998628643354614,45.47224504411087,43.49385007564324,45.109073638916016,3890000,0.0,0.0
2015-06-15,45.15537541089321,45.652626274687435,44.89252257332872,45.483821868896484,2678700,0.0,0.0
2015-06-16,45.48092246624087,45.52915176317681,44.710688782466846,45.337677001953125,2233600,0.0,0.0
2015-06-17,45.360344560993695,46.20437008365162,45.30535941265613,46.07125473022461,9815000,0.0,0.0
2015-06-18,46.07125627615749,47.439059262564385,46.07125627615749,47.29340362548828,8103900,0.0,0.0
2015-06-19,47.30401307287292,50.55278783834392,47.30401307287292,49.754581451416016,7863000,0.0,0.0
2015-06-22,50.159233567580195,52.56109079400102,49.600249141982765,51.95628356933594,12956100,0.0,0.0
2015-06-23,52.26206734801463,52.26206734801463,50.59379057799242,51.30807876586914,5400400,0.0,0.0
2015-06-24,51.36498467680575,51.798573670390944,50.40038402559812,50.677223205566406,10692000,0.0,0.0
2015-06-25,50.71871147208382,52.08844283217457,49.77339945665836,51.942787170410156,7445800,0.0,0.0
2015-06-26,51.93409443770564,53.043386556562176,51.123829817933164,52.43327331542969,6722500,0.0,0.0
2015-06-29,50.449090206012194,52.76365096903297,50.36275804442305,52.622337341308594,5934300,0.0,0.0
2015-06-30,52.14631493829909,52.66719651747652,51.89551669678807,52.50707244873047,2855600,0.0,0.0
2015-07-01,52.57073144265455,53.68050561334008,52.377810591336825,53.035667419433594,5751000,0.0,0.0
2015-07-02,53.053031192180015,53.84400336285433,52.1945372761793,52.57651901245117,4948900,0.0,0.0
2015-07-03,52.61993219845747,53.92118129720451,52.61993219845747,53.64241027832031,5219900,0.0,0.0
2015-07-06,53.15913953154323,54.259265659612616,52.66670913071077,53.67279052734375,5063000,0.0,0.0
2015-07-07,54.19608982873962,54.59639630921512,53.363154738487886,53.61250686645508,5112400,0.0,0.0
2015-07-08,53.5835582900477,53.72728576963764,49.942193525330524,50.4090576171875,12273000,0.0,0.0
2015-07-09,50.40035530441678,51.009187745196655,48.11215940165298,48.60338592529297,18850200,0.18,0.0
2015-07-10,48.42576247150512,49.15752146500795,47.92437457999306,48.635807037353516,6691500,0.0,0.0
2015-07-13,48.88069535621136,49.75183793852051,48.786321884159314,49.31965255737305,9573700,0.0,0.0
2015-07-14,49.37627824637753,49.59696794399613,48.39672747789825,49.19285202026367,6645300,0.0,0.0
2015-07-15,49.24318786900757,50.12933259395089,49.19285338054154,49.92364501953125,4792000,0.0,0.0
2015-07-16,50.042217735445455,51.133562627932044,49.99382174568401,50.80591583251953,7216800,0.0,0.0
2015-07-17,50.73719250263586,51.38716167505504,49.94542127319466,50.12788009643555,8084100,0.0,0.0
2015-07-20,50.52425389011629,50.995637584834974,49.491950036106026,50.056739807128906,2941700,0.0,0.0
2015-07-21,50.04221863296283,50.61765349705487,49.19043516685056,49.43000030517578,4275200,0.0,0.0
2015-07-22,50.04222094686282,50.42939258217815,48.15958839302066,49.66762924194336,18540600,0.0,0.0
2015-07-23,50.04222139661729,50.57458470769647,49.36466641325397,49.75377655029297,9167900,0.0,0.0
2015-07-24,49.84863492924537,50.42939424758647,49.713124667790964,50.043190002441406,3066400,0.0,0.0
2015-07-27,50.04221786100947,50.821889184401506,49.37192213938066,50.60555648803711,7168100,0.0,0.0
2015-07-28,50.62297339287159,51.86870757026837,50.574093705159285,51.68141174316406,8062600,0.0,0.0
2015-07-29,51.973252179774676,53.236407228495565,51.699325750507455,52.65129089355469,5517800,0.0,0.0
2015-07-30,52.704041007561514,53.23204730668382,51.948082087213784,52.66144943237305,3616800,0.0,0.0
2015-07-31,52.31686518930654,53.694236471039346,52.08020594401223,53.34577941894531,6296500,0.0,0.0
2015-08-03,53.477416556135836,55.17226942374902,52.80082903460365,55.00143051147461,4170800,0.0,0.0
2015-08-04,55.1722771462358,55.24971369351923,53.2494750977283,54.464717864990234,4563800,0.0,0.0
2015-08-05,54.68829765345412,55.36778732768821,53.53548586618976,53.836997985839844,5596900,0.0,0.0
2015-08-06,53.91395366032767,54.20433327870243,52.19199879406442,52.853580474853516,3163800,0.0,0.0
2015-08-07,52.99441924884282,53.960902742651506,52.65564361644047,53.06846618652344,4062800,0.0,0.0
2015-08-10,53.52678130173347,53.962352599306485,52.42720978000451,52.64305877685547,4285300,0.0,0.0
2015-08-11,52.65564302483528,53.09992464592732,52.305247484487786,52.774696350097656,3530600,0.0,0.0
2015-08-12,53.23639963354661,53.23639963354661,51.01015093280102,51.415714263916016,4404000,0.0,0.0
2015-08-13,51.49412183858687,52.384619904819026,51.415717894769294,51.84257888793945,3891700,0.0,0.0
2015-08-14,52.25782071821717,52.72339998851764,51.48250635695806,52.3822021484375,6539900,0.0,0.0
2015-08-17,52.55787457484228,52.55787457484228,51.0111156760435,52.26797866821289,8362500,0.0,0.0
2015-08-18,52.268467116482284,52.46253847164093,52.07730166232268,52.2447509765625,3680800,0.0,0.0
2015-08-19,52.244752644365036,52.36526076880396,51.88177716669114,52.18135452270508,6178000,0.0,0.0
2015-08-20,52.12811940911619,52.26847037450341,51.10743177361712,51.376033782958984,5316000,0.0,0.0
2015-08-21,50.448749659662106,52.25298188686117,50.40035366876928,51.72981262207031,4970900,0.0,0.0
2015-08-24,48.92909875708029,50.81657217639333,45.98899855811154,47.14616394042969,14469900,0.0,0.0
2015-08-25,47.56962983484455,49.198178757718125,47.03242583901436,47.579307556152344,24910200,0.0,0.0
2015-08-26,47.9030801599865,49.025884035346486,47.351354096498376,48.07972717285156,11040300,0.0,0.0
2015-08-27,48.41124529519662,49.809910406289234,48.41124529519662,49.36417770385742,6201100,0.0,0.0
2015-08-28,49.414990169173436,49.644393864855495,47.3029578634427,48.90489196777344,20694900,0.0,0.0
2015-08-31,49.00023665720317,49.06895918479838,48.38705093225785,48.601932525634766,4484400,0.0,0.0
2015-09-01,48.60192634705714,49.12267333836441,47.283596406381285,47.76804733276367,6406400,0.0,0.0
2015-09-02,48.116030670393975,48.929095925864466,48.08747751386629,48.609195709228516,4201500,0.0,0.0
2015-09-03,49.081064325038156,50.73526433185961,49.081064325038156,50.35389709472656,14177400,0.0,0.0
2015-09-04,50.85334770897222,50.85334770897222,48.51578839012617,49.12849044799805,6736300,0.0,0.0
2015-09-07,49.96478712005327,49.96478712005327,48.249123786874435,48.77471160888672,5277800,0.0,0.0
2015-09-08,48.938769654603234,49.36272469979841,47.96889665652477,48.50900650024414,3858700,0.0,0.0
2015-09-09,49.36369830052051,49.527278010938154,48.39673108180371,48.88021469116211,5512500,0.0,0.0
2015-09-10,48.5893486067838,49.51565900411009,47.80144697429592,48.92618942260742,5638800,0.0,0.0
2015-09-11,49.68359400865449,49.68359400865449,48.38317567549149,48.75341033935547,2067800,0.0,0.0
2015-09-14,48.74518168156958,50.14868743556613,48.74518168156958,49.837493896484375,6167300,0.0,0.0
2015-09-15,50.09254702123835,51.00046934974867,49.60664494778856,50.67137145996094,6967300,0.0,0.0
2015-09-16,50.839313535122756,50.96176016163937,49.84863385111963,50.33356857299805,4191600,0.0,0.0
2015-09-18,50.52619093773926,51.0488765501092,47.6707828987306,48.06376266479492,34401500,0.0,0.0
2015-09-21,47.90308319420004,48.61451199710141,47.138414002514274,47.776283264160156,7069800,0.0,0.0
2015-09-22,48.03858322910207,48.05697126431788,46.301139136177895,46.66798782348633,12573700,0.0,0.0
2015-09-23,46.66122511066822,47.225531173483475,45.27078649210943,46.89546585083008,14319300,0.0,0.0
2015-09-24,46.89788101700339,47.33829301172393,46.34519121337359,47.12002182006836,2846800,0.0,0.0
2015-09-28,46.761887052383415,47.586564752327455,46.55765058691278,46.68106460571289,2262200,0.0,0.0
2015-09-29,46.07562327207819,49.838953411581606,45.80411537599142,49.47065353393555,10475100,0.0,0.0
2015-09-30,49.50984927266723,50.33259208948691,48.60966992644587,49.667137145996094,8438400,0.0,0.0
2015-10-01,49.75183992268789,50.2358072227437,49.13816678678339,49.437744140625,5197600,0.0,0.0
2015-10-05,50.2309655738276,50.65685546063353,49.461939362574064,50.405677795410156,4358800,0.0,0.0
2015-10-06,50.57458176726225,50.74300217728345,49.77845720045236,49.9976921081543,7465000,0.0,0.0
2015-10-07,49.99382326328964,50.333082595726815,49.24028287339641,49.55921936035156,5900600,0.0,0.0
2015-10-08,49.55970648228261,49.55970648228261,48.65420254358232,48.797943115234375,4041600,0.0,0.0
2015-10-09,48.89328018631607,50.119651651867436,47.81596999706208,48.36140060424805,5027700,0.0,0.0
2015-10-12,48.36284896550705,48.78147961609462,47.78208972414137,48.04246139526367,4935200,0.0,0.0
2015-10-13,47.55462362246352,48.34832962714765,47.55462362246352,48.170711517333984,3583700,0.0,0.0
2015-10-14,48.17071103712077,48.251533479473856,47.62237826818645,47.81499481201172,2054700,0.0,0.0
2015-10-15,47.81597107907018,48.88069767018257,47.64174255436052,48.24524688720703,3411500,0.0,0.0
2015-10-16,48.39672424508797,48.6091873119357,47.903079282433964,48.37736511230469,2375900,0.0,0.0
2015-10-19,48.580149839251256,48.83665190319357,48.1707132013119,48.54627227783203,4130500,0.0,0.0
2015-10-20,49.06459955315579,51.77481916657128,48.677427960080124,51.40555191040039,37756200,0.0,0.0
2015-10-21,52.51045753369671,52.53659218417224,50.777853532589305,51.8624267578125,15041400,0.0,0.0
2015-10-23,52.026486737595874,52.091823359457656,50.879966564987676,51.039676666259766,4707600,0.0,0.0
2015-10-26,51.19405625963032,51.73271131876885,50.913354362179426,51.37699508666992,4329600,0.0,0.0
2015-10-27,51.30101091078594,51.881286417837885,51.18147020548985,51.50185775756836,2621600,0.0,0.0
2015-10-28,51.552201388365766,51.59672777366942,50.15837672553137,50.41246032714844,5687200,0.0,0.0
2015-10-29,50.81511276388401,50.81511276388401,49.50549669759102,49.96574783325195,10727000,0.0,0.0
2015-10-30,50.32292829554816,50.797214246065046,50.21645488434454,50.5489387512207,4139200,0.0,0.0
2015-11-02,50.652020295153854,50.81705110920948,50.091583847699056,50.557159423828125,2493100,0.0,0.0
2015-11-03,51.165022742005604,51.194059597988094,50.48940259995223,50.8494758605957,2081400,0.0,0.0
2015-11-04,50.901739432353594,51.78449446332026,50.901739432353594,51.73561477661133,4055300,0.0,0.0
2015-11-05,51.78450472148158,51.97809239349537,51.07549434973905,51.54881286621094,5950300,0.0,0.0
2015-11-06,51.600591435533865,51.600591435533865,50.832532663745546,51.274879455566406,4034000,0.0,0.0
2015-11-09,50.8601221879314,52.268468814439444,50.33259959908984,51.74723434448242,3162600,0.0,0.0
2015-11-10,51.746750623666976,52.24620745093503,51.30053418756882,51.70900344848633,3473900,0.0,0.0
2015-11-13,52.1223134665086,52.1223134665086,50.719778542004924,51.403621673583984,6087400,0.0,0.0
2015-11-16,51.300532527997916,51.4747610470681,50.44826536581546,51.030479431152344,5449100,0.0,0.0
2015-11-17,51.08758112134836,51.454913559449956,50.24209324046922,50.62684631347656,4155200,0.0,0.0
2015-11-18,50.99950789672133,51.39732835785312,50.09255286523528,51.0662956237793,5910800,0.0,0.0
2015-11-19,51.10694458818572,52.51045045400321,50.81753235835522,52.433013916015625,3507300,0.0,0.0
2015-11-20,52.486733554797866,53.11008438402028,52.178449588742474,52.73549270629883,3861000,0.0,0.0
2015-11-23,52.83471067661377,53.23640443259396,52.56901457133918,53.20542907714844,4035900,0.0,0.0
2015-11-24,53.13961163868005,54.204338234186274,53.13961163868005,53.670040130615234,6254800,0.0,0.0
2015-11-26,53.76876356492084,54.63990613769636,53.18800431132202,53.7252082824707,7798500,0.0,0.0
2015-11-27,53.52775128417233,54.44051440112725,53.37772259925833,54.004459381103516,3494800,0.0,0.0
2015-11-30,54.194658834406695,54.194658834406695,52.98086730382636,53.63325500488281,2645400,0.0,0.0
2015-12-01,53.3815966478238,54.44535586744891,53.19139489243209,54.241119384765625,4725100,0.0,0.0
2015-12-02,53.91395476811107,54.49374661395319,53.73972625503087,53.939605712890625,2736400,0.0,0.0
2015-12-03,54.19271988629926,54.249829887082896,53.527748568582325,53.683101654052734,1828000,0.0,0.0
2015-12-04,53.68164711541164,54.068338695513184,52.61449843043579,52.724361419677734,1700300,0.0,0.0
2015-12-07,52.7785658560113,53.44547194110053,52.656606638493024,53.010868072509766,1933400,0.0,0.0
2015-12-08,52.984739085547986,54.18013515757572,52.081653754432594,53.596473693847656,2675900,0.0,0.0
2015-12-09,53.62310004756994,53.9221900378488,52.86084925742677,53.27947998046875,7183900,0.0,0.0
2015-12-10,53.33416430152918,54.010748142189584,53.13863815139476,53.6017951965332,1871200,0.0,0.0
2015-12-11,53.60179764535515,53.99913439002435,53.2475361768063,53.47451400756836,2803200,0.0,0.0
2015-12-14,53.42999303605551,53.72037269050161,52.45286068029156,52.63580322265625,2855800,0.0,0.0
2015-12-15,52.99441207632525,54.446313777046484,52.559808230398346,54.261436462402344,3295800,0.0,0.0
2015-12-16,54.30161176801783,55.13258498724519,54.07850355788504,54.2841911315918,4391200,0.0,0.0
2015-12-17,54.49471422215573,55.75206099111723,54.44631823331268,55.52846908569336,9175600,0.0,0.0
2015-12-18,55.52073160482403,56.62417650490849,55.52073160482403,56.27378463745117,6464500,0.0,0.0
2015-12-21,55.656235237447646,57.345279951222835,55.656235237447646,56.81582260131836,3788400,0.0,0.0
2015-12-22,57.15556580387176,57.24316376060202,56.57577396617097,57.06409454345703,2572900,0.0,0.0
2015-12-23,57.10814161492912,57.60614364357416,56.68854352981799,57.21945571899414,2848900,0.0,0.0
2015-12-24,57.25333697915859,57.350128968821544,56.638696398427875,57.11685562133789,2460600,0.0,0.0
2015-12-28,57.25332978718664,57.25332978718664,56.96294646991931,57.16960144042969,902100,0.0,0.0
2015-12-29,57.204936913366936,58.066401862128046,57.022965463188015,57.94443893432617,3623100,0.0,0.0
2015-12-30,58.076073907635696,58.27933928014186,57.526286306628926,57.82634735107422,3829300,0.0,0.0
2015-12-31,58.07510667346059,58.46324938045264,57.70244979707285,58.17238235473633,5519300,0.0,0.0
2016-01-01,58.23190919879023,59.22549468379193,58.07607241720148,59.00383758544922,3039400,0.0,0.0
2016-01-04,59.03433658902157,59.03433658902157,58.0320369688947,58.583763122558594,4072000,0.0,0.0
2016-01-05,58.80202854365489,59.03287968183358,57.88248991025802,58.055267333984375,5112000,0.0,0.0
2016-01-06,58.046072820196564,59.81835865401867,57.601787492624574,59.11418533325195,3460100,0.0,0.0
2016-01-07,59.0420774912893,59.91418384382798,58.36839212504021,59.1049919128418,7822900,0.0,0.0
2016-01-08,59.392468490566806,61.61097444805091,58.972383007240424,61.12023162841797,10350700,0.0,0.0
2016-01-11,61.09505415564548,61.84133152930082,60.21520135502921,61.03988265991211,5324000,0.0,0.0
2016-01-12,61.076665402503615,61.260575320412535,59.547330814306136,60.09711837768555,5845200,0.0,0.0
2016-01-13,60.20553288901427,60.93535345097504,58.415335364128545,58.829612731933594,10359400,0.0,0.0
2016-01-14,58.560036043079165,59.25017453845512,57.97395242434474,58.81072998046875,5575400,0.0,0.0
2016-01-15,58.36645140080797,59.48828790470623,56.929068033463174,57.83699035644531,4152700,0.0,0.0
2016-01-18,57.25526528386063,57.834089734941905,52.92908033736382,53.26737594604492,11221300,0.0,0.0
2016-01-19,53.26737209921352,55.269057692584695,51.775300999916276,54.63893508911133,6370100,0.0,0.0
2016-01-20,54.397921453193064,55.1722683405499,52.82115453452415,54.58570098876953,9801800,0.0,0.0
2016-01-21,55.075965844674215,56.38267612342524,54.30113148222369,55.57929229736328,7095800,0.0,0.0
2016-01-22,56.30475171727466,56.61449417420124,55.68963119342338,56.340084075927734,5613300,0.0,0.0
2016-01-25,56.3812194987657,57.592105075456594,56.372021787061996,56.685150146484375,4681400,0.0,0.0
2016-01-27,57.17589386832435,57.96863250517962,56.31443270515676,57.465789794921875,3929500,0.0,0.0
2016-01-28,57.58775352803575,57.88200648289659,55.46265360731916,55.908390045166016,6951900,0.0,0.0
2016-01-29,56.517695510068094,57.78520734740932,55.71431178592362,57.38302993774414,3596300,0.0,0.0
2016-02-01,58.72459013643272,58.72459013643272,56.94310663157744,58.1065673828125,3292700,0.0,0.0
2016-02-02,58.434214219856194,58.56101416210963,55.95678756208446,56.250553131103516,7836400,0.0,0.0
2016-02-03,55.75303142185656,62.817989545106656,54.214015261850626,61.751808166503906,51682900,0.0,0.0
2016-02-04,62.05428590012179,62.196087960219444,60.20553101832317,61.40480041503906,13885700,0.0,0.0
2016-02-05,61.44448320611258,65.33558043983703,61.44448320611258,64.83563995361328,23956600,0.0,0.0
2016-02-08,64.81871065276839,66.18688417843558,63.50618863943146,64.46589660644531,10352100,0.0,0.0
2016-02-09,63.883675676251926,64.52009377837523,61.909088450997295,63.72929000854492,9211800,0.0,0.0
2016-02-10,63.72929825947596,64.92469808775267,62.04460672022572,62.708614349365234,7918000,0.0,0.0
2016-02-11,63.25161935633772,63.25452156488988,58.66651385116247,59.810611724853516,11069400,0.0,0.0
2016-02-12,60.040981803301925,61.3476957232192,57.398520799528036,58.04461669921875,14716300,0.0,0.0
2016-02-15,59.49797363809322,60.97987979736607,59.20855770710139,60.108253479003906,9653700,0.0,0.0
2016-02-16,59.934502276388436,60.475579521119734,57.74019642607612,58.1864128112793,6572000,0.0,0.0
2016-02-17,58.55036302069304,59.673166959944794,56.4325187818913,59.14999771118164,6671700,0.0,0.0
2016-02-18,59.62476744700051,60.35071836734083,59.092404177226406,59.663002014160156,3276500,0.0,0.0
2016-02-19,59.91466674903902,60.157134089292306,58.269660967967845,58.541648864746094,4720300,0.0,0.0
2016-02-22,59.42102114946844,59.42102114946844,56.63579065092676,58.09979248046875,5274800,0.0,0.0
2016-02-23,58.38097211013417,58.5111616430468,56.701608737100585,57.058292388916016,4355700,0.0,0.0
2016-02-24,57.17492614371175,57.17492614371175,56.1402038739301,56.27764892578125,4758100,0.0,0.0
2016-02-25,56.61933538558242,56.67257208584603,54.28951896636112,55.68431091308594,11698700,0.0,0.0
2016-02-26,56.57578159899223,56.72096958252331,55.52266747811917,56.22200012207031,10910400,0.0,0.0
2016-02-29,56.22199822049052,58.75363259615121,54.62974531602339,57.418365478515625,6404700,0.0,0.0
2016-03-01,57.6908412127537,60.592706616767565,57.6908412127537,60.09761047363281,8677500,0.0,0.0
2016-03-02,60.786284865226236,63.002852027689705,60.432019751089086,61.6661376953125,12220100,0.0,0.0
2016-03-03,61.76391159645561,62.04460983988794,59.81642606842404,60.08647918701172,6545100,0.0,0.0
2016-03-04,60.970204297918116,61.82198411841052,59.566698338356005,61.31430435180664,4627500,0.0,0.0
2016-03-08,61.36511350663469,62.26432922390082,60.72918275165155,60.91260528564453,5294900,0.0,0.0
2016-03-09,60.931482695357374,62.67376420505325,60.06566450253797,62.17818069458008,6285900,0.0,0.0
2016-03-10,62.240128916948876,62.52857004351162,61.76583936590928,61.995243072509766,4042300,0.0,0.0
2016-03-11,62.42984976372322,62.42984976372322,61.270262257743866,61.95168685913086,4313900,0.0,0.0
2016-03-14,61.996206157386645,63.351308516326284,61.996206157386645,63.07787322998047,4579100,0.0,0.0
2016-03-15,63.35132052799076,63.83528785787535,62.151083617608485,62.66554260253906,5195800,0.0,0.0
2016-03-16,62.74997419255909,62.99409132651875,61.46048921093424,62.919837951660156,5833300,0.18,0.0
2016-03-17,63.4337825791802,64.54710183735851,63.04941565902265,63.8827018737793,9279200,0.0,0.0
2016-03-18,64.14429431374582,64.67425773196898,63.023214149448094,64.37627410888672,6992000,0.0,0.0
2016-03-21,64.71212480118149,65.18482277697261,64.06180222256849,64.58594512939453,11715900,0.0,0.0
2016-03-22,64.6926928535847,64.81790238156711,63.690994413698455,64.13506317138672,3453000,0.0,0.0
2016-03-23,64.35297898884309,66.9639770529359,64.15011702168144,66.72325897216797,12459400,0.0,0.0
2016-03-28,66.96398053382515,66.97368893905161,64.93536075675786,65.03436279296875,6596800,0.0,0.0
2016-03-29,64.49856780496268,65.50754579021759,64.44907049227685,64.61261749267578,4419400,0.0,0.0
2016-03-30,64.76937709574773,66.215137096191,64.74219948551156,65.8841552734375,4798900,0.0,0.0
2016-03-31,65.57111850111471,67.84725427542249,65.37213694095915,67.20809173583984,7455900,0.0,0.0
2016-04-01,67.35224749473267,68.24474705112088,66.00355648480371,66.75531005859375,6645800,0.0,0.0
2016-04-04,66.97369154331847,67.58324760012951,66.31657096385734,66.6795883178711,6338500,0.0,0.0
2016-04-05,66.48836423773751,67.16780441379636,66.00401781032467,66.23162841796875,5577900,0.0,0.0
2016-04-06,66.87663414597431,67.89579464178303,66.45004188787034,67.43523406982422,4550500,0.0,0.0
2016-04-07,67.74000160886993,68.39566331329132,67.41484038297583,67.77542877197266,5609500,0.0,0.0
2016-04-08,68.1869762645453,69.64292593567437,67.55606325932075,69.2401123046875,7467300,0.0,0.0
2016-04-11,69.4002749284572,70.17678446322078,68.91495832056589,69.81958770751953,5598600,0.0,0.0
2016-04-12,70.07972554354815,71.56480080300872,69.83706720384701,71.20081329345703,12334700,0.0,0.0
2016-04-13,71.72979021879937,72.99160885217061,71.63369848623626,72.1219253540039,10425400,0.0,0.0
2016-04-18,72.14716826235652,73.10518276649562,70.71548575895756,70.99114227294922,14558100,0.0,0.0
2016-04-20,71.79775223861147,72.01420306745666,69.88560329688322,70.01567077636719,15538400,0.0,0.0
2016-04-21,69.98265947579144,70.08069142487538,67.41484890192761,67.81329345703125,18101800,0.0,0.0
2016-04-22,67.81327947497397,68.10350226726842,66.88633049230258,67.66429138183594,9793000,0.0,0.0
2016-04-25,67.9336532988275,68.13748540560285,66.28891888477067,66.52574920654297,6605600,0.0,0.0
2016-04-26,66.73104009458059,69.22605615900112,66.39180126437677,67.98655700683594,13350500,0.0,0.0
2016-04-27,67.9443280950091,68.3495707387843,67.12463055943033,67.41678619384766,7996400,0.0,0.0
2016-04-28,67.26488508929657,68.33258014992876,67.21635046617266,67.62498474121094,15367500,0.0,0.0
2016-04-29,67.55605635267106,67.78124540409816,65.9564580020985,66.2854995727539,7697200,0.0,0.0
2016-05-02,66.72131283125067,68.91494556643882,65.51772993992422,68.46602630615234,7833700,0.0,0.0
2016-05-03,68.91496843338847,69.16490622691549,67.36195654131066,67.80359649658203,9893900,0.0,0.0
2016-05-04,67.75505577174869,68.32967345253394,67.10764355778319,67.4997787475586,8851300,0.0,0.0
2016-05-05,67.91033349610203,69.73027034981459,67.57061343114408,69.45364379882812,9150400,0.0,0.0
2016-05-06,70.11368740386581,70.66209751287745,69.04162324874663,70.51116180419922,6698600,0.0,0.0
2016-05-09,70.85621925970165,72.31216897051743,70.23986514196021,71.61962127685547,8606200,0.0,0.0
2016-05-10,72.06952791687466,72.42866493066745,71.28816775570351,71.94625854492188,7833900,0.0,0.0
2016-05-11,71.79676326587425,72.76787773715449,70.61792892209873,72.63101959228516,8210500,0.0,0.0
2016-05-12,72.9916192511611,74.69022748085888,72.34712474066816,74.44902801513672,9471200,0.0,0.0
2016-05-13,74.88434593776603,75.80644443037755,73.67105454993877,74.02193450927734,16253100,0.0,0.0
2016-05-16,74.1563740004428,76.27283590695401,73.92196526576387,75.42887115478516,12775000,0.0,0.0
2016-05-17,75.94233666477838,75.94233666477838,75.02994652640908,75.30560302734375,6229000,0.0,0.0
2016-05-18,75.07119355708006,75.90350970967077,74.59315643233865,75.1517562866211,7226700,0.0,0.0
2016-05-19,75.32017328343339,75.90352188855651,74.7931201069561,75.10955047607422,7909300,0.0,0.0
2016-05-20,75.18524974685522,76.12870537292791,74.44417476476725,75.42305755615234,7481400,0.0,0.0
2016-05-23,75.71909464239015,76.04910636116755,72.82320552393627,74.28935241699219,10553200,0.0,0.0
2016-05-24,75.17553853822457,75.17553853822457,70.03555616320678,74.01612091064453,43044900,0.0,0.0
2016-05-25,73.76812213270557,73.76812213270557,70.41944060329253,71.21778106689453,20068600,0.0,0.0
2016-05-26,71.72978912319623,72.99160773729442,71.63272729216453,72.39321899414062,16384900,0.0,0.0
2016-05-27,73.21484863066969,75.12505665575306,72.47959441789027,74.42716979980469,13854900,0.0,0.0
2016-05-30,74.7387489028962,74.93287256128605,73.37404047863092,74.18985748291016,7632500,0.0,0.0
2016-05-31,74.42910452404146,75.22405314195774,72.50627793727291,73.65939331054688,154592300,0.0,0.0
2016-06-01,73.0692632241071,74.92317611742214,72.6033634535077,74.17967224121094,9970900,0.0,0.0
2016-06-02,74.3679685576415,77.65065361214526,73.6710590955915,77.30656433105469,15882300,0.0,0.0
2016-06-03,77.65066160277796,78.57276024717328,76.5053140479232,76.6756591796875,13053400,0.0,0.0
2016-06-06,77.15562274273942,77.1561114953666,75.23377335927292,75.4579849243164,8372800,0.0,0.0
2016-06-07,75.70939690141718,76.23353976860678,74.25344696100531,74.61500549316406,14258800,0.0,0.0
2016-06-08,75.10759736097815,76.26945139071478,74.37623078427765,75.20417785644531,9940800,0.0,0.0
2016-06-09,75.61037319174076,75.61037319174076,74.64168037586553,74.92267608642578,3101200,0.0,0.0
2016-06-10,75.19301581702604,75.19301581702604,73.5254657098346,73.72589874267578,6892400,0.0,0.0
2016-06-13,73.28280255301853,73.36967463432033,72.31216940662092,72.80330657958984,9882200,0.0,0.0
2016-06-14,72.80720301469842,73.20515880111309,72.02098503729168,72.7188720703125,7466700,0.0,0.0
2016-06-15,72.70042317582285,74.62130253309576,72.69993442317693,74.26508331298828,4862300,0.0,0.0
2016-06-16,74.01077551205702,74.34467502388215,73.37452324970943,73.73171997070312,5810900,0.0,0.0
2016-06-17,73.93749750881734,74.25198023364203,72.55483100264865,73.09013366699219,6411800,0.0,0.0
2016-06-20,73.08868503590088,73.7681253334132,72.26364086776526,73.18428802490234,5460400,0.0,0.0
2016-06-21,73.57204761839873,74.5931555809096,73.04014403271128,73.82684326171875,4583500,0.0,0.0
2016-06-22,73.38034196759236,74.20294958314952,73.38034196759236,73.7588882446289,3036900,0.0,0.0
2016-06-23,73.52545291506223,75.12748026233002,73.52545291506223,74.70865631103516,3073000,0.0,0.0
2016-06-24,73.70987606808944,74.03891765013019,71.98603082617976,73.65260314941406,7542600,0.0,0.0
2016-06-27,73.10323706995152,74.85523017814076,73.10323706995152,74.696044921875,6817400,0.0,0.0
2016-06-28,75.3691789497595,75.3691789497595,74.2631464726741,74.70623779296875,6163300,0.0,0.0
2016-06-29,74.73875751791853,75.15370114362891,74.45727299706694,74.6009292602539,1971000,0.0,0.0
2016-06-30,74.88385089877347,77.89330055951308,74.54510091961343,77.61861419677734,13410000,0.0,0.0
2016-07-01,78.13597267310558,79.98017723589979,77.60212145046864,79.27355194091797,11114200,0.0,0.0
2016-07-04,79.35411457484186,80.38638244952885,78.62128917499861,79.63414764404297,4235200,0.0,0.0
2016-07-05,79.63413836740149,79.78603675815452,78.72805024830156,79.30072021484375,4760300,0.0,0.0
2016-07-07,79.01925184857319,79.591433125578,78.43152675539524,78.57906341552734,4457900,0.0,0.0
2016-07-08,78.6212876440957,79.96998582564186,78.31165542245229,79.66763305664062,5548200,0.0,0.0
2016-07-11,80.5581734474566,84.5906712105351,80.07771483040891,83.15898895263672,26266600,0.0,0.0
2016-07-12,84.25095900319147,84.54214450021966,83.1832566313921,83.73797607421875,9689300,0.0,0.0
2016-07-13,83.86175106755238,84.97895097792849,82.73241379734816,83.2347183227539,11805700,0.0,0.0
2016-07-14,83.73548007337942,84.72973333321474,83.29979389551642,84.22410583496094,9246500,0.07,0.0
2016-07-15,84.51357095162108,85.33977070268861,84.12597738181225,84.5145492553711,7148000,0.0,0.0
2016-07-18,85.38834953252515,85.83520461702739,84.99977763818639,85.49229431152344,7276700,0.0,0.0
2016-07-19,85.58166546334361,85.7769260190727,83.5426430655531,83.9608383178711,8582700,0.0,0.0
2016-07-20,84.18379191769067,85.02892790684066,83.42024795625703,83.93218994140625,6288900,0.0,0.0
2016-07-21,84.79579068067935,85.32958888306372,84.04487570695696,84.59033203125,23674300,0.0,0.0
2016-07-22,84.58206765469123,86.21309285699618,84.35086925788157,85.85269165039062,7320400,0.0,0.0
2016-07-25,86.28206666886501,87.71978057059711,86.00521408184011,87.26952362060547,22901400,0.0,0.0
2016-07-26,88.3988194304048,97.04451469153156,86.45693778847914,95.6694564819336,95646500,0.0,0.0
2016-07-27,96.1711841985231,96.53692903157445,92.43507875412334,95.1361312866211,38403300,0.0,0.0
2016-07-28,95.10262198645411,101.61117425558393,94.00927841092356,100.2200927734375,59563200,0.0,0.0
2016-07-29,100.93069526099268,101.78992037758697,99.5711862405889,100.76264190673828,28248400,0.0,0.0
2016-08-01,101.61116711570695,110.82660417893973,101.31925458480653,109.05471801757812,52960000,0.0,0.0
2016-08-02,109.77116208682943,114.33686232411348,104.91403102104053,106.31385803222656,40981800,0.0,0.0
2016-08-03,106.37115423034281,106.37115423034281,96.55975244571302,97.19700622558594,54461400,0.0,0.0
2016-08-04,98.35690044794389,100.22786969629075,94.4561357871666,96.84827423095703,38068700,0.0,0.0
2016-08-05,99.08545878814103,99.6896874023962,95.34692254717358,98.06254577636719,26812600,0.0,0.0
2016-08-08,99.73632609374759,99.8757269984478,96.88033810782963,97.47630310058594,16569600,0.0,0.0
2016-08-09,98.11403418770493,99.66831443513259,96.26832315140024,98.88922882080078,14404700,0.0,0.0
2016-08-10,98.59975038481578,99.76545875485735,96.17118510440159,97.1260986328125,11447200,0.0,0.0
2016-08-11,97.62734615946346,97.8760280240631,95.67574863565594,97.21351623535156,8901000,0.0,0.0
2016-08-12,97.34661962255743,99.0757570906734,96.96388042317959,98.64250183105469,7975400,0.0,0.0
2016-08-16,98.69786982117841,100.29975361638418,97.34127350936811,99.12044525146484,9063600,0.0,0.0
2016-08-17,99.08546120815092,99.57117425328892,98.44674736797158,99.17094421386719,3955200,0.0,0.0
2016-08-18,99.41914557212941,99.99326171883982,97.8128966032134,98.44966125488281,6188300,0.0,0.0
2016-08-19,99.08546493633531,99.47403686934467,98.35786623372171,98.92129516601562,4067600,0.0,0.0
2016-08-22,98.77364694013289,99.39633001738495,98.31901721847184,98.75664520263672,4942700,0.0,0.0
2016-08-23,99.46917433401566,99.46917433401566,96.31690131671478,97.5374984741211,6695400,0.0,0.0
2016-08-24,98.39575272156847,98.59003498128251,97.40003946489941,97.66329956054688,4375400,0.0,0.0
2016-08-25,97.72547837402567,100.464900077518,97.3956787501286,99.95635986328125,12545300,0.0,0.0
2016-08-26,100.59650930172356,103.16544627029414,100.51782995587408,101.81419372558594,9162400,0.0,0.0
2016-08-29,102.75746220588594,104.98834359975623,101.20464181340034,104.36614227294922,10646000,0.0,0.0
2016-08-30,105.61344917739937,106.2740192368635,103.99650553533803,104.6944808959961,13942300,0.0,0.0
2016-08-31,106.85687043568221,108.43981056167777,105.02135744983048,106.9646987915039,19100900,0.0,0.0
2016-09-01,107.1531518161106,109.38257284448036,106.8568665714341,108.41940307617188,12919100,0.0,0.0
2016-09-02,109.08143040739373,109.57685976065106,107.62429135425417,108.21492004394531,10016000,0.0,0.0
2016-09-06,108.80943894916892,109.7614323716529,108.56755331795358,109.43940734863281,7553400,0.0,0.0
2016-09-07,109.7225842669325,114.04543522266756,109.71287534131814,110.67749786376953,25193400,0.0,0.0
2016-09-08,112.09285175415755,114.00656226595078,104.91401380954544,112.9574203491211,16049330,0.0,5.0
2016-09-09,113.75399457627003,115.00713513186713,111.1845758084626,112.0588607788086,7584160,0.0,0.0
2016-09-12,109.26601788959601,110.1451573797943,101.99974694168924,106.31288146972656,10346120,0.0,0.0
2016-09-14,107.14829771992275,107.63401075145207,103.74830649921759,106.95886993408203,10497610,0.0,0.0
2016-09-15,107.7214449183909,108.11973319639026,105.39973701845348,106.75973510742188,6615510,0.0,0.0
2016-09-16,107.73114627785124,108.51799897639879,104.98200888350418,105.67658233642578,8039660,0.0,0.0
2016-09-19,106.51687464158695,106.51687464158695,104.15630889344752,104.51573181152344,8248830,0.0,0.0
2016-09-20,102.00459365562392,105.78344054330191,102.00459365562392,104.43315887451172,5971260,0.0,0.0
2016-09-21,105.39001649056078,105.39001649056078,103.55888361129286,103.96688079833984,7228850,0.0,0.0
2016-09-22,105.22973033096115,109.98486528661762,104.01544769427157,109.57200622558594,13636280,0.0,0.0
2016-09-23,110.58715208034882,111.17972263934487,108.63459080699477,109.43115997314453,11604320,0.0,0.0
2016-09-26,108.60543595240682,110.72799951169546,108.36743390074534,109.07171630859375,6485510,0.0,0.0
2016-09-27,109.77116400003611,109.77116400003611,106.0651705606012,106.72088623046875,9053720,0.0,0.0
2016-09-28,107.34260540545462,108.20717421354628,106.08461013441496,107.449462890625,8753570,0.0,0.0
2016-09-29,108.7997344736685,109.09116529842332,98.23062007861388,100.75146484375,15500650,0.0,0.0
2016-09-30,101.02345760835672,103.55888026381025,99.13888864616248,102.5728759765625,11517110,0.0,0.0
2016-10-03,103.84544429678164,105.88543748157944,103.77744477100146,105.56486511230469,8814260,0.0,0.0
2016-10-04,106.07972094534243,106.50229631385132,104.13686885908054,105.2782974243164,4900220,0.0,0.0
2016-10-05,105.8854466595788,106.2594477894839,103.777453766283,104.35545349121094,7291610,0.0,0.0
2016-10-06,104.53031470816461,107.34259016690899,103.5540266787394,104.64688110351562,11826710,0.0,0.0
2016-10-07,105.56487279472438,105.88544518732859,104.52544716135954,105.15687561035156,6068850,0.0,0.0
2016-10-10,105.41430146256737,106.1428710293702,104.18544805280469,104.32630157470703,3824020,0.0,0.0
2016-10-13,105.3997426079131,105.3997426079131,101.04774997470216,102.38346099853516,9690240,0.0,0.0
2016-10-14,103.1460245263437,103.92316837792211,101.03803164903303,103.09745025634766,8194600,0.0,0.0
2016-10-17,103.42773830469172,105.39973210667107,102.10174375015266,104.80230712890625,9208790,0.0,0.0
2016-10-18,105.78832009305782,108.8968811280823,105.40946444852028,108.54231262207031,13562070,0.0,0.0
2016-10-19,109.12029548706322,109.76629473231071,107.94972525895174,108.6880111694336,6481410,0.0,0.0
2016-10-20,109.13971329919384,110.25685471915541,108.56657549732917,108.93571472167969,5359990,0.0,0.0
2016-10-21,109.38258019908979,110.64543712622057,108.34315454173499,110.1888656616211,4660280,0.0,0.0
2016-10-24,110.40257510801605,110.95142580164811,109.30485889796634,109.66914367675781,3998320,0.0,0.0
2016-10-25,109.57686584461521,111.22828723197384,108.32372529997082,110.90771484375,4172010,0.0,0.0
2016-10-26,110.74257648727358,113.00600110123025,109.29029178541354,111.5585708618164,9716900,0.0,0.0
2016-10-27,111.80628761854585,112.87970930341632,106.66258822293489,107.32315826416016,20146350,0.0,0.0
2016-10-28,107.35231229617489,107.53687823590396,102.2620336312413,104.19031524658203,14524330,0.0,0.0
2016-11-01,105.59402096418086,105.88059731495376,102.61174293992615,103.04888916015625,9037750,0.0,0.0
2016-11-02,101.8054513628891,101.99973360519917,98.65802567544038,99.07088470458984,13298860,0.0,0.0
2016-11-03,100.03746973508417,101.62574617869352,98.59975574983697,100.13946533203125,9680280,0.0,0.0
2016-11-04,100.54259612660455,100.65916992064977,94.23804314032913,96.47718048095703,16667440,0.0,0.0
2016-11-07,98.09462948346723,99.9014755544057,95.70491430123779,96.2100601196289,10632580,0.0,0.0
2016-11-08,96.82203833542195,97.32718406159577,94.42261466457884,95.55918884277344,9603360,0.0,0.0
2016-11-09,89.3711922309338,90.77975697001662,81.22578312469636,90.26004791259766,33848550,0.0,0.0
2016-11-10,92.28548362332204,95.1317625199497,89.75006079612773,90.2649154663086,17539210,0.0,0.0
2016-11-11,89.37120841930961,89.37120841930961,82.57122517001432,83.35807800292969,27806070,0.0,0.0
2016-11-15,84.37808489919824,84.37808489919824,74.05182650149507,79.17609405517578,43683530,0.0,0.0
2016-11-16,80.33693934584336,91.57633956367222,78.05895125801726,87.40892791748047,77573480,0.0,0.0
2016-11-17,87.76834997292889,87.76834997292889,83.5426477603525,84.62578582763672,19293840,0.0,0.0
2016-11-18,84.70837349257486,87.56922375421834,84.02837802227046,85.33008575439453,16472760,0.0,0.0
2016-11-21,86.59778238380729,86.59778238380729,79.21980687206882,80.84208679199219,20767910,0.0,0.0
2016-11-22,82.57608392836848,83.83408652758784,80.65266414532152,83.34837341308594,14340860,0.0,0.0
2016-11-23,84.61120311676805,84.65491550803343,82.03692273451863,82.59549713134766,11615950,0.0,0.0
2016-11-24,82.32836748712174,82.65379436304285,79.28294438453185,79.72494506835938,16130900,0.0,0.0
2016-11-25,80.72551079909974,85.87407230867878,79.97265405787923,85.28150177001953,16230360,0.0,0.0
2016-11-28,85.11636577642064,87.33121631265846,83.3289377257451,85.41265106201172,18188630,0.0,0.0
2016-11-29,85.92263358604997,89.98319488625398,85.86435039304855,88.13262939453125,25464460,0.0,0.0
2016-11-30,88.39978283018011,90.13378212777951,88.30749615678717,89.3517837524414,17753150,0.0,0.0
2016-12-01,89.95405283747604,90.33290841286596,88.39977260364653,88.80776977539062,9974750,0.0,0.0
2016-12-02,87.8169238319118,88.39977802894488,85.48549963238625,86.11692810058594,18182210,0.0,0.0
2016-12-05,86.16550045161021,88.18606871406092,85.97121817734882,87.64692687988281,7978130,0.0,0.0
2016-12-06,87.74892998324796,89.75006557353376,86.77750378813545,87.23892974853516,8784340,0.0,0.0
2016-12-07,88.07921407571266,88.47264051116515,85.0629397963143,86.5589370727539,8880280,0.0,0.0
2016-12-08,88.20548665419935,88.97290669731515,87.82663109469928,88.55033874511719,10019200,0.0,0.0
2016-12-09,88.7689177404666,89.14777334102571,86.60749606768874,87.07378387451172,6517670,0.0,0.0
2016-12-12,87.11264901374128,87.11264901374128,81.01694801700889,81.94951629638672,23954250,0.0,0.0
2016-12-13,79.65693885087235,81.93007232890429,78.19979972555151,81.2840805053711,29139710,0.0,0.0
2016-12-14,81.57065151226658,83.33379227074688,80.90036512579115,82.44979095458984,14235920,0.0,0.0
2016-12-15,81.12379142525896,84.21292655746151,80.73036506124609,82.94035339355469,8334950,0.0,0.0
2016-12-16,83.63007614405569,83.83408216355352,82.37694289590006,82.64894104003906,6264590,0.0,0.0
2016-12-19,82.88207974960433,82.88207974960433,79.5500877213391,79.93865966796875,8083120,0.0,0.0
2016-12-20,80.14263999200135,80.5797787001283,76.38321893882099,78.27750396728516,20296040,0.0,0.0
2016-12-21,78.78265905958828,79.15180573883451,76.06752475676267,76.6066665649414,16082650,0.0,0.0
2016-12-22,76.23752778865898,76.23752778865898,73.87696193916834,74.35295867919922,18362220,0.0,0.0
2016-12-23,75.45067097742695,80.42437577648718,73.95467374398234,78.5835189819336,33652970,0.0,0.0
2016-12-26,78.6855239868164,79.7832329496418,75.97038947489474,78.6855239868164,21339160,0.0,0.0
2016-12-27,78.78265262372081,80.42436505010309,77.6509403652601,78.66122436523438,35055640,0.0,0.0
2016-12-28,79.30236739223258,81.68721270406299,78.78265089981446,79.67636108398438,21246090,0.0,0.0
2016-12-29,79.6569508879751,81.57551621062011,79.29266605159717,80.95380401611328,15940840,0.0,0.0
2016-12-30,81.59978454343754,83.02778195877046,80.91978930346579,81.8134994506836,8425640,0.0,0.0
2017-01-02,82.76550405105723,84.8929296664143,81.79407791237631,84.51892852783203,9499670,0.0,0.0
2017-01-03,84.51407118380325,86.35978226664767,83.46979108488243,85.87406921386719,12602640,0.0,0.0
2017-01-04,86.17521100023752,86.55406659757458,84.31979094807309,84.69864654541016,9714280,0.0,0.0
2017-01-05,85.81091468971692,87.71977063072866,85.00462933221289,87.404052734375,14234470,0.0,0.0
2017-01-06,88.49692774834614,88.87578338375452,85.08721961827665,85.3349380493164,40406250,0.0,0.0
2017-01-09,86.2432198130513,86.8212196077314,85.00951175768066,85.31550598144531,6153810,0.0,0.0
2017-01-10,85.94205927470666,87.6177676398717,85.49034233147187,87.404052734375,11472930,0.0,0.0
2017-01-11,87.91406601914504,88.3512048193238,86.55406793546524,87.05435180664062,20051890,0.0,0.0
2017-01-12,87.6712181999064,88.39493341713768,86.068363420898,86.5735092163086,7377500,0.0,0.0
2017-01-13,86.76778013497955,87.96263751523415,86.27235074205512,87.4332046508789,8211850,0.0,0.0
2017-01-16,87.4283602155119,89.38092900218197,86.88921836439383,89.14778137207031,11175040,0.0,0.0
2017-01-17,89.75004790195302,89.8180474257662,88.44834061427443,88.82233428955078,8495540,0.0,0.0
2017-01-18,89.2449203705267,91.1197730798014,88.88549003779147,90.37663269042969,15251440,0.0,0.0
2017-01-19,90.32321280728628,90.56606936123949,88.98263988617256,89.98320770263672,5989970,0.0,0.0
2017-01-20,89.83749101569562,90.34262933807834,87.81692290337844,88.17634582519531,6978570,0.0,0.0
2017-01-23,88.3414997978485,90.50777604399799,87.92864070390755,90.30863189697266,8296480,0.0,0.0
2017-01-24,90.82348986068868,90.82348986068868,89.46834624152766,90.31834411621094,8262880,0.0,0.0
2017-01-25,90.45919858326018,97.72546145871128,90.45919858326018,97.12803649902344,38749460,0.0,0.0
2017-01-27,97.14261417373507,99.08546645720978,96.30233263632239,96.73947143554688,13869160,0.0,0.0
2017-01-30,96.17118203895346,102.87402348152271,96.08861171141847,102.46602630615234,48663840,0.0,0.0
2017-01-31,102.86431505946538,104.13688095209955,100.12974805885132,100.72718048095703,23045840,0.0,0.0
2017-02-01,100.93117747244514,103.93288068888988,99.57117939357136,103.56859588623047,18603790,0.0,0.0
2017-02-02,103.69002980810099,105.29773897235151,101.99975030677889,102.40289306640625,16817290,0.0,0.0
2017-02-03,102.51459920101182,103.7483145471779,101.25174966790952,101.74231719970703,9030790,0.0,0.0
2017-02-06,102.58259646398818,105.44830795572449,102.00945861247679,104.3020248413086,12180630,0.0,0.0
2017-02-07,103.94260850143002,104.42832162526848,102.23289623032831,103.06346893310547,6587860,0.0,0.0
2017-02-08,102.97118219665933,103.88432524061544,99.57119033167528,101.94632720947266,10462970,0.0,0.0
2017-02-09,102.77689300532597,103.1314614865146,99.6683247765384,101.11089324951172,9168710,0.0,0.0
2017-02-10,101.53346148387539,102.87403436099763,100.8340408570128,102.5291748046875,6433910,0.0,0.0
2017-02-13,102.67974333564182,103.94260032281285,101.34403235018512,102.86917114257812,4844760,0.0,0.0
2017-02-14,103.35973069241182,103.84544370561733,102.48544578636341,102.9225845336914,4381000,0.0,0.0
2017-02-15,103.00031276845247,103.45688424153853,99.95975160861026,101.06717681884766,6792040,0.0,0.0
2017-02-16,101.11574743194369,107.43973393350603,100.54260954370454,106.30802154541016,10350070,0.0,0.0
2017-02-17,107.82828693863026,108.60543070995207,105.02086636710344,105.83686065673828,14088530,0.0,0.0
2017-02-20,106.1720111036579,107.77972007219124,100.54259877695767,106.45858001708984,6175650,0.0,0.0
2017-02-21,106.09915711257953,107.4348679658966,105.39972915265612,106.45858001708984,3354820,0.0,0.0
2017-02-22,106.37115223316366,107.26000795625994,103.45687408978931,104.54972839355469,10006320,0.0,0.0
2017-02-23,105.20545226783041,106.75973258504612,103.60259767982325,103.76773834228516,11961770,0.0,0.0
2017-02-27,104.02515717559316,107.24543688753242,103.84544572885136,106.0408706665039,12234400,0.0,0.0
2017-02-28,106.6383114230246,108.70259207548723,106.46830887532316,107.65345001220703,12574750,0.0,0.0
2017-03-01,108.79972677853326,109.66429544305835,104.00087931504855,104.51087951660156,20450870,0.0,0.0
2017-03-02,105.20544847900423,105.84658584428153,98.99803635873637,101.87831115722656,25871530,0.0,0.0
2017-03-03,101.75688816740521,102.67003111067265,99.4886090198188,101.63545989990234,11857510,0.0,0.0
2017-03-06,102.38830381483892,102.58258605394907,99.70716592904311,100.44058990478516,11760840,0.0,0.0
2017-03-07,100.53288398113426,102.56316836320349,99.31860136860739,102.23287963867188,15346340,0.0,0.0
2017-03-08,102.75259845415987,105.30259199754146,101.902600606366,105.03059387207031,17634140,0.0,0.0
2017-03-09,104.39917398669495,106.3711679696239,103.74832021712214,105.61345672607422,13914440,0.0,0.0
2017-03-10,106.12831903068697,106.85688872654981,105.40946567262601,106.32260131835938,7484050,0.0,0.0
2017-03-14,108.02257923104811,110.30057461874775,107.18715219309873,109.45057678222656,12546820,0.0,0.0
2017-03-15,109.67400065004205,111.05342383869692,109.21257476646858,110.21314239501953,7815100,0.0,0.0
2017-03-16,110.71344472341755,114.43400883214227,109.8537304649267,113.02543640136719,12345030,0.0,0.0
2017-03-17,113.65684960431854,114.98770598146193,111.84028019467804,112.61742401123047,8228260,0.0,0.0
2017-03-20,113.1711474517249,115.82314412512608,111.0097257315994,113.90457153320312,9783710,0.0,0.0
2017-03-21,113.85600515371272,115.10914579269576,111.32543673940565,114.09886169433594,22847520,0.0,0.0
2017-03-22,112.2094254227027,113.45770404649954,111.71399606063517,112.65628051757812,6915510,0.0,0.0
2017-03-23,112.83114756052848,115.76485124016386,112.83114756052848,115.18685150146484,8737410,0.0,0.0
2017-03-24,115.63856592929825,116.37685185386961,113.71028449293702,114.34171295166016,6680100,0.0,0.0
2017-03-27,114.33683937519616,115.50255504384724,113.7539852465668,115.11398315429688,4792650,0.0,0.0
2017-03-28,115.98827271924685,117.15398102340305,115.28399031001113,116.06112670898438,8099590,0.0,0.0
2017-03-29,116.51284873970495,117.05684498375132,113.85113589100841,114.70113372802734,6326070,0.0,0.0
2017-03-30,114.62828264049071,115.60942510099346,113.9482873181976,114.73028564453125,6579660,0.0,0.0
2017-03-31,115.40543022563276,115.40543022563276,113.41400364251307,113.76371765136719,4745850,0.0,0.0
2017-04-03,113.66170467381956,115.50256122719887,112.87970639086544,114.79827880859375,4736420,0.0,0.0
2017-04-05,115.59971276119181,115.59971276119181,113.17114736704913,113.95800018310547,6807770,0.0,0.0
2017-04-06,114.41456473785287,116.96455824735915,113.24399450999282,116.38655853271484,8568760,0.0,0.0
2017-04-07,116.37684090824726,118.90254709419578,115.81341203429321,116.72655487060547,10999610,0.0,0.0
2017-04-10,116.73628315706793,121.6225556936972,115.59971629658389,120.52970123291016,10466890,0.0,0.0
2017-04-11,121.03969965223797,123.75969590071712,120.6511277008276,122.00627136230469,11429670,0.0,0.0
2017-04-12,122.39969675236168,124.14826681338138,121.23398831927753,123.00198364257812,10620450,0.0,0.0
2017-04-13,123.15740656522031,125.50825607815277,122.49683648432926,123.7499771118164,6133480,0.0,0.0
2017-04-17,123.84712289665876,124.53683460224025,121.09313053718145,122.35598754882812,6094760,0.0,0.0
2017-04-18,121.85568602876761,123.43910782145318,119.47568776050389,120.0731201171875,5837080,0.0,0.0
2017-04-19,120.24311674481059,121.67111424149165,118.27597748737023,120.74340057373047,7772970,0.0,0.0
2017-04-20,121.71969187294069,122.25397177486481,120.74826578428639,121.62254333496094,4436370,0.0,0.0
2017-04-21,121.62255608348107,122.38998366332714,120.09741726088394,121.13198852539062,3801260,0.0,0.0
2017-04-24,121.53512508387023,123.85683296776631,120.66084007476029,123.54112243652344,4754880,0.0,0.0
2017-04-25,124.24540407400964,131.04537960352428,123.95397326912773,130.33624267578125,20927240,0.0,0.0
2017-04-26,130.6568249788833,131.13282915701734,126.43597691920714,127.22769165039062,12073200,0.0,0.0
2017-04-27,127.74254233699551,127.8251200841066,124.1531229077083,124.89627075195312,16276310,0.0,0.0
2017-04-28,124.15311539096916,125.79968236563116,123.24968880416566,123.97340393066406,11831540,0.0,0.0
2017-05-02,124.5271212462242,124.93998032687249,122.10826478280588,123.23512268066406,7085740,0.0,0.0
2017-05-03,123.37111252140342,124.61453672162305,122.39968643855772,123.38082885742188,10867780,0.0,0.0
2017-05-04,123.49253441186197,127.44138360658893,123.49253441186197,125.95024108886719,11213020,0.0,0.0
2017-05-05,125.79967988576117,126.57682372992151,122.87568525106425,123.78397369384766,4672050,0.0,0.0
2017-05-08,123.3954040462111,124.95939327675862,122.44826506401553,123.56539916992188,4716270,0.0,0.0
2017-05-09,123.85682842968305,125.5956746361994,122.83682805452844,124.93511199951172,5677030,0.0,0.0
2017-05-10,125.79967325263001,129.29681295556236,125.65881232524916,128.90823364257812,13021850,0.0,0.0
2017-05-11,129.68054960906719,130.6471288602975,128.0777021378203,130.14198303222656,6727680,0.0,0.0
2017-05-12,129.393962969494,130.07395832440983,126.77111527322603,127.71826171875,4388630,0.0,0.0
2017-05-15,128.51968751817992,130.996827259848,127.99997095061129,129.4862518310547,6341950,0.0,0.0
2017-05-16,129.9185354202756,131.99738673688944,128.92767662143007,130.9239501953125,7885300,0.0,0.0
2017-05-17,131.14253239008644,133.47394925901764,126.04254501936086,128.6945343017578,24083020,0.0,0.0
2017-05-18,126.18824670131592,130.46253051087598,125.90167777546229,127.69882202148438,12109850,0.0,0.0
2017-05-19,128.61682036805982,129.57853762295053,122.93884056865319,125.23139953613281,11670100,0.0,0.0
2017-05-22,126.18825843839606,126.67397154219711,120.19942239055574,120.66570281982422,8738730,0.0,0.0
2017-05-23,121.41854435122943,122.88539981552171,115.65313290544336,119.84969329833984,13483830,0.0,0.0
2017-05-24,119.87397631995097,121.90425321151604,117.54255231246651,118.9365463256836,7871010,0.0,0.0
2017-05-25,119.48541269608562,123.17683491466828,119.3154101606193,122.28797912597656,9058070,0.0,0.0
2017-05-26,122.5648109103074,128.87907961506104,122.5648109103074,128.01451110839844,13067930,0.0,0.0
2017-05-29,128.16994778452036,129.49108772684443,126.46995229814375,127.00908660888672,6522890,0.0,0.0
2017-05-30,126.79056850447317,128.7042795568115,126.64484566157246,128.37884521484375,5130050,0.0,0.0
2017-05-31,128.5196791371824,129.67567859609522,127.84939274014648,128.9033966064453,7262840,0.0,0.0
2017-06-01,129.58825266065708,130.07396577381215,128.25254159948065,128.9422607421875,3879680,0.0,0.0
2017-06-02,129.43280809299628,132.59965157837252,128.03395225415034,132.23536682128906,6680810,0.0,0.0
2017-06-05,132.94449494692174,133.34278314601704,130.95306877422888,132.41506958007812,5700090,0.0,0.0
2017-06-06,132.44422501489944,132.88136377586363,128.71395251458668,129.8456573486328,6016780,0.0,0.0
2017-06-07,130.27796766760008,132.1139625841298,129.6951060212022,130.47711181640625,5509880,0.0,0.0
2017-06-08,130.6471096758648,133.27966627034158,130.62767700227238,132.2790985107422,5708190,0.0,0.0
2017-06-09,131.91966068714353,134.25107728037264,130.53051372639905,133.75079345703125,5305820,0.0,0.0
2017-06-12,133.0805159140655,134.34823470230302,131.77880847711205,132.5948028564453,3700280,0.0,0.0
2017-06-13,133.4739356182061,134.0567971872649,132.21109358988775,133.2310791015625,4356440,0.0,0.0
2017-06-14,133.49338016073494,133.571096031706,131.53109518137978,132.2111053466797,6347270,0.0,0.0
2017-06-15,132.2208187257286,137.26252300105043,131.35625001338548,136.50965881347656,15697740,0.0,0.0
2017-06-16,137.45680035860264,138.41365571019412,136.32023354073235,137.00022888183594,8245160,0.0,0.0
2017-06-19,136.50479340119878,138.10764046286073,135.5722178663581,135.98507690429688,4262230,0.0,0.0
2017-06-20,136.7476776170733,139.19566109921618,135.51882400145058,136.9322509765625,7811610,0.0,0.0
2017-06-21,136.46594305839696,138.52537660089465,136.09681119641044,137.61708068847656,4491810,0.0,0.0
2017-06-22,137.84535353958645,138.6224973609086,135.54307849471135,136.17449951171875,4775860,0.0,0.0
2017-06-23,136.48538413314662,137.50538463037182,132.69682779806763,136.07252502441406,6207810,0.0,0.0
2017-06-27,135.99965728619497,135.99965728619497,129.85539001978663,131.13766479492188,10538290,0.0,0.0
2017-06-28,130.26824422084155,133.76536924104195,127.63567300254003,133.31365966796875,9982180,0.0,0.0
2017-06-29,133.9596620871873,135.4993790791616,132.74537938218091,133.6973876953125,7268690,0.0,0.0
2017-06-30,132.85221784862273,134.05679145587808,131.38536988701094,133.38650512695312,4962600,0.0,0.0
2017-07-03,134.0567919790787,135.02821800791259,132.74536091103897,134.75135803222656,4465140,0.0,0.0
2017-07-04,135.02821518238156,136.84963894833095,133.72164601511776,134.01307678222656,7043420,0.0,0.0
2017-07-05,133.57109081551906,136.67965141903207,133.09508668295527,135.85879516601562,6439290,0.0,0.0
2017-07-06,136.2435046580803,137.66545356357378,135.60557964823306,136.28245544433594,4181300,0.36,0.0
2017-07-07,136.20453374371007,136.70123421552861,135.12346753713257,135.54225158691406,2020050,0.0,0.0
2017-07-10,136.89602653962658,137.81640040120453,135.8733938693307,137.59725952148438,1496500,0.0,0.0
2017-07-11,138.2400943992758,139.369860589182,137.28564393037564,138.22061157226562,6655560,0.0,0.0
2017-07-12,138.7367701610767,141.41508624473082,138.29850322868674,140.60671997070312,6549340,0.0,0.0
2017-07-13,141.41508785656018,145.06733710317093,141.30795461755133,144.7167205810547,10117980,0.0,0.0
2017-07-14,144.62905868110496,146.93241570637068,143.23146712481474,146.03152465820312,5705220,0.0,0.0
2017-07-17,146.5720585852503,150.93041519546912,144.92610925213043,149.83961486816406,9470060,0.0,0.0
2017-07-18,149.78608325141826,150.4873164779169,146.77175823417537,147.29281616210938,5017080,0.0,0.0
2017-07-19,148.003730504574,153.6282027138062,147.55085520870156,150.16586303710938,26552730,0.0,0.0
2017-07-20,151.05701335674237,156.60842845191235,150.67718008341595,155.37640380859375,21696350,0.0,0.0
2017-07-21,155.72217046775592,158.89718718084197,154.36840398622996,157.9086456298828,13805410,0.0,0.0
2017-07-24,159.0432798156734,159.4620639196228,154.65570640012953,155.57608032226562,8354750,0.0,0.0
2017-07-25,156.50131430079196,159.033531477888,155.8292980750768,158.5076141357422,8138540,0.0,0.0
2017-07-26,159.33547979216388,165.154721830553,158.75111391921033,164.317138671875,14759060,0.0,0.0
2017-07-27,165.95822178084913,169.44490463962285,162.7539878900356,163.55747985839844,19555620,0.0,0.0
2017-07-28,162.84162746490426,166.6302270044361,161.92126832205315,165.7001190185547,9262680,0.0,0.0
2017-07-31,167.32169471509812,167.90604560665744,165.33486304509648,165.8705291748047,5769280,0.0,0.0
2017-08-01,166.53283343905582,168.28590120728148,166.15785966800811,167.15127563476562,6925910,0.0,0.0
2017-08-02,167.99860774085352,168.12034939459448,164.7018491075231,166.26988220214844,3961710,0.0,0.0
2017-08-03,166.93211851565374,168.39301808794139,165.37869411490476,165.7390594482422,7757090,0.0,0.0
2017-08-04,166.04586672762417,168.49043356404124,165.67089295689271,167.85250854492188,7106360,0.0,0.0
2017-08-07,169.0261164738711,175.88747435415434,168.45149942994215,175.1278076171875,15040330,0.0,0.0
2017-08-08,176.5740872155062,178.18107100634327,172.5809552622784,173.3406219482422,17610650,0.0,0.0
2017-08-09,172.376433540508,172.376433540508,163.86912688219664,165.34463500976562,18995600,0.0,0.0
2017-08-10,163.62075881970335,164.584957927008,156.80810162318943,159.29649353027344,18350020,0.0,0.0
2017-08-11,154.85537180227152,168.7436532567019,154.85537180227152,165.12062072753906,35055760,0.0,0.0
2017-08-14,167.64311730063196,169.69324241338848,166.05560151594364,166.63021850585938,13118550,0.0,0.0
2017-08-16,168.49042193719922,168.49042193719922,163.93242228052068,167.64796447753906,7057540,0.0,0.0
2017-08-17,168.49043976734794,171.65572259534724,167.56520622060248,168.3686981201172,7292690,0.0,0.0
2017-08-18,166.54256118909282,167.79892835745127,164.44861095481548,166.05072021484375,9323350,0.0,0.0
2017-08-21,166.05069813347495,168.5878042381312,163.4795156690175,164.65310668945312,10900570,0.0,0.0
2017-08-22,166.3477953710661,166.89319559132852,161.92127071145893,163.90321350097656,6543340,0.0,0.0
2017-08-23,165.16930255590464,173.8178328044985,165.16930255590464,173.29190063476562,18250880,0.0,0.0
2017-08-24,174.47038203524573,175.0839646687328,170.71099952191057,171.42196655273438,13245320,0.0,0.0
2017-08-28,172.72705713613544,178.95048962382,172.09399164621155,178.2248992919922,13473450,0.0,0.0
2017-08-29,178.71674794534644,178.71674794534644,171.60703238457663,172.71731567382812,14822570,0.0,0.0
2017-08-30,175.11316221797355,177.19737831310897,173.07277132597653,174.1440887451172,10646010,0.0,0.0
2017-08-31,175.05473472333534,175.86310095185806,172.3861527711413,173.54513549804688,11167650,0.0,0.0
2017-09-01,174.33402663851737,175.98970995282045,174.33402663851737,175.30308532714844,4893960,0.0,0.0
2017-09-04,175.10828894085435,177.2558130748941,172.92667358380479,175.43942260742188,6589650,0.0,0.0
2017-09-05,176.26728284079314,176.79807459739854,173.80323328467938,174.76255798339844,7412290,0.0,0.0
2017-09-06,173.5548932976604,183.39162456376982,173.13610915488815,181.04931640625,27428920,0.0,0.0
2017-09-07,183.0994442107541,193.41339337916736,182.23751866643903,191.20257568359375,42717340,0.0,0.0
2017-09-08,191.86482924872408,192.34692139917146,183.19683021692884,184.1902313232422,28563290,0.0,0.0
2017-09-11,185.0473098344245,188.49990127932605,184.85738572524193,187.03900146484375,10988040,0.0,0.0
2017-09-12,188.45607375349775,188.45607375349775,183.74224064331597,184.5019073486328,14739970,0.0,0.0
2017-09-13,184.56031200209813,187.45289433423312,184.56031200209813,185.74363708496094,8108100,0.0,0.0
2017-09-14,186.31342203779258,188.50477171315882,185.1447051831388,186.01150512695312,9518700,0.0,0.0
2017-09-15,184.61875067339017,186.2257491581421,183.23576749505293,185.3151092529297,9221490,0.0,0.0
2017-09-18,186.60558866670723,187.89604705727086,185.690089171201,186.18191528320312,4309470,0.0,0.0
2017-09-19,187.3944970391636,187.84249800442555,185.44175615030875,186.19654846191406,5980200,0.0,0.0
2017-09-20,186.87828728351082,186.88314684348558,185.04728830683678,185.52452087402344,3775510,0.0,0.0
2017-09-21,185.82645494796108,187.5795376557896,182.27646432223844,186.94647216796875,7548800,0.0,0.0
2017-09-22,186.02123323347263,186.02123323347263,179.88545136403476,181.45835876464844,17729430,0.0,0.0
2017-09-25,181.14668765906507,181.14668765906507,171.31483152824597,174.91839599609375,18268840,0.0,0.0
2017-09-26,174.91839099877944,181.42425698442884,173.45261692528,179.2134246826172,10449470,0.0,0.0
2017-09-27,181.05416968531964,181.05416968531964,174.84534574965764,175.9653778076172,7641480,0.0,0.0
2017-09-28,176.96363864245072,180.6645873391259,174.43142153707052,179.48126220703125,39255550,0.0,0.0
2017-09-29,180.95189561547937,182.6124533075474,178.2638456527665,179.01376342773438,12169640,0.0,0.0
2017-10-03,181.1515577313731,182.4663733690006,178.3953252578344,181.91122436523438,9752930,0.0,0.0
2017-10-04,183.09455285304182,183.09455285304182,180.3724115553487,181.40965270996094,5380690,0.0,0.0
2017-10-05,181.63853438763047,183.63510033836218,180.70355201492742,181.75540161132812,3984630,0.0,0.0
2017-10-06,183.09940050791238,188.4122067049107,181.9696346828102,187.3457489013672,12276150,0.0,0.0
2017-10-09,187.77429312766773,190.30651011563052,186.60557645160497,189.0696258544922,9995740,0.0,0.0
2017-10-10,189.33259080375996,190.83245611664287,189.23520640929945,189.994873046875,5171170,0.0,0.0
2017-10-11,191.57265270286288,191.57265270286288,185.23722749995005,187.34091186523438,7269780,0.0,0.0
2017-10-12,188.94301526136695,190.67174051328593,187.28733201736696,190.22373962402344,10193500,0.0,0.0
2017-10-13,190.4136625933558,192.22517882574223,189.76600359499133,190.21400451660156,8498320,0.0,0.0
2017-10-16,191.47527690258084,191.5726613079082,182.64656988984086,183.71302795410156,26527530,0.0,0.0
2017-10-17,183.1237883183083,185.2420960506359,180.8009629313249,181.84307861328125,17824210,0.0,0.0
2017-10-18,182.12546938026207,183.48896962372046,180.04612779372852,181.97938537597656,7100460,0.0,0.0
2017-10-19,182.39820291798696,182.39820291798696,178.42455380042438,179.7783203125,1698450,0.0,0.0
2017-10-23,179.6906607224166,180.8496435135146,176.49616127623463,178.59498596191406,10111370,0.0,0.0
2017-10-24,179.98283725400861,179.98283725400861,176.866254351207,177.8450469970703,9298720,0.0,0.0
2017-10-25,177.25582220025498,177.25582220025498,166.888300306627,168.1349334716797,28652790,0.0,0.0
2017-10-26,169.36695807681465,171.99658930352626,165.57835895853293,170.12176513671875,16412620,0.0,0.0
2017-10-27,171.41710685344452,178.09828878018732,170.67690815687595,177.15843200683594,16560790,0.0,0.0
2017-10-30,178.4245600004269,178.83848458433476,175.09371022607493,175.7267608642578,5639010,0.0,0.0
2017-10-31,174.04184441413753,177.65026838306056,172.82930244333565,175.36639404296875,7648830,0.0,0.0
2017-11-01,176.2429523266848,177.22661947475225,175.40536920915778,175.9653778076172,4689990,0.0,0.0
2017-11-02,176.76886007609838,177.44087630208796,175.5027440565134,176.30137634277344,4586030,0.0,0.0
2017-11-03,177.7428047081081,179.6906710610737,176.12607206849688,178.9066619873047,7699950,0.0,0.0
2017-11-06,177.0610400054236,179.68092241409946,176.45719137978134,177.4506072998047,5830970,0.0,0.0
2017-11-07,179.98284445992786,179.98284445992786,172.70756282779104,175.5563201904297,7695900,0.0,0.0
2017-11-08,174.77718873583638,175.78521319070822,172.5371393453573,172.9413299560547,5495670,0.0,0.0
2017-11-09,174.04672519257872,174.6651673922803,168.78261771059647,170.73048400878906,8663490,0.0,0.0
2017-11-10,168.59755806017796,172.2887579380217,168.59755806017796,169.95132446289062,8059540,0.0,0.0
2017-11-13,171.40736487946344,171.40736487946344,167.37042255724145,168.3686981201172,5445300,0.0,0.0
2017-11-14,168.58784284919093,172.37644240240712,167.53599320996096,170.91554260253906,6335540,0.0,0.0
2017-11-15,171.61675732681567,171.79693257174821,166.2552508796213,166.91265869140625,9264650,0.0,0.0
2017-11-16,168.00345116309722,173.37956576140726,167.17560212599392,171.82614135742188,9010890,0.0,0.0
2017-11-17,174.33403468470817,176.96365123009065,173.17505185289252,174.07594299316406,9439390,0.0,0.0
2017-11-20,174.02236706251315,176.0384158041925,172.39104093490275,175.81927490234375,6021150,0.0,0.0
2017-11-21,177.1584293516597,177.52365427324312,174.45577087635823,176.25755310058594,4955850,0.0,0.0
2017-11-22,176.9344478908855,176.9344478908855,172.2449570164968,172.77088928222656,7382040,0.0,0.0
2017-11-23,173.06792318655434,173.59871498655258,170.14612364532593,171.76773071289062,5874120,0.0,0.0
2017-11-24,172.6783468037019,175.14239643204192,171.80179807067427,174.3340301513672,5729470,0.0,0.0
2017-11-27,173.3601056210256,173.77888975411386,171.8992058545563,172.70269775390625,5730990,0.0,0.0
2017-11-28,172.58095317095325,173.7448104317419,171.65571964013654,172.03555297851562,5529620,0.0,0.0
2017-11-29,171.8991969479295,173.16043856430764,170.53569651428833,171.0518798828125,6871180,0.0,0.0
2017-11-30,170.9106579447108,171.3537993074548,167.74537523457388,168.203125,13045560,0.0,0.0
2017-12-01,169.172178337434,169.63966206942646,166.08481216018558,166.69839477539062,6018220,0.0,0.0
2017-12-04,167.90604405455588,167.90604405455588,162.66142017457338,163.22630310058594,8020410,0.0,0.0
2017-12-05,163.22632848006756,167.41910358363998,161.7751627275519,166.2893524169922,11099200,0.0,0.0
2017-12-06,165.5637558938729,167.01979601303265,161.91638111687814,162.78805541992188,9332130,0.0,0.0
2017-12-07,164.10772351581133,164.609298456151,161.77029007483867,163.26040649414062,9861670,0.0,0.0
2017-12-08,164.10774008938435,166.3672721900868,163.94217323285648,165.78778076171875,7677140,0.0,0.0
2017-12-11,166.5425745950006,167.51650777976667,164.61419105025522,166.32830810546875,6161890,0.0,0.0
2017-12-12,166.05559878791743,167.12693117612653,164.6044330731688,165.49559020996094,10518280,0.0,0.0
2017-12-13,165.0573333032311,165.64168430054826,161.7703087873084,162.8221435546875,9323780,0.0,0.0
2017-12-14,163.13378210774115,165.4614814490459,158.4637750241606,164.1905059814453,12570720,0.0,0.0
2017-12-15,165.56862850963824,169.43514414077592,164.7894790503261,168.45147705078125,15072790,0.0,0.0
2017-12-18,168.10086287197672,172.67834557508468,161.01063092973223,171.10543823242188,16301700,0.0,0.0
2017-12-19,171.99660674357682,172.46896493364468,169.3718496716942,171.19309997558594,7074670,0.0,0.0
2017-12-20,171.89920773923328,173.8470741158818,170.43830795674688,172.4251251220703,9578930,0.0,0.0
2017-12-21,172.86824970936874,172.86824970936874,169.79063242769143,170.2483673095703,8963980,0.0,0.0
2017-12-22,171.02268166382996,174.17821582776835,170.43831577959747,173.59872436523438,6627160,0.0,0.0
2017-12-26,173.8178403729255,174.82099027027286,172.79520765261847,174.2853240966797,4942240,0.0,0.0
2017-12-27,175.03525785826508,175.07420864339366,171.6070091864004,172.4786834716797,4504130,0.0,0.0
2017-12-28,173.3601049019474,173.55488856446053,170.00003842521332,170.93988037109375,8863760,0.0,0.0
2017-12-29,170.36522973812342,171.98682161324558,170.25809651573135,171.09080505371094,4475070,0.0,0.0
2018-01-01,171.3635151881959,171.41221481233896,167.55543344020427,168.06675720214844,5353190,0.0,0.0
2018-01-02,169.4351651351594,169.4351651351594,166.54258225448757,167.96939086914062,5762080,0.0,0.0
2018-01-03,168.19824630123594,169.30366989988323,166.63996223096063,167.05874633789062,4161360,0.0,0.0
2018-01-04,168.00348046553052,171.24180545012157,166.93214797901487,170.827880859375,7301470,0.0,0.0
2018-01-05,171.9965724519235,177.35320391167036,171.32455630920734,176.7201385498047,9843270,0.0,0.0
2018-01-08,177.25580637283,179.4958552497492,177.25580637283,178.89688110351562,8250220,0.0,0.0
2018-01-09,179.49587150928878,179.49587150928878,176.28188933918415,177.20712280273438,5127210,0.0,0.0
2018-01-10,177.2558164501971,177.34834127953502,174.72358455649294,175.522216796875,4067910,0.0,0.0
2018-01-11,175.11318700793345,175.11318700793345,172.68321364230815,173.39419555664062,8184710,0.0,0.0
2018-01-12,173.65224053865586,174.42164099743002,170.55026660319047,172.39585876464844,6063160,0.0,0.0
2018-01-15,172.48358449757302,174.81128437033658,168.78263517583332,169.28421020507812,8470370,0.0,0.0
2018-01-16,170.029249275936,170.029249275936,164.0687832177744,164.33660888671875,10765810,0.0,0.0
2018-01-17,165.09138608443828,166.52794327872562,162.22803539847516,165.68548583984375,11995010,0.0,0.0
2018-01-18,166.7373401995693,167.24866398281202,161.0885253675699,161.74107360839844,9616920,0.0,0.0
2018-01-19,161.76054569685095,166.66430244275108,159.00431322886303,165.75367736816406,9745970,0.0,0.0
2018-01-22,166.93214632423687,168.10087806559267,163.42599568329373,166.1870880126953,9244980,0.0,0.0
2018-01-23,166.54257065640212,167.3217201579969,164.82845364172607,166.41595458984375,12454930,0.0,0.0
2018-01-24,167.02950443567835,170.13147856886062,165.28129653700847,169.3815460205078,14413130,0.0,0.0
2018-01-25,169.56177463462654,169.64942505523754,165.8997763224391,166.57179260253906,8808910,0.0,0.0
2018-01-29,166.63996223096063,169.0017381503979,166.54256297486344,167.05874633789062,6431370,0.0,0.0
2018-01-30,167.02953417599718,167.41424192892242,162.74423428732655,163.46493530273438,6801040,0.0,0.0
2018-01-31,161.42452993394156,164.5946867930925,160.2119880323297,163.41136169433594,13322250,0.0,0.0
2018-02-01,163.7960687010571,171.4122330053915,160.18765948738073,168.43687438964844,19398120,0.0,0.0
2018-02-02,166.35262484623445,166.83473180388134,157.79663443142218,158.64395141601562,16450450,0.0,0.0
2018-02-05,155.82929398566296,158.55143518165025,150.61874602360152,156.31138610839844,14721640,0.0,0.0
2018-02-06,149.01175674507067,163.98597739837433,147.18075785437,161.8822784423828,21094160,0.0,0.0
2018-02-07,163.62076704871035,164.3025172725386,157.83560183600736,159.88572692871094,14669830,0.0,0.0
2018-02-08,161.08852062836016,163.5233532549136,159.53509622373593,161.8822784423828,7507460,0.0,0.0
2018-02-09,158.65858629207813,161.18594412755357,157.5142118132241,159.66661071777344,7037200,0.0,0.0
2018-02-12,160.21197523431215,161.2833074568899,159.26725905468578,160.09510803222656,4721150,0.0,0.0
2018-02-14,161.08854315161486,165.27159926661912,160.849934276383,162.6419677734375,10660360,0.0,0.0
2018-02-15,163.50392212942597,166.72276445359952,156.0046240613035,163.33348083496094,11771160,0.0,0.0
2018-02-16,164.59468401166671,165.95332476563496,162.79777636123612,163.1581268310547,9476850,0.0,0.0
2018-02-19,163.13380658150095,163.13380658150095,158.12291624212997,159.98800659179688,6953100,0.0,0.0
2018-02-20,161.1713350371157,161.44890956376898,158.36154312530175,159.60330200195312,5839550,0.0,0.0
2018-02-21,161.47812380285137,161.47812380285137,154.59240910457797,155.4835662841797,16897440,0.0,0.0
2018-02-22,154.6605800821275,157.53367977033682,153.53568853447445,155.86338806152344,10506250,0.0,0.0
2018-02-23,156.49154898110046,159.53023007911915,156.0581565192032,159.08221435546875,7114740,0.0,0.0
2018-02-26,159.72504498516528,163.60129496456736,159.3841624203536,163.12893676757812,10366590,0.0,0.0
2018-02-27,163.23117041994848,163.61586324009588,160.7963380142872,161.3612060546875,6052440,0.0,0.0
2018-02-28,160.11461460406815,161.6339629027666,158.6537147815455,159.7493896484375,17563490,0.0,0.0
2018-03-01,159.23806387219673,162.25726246495407,158.556313665747,161.60958862304688,12383900,0.0,0.0
2018-03-05,161.67290254696252,161.67290254696252,157.87456921467296,159.42799377441406,7437790,0.0,0.0
2018-03-06,161.18593045960935,162.82700537987586,158.51734837574176,159.50588989257812,9441760,0.0,0.0
2018-03-07,159.82242822180388,160.56748645150734,156.41366235970236,157.61647033691406,6445770,0.0,0.0
2018-03-08,159.23320403097287,159.52051254210352,155.2644292068876,158.56118774414062,6631960,0.0,0.0
2018-03-09,159.23806713701225,162.3741330120189,157.43142533761937,161.10801696777344,8397180,0.0,0.0
2018-03-12,161.96506283174526,163.80579562957388,161.19078787070225,162.18418884277344,4861870,0.0,0.0
2018-03-13,162.20855193378947,165.4566103230269,162.0235022771118,163.68893432617188,8208020,0.0,0.0
2018-03-14,162.8415942673086,167.60412603232422,162.4763693931171,166.55227661132812,8486590,0.0,0.0
2018-03-15,167.03927278754173,169.4546377512719,166.93213954430337,168.12521362304688,7391870,0.0,0.0
2018-03-16,166.73734965716463,167.9693744778875,163.72302541695018,164.39016723632812,10176990,0.0,0.0
2018-03-19,165.46152956332548,165.46152956332548,158.458946681501,158.93130493164062,8489840,0.0,0.0
2018-03-20,158.4589112847752,161.9748103455211,157.3096773681465,161.40992736816406,13187580,0.0,0.0
2018-03-21,163.08509087263363,166.73733991364978,162.20855704720552,166.0117645263672,11310980,0.0,0.0
2018-03-22,166.34777331357066,167.51649003931146,164.6092991962225,165.1400909423828,11537160,0.0,0.0
2018-03-23,161.18591648074178,165.08164860112223,161.18591648074178,164.13693237304688,10884260,0.0,0.0
2018-03-26,165.46150983815062,170.24352539034425,164.20514255595955,169.62020874023438,12889840,0.0,0.0
2018-03-27,170.43831108457283,175.11319344652938,170.4188282593573,172.62478637695312,16702390,0.0,0.0
2018-03-28,173.06792689649822,174.626225962974,171.49015986594642,172.14756774902344,9869600,0.0,0.0
2018-04-02,172.28876154464734,177.7427929155119,172.28876154464734,177.11947631835938,6332030,0.0,0.0
2018-04-03,177.2558645783221,179.20373122203992,175.46383083275205,178.6437225341797,10494570,0.0,0.0
2018-04-04,179.20369707700428,182.08654569927467,178.88229735870436,180.19711303710938,17934410,0.0,0.0
2018-04-05,181.73592008098785,187.1996852965772,181.73592008098785,186.56661987304688,13859590,0.0,0.0
2018-04-06,186.8977581105664,189.2839061220388,185.90921659705694,188.7092742919922,16120010,0.0,0.0
2018-04-09,189.1962568122236,191.6456981993424,187.99344872385467,189.35696411132812,11317920,0.0,0.0
2018-04-10,189.9169395972814,190.15554843252514,186.37669840655727,187.58436584472656,10138110,0.0,0.0
2018-04-11,187.57953431213613,190.40393455809567,184.20971900820908,187.4480438232422,11889760,0.0,0.0
2018-04-12,187.3603920433641,189.14756593452648,186.12349276650886,187.90579223632812,5353540,0.0,0.0
2018-04-13,188.0664922278856,189.80495156019626,185.78747742286166,186.44488525390625,5928860,0.0,0.0
2018-04-16,186.4059283083503,189.91695294399304,184.8086786318783,189.26441955566406,7727230,0.0,0.0
2018-04-17,190.8811464988752,190.8811464988752,186.80036458432699,188.46092224121094,6962030,0.0,0.0
2018-04-18,189.52739805471506,189.97052456286875,187.1217819711122,187.6623077392578,4629050,0.0,0.0
2018-04-19,188.45605388243388,188.5047535093918,185.84104590012615,186.34262084960938,6325890,0.0,0.0
2018-04-20,185.80694864285553,185.80694864285553,180.19222512690828,183.13836669921875,12261960,0.0,0.0
2018-04-23,183.09942012824985,186.9708100886752,181.22947038686053,184.98397827148438,7621250,0.0,0.0
2018-04-24,185.82643353739732,188.2856086054402,184.91093406984444,186.7808837890625,7848950,0.0,0.0
2018-04-25,187.57466583124486,188.84078196337455,183.94189915656182,185.03269958496094,6776750,0.0,0.0
2018-04-26,185.9238275639029,186.50819338314867,182.76829375088815,184.27789306640625,10983390,0.0,0.0
2018-04-27,186.2160262241151,186.55203436944575,184.3168594424906,185.15931701660156,6415910,0.0,0.0
2018-04-30,187.47239211183742,187.47239211183742,184.54084390186165,185.79722595214844,6472100,0.0,0.0
2018-05-02,185.92379382656304,188.62646667385317,185.04726011778848,185.54396057128906,6870830,0.0,0.0
2018-05-03,185.53915280454444,185.7047196685953,181.4047961807398,182.54429626464844,4717500,0.0,0.0
2018-05-04,183.09942948363698,184.38988791603433,180.33832250549142,180.89834594726562,5621770,0.0,0.0
2018-05-07,181.63850181866542,185.24205089326244,180.76682763544233,184.6041259765625,4855190,0.0,0.0
2018-05-08,184.9012138094058,184.9012138094058,181.15156525092476,181.96966552734375,6697570,0.0,0.0
2018-05-09,182.62218286150377,182.62218286150377,179.69064969877695,180.0899658203125,6455530,0.0,0.0
2018-05-10,180.37240394930618,181.29277784578454,177.06103741244146,178.95046997070312,5887920,0.0,0.0
2018-05-11,179.690654292634,183.17246210143514,178.04470500020886,181.29763793945312,4832490,0.0,0.0
2018-05-14,181.4534784479219,183.48413555583952,179.49100379216887,181.58982849121094,6429710,0.0,0.0
2018-05-15,181.66286557914438,188.30997087716153,180.61589046858688,185.23721313476562,15703020,0.0,0.0
2018-05-16,184.31685359700361,187.8717037457395,182.40793803278166,186.99029541015625,9528360,0.0,0.0
2018-05-17,187.96907963028022,203.33774205054644,185.64138022308256,201.2632598876953,55812030,0.0,0.0
2018-05-18,201.59443358103127,211.5139406072616,201.18050900875448,209.36154174804688,83167340,0.0,0.0
2018-05-21,206.96080387428083,209.29823759715035,202.63166369052846,205.0567626953125,23768230,0.0,0.0
2018-05-22,205.59727259561498,212.11287221038359,205.49987334629594,209.32742309570312,19633730,0.0,0.0
2018-05-23,209.2008375363612,209.2008375363612,201.23405687223877,202.42225646972656,14438270,0.0,0.0
2018-05-24,204.0876751858208,205.48039232484592,201.40935927750567,204.01463317871094,8409320,0.0,0.0
2018-05-25,205.2076950938633,209.58065993276318,204.86682743562628,206.08424377441406,13421450,0.0,0.0
2018-05-28,206.9607924970705,208.2269085527901,203.18680157506512,204.03411865234375,8061900,0.0,0.0
2018-05-29,205.01292115479592,205.2077048060129,201.12206310741468,202.295654296875,7272590,0.0,0.0
2018-05-30,200.95160793567058,207.44773959409528,200.26498335228095,206.3423309326172,12515080,0.0,0.0
2018-05-31,208.66517476010202,208.90865804453622,204.62335818291058,205.4901580810547,13233970,0.0,0.0
2018-06-01,206.47382468434822,206.47382468434822,201.19510887432793,202.3248748779297,6045740,0.0,0.0
2018-06-04,203.571498734618,204.404207365893,200.1724668988452,200.9077911376953,5131520,0.0,0.0
2018-06-05,201.11718170467827,206.4299884574898,200.14324862136266,204.58438110351562,8168790,0.0,0.0
2018-06-06,206.6686044804849,211.625920479972,205.20770480480613,210.432861328125,18029770,0.0,0.0
2018-06-07,211.53827509624008,213.99259077083272,210.38416670277675,211.28993225097656,14894130,0.0,0.0
2018-06-08,210.84679777922614,216.20828978616248,209.10832350036694,212.9845733642578,30395950,0.0,0.0
2018-06-11,215.2392350032541,219.9628169194614,213.89520244543817,219.1641845703125,20595810,0.0,0.0
2018-06-12,219.6219283694915,221.76457835698574,217.77146130325576,220.2306365966797,16551670,0.0,0.0
2018-06-13,221.08282621736384,221.2386590888364,216.76830947338175,217.2893524169922,10953720,0.0,0.0
2018-06-14,217.6740624321704,219.32974584087808,213.97311343203273,218.47755432128906,13213410,0.0,0.0
2018-06-15,219.13496310688615,223.18165423671005,217.29423001122996,222.40737915039062,16375000,0.0,0.0
2018-06-18,221.27761103114463,223.61505953231148,217.59614487437352,218.4678192138672,11268770,0.0,0.0
2018-06-19,217.6740511003451,222.15414937165858,216.89977605760828,221.14125061035156,11515820,0.0,0.0
2018-06-20,221.5649194336243,224.20915925687763,220.22090177860517,220.86856079101562,11272730,0.0,0.0
2018-06-21,221.7645295908717,222.83586177955274,219.14464757940047,219.86048889160156,7170230,0.0,0.0
2018-06-22,220.7906185077233,228.09511635112642,219.1884944863127,227.515625,17142240,0.0,0.0
2018-06-25,228.09512995529664,233.6465456751757,227.31598049998877,232.8284454345703,23935350,0.0,0.0
2018-06-26,232.28304774869454,235.60902279500172,228.34349008487692,230.56405639648438,23379420,0.0,0.0
2018-06-27,231.77661402219732,231.77661402219732,226.20085548315618,227.46209716796875,10691260,0.0,0.0
2018-06-28,227.608172436986,228.67950483818484,219.50505641887978,221.5405731201172,17130030,0.0,0.0
2018-06-29,222.26126618984955,225.95246588243393,221.14123427424002,223.64910888671875,13784210,0.0,0.0
2018-07-02,224.00462537949565,225.43630830450002,222.1638923132101,223.96080017089844,8403760,0.0,0.0
2018-07-03,224.49158317808408,227.31598326931427,222.61675895807647,226.0596160888672,8106670,0.0,0.0
2018-07-04,227.21860752930692,228.3873243405044,224.64255017895914,227.06277465820312,9163790,0.0,0.0
2018-07-05,228.19446148602646,229.1700684438745,226.57496524980007,227.3310546875,6887850,0.4,0.0
2018-07-06,228.17495809550394,229.75543658986857,226.73104909201513,228.84812927246094,6906170,0.0,0.0
2018-07-09,230.14568342513817,230.5554514619109,227.99935102036247,229.077392578125,5516950,0.0,0.0
2018-07-10,230.24324213310055,232.38957446380482,229.26763517490943,230.8627471923828,7841340,0.0,0.0
2018-07-11,230.81886943647166,232.38959738957854,228.77985426547806,229.81399536132812,5948050,0.0,0.0
2018-07-12,231.70667217878574,236.97494424421794,230.2774114368626,235.60910034179688,13961500,0.0,0.0
2018-07-13,237.4480930119308,241.46272098464252,236.31151746122993,240.8383331298828,13904850,0.0,0.0
2018-07-16,241.4627436319103,243.84322720350835,239.99933306444422,241.19932556152344,11726440,0.0,0.0
2018-07-17,241.46273494188324,243.14566298853504,237.61884094115737,240.89199829101562,9446860,0.0,0.0
2018-07-18,241.77492575513202,246.1505087118714,241.10662247787738,242.80418395996094,14054780,0.0,0.0
2018-07-19,244.28225327331654,247.51151028802735,229.99936638669615,245.87249755859375,48898170,0.0,0.0
2018-07-20,245.95050766366566,267.80409646620285,242.61880173362135,265.4967956542969,73612740,0.0,0.0
2018-07-23,265.365127812713,272.8773142960891,265.0724575957152,268.8577880859375,35518880,0.0,0.0
2018-07-24,268.19438073858447,269.07242115726496,262.1700189198382,264.7163391113281,27788370,0.0,0.0
2018-07-25,266.0480502801512,271.0528893588587,262.63342565859597,263.9065856933594,18841050,0.0,0.0
2018-07-26,262.9260535542994,266.18457695321365,259.0041246240716,261.6236267089844,21859050,0.0,0.0
2018-07-27,261.950440338398,265.8040993215409,260.1992129350149,264.75042724609375,9587030,0.0,0.0
2018-07-30,264.93098767055386,265.61880737181025,260.09686743012077,261.267578125,8221620,0.0,0.0
2018-07-31,260.68219639270745,264.28218852285346,260.2968125816301,263.2090148925781,7111740,0.0,0.0
2018-08-01,264.8773028706003,270.4041249115499,263.6772955315219,265.6382751464844,15845410,0.0,0.0
2018-08-02,264.80899391761284,265.97485139758754,261.46266914095725,261.8382873535156,7811730,0.0,0.0
2018-08-03,263.4138883716568,264.2919287115965,259.5358446159971,261.5895080566406,7418520,0.0,0.0
2018-08-06,262.8187813164462,264.18950794641347,260.1407151195494,263.04803466796875,6229050,0.0,0.0
2018-08-07,263.90167465406336,268.7309408684575,261.65779062357035,268.0333557128906,11664830,0.0,0.0
2018-08-08,268.7992252915681,275.0870194438193,268.4870536845491,274.452880859375,21139340,0.0,0.0
2018-08-09,275.511431599363,277.6626618693842,273.1699805776164,276.1114501953125,11470830,0.0,0.0
2018-08-10,274.7309117109571,276.81869501555644,272.3162786549512,273.99432373046875,8775080,0.0,0.0
2018-08-13,273.9455958964776,273.9455958964776,268.70170797991915,269.30657958984375,8093650,0.0,0.0
2018-08-14,269.58942921158973,276.8284451777491,269.58942921158973,276.1162414550781,10516580,0.0,0.0
2018-08-16,276.29190968787884,283.70649894532875,275.3211557296593,278.69189453125,22297270,0.0,0.0
2018-08-17,279.60897869217683,281.46262608088443,277.2187295770252,278.1650695800781,6881330,0.0,0.0
2018-08-20,280.77486096903505,280.77486096903505,276.711449024516,277.04803466796875,6654800,0.0,0.0
2018-08-21,277.15536027820514,281.2675410119209,275.589529792837,280.17486572265625,9515490,0.0,0.0
2018-08-23,281.8528649132587,283.8040789725726,280.1260511891049,282.3260498046875,16759200,0.0,0.0
2018-08-24,282.14551715849404,287.1601209606183,282.0528333154284,284.5455017089844,13277100,0.0,0.0
2018-08-27,286.7699043863791,288.68208563936423,285.3699108187984,287.8772277832031,9760040,0.0,0.0
2018-08-28,290.92600710737184,290.92600710737184,285.443070987878,286.10650634765625,12337420,0.0,0.0
2018-08-29,285.8528491490139,292.0967279539503,285.8528491490139,291.2674560546875,14025830,0.0,0.0
2018-08-30,292.0870250197941,292.0870250197941,284.9699580992808,285.5357971191406,14529960,0.0,0.0
2018-08-31,286.34064971053385,288.2772152820238,277.1796858426462,278.69189453125,13572060,0.0,0.0
2018-09-03,280.97481572997685,280.97481572997685,264.90656726449225,265.7602233886719,25168400,0.0,0.0
2018-09-04,265.7553547957375,270.989506871246,261.80415814759135,267.93096923828125,26069920,0.0,0.0
2018-09-05,267.3309506384523,269.7358181789192,260.29192034798047,265.0626525878906,17284550,0.0,0.0
2018-09-06,266.24316770290216,266.4870694742997,260.62369113565575,261.8627014160156,11478790,0.0,0.0
2018-09-07,263.25777768307637,268.4285124186604,260.74072483440847,267.72607421875,12644360,0.0,0.0
2018-09-10,266.53585948390213,267.12119989869694,253.26759757387006,255.18466186523438,15701790,0.0,0.0
2018-09-11,255.7066010308916,260.370001306827,249.9749098974577,253.7310028076172,33576600,0.0,0.0
2018-09-12,255.40903114032693,257.26267836576415,245.4724619834907,253.0724334716797,26823400,0.0,0.0
2018-09-14,256.6333965873947,261.8041312923191,256.21877554242593,260.7016906738281,17951310,0.0,0.0
2018-09-17,259.51145358278086,259.51145358278086,252.51148549408904,254.10658264160156,14553200,0.0,0.0
2018-09-18,254.6334147285777,256.3358440978273,249.65781331373182,250.77001953125,14492900,0.0,0.0
2018-09-19,252.1944091377287,253.43341930761028,242.5846742469003,243.85784912109375,18945570,0.0,0.0
2018-09-21,246.82854768445281,249.46268335831476,207.28231810222974,232.1359100341797,57508800,0.0,0.0
2018-09-24,236.30664483605236,236.3359118549901,211.5701336340417,220.5652313232422,77981720,0.0,0.0
2018-09-25,218.0481737933083,227.35059050756092,212.74086910525565,224.3115692138672,55373960,0.0,0.0
2018-09-26,227.218869884006,229.65301953121568,223.91156266885105,225.90667724609375,27287560,0.0,0.0
2018-09-27,226.67253870750307,226.67253870750307,213.8676961602503,215.04330444335938,27962940,0.0,0.0
2018-09-28,217.75547540999588,219.31645253586356,206.5359951167428,211.5115966796875,38310960,0.0,0.0
2018-10-01,211.51160295924208,217.88719834882002,200.2140719856258,215.4628143310547,48217720,0.0,0.0
2018-10-03,214.63353819202013,227.31154628652004,211.3213482866778,217.77499389648438,55677010,0.0,0.0
2018-10-04,211.60915522892256,215.80426836340482,206.6872196332421,212.59939575195312,40027180,0.0,0.0
2018-10-05,210.73110737872136,216.0579280320014,191.53603709734801,197.39456176757812,34704410,0.0,0.0
2018-10-08,194.34090222116478,203.90185334579576,186.55556289802246,192.66773986816406,59666690,0.0,0.0
2018-10-09,192.68237578638272,206.42380645268693,190.01409013889034,201.05796813964844,48590160,0.0,0.0
2018-10-10,204.8774774912789,224.94572136062686,204.8774774912789,221.55548095703125,72359570,0.0,0.0
2018-10-11,204.87746355050788,217.56035415125362,200.97503567335536,210.9359893798828,54670860,0.0,0.0
2018-10-12,217.29206412635136,226.3408126426707,217.29206412635136,223.15545654296875,36655770,0.0,0.0
2018-10-15,226.31641914236263,226.31641914236263,220.59447924996377,224.9944610595703,24354130,0.0,0.0
2018-10-16,226.82863193521183,230.43837492847734,222.95058807975133,225.25302124023438,25284840,0.0,0.0
2018-10-17,228.29205726292452,231.1457109560276,208.08236012544162,209.80430603027344,38119850,0.0,0.0
2018-10-19,209.75549795797411,214.438414378073,200.3847972058152,208.82867431640625,42867900,0.0,0.0
2018-10-22,213.46283056681668,216.48233564892016,203.99944493527508,206.3750457763672,36819460,0.0,0.0
2018-10-23,204.38965783209406,210.27744940017985,194.882372783992,203.25308227539062,90647750,0.0,0.0
2018-10-24,212.19454946770466,228.19450034649827,210.7311387817205,225.5408477783203,103572950,0.0,0.0
2018-10-25,222.92619483833394,229.07252178712284,220.1749760103063,227.80422973632812,52011590,0.0,0.0
2018-10-26,227.3115504584773,231.8822669170111,222.29206311197288,228.18472290039062,37958310,0.0,0.0
2018-10-29,228.18471180669627,233.36518239442503,225.8530117623666,232.2383575439453,22011450,0.0,0.0
2018-10-30,233.6578568341096,236.4773602313419,229.30177551852015,229.8871307373047,22022300,0.0,0.0
2018-10-31,231.00419594272307,233.36516280682525,225.06275361405812,232.44322204589844,28088120,0.0,0.0
2018-11-01,233.31155849088313,237.5603231410351,231.4578961134799,235.9115447998047,25521340,0.0,0.0
2018-11-02,238.34080908800271,241.4529980089189,230.73107099949772,232.5164337158203,23671170,0.0,0.0
2018-11-05,233.17009345927363,235.0237409672875,227.57986902700785,230.1847381591797,16259990,0.0,0.0
2018-11-06,231.21885964757823,233.16032294218505,227.54569987775403,228.2676544189453,13686820,0.0,0.0
2018-11-07,230.24324942818527,230.68226959596512,228.6530052722422,229.11154174804688,1714670,0.0,0.0
2018-11-09,229.23348195926667,232.57005592041213,228.12129063888483,231.7407989501953,13278460,0.0,0.0
2018-11-12,231.7408059880711,232.68226314457684,221.46278295102283,222.20423889160156,14796780,0.0,0.0
2018-11-13,221.46278277841645,225.20424206840298,217.8627906676985,222.9261932373047,22977100,0.0,0.0
2018-11-14,224.29204886565654,225.85302605870797,220.97499093864948,223.79937744140625,14561460,0.0,0.0
2018-11-15,223.12131532911135,229.0725239145668,222.93594761941304,228.4188690185547,15771150,0.0,0.0
2018-11-16,228.4871480376845,235.82371657669063,228.29202962216124,234.35055541992188,19188730,0.0,0.0
2018-11-19,236.09688004476524,236.32126547325944,229.29689846577264,230.33592224121094,13577950,0.0,0.0
2018-11-20,230.7310320541,233.4578515556225,228.85298579262275,232.20419311523438,12377020,0.0,0.0
2018-11-21,233.07251364690538,237.56031194212866,230.40911062171088,237.12615966796875,15147250,0.0,0.0
2018-11-22,237.26759230025692,239.49197481505777,230.24322568053944,232.3407745361328,16042790,0.0,0.0
2018-11-26,234.14568721292994,235.30666196054713,228.97009906405344,233.61886596679688,13914340,0.0,0.0
2018-11-27,233.65787378770645,238.03835452602726,231.7066598103561,237.6042022705078,15949550,0.0,0.0
2018-11-28,238.62859521644867,238.92614820571566,233.77982723835626,235.3700714111328,13962600,0.0,0.0
2018-11-29,237.56027492728563,245.6187823849522,235.78954606086194,244.53585815429688,28612840,0.0,0.0
2018-11-30,247.60905522656705,250.18465706584777,244.58955042369638,247.5797882080078,27373410,0.0,0.0
2018-12-03,248.5846468447355,249.32121994839116,242.9992912584669,244.74563598632812,11155920,0.0,0.0
2018-12-04,244.7797736944244,248.68220142896496,243.41392994196735,248.15049743652344,13295870,0.0,0.0
2018-12-05,247.79443866778226,247.79443866778226,241.00420708588197,243.32615661621094,13270310,0.0,0.0
2018-12-06,242.04810657606888,243.31638378735116,235.90177939917555,237.30665588378906,13174720,0.0,0.0
2018-12-07,238.34078988984274,243.68222921145963,235.5749375317363,242.57003784179688,14787200,0.0,0.0
2018-12-10,235.16519241212995,238.42859908582548,232.42373906705302,233.71153259277344,13998940,0.0,0.0
2018-12-11,230.2432375757744,238.68223164245768,227.52130076639352,236.7554168701172,21892780,0.0,0.0
2018-12-12,238.53589285986334,245.35539061613017,237.49686910420374,243.31149291992188,16831970,0.0,0.0
2018-12-13,244.89686442063947,246.7261274792533,241.46272373702578,242.8383331298828,17131610,0.0,0.0
2018-12-14,242.75540555117087,245.07247214518335,240.41395473711705,242.57003784179688,12043790,0.0,0.0
2018-12-17,243.7651571349495,244.86759777030198,240.6090680042856,241.40419006347656,10196020,0.0,0.0
2018-12-18,240.94566896390864,247.6285830622225,238.69201911044738,247.043212890625,16531070,0.0,0.0
2018-12-19,248.85782845632488,256.49683284121545,248.79441162122768,253.35537719726562,29463140,0.0,0.0
2018-12-20,249.75538173467586,254.62365093717054,246.9846615413362,252.8188018798828,14670280,0.0,0.0
2018-12-21,255.12121997176308,255.98952445704842,247.09197886135328,252.8041534423828,30424640,0.0,0.0
2018-12-24,253.07243345520027,254.13095864515958,249.0724539462067,250.23341369628906,10500170,0.0,0.0
2018-12-26,249.75537058996375,251.99440156321666,244.26269888711164,250.47731018066406,16620680,0.0,0.0
2018-12-27,253.5456328275594,256.26755490054006,250.73099712618225,252.40415954589844,16263010,0.0,0.0
2018-12-28,253.95043475256188,257.93092711657914,252.28703828087816,257.0528869628906,19015810,0.0,0.0
2018-12-31,259.2138614912911,260.1260514872148,257.1309314007232,258.0626525878906,14533270,0.0,0.0
2019-01-01,258.0480705989433,259.90171808150495,254.83831499489366,259.20416259765625,9178720,0.0,0.0
2019-01-02,257.0821819048846,259.70656682893843,253.84315987452794,255.0285186767578,13049150,0.0,0.0
2019-01-03,254.8285912169747,258.3407530244283,251.24809999251158,252.31150817871094,12824780,0.0,0.0
2019-01-04,253.75539331005763,254.81880139516883,250.11148558744156,251.32125854492188,10510210,0.0,0.0
2019-01-07,253.7553791057008,254.14561593945913,248.3261239303619,249.13099670410156,10243280,0.0,0.0
2019-01-08,249.7553889317681,251.90173621466548,246.34564727236264,247.51637268066406,12333790,0.0,0.0
2019-01-09,248.38952579253893,249.73585320845598,244.87733495410305,246.27732849121094,10939920,0.0,0.0
2019-01-10,246.43834770321195,248.04321058810476,244.36029991525987,245.33102416992188,9108390,0.0,0.0
2019-01-11,245.46272637546488,246.82857021649676,242.7310238068198,245.287109375,8182180,0.0,0.0
2019-01-14,245.45785523570197,249.06271551946293,242.35541709716588,248.27247619628906,10215040,0.0,0.0
2019-01-15,248.87734493140886,254.9260903041091,248.87734493140886,254.0675811767578,14663030,0.0,0.0
2019-01-16,253.5017076869886,254.8431672504976,250.02854930804727,250.71633911132812,9525970,0.0,0.0
2019-01-17,251.12123508152823,252.34562662651004,246.54076797148304,247.4041748046875,9941830,0.0,0.0
2019-01-18,248.29198118780695,249.26758818658027,246.35051790107877,248.08709716796875,7537750,0.0,0.0
2019-01-21,248.584665536466,254.24318909008943,246.4968671606711,253.09197998046875,13321590,0.0,0.0
2019-01-22,252.19438075703707,257.07241520108033,251.2187738682284,255.79437255859375,14747130,0.0,0.0
2019-01-23,255.51144251330877,258.8285000363056,254.73096889842478,257.0090026855469,9925040,0.0,0.0
2019-01-24,257.46268427003946,258.87732634537434,253.96025867303285,257.1358642578125,7538560,0.0,0.0
2019-01-25,258.4382751151471,259.6090153644786,252.1943965894223,253.6138916015625,9169270,0.0,0.0
2019-01-28,254.6334537320136,254.6334537320136,229.75547262026515,239.85301208496094,23640470,0.0,0.0
2019-01-29,240.77980689227198,250.74076075991917,231.37982406372308,245.41880798339844,61188330,0.0,0.0
2019-01-30,251.70663193859002,255.9700302042309,248.38957375139682,253.21881103515625,38797070,0.0,0.0
2019-01-31,254.43827138338466,254.43827138338466,246.43831254866222,251.20413208007812,20834180,0.0,0.0
2019-02-01,251.21882017583022,262.2334323173072,251.21882017583022,256.4285583496094,21177680,0.0,0.0
2019-02-04,254.6334099041886,255.9553680187724,250.94561688270954,253.11634826660156,9421130,0.0,0.0
2019-02-05,253.65778324876024,257.7650797871885,253.06753038094047,254.0089874267578,10108170,0.0,0.0
2019-02-06,255.5114931701075,265.3651308206547,254.83832189021655,264.511474609375,17984610,0.0,0.0
2019-02-07,265.8529349487603,266.43830516383116,261.862705479557,263.08221435546875,17605800,0.0,0.0
2019-02-08,260.4870736977286,267.0675382676973,260.4870736977286,264.1114501953125,15107850,0.0,0.0
2019-02-11,265.82362819565236,265.82362819565236,257.0724326191701,259.23828125,11947020,0.0,0.0
2019-02-12,260.29195257869225,261.1846413780962,255.24808073441284,255.78465270996094,12003700,0.0,0.0
2019-02-14,251.7017060016115,255.80414982924796,249.4529391658369,254.5553741455078,12141260,0.0,0.0
2019-02-15,254.63343406958737,254.63343406958737,244.4871269425201,249.86270141601562,16406960,0.0,0.0
2019-02-18,248.58953598196794,249.85296015474515,245.11637742296818,248.72613525390625,11545200,0.0,0.0
2019-02-19,248.87734634252806,254.33586858194641,248.29197620038977,249.73587036132812,11483390,0.0,0.0
2019-02-20,252.1944131922033,255.101732813106,250.8285693268395,254.2578125,10381270,0.0,0.0
2019-02-21,254.63345040149233,259.51148584979677,252.97978923895738,258.9944152832031,11398230,0.0,0.0
2019-02-22,258.78463258194995,260.87729882227455,256.8187702387549,257.5992736816406,8256720,0.0,0.0
2019-02-25,257.4626681213003,260.97485909553603,254.99926652746066,259.29193115234375,10240400,0.0,0.0
2019-02-26,257.29683161278933,261.26752927123846,253.6578069713621,259.29193115234375,16189960,0.0,0.0
2019-02-27,260.487058676221,263.0870595646618,256.09682735021727,257.75537109375,11478390,0.0,0.0
2019-02-28,260.15537133840553,260.1944039556631,256.5846460750004,258.43829345703125,11368430,0.0,0.0
2019-03-01,259.83338000129436,260.9065535765912,257.56022895953157,259.5846252441406,7070940,0.0,0.0
2019-03-05,259.02365846765224,264.22851347551665,258.0090188512934,262.94073486328125,8473070,0.0,0.0
2019-03-06,264.8773322363316,270.6529394685288,263.4139215609928,269.9212341308594,15434240,0.0,0.0
2019-03-07,270.72603676968095,271.44312333598543,265.8528849811631,266.8089904785156,8598510,0.0,0.0
2019-03-08,265.84313973511377,271.1211771348604,265.03339903190744,270.0772705078125,11780870,0.0,0.0
2019-03-11,270.14558376592805,273.9455922463998,270.14558376592805,272.29681396484375,11690750,0.0,0.0
2019-03-12,274.0284984642073,274.79435353070267,267.85288949159155,268.5894775390625,13853350,0.0,0.0
2019-03-13,269.2674965540058,276.87236521810325,268.17970441961336,275.916259765625,15492960,0.0,0.0
2019-03-14,276.2919509258402,276.5846211553622,271.91145466954856,273.9602355957031,8960550,0.0,0.0
2019-03-15,275.00412299322073,282.8284809005402,274.6333875465031,279.0968017578125,20915620,0.0,0.0
2019-03-18,280.19427645231536,286.9356930374274,277.5601262621817,285.8088684082031,18199860,0.0,0.0
2019-03-19,285.8528939668516,289.06264981579903,283.9065624730025,284.965087890625,14805650,0.0,0.0
2019-03-20,285.34554621537114,286.2967392222977,278.8089674029669,279.86260986328125,14068620,0.0,0.0
2019-03-22,279.80405187248834,282.4869708941056,274.7309137682356,276.74554443359375,12508760,0.0,0.0
2019-03-25,273.5601764997422,279.2187145427947,273.26750633077427,278.0284729003906,10667570,0.0,0.0
2019-03-26,279.02358642152626,287.0235752841352,278.926019772341,286.2772216796875,15706370,0.0,0.0
2019-03-27,287.8040870397301,294.06261476048707,286.09677465898596,287.3406677246094,24196560,0.0,0.0
2019-03-28,286.8382004401129,292.6820763709074,286.8333176418011,292.2771911621094,13669450,0.0,0.0
2019-04-01,295.6284174410259,297.20892576385484,291.8040547384285,292.82354736328125,11090000,0.0,0.0
2019-04-02,295.10165017919195,300.1943204986086,292.5211503111747,298.0674743652344,11362380,0.0,0.0
2019-04-03,299.80407390944686,301.36505134898107,296.4040971850186,297.1699523925781,10527520,0.0,0.0
2019-04-04,298.5357183521141,299.02352181347374,294.3845061322377,296.5308532714844,7727760,0.0,0.0
2019-04-05,297.36500396444126,304.8771898311459,297.1796362511709,303.82354736328125,12444080,0.0,0.0
2019-04-08,304.682031713888,305.36496847277186,294.43815896959376,295.0332946777344,16421890,0.0,0.0
2019-04-09,294.29673888414055,297.47234454603955,290.677245121611,293.5308837890625,17333240,0.0,0.0
2019-04-10,293.76501114146987,296.29185948615407,291.3162578033617,292.5211181640625,9948990,0.0,0.0
2019-04-11,293.4625630780065,298.0479277214473,291.9016157529866,297.3503723144531,10167120,0.0,0.0
2019-04-12,297.7552789502411,298.73088598510674,292.80894413791333,293.5406494140625,10481380,0.0,0.0
2019-04-15,295.4723038825355,295.901573318461,292.8723328212495,294.8528137207031,6516340,0.0,0.0
2019-04-16,294.43820207626834,298.27236049235336,294.43820207626834,295.85284423828125,10214780,0.0,0.0
2019-04-18,296.4576929650277,297.16989679009606,292.19429515831035,294.09185791015625,6588260,0.0,0.0
2019-04-22,293.6576932149107,293.6576932149107,290.2430688752024,291.82843017578125,6621570,0.0,0.0
2019-04-23,291.9015821459954,298.38936175979376,291.4186317446066,296.1015625,9919680,0.0,0.0
2019-04-24,296.09674004909175,302.34061922234747,295.80406984298776,301.7601318359375,9905800,0.0,0.0
2019-04-25,302.41864897866367,303.84302676986454,299.7698797181093,300.5845031738281,12405640,0.0,0.0
2019-04-26,301.3650042870384,302.9259814828064,297.0723393285492,302.130859375,6138070,0.0,0.0
2019-04-30,301.6577062433826,304.38939402407675,296.58453776704914,302.0430603027344,9009680,0.0,0.0
2019-05-02,301.950391965869,307.21378145643376,298.53576717788667,305.5357360839844,8958300,0.0,0.0
2019-05-03,305.3747328269207,308.77959146447307,302.6625467689649,303.59423828125,7307280,0.0,0.0
2019-05-06,299.12112985602323,301.8528177084139,295.2187016250853,296.0284423828125,9664870,0.0,0.0
2019-05-07,297.8430310662929,299.4918090661265,293.4235331155309,294.345458984375,9702640,0.0,0.0
2019-05-08,293.8528208886382,294.3406243563995,282.92601130152195,285.0040588378906,11550230,0.0,0.0
2019-05-09,282.92602798535825,291.88209303602537,281.4626174957788,289.8869934082031,17452340,0.0,0.0
2019-05-10,289.76505312029764,292.29187175183966,282.926038321729,285.1553039550781,16300890,0.0,0.0
2019-05-13,285.8430441946024,288.57964406268974,283.51135928278967,286.0332946777344,13562290,0.0,0.0
2019-05-14,285.65286775578375,287.0187116159288,277.86263029445337,281.1553039550781,18617600,0.0,0.0
2019-05-15,284.974773621111,294.9503598543794,280.07720806274347,292.9503479003906,24536700,0.0,0.0
2019-05-16,294.04789521553676,305.26737386005215,293.68204265104174,303.4186096191406,36446720,0.0,0.0
2019-05-17,306.04793228381493,323.5112918845041,304.58937478803347,322.0576171875,58487160,0.0,0.0
2019-05-20,330.7307979860038,336.05272147287207,326.1454328303241,332.4429931640625,27248590,0.0,0.0
2019-05-21,333.4673444355676,340.29171065622387,329.2673634342103,334.95513916015625,28849970,0.0,0.0
2019-05-22,335.8039406059631,337.5161058779204,331.5161287951192,336.47711181640625,15668120,0.0,0.0
2019-05-23,340.97467400106484,343.21855837277855,327.3795917414164,329.5356750488281,24062050,0.0,0.0
2019-05-24,331.70642968808784,339.0234832841486,330.85765623465153,338.330810546875,15685230,0.0,0.0
2019-05-27,339.5112037738096,339.994124429265,335.6087761442256,336.48681640625,9320000,0.0,0.0
2019-05-28,338.3404855277796,338.3551339234578,330.41367889088235,332.6624755859375,16277680,0.0,0.0
2019-05-29,331.9990103466158,334.92583099535995,330.19416143175096,332.6087646484375,9212780,0.0,0.0
2019-05-30,332.574675906831,340.45756716245813,331.71125420678305,339.6722106933594,11751110,0.0,0.0
2019-05-31,341.213625500392,344.48679732049226,336.45754193225673,338.2526550292969,21728660,0.0,0.0
2019-06-03,337.55998243895334,344.37946504231775,337.55998243895334,342.54046630859375,12411330,0.0,0.0
2019-06-04,342.87710058503677,346.3404936118903,342.3941500985713,344.50146484375,10514000,0.0,0.0
2019-06-06,344.68196293621514,344.68196293621514,336.14054812180655,336.87225341796875,13149160,0.0,0.0
2019-06-07,336.89169731416706,343.31606038097874,333.6526752773492,342.3843688964844,12850440,0.0,0.0
2019-06-10,346.04293443480026,347.09657690199003,342.04782255088554,343.3746337890625,9832740,0.0,0.0
2019-06-11,345.0722034904224,347.7063244935566,342.56000358759934,346.5209655761719,9031550,0.0,0.0
2019-06-12,345.3599960584584,345.3599960584584,339.7063701523976,342.0331726074219,12144700,0.0,0.0
2019-06-13,341.95026487311077,346.43806317700546,341.46246135688665,345.8039245605469,8803180,0.0,0.0
2019-06-14,346.72581332393503,348.2721717408918,341.55999131514574,343.2575378417969,8646410,0.0,0.0
2019-06-17,344.29172750986186,344.3697927480854,337.1698078399529,338.1941833496094,9534600,0.0,0.0
2019-06-18,338.9258595217446,344.3892645744418,338.4429388294609,342.3697509765625,10835270,0.0,0.0
2019-06-19,345.2673318304323,346.1453722278947,341.47223585731,343.95025634765625,8739410,0.0,0.0
2019-06-20,343.31608969843035,350.14533854631736,342.18438203085816,349.5160827636719,11070050,0.0,0.0
2019-06-21,350.9356437174984,351.121011460032,346.34054232344056,347.8868713378906,10582660,0.0,0.0
2019-06-24,347.511234856425,349.2575499977242,344.68683345900615,345.8868408203125,5437030,0.0,0.0
2019-06-25,345.8868287680064,349.85267357562446,344.42341827879426,349.2526550292969,8278690,0.0,0.0
2019-06-26,348.2770992005013,354.6331939835131,347.60881069410516,353.9454040527344,9788060,0.0,0.0
2019-06-27,354.6331635380047,356.97461450906974,353.1795185573798,355.3356018066406,11351420,0.0,0.0
2019-06-28,356.335541479078,360.31603434931407,354.1160417109696,359.1306457519531,12000360,0.0,0.0
2019-07-01,359.8721401666593,362.5355579272073,359.5111703495529,360.87701416015625,9138840,0.0,0.0
2019-07-02,360.87701899789425,362.9257996278452,358.052647485258,362.0574951171875,7064780,0.0,0.0
2019-07-03,362.3404209973973,363.930665114716,360.48677371775705,362.4770202636719,6050400,0.0,0.0
2019-07-04,363.9013924518848,365.84284075551676,361.4770234715735,364.1452941894531,7436160,0.0,0.0
2019-07-05,364.29162701126046,367.0233443189292,361.60382511627176,362.8428649902344,7762800,0.0,0.0
2019-07-08,363.40873840564626,363.40873840564626,329.26737491686185,333.0039367675781,38571320,0.0,0.0
2019-07-09,332.6819673814002,353.65751664445037,325.5015145759571,351.52093505859375,51961250,0.0,0.0
2019-07-10,351.21361587077115,351.21361587077115,332.8771000923879,334.5404968261719,29095840,0.0,0.0
2019-07-11,338.1517266676341,344.5678160061854,329.0186969032066,337.27703857421875,27122410,0.6,0.0
2019-07-12,339.1290194654712,339.1290194654712,328.96492801716676,330.0888366699219,26966780,0.0,0.0
2019-07-15,332.14120006361526,336.197059790789,327.75302629848073,333.4703369140625,16180730,0.0,0.0
2019-07-16,335.552038841339,338.6305816431596,332.879090974191,337.0473327636719,16858560,0.0,0.0
2019-07-17,336.19707696346165,340.2773638598402,336.19707696346165,338.4742126464844,9155470,0.0,0.0
2019-07-18,338.1516911858666,344.01559334515906,336.5879779783188,338.89935302734375,13204640,0.0,0.0
2019-07-19,339.7154343177749,342.18315406211366,318.90834463862967,324.7722473144531,30339090,0.0,0.0
2019-07-22,324.07832832359924,324.07832832359924,309.2866257490404,317.2957458496094,36920230,0.0,0.0
2019-07-23,318.31216770286875,322.25561566148343,313.5379644806798,320.25701904296875,22236910,0.0,0.0
2019-07-24,319.9833794180217,321.9282308064396,306.38889565230187,310.1564636230469,27679890,0.0,0.0
2019-07-25,312.63398772595644,316.9830310132569,292.82375062211236,297.7396545410156,102905770,0.0,0.0
2019-07-26,297.7396481073383,320.36453297363613,292.60873333996545,319.054931640625,69450800,0.0,0.0
2019-07-29,319.8514414935452,322.51463650246137,310.7868315387355,317.8870544433594,34784730,0.0,0.0
2019-07-30,318.60537741153615,322.41690817010084,315.80048208184047,317.6231689453125,22849050,0.0,0.0
2019-07-31,315.9715031024494,319.3530417988346,308.84199144179814,317.8283996582031,24381300,0.0,0.0
2019-08-01,315.7711020075014,318.70305275998453,310.2003836476453,314.9012756347656,18925160,0.0,0.0
2019-08-02,311.66640092031537,321.29787117407795,304.9229192481662,316.44549560546875,33560190,0.0,0.0
2019-08-05,312.72190773188686,312.72190773188686,307.17072444542646,308.8370666503906,20133710,0.0,0.0
2019-08-06,308.8370831512861,321.24413041957183,308.1627319920372,319.8025817871094,20051390,0.0,0.0
2019-08-07,320.07132495989066,324.95791007378216,317.85282605530944,319.17218017578125,23989100,0.0,0.0
2019-08-08,321.53730594771093,328.3785252231942,318.70309249865204,325.9059143066406,15877420,0.0,0.0
2019-08-09,328.3736890270574,337.135334177636,326.4239459780773,334.2131652832031,21017570,0.0,0.0
2019-08-13,334.2131135474496,334.6333527218288,313.52818978569695,314.87689208984375,19006940,0.0,0.0
2019-08-14,319.57774528712554,325.43675552020727,317.1393443147577,321.5323791503906,27702370,0.0,0.0
2019-08-16,320.61865010908934,328.2710598157267,317.95545500773545,326.1502685546875,17581540,0.0,0.0
2019-08-19,328.85742310869284,330.23544380574873,323.5896994220639,325.2560119628906,14328420,0.0,0.0
2019-08-20,325.15336947977215,325.876574497088,316.18646833984525,321.93798828125,16887170,0.0,0.0
2019-08-21,321.52750783171285,324.6598254949991,317.2566373463675,318.7470397949219,15528010,0.0,0.0
2019-08-22,318.5076283292748,318.5076283292748,302.81680987031154,304.3463134765625,25061940,0.0,0.0
2019-08-23,304.72748825973116,312.74150115702133,292.99968196634285,310.23468017578125,31437870,0.0,0.0
2019-08-26,319.9735706998083,326.3065954161282,311.08487164556334,324.88458251953125,29500170,0.0,0.0
2019-08-27,327.5966604906025,332.0922946952955,326.4336509095063,328.1585998535156,22259370,0.0,0.0
2019-08-28,327.28391560184815,328.63750916560593,322.19696400993473,325.08984375,12509150,0.0,0.0
2019-08-29,324.83088416978217,325.4465987232066,320.1690922765492,322.44622802734375,15299260,0.0,0.0
2019-08-30,323.5066286040175,327.10803966949686,318.6053691157164,325.69091796875,21189530,0.0,0.0
2019-09-03,322.80781378447574,323.9806061895098,316.08389744837643,318.4587707519531,11997260,0.0,0.0
2019-09-04,319.28945908710017,320.00777272826593,313.523265229192,317.6524353027344,18793490,0.0,0.0
2019-09-05,321.14636179427737,323.0032580692429,316.9243453325356,321.8011474609375,15012260,0.0,0.0
2019-09-06,325.4465058412257,331.11493155036516,322.31908004114285,329.6489562988281,17008940,0.0,0.0
2019-09-09,329.74675438703383,337.1743696546405,327.61131909858227,335.93804931640625,18025510,0.0,0.0
2019-09-11,336.71994723890026,337.7607923259536,330.85115334040574,333.890625,13011120,0.0,0.0
2019-09-12,332.5321439701446,335.12202832548843,329.4145000285992,330.5628356933594,11640860,0.0,0.0
2019-09-13,331.2127215755912,335.8061233535942,329.6001545089638,334.9607238769531,13283630,0.0,0.0
2019-09-16,331.79915509286536,337.1695077795288,330.55797311432764,334.13006591796875,11797670,0.0,0.0
2019-09-17,334.72625152994016,335.61072240791475,327.79218476381493,329.19952392578125,13618720,0.0,0.0
2019-09-18,332.9719586080305,338.59153211374775,331.1639159498163,333.64141845703125,18536680,0.0,0.0
2019-09-19,334.82881888791957,334.86791992003566,326.45320482163737,328.578857421875,12376920,0.0,0.0
2019-09-20,330.8511463419427,366.4939010593116,320.8190021327945,361.82232666015625,56480860,0.0,0.0
2019-09-23,373.335149029687,397.76807763110634,367.85241416769765,393.24798583984375,40110020,0.0,0.0
2019-09-24,393.37011035088807,393.37011035088807,383.7924152463974,387.1885681152344,21896040,0.0,0.0
2019-09-25,387.01751890200995,390.8192962195119,380.1763001335401,384.17352294921875,24147290,0.0,0.0
2019-09-26,386.5289057722451,392.3928082618367,385.5613714055746,391.0050048828125,23881650,0.0,0.0
2019-09-27,391.5132268294846,399.23402576912963,389.9495135419406,396.53662109375,20244780,0.0,0.0
2019-09-30,397.36732815491666,401.8483183920779,393.95650125998276,395.4273681640625,22563610,0.0,0.0
2019-10-01,398.74538964719954,399.6347518158961,385.67866437125815,390.18408203125,16155060,0.0,0.0
2019-10-03,389.4608445873225,391.4105873308293,384.2664020783796,386.9980163574219,12458400,0.0,0.0
2019-10-04,388.87444196571573,391.3177345513578,380.4011199809046,381.5396728515625,14782660,0.0,0.0
2019-10-07,379.1990185933563,386.8465365041482,373.28137096385575,381.2416076660156,14061520,0.0,0.0
2019-10-09,382.6196369561874,394.3474419203617,379.2039185324277,393.26263427734375,13566000,0.0,0.0
2019-10-10,392.26087423337145,392.39282158798045,384.183363788819,385.9327697753906,11027880,0.0,0.0
2019-10-11,388.8744479529425,392.39279529550635,383.5969418517715,388.3076171875,16238660,0.0,0.0
2019-10-14,389.75405688525973,391.5425639232946,376.5651670769152,379.52154541015625,17683520,0.0,0.0
2019-10-15,380.6649845006939,382.71735623585727,375.5829239969892,379.145263671875,13948940,0.0,0.0
2019-10-16,382.130994594611,394.05427540980094,381.1536774728857,392.5296630859375,23817690,0.0,0.0
2019-10-17,392.88637929701184,402.38101167650234,391.02459134941813,401.3645935058594,21035930,0.0,0.0
2019-10-18,400.69996486272714,410.3753970736113,398.745330887787,404.37957763671875,18362130,0.0,0.0
2019-10-22,407.0525592772823,412.41312908508996,390.9366103520488,394.2643737792969,50347550,0.0,0.0
2019-10-23,399.7177640164871,401.6772893851785,387.79937597263165,394.6748046875,24422490,0.0,0.0
2019-10-24,396.98618590508715,398.74534461294604,392.1533460776138,393.48248291015625,12675570,0.0,0.0
2019-10-25,394.6210862575932,397.16700796804344,381.15365819440495,389.6807556152344,17580980,0.0,0.0
2019-10-27,392.3928159940973,392.3928159940973,386.5289133889551,388.8647155761719,2146910,0.0,0.0
2019-10-29,389.94947108017936,396.79068987105967,387.25695805542733,395.54461669921875,13355150,0.0,0.0
2019-10-30,398.25181746405065,398.25181746405065,389.460855129728,390.1449890136719,13385540,0.0,0.0
2019-10-31,391.3373271656274,395.8134263703151,390.438182308496,393.6193542480469,12512200,0.0,0.0
2019-11-01,393.7609950079299,401.67726830454876,392.97915337445875,397.7533264160156,18756120,0.0,0.0
2019-11-04,399.4294587153608,408.2741653891032,398.369048325618,401.970458984375,18631580,0.0,0.0
2019-11-05,407.73667807347863,415.84839751675645,404.12059312145425,413.1900939941406,29346520,0.0,0.0
2019-11-06,416.3370534104066,418.29168746397664,408.1911243432514,409.3150329589844,20766950,0.0,0.0
2019-11-07,410.93252609450184,414.3042820513508,409.31995882940714,412.9995422363281,11416030,0.0,0.0
2019-11-08,412.4278101491113,414.3824443204341,405.391115202209,406.5101623535156,15096930,0.0,0.0
2019-11-11,406.56386306768036,409.3003386774201,404.89265938549454,407.4483337402344,7693020,0.0,0.0
2019-11-13,407.2382436750007,408.0298680989372,403.82741671692025,405.0539245605469,8990150,0.0,0.0
2019-11-14,406.36840570454257,412.52552083664085,402.6937139840807,411.50421142578125,13836290,0.0,0.0
2019-11-15,412.44732475975206,415.09098404409775,408.0836077734332,409.26129150390625,11931710,0.0,0.0
2019-11-18,410.37543206637463,411.406494417991,405.11259992132227,406.0654602050781,9273640,0.0,0.0
2019-11-19,407.0525798504224,408.7286751295878,403.2654760162798,404.1939392089844,8295350,0.0,0.0
2019-11-20,404.6092600500502,408.7140036038861,403.37783101882945,404.4675598144531,8138790,0.0,0.0
2019-11-21,404.6092448877977,406.5638789210721,401.8727691713529,403.0113220214844,7028530,0.0,0.0
2019-11-22,403.63193530749135,404.9806375873543,394.93381966423993,398.5791931152344,12226150,0.0,0.0
2019-11-25,400.6999958663446,405.5035175825232,397.0155212756263,404.7754211425781,13893040,0.0,0.0
2019-11-26,405.0978883534745,407.9272102744515,399.4294617976058,400.5386962890625,15027270,0.0,0.0
2019-11-27,402.7523810320301,403.13351919010347,400.21135061858797,402.4933776855469,4850640,0.0,0.0
2019-11-28,402.65465747857195,404.51644541783133,397.27941326465896,400.9003601074219,9697080,0.0,0.0
2019-11-29,400.21130351071986,404.1205714326805,397.0203492532528,398.1784973144531,8319830,0.0,0.0
2019-12-02,398.25669929357923,398.48635448497953,383.11806767926765,386.084228515625,20654040,0.0,0.0
2019-12-03,385.05799731007227,390.43813203672653,379.8342368786697,387.4621887207031,19843820,0.0,0.0
2019-12-04,386.82207220289877,391.3275192629982,384.57425494277567,390.0325622558594,14308300,0.0,0.0
2019-12-05,390.0325622558594,394.249687666228,387.79938924214343,390.0325622558594,12553040,0.0,0.0
2019-12-06,391.9041133414479,393.643736392194,383.83146545269733,386.20147705078125,11713550,0.0,0.0
2019-12-09,387.9557920846582,388.1365933641899,379.2234660827039,385.53692626953125,12689420,0.0,0.0
2019-12-10,386.04022126268075,390.43814783402775,385.6004166754067,389.6416320800781,11594800,0.0,0.0
2019-12-11,391.0733876474368,396.3020395098621,389.3679742716633,394.5233154296875,13659810,0.0,0.0
2019-12-12,395.8133984140322,397.2793739637138,391.90902163876933,396.5121765136719,10870560,0.0,0.0
2019-12-13,397.76803418370395,399.6493575503792,394.94357362972096,397.9586181640625,8616560,0.0,0.0
2019-12-16,399.5223423589698,399.5223423589698,394.0102598010426,394.7823486328125,8260690,0.0,0.0
2019-12-17,396.4926755432395,406.07526273193395,395.51535842475107,404.1939392089844,13794840,0.0,0.0
2019-12-18,404.6532187731145,406.45147842245603,400.802587517614,402.591064453125,11097750,0.0,0.0
2019-12-19,401.9753802649165,405.0979153835563,399.26333142856447,399.9034729003906,7361040,0.0,0.0
2019-12-20,401.3840567253617,405.0978489593872,398.8430268584969,404.1791687011719,10542340,0.0,0.0
2019-12-23,404.4724309487949,408.9094588270348,403.63195257920484,406.56390380859375,11378790,0.0,0.0
2019-12-24,406.36837626848325,408.58690483532655,403.20677024837596,404.56036376953125,7519790,0.0,0.0
2019-12-26,405.5816731823955,410.1261913742149,403.94957045620254,409.21240234375,12650200,0.0,0.0
2019-12-27,410.277740295823,416.33711874287945,409.6913738480171,415.6188049316406,11266480,0.0,0.0
2019-12-30,417.7883288539493,418.44314434425854,413.40507657802954,414.70489501953125,8319100,0.0,0.0
2019-12-31,415.0665124181241,416.9625096497997,412.2909060885001,413.8692932128906,7796080,0.0,0.0
2020-01-01,414.1674156407626,415.55521896615323,412.52553016521404,413.53216552734375,4070420,0.0,0.0
2020-01-02,414.38240632791695,419.83096051107054,413.89374782988875,414.97369384765625,8638440,0.0,0.0
2020-01-03,412.427783313079,413.8742232428665,407.8343813792157,409.8330078125,11768500,0.0,0.0
2020-01-06,406.9548356412446,410.86410405244834,389.3435921858979,390.6043395996094,28667350,0.0,0.0
2020-01-07,396.3021125139999,399.91819797386194,390.55548278119784,391.6745300292969,21490420,0.0,0.0
2020-01-08,386.0402233432066,396.82492025033014,386.0402233432066,395.8085021972656,16305760,0.0,0.0
2020-01-09,401.2765871653904,405.391083422379,398.74533969100156,403.0650939941406,14193880,0.0,0.0
2020-01-10,403.64173313333896,409.0951492676554,402.459158002897,405.083251953125,11066240,0.0,0.0
2020-01-13,407.3457297301602,408.7384244052783,405.1956501405984,407.0036926269531,6451520,0.0,0.0
2020-01-14,407.54121467097127,410.7077124063173,405.6305729387733,409.7890319824219,7034340,0.0,0.0
2020-01-15,409.4909325094532,412.42777487272343,407.54608121944915,411.18170166015625,6169760,0.0,0.0
2020-01-16,409.4958314517082,413.4002081752362,409.3003561175346,412.45220947265625,5787280,0.0,0.0
2020-01-17,412.13462253181757,414.57791521975736,410.66864691905374,413.5761413574219,6711290,0.0,0.0
2020-01-20,413.30738518846294,415.6480786720825,403.1579676424856,405.8406982421875,8486390,0.0,0.0
2020-01-21,405.58167648360546,409.11466800634815,402.3662951007095,404.472412109375,8979220,0.0,0.0
2020-01-22,409.1049333434456,409.15378726702966,402.98202755564466,404.82427978515625,7979010,0.0,0.0
2020-01-23,402.9477879793392,406.9401494066099,399.2339953020177,403.221435546875,11545220,0.0,0.0
2020-01-24,402.65464463047067,411.0253679661589,401.775065206785,409.9356689453125,8648920,0.0,0.0
2020-01-27,407.9321516119967,411.2550237872284,405.97751741181906,406.9890441894531,7821550,0.0,0.0
2020-01-28,405.60121100113,415.2619688344947,405.60121100113,411.7436218261719,10527640,0.0,0.0
2020-01-29,414.86128086189825,434.319665773795,411.94889531064774,431.8763732910156,45814130,0.0,0.0
2020-01-30,436.2743395638736,438.32671140172766,424.6295981774319,426.5304870605469,35777740,0.0,0.0
2020-01-31,427.0875627115301,431.9839308121291,423.54967966432815,426.6868591308594,17369270,0.0,0.0
2020-02-03,415.37923853751977,427.7618573928959,415.37923853751977,426.0466613769531,10941810,0.0,0.0
2020-02-04,428.8418629716012,444.6792731937314,427.78634381874724,441.67401123046875,19583230,0.0,0.0
2020-02-05,441.25860998438736,443.69701104159225,437.60834543390564,442.5486755371094,12856310,0.0,0.0
2020-02-06,442.548686874167,457.1742320605314,442.23593827906853,456.0503234863281,18464770,0.0,0.0
2020-02-07,455.815788065723,458.0587438839157,452.1166393447545,454.8726806640625,9503260,0.0,0.0
2020-02-10,455.42980009992095,462.66194117506365,453.47516576472816,461.4647216796875,11608790,0.0,0.0
2020-02-11,462.9551065957726,467.6462165875136,462.8573689239967,464.1620788574219,11674290,0.0,0.0
2020-02-12,466.18024813139266,467.3725761644912,461.48913806775784,466.0531921386719,8829640,0.0,0.0
2020-02-13,465.78929181231734,469.170800307698,462.7596031235245,468.65771484375,6810390,0.0,0.0
2020-02-14,469.11219836467774,470.57817398456734,465.98477177877305,467.3285827636719,7311180,0.0,0.0
2020-02-17,467.3285811054901,468.9167213547355,464.23050267531227,466.8301696777344,7164840,0.0,0.0
2020-02-18,466.12160205619693,466.370822679127,459.49539356714666,465.0074462890625,7286110,0.0,0.0
2020-02-19,467.64618477247245,477.61483010841977,467.16730898630476,476.7401123046875,11720490,0.0,0.0
2020-02-20,475.74822416663795,481.17232242318164,474.36531204722235,476.9747619628906,16346430,0.0,0.0
2020-02-24,473.0214688065362,476.539816275126,464.3428883257982,469.49822998046875,12633890,0.0,0.0
2020-02-25,473.9889789900511,473.9889789900511,467.5484633121184,471.6483154296875,9593090,0.0,0.0
2020-02-26,470.57810549032166,472.8014955584622,465.91142307799464,470.0894470214844,8513460,0.0,0.0
2020-02-27,470.57809776203794,470.57809776203794,460.52149828742847,465.1833190917969,11748700,0.0,0.0
2020-02-28,453.4750610184152,453.4750610184152,421.39462047204944,436.455078125,49414100,0.0,0.0
2020-03-02,449.56586275078723,451.3201600557625,420.7985365062296,426.1835632324219,22382160,0.0,0.0
2020-03-03,431.0078707410213,438.3496932107334,423.1762666000125,436.30731201171875,20235030,1.0,0.0
2020-03-04,437.47298423913577,440.4900261083049,413.86550227272795,419.8800354003906,24729910,0.0,0.0
2020-03-05,422.19177923107856,427.82917076462417,418.5820908883294,424.219482421875,18332950,0.0,0.0
2020-03-06,404.0699029736197,415.13895744903294,395.4007608946779,413.94879150390625,33122380,0.0,0.0
2020-03-09,398.68231320336207,404.31480288621054,386.45247821498117,394.4505920410156,35456270,0.0,0.0
2020-03-11,393.1967468234246,403.4723873229156,390.3560189130014,394.8277282714844,27936830,0.0,0.0
2020-03-12,378.1114380506276,379.0860987620606,355.3953624767476,365.80322265625,52726190,0.0,0.0
2020-03-13,336.9698106413081,396.0864679927716,321.39966111199794,387.1773376464844,48499170,0.0,0.0
2020-03-16,375.51074193666614,375.51074193666614,352.6428326096013,359.7201843261719,31404670,0.0,0.0
2020-03-17,362.6441598286682,365.83754609531564,333.2474823697232,337.44488525390625,25585480,0.0,0.0
2020-03-18,341.8675696550602,345.78582260239614,295.7203599168821,299.87860107421875,54435800,0.0,0.0
2020-03-19,274.27775542817517,299.0656004004598,243.39212223589428,268.9978942871094,83247130,0.0,0.0
2020-03-20,274.2630111546458,298.17905705435254,256.8072161892179,289.15728759765625,61101890,0.0,0.0
2020-03-23,260.2454757176762,264.48209907711987,217.95284090614507,221.98374938964844,48442350,0.0,0.0
2020-03-24,242.1480660263192,251.61553957521426,206.16380444424988,242.3635711669922,62572210,0.0,0.0
2020-03-25,239.99301769939288,264.48210113810643,235.09520101165018,253.27589416503906,62263550,0.0,0.0
2020-03-26,258.34025844499416,287.6487777476392,251.2629071148657,273.6606140136719,50961240,0.0,0.0
2020-03-27,289.46099582641534,297.7872850464645,244.89085941321093,249.03440856933594,71706090,0.0,0.0
2020-03-30,234.12053673634023,236.50577103571888,218.05080162242007,219.62789916992188,76983550,0.0,0.0
2020-03-31,225.79914462715135,229.2178261328556,205.70830550384477,217.05165100097656,110431110,0.0,0.0
2020-04-01,213.54481925139632,224.0163542933554,208.9065859968423,217.39939880371094,64083010,0.0,0.0
2020-04-03,222.24332958572077,229.5802492455728,213.8435622059855,216.2386016845703,61726720,0.0,0.0
2020-04-07,219.9119774397319,223.92819325148733,203.89611029774613,220.72991943359375,111614780,0.0,0.0
2020-04-08,213.9366404481387,232.54834503656116,210.03307970368888,228.5223388671875,91093390,0.0,0.0
2020-04-09,234.21359623013674,251.37063226729322,231.872440488823,249.96986389160156,71932460,0.0,0.0
2020-04-13,246.84998748169536,246.84998748169536,221.9641794235925,224.0555419921875,81831990,0.0,0.0
2020-04-15,229.70761283862353,231.9606116042561,212.40851994333784,213.78480529785156,93336280,0.0,0.0
2020-04-16,210.11634826660156,220.40176391601562,207.86334946829203,217.46307373046875,72467400,0.0,0.0
2020-04-17,230.68715195629025,232.7344356199296,218.95198807164266,226.097900390625,101915460,0.0,0.0
2020-04-20,227.74846805589902,229.75657581739475,221.8710882351016,226.10769653320312,54031770,0.0,0.0
2020-04-21,216.48348664428153,216.48348664428153,204.23894554449186,205.68380737304688,73839850,0.0,0.0
2020-04-22,201.7851608933687,212.56526105865348,198.10200783380796,210.43470764160156,90627230,0.0,0.0
2020-04-23,211.58568521934671,217.374908249422,206.88377811397112,212.80523681640625,71440060,0.0,0.0
2020-04-24,207.0307417894389,207.0307417894389,192.97890285910083,193.5862274169922,104944510,0.0,0.0
2020-04-27,195.9126705019735,204.2389589983074,187.65005601506488,200.22764587402344,144952470,0.0,0.0
2020-04-28,203.8471322230209,219.82380752994027,199.34113498655947,218.25650024414062,147563440,0.0,0.0
2020-04-29,215.50882335961657,232.64627809341053,215.50882335961657,224.95181274414062,150601540,0.0,0.0
2020-04-30,231.67164333021066,236.95148938153383,224.43267050738424,227.0725860595703,88833050,0.0,0.0
2020-05-04,215.503938090543,215.71944322438958,198.70932018465882,203.7148895263672,73127450,0.0,0.0
2020-05-05,208.64699361048926,209.13677528563124,195.61879806232213,196.1428680419922,115212090,0.0,0.0
2020-05-06,196.89222908359608,208.8331084528645,191.24504709109132,206.32052612304688,131496960,0.0,0.0
2020-05-07,205.60546799370124,212.5505690463845,200.6488794856147,201.84393310546875,77702040,0.0,0.0
2020-05-08,208.64700554499808,208.64700554499808,197.3820263723808,198.2783203125,69663750,0.0,0.0
2020-05-11,202.7696286004547,204.99324175624383,195.45228863346478,197.38693237304688,76549900,0.0,0.0
2020-05-12,194.9037273187409,203.74918346273728,193.66948283828242,202.740234375,103365270,0.0,0.0
2020-05-13,217.46305216598833,219.41727616256418,210.1163274306509,211.6885223388672,94411850,0.0,0.0
2020-05-14,211.48771849863704,221.27846421676327,205.39483334619024,206.88377380371094,143075310,0.0,0.0
2020-05-15,207.66250941223154,209.29349061742536,201.3982130994405,204.3809814453125,80267260,0.0,0.0
2020-05-18,204.72875223862084,205.06670281008184,188.6639183288206,189.89816284179688,108205710,0.0,0.0
2020-05-19,191.99442997303203,196.26042447427616,188.29168144787968,192.47930908203125,94135140,0.0,0.0
2020-05-20,192.97398902305355,201.79005958755855,189.54551713685717,200.10520935058594,163185080,0.0,0.0
2020-05-21,201.69211486021467,203.5092158801863,193.4148064310063,194.95272827148438,98795420,0.0,0.0
2020-05-22,193.46376808443867,196.59836791970773,182.7130539804597,185.65664672851562,161950940,0.0,0.0
2020-05-26,187.88026312130162,189.4230724870092,178.43236994255628,179.16213989257812,98692950,0.0,0.0
2020-05-27,179.26007549296457,190.62301521883924,174.65613118827278,189.68753051757812,173352460,0.0,0.0
2020-05-28,191.40666550491218,194.24740808261495,188.7618475474958,190.78955078125,90517750,0.0,0.0
2020-05-29,187.4884108772824,193.9535346786852,185.2354272299889,191.3723907470703,103618470,0.0,0.0
2020-06-01,195.62369344387037,218.08997566214867,195.62369344387037,211.6689453125,189159830,0.0,0.0
2020-06-02,212.09994943403822,232.64629678117717,211.66895411333476,229.8251495361328,234424700,0.0,0.0
2020-06-03,236.76046671989883,244.58228093229351,234.89930227067904,236.26089477539062,187051760,0.0,0.0
2020-06-04,236.4666053712968,240.35058572022226,223.02699395299277,226.57791137695312,163153500,0.0,0.0
2020-06-05,229.60963212936136,235.97679359567073,222.85065132082823,234.14991760253906,158500390,0.0,0.0
2020-06-08,245.3806207084752,249.56336042426085,242.4957994501606,245.6010284423828,149925030,0.0,0.0
2020-06-09,248.31932850088393,248.31932850088393,236.59395309544107,239.36611938476562,123730770,0.0,0.0
2020-06-10,239.0134642453244,241.95215437948823,235.19317304969184,238.5873565673828,89614430,0.0,0.0
2020-06-11,236.07477309001732,240.8746276429427,227.2684929784957,229.11007690429688,100427670,0.0,0.0
2020-06-12,215.50394359501095,241.95215485439866,215.40598127823282,240.00772094726562,168024570,0.0,0.0
2020-06-15,237.0543234046944,238.02898412492522,228.33621583677285,230.3345184326172,120703460,0.0,0.0
2020-06-16,240.1889151424646,240.5219630729978,223.83021122809444,231.66671752929688,129143510,0.0,0.0
2020-06-17,229.903515021139,237.5441121327367,228.4390725974067,234.70338439941406,96502790,0.0,0.0
2020-06-18,232.64630499238072,248.9756249007381,232.45039530388263,247.4328155517578,127382680,0.0,0.0
2020-06-19,250.96413169286464,265.90734485896803,250.76820707352852,264.3449401855469,186038260,0.0,0.0
2020-06-22,268.4003532788695,280.50774172734043,267.22486532154784,278.2253723144531,139393260,0.0,0.0
2020-06-23,284.0684715258324,304.57072545629575,277.5102876624298,296.36688232421875,161869530,0.0,0.0
2020-06-24,306.1135720411173,306.1135720411173,285.15092060652233,287.447998046875,201088070,0.0,0.0
2020-06-25,281.92327301193006,298.3750555602619,279.2735668313096,294.39312744140625,159821300,0.0,0.0
2020-06-26,298.03218603288207,299.62887927353574,281.33551351742597,284.416259765625,125724990,0.0,0.0
2020-06-29,277.608272138805,283.5297462703188,271.3390721191646,279.954345703125,116139990,0.0,0.0
2020-06-30,285.05293662422986,287.66348133852074,275.8450470556982,277.31439208984375,97030570,0.0,0.0
2020-07-01,277.3144279125079,290.8030063065743,274.8655192059225,289.353271484375,127048960,0.0,0.0
2020-07-02,291.9098590441473,295.4362928503061,286.52226097454053,290.3670349121094,116197340,0.0,0.0
2020-07-03,291.9098538935132,292.8355483564024,286.13043659050857,287.1589660644531,85435970,0.0,0.0
2020-07-06,290.93029853196,307.0588045922635,289.4609535898794,304.5266418457031,114375830,0.0,0.0
2020-07-07,308.56243860203375,334.97635932239706,306.14291606231893,328.3447265625,228764010,0.0,0.0
2020-07-08,328.3447406126817,333.91355580375847,311.5109470223488,314.2488098144531,191261830,0.0,0.0
2020-07-09,316.88872869451484,331.0825913967313,312.9802806794464,326.194580078125,187577860,0.0,0.0
2020-07-10,320.8069692214604,332.5617283990406,320.51798490502955,324.6419677734375,161504130,0.0,0.0
2020-07-13,329.13331264611446,330.896514863443,315.0471857325806,316.8495788574219,131364670,0.0,0.0
2020-07-14,315.3998107504232,315.3998107504232,305.8539410191075,312.5737609863281,124044220,0.0,0.0
2020-07-15,316.39896934549495,323.0306026161021,305.8441799846539,308.4889831542969,109802620,0.0,0.0
2020-07-16,311.5011227455459,314.92959422230507,303.88992682894417,313.9304504394531,99999250,0.0,0.0
2020-07-17,314.4398516320475,325.5089061026551,313.9500699316861,323.3832702636719,84256260,0.0,0.0
2020-07-20,327.6590168791808,338.33625072795604,324.8721581321043,337.11669921875,105554950,0.0,0.0
2020-07-21,342.84716879698203,344.7573292664112,315.28714467635353,322.5163269042969,259600480,0.0,0.0
2020-07-22,325.2150334492557,327.17416015678134,312.83333830862114,318.6519470214844,170696590,0.0,0.0
2020-07-23,318.65192053398175,325.2150064162056,315.03245696205596,323.0403747558594,87180350,0.0,0.0
2020-07-24,317.8682776818559,322.2763123492468,315.41936953330537,318.5392761230469,66376830,0.0,0.0
2020-07-27,319.6314717155867,321.2967411731284,308.7779242219557,310.6341857910156,70898670,0.0,0.0
2020-07-28,311.01135427078896,319.3376424953613,309.6595521054226,317.3393249511719,82116970,0.0,0.0
2020-07-29,317.86829962933814,326.0966255978198,317.3393270624364,321.71307373046875,80700220,0.0,0.0
2020-07-30,322.80535506575524,325.6068922477516,313.9549955053317,315.2528991699219,65082780,0.0,0.0
2020-07-31,316.9867427295924,320.61110960776756,311.62362678878833,318.4854736328125,72353970,0.0,0.0
2020-08-03,317.77034979781394,317.77034979781394,310.4236245563699,310.96240234375,44639200,0.0,0.0
2020-08-04,313.6561611137795,319.33761594293526,307.86203618427817,316.9474792480469,66791450,0.0,0.0
2020-08-05,318.945887328861,326.1946513807634,318.1573458716822,319.5483093261719,69853800,0.0,0.0
2020-08-06,322.47230825942654,330.97491205663965,318.8479114406346,327.6835632324219,81729060,0.0,0.0
2020-08-07,326.4884564534023,341.0300757516508,324.2354726793541,339.3501281738281,101512670,0.0,0.0
2020-08-10,342.25944101484004,348.41600048177315,334.3445820110063,337.2587890625,71292450,0.0,0.0
2020-08-11,339.1542006645751,342.31326828524595,333.5119066811173,338.6741943359375,55718180,0.0,0.0
2020-08-12,335.50045723914513,337.9493656861462,329.32921991026325,334.8392639160156,56625270,0.0,0.0
2020-08-13,337.9493885552187,340.104440091973,333.1495336530703,334.9764099121094,46633590,0.0,0.0
2020-08-14,335.50042060042426,337.8317859703941,323.86320414810695,326.30230712890625,55313350,0.0,0.0
2020-08-17,328.1537307620838,333.0025814279201,324.4705629044966,331.5626220703125,46705720,0.0,0.0
2020-08-18,332.9536010457505,336.76901970524057,329.77982512559925,335.0008850097656,47062980,0.0,0.0
2020-08-19,337.6555137132872,339.41871586411116,333.14951612418946,334.0262145996094,41988490,0.0,0.0
2020-08-20,330.89654778757813,334.47197857976005,328.45254156834113,332.44427490234375,36774590,0.0,0.0
2020-08-21,335.99021732103324,336.969780636838,331.09240074200943,332.0033874511719,26273800,0.0,0.0
2020-08-24,333.3454096190201,344.3165315432507,333.15441747735895,342.06842041015625,62055750,0.0,0.0
2020-08-25,345.2960636019521,358.5201681654311,343.8267186504544,356.8451232910156,98540590,0.0,0.0
2020-08-26,359.0099943594946,363.12417269170766,355.67948470165237,357.104736328125,66650850,0.0,0.0
2020-08-27,358.2213943309913,359.34298350436376,352.29014595313396,355.82635498046875,46110620,0.0,0.0
2020-08-28,357.54061590673535,361.2629446079302,354.312941576946,359.5780944824219,42513280,0.0,0.0
2020-08-31,363.90774732446204,367.3215109011669,339.41866607786295,341.6520690917969,85297660,0.0,0.0
2020-09-01,344.5124431645586,359.8915698683938,342.8667540123596,356.9382019042969,60651820,0.0,0.0
2020-09-02,356.8255246303188,360.4793066250344,350.0420605053291,359.36749267578125,42810110,0.0,0.0
2020-09-03,359.30384894561644,360.16096693441216,353.13261138384826,354.57257080078125,32213660,0.0,0.0
2020-09-04,346.9123614634566,357.52104949981856,344.8797854073011,352.329345703125,49146490,0.0,0.0
2020-09-07,353.32847274645826,355.483493938857,340.6529220250092,343.35162353515625,46651680,0.0,0.0
2020-09-08,344.80629464285715,350.1840877972331,340.3982596261161,342.84716796875,44487030,0.0,0.0
2020-09-09,340.594200043415,342.2055710457783,332.3119749040208,335.28985595703125,45632470,0.0,0.0
2020-09-10,338.5860596592656,345.1442433402293,334.81473485304014,342.7198181152344,47622820,0.0,0.0
2020-09-11,341.8676445998851,348.49927840524646,338.6057114594562,347.19647216796875,46083840,0.0,0.0
2020-09-14,348.4307184039571,350.1988231921298,335.01068767126054,337.03839111328125,45315090,0.0,0.0
2020-09-15,340.39827029415926,345.2177352168206,338.4391435586533,344.1597900390625,38936370,0.0,0.0
2020-09-16,344.6054907068418,349.4494085963613,341.04967107846954,344.9532165527344,39077180,0.0,0.0
2020-09-17,341.7500490745814,344.5124247566333,338.55666314878096,340.0994873046875,27811560,0.0,0.0
2020-09-18,342.0048020816194,343.21945121061594,335.8923057399845,340.37872314453125,37690870,0.0,0.0
2020-09-21,339.20321302725006,339.61464280865334,324.651787955399,326.2093200683594,36274190,0.0,0.0
2020-09-22,326.0966449501902,328.5259729072604,315.1304256784779,323.5497741699219,42249680,0.0,0.0
2020-09-23,326.194605213742,327.56598796559,313.47986179225455,317.75567626953125,42443280,0.0,0.0
2020-09-24,312.5786965209415,312.9460328072258,294.5449301856907,296.6999816894531,59637770,0.0,0.0
2020-09-25,301.70555598927484,310.2424482476118,296.69019568572475,307.4800720214844,62325930,0.0,0.0
2020-09-28,311.3052317786108,328.15373395726084,309.811403595347,326.6990966796875,55886950,0.0,0.0
2020-09-29,328.9373583873108,330.30877098165365,318.79890170961005,322.74163818359375,46434460,0.0,0.0
2020-09-30,322.6583981302073,327.5513124612628,319.33766390190885,321.1596374511719,36035360,0.0,0.0
2020-10-01,325.704824158278,338.9289298007945,324.7301633772798,337.24407958984375,53821060,0.0,0.0
2020-10-05,339.4186708683477,344.70830651349036,330.1373029661118,331.37646484375,42071900,0.0,0.0
2020-10-06,336.9600415723929,340.8881008057737,332.1895720711531,340.3297424316406,47587570,0.0,0.0
2020-10-07,333.05158567000797,333.05158567000797,321.8159912753253,326.3072814941406,65710800,0.0,0.0
2020-10-08,328.54553402535385,331.87604335967467,323.45182265930436,325.8468322753906,44618100,0.0,0.0
2020-10-09,325.694984218499,334.8588094314272,323.74566286442496,325.0093078613281,56840990,0.0,0.0
2020-10-12,328.15369111628644,331.0336094835651,323.74565645950054,325.9202880859375,32046520,0.0,0.0
2020-10-13,325.2101173525611,327.1741465783684,317.7360444905163,320.5718994140625,37776570,0.0,0.0
2020-10-14,320.1212742180641,331.3225781528014,316.6634169676758,330.3136291503906,53044470,0.0,0.0
2020-10-15,329.9364890529466,330.11280325700557,313.55819091221406,314.90509033203125,52680190,0.0,0.0
2020-10-16,317.0209706031664,320.2633226573506,310.53136389539094,316.53118896484375,50762360,0.0,0.0
2020-10-19,318.85764454715746,322.7367066647932,313.1271935293944,320.04290771484375,42066370,0.0,0.0
2020-10-20,318.8479249983138,322.22743109180306,316.08554870397523,319.5483093261719,32520900,0.0,0.0
2020-10-21,320.31723611383427,322.7661446468146,303.7969087163975,316.67816162109375,75364600,0.0,0.0
2020-10-22,309.54202337030733,327.66394562458163,308.5624600052114,324.67138671875,70857690,0.0,0.0
2020-10-23,326.331755798787,328.81982523778294,323.5497695182171,324.911376953125,32047770,0.0,0.0
2020-10-26,326.1946572792467,326.1946572792467,317.0504400468326,322.658447265625,35462450,0.0,0.0
2020-10-27,325.8027515311627,339.41867508689324,321.100829870676,338.2677001953125,60209460,0.0,0.0
2020-10-28,337.8464824077283,341.8577954216586,327.9480141350255,330.1911926269531,46491050,0.0,0.0
2020-10-29,329.8973494536087,336.18615942137075,326.5619373856285,331.0973205566406,37803490,0.0,0.0
2020-10-30,329.61817044192185,332.1699437751197,318.6372734666025,324.13751220703125,42876230,0.0,0.0
2020-11-02,325.7586565793762,337.69463265110016,320.7726831147055,334.9910583496094,42885510,0.0,0.0
2020-11-03,335.9902514745399,344.8063222129389,334.60416087148764,341.94598388671875,44460450,0.0,0.0
2020-11-04,339.8104890710307,349.6991813810208,339.1248127250553,348.8665466308594,43711430,0.0,0.0
2020-11-05,353.62237794561304,367.3362651789609,351.4330681542193,366.05303955078125,63321410,0.0,0.0
2020-11-06,365.7787478693844,374.9082853101408,362.84005786952804,370.3484191894531,57440500,0.0,0.0
2020-11-09,373.2136585783373,379.94325441062296,370.867614977163,378.60125732421875,41498980,0.0,0.0
2020-11-10,381.92687538480044,415.72181395046016,380.34489000060205,412.2541809082031,114214480,0.0,0.0
2020-11-11,412.49416102048633,433.9025003743453,404.946608149299,418.1560363769531,138966540,0.0,0.0
2020-11-12,417.2940007322856,423.66116271528995,411.4215230402159,421.04571533203125,55900380,0.0,0.0
2020-11-13,417.29396145916706,431.98741080632084,416.3143981693568,428.66180419921875,60884590,0.0,0.0
2020-11-14,431.00788714886176,434.43635897845496,425.1305068695591,428.5393981933594,7894790,0.0,0.0
2020-11-17,430.88049775473587,441.19039535931006,425.6202476928561,439.62799072265625,58515230,0.0,0.0
2020-11-18,438.3546230122507,458.23974814329006,437.27709728975293,455.86431884765625,75130190,0.0,0.0
2020-11-19,453.43010285008324,468.7210727121638,442.03287347002004,444.3838195800781,83510050,0.0,0.0
2020-11-20,447.85151580330734,466.482801740108,442.2973779243799,461.9474182128906,87364100,0.0,0.0
2020-11-23,467.1537397052512,476.97875857494046,463.68120448850686,471.3119812011719,73250390,0.0,0.0
2020-11-24,473.6188769297857,476.2637099167368,467.2517151923636,471.233642578125,42973850,0.0,0.0
2020-11-25,472.3454788893521,472.6393359489615,457.94588509044456,459.3907470703125,47633210,0.0,0.0
2020-11-26,455.9867616850754,475.4800673229072,454.51741658834584,472.2720031738281,62732080,0.0,0.0
2020-11-27,475.9698168255496,485.86341245307165,468.73576194984156,480.8480529785156,123647070,0.0,0.0
2020-12-01,485.0014126700351,485.11895549182253,472.6638107859181,476.175537109375,40174270,0.0,0.0
2020-12-02,476.459583685416,478.41871028765365,468.72103958535723,472.53155517578125,36549700,0.0,0.0
2020-12-03,476.5575581548447,479.00646647013167,471.85566614705385,476.79754638671875,28768440,0.0,0.0
2020-12-04,477.0473411645936,485.6674865011781,471.6597428557532,477.5714111328125,36793780,0.0,0.0
2020-12-07,477.0473480111585,482.4300437975826,471.65974962499547,473.0752258300781,31151240,0.0,0.0
2020-12-08,475.08819444183524,476.5575393730986,467.7414697855182,469.4214172363281,29710760,0.0,0.0
2020-12-09,472.1495438475312,475.3674131018931,469.3283965618495,474.51519775390625,19659920,0.0,0.0
2020-12-10,475.08823989356654,476.0678032747904,468.72107791561154,469.6810607910156,19259630,0.0,0.0
2020-12-11,470.6801960934779,478.9085223669041,470.6801960934779,474.4858093261719,26700190,0.0,0.0
2020-12-14,475.82289666902903,481.42600021979655,474.89229953012926,479.8537902832031,17863480,0.0,0.0
2020-12-15,479.00159036110324,504.4751408485275,476.93472597776764,501.7813415527344,59367960,0.0,0.0
2020-12-16,509.2749907950132,511.82183149594965,501.53641670033727,504.14202880859375,32691840,0.0,0.0
2020-12-17,503.48089706076144,519.4771846717476,499.73408486365105,517.8657836914062,37331520,0.0,0.0
2020-12-18,514.2707341742027,517.6943031358243,505.94444609709666,514.515625,32550430,0.0,0.0
2020-12-21,512.1157274583896,512.7720181879816,480.4954224790369,493.88116455078125,35515700,0.0,0.0
2020-12-22,496.63863404459414,502.02623263876626,472.77158183846024,490.8984069824219,54735210,0.0,0.0
2020-12-23,489.78165800595707,506.04238513663483,486.87725636124975,498.489990234375,34314570,0.0,0.0
2020-12-24,503.3927338705177,511.22924077933635,500.16505943413136,507.893798828125,26255590,0.0,0.0
2020-12-28,507.8937304333922,513.7613046251738,506.92397240006534,509.77447509765625,19326060,0.0,0.0
2020-12-29,511.8218170086048,513.9768681956743,506.1893281132948,509.421875,19695290,0.0,0.0
2020-12-30,509.4219385586657,523.8704988319363,506.82613139920227,522.5137939453125,38647000,0.0,0.0
2020-12-31,522.59706845223,526.2704311639374,516.4258310541226,518.6984252929688,28692120,0.0,0.0
2021-01-01,520.1677749239727,522.8909300817274,514.2707841338074,517.2241821289062,14471870,0.0,0.0
2021-01-04,521.5195606648102,521.5195606648102,509.0007121325906,510.9598388671875,23336590,0.0,0.0
2021-01-05,511.136178927597,511.7435034629872,495.90397975395047,501.4385070800781,39534000,0.0,0.0
2021-01-06,502.515972633371,506.27261941048545,488.8314721438758,492.7497253417969,36079230,0.0,0.0
2021-01-07,496.14887905110936,502.6679023989807,491.8681916298825,497.7161865234375,30357500,0.0,0.0
2021-01-08,502.5159788521956,503.373096749848,493.89583366765163,497.8140869140625,29984510,0.0,0.0
2021-01-11,500.36098907168173,500.6499734374183,485.69205059367044,488.2388916015625,29241640,0.0,0.0
2021-01-12,488.23888316533373,499.47937933127434,484.9818527467904,493.91546630859375,33359080,0.0,0.0
2021-01-13,496.2468180593069,497.0304568117034,472.7617798664905,480.2701416015625,32693730,0.0,0.0
2021-01-14,480.270141156347,486.5295356515001,473.52093507402236,477.767333984375,26808110,0.0,0.0
2021-01-15,477.7330616095541,482.6308783990968,474.34375086758166,478.3795471191406,25449160,0.0,0.0
2021-01-18,477.04736123177,478.0269246018558,459.0234012009722,462.3392028808594,37034130,0.0,0.0
2021-01-19,466.77178501811755,489.2870363691671,465.48855930142184,485.78021240234375,47674650,0.0,0.0
2021-01-20,486.6470702889329,492.97507118313865,480.0840136458627,488.0135803222656,33147070,0.0,0.0
2021-01-21,489.09600557679505,511.82188896795753,488.8021485071977,501.36993408203125,70618090,0.0,0.0
2021-01-22,503.00577511352,503.20169973908946,484.4528430615404,487.0927734375,30847960,0.0,0.0
2021-01-25,494.5815608306376,505.7485777507031,479.0065085557645,480.8382873535156,36730600,0.0,0.0
2021-01-27,482.072522954998,484.45285475422446,471.26794024927096,474.59844970703125,28004930,0.0,0.0
2021-01-28,468.187161003293,480.8676150179232,462.65753697078753,471.1944274902344,34773290,0.0,0.0
2021-01-29,478.68325819125755,484.8838813386959,461.0902780639246,463.7791748046875,42607950,0.0,0.0
2021-02-01,467.7415088181602,497.6181915803673,457.11324028298816,495.52191162109375,42907450,0.0,0.0
2021-02-02,499.577300401344,522.8859931961518,499.0777135348945,506.7477111816406,43479930,0.0,0.0
2021-02-03,511.1949654730536,516.2299359335094,503.4956111381856,513.7908325195312,26507830,0.0,0.0
2021-02-04,510.7443043159458,542.971899485054,509.96550848216043,539.23486328125,53258880,0.0,0.0
2021-02-05,541.30671491825,551.2003412039212,535.8211837529038,542.5360717773438,44379870,0.0,0.0
2021-02-08,542.8740042341601,554.9226211199818,536.3403336263412,538.5345458984375,28008090,0.0,0.0
2021-02-09,542.4332335124955,542.5801919378241,527.2598059912151,528.99365234375,22639040,0.0,0.0
2021-02-10,532.3631923961535,538.9899519026438,528.4743551260823,536.3990478515625,26380120,0.0,0.0
2021-02-11,535.821200946601,547.3800375652185,534.4253350040731,545.327880859375,20289470,0.0,0.0
2021-02-12,545.6167877021182,550.3186798396569,541.8993615175152,546.3465576171875,16252680,0.0,0.0
2021-02-15,549.0795200589034,568.0488146906741,548.5554799694943,566.1729125976562,31688260,0.0,0.0
2021-02-16,567.3042595624163,570.321271243348,557.4008897226779,564.2529296875,21268100,0.0,0.0
2021-02-17,561.2897913604736,568.0488022919768,555.4124113462278,558.8555908203125,23463950,0.0,0.0
2021-02-18,558.2531721841319,559.7959366166099,540.9344396947547,544.9653930664062,23175130,0.0,0.0
2021-02-19,544.6371666640208,550.7055681685629,531.4130627971786,538.5589599609375,27444560,0.0,0.0
2021-02-22,536.8006696459737,542.5507012330629,522.5724892954393,526.6964721679688,20005630,0.0,0.0
2021-02-23,530.9233737090243,539.2154043670371,524.0664297681328,527.3675537109375,21902450,0.0,0.0
2021-02-24,533.2743617957289,546.4886630636424,527.2989889262188,544.9213256835938,19087950,0.0,0.0
2021-02-25,548.6533816456417,550.5096732354016,539.8716301226096,541.693603515625,15845950,0.0,0.0
2021-02-26,531.9029486627193,534.253924837125,511.430048823009,515.7303466796875,37133260,0.0,0.0
2021-03-01,520.63788402648,526.0156768749298,508.88312465052945,515.9163818359375,20318810,0.0,0.0
2021-03-02,519.1685049274267,529.943700312713,515.4510792600853,520.7651977539062,22086340,0.0,0.0
2021-03-03,525.4524629847098,545.9449717085294,523.0966441722534,542.962158203125,22524130,0.0,0.0
2021-03-04,531.9028769042263,545.3376139967542,529.0621193923805,537.378662109375,22346980,0.0,0.0
2021-03-05,532.8823893130352,540.6943820427182,529.1698662493314,533.3623657226562,20757600,0.0,0.0
2021-03-08,535.7232509084538,538.1672568245488,520.246101256131,521.19140625,17210420,0.0,0.0
2021-03-09,526.1234711454158,533.3722641229988,522.5970668679887,530.4384765625,18114960,0.0,0.0
2021-03-10,532.8824725564418,544.7351654022267,532.8824725564418,543.1727905273438,21912500,0.0,0.0
2021-03-12,548.5555219146624,555.4124659385958,540.8169468868149,544.4266357421875,25080130,0.0,0.0
2021-03-15,545.7196170068006,547.1498010110238,524.1202572537092,532.7894287109375,20870080,0.0,0.0
2021-03-16,537.6284050286546,539.44553565432,530.9233227594767,534.44482421875,15613050,0.0,0.0
2021-03-17,534.8416114976309,534.8807725096622,523.5227636889164,525.0263671875,11347580,0.0,0.0
2021-03-18,531.2171829510203,543.1678675581927,519.6583475917425,526.2067260742188,23390580,0.0,0.0
2021-03-19,520.7358169642482,536.7027462962429,508.39824612161686,534.1803588867188,32203100,0.0,0.0
2021-03-22,533.5192518778964,538.4660352957355,522.793020244961,527.9210205078125,19384610,0.0,0.0
2021-03-23,529.9438063069964,533.3722782516812,524.0664258303938,526.8875732421875,18490380,0.0,0.0
2021-03-24,526.4174062699032,526.4174062699032,515.2503593573028,516.2593383789062,17376430,0.0,0.0
2021-03-25,517.2094928011828,519.1686196678539,499.8859158741555,501.751953125,23432710,0.0,0.0
2021-03-26,506.43426242556296,514.0748447560475,503.0057906296452,507.71258544921875,23474600,0.0,0.0
2021-03-30,512.7867209215993,515.2503371679677,504.47514000285815,508.7411193847656,18452800,0.0,0.0
2021-03-31,507.9035982340296,511.21452714826114,501.8253908916279,504.4604187011719,18459750,0.0,0.0
2021-04-01,510.3524785158785,518.0420264939444,505.645684041146,516.4404907226562,21482340,0.0,0.0
2021-04-05,515.1523837956208,515.1523837956208,482.0039341036371,486.1083068847656,37396800,0.0,0.0
2021-04-06,494.67952264446967,495.6052172425688,485.138584585653,489.1058044433594,20709060,0.0,0.0
2021-04-07,487.82255456495096,500.4589159634555,483.9043011146301,497.3341064453125,24027820,0.0,0.0
2021-04-08,499.57735809948457,501.0467032703654,491.2510687978265,492.67144775390625,14078790,0.0,0.0
2021-04-09,489.7816881131521,490.7612514893784,474.59845578164436,477.2726745605469,29026460,0.0,0.0
2021-04-12,464.3130376896482,464.3130376896482,431.00788308743716,441.88104248046875,45000460,0.0,0.0
2021-04-13,444.241793939732,467.7317044437641,442.179802282012,463.2110290527344,31750190,0.0,0.0
2021-04-15,461.18823216694886,465.29260511728506,447.27842022482923,456.50592041015625,28971850,0.0,0.0
2021-04-16,456.574514202946,459.41524213073063,449.6196079701607,452.2252502441406,21426480,0.0,0.0
2021-04-19,435.90573736066,441.19537403749166,427.2855909164828,438.80523681640625,34265070,0.0,0.0
2021-04-20,446.9747880557735,460.2968568883377,446.21072976432737,451.936279296875,33945970,0.0,0.0
2021-04-22,445.701303546514,461.76613576149856,441.36674788167096,459.287841796875,25635390,0.0,0.0
2021-04-23,452.6659961630756,466.2525646636287,451.6276614245907,457.2405700683594,27295250,0.0,0.0
2021-04-26,459.41526147583164,473.03118755358395,459.41526147583164,463.9751281738281,29039890,0.0,0.0
2021-04-27,464.9987611574631,478.9917981167241,464.95466765084063,476.5625,26449970,0.0,0.0
2021-04-28,481.45536010555435,520.1481103073232,481.45536010555435,517.297607421875,85764540,0.0,0.0
2021-04-29,524.0664197522071,541.208779276812,522.1072929493952,537.2758178710938,72584860,0.0,0.0
2021-04-30,524.0664035941993,541.1745041789126,521.8819964085112,534.0481567382812,41248880,0.0,0.0
2021-05-03,520.7652927136289,546.5963746689941,518.3114816249669,543.7703247070312,40335910,0.0,0.0
2021-05-04,549.535005752189,563.2439892142665,544.6371893016349,550.0982666015625,48383470,0.0,0.0
2021-05-05,556.685903935516,558.3511737797894,534.0971728755161,540.2439575195312,43786930,0.0,0.0
2021-05-06,545.4208652715618,550.5048014863842,536.1493315778504,541.5809936523438,22231110,0.0,0.0
2021-05-07,547.575921654404,549.8436132384563,534.6456732642171,538.1525268554688,18510330,0.0,0.0
2021-05-10,546.1065696032821,546.1065696032821,533.3722460071517,538.5149536132812,19973390,0.0,0.0
2021-05-11,530.0661221869955,534.6553732626977,527.9845504435955,531.3836059570312,16172480,0.0,0.0
2021-05-12,530.2474037056019,532.8824313551013,522.0484637267834,524.8892211914062,15393360,0.0,0.0
2021-05-14,529.4539455838008,529.4539455838008,515.9359844626249,522.1414794921875,15257620,0.0,0.0
2021-05-17,524.0664074987108,537.7802947977424,520.6428382738696,531.9127197265625,24115830,0.0,0.0
2021-05-18,538.8577591978805,558.8408748699633,538.8577591978805,557.2490844726562,31478830,0.0,0.0
2021-05-19,555.8972838792772,560.5942732781933,548.0656798853868,551.6116943359375,22509060,0.0,0.0
2021-05-20,551.2983270343439,554.2370175406974,543.1679619243283,547.4535522460938,14888270,0.0,0.0
2021-05-21,554.4328668538914,557.8613386453907,547.213489607387,551.6655883789062,18569660,0.0,0.0
2021-05-24,551.8859647170389,557.1755704494911,547.5758624569993,548.8394775390625,12150600,0.0,0.0
2021-05-25,552.473701431173,554.3152852189675,546.7922462463555,550.38232421875,13155460,0.0,0.0
2021-05-26,552.473774918428,567.6373976936653,547.1939136778467,565.3207397460938,29167460,0.0,0.0
2021-05-27,566.1827389993853,566.3982740356734,553.5512499046165,556.6074829101562,21525900,0.0,0.0
2021-05-28,560.7020874434626,563.2489282473732,547.7816444196325,549.6085205078125,15263750,0.0,0.0
2021-05-31,550.5146597926673,554.8932797231193,544.6372790831371,551.2933959960938,17958110,0.0,0.0
2021-06-01,552.8655672428237,569.9099333083112,551.0435340107047,566.6577758789062,28534510,0.0,0.0
2021-06-02,563.8856294993793,572.5547406653349,562.5191195833179,568.9940185546875,20131950,0.0,0.0
2021-06-03,572.0650167369633,579.4117421231401,566.2023442278673,578.08935546875,22303780,0.0,0.0
2021-06-04,579.4117888710697,588.7176417777057,577.9424436752852,587.096435546875,24453670,0.0,0.0
2021-06-07,568.1467148975534,572.442109540887,556.6319435048385,561.2652587890625,28358050,0.0,0.0
2021-06-08,563.3468217939512,569.8119753534322,560.324907321205,563.77783203125,17890070,0.0,0.0
2021-06-09,567.6569363396181,567.6569363396181,551.2296405510677,555.8532104492188,15381120,0.0,0.0
2021-06-10,559.8205356460586,599.003075323823,556.0982063342332,596.2015380859375,52961200,0.0,0.0
2021-06-11,598.0576502819381,610.2679330663743,592.1656224985236,599.4927368164062,37027210,0.0,0.0
2021-06-14,594.5655522259224,612.1291761293168,585.3478871862036,606.7562255859375,26336010,0.0,0.0
2021-06-15,609.190427660631,611.2278762355272,602.4314171144714,603.5236206054688,15236610,0.0,0.0
2021-06-16,601.4518772556619,603.4991908969264,593.8896771387999,595.731201171875,14816580,0.0,0.0
2021-06-17,579.9015625362539,599.003049815742,579.9015625362539,592.660400390625,18718570,0.0,0.0
2021-06-18,596.5443470357552,602.2356083954645,584.3145114822473,596.2651977539062,27096150,0.0,0.0
2021-06-21,587.7380406117328,600.9621465254968,586.4744253480275,599.1009521484375,12719620,0.0,0.0
2021-06-22,602.4315203250177,606.2518416861044,587.7380686097733,589.3837280273438,15406110,0.0,0.0
2021-06-23,592.7337459392389,599.0029751544218,587.8359292985649,589.26611328125,12382150,0.0,0.0
2021-06-24,590.3828622255011,598.3173017037266,588.8155249417871,592.0089111328125,10824210,0.0,0.0
2021-06-25,593.3215021523855,598.2193186473073,590.6962796856433,595.1630859375,9619940,0.0,0.0
2021-06-28,597.5335824528366,599.2674285372946,589.2072948284939,591.3672485351562,8284810,0.0,0.0
2021-06-29,591.6562616601515,601.2217120938454,587.9437380981774,592.8709106445312,13100790,0.0,0.0
2021-06-30,592.63577540573,599.9824998942308,587.7379590800629,589.2905883789062,12257940,0.0,0.0
2021-07-01,591.6562339444093,591.6562339444093,581.8606009320847,584.5201416015625,11206010,0.0,0.0
2021-07-02,587.7379559433601,590.676645723077,584.3094845336906,587.517578125,8112980,0.0,0.0
2021-07-05,590.5788097088379,597.1369341910881,588.3306686131904,594.8594970703125,8631790,0.0,0.0
2021-07-06,593.1255775923114,621.3174380379475,592.9296529749358,607.5643310546875,34913930,0.0,0.0
2021-07-07,609.2884186413538,615.753512994774,603.4501994085765,607.192138671875,19479250,0.0,0.0
2021-07-08,606.3483672812151,610.361281692137,596.5761293180999,600.2456665039062,11305600,1.0,0.0
2021-07-09,596.831226019797,605.4653006685446,594.6776029082972,602.0460205078125,14475440,0.0,0.0
2021-07-12,605.8577178347747,608.2026713902306,598.8523202959744,603.3607177734375,9787400,0.0,0.0
2021-07-13,606.8389695042399,610.7635545940007,602.4238112782592,603.8268432617188,10021270,0.0,0.0
2021-07-14,603.4049484854497,606.5446284869724,600.46150971235,601.8253173828125,7765740,0.0,0.0
2021-07-15,601.8253325632207,606.0736528494419,598.695473526834,601.4132080078125,8709900,0.0,0.0
2021-07-16,600.952081006487,607.3295316620661,598.2244656738894,600.9962158203125,9631210,0.0,0.0
2021-07-19,597.3218004976309,600.7558122316335,582.3102754658732,590.1986694335938,12905320,0.0,0.0
2021-07-20,590.650020898546,591.4300153711338,575.7365864670824,582.9823608398438,14018370,0.0,0.0
2021-07-22,581.8196934248165,612.6277078904516,580.9513694610494,607.8740234375,34885910,0.0,0.0
2021-07-23,607.2314326029256,610.7635351173082,602.4237920675137,606.4367065429688,9537390,0.0,0.0
2021-07-26,603.4049425556709,608.1438957014271,601.4426500595549,604.62646484375,7335020,0.0,0.0
2021-07-27,606.3483459893856,620.7712069728116,605.857772893925,611.3963623046875,20685280,0.0,0.0
2021-07-28,613.9914343318219,616.5522713233405,604.0917031058577,614.3937377929688,11491530,0.0,0.0
2021-07-29,617.1360801050557,630.8770381131886,614.5949448553929,627.9434204101562,14846640,0.0,0.0
2021-07-30,629.5866975181589,629.5866975181589,609.5075173572131,611.0675659179688,14068850,0.0,0.0
2021-08-02,615.1787198593076,616.5474380880366,605.3672570226361,608.3597412109375,10124350,0.0,0.0
2021-08-03,609.7823518666768,622.2429203499254,608.8992963494693,621.251953125,10917100,0.0,0.0
2021-08-04,622.3409956467182,635.5325129187677,619.5937983829472,623.925537109375,16320910,0.0,0.0
2021-08-05,623.420310629731,623.5674466270062,611.4503151818908,613.044677734375,8665670,0.0,0.0
2021-08-06,616.6504504901159,618.0731246041684,609.3899439052798,610.6948852539062,7297890,0.0,0.0
2021-08-09,610.763559346505,615.1738070846875,602.0362440222272,607.6386108398438,8811790,0.0,0.0
2021-08-10,610.7634971073564,613.0642561551555,602.624906311127,605.3770141601562,7310090,0.0,0.0
2021-08-11,605.9656753968178,608.305718608121,594.2802507896108,605.1513671875,7919290,0.0,0.0
2021-08-12,606.4465011379876,613.6971866321181,603.5276148633968,608.2616577148438,7946020,0.0,0.0
2021-08-13,609.2918052458577,611.1412754600344,601.5407261206879,604.047607421875,6679320,0.0,0.0
2021-08-16,603.3067983327717,627.4429699388122,598.8769090437446,625.691650390625,14233350,0.0,0.0
2021-08-17,628.9097679472969,631.5490534707247,618.6126439540718,628.9244995117188,16027760,0.0,0.0
2021-08-18,631.2694693565315,651.4810564927536,628.5271226962366,642.0718383789062,21537300,0.0,0.0
2021-08-20,634.9928517377527,660.576248044988,633.3935788181997,653.5512084960938,21647320,0.0,0.0
2021-08-23,661.2925323453259,669.0926565360735,657.0736157033876,662.489501953125,17383400,0.0,0.0
2021-08-24,664.7265950583568,691.610026694188,660.1102851102783,684.8499145507812,26229900,0.0,0.0
2021-08-25,687.292972311371,692.1006130593215,679.051319567575,681.4011840820312,15096670,0.0,0.0
2021-08-26,676.9909019805488,686.1401025965164,672.5757439241538,680.1256713867188,12345880,0.0,0.0
2021-08-27,681.8966531415549,689.1914732153977,674.2437242630364,683.5253295898438,9359060,0.0,0.0
2021-08-30,686.4049329559324,706.1309176234539,684.8400335435698,703.040283203125,15043820,0.0,0.0
2021-08-31,702.5006969015036,745.5533980330919,699.5572582273353,738.2634887695312,29464380,0.0,0.0
2021-09-01,738.3125122310161,752.980659832953,734.2260598844975,737.78271484375,22277890,0.0,0.0
2021-09-02,735.8596869795678,744.3368049458319,730.4682931303839,735.7075805664062,11833780,0.0,0.0
2021-09-03,735.8596092481312,741.2559130492841,732.1067132640841,738.155517578125,8802470,0.0,0.0
2021-09-06,740.7653594726601,747.1428095873254,734.3977304012152,736.482666015625,8970710,0.0,0.0
2021-09-07,738.6951450045036,742.3597115310639,726.7545531491426,731.6701049804688,8360130,0.0,0.0
2021-09-08,731.6407175973226,737.233262794047,727.132319765293,732.2490234375,8592560,0.0,0.0
2021-09-09,728.9916430220618,731.935081688369,724.0859119115499,729.055419921875,7004360,0.0,0.0
2021-09-13,729.05537475037,735.3690479030337,721.3386697731598,730.5172729492188,8025650,0.0,0.0
2021-09-14,733.8973951432553,738.8031263942129,726.8331301649935,727.7701416015625,7192580,0.0,0.0
2021-09-15,730.4632585907881,733.8972698803351,724.0858090530579,727.4364013671875,6572830,0.0,0.0
2021-09-16,730.4633294139292,730.4633294139292,719.2291937005938,727.176513671875,5771290,0.0,0.0
2021-09-17,730.5124599428204,753.5154419515379,722.1236711206797,728.8739624023438,34749690,0.0,0.0
2021-09-20,722.1236496521567,743.8069581132175,718.272662546316,730.2131958007812,10838060,0.0,0.0
2021-09-21,734.0101999689997,769.9152772829464,726.1462985879955,766.6529541015625,19931330,0.0,0.0
2021-09-22,770.1996661319389,774.6148234537144,762.4485882132827,764.6708984375,15005410,0.0,0.0
2021-09-23,771.5341226553146,784.8188807221105,765.7503064437867,775.0123291015625,21091470,0.0,0.0
2021-09-24,779.9964755213541,779.9964755213541,757.9991951029857,764.646484375,11293460,0.0,0.0
2021-09-27,770.1017352745279,771.180972223364,759.4121274443728,764.84765625,6507740,0.0,0.0
2021-09-28,766.7657577998377,767.7469040030364,728.5059663968547,740.1080322265625,15723010,0.0,0.0
2021-09-29,738.70494868879,749.1884927415392,731.5572655630122,737.3705444335938,9458790,0.0,0.0
2021-09-30,740.2748147299121,755.4825809702219,734.966840088081,752.3527221679688,14907070,0.0,0.0
2021-10-01,747.6334817384181,749.5172658696496,733.4068603667554,738.0918579101562,9377400,0.0,0.0
2021-10-04,744.4937007052606,762.2524822863371,741.7612349750391,754.9968872070312,10901980,0.0,0.0
2021-10-05,753.8146160268622,761.8600268708936,749.0167967204131,757.85693359375,7732430,0.0,0.0
2021-10-06,766.2751389341504,773.2020283196641,754.0108121266255,758.9312744140625,17646310,0.0,0.0
2021-10-07,769.7975317482781,773.6337870827047,759.2109258095436,760.1822509765625,9405500,0.0,0.0
2021-10-08,760.3883147059353,768.1393937386381,756.6599710752273,758.641845703125,7565710,0.0,0.0
2021-10-11,762.7332430750138,775.5371887443208,760.584530545909,766.9718017578125,9086480,0.0,0.0
2021-10-12,766.2752209817199,777.5584028527695,760.388343483781,770.7639770507812,10994490,0.0,0.0
2021-10-13,775.8805574354287,785.8980813794393,771.3084426369683,777.980224609375,10524380,0.0,0.0
2021-10-14,781.8753993426126,781.8753993426126,766.5057064106599,771.4653930664062,11348490,0.0,0.0
2021-10-18,789.8226507550254,789.8226507550254,765.3725054645042,771.7254028320312,8550980,0.0,0.0
2021-10-19,774.1243819730003,776.5477844369395,752.6372554017331,759.3385009765625,12449890,0.0,0.0
2021-10-20,759.5052260990034,768.5857386913818,743.2182236338604,761.5018920898438,11028990,0.0,0.0
2021-10-21,768.2375178988501,768.2375178988501,754.0108971970196,759.1422729492188,6394610,0.0,0.0
2021-10-22,760.9769437337493,778.5394840897907,752.0485375612157,756.4833374023438,15173760,0.0,0.0
2021-10-25,760.3882750460938,768.9978565657019,721.1914739232874,750.2481079101562,11697290,0.0,0.0
2021-10-26,754.9919738223966,774.6099865970485,750.6847277866162,770.7540893554688,16605750,0.0,0.0
2021-10-27,772.1621309831219,777.0629519156985,732.0332237292156,734.1083984375,31122330,0.0,0.0
2021-10-28,739.784233083881,745.2786278373707,721.4760713834926,734.3143310546875,15723020,0.0,0.0
2021-10-29,733.897399048933,740.7359597046425,717.5171551286829,726.06787109375,9483340,0.0,0.0
2021-11-01,728.9917128618255,735.8793791638569,708.3876402237389,727.4169921875,10373140,0.0,0.0
2021-11-02,732.5924313420212,741.25596923252,726.0727554313238,731.4788208007812,6871160,0.0,0.0
2021-11-03,734.4859884165694,739.6664688646863,731.0519768706221,737.4539794921875,6687040,0.0,0.0
2021-11-04,741.8446692620696,742.6296341839821,737.3314203831513,738.3223876953125,940330,0.0,0.0
2021-11-08,740.1668692686719,756.7727561227949,734.4859946512751,752.897216796875,9003010,0.0,0.0
2021-11-09,755.4825414080543,760.8199789011707,740.7653490429623,743.4635009765625,8002470,0.0,0.0
2021-11-10,740.2748380462568,746.6522886059661,736.3502530864357,743.8511352539062,4649890,0.0,0.0
2021-11-11,742.7472783080879,745.7642548145409,727.0292978078546,731.2188110351562,6344000,0.0,0.0
2021-11-12,735.8596433754453,745.6956578956615,731.248244300077,743.6204833984375,4971280,0.0,0.0
2021-11-15,743.6108195191038,748.3644446926643,734.878593321595,739.2201538085938,4025180,0.0,0.0
2021-11-16,738.3125199577778,750.5768475318273,735.9332523852946,741.3246459960938,5980490,0.0,0.0
2021-11-17,738.6068965770484,754.6977192825208,737.9446348248216,746.4217529296875,6455740,0.0,0.0
2021-11-18,747.6335036566704,755.2570298057901,729.9728697120247,734.3831176757812,7725390,0.0,0.0
2021-11-22,735.074703396238,737.2822822212428,685.8260654896144,692.5223999023438,19352430,0.0,0.0
2021-11-23,686.8023516332993,704.266742312235,679.3554255000196,698.016845703125,11875890,0.0,0.0
2021-11-24,702.5005735041101,718.1792682581344,693.2777766579767,704.1979370117188,10993800,0.0,0.0
2021-11-25,701.5194985212307,706.9158023560094,695.3186476558651,699.1451416015625,6154860,0.0,0.0
2021-11-26,688.8627374511036,691.5020231795938,664.7265643808555,667.8711547851562,16890820,0.0,0.0
2021-11-29,663.9415902832862,684.8399906278568,655.2388290040258,677.5549926757812,14918150,0.0,0.0
2021-11-30,677.972054711786,706.4056537044139,672.0115793016555,686.5325317382812,21955390,0.0,0.0
2021-12-01,689.9615962559379,697.3692979115875,681.9946939692418,690.599365234375,11367680,0.0,0.0
2021-12-02,695.6326024386352,707.406355935481,689.000045053907,704.511962890625,8477040,0.0,0.0
2021-12-03,702.5007159656851,709.7415800913918,692.1986803265236,693.5968017578125,8164110,0.0,0.0
2021-12-06,693.5968282689973,696.2116214548117,680.7291042722253,682.068359375,8582530,0.0,0.0
2021-12-07,691.5118160050537,703.4818113834392,682.6815003809937,696.9228515625,10796080,0.0,0.0
2021-12-08,698.5761668812135,724.7090082111489,698.5761668812135,722.2708740234375,14026910,0.0,0.0
2021-12-09,726.0482102490954,732.7298136804707,719.8670009765601,730.0022583007812,10769500,0.0,0.0
2021-12-10,723.4973052869764,732.6219538964758,722.1236765137537,731.1992797851562,6791450,0.0,0.0
2021-12-13,732.916190137987,733.6030044349448,706.3271528431037,708.264892578125,12985990,0.0,0.0
2021-12-14,704.4629173367945,704.4629173367945,690.2362985326392,693.26806640625,12764810,0.0,0.0
2021-12-15,693.9155866755852,693.9155866755852,670.2208841524125,671.8152465820312,18175280,0.0,0.0
2021-12-16,681.4060746688888,693.0277233245898,680.2188661409538,689.6329956054688,17683180,0.0,0.0
2021-12-17,686.8023046739642,689.2551700477998,673.556831655252,677.0987548828125,16805110,0.0,0.0
2021-12-20,672.0851044000533,673.5420920424438,637.0189510162186,650.9070434570312,22263190,0.0,0.0
2021-12-21,659.8355482321066,662.2736821563791,641.6696120448473,645.3538208007812,13755910,0.0,0.0
2021-12-22,650.990552314445,666.2719174975038,649.8916732791363,664.353759765625,12678980,0.0,0.0
2021-12-23,671.1040467293134,686.1646179762707,670.9323581094455,678.7324829101562,13393990,0.0,0.0
2021-12-24,685.320845415729,685.6200878405801,663.019409963662,672.2814331054688,9807740,0.0,0.0
2021-12-27,662.3718190497224,677.8543358443011,652.8596587159849,676.0833740234375,9123600,0.0,0.0
2021-12-28,684.840039396051,684.840039396051,673.237973743154,677.643310546875,8624640,0.0,0.0
2021-12-29,675.5093569497349,681.8917179537746,672.3844086088595,678.1339111328125,5323790,0.0,0.0
2021-12-30,676.9810402496752,681.4011085623479,672.7621236706738,674.1553344726562,6589920,0.0,0.0
2021-12-31,675.2248419220662,686.70426469575,674.591983445897,684.5751342773438,7699070,0.0,0.0
2022-01-03,684.3494701778985,710.7374162232536,684.3494701778985,708.3483276367188,12697250,0.0,0.0
2022-01-04,711.3309799513264,723.5953071918666,709.9083060145417,720.4556274414062,9591730,0.0,0.0
2022-01-05,732.9063620015487,754.6142208367072,727.5198791534488,752.6176147460938,25832620,0.0,0.0
2022-01-06,738.3125129532067,763.2679640687469,737.9200305207959,760.2166137695312,15359860,0.0,0.0
2022-01-07,761.7570741939041,763.8223679203868,744.199442604513,751.4942626953125,11659510,0.0,0.0
2022-01-10,754.1089070274774,761.2713218308709,752.5145445335345,758.5535278320312,6390600,0.0,0.0
2022-01-11,759.3091400391771,761.3646127783096,742.825834410704,752.5244750976562,10379120,0.0,0.0
2022-01-12,758.0335193252206,772.0639576920936,754.6780161368445,762.7921142578125,14584040,0.0,0.0
2022-01-13,768.0411999137154,770.1555986270926,762.7430465952433,766.11328125,6163740,0.0,0.0
2022-01-14,762.8411199229193,769.8170545701496,758.278766441643,768.4532470703125,5696350,0.0,0.0
2022-01-17,767.2073034068087,776.0866647753328,765.4461626987533,770.4548950195312,6797740,0.0,0.0
2022-01-18,775.1006296950549,779.5206983575522,757.0573357220459,759.7996826171875,11300240,0.0,0.0
2022-01-19,770.1997922396085,789.3321437665796,733.2105673105815,742.904296875,50003170,0.0,0.0
2022-01-20,746.6522536624334,750.5768384385829,726.1462742532881,738.82763671875,29103830,0.0,0.0
2022-01-21,726.2935127585515,735.7615980404094,716.8107557950747,723.4727172851562,13704500,0.0,0.0
2022-01-24,721.1424059162213,721.1424059162213,668.9160165528092,680.10595703125,25025820,0.0,0.0
2022-01-25,676.9908596484586,686.4098389593688,662.4894904610371,683.2456665039062,25259340,0.0,0.0
2022-01-27,669.4949909952086,677.2215182935098,658.162762934584,670.8097534179688,17610280,0.0,0.0
2022-01-28,682.9808057375184,691.276414225562,671.5946224268089,673.7776489257812,14675220,0.0,0.0
2022-01-31,684.8302990683478,694.2493395163107,679.944209638006,686.8269653320312,12512490,0.0,0.0
2022-02-01,694.2492945250598,698.164058442362,675.6172771188002,688.23486328125,13834490,0.0,0.0
2022-02-02,696.6137545685099,714.2743849660213,696.1231815019123,711.0807495117188,13398210,0.0,0.0
2022-02-03,711.6253547735344,714.9661864599876,696.6138293020766,697.6587524414062,8398560,0.0,0.0
2022-02-04,695.6326229248632,705.2871274257388,692.1986113871523,702.3436889648438,8232080,0.0,0.0
2022-02-07,702.9912958456094,702.9912958456094,675.1267180858206,679.9932250976562,11830120,0.0,0.0
2022-02-08,686.8023045767629,701.2251649497566,678.4330991779043,692.1986083984375,16405420,0.0,0.0
2022-02-09,699.4149800664749,702.2946418703233,693.6703880245597,698.3161010742188,6491660,0.0,0.0
2022-02-10,700.0478383660469,710.349873829037,693.1798147240535,700.2440795898438,12442000,0.0,0.0
2022-02-11,690.7269724721128,694.6466470208853,679.0562184546171,687.9404907226562,12764610,0.0,0.0
2022-02-14,668.1606500211367,679.9344059686457,661.6900187261729,665.8009643554688,11697660,0.0,0.0
2022-02-15,667.1793811666589,705.9346540432516,665.8008420831146,700.739501953125,13468200,0.0,0.0
2022-02-16,704.9535766778451,708.873251133895,691.7081023770088,693.5330200195312,10540410,0.0,0.0
2022-02-17,698.5761156219563,699.3610206289185,685.0363096275146,694.8919067382812,9036160,0.0,0.0
2022-02-18,688.7645870210024,698.1835659666718,687.7834408856448,689.7555541992188,7625170,0.0,0.0
2022-02-21,686.8023775864598,694.7398771279944,678.0701519748088,687.4254150390625,8166640,0.0,0.0
2022-02-22,667.1793607532986,690.3491167661894,666.100123976431,687.9158935546875,12587320,0.0,0.0
2022-02-23,692.6892550731511,698.3161144655438,689.4956192267845,691.1734008789062,7952280,0.0,0.0
2022-02-24,667.1794277698806,677.0105320303253,646.8157332388865,650.2841186523438,19300400,0.0,0.0
2022-02-25,667.1794294692068,685.8162971237002,663.1567539217605,683.800048828125,14132810,0.0,0.0
2022-02-28,673.066263455575,689.255175040148,667.8269166299733,687.0279541015625,15808910,0.0,0.0
2022-03-02,678.7569315865403,680.5573564283037,663.4510747661081,670.2749633789062,16080090,0.0,0.0
2022-03-03,678.9531067570497,681.3372846134349,659.8207576504566,662.1117553710938,13339990,0.0,0.0
2022-03-04,656.2298604472932,657.1717224871776,637.7450394171977,641.4635620117188,19965090,0.0,0.0
2022-03-07,623.02781509088,624.990107421875,598.4991609534438,600.9520263671875,28435880,0.0,0.0
2022-03-08,601.2463764655789,610.012915324663,580.1419122244822,604.5675659179688,28857830,0.0,0.0
2022-03-09,610.2239468815809,640.1979540562988,600.6430389899955,635.0469360351562,22801310,0.0,0.0
2022-03-10,666.5907517337566,666.5907517337566,637.8431201877909,646.074951171875,20915610,0.0,0.0
2022-03-11,642.6507823007253,655.8962564397478,636.7688154275197,650.3037109375,12647710,0.0,0.0
2022-03-14,647.6545333798374,656.2886671903107,637.7449814677173,653.97802734375,12668460,0.0,0.0
2022-03-15,655.130861668977,662.2736342016224,648.0470153928468,654.0859985351562,14792700,0.0,0.0
2022-03-16,665.2171589395412,676.932047585269,661.6212794838989,671.1629028320312,16335960,0.0,0.0
2022-03-17,681.6709328787738,692.3850321175531,679.9441060654653,686.2528686523438,16706780,0.0,0.0
2022-03-21,686.8023463498258,688.6419954918343,672.0851532137582,674.086669921875,9620190,0.0,0.0
2022-03-22,674.047429062949,687.7834756522959,663.9416353348117,685.4091186523438,12737960,0.0,0.0
2022-03-23,691.7080542743083,697.0062675799606,683.8588848641034,687.2732543945312,11767500,0.0,0.0
2022-03-24,683.7607974998208,690.2902941945507,675.1512158076915,686.5619506835938,7837160,0.0,0.0
2022-03-25,692.5911183259263,693.4201581105839,680.915454730529,684.2022705078125,7023730,0.0,0.0
2022-03-28,685.8212371897571,690.2363953690904,674.0474820448686,686.9397583007812,9369730,0.0,0.0
2022-03-29,690.7269849117392,692.6892774825112,685.2816350047303,690.6632080078125,7159500,0.0,0.0
2022-03-30,696.6137496400896,713.7298509987133,696.5156589812271,711.512451171875,12722540,0.0,0.0
2022-03-31,715.0544484379659,730.4633667157026,710.4136459427307,712.3072509765625,16330110,0.0,0.0
2022-04-01,709.363833572159,730.8558710848434,708.4170609690485,726.8429565429688,8715130,0.0,0.0
2022-04-04,730.8558084885368,744.7782750838709,728.9916068053916,734.9422607421875,10497590,0.0,0.0
2022-04-05,729.482242601466,733.8924902390835,719.1802068955946,724.9149780273438,10720820,0.0,0.0
2022-04-06,721.1424430826893,728.5010394406759,716.2367121773649,720.8432006835938,7670310,0.0,0.0
2022-04-07,717.2178577934982,721.7311062690776,713.29327307233,715.2752075195312,7182660,0.0,0.0
2022-04-08,719.0133714137547,728.5010382008705,712.3121262408512,722.7711181640625,8819730,0.0,0.0
2022-04-11,720.6567696952686,724.4783531761578,715.7461283420049,719.8325805664062,5975080,0.0,0.0
2022-04-12,716.2318025122552,716.2318025122552,708.3875435760132,713.7348022460938,8055980,0.0,0.0
2022-04-13,717.5121611161284,724.0858522393564,714.4755425534886,719.0280151367188,6723170,0.0,0.0
2022-04-18,712.8517397983316,723.595302366279,709.52563990062,712.4544067382812,7582220,0.0,0.0
2022-04-19,716.2367249767888,730.2965667703382,701.617622663909,712.2680053710938,11911100,0.0,0.0
2022-04-20,713.7789113737174,715.7166510601506,682.8777182667526,689.9910278320312,15581810,0.0,0.0
2022-04-21,696.515673625766,705.1497477414517,691.4431049296086,700.3519287109375,8753430,0.0,0.0
2022-04-22,694.6515424171475,707.1121117226996,693.8077710175444,697.6685791015625,8079870,0.0,0.0
2022-04-25,686.8023005431959,694.1559860989736,681.8965698250303,687.3419189453125,6849530,0.0,0.0
2022-04-26,699.6553351455192,712.6015665124297,696.3194739776702,710.40380859375,10124190,0.0,0.0
2022-04-27,696.6138009219862,696.6138009219862,656.2739845529181,658.7513427734375,39843570,0.0,0.0
2022-04-28,662.0774166328578,667.6699617204027,645.5941731256796,660.080810546875,24990940,0.0,0.0
2022-04-29,667.1794371222525,669.4949278552998,652.5603343256612,654.6011352539062,13375170,0.0,0.0
2022-05-02,642.6507735059253,652.4475041313099,640.2469532922647,650.1221923828125,12387410,0.0,0.0
2022-05-04,650.4900641025816,654.2086462667639,617.1409166764064,622.0220947265625,16491150,0.0,0.0
2022-05-05,627.9335264379265,637.4947907333263,617.1409189522745,619.0492553710938,14860280,0.0,0.0
2022-05-06,608.4086508745248,608.8060437753123,586.2347737621367,588.7171020507812,30648650,0.0,0.0
2022-05-09,584.8611526847759,601.9576709880827,572.2583600672332,592.31298828125,19356480,0.0,0.0
2022-05-10,588.6877324935665,599.7795833338365,578.8762702853404,581.6676025390625,11779330,0.0,0.0
2022-05-11,584.4687793095468,588.3540797759327,562.8835637961698,569.7515869140625,18613390,0.0,0.0
2022-05-12,564.1590338170366,565.6062004282822,540.2092827479609,548.7943115234375,24940440,0.0,0.0
2022-05-13,559.2532636642338,564.0609033933547,539.6303421321555,541.1756591796875,21053150,0.0,0.0
2022-05-16,546.9889927187891,560.4257967753825,538.453009016968,553.896240234375,14149550,0.0,0.0
2022-05-17,555.3287240930205,573.872410388406,554.5438191453891,572.7244262695312,14017700,0.0,0.0
2022-05-18,577.8901961701582,584.4393350203867,568.0836447785932,570.55615234375,16550940,0.0,0.0
2022-05-19,554.4456700946618,563.6684679363304,550.5210854615106,559.9401245117188,10650250,0.0,0.0
2022-05-20,572.9894012565227,573.1807319584829,560.4307414250434,566.0821533203125,10986100,0.0,0.0
2022-05-23,571.5176645363003,579.4894774536522,566.2390931615039,568.4761352539062,9680210,0.0,0.0
2022-05-24,567.3968547033828,572.3025858695619,561.7062185274979,568.9470825195312,10840690,0.0,0.0
2022-05-25,572.891275891945,576.6883068007996,569.2413809787857,571.7531127929688,8675980,0.0,0.0
2022-05-26,573.9706027685608,576.4676034095489,554.6812922793636,570.8113403320312,12595460,0.0,0.0
2022-05-27,578.8761740370172,596.2424712350083,575.0545909793063,588.0498657226562,16258050,0.0,0.0
2022-05-30,597.3218170403844,601.1483113180122,592.7202387940043,599.5980834960938,8174840,0.0,0.0
2022-05-31,599.4803295937429,605.2886983436116,590.3017260344151,596.7478637695312,15489660,0.0,0.0
2022-06-01,594.5746546928362,601.4426787569449,586.455645148998,589.6836547851562,8876200,0.0,0.0
2022-06-02,589.3745571665372,596.5369127273347,583.7035031661567,594.3636474609375,7508090,0.0,0.0
2022-06-03,600.9520783613557,605.170995261132,590.0613789358382,591.45458984375,10434650,0.0,0.0
2022-06-06,589.4922719037529,593.5934558672517,579.9554996216608,590.7481079101562,7376570,0.0,0.0
2022-06-07,586.7254485231684,587.701684236229,572.3663637926045,576.776611328125,8969820,0.0,0.0
2022-06-08,578.8762408993878,593.9859158867968,569.2855131239434,584.203857421875,13341460,0.0,0.0
2022-06-09,579.3668672906063,581.9766899964898,574.4611359841658,578.7340087890625,12376740,0.0,0.0
2022-06-10,571.5176896413728,572.4988358896842,554.5830958140123,556.0646362304688,21518910,0.0,0.0
2022-06-13,542.0882300440494,544.9286676867293,522.4603939283447,525.7227172851562,19327850,0.0,0.0
2022-06-14,524.6189018506501,535.8039329567721,518.4572747735951,527.439697265625,18845410,0.0,0.0
2022-06-15,531.5850875419295,539.6206786509629,529.4412851339682,538.1538696289062,16599430,0.0,0.0
2022-06-16,546.007797550277,550.9086174652994,515.5775372822035,518.4277954101562,21796860,0.0,0.0
2022-06-17,512.1583318045123,537.1775606570316,512.1583318045123,531.7371215820312,19379390,0.0,0.0
2022-06-20,532.5661184836838,540.6115288941998,525.109431694079,536.7310791015625,11194560,0.0,0.0
2022-06-21,542.0833121144091,545.90980650663,535.2152882505161,544.4527587890625,10023590,0.0,0.0
2022-06-22,542.7210823048589,542.7210823048589,530.3095580561611,533.704345703125,8983460,0.0,0.0
2022-06-23,534.2929547919035,539.1398192566664,524.2263855278258,534.5431518554688,11018570,0.0,0.0
2022-06-24,540.6114944123246,551.0753958809942,535.2151909290801,548.2399291992188,13049330,0.0,0.0
2022-06-27,559.2533363656881,561.7062018760639,548.2399941778655,553.4841918945312,10490080,0.0,0.0
2022-06-28,550.1286697518168,551.3060571332466,542.0832591771918,547.1116333007812,7395000,0.0,0.0
2022-06-29,538.1587371232523,544.9286704410125,535.7058714116605,540.8863525390625,7559820,0.0,0.0
2022-06-30,542.8556714034239,545.0614313402924,529.4831766580952,531.7972412109375,11982750,2.0,0.0
2022-07-01,528.203197142903,554.7856767826667,525.3524169367168,552.8605346679688,12218900,0.0,0.0
2022-07-04,552.712747441166,556.2626992882776,545.6326174565455,554.4262084960938,7898180,0.0,0.0
2022-07-05,557.3507407861828,566.7055677075056,554.0470290378064,557.4590454101562,12284530,0.0,0.0
2022-07-06,559.3202048995447,584.8096573043618,555.9623406778878,582.6284790039062,22229520,0.0,0.0
2022-07-07,584.4305271693245,589.541219440329,572.7123510250307,577.1140747070312,13352470,0.0,0.0
2022-07-08,583.7412713327121,583.7412713327121,571.2353310082624,578.3450317382812,8032820,0.0,0.0
2022-07-11,576.0603596695448,581.3729355526151,572.4956832777345,577.1928100585938,7613370,0.0,0.0
2022-07-12,576.0407485618722,586.8480727811435,569.5613425346622,578.3794555664062,9754460,0.0,0.0
2022-07-13,583.9332193749682,588.763293105838,577.6950052150438,578.90625,8869340,0.0,0.0
2022-07-14,583.445786859257,583.6378142039357,570.6148742923128,574.1746826171875,6929200,0.0,0.0
2022-07-15,576.5527486352939,583.765824505065,572.4021332312084,582.4807739257812,5698590,0.0,0.0
2022-07-18,587.8671765608831,597.5371209048901,584.0711054023504,596.7197875976562,9664320,0.0,0.0
2022-07-19,594.770062379936,600.4962037124106,591.0330719458227,597.3253784179688,9785600,0.0,0.0
2022-07-20,605.5035549042611,605.5626356223806,594.9719811566224,598.1575317382812,8270920,0.0,0.0
2022-07-21,598.6105594204656,618.7135713084547,594.37622066218,617.1134033203125,13254930,0.0,0.0
2022-07-22,617.5170769693327,622.8345820268304,612.2685695360636,616.2615966796875,9532950,0.0,0.0
2022-07-25,614.4644484189229,623.7208279328833,609.0484957485637,613.184326171875,7240230,0.0,0.0
2022-07-26,620.3727378351322,628.6148279724597,611.7564498096442,616.8720703125,15304060,0.0,0.0
2022-07-27,618.304875526415,633.1150226526149,610.0332146762623,629.8605346679688,14449890,0.0,0.0
2022-07-28,642.2335477032382,700.1300667998286,642.2335477032382,696.8460083007812,64857820,0.0,0.0
2022-07-29,706.5355687633352,714.9056765465941,701.6119759496534,709.8934326171875,26067620,0.0,0.0
2022-08-01,714.0244211447485,719.8293570117132,708.2096885770227,715.0042114257812,12270770,0.0,0.0
2022-08-02,709.1402245778991,724.359007892677,707.2445931130192,722.9705810546875,12491240,0.0,0.0
2022-08-03,721.4048254613749,726.3678456925636,710.769876555541,718.4851684570312,12186210,0.0,0.0
2022-08-04,722.6800942619888,727.2147042956642,709.489769052168,720.484130859375,9494810,0.0,0.0
2022-08-05,722.7786528419405,725.5358533929506,716.4862854416688,719.3074951171875,7580780,0.0,0.0
2022-08-08,718.8446380801798,728.4948691462439,715.2996748648775,723.0001220703125,9574820,0.0,0.0
2022-08-10,725.6391512947654,725.6391512947654,699.6425565393048,704.0147094726562,19065230,0.0,0.0
2022-08-11,713.3302317036953,721.3064289245398,710.7059179711133,720.710693359375,10270510,0.0,0.0
2022-08-12,719.0415814758921,723.0789039629386,716.0923538812965,719.770263671875,10369410,0.0,0.0
2022-08-16,722.6850301217966,727.1162639784033,716.0972600508763,717.475830078125,8044640,0.0,0.0
2022-08-17,718.8445988741365,752.1280765001466,718.4506873817165,741.2075805664062,23444140,0.0,0.0
2022-08-18,737.5542717517491,747.2832968602224,733.8517199967891,737.3819580078125,8353540,0.0,0.0
2022-08-19,739.5237309210277,742.3498687329952,715.9889303567252,719.0120239257812,11004270,0.0,0.0
2022-08-22,715.0042200003065,716.8554959540722,698.0523213326999,699.3668823242188,10608620,0.0,0.0
2022-08-23,697.6731592748505,713.9210169008703,694.2266440208464,709.7556762695312,10886030,0.0,0.0
2022-08-24,705.5508997091754,712.5818051650606,703.08910312959,706.7227172851562,9530960,0.0,0.0
2022-08-25,710.257912116801,712.8378702275278,691.7747234228714,693.946044921875,13542960,0.0,0.0
2022-08-26,701.1197125113813,703.2368817516622,691.83382240769,695.418212890625,7591390,0.0,0.0
2022-08-29,677.584889788876,690.8293678622837,675.6499512682612,685.7925415039062,9967350,0.0,0.0
2022-08-30,689.3030150636228,722.2910879273819,689.3030150636228,719.4600219726562,17313810,0.0,0.0
2022-09-01,711.8136443836806,722.1778312763295,703.2860080928496,707.1559448242188,14625790,0.0,0.0
2022-09-02,710.6813507659866,720.124769390479,706.3830031776934,708.0471801757812,9063700,0.0,0.0
2022-09-05,708.0816467435551,714.3149326256492,704.861597525834,708.6232299804688,7070250,0.0,0.0
2022-09-06,711.8284884112204,714.4133748467445,699.6425952151785,701.0556640625,7919050,0.0,0.0
2022-09-07,696.9838730124944,709.7802875120169,696.1961100852236,705.6986694335938,7919940,0.0,0.0
2022-09-08,710.9668364150369,716.8209957637405,706.5356026700679,714.67431640625,7722510,0.0,0.0
2022-09-09,718.8446107996414,721.2079595884584,705.5509090930726,707.1166381835938,6496070,0.0,0.0
2022-09-12,710.6567280484063,720.8042472601229,707.8010197153661,717.5546875,8347160,0.0,0.0
2022-09-13,721.7988249941549,733.0246424934386,720.0657104227956,729.0315551757812,13827000,0.0,0.0
2022-09-14,716.1021911841809,744.447290749998,716.1021911841809,736.9092407226562,14933880,0.0,0.0
2022-09-15,737.5493111882815,741.7737323923046,725.708045850819,727.3427124023438,7174200,0.0,0.0
2022-09-16,727.2147460728141,736.5843587491073,708.441082011467,716.294189453125,11870360,0.0,0.0
2022-09-19,716.3827338191003,740.9465448734801,708.1061456877945,738.1548461914062,16481170,0.0,0.0
2022-09-20,745.4271034575453,759.71045254859,744.9396725249621,751.8720703125,16134500,0.0,0.0
2022-09-21,752.3250805274548,761.6799080994584,747.0125039524615,757.3126831054688,12392620,0.0,0.0
2022-09-22,755.2792105227578,765.9141600063678,748.3861799182476,760.1585083007812,12810390,0.0,0.0
2022-09-23,759.6907405384765,761.335263991665,736.0772060572135,739.2431030273438,14123310,0.0,0.0
2022-09-26,732.3353246769528,734.600165714293,702.0060000969086,714.8565673828125,18752050,0.0,0.0
2022-09-27,721.306409077177,726.7174332353683,709.9870730357596,713.2169189453125,11428290,0.0,0.0
2022-09-28,706.9295874114501,718.5984801080896,705.0684546211121,709.24365234375,8690690,0.0,0.0
2022-09-29,720.0754727792514,720.5087513652612,697.9734566964883,699.617919921875,9696320,0.0,0.0
2022-09-30,697.2792467537571,724.9498766710876,691.9420885397849,722.364990234375,16186650,0.0,0.0
2022-10-03,722.4880914844904,728.4948512580509,703.5421141186192,706.2205200195312,8201980,0.0,0.0
2022-10-04,722.2910885182965,739.0313046121084,719.4698793635848,737.4262084960938,11914950,0.0,0.0
2022-10-06,743.4626075316881,748.2877531314865,723.4629734338413,729.1004638671875,15100600,0.0,0.0
2022-10-07,727.259095776919,729.4550594693203,716.1120722627115,723.2907104492188,9911960,0.0,0.0
2022-10-10,715.3980748327107,722.5865087121217,711.0652888794591,718.1947021484375,6531130,0.0,0.0
2022-10-11,719.5339450848548,724.0144030184387,706.2993237394878,709.273193359375,7322060,0.0,0.0
2022-10-12,709.4897329730901,714.7579533060247,703.5814215257083,711.5773315429688,7407310,0.0,0.0
2022-10-13,711.0161259974053,711.5577092624335,700.5977853127102,704.236328125,6086550,0.0,0.0
2022-10-14,718.8446340760893,723.2758681217638,711.0653324882551,716.1366577148438,8390120,0.0,0.0
2022-10-17,714.4084450289922,725.9641038465883,710.6714546183025,724.2802734375,6174010,0.0,0.0
2022-10-18,728.6918115154639,731.6459675080941,720.9125100272212,727.7464599609375,9069750,0.0,0.0
2022-10-19,730.3658839444104,732.6307249715453,723.7682565243089,726.7617797851562,6271770,0.0,0.0
2022-10-20,725.7327001622386,733.5169297628352,715.0041714814201,731.8822631835938,10260540,0.0,0.0
2022-10-21,737.5542451921583,737.5542451921583,704.3741441324008,708.2835083007812,23869600,0.0,0.0
2022-10-24,719.82932609364,719.82932609364,708.0127024094763,709.6375122070312,2278840,0.0,0.0
2022-10-25,713.187413461906,713.187413461906,698.1655255890258,699.435791015625,9098990,0.0,0.0
2022-10-27,707.6187459400635,709.9820945676774,682.5084222070874,686.4571533203125,16414580,0.0,0.0
2022-10-28,689.3030092361313,698.1654764977387,687.3335720668853,689.9775390625,8396690,0.0,0.0
2022-10-31,698.5594080866111,704.0344411706632,693.8327106623598,703.4927978515625,8189860,0.0,0.0
2022-11-01,708.6971565788954,712.5424519824304,705.0586136439541,709.9329833984375,7627420,0.0,0.0
2022-11-02,709.6867750027657,712.936334673465,703.0940761321297,704.6843872070312,5859140,0.0,0.0
2022-11-03,699.6426151323416,708.5050831635746,698.3723496847497,701.2772216796875,6323130,0.0,0.0
2022-11-04,701.2772426734904,711.449403669213,701.2772426734904,710.1791381835938,9219250,0.0,0.0
2022-11-07,713.7339237224849,713.985031786931,700.2334093672391,708.0176391601562,7224940,0.0,0.0
2022-11-09,712.4439479595002,712.4439479595002,700.5928853739074,703.4830322265625,6896340,0.0,0.0
2022-11-10,704.8616182519513,705.5509333475907,685.8122642600858,686.8511352539062,10081820,0.0,0.0
2022-11-11,703.9753809582971,704.8468064700963,688.8106898358674,694.3694458007812,12333420,0.0,0.0
2022-11-14,694.7091939694412,699.8396000918366,689.4064740930726,691.8436889648438,8550600,0.0,0.0
2022-11-15,692.7643219723592,695.4476561228415,687.4320322749442,691.8386840820312,7195210,0.0,0.0
2022-11-16,690.3862288436708,692.734792465384,674.7883189185437,678.9684448242188,13362040,0.0,0.0
2022-11-17,676.5017197714407,684.3794690555331,672.7598008819882,678.9684448242188,7339440,0.0,0.0
2022-11-18,680.4307642552582,682.2131026964798,664.685121873493,668.771728515625,13276890,0.0,0.0
2022-11-21,664.3896468540382,664.3896468540382,650.9334288123596,657.703369140625,10717480,0.0,0.0
2022-11-22,657.8167219409515,662.4941356829894,655.8522129774923,658.2893676757812,9587690,0.0,0.0
2022-11-23,661.583253453395,670.1010944927071,658.7768291192081,667.6442260742188,8936670,0.0,0.0
2022-11-24,670.9823866695864,673.5327743268097,663.4344797189164,666.7874755859375,7546110,0.0,0.0
2022-11-25,666.654581992173,667.4423449577866,657.2997540321647,664.43896484375,8590580,0.0,0.0
2022-11-28,662.6171896491579,672.8385738287511,662.5728340370748,667.3881225585938,6040540,0.0,0.0
2022-11-29,667.146864776057,670.4850753210754,661.8293601892585,663.124267578125,6818600,0.0,0.0
2022-11-30,663.208021465356,665.0986644751437,657.5951130493893,661.824462890625,14828310,0.0,0.0
2022-12-01,665.1380918939528,666.6545370029834,660.450821426549,664.4635620117188,9816160,0.0,0.0
2022-12-02,662.7353967090388,663.8924291575591,654.5425299374402,657.3735961914062,14386020,0.0,0.0
2022-12-05,657.2554915346714,659.6631361691994,653.0655083086423,655.8670043945312,10292500,0.0,0.0
2022-12-06,657.2406393991919,663.2080322069331,653.0654418046611,659.6187133789062,8409800,0.0,0.0
2022-12-07,662.2184193411691,662.2184193411691,650.0128114165228,652.3958740234375,9610270,0.0,0.0
2022-12-08,657.7919991038465,657.7919991038465,645.975376365454,648.1368408203125,11377840,0.0,0.0
2022-12-09,650.1605603103147,651.6868623655222,639.0824742770077,641.7855224609375,11312920,0.0,0.0
2022-12-12,640.8647428945579,643.9075499714252,629.4321737803,640.7072143554688,11000480,0.0,0.0
2022-12-13,640.7564499796543,654.6409591724566,640.7564499796543,651.8936157226562,9586360,0.0,0.0
2022-12-14,655.6256655548304,658.6339738201455,652.5336345673294,655.3499755859375,6782830,0.0,0.0
2022-12-15,653.0654753645289,661.1401809909034,650.3082749342321,652.41552734375,8577060,0.0,0.0
2022-12-16,648.9295505581281,659.2986661559809,645.9753947892747,649.6090087890625,8802330,0.0,0.0
2022-12-19,649.9241766617723,660.2538658564669,649.6189162792704,658.4813842773438,6595590,0.0,0.0
2022-12-20,655.8225467662718,659.648187905467,648.4371577261111,654.1337280273438,6077160,0.0,0.0
2022-12-21,659.1608157491514,659.1608157491514,640.5594664719038,642.6962890625,6223900,0.0,0.0
2022-12-22,646.9601017689865,647.4524610549599,630.9092010667456,639.1463623046875,8497060,0.0,0.0
2022-12-23,635.1435067207511,636.7190324638829,624.3165303562427,627.71875,9943030,0.0,0.0
2022-12-26,627.7237195981054,637.1031289607438,620.3727682090858,633.5384521484375,5305350,0.0,0.0
2022-12-27,636.7190508841862,643.0212742439455,633.1740878083567,640.5299072265625,7810350,0.0,0.0
2022-12-28,637.6053184212307,646.9601454868704,636.5270803612648,637.713623046875,7559340,0.0,0.0
2022-12-29,634.1588211400672,642.0857943838265,630.4562693381356,641.1405029296875,5218800,0.0,0.0
2022-12-30,644.9907187615337,661.7210790867565,641.5442034704415,647.4722290039062,15202660,0.0,0.0
2023-01-02,646.4677938329976,650.8990277587379,638.5654026244448,645.3599853515625,5793400,0.0,0.0
2023-01-03,646.4678205564096,655.8226481196783,643.0213051383632,650.52978515625,7420810,0.0,0.0
2023-01-04,649.4219425249626,653.6562206528525,644.9907086487498,647.05859375,6712530,0.0,0.0
2023-01-05,639.082451415914,639.082451415914,593.2979591846919,600.683349609375,51023000,0.0,0.0
2023-01-06,603.6325357687522,604.6123260226925,585.0804098556723,588.901123046875,29319220,0.0,0.0
2023-01-09,592.8006452463744,598.5120015687879,586.3999738276012,590.1763916015625,14005480,0.0,0.0
2023-01-10,590.7328032338178,592.3083291956806,578.5222666707604,581.3927001953125,11203750,0.0,0.0
2023-01-11,583.9382013556052,585.8091909658572,577.5916819886103,580.5655517578125,11088910,0.0,0.0
2023-01-12,581.6289640380263,587.3747583120893,576.7496667937663,580.826416015625,14769490,0.0,0.0
2023-01-13,582.9533785282215,589.3540490694942,578.2267415336179,588.6450805664062,11084900,0.0,0.0
2023-01-16,590.8311712760601,597.9408108545704,588.3250792199182,591.904541015625,9083390,0.0,0.0
2023-01-17,592.7956360030755,592.7956360030755,584.9228160398264,589.34912109375,8170050,0.0,0.0
2023-01-18,591.220171920138,595.6563342377351,589.3541108493245,590.6982421875,7962810,0.0,0.0
2023-01-19,589.1571254215723,593.7508761488294,586.9562937786649,592.05712890625,5481420,0.0,0.0
2023-01-20,592.0620643535365,592.7759613049145,574.7999182684042,577.08447265625,8330900,0.0,0.0
2023-01-23,579.113057855538,584.4305630089885,575.1741829574152,577.340576171875,8560640,0.0,0.0
2023-01-24,580.2307208525108,583.0519303703655,575.3366976607794,576.5577392578125,6081450,0.0,0.0
2023-01-25,576.065322969427,576.5576822810236,568.8719606392941,570.7330932617188,8278370,0.0,0.0
2023-01-27,572.6139220482943,577.1978164299509,559.3202196447655,567.2669067382812,16213520,0.0,0.0
2023-01-30,568.1875652988128,597.3499972625272,568.1875652988128,592.9778442382812,24481600,0.0,0.0
2023-01-31,595.7548201119877,595.7548201119877,578.423794840623,579.6448364257812,19967880,0.0,0.0
2023-02-01,585.3168531337257,588.9011837309168,562.1661055429536,572.83056640625,26348660,0.0,0.0
2023-02-02,573.0077816271294,573.0077816271294,555.8736538191793,563.0276489257812,20250440,0.0,0.0
2023-02-03,568.182693649431,593.7853800183829,565.9227810467066,592.2344360351562,14868920,0.0,0.0
2023-02-06,590.8311678260867,603.0417026688076,586.4590147800754,601.0919189453125,10738200,0.0,0.0
2023-02-07,602.9383172267305,608.7531099766406,600.678404647769,606.640869140625,14721930,0.0,0.0
2023-02-08,607.078990016185,627.9550354322034,606.862380782955,625.458740234375,19032080,0.0,0.0
2023-02-09,627.7483188344424,638.8658315007258,623.843942819029,635.6359252929688,18381540,0.0,0.0
2023-02-10,635.5324742606717,642.7849170668737,632.1893354114973,633.7156372070312,12912820,0.0,0.0
2023-02-13,633.6615260296352,637.4231585036655,620.0822774153853,624.8532104492188,7365570,0.0,0.0
2023-02-14,625.6706149272926,637.3444366762188,621.3575419200309,636.0003051757812,10340900,0.0,0.0
2023-02-15,635.1435682085827,639.6732502354428,629.9540813719826,639.0775146484375,6189790,0.0,0.0
2023-02-16,640.5594474361687,642.5042426245285,632.1893393605231,633.8928833007812,5290480,0.0,0.0
2023-02-17,631.2046962077198,637.6841621800075,627.0196416696812,631.8644409179688,6160440,0.0,0.0
2023-02-20,632.6817548647725,634.5083887919454,624.6070496304424,627.009765625,4657320,0.0,0.0
2023-02-21,629.7275796437405,631.0323438816329,625.4933014492701,628.1766357421875,4485090,0.0,0.0
2023-02-22,623.4253765550069,626.2810847876322,609.0485077691045,610.3926391601562,9347000,0.0,0.0
2023-02-23,611.9041937016673,616.6751267160316,602.9087792094288,610.7569580078125,8097680,0.0,0.0
2023-02-24,615.818411405972,618.9941049373014,610.525548785453,614.0951538085938,6077610,0.0,0.0
2023-02-27,612.0026088599851,614.5628531746529,604.1248600733722,609.9839477539062,5950040,0.0,0.0
2023-02-28,612.4949650316829,615.1142900447776,599.6936233188021,601.869873046875,9778520,0.0,0.0
2023-03-01,600.6882183748093,610.9145309173117,600.6882183748093,606.0795288085938,5448040,0.0,0.0
2023-03-02,607.0987519269909,611.4709050693656,597.729139692784,599.0043334960938,5822980,0.0,0.0
2023-03-03,602.8251008120409,604.7157439320706,598.0196686341835,600.683349609375,7120370,0.0,0.0
2023-03-06,604.6172519519292,608.8515301324042,602.6527430506077,604.110107421875,6084770,0.0,0.0
2023-03-08,603.5340793855903,603.5340793855903,589.3541069077302,590.52099609375,13427950,0.0,0.0
2023-03-09,590.8312294633503,594.7701043264393,580.009180393407,581.112060546875,9408580,0.0,0.0
2023-03-10,577.5375415865432,579.7433019499513,569.2658801213009,578.4385375976562,7708610,0.0,0.0
2023-03-13,577.931422785115,585.6614404550556,572.2200063052675,574.4405517578125,7933560,0.0,0.0
2023-03-14,575.0756678080952,576.0603864173556,562.879918216012,564.3964233398438,13725650,0.0,0.0
2023-03-15,571.1368254781421,573.1062628073771,561.3880866574459,563.135986328125,6794730,0.0,0.0
2023-03-16,564.2142622091911,566.7056294467311,557.8431608715432,562.776611328125,8849630,0.0,0.0
2023-03-17,565.2334723719929,572.7862481082019,560.117851421152,564.4752197265625,10471510,0.0,0.0
2023-03-20,565.1300057297744,565.272749051334,540.1870677716628,546.5975952148438,17127560,0.0,0.0
2023-03-21,551.6196603774727,562.7666821870683,550.0785733581116,562.2841796875,11301140,0.0,0.0
2023-03-22,566.1934891003622,576.7497038892943,564.7361247853146,574.5045166015625,12425340,0.0,0.0
2023-03-23,572.0723032332304,580.9839948627526,568.428832261905,574.3912963867188,10544190,0.0,0.0
2023-03-24,571.5208757687667,574.0663350315745,554.1208538255656,556.2921752929688,12780420,0.0,0.0
2023-03-27,561.09273623176,563.7514888985867,549.9211307725503,550.7581176757812,11187430,0.0,0.0
2023-03-28,553.5152467613651,553.845149139584,543.8305774925232,544.9876098632812,9481360,0.0,0.0
2023-03-29,547.7153063645889,555.9721216986222,547.0112060898874,553.9239501953125,11096120,0.0,0.0
2023-03-31,560.6987839734904,560.6987839734904,550.0834888228162,553.091796875,12678280,0.0,0.0
2023-04-03,556.8583664636167,564.6376674189438,554.613179213843,562.7716064453125,7453860,0.0,0.0
2023-04-05,574.2878953984564,585.6170876179413,565.5386610841674,567.325927734375,24333290,0.0,0.0
2023-04-06,567.2964062016387,586.7938841027408,561.8361579622914,584.15478515625,17405020,0.0,0.0
2023-04-10,585.4102751620987,587.8671432435414,572.2199503755209,573.9727783203125,9282570,0.0,0.0
2023-04-11,576.8481450843242,579.0145380294148,572.2347408376268,574.8541259765625,8116200,0.0,0.0
2023-04-12,574.7802422345154,578.694474515448,569.7581414581367,576.7447509765625,10230690,0.0,0.0
2023-04-13,576.7448273764676,584.6275053941237,576.099807777481,581.4222412109375,8330060,0.0,0.0
2023-04-17,590.6342104824885,590.6342104824885,580.9839801213035,587.0350952148438,6728570,0.0,0.0
2023-04-18,588.369326533777,590.2403157972075,578.0544238878259,582.5250244140625,6408890,0.0,0.0
2023-04-19,582.5251274878098,586.8923525730764,579.014602874109,585.6860961914062,5549280,0.0,0.0
2023-04-20,586.8923191521164,587.4781979034328,579.620162258981,582.234619140625,4367310,0.0,0.0
2023-04-21,582.2641854148159,585.4152974383406,573.8940760317613,584.7161254882812,6431010,0.0,0.0
2023-04-24,584.9228832436934,587.3551094814027,578.7191677146304,584.3074340820312,5448920,0.0,0.0
2023-04-25,586.8824478601811,599.9595401421169,583.8101305365852,598.2412109375,14944750,0.0,0.0
2023-04-26,600.6783515291369,602.6280751422986,592.1408580172377,596.3406372070312,9740070,0.0,0.0
2023-04-27,598.2166055237158,615.8873896679007,597.330334659734,610.530517578125,28271360,0.0,0.0
2023-04-28,614.8485310781757,619.9788771026875,601.7615809286756,618.4132080078125,14896680,0.0,0.0
2023-05-02,623.3268891949851,623.7848098003745,612.9676300343461,615.3654174804688,9912540,0.0,0.0
2023-05-03,614.2724534912477,615.9415589327853,606.1878911687692,608.580810546875,6682510,0.0,0.0
2023-05-04,610.230186906588,630.1215165528652,608.7678940700747,629.2598876953125,12451410,0.0,0.0
2023-05-05,628.2455970956864,634.9466005824656,623.4893889846277,629.220458984375,11600400,0.0,0.0
2023-05-08,629.673415517007,659.2789837175087,629.0382527638926,655.6207275390625,22247350,0.0,0.0
2023-05-09,654.8378675732911,663.6855497504256,644.2029187369524,645.2122192382812,21307700,0.0,0.0
2023-05-10,649.0230874379074,656.3149576394034,642.5288970138196,653.0161743164062,8353210,0.0,0.0
2023-05-11,655.7241455897466,657.7920306270836,652.3760782791061,656.1622924804688,5674940,0.0,0.0
2023-05-12,654.8378533230954,663.075014598504,650.3770493227098,661.179443359375,9120780,0.0,0.0
2023-05-15,661.1794687958885,664.6850646587312,658.3631879835532,660.97265625,7390760,0.0,0.0
2023-05-16,661.7309201270361,674.4338145097428,659.7614828647534,668.0922241210938,12651330,0.0,0.0
2023-05-17,668.1316099306416,670.6377020883552,656.0195824490743,660.2587890625,7407850,0.0,0.0
2023-05-18,665.650152309137,672.6269061945728,664.2075730174507,668.56494140625,11067180,0.0,0.0
2023-05-19,669.6086676725536,671.5781049304139,660.9431557584586,668.0527954101562,5928340,0.0,0.0
2023-05-22,668.0528307571432,671.3811847072285,665.8569273312282,668.92431640625,4197920,0.0,0.0
2023-05-23,670.5983525499395,676.8907193685205,665.3842839441708,667.6934204101562,7901960,0.0,0.0
2023-05-24,666.5561133817886,674.3895073819222,662.6910443947199,668.2251586914062,5539360,0.0,0.0
2023-05-25,667.4422661352725,674.3352964496577,664.3010113450472,673.6607666015625,5302600,0.0,0.0
2023-05-26,674.1974275107041,681.4252886650349,673.6657010899592,679.8989868164062,6940730,0.0,0.0
2023-05-29,683.4144866155344,686.5360280439613,679.6331403889623,682.6119384765625,6407280,0.0,0.0
2023-05-30,684.1825644457326,691.1494615101204,682.4150111466774,689.874267578125,8819230,0.0,0.0
2023-05-31,689.7855953248534,691.8633373656315,682.1441685656824,688.3035888671875,21476270,0.0,0.0
2023-06-01,691.6664489134719,694.9455189580734,684.487811021188,693.2911987304688,5900260,0.0,0.0
2023-06-02,696.7623190323002,699.1502497662922,689.7954224806869,691.6565551757812,6642090,0.0,0.0
2023-06-05,696.1961679884508,698.3231340792297,690.5881874003501,693.55712890625,5771620,0.0,0.0
2023-06-06,691.7648946471262,702.3013968779019,691.7648946471262,700.5239868164062,6905860,0.0,0.0
2023-06-07,701.1196450970233,703.187530121637,695.4082892220608,697.1758422851562,5344830,0.0,0.0
2023-06-08,697.1807809393324,700.233384611503,688.8254578974381,690.297607421875,4553600,0.0,0.0
2023-06-09,690.5586486504377,697.4270377236394,690.489711127319,692.9613647460938,4473610,0.0,0.0
2023-06-12,694.2414857831197,700.1350129230075,693.3995104042349,698.923828125,5132550,0.0,0.0
2023-06-13,699.1502207928239,708.9974070011735,699.1502207928239,705.7232055664062,8001340,0.0,0.0
2023-06-14,707.2249202744641,707.2249202744641,697.3826625401954,698.8400268554688,4015200,0.0,0.0
2023-06-15,698.6579076826313,703.2565271173365,694.8174807664366,701.7695922851562,4370180,0.0,0.0
2023-06-16,706.0432270779445,710.8289449875243,702.2028005465812,709.3125,14148580,0.0,0.0
2023-06-19,710.1742348513169,728.5786304009215,709.219026425691,727.3329467773438,11845900,0.0,0.0
2023-06-20,726.343171861735,726.343171861735,709.0958118387119,713.8027954101562,8638260,0.0,0.0
2023-06-21,716.3828249321817,717.4561947163365,706.7325940876074,709.60302734375,5468040,0.0,0.0
2023-06-22,709.0073383003473,709.4061181304094,691.2725444592927,692.2572631835938,8271940,0.0,0.0
2023-06-23,691.3659884883805,694.7189842281282,684.9801026823255,688.2838745117188,8152260,0.0,0.0
2023-06-26,688.3182874365443,692.7495210466509,683.8870538264379,689.1749877929688,5635390,0.0,0.0
2023-06-27,692.2571929401386,692.2571929401386,684.7733554358218,691.1986083984375,7097890,0.0,0.0
2023-06-28,694.655003675572,701.6120433941683,693.241934806308,698.1852416992188,7097820,0.0,0.0
2023-06-30,702.1210812170924,711.5156590643634,701.2508418089282,708.1138305664062,8879080,3.0,0.0
2023-07-03,708.1137994567265,727.3380740107673,708.0544676977694,725.1624755859375,12092270,0.0,0.0
2023-07-04,756.5106994484865,783.2110770760802,752.8171616958847,777.3221435546875,41622080,0.0,0.0
2023-07-05,779.250544696842,791.112430288278,769.3664649278425,775.17626953125,19786660,0.0,0.0
2023-07-06,768.970870050489,773.7176522515389,764.9163923080888,768.0067138671875,10459840,0.0,0.0
2023-07-07,763.4330800487938,766.2910240700928,752.1200278472285,753.7764282226562,10949150,0.0,0.0
2023-07-10,753.7763690621692,754.5279449050445,734.9822650786477,744.9652709960938,14515180,0.0,0.0
2023-07-11,748.3027748224132,759.4773645997745,729.9091461838095,736.1392822265625,16750430,0.0,0.0
2023-07-12,738.7006237969854,742.4683417182324,731.6052570214027,734.94775390625,11317550,0.0,0.0
2023-07-13,738.705538853855,743.9417629643731,733.3703882356988,739.1654052734375,7470520,0.0,0.0
2023-07-14,739.106067385201,743.5462318437566,731.778262939339,739.9317626953125,7266000,0.0,0.0
2023-07-17,743.6549958800384,745.8305943757243,735.941565175192,742.760009765625,5067440,0.0,0.0
2023-07-18,743.6549588843498,747.1161189323487,729.127973297149,733.7659301757812,13097090,0.0,0.0
2023-07-19,735.9365489007421,751.4672847479007,734.7548027758135,750.0531005859375,9759430,0.0,0.0
2023-07-20,746.7205248101284,755.2399736423955,741.8749370149387,751.2299194335938,6494360,0.0,0.0
2023-07-21,751.2299809896789,757.2722238262216,744.9504714625906,749.761474609375,6733940,0.0,0.0
2023-07-24,749.7515924098436,755.9965170288039,747.6452242722853,749.7466430664062,5843420,0.0,0.0
2023-07-25,756.451361440595,756.451361440595,745.7365771486303,752.2040405273438,8508690,0.0,0.0
2023-07-26,755.0273473940453,764.8175100299142,724.9646757580742,735.0663452148438,22288660,0.0,0.0
2023-07-27,749.380756168841,749.380756168841,718.7050272358173,720.3267822265625,21471720,0.0,0.0
2023-07-28,723.7780851969835,731.254189001507,712.9990190187492,729.9685668945312,10070500,0.0,0.0
2023-07-31,726.3492001211957,728.8115587529832,720.0251465864335,721.9288330078125,7493150,0.0,0.0
2023-08-01,721.9288720609418,724.8658849422148,716.3613434502885,718.9027709960938,7527650,0.0,0.0
2023-08-02,720.9103029859351,720.9103029859351,706.5712091679707,712.351318359375,8985360,0.0,0.0
2023-08-03,709.5377930936302,714.4130768889494,694.016955658906,702.94677734375,10818980,0.0,0.0
2023-08-04,705.9778048769389,712.5045398777197,699.2829129254101,706.93701171875,7313490,0.0,0.0
2023-08-07,708.2522871085881,710.3042727499725,699.3125660356488,704.3115234375,7184090,0.0,0.0
2023-08-08,705.5822024097894,712.5045225455547,700.65253605613,709.3993530273438,8073620,0.0,0.0
2023-08-09,712.0101166909211,713.3946049498472,701.1321843525876,704.6279296875,5115720,0.0,0.0
2023-08-10,702.1259979941526,709.4389541463732,701.3299384143273,706.4573974609375,6161300,0.0,0.0
2023-08-11,706.4574213516,707.9556237595651,695.3025674550223,698.2247924804688,6303960,0.0,0.0
2023-08-14,696.1876780306222,698.0567190953092,686.3530309325464,694.0170288085938,6937850,0.0,0.0
2023-08-16,691.6387165229881,691.6387165229881,684.3208108762607,690.402587890625,5987950,0.0,0.0
2023-08-17,694.209835394404,694.209835394404,682.6396593995953,684.6422119140625,7101180,0.0,0.0
2023-08-18,681.7002020625492,683.9054966119958,676.9040470556215,678.5950927734375,7455330,0.0,0.0
2023-08-21,672.5528834699409,698.4621532675251,672.5528834699409,696.9985961914062,12308310,0.0,0.0
2023-08-22,697.2803730605823,707.4116786323672,697.176557568646,699.1494140625,12487800,0.0,0.0
2023-08-23,702.121038197563,706.9666864071334,692.528668280197,703.747802734375,8032480,0.0,0.0
2023-08-24,707.0655408013581,710.620617590687,704.1976983808458,705.824462890625,9103600,0.0,0.0
2023-08-25,703.6044018944215,719.733405516507,702.2199137138255,713.1473388671875,13032760,0.0,0.0
2023-08-28,714.4774555576948,718.0424314953203,705.8888355684554,715.5306396484375,7036260,0.0,0.0
2023-08-29,716.9545396535817,722.9818733289762,715.5700515718052,721.241455078125,14183050,0.0,0.0
2023-08-30,724.4702328383768,724.9548459549089,717.7457052601033,718.7445068359375,4602680,0.0,0.0
2023-08-31,719.9213112563809,720.4157627064197,705.5822192052581,708.3511352539062,14129800,0.0,0.0
2023-09-01,708.899933520938,724.8064575987127,707.5599894731322,723.9362182617188,6760760,0.0,0.0
2023-09-04,728.821435581415,728.821435581415,717.7853058008894,718.9571533203125,5813630,0.0,0.0
2023-09-05,720.2179611617435,727.6792165505018,719.9213023669519,726.3590698242188,12213530,0.0,0.0
2023-09-06,723.4121799251719,731.4914998577635,720.9794570202578,730.5817260742188,6051570,0.0,0.0
2023-09-07,729.8103364368986,730.5817096666859,722.2650025201771,728.1489868164062,5496220,0.0,0.0
2023-09-08,730.7992826156731,736.7277509931089,728.8214767087295,732.8413696289062,6246420,0.0,0.0
2023-09-11,734.2604152981893,736.1393549821572,728.030338997531,730.96240234375,4068490,0.0,0.0
2023-09-12,733.8648238845564,737.6227032212357,722.4430073687112,734.8834228515625,9635170,0.0,0.0
2023-09-13,734.6856846544025,742.4930930062787,729.8746813076328,739.2940063476562,5798460,0.0,0.0
2023-09-14,739.2939777757487,742.8342068543316,734.4631772415403,741.113525390625,6503720,0.0,0.0
2023-09-15,741.5783298598583,748.119913071407,737.2815152515639,740.9058227539062,7874940,0.0,0.0
2023-09-18,740.5795491959524,747.6106347271459,738.2160566452571,746.4882202148438,7066180,0.0,0.0
2023-09-20,740.5547755441771,756.2140750115316,739.9960429800516,745.533935546875,8441900,0.0,0.0
2023-09-21,744.643938609928,749.9493934023966,734.2604573942517,740.11474609375,6757250,0.0,0.0
2023-09-22,741.0789244011612,749.2917559238169,737.0886673112819,738.843994140625,5263040,0.0,0.0
2023-09-25,749.0939769788454,776.2789091396079,742.6661078694559,773.3072509765625,23475330,0.0,0.0
2023-09-26,773.3121772402229,781.2283498665388,768.8720128298175,778.3308715820312,12468200,0.0,0.0
2023-09-27,776.7832479638334,776.7832479638334,765.6828367684684,775.0576171875,7441100,0.0,0.0
2023-09-28,771.8140002825958,774.2121382056094,763.240228667118,765.31201171875,7775050,0.0,0.0
2023-09-29,765.3119823606537,776.0909878109832,763.9274941504476,772.4073486328125,5730050,0.0,0.0
2023-10-03,769.445575239037,788.6994854777103,766.8941888903087,787.9182739257812,9445550,0.0,0.0
2023-10-04,793.5946599553811,795.3746732893186,773.3221483926579,776.6893920898438,11763840,0.0,0.0
2023-10-05,782.7018006462241,782.7018006462241,774.004416503966,776.3778076171875,7950610,0.0,0.0
2023-10-06,776.2887410418556,810.109230748623,775.7942896144405,807.7902221679688,21450340,0.0,0.0
2023-10-09,801.2141242531701,804.4725425437314,792.9023660618836,793.8616333007812,7478000,0.0,0.0
2023-10-10,796.5613394044323,804.4725631353267,793.1990451756633,799.3895874023438,9650240,0.0,0.0
2023-10-11,804.947194698199,808.2303596975008,800.5614125795436,801.2042236328125,7123720,0.0,0.0
2023-10-12,803.4836002525088,803.681392902601,791.418972890995,792.5364379882812,7640920,0.0,0.0
2023-10-13,791.077834997058,799.3203020262785,786.7760711742726,796.22998046875,6622820,0.0,0.0
2023-10-16,795.5031793817004,797.9458010130005,789.4066145268058,794.682373046875,4382460,0.0,0.0
2023-10-17,799.0335301194888,806.8458870447345,796.8134479739599,800.319091796875,8382830,0.0,0.0
2023-10-18,796.0668716495471,799.4884975720454,776.288812726577,777.9254760742188,15446420,0.0,0.0
2023-10-19,775.6262319718718,783.5077591488215,764.5208113112154,775.4531860351562,10614530,0.0,0.0
2023-10-20,772.333202844484,774.5433864486874,763.6803020443698,768.2984619140625,7711530,0.0,0.0
2023-10-23,771.3442995063751,779.7400758783622,767.5221992692816,771.2355346679688,8822300,0.0,0.0
2023-10-25,771.235531600071,776.976105947928,759.0818757874298,760.9064331054688,7087740,0.0,0.0
2023-10-26,754.0483204970762,757.1039964978623,731.9067712382689,733.9439086914062,13246300,0.0,0.0
2023-10-27,742.6611325983672,746.5228274156469,733.4297022478072,742.38916015625,9119440,0.0,0.0
2023-10-30,742.2507321976938,744.3323534221029,727.0908343181081,741.978759765625,7992760,0.0,0.0
2023-10-31,748.5796691627569,749.5586733388831,737.7709681240304,740.9503173828125,7494100,0.0,0.0
2023-11-01,743.6549971038137,746.5228397198252,737.4892018730178,738.8983764648438,4627780,0.0,0.0
2023-11-02,744.6439282549496,753.049603407894,732.8957562713833,736.6436767578125,8550300,0.0,0.0
2023-11-03,744.4460977124863,745.430051278167,729.0637202082291,732.9254150390625,11387550,0.0,0.0
2023-11-06,737.3259979125064,748.7923587322433,736.0009017912865,747.8133544921875,6340430,0.0,0.0
2023-11-07,755.5218259149593,755.5218259149593,736.3370852498974,741.2420654296875,15630070,0.0,0.0
2023-11-08,744.3472246116446,745.2372010065922,732.4457444143882,737.7166137695312,9167170,0.0,0.0
2023-11-09,740.1938329594809,740.1938329594809,728.495094557734,730.472900390625,7717910,0.0,0.0
2023-11-10,728.8214701136949,737.1282789908291,726.492622993853,736.2184448242188,4962610,0.0,0.0
2023-11-13,736.5152058458964,736.7327355342866,723.7781303680314,727.9166870117188,7322400,0.0,0.0
2023-11-15,735.6844589667159,739.3236145596386,704.0148180250579,714.4131469726562,19234400,0.0,0.0
2023-11-16,686.7485975995427,729.8795890110422,685.4333398092524,728.0748291015625,45570430,0.0,0.0
2023-11-17,706.1261353615141,717.9435376183999,702.9171501356352,714.0867919921875,20800340,0.0,0.0
2023-11-20,707.1644808897621,715.8668752035733,697.1864838472223,699.0159301757812,19029400,0.0,0.0
2023-11-21,700.6377558784516,704.9741050692668,695.1987895307713,702.4326171875,16662250,0.0,0.0
2023-11-22,700.7811160100655,709.8196426586155,698.709333045161,704.9246215820312,10414040,0.0,0.0
2023-11-23,705.5822490298951,708.0545063845899,697.7698916459213,699.5153198242188,6061580,0.0,0.0
2023-11-24,702.9121444415969,703.7823837915123,693.3197745785576,694.2889404296875,7264990,0.0,0.0
2023-11-28,695.693218478721,705.5822478814035,695.1888683219288,704.8455200195312,7281580,0.0,0.0
2023-11-29,705.4833428613379,708.9049082171309,703.5104864328264,705.09765625,6824300,0.0,0.0
2023-11-30,705.2855447281921,708.4104512655188,700.7019702309718,704.2867431640625,12719340,0.0,0.0
2023-12-01,708.0544637047503,719.9064502628647,706.2744505882342,717.8792114257812,9004770,0.0,0.0
2023-12-04,725.8547350703577,733.7659583408794,723.3874271414912,732.544677734375,11014260,0.0,0.0
2023-12-05,734.7548733124773,735.7437762375278,723.8818904801752,726.8238525390625,15222420,0.0,0.0
2023-12-06,730.7992879355251,737.6227425072904,728.3319798772798,734.4681396484375,7018000,0.0,0.0
2023-12-07,730.7992441952933,735.743758702704,724.4702414826704,730.9179077148438,6688620,0.0,0.0
2023-12-08,730.8536284894523,731.6002550106168,719.3279965291479,722.6506958007812,11443880,0.0,0.0
2023-12-11,724.3713776658078,727.1106580262348,718.9373610333108,721.1821899414062,5900550,0.0,0.0
2023-12-12,719.9213361571722,727.2392420139957,719.9213361571722,723.3380126953125,6333120,0.0,0.0
2023-12-13,721.8842224594443,722.344088835766,712.7022861819896,717.7456665039062,6829550,0.0,0.0
2023-12-14,728.6730824926539,742.7896956257157,721.90902041276,739.1257934570312,17295670,0.0,0.0
2023-12-15,744.5302182637156,744.5351676071671,736.2382572471354,743.16552734375,11739380,0.0,0.0
2023-12-18,746.4239493671085,752.5551598500715,744.2483507624639,750.3400268554688,10827980,0.0,0.0
2023-12-19,755.6207393006842,755.6800710648897,745.1383919054061,754.7950439453125,7914080,0.0,0.0
2023-12-20,756.5107291135232,760.9607922259556,737.73642177951,741.0789184570312,8745460,0.0,0.0
2023-12-21,734.4185863232649,739.4026954676187,722.4429869320222,728.5396118164062,9130820,0.0,0.0
2023-12-22,733.6621623421479,735.7437837059992,716.2623838131826,721.4343872070312,11294850,0.0,0.0
2023-12-26,724.3713912620949,726.2503309593596,706.5958853602687,708.2819213867188,12258440,0.0,0.0
2023-12-27,713.978060692493,724.2132428622983,711.1102782337936,715.2537841796875,16052790,0.0,0.0
2023-12-28,719.4268634656994,720.9102178233607,712.0100916773932,717.8099975585938,18560640,0.0,0.0
2023-12-29,715.13996851463,726.1514123416264,712.5194119543202,724.6433715820312,9128020,0.0,0.0
2024-01-01,725.5531572687302,725.5531572687302,719.2291035878752,721.8052368164062,3314890,0.0,0.0
2024-01-02,724.272530397351,736.2481303990959,719.9262827035571,734.7598266601562,11129900,0.0,0.0
2024-01-03,736.2332999340783,740.2779395735253,728.6434818334453,730.2850341796875,5534050,0.0,0.0
2024-01-04,747.6106144641175,764.8126002318069,747.6106144641175,762.0040893554688,29118790,0.0,0.0
2024-01-05,764.9115163170187,770.2565659699699,758.795153715029,762.5579223632812,10526010,0.0,0.0
2024-01-08,759.1807678976411,774.3109701860294,754.6614744046998,765.0152587890625,11212090,0.0,0.0
2024-01-09,768.7731495545083,772.3331759020847,761.2574511927395,763.9719848632812,12470830,0.0,0.0
2024-01-10,763.0375044660354,764.9411909619719,757.499671999258,759.5318603515625,5590720,0.0,0.0
2024-01-11,759.4774558061606,770.6817429853727,756.6145624883184,758.4638061523438,6517410,0.0,0.0
2024-01-12,759.8730302560147,763.3292411436346,753.247368599651,757.6034545898438,8086380,0.0,0.0
2024-01-15,761.2524388454392,761.2524388454392,737.1281952962291,739.5015258789062,9972200,0.0,0.0
2024-01-16,739.2049173383755,753.0001248572622,734.5471629531456,737.3902587890625,11947230,0.0,0.0
2024-01-17,722.2254627379597,739.5213645833167,722.116637548373,727.7188110351562,13802710,0.0,0.0
2024-01-18,721.5035631671136,727.0167091466525,715.3724132059621,718.4923706054688,16869960,0.0,0.0
2024-01-19,727.8326036705821,730.6806491222688,718.0671866036704,723.7879638671875,8308100,0.0,0.0
2024-01-23,727.1303822856321,727.3380736207916,696.4447570783,699.2235717773438,25332970,0.0,0.0
2024-01-24,702.516635830037,702.516635830037,691.9155654838189,697.70068359375,20636750,0.0,0.0
2024-01-25,697.7006880911647,704.6724414254495,695.7920523899799,700.6871337890625,11683490,0.0,0.0
2024-01-29,700.6871917710828,714.4774510182384,700.6476573808568,711.1843872070312,18603610,0.0,0.0
2024-01-30,691.0948200189839,691.0948200189839,672.9484745686839,674.1549072265625,41531470,0.0,0.0
2024-01-31,674.4317616899417,684.4196565982251,673.6406514604074,678.6741333007812,18105120,0.0,0.0
2024-02-01,678.9708833006581,680.3602605190216,665.8283248474089,666.846923828125,19111370,0.0,0.0
2024-02-02,668.0039265150391,683.3319218680859,667.8061338582696,677.2304077148438,13675080,0.0,0.0
2024-02-05,681.7497416377995,681.8486077931074,652.6759697511978,653.4868774414062,17712220,0.0,0.0
2024-02-06,657.4227090114159,662.4661505773942,646.2481170693912,652.4930419921875,24395330,0.0,0.0
2024-02-07,656.7304062751721,666.2832423008938,655.1729324594918,663.4747314453125,15382370,0.0,0.0
2024-02-08,665.7146029593122,666.2733355176964,646.4161481875257,650.2679443359375,21932090,0.0,0.0
2024-02-09,650.698151555211,660.3597528464613,649.9070412540689,658.0654907226562,12098740,0.0,0.0
2024-02-12,659.5439090235501,659.7812360828563,647.8798152077181,649.6251831054688,5447840,0.0,0.0
2024-02-13,652.6759253268659,656.532670846935,648.0379682310628,653.036865234375,9480140,0.0,0.0
2024-02-14,649.101055869035,658.2137625195079,647.7314156611072,657.2743530273438,6361260,0.0,0.0
2024-02-15,657.2248766772686,660.3300464273348,651.2568739291971,654.5944213867188,8808590,0.0,0.0
2024-02-16,657.6253721096629,658.6093256579569,652.8737009595312,654.5745849609375,10294310,0.0,0.0
2024-02-19,657.5117061219723,673.1363608792772,655.1779096131629,663.830810546875,13158810,0.0,0.0
2024-02-20,663.7417588779348,671.6628809910871,660.7107689882996,668.8543701171875,11067090,0.0,0.0
2024-02-21,671.4650283376205,671.4650283376205,659.1086921808595,661.4573364257812,8549440,0.0,0.0
2024-02-22,661.6798878153451,663.2423713736378,648.8192001458722,660.0877685546875,10223740,0.0,0.0
2024-02-23,659.9938730501269,664.4439364604978,655.8998002267024,662.3523559570312,12803110,0.0,0.0
2024-02-26,661.5759894916541,663.3560025039205,655.0689920072216,656.952880859375,8920560,0.0,0.0
2024-02-27,655.7415126068917,656.8293420510138,641.9067701918608,648.3494873046875,11503060,0.0,0.0
2024-02-28,649.9070003795892,652.3545109230957,640.314630142184,642.6583251953125,5353210,0.0,0.0
2024-02-29,642.6880266306442,646.6436382785132,629.5553669879544,642.3270263671875,16990980,0.0,0.0
2024-03-01,643.9488790194872,653.5363005506429,642.9946214544225,649.8526611328125,9190800,0.0,0.0
2024-03-04,651.4892409079214,656.6265988934682,648.4681496872132,652.918212890625,3971180,0.0,0.0
2024-03-05,652.9182080522155,656.260704773303,620.2399277375183,625.4069213867188,17175580,0.0,0.0
2024-03-06,626.2227565367214,627.5479129698282,611.9133606571849,624.121337890625,21047920,0.0,0.0
2024-03-07,627.9533562326668,639.6817304159486,625.5206333127682,634.9794921875,14694210,0.0,0.0
2024-03-11,647.7314089783794,647.9292016328424,633.2934505702432,636.2354125976562,12039710,0.0,0.0
2024-03-12,633.3923054097442,641.3035285842609,627.0979481287742,636.4628295898438,10946770,0.0,0.0
2024-03-13,636.7793131416424,644.2653156353725,632.0622871643352,638.4505615234375,11321830,0.0,0.0
2024-03-14,638.4504846087832,639.8201246720199,622.7912470798685,632.6456298828125,12198650,0.0,0.0
2024-03-15,630.430582741197,650.5003512995228,628.9422789662733,644.2059936523438,19705000,0.0,0.0
2024-03-18,644.2059719984294,648.2258647870518,638.4456004113996,643.2467651367188,6764250,0.0,0.0
2024-03-19,643.746070424422,659.3212905812494,643.2813150486486,652.3050537109375,14080870,0.0,0.0
2024-03-20,653.6648054287006,665.6305061655747,653.2692201325056,657.5709838867188,14908310,0.0,0.0
2024-03-21,663.3066405694403,669.6504311391669,658.3275408723007,664.1224975585938,18060920,0.0,0.0
2024-03-22,663.0594084585088,672.7506450116877,661.2101648250671,668.58740234375,11252380,0.0,0.0
2024-03-26,667.9544702939183,686.7930583099001,667.0150004752018,683.341796875,18503210,0.0,0.0
2024-03-27,686.8672470858751,697.0776816482081,682.8374556777577,694.4818115234375,15512750,0.0,0.0
2024-03-28,695.4064558074881,726.7744279861258,695.4064558074881,716.4849243164062,35745180,0.0,0.0
2024-04-01,718.0671830350213,726.1959366345027,713.992907548133,717.048583984375,11252380,0.0,0.0
2024-04-02,717.0485352348928,717.4490698900564,705.5822348264029,712.7418823242188,9676150,0.0,0.0
2024-04-03,711.713431823186,724.2082296679658,710.6404504439101,722.8138427734375,9589430,0.0,0.0
2024-04-04,726.3491221451417,726.8435735557239,717.4489967546634,720.2575073242188,10405890,0.0,0.0
2024-04-05,715.4465013976555,717.8446392163069,707.658891060555,709.6021118164062,12004940,0.0,0.0
2024-04-08,713.4934866243086,714.6752329060805,706.3536362150252,709.888916015625,5182100,0.0,0.0
2024-04-09,713.9879154868058,715.5058549269611,704.5439045765202,711.377197265625,7102810,0.0,0.0
2024-04-10,715.5603195008678,717.3502314444465,708.0545194757877,715.0015869140625,5679860,0.0,0.0
2024-04-12,714.3834781458953,718.339089740595,707.6885862073565,714.9323120117188,10925880,0.0,0.0
2024-04-15,706.5761181685301,711.891471607907,698.5066361699376,699.7724609375,7584480,0.0,0.0
2024-04-16,693.2159598796806,695.623935944621,685.4085524363373,687.707763671875,9632930,0.0,0.0
2024-04-18,685.1219162670461,691.7376800531335,678.980806628098,681.670654296875,13851330,0.0,0.0
2024-04-19,676.4145394281749,707.0655802789108,673.4478306997319,704.0494384765625,12183750,0.0,0.0
2024-04-22,708.7763589700576,722.4924374179874,708.7763589700576,721.1277465820312,11652720,0.0,0.0
2024-04-23,722.7891407017154,725.8448168071468,715.6492305065625,717.93359375,10815670,0.0,0.0
2024-04-24,720.2180217621519,733.7116221169778,716.9546540291749,724.7817993164062,8869290,0.0,0.0
2024-04-25,724.8658342679078,728.3121464292608,704.6032232646588,721.394775390625,11733540,0.0,0.0
2024-04-26,692.2320449443337,692.2320449443337,661.7244139638533,665.6503295898438,58147230,0.0,0.0
2024-04-29,671.460104304822,676.3700336477826,663.8554387645115,675.0844116210938,16810300,0.0,0.0
2024-04-30,675.4157579770705,689.7597999355404,674.624647697459,684.671875,17986750,0.0,0.0
2024-05-02,686.0860171647952,689.2604174119629,678.8818856206508,680.6322631835938,11395720,0.0,0.0
2024-05-03,724.7670236333023,731.7882107009423,683.0303561484652,685.4581298828125,68186010,0.0,0.0
2024-05-06,693.0182085002732,694.2049040819707,676.9040522358486,678.37255859375,12299880,0.0,0.0
2024-05-07,681.3491604221108,686.6051818399118,671.26728794106,679.6284790039062,12981260,0.0,0.0
2024-05-08,679.524659543034,680.3207191435722,670.970625218409,672.3995971679688,7259250,0.0,0.0
2024-05-09,672.4441023656302,675.6877329895308,651.192587783747,653.1852416992188,13811150,0.0,0.0
2024-05-10,656.5227482362066,662.3671377062071,652.7945650598544,660.9974975585938,8249080,0.0,0.0
2024-05-13,660.9827150224974,666.9457680559324,654.6537123909883,664.4191284179688,5122560,0.0,0.0
2024-05-14,663.5538560253485,666.7035093955961,658.3720144075322,660.1619262695312,7558400,0.0,0.0
2024-05-15,661.7737926476228,665.7244546650825,657.1308865705449,660.5870971679688,5950590,0.0,0.0
2024-05-16,662.5994817342189,668.7060050012014,654.9552821659904,667.2276000976562,10598510,0.0,0.0
2024-05-17,667.2128075714031,670.4761751132173,662.6687672994169,665.2745361328125,4801580,0.0,0.0
2024-05-21,663.0593972293242,670.9706204624854,663.0593972293242,666.8023681640625,7616240,0.0,0.0
2024-05-22,670.2239888204876,670.2239888204876,665.2596769650982,666.9705200195312,4160460,0.0,0.0
2024-05-23,668.4539162807214,677.7446185334336,665.5366404812819,675.0894165039062,7093170,0.0,0.0
2024-05-24,674.4318399096842,683.3319668293134,671.7617897622256,676.1030883789062,7420430,0.0,0.0
2024-05-27,678.2885507373569,688.2319625568224,673.4429021878743,681.8980102539062,6554710,0.0,0.0
2024-05-28,683.7225570003151,686.7930812672806,678.0808489141865,679.6779174804688,7528670,0.0,0.0
2024-05-29,680.167398577747,683.1341072604279,671.0051987768518,673.1165161132812,7213310,0.0,0.0
2024-05-30,670.4663246819454,672.3502138388423,652.0876013473786,654.302734375,11555750,0.0,0.0
2024-05-31,659.098843225669,669.6801164832647,656.8688623246592,662.3375244140625,28417330,0.0,0.0
2024-06-03,687.173739530603,691.1145027468531,675.7123293928037,683.8806762695312,11482120,0.0,0.0
2024-06-04,683.9202275712877,683.9202275712877,630.4947880961173,643.7312622070312,32993870,0.0,0.0
2024-06-05,653.0714680739336,678.5851496023271,646.3023966610452,676.0782470703125,12185170,0.0,0.0
2024-06-06,677.3985080589265,693.5126644270805,674.6592276242362,684.8944091796875,14657160,0.0,0.0
2024-06-07,691.7375999266702,721.80027315883,686.3974999585087,711.15966796875,29840520,0.0,0.0
2024-06-10,716.9545929818677,716.9545929818677,699.6735391769244,701.0184326171875,8723180,0.0,0.0
2024-06-11,700.4399291754343,708.9445305386997,697.275427746262,705.8887939453125,12052130,0.0,0.0
2024-06-12,706.8678076904008,719.624679727956,703.6044400680491,713.7654418945312,12685080,0.0,0.0
2024-06-13,717.1721351798792,724.3713772938959,715.1894403862633,721.3997192382812,13454950,0.0,0.0
2024-06-14,721.5085000408552,728.821456493451,716.657962574695,726.008056640625,11874880,0.0,0.0
2024-06-18,728.3270323916475,734.7005192323682,721.899163130893,725.3306274414062,9469040,0.0,0.0
2024-06-19,725.3305800576533,726.7398149744196,709.8245898506901,715.367431640625,5204000,0.0,0.0
2024-06-20,713.9879433741869,718.4281080462251,703.2088768726288,712.7122802734375,9001580,0.0,0.0
2024-06-21,719.4903860910783,722.0446324694118,703.1611527489454,709.0498046875,14998180,3.6,0.0
2024-06-24,703.2604847306948,706.3365356007052,697.7495074783413,703.8419189453125,6356540,0.0,0.0
2024-06-25,705.7451926619771,709.6212996555279,695.5083709195645,703.1065063476562,15608110,0.0,0.0
2024-06-26,702.6641976740269,713.5221860504696,699.1856620419774,711.4301147460938,9125520,0.0,0.0
2024-06-27,710.6151305701421,719.460573942277,703.9611816136837,712.2798461914062,11376060,0.0,0.0
2024-06-28,712.1059655688822,718.1685322186668,706.1726065291518,707.1912841796875,8295840,0.0,0.0
2024-07-01,703.1611409512669,725.9207272336754,703.1611409512669,723.21240234375,7727450,0.0,0.0
2024-07-02,723.0384996523459,723.1328879337183,707.8323412763633,712.1655883789062,12810270,0.0,0.0
2024-07-03,714.5856196463048,723.9975745885878,712.6028592214226,721.4284057617188,8363930,0.0,0.0
2024-07-04,725.6275490567873,728.0078809253473,705.6458641051147,706.3465576171875,18979770,0.0,0.0
2024-07-05,709.0249748175675,710.6051898962447,703.3599189257211,709.4224853515625,9310790,0.0,0.0
2024-07-08,710.1132674990514,710.3816311026244,700.3783535151017,705.471923828125,6777050,0.0,0.0
2024-07-09,706.6247561509977,709.8597991954725,699.8813929400646,702.4703979492188,9735030,0.0,0.0
2024-07-10,702.4654466729166,708.5628327082638,697.7942578905146,701.16845703125,8097140,0.0,0.0
2024-07-11,704.4432026593713,704.4432026593713,688.7500593640043,690.7676391601562,9718010,0.0,0.0
2024-07-12,695.4039825477894,700.1795076092436,687.2642069952807,696.1344604492188,10688330,0.0,0.0
2024-07-15,697.699834439601,704.1549978450303,695.2350628917839,702.0430297851562,5333730,0.0,0.0
2024-07-16,703.6580810261163,704.6519483721984,696.2239726888939,701.5808715820312,5582000,0.0,0.0
2024-07-18,700.3882449748814,707.4247817645261,692.8397913076371,706.6396484375,8646050,0.0,0.0
2024-07-19,706.6396797641813,706.6396797641813,686.7623329353718,688.9786376953125,9385980,0.0,0.0
2024-07-22,688.9488659071203,691.5925263932671,680.739511809894,684.203125,5751930,0.0,0.0
2024-07-23,689.1476517995588,690.225959062389,657.9401924261825,668.5845336914062,19322120,0.0,0.0
2024-07-24,658.9340461175844,661.3888693290506,650.0935767208703,656.6630859375,31006260,0.0,0.0
2024-07-25,651.9769710331029,662.5119405080181,651.1272338740966,660.6981811523438,9509650,0.0,0.0
2024-07-26,663.4114061836091,676.6646486516896,662.6212986541362,674.81103515625,11101840,0.0,0.0
2024-07-29,678.2001619771381,681.2960489782841,672.4257952648938,677.067138671875,7485650,0.0,0.0
2024-07-30,677.0671406076982,685.6690914182183,674.1401940578238,678.17529296875,11794130,0.0,0.0
2024-07-31,678.5082424088558,681.2960329009433,675.1340435200711,676.5205078125,8896590,0.0,0.0
2024-08-01,678.9605496192615,680.2028838894711,670.8605059131542,673.01220703125,8395230,0.0,0.0
2024-08-02,668.3757934570312,670.8604618341949,663.2176194796054,668.3757934570312,6222180,0.0,0.0
2024-08-05,660.9217805867173,660.9217805867173,649.2537877299146,655.6244506835938,9440410,0.0,0.0
2024-08-06,658.5364572427102,665.5929515605886,647.1567250390367,649.8252563476562,8918280,0.0,0.0
2024-08-07,655.9524096570016,661.8510095810441,654.0739859252901,659.6446533203125,4642840,0.0,0.0
2024-08-08,658.4420438172821,663.7095282421375,653.1049814038815,654.1832885742188,6903890,0.0,0.0
2024-08-09,665.8910572919083,665.8910572919083,655.0578800059565,657.76123046875,6994900,0.0,0.0
2024-08-12,657.8507067960495,660.4248499070777,652.3795228768091,656.762451171875,6748870,0.0,0.0
2024-08-13,660.4198862613507,660.4198862613507,641.2630686408131,642.5402221679688,10723270,0.0,0.0
2024-08-14,644.2744658986547,645.0148921712703,639.1510509400183,641.88916015625,7742760,0.0,0.0
2024-08-16,646.5106877500282,655.9524272329264,638.5597492381139,655.0480346679688,7534190,0.0,0.0
2024-08-19,659.7291546528827,661.5181038045527,655.3163810596429,657.5774536132812,5287300,0.0,0.0
2024-08-20,660.6583906747377,673.2358109601968,657.577426189841,668.0974731445312,9571590,0.0,0.0
2024-08-21,668.0726706662808,670.59209770796,665.3941908785135,669.4044189453125,6331110,0.0,0.0
2024-08-22,670.8604548909493,672.351255901818,668.2664756906412,670.224365234375,7282600,0.0,0.0
2024-08-23,671.3573967401463,672.0531160191972,666.3830857870794,669.4541625976562,6180450,0.0,0.0
2024-08-26,673.4444956552076,677.7181738114756,671.4617351343454,673.6781005859375,8983430,0.0,0.0
2024-08-27,673.6780743587665,683.1198138660923,668.872704045291,682.1507568359375,20359020,0.0,0.0
2024-08-28,683.3831268480939,687.4580191485584,680.9978817398458,685.7684326171875,8489860,0.0,0.0
2024-08-29,684.6801960962405,711.4102164531832,683.9347956052668,702.0231323242188,26391590,0.0,0.0
2024-08-30,702.7685046603781,717.0802177780471,702.7685046603781,715.599365234375,20443670,0.0,0.0
2024-09-02,722.9391132945083,740.431153873352,718.4667103516491,739.4422607421875,22963780,0.0,0.0
2024-09-03,741.4250446488375,741.4250446488375,716.1907380210192,730.8701782226562,18986560,0.0,0.0
2024-09-04,721.0457538886551,733.1759213026271,720.0817317222834,725.4734497070312,8867460,0.0,0.0
2024-09-05,727.5108894288851,728.1717893689445,714.8887621385913,720.0469360351562,6734470,0.0,0.0
2024-09-06,721.1054044009206,734.9648916174853,721.1054044009206,727.2276611328125,18428270,0.0,0.0
2024-09-09,727.9084848454536,733.2703580483353,721.8260214040064,730.2390747070312,8789380,0.0,0.0
2024-09-10,732.4752739711433,732.4752739711433,714.8887836644249,719.7438354492188,13089320,0.0,0.0
2024-09-11,720.5538365804458,738.642234679187,716.2106410666152,730.0502319335938,11048900,0.0,0.0
2024-09-12,737.449548240598,739.4372828719743,725.1851988742337,738.2744750976562,14467640,0.0,0.0
2024-09-13,738.2744828356314,761.3023717964473,730.6912702845822,755.1900634765625,22084380,0.0,0.0
2024-09-16,763.290133829076,763.290133829076,727.7096944103594,730.0701293945312,26795550,0.0,0.0
2024-09-17,729.2501426335814,740.9280835888721,724.146624263555,732.032958984375,15677860,0.0,0.0
2024-09-18,734.1946492042462,762.5447402196661,733.3250152548266,758.4301147460938,29749930,0.0,0.0
2024-09-19,762.7931795993721,770.0483990125776,751.3637052470688,754.3800659179688,17206440,0.0,0.0
2024-09-20,758.8176872075103,760.8054218170912,744.1332735148928,753.5949096679688,16450040,0.0,0.0
2024-09-23,757.898378593347,758.912082003566,748.5510273942898,754.8521728515625,5734970,0.0,0.0
2024-09-24,755.0410126782717,755.682015848209,743.8003757520975,750.7872314453125,10695400,0.0,0.0
2024-09-25,749.872910675352,759.3146504386599,745.206696218289,757.7145385742188,12720380,0.0,0.0
2024-09-26,759.3146444535706,773.1691575392751,754.1018151308377,772.075927734375,16681650,0.0,0.0
2024-09-27,773.2288118053768,776.2104139074542,766.3711027062591,770.843505859375,11781310,0.0,0.0
2024-09-30,769.8496061373972,777.6018198056745,762.907457426757,765.5759887695312,9619520,0.0,0.0
2024-10-01,761.3123197806568,776.6725562826821,760.4078665442956,765.5759887695312,7882880,0.0,0.0
2024-10-03,756.3330750056242,765.2778814117354,733.5734877746232,738.8261108398438,10406620,0.0,0.0
2024-10-04,737.449556481905,738.4434238087,711.112072321837,716.7125244140625,17681110,0.0,0.0
2024-10-07,716.7125409082319,727.9084711608403,714.6204695486533,722.48193359375,9362270,0.0,0.0
2024-10-08,722.0296801140275,725.0659374750487,711.6139700883193,714.2874755859375,9038050,0.0,0.0
2024-10-09,717.174654060494,738.1253947416064,716.1907350916989,725.56787109375,10543750,0.0,0.0
2024-10-10,727.510863202596,732.2814141078209,722.8396747629785,727.4810180664062,5594270,0.0,0.0
2024-10-11,728.0078677424524,728.5048014405701,718.1735304452302,725.7219848632812,3615870,0.0,0.0
2024-10-14,724.7976681440238,726.8996879020932,715.5844983167241,716.4591064453125,4451810,0.0,0.0
2024-10-15,720.0469431204706,721.1650438836688,693.6200443852651,697.3867797851562,14855670,0.0,0.0
2024-10-16,696.7009849013151,701.605717653894,687.7561791037233,691.368896484375,11256980,0.0,0.0
2024-10-17,693.8137578410425,695.5878449266954,682.8861918223154,685.71875,6897550,0.0,0.0
2024-10-18,685.0727426604419,689.6097494762975,677.8871012317123,685.7237548828125,7449290,0.0,0.0
2024-10-21,686.6679307028929,690.8123404474528,667.605502099843,673.9315185546875,22099660,0.0,0.0
2024-10-22,675.8297830258117,679.1095330759733,660.2906576471223,663.6946411132812,17006190,0.0,0.0
2024-10-23,656.5239332596005,705.5315295930252,656.0518098744292,695.2897338867188,26373910,0.0,0.0
2024-10-24,696.9494847393045,707.9167843431449,694.7729127990322,699.7720947265625,8951250,0.0,0.0
2024-10-25,699.7721108512147,701.6653966680313,685.1026186045988,686.7772827148438,10223240,0.0,0.0
2024-10-28,687.7561698816168,700.1795111005765,683.2837670427912,686.896484375,7149810,0.0,0.0
2024-10-29,686.6728767279247,701.670362006052,676.048432134572,697.943359375,14097500,0.0,0.0
2024-10-30,695.6077818107597,697.7395860249301,688.9488584404686,691.2347412109375,5660440,0.0,0.0
2024-10-31,690.638468631654,692.8050922470427,683.7558884764892,684.749755859375,7301530,0.0,0.0
2024-11-01,688.7500422704345,690.196136184048,685.9672259489859,688.1139526367188,450110,0.0,0.0
2024-11-04,693.222456410658,693.222456410658,671.148641372924,680.1729736328125,7162390,0.0,0.0
2024-11-05,680.3022197005025,697.1929909233248,667.0837957157746,688.7848510742188,12234300,0.0,0.0
2024-11-06,689.2469728959719,698.1023038526447,685.0031401113711,696.3233032226562,6962620,0.0,0.0
2024-11-07,696.3233118281388,699.578251541837,682.7868438809219,686.2156982421875,4590470,0.0,0.0
2024-11-08,686.2157035701208,690.8918662981018,679.9046096884491,685.3659057617188,4248400,0.0,0.0
2024-11-11,681.7930378072579,686.1859147392864,671.0742045669085,673.7228393554688,7623160,0.0,0.0
2024-11-12,677.7181618894114,679.4921883965568,657.4432439345728,659.7490234375,10572330,0.0,0.0
2024-11-13,659.4309507931689,666.1146840933884,648.6574026154368,652.5732421875,8673470,0.0,0.0
2024-11-14,653.1993647207028,659.8732101118493,648.9953255912069,650.8985595703125,5277030,0.0,0.0
2024-11-18,659.2322018151576,661.6175077220023,651.480048609186,652.76708984375,5965350,0.0,0.0
2024-11-19,655.390902622179,660.4049463345118,652.0763332271422,655.4853515625,8040460,0.0,0.0
2024-11-21,657.3438352373082,657.3438352373082,641.1437502422596,642.5997924804688,11010800,0.0,0.0
2024-11-22,643.0321489831416,668.1173501589124,641.6456846754861,664.2959594726562,9698550,0.0,0.0
2024-11-25,674.8259895279239,682.0911575081203,662.641165980151,664.4400634765625,11327510,0.0,0.0
2024-11-26,668.0776074763448,669.8466597168655,656.7922030982386,657.7363891601562,6632780,0.0,0.0
2024-11-27,660.9217917675545,669.2007238284175,657.1699182341583,666.407958984375,6420100,0.0,0.0
2024-11-28,667.2825453255184,668.5000085325825,645.5168266744654,646.947998046875,15768820,0.0,0.0
2024-11-29,647.9021433840127,656.8469494464103,647.0423971795695,653.5572509765625,7096430,0.0,0.0
2024-12-02,655.4555149510046,662.4125863758068,645.1192702841018,660.9863891601562,9202490,0.0,0.0
2024-12-03,665.5084845957932,668.1173864237712,659.0135880691056,663.451171875,13136660,0.0,0.0
2024-12-04,666.0650224975843,672.2916158482277,662.5964352385603,669.8665771484375,11304410,0.0,0.0
2024-12-05,671.8543281869296,684.7646553497561,664.4450301121973,680.8388671875,13482430,0.0,0.0
2024-12-06,683.3781910090415,689.2470068245896,673.707881110631,680.8289794921875,8332070,0.0,0.0
2024-12-09,680.8090438283174,688.2531001443601,678.6026268950453,682.6228637695312,8409100,0.0,0.0
2024-12-10,684.2577791941579,691.6173960970307,680.2078182391663,689.3662719726562,12045630,0.0,0.0
2024-12-11,691.7217649211524,712.1059950863745,685.0827379406123,707.1466064453125,19931040,0.0,0.0
2024-12-12,707.8174249530981,710.456171917063,703.1611587874203,708.2100219726562,9667960,0.0,0.0
2024-12-13,705.546447885423,717.298880634839,693.7790319064774,713.8750610351562,12504360,0.0,0.0
2024-12-16,713.8750745502272,720.3550484707322,711.2214050303072,716.4193725585938,7960740,0.0,0.0
2024-12-17,715.5844571636095,721.2892457691507,706.6396514490644,710.8934326171875,10318560,0.0,0.0
2024-12-18,710.5158045496859,713.4775098902775,701.7100935805659,703.1065063476562,7275140,0.0,0.0
2024-12-19,690.7377927037467,698.1371422372633,684.5608805717452,687.612060546875,9076750,0.0,0.0
2024-12-20,687.095330523432,698.0924755661163,676.296910429089,680.625244140625,27000190,0.0,0.0
2024-12-23,685.4703094309058,693.411299689527,681.3904427930831,682.4588623046875,5829280,0.0,0.0
2024-12-24,683.9795212743992,686.7623377176409,675.2335007409897,676.644775390625,6014270,0.0,0.0
2024-12-26,678.8511232785883,681.5942068314215,675.83476260489,677.3951416015625,3290960,0.0,0.0
2024-12-27,680.4860783453122,693.3914315964618,678.8511471088848,686.5387573242188,5554180,0.0,0.0
2024-12-30,685.7684289042008,695.210168142737,682.2898933952665,684.6006469726562,4908760,0.0,0.0
2024-12-31,682.7818759768597,683.4825694238581,675.0346971874478,678.1156616210938,6153980,0.0,0.0
2025-01-01,678.1156838285779,690.5340515699199,676.4260971937944,689.27685546875,4187210,0.0,0.0
2025-01-02,693.7193937288879,738.4434234105497,692.8248888709156,734.388427734375,31716510,0.0,0.0
2025-01-03,734.4430442828274,745.400455239181,731.4117612303569,736.1823120117188,15059280,0.0,0.0
2025-01-06,745.400531924833,755.3292573043357,727.1879001292994,730.4279174804688,19059760,0.0,0.0
2025-01-07,730.9844943110259,740.1231122808318,725.6673280159109,730.8851318359375,10425380,0.0,0.0
2025-01-08,731.6701775735115,734.3138378347966,721.2196486160832,731.0291137695312,8444660,0.0,0.0
2025-01-09,729.3445489309191,731.0291613513496,719.1623828865226,723.281982421875,6681410,0.0,0.0
2025-01-10,723.2820132551371,732.1870868381571,720.0618926423277,724.3355102539062,8089630,0.0,0.0
2025-01-13,719.5599514378315,721.0607008212897,709.0249819380257,710.7095336914062,6642740,0.0,0.0
2025-01-14,718.5661016983001,734.2691938632714,714.7049172967165,729.001708984375,9980110,0.0,0.0
2025-01-15,729.5483537950854,730.4925399584946,706.1626853860436,713.33837890625,6817500,0.0,0.0
2025-01-16,715.5844939800952,724.429937683911,714.9931720224164,721.5228271484375,8608490,0.0,0.0
2025-01-17,717.6715787903673,724.0273798131597,711.2412862460816,713.8054809570312,6652740,0.0,0.0
2025-01-20,713.8054998204258,742.4189193313131,713.8054998204258,739.447265625,10679710,0.0,0.0
2025-01-21,740.4312104015196,743.909746289312,723.2969461913872,724.6932983398438,10032060,0.0,0.0
2025-01-22,729.3992479941143,737.474419942342,721.5824305931181,735.1785888671875,7273680,0.0,0.0
2025-01-23,729.597985062582,747.7858057894387,728.0078215937472,739.7603149414062,10302950,0.0,0.0
2025-01-24,739.7603317495092,745.8974505394998,729.329698703094,739.2981567382812,6796870,0.0,0.0
2025-01-27,733.4840364742133,742.8661464773663,721.54768015869,725.0709228515625,6928100,0.0,0.0
2025-01-28,734.4679769227307,765.9536875174641,729.9955738156234,755.9951171875,24789330,0.0,0.0
2025-01-29,761.029046289582,773.924511450252,752.2532413343686,771.206298828125,15149200,0.0,0.0
2025-01-30,780.1858499375447,820.0051467305362,780.1858499375447,785.3191528320312,56488830,0.0,0.0
2025-01-31,787.6398985815254,793.1707729771786,774.3220514263428,783.6743774414062,18335460,0.0,0.0
2025-02-01,783.1674643353156,806.0214389778673,773.666094986311,795.1038208007812,16153780,0.0,0.0
2025-02-03,787.3615741954295,838.7544774391274,787.2472891542758,837.4127807617188,43369260,0.0,0.0
2025-02-04,837.33318519866,843.7933225325369,825.2079922244451,842.3372802734375,19663000,0.0,0.0
2025-02-05,844.7872285257307,853.6028268693608,839.3706394577197,845.7264404296875,18674930,0.0,0.0
2025-02-06,848.191174922836,860.9673801111533,841.010508058519,845.5126953125,17094730,0.0,0.0
2025-02-07,853.2351203824257,853.2351203824257,833.2484625229857,842.22802734375,9665400,0.0,0.0
2025-02-10,842.6802260548585,843.5945670019648,816.9589350238671,823.5979614257812,12438380,0.0,0.0
2025-02-11,824.8105377995666,830.3861190729097,808.9434188704632,814.0966186523438,9630590,0.0,0.0
2025-02-12,809.9671067816488,823.3197117935968,797.578523952474,816.3676147460938,14837310,0.0,0.0
2025-02-13,814.6780171593816,844.5884246202698,814.6780171593816,835.7430419921875,18003130,0.0,0.0
2025-02-14,835.6982863489014,840.3744490767868,823.1209269518953,834.083251953125,8633150,0.0,0.0
2025-02-17,816.9837868378191,843.5945472454296,816.9837868378191,837.4921875,8627990,0.0,0.0
2025-02-18,837.8301220767972,842.7994585066715,830.9426290642929,841.3981323242188,8689770,0.0,0.0
2025-02-19,840.7272987914766,847.6695085089755,834.8485951055148,838.7694091796875,8961980,0.0,0.0
2025-02-20,830.46063736798,840.3744395125794,829.446873301159,834.7938842773438,7900700,0.0,0.0
2025-02-21,830.8730927103885,836.8661418623368,823.7172357606174,834.5205688476562,6086470,0.0,0.0
2025-02-24,827.6927359711995,834.7492307148926,826.0081234949291,830.3712158203125,3552600,0.0,0.0
2025-02-25,830.3711488473276,847.4358332776582,828.6915106962595,843.674072265625,10985410,0.0,0.0
2025-02-27,849.0211644154252,868.5407344705976,849.0211644154252,865.2012939453125,18382830,0.0,0.0
2025-02-28,861.186070321473,861.6830040031357,845.7861003796137,847.7987060546875,17545800,0.0,0.0
2025-03-03,848.365105661526,859.7747435504854,838.635166602085,857.4937744140625,8749960,0.0,0.0
2025-03-04,846.9935637177676,856.6440370663474,846.1438265853014,853.3294677734375,7655060,0.0,0.0
2025-03-05,840.3148523637177,844.7872554809699,817.0583318896664,824.7807006835938,16300920,0.0,0.0
2025-03-06,831.3700372857354,840.7918803410525,822.4798865712621,835.9269409179688,8814220,0.0,0.0
2025-03-07,835.8324428661109,841.8055949872813,831.514118606434,835.2957763671875,4729460,0.0,0.0
2025-03-10,838.600399647079,858.4926074197267,827.4988583053935,829.1437377929688,10164530,0.0,0.0
2025-03-11,825.4068110389812,832.3638822939756,816.0893048938993,828.9300537109375,8135670,0.0,0.0
2025-03-12,828.9946504740712,847.2222036981539,822.1817094501092,843.2417602539062,20882230,0.0,0.0
2025-03-13,844.7872128755555,850.7504167311477,834.1528205342469,836.8809814453125,12173510,0.0,0.0
2025-03-17,834.7690517894611,857.7025531372367,833.4571396016174,852.77294921875,11020850,0.0,0.0
2025-03-18,852.77294921875,852.77294921875,852.77294921875,852.77294921875,0,0.0,0.0
2025-03-19,864.6645816925422,882.4548312583717,862.9352622348928,867.80517578125,12898200,0.0,0.0
2025-03-20,867.1492515262393,871.4278431326916,848.8769908298905,862.64208984375,7924330,0.0,0.0
2025-03-21,898.4510853028386,903.3260336366491,877.684208188832,886.1420288085938,27448010,0.0,0.0
2025-03-24,904.0167066294846,905.9100529720466,887.2253596781331,903.4303588867188,14332170,0.0,0.0
2025-03-25,906.9039145835608,920.3260973722652,892.1996648110484,901.164306640625,17482600,0.0,0.0
2025-03-26,904.6230299913868,907.0927757475704,879.5676127668488,881.167724609375,8862110,0.0,0.0
2025-03-27,880.6657918389074,899.9865746118563,876.8145560445273,894.8632202148438,20920440,0.0,0.0
2025-03-28,894.2420355740359,897.3528450203148,880.6657745285638,889.0739135742188,9770990,0.0,0.0
2025-04-01,872.9435387462231,887.0266223080821,861.7823669999043,864.4857177734375,11834240,0.0,0.0
2025-04-02,867.6462158906634,870.6128954379398,855.9185930314133,861.6084594726562,6464950,0.0,0.0
2025-04-03,859.6952119722814,871.1246858886759,840.8316300852158,854.189208984375,13966330,0.0,0.0
2025-04-04,860.2915347763417,874.3051004964104,853.1158417860235,866.5380249023438,18496580,0.0,0.0
2025-04-07,828.88536880857,854.7756011098094,825.6205412588924,851.5455322265625,13981240,0.0,0.0
2025-04-08,859.6952348126595,881.8584639941574,859.6952348126595,876.8145751953125,14775630,0.0,0.0
2025-04-09,876.0940686738069,878.777522649901,857.2105890313766,868.22265625,10487740,0.0,0.0
2025-04-11,877.0929006731593,891.8468322003135,875.6667034684273,886.6389770507812,10097220,0.0,0.0
2025-04-15,919.8739341683755,923.3027887344896,901.9843214695372,908.494140625,12633610,0.0,0.0
2025-04-16,909.338962713677,911.5254830608089,890.9027351242372,900.0960083007812,7198220,0.0,0.0
2025-04-17,898.4560458944406,913.3640555055209,889.7100257214428,910.6309204101562,11415130,0.0,0.0
2025-04-21,911.3763392226595,925.7874154699099,908.5438416039183,921.662841796875,7824150,0.0,0.0
2025-04-22,923.7997041075168,933.5395920294122,917.3395663165552,920.370849609375,11293580,0.0,0.0
2025-04-23,922.5076268883136,929.1168079429251,909.3885665824954,926.5824584960938,10818710,0.0,0.0
2025-04-24,956.1003887587165,960.0758581506445,921.61317965157,924.39599609375,18496710,0.0,0.0
2025-04-25,925.340181044901,928.7193542881375,893.486744714233,905.6119384765625,10893540,0.0,0.0
2025-04-28,902.4315563508615,906.9039594385034,894.5302987638576,903.7235717773438,9946560,0.0,0.0
2025-04-29,907.4008931149081,908.9910566150634,890.5051481171497,903.7235717773438,11768180,0.0,0.0
2025-04-30,878.5787472966435,883.3492984982109,850.3528899743571,858.15478515625,39690570,0.0,0.0
2025-05-02,852.2908939871758,886.0327010732856,851.3467079166783,881.4111938476562,18933030,0.0,0.0
2025-05-05,882.3057617507878,897.7603872927656,881.1627900057229,887.7223510742188,8930610,0.0,0.0
2025-05-06,885.6351674724266,891.8965802788989,869.6339274712942,874.3547973632812,12040870,0.0,0.0
2025-05-07,869.633928985005,894.232145833438,866.9504750148244,893.138916015625,11635570,0.0,0.0
2025-05-08,892.1947079369587,901.8849143356405,872.1185758813663,877.8333129882812,12018090,0.0,0.0
2025-05-09,860.8648380276228,873.9021887339279,856.3863504309473,859.9691162109375,12151340,1.2,0.0
2025-05-12,880.6697141980056,898.683161916931,878.3309120482104,897.5386352539062,10638220,0.0,0.0
2025-05-13,896.0956196341344,911.9693213122264,894.8017857507431,899.87744140625,13363000,0.0,0.0
2025-05-14,900.1760232176907,906.6946986887787,896.8918110693861,903.7587890625,7594000,0.0,0.0
2025-05-15,905.5999805101645,917.0947533876722,898.484136910891,914.4573974609375,10385000,0.0,0.0
2025-05-16,914.4573733738861,924.1607630754637,908.9836663627398,912.3176879882812,6251920,0.0,0.0
2025-05-19,912.3176982188571,924.5091366985775,912.3176982188571,921.1253662109375,7162740,0.0,0.0
2025-05-20,925.3550226969597,926.5492981730328,902.5645339784703,903.5597534179688,8106160,0.0,0.0
2025-05-21,905.6496987494479,923.5636488346017,898.5338553904952,915.3530883789062,7321500,0.0,0.0
2025-05-22,915.3530762980172,915.5023835107727,902.7137773116312,909.5310668945312,6159740,0.0,0.0
2025-05-23,909.5310964586229,924.2105836173697,906.7444333524313,919.9310913085938,4251690,0.0,0.0
2025-05-26,921.0755964137837,929.1866591884672,920.5779866912479,922.5186767578125,5476790,0.0,0.0
2025-05-27,922.5684564101424,924.5588953667985,909.9291568867003,912.7157592773438,7150000,0.0,0.0
2025-05-28,920.0803973123589,925.0067458230633,909.7300905574115,922.3196411132812,6507400,0.0,0.0
2025-05-29,920.5779851422767,923.5138946489728,911.6210101517032,916.0,7081750,0.0,0.0
2025-05-30,917.0,920.3499755859375,912.0999755859375,918.0499877929688,15041740,4.4,0.0
2025-06-02,913.0,916.5,904.0,911.8499755859375,6619630,0.0,0.0
2025-06-03,910.5999755859375,912.7999877929688,897.0,897.9000244140625,9080270,0.0,0.0
2025-06-04,897.5,903.9500122070312,896.4500122070312,898.7000122070312,5544930,0.0,0.0
2025-06-05,898.7000122070312,898.7000122070312,886.9500122070312,893.4000244140625,7853320,0.0,0.0
2025-06-06,894.5,943.4000244140625,887.5999755859375,937.1500244140625,19783860,0.0,0.0
2025-06-09,955.0,978.7999877929688,940.2999877929688,960.75,23496010,0.0,0.0
2025-06-10,970.0,970.0,948.5499877929688,949.75,9044040,0.0,0.0
2025-06-11,949.0,957.0,940.4000244140625,942.5,11860810,0.0,0.0
2025-06-12,944.9000244140625,953.2999877929688,935.5,936.8499755859375,12388330,0.0,0.0
2025-06-13,915.0,936.5499877929688,914.7000122070312,933.0999755859375,10182020,0.0,0.0
2025-06-16,956.0,956.0,925.0,938.0,7016290,0.0,2.0
2025-06-17,941.5,943.5,917.5,923.0,6110175,0.0,0.0
2025-06-18,927.0,932.5,915.0,919.0,5002923,0.0,0.0
2025-06-19,919.0,922.5,894.0,900.5,6585940,0.0,0.0
2025-06-20,897.0,907.5,886.0,905.0,14320241,0.0,0.0
2025-06-23,899.0,918.0,890.5,915.5,5870597,0.0,0.0
2025-06-24,920.0,936.0,914.5,916.5,11555634,0.0,0.0
2025-06-25,918.0,930.0,916.0,928.0,6623799,0.0,0.0
2025-06-26,930.0,953.5,928.5,951.5,11677790,0.0,0.0
2025-06-27,950.0,959.5,936.0,947.0,21637194,0.0,0.0
2025-06-30,956.0,956.0,934.0,936.5,6086081,0.0,0.0
2025-07-01,932.5,941.7999877929688,928.0,936.6500244140625,5381327,0.0,0.0
2025-07-02,933.0,939.8499755859375,914.0,923.0,9394493,0.0,0.0
2025-07-03,922.0,924.5,905.2000122070312,910.1500244140625,7606558,0.0,0.0
2025-07-04,922.0,940.7000122070312,919.0,925.2999877929688,10613046,0.0,0.0
2025-07-07,925.0,929.2999877929688,918.0999755859375,924.6500244140625,3383973,0.0,0.0
2025-07-08,918.7999877929688,929.5,918.7999877929688,927.6500244140625,3851432,0.0,0.0
2025-07-09,926.5,946.0,924.0,940.5999755859375,5341529,0.0,0.0
2025-07-10,943.0,951.7000122070312,942.25,947.6500244140625,5409906,0.0,0.0
2025-07-11,938.7000122070312,947.1500244140625,931.5499877929688,933.5,4278038,0.0,0.0
2025-07-14,932.0,932.0,911.2999877929688,918.8499755859375,6657978,0.0,0.0
2025-07-15,919.0,930.5999755859375,918.0,928.4000244140625,3892075,0.0,0.0
2025-07-16,924.0,927.0,919.4000244140625,921.75,3952491,0.0,0.0
2025-07-17,925.9500122070312,926.25,916.0,923.2999877929688,4583882,0.0,0.0
2025-07-18,920.5,944.9000244140625,920.0,942.0,7893820,0.0,0.0
2025-07-21,938.9000244140625,951.0,937.3499755859375,948.4500122070312,4660232,0.0,0.0
2025-07-22,955.0,962.0,940.0,952.5499877929688,6237382,0.0,0.0
2025-07-23,954.0,970.9500122070312,953.6500244140625,968.2999877929688,9694991,0.0,0.0
2025-07-24,970.0,970.0,954.0,958.9500122070312,5189112,0.0,0.0
2025-07-25,906.4000244140625,924.9000244140625,898.0,913.75,24415481,0.0,0.0
2025-07-28,909.25,913.75,879.0,880.5,14011284,0.0,0.0
2025-07-29,875.0499877929688,894.0,873.5,886.5499877929688,11323854,0.0,0.0
2025-07-30,890.9500122070312,892.5999755859375,875.0,884.8499755859375,5054496,0.0,0.0
2025-07-31,872.0,887.8499755859375,868.0,881.2000122070312,6999179,0.0,0.0
2025-08-01,884.7999877929688,895.8499755859375,873.0,875.5999755859375,5300299,0.0,0.0
2025-08-04,874.0,886.75,873.7000122070312,885.2999877929688,3969985,0.0,0.0
2025-08-05,889.0,893.5999755859375,882.4000244140625,891.9000244140625,4446791,0.0,0.0
2025-08-06,888.0,895.5,874.5999755859375,876.6500244140625,4212648,0.0,0.0
2025-08-07,871.0,882.0,867.25,879.0999755859375,5998002,0.0,0.0
2025-08-08,877.0,888.2999877929688,876.0,877.1500244140625,3736916,0.0,0.0
2025-08-11,877.1500244140625,888.2999877929688,872.75,877.7999877929688,5367926,0.0,0.0
2025-08-12,877.2000122070312,884.9000244140625,851.5,853.0,8257312,0.0,0.0
2025-08-13,854.5499877929688,864.0,849.0,860.0,10117225,0.0,0.0
2025-08-14,860.0,866.9000244140625,855.4500122070312,861.4500122070312,5379250,0.0,0.0
2025-08-18,875.0,919.6500244140625,875.0,905.2000122070312,16277779,0.0,0.0
2025-08-19,905.9500122070312,909.9000244140625,890.5,902.2999877929688,5764382,0.0,0.0
2025-08-20,900.5499877929688,902.0,886.0499877929688,887.7999877929688,5561646,0.0,0.0
2025-08-21,888.0,901.2999877929688,884.0,895.5999755859375,6697533,0.0,0.0
2025-08-22,895.0,903.9000244140625,892.0,894.5,6424895,0.0,0.0
2025-08-25,902.0999755859375,908.0,898.1500244140625,900.7999877929688,5837876,0.0,0.0
2025-08-26,899.9500122070312,901.9000244140625,873.5,876.25,6712926,0.0,0.0
2025-08-28,870.2000122070312,884.5,869.7000122070312,876.8499755859375,8349342,0.0,0.0
2025-08-29,870.8499755859375,888.0,870.8499755859375,877.8499755859375,5672446,0.0,0.0
2025-09-01,877.8499755859375,894.7999877929688,877.8499755859375,889.3499755859375,4101526,0.0,0.0
2025-09-02,895.0,899.5499877929688,886.1500244140625,890.0999755859375,6103185,0.0,0.0
2025-09-03,892.7000122070312,898.8499755859375,880.0499877929688,896.2999877929688,5493809,0.0,0.0
2025-09-04,915.0,948.0,912.25,934.75,21738706,0.0,0.0
2025-09-05,942.0,942.3499755859375,932.0,937.5999755859375,5467260,0.0,0.0
2025-09-08,937.5999755859375,949.6500244140625,935.6500244140625,944.2999877929688,5657331,0.0,0.0
2025-09-09,944.0,949.4000244140625,940.0,948.4000244140625,5417393,0.0,0.0
2025-09-10,951.0499877929688,969.6500244140625,947.7000122070312,967.9500122070312,6836239,0.0,0.0
2025-09-11,968.0,975.9000244140625,965.5999755859375,970.25,5982627,0.0,0.0
2025-09-12,972.25,1004.5999755859375,970.8499755859375,1003.25,11412561,0.0,0.0
2025-09-15,999.0,1025.699951171875,998.0999755859375,1009.8499755859375,9989753,0.0,0.0
2025-09-16,1005.8499755859375,1015.2999877929688,1000.0,1003.25,7602155,0.0,0.0
2025-09-17,1010.0,1011.7999877929688,1000.3499755859375,1007.5,6995023,0.0,0.0
2025-09-18,1007.0,1009.7999877929688,990.0,996.5,9738376,0.0,0.0
2025-09-19,991.0,996.0,988.5999755859375,992.4500122070312,6736440,0.0,0.0
2025-09-22,989.9500122070312,1010.9000244140625,989.0,1006.5,4250045,0.0,0.0
2025-09-23,999.0,1028.800048828125,999.0,1025.5,10230040,0.0,0.0
2025-09-24,1021.5,1036.0,1020.4000244140625,1029.75,6433184,0.0,0.0
2025-09-25,1020.0,1031.0999755859375,1008.0,1012.75,16731453,0.0,0.0
2025-09-26,1008.0499877929688,1010.5,981.0499877929688,985.0999755859375,9109737,0.0,0.0
2025-09-29,990.0,997.7999877929688,981.0999755859375,990.9500122070312,5804877,0.0,0.0
2025-09-30,990.0,1002.2999877929688,989.4500122070312,998.9000244140625,7182200,0.0,0.0
2025-10-01,991.5,1000.0,977.75,987.7000122070312,6932272,0.0,0.0
2025-10-03,975.0,992.2000122070312,972.0,989.75,7692197,0.0,0.0
2025-10-06,993.0,1023.0,992.0999755859375,1008.9000244140625,9299635,0.0,0.0
2025-10-07,1008.9000244140625,1029.5,1008.9000244140625,1016.5499877929688,7991437,0.0,0.0
2025-10-08,1012.0499877929688,1028.0,1012.0499877929688,1023.1500244140625,4448915,0.0,0.0
2025-10-09,1023.0,1029.0,1014.9500122070312,1024.0999755859375,4444154,0.0,0.0
2025-10-10,1018.0999755859375,1027.5,1017.0,1023.8499755859375,3714548,0.0,0.0
2025-10-13,1023.8499755859375,1040.0,1021.5,1036.75,7684523,0.0,0.0
2025-10-14,1040.0,1042.0999755859375,1011.3499755859375,1019.1500244140625,7668358,0.0,0.0
2025-10-15,1026.0,1063.0,1018.4000244140625,1059.9000244140625,10205158,0.0,0.0
2025-10-16,1062.0,1081.0999755859375,1058.8499755859375,1065.75,9901992,0.0,0.0
2025-10-17,1056.0999755859375,1076.449951171875,1056.0999755859375,1070.0999755859375,5761670,0.0,0.0
2025-10-20,1081.5,1086.5,1072.199951171875,1081.0,5700858,0.0,0.0
2025-10-21,1084.9000244140625,1089.0,1081.0,1086.5,911624,0.0,0.0
2025-10-23,1090.0,1102.5,1083.9000244140625,1094.1500244140625,11143407,0.0,0.0
2025-10-24,1093.5,1098.5999755859375,1087.4000244140625,1089.75,6440277,0.0,0.0
2025-10-27,1090.949951171875,1094.0,1075.75,1084.4000244140625,7366175,0.0,0.0
2025-10-28,1078.0,1092.4000244140625,1063.050048828125,1072.75,12324341,0.0,0.0
2025-10-29,1072.0,1079.1500244140625,1061.25,1062.949951171875,5386803,0.0,0.0
2025-10-30,1063.0,1066.800048828125,1045.0,1052.300048828125,4271927,0.0,0.0
2025-10-31,1052.0,1069.449951171875,1041.4000244140625,1042.800048828125,5315632,0.0,0.0
2025-11-03,1037.0,1048.0,1031.0,1043.0999755859375,4135617,0.0,0.0
2025-11-04,1040.0,1060.4000244140625,1035.0,1057.0,6202540,0.0,0.0
2025-11-06,1037.0,1052.800048828125,1035.0,1041.9000244140625,5776277,0.0,0.0
2025-11-07,1039.0,1076.9000244140625,1034.199951171875,1066.5999755859375,6940923,0.0,0.0
2025-11-10,1066.5999755859375,1088.0,1062.9000244140625,1085.0,5692236,0.0,0.0
2025-11-11,1043.699951171875,1043.699951171875,997.0,1005.2000122070312,23762890,0.0,0.0
2025-11-12,1011.0,1018.4000244140625,1008.7999877929688,1013.2000122070312,11131278,0.0,0.0
2025-11-13,1012.5,1019.4000244140625,1003.5,1005.4000244140625,8503994,0.0,0.0
2025-11-14,1004.9000244140625,1019.9000244140625,1002.5999755859375,1018.5,4381122,0.0,0.0
2025-11-17,1021.0,1033.0,1017.0,1026.800048828125,6011603,0.0,0.0
2025-11-18,1021.2000122070312,1024.0999755859375,1011.7000122070312,1013.5999755859375,4562185,0.0,0.0
2025-11-19,1009.0,1016.0999755859375,1004.5999755859375,1005.5999755859375,5158832,0.0,0.0
2025-11-20,1015.0,1031.699951171875,1007.2999877929688,1028.5999755859375,5459073,0.0,0.0
2025-11-21,1020.0,1027.5999755859375,1001.5,1004.0999755859375,6304584,0.0,0.0
2025-11-24,1005.0,1009.2999877929688,990.0,994.0,9574900,0.0,0.0
2025-11-25,995.0,996.9000244140625,984.5,986.2000122070312,6376983,0.0,0.0
2025-11-26,986.2000122070312,1012.7999877929688,981.2999877929688,1010.7000122070312,9772235,0.0,0.0
2025-11-27,1015.5999755859375,1044.9000244140625,1010.9000244140625,1033.800048828125,12076038,0.0,0.0
2025-11-28,1038.0,1043.5,1031.0,1037.5,4983147,0.0,0.0
2025-12-01,1041.9000244140625,1042.0,1018.7999877929688,1021.0999755859375,6459837,0.0,0.0
2025-12-02,1014.5,1036.0,1013.9000244140625,1025.5,6706145,0.0,0.0
2025-12-03,1021.0,1026.300048828125,1014.2000122070312,1021.4000244140625,5895670,0.0,0.0
2025-12-04,1018.0,1032.300048828125,1016.0,1029.0999755859375,5404918,0.0,0.0
2025-12-05,1028.9000244140625,1061.0,1026.5,1048.0,13123572,0.0,0.0
2025-12-08,1048.0,1049.800048828125,1023.0,1026.4000244140625,5189635,0.0,0.0
2025-12-09,1025.0,1026.0,1013.7000122070312,1016.7000122070312,5968501,0.0,0.0
2025-12-10,1016.0,1021.7000122070312,1007.2999877929688,1010.2999877929688,4990527,0.0,0.0
2025-12-11,1011.9000244140625,1020.5,1000.0999755859375,1006.4000244140625,4670539,0.0,0.0
2025-12-12,1000.0,1020.7999877929688,1000.0,1017.2999877929688,4381711,0.0,0.0
2025-12-15,1015.0,1016.5,1008.0,1012.7000122070312,3958977,0.0,0.0
2025-12-16,1007.5,1010.5999755859375,996.5,998.4000244140625,3861617,0.0,0.0
2025-12-17,1000.0,1011.2000122070312,995.2999877929688,999.5999755859375,4695550,0.0,0.0
2025-12-18,1002.0999755859375,1009.7000122070312,995.0,1000.2999877929688,3103997,0.0,0.0
2025-12-19,1003.2000122070312,1014.0,1002.5,1008.2999877929688,5126009,0.0,0.0
2025-12-22,1008.2999877929688,1015.4000244140625,1005.0,1007.7999877929688,3921237,0.0,0.0
2025-12-23,1013.5,1018.0,1005.7000122070312,1011.4000244140625,4712043,0.0,0.0
2025-12-24,1011.0,1037.4000244140625,1006.0,1011.7000122070312,5984816,0.0,0.0
2025-12-26,1011.7000122070312,1011.7000122070312,998.0,1000.0,5211460,0.0,0.0
2025-12-29,1003.0,1003.9000244140625,989.5999755859375,998.0,6715489,0.0,0.0
2025-12-30,994.0999755859375,997.5999755859375,987.0999755859375,989.2999877929688,7473887,0.0,0.0
2025-12-31,990.0,994.2000122070312,978.4000244140625,986.7999877929688,9895270,0.0,0.0
