Date,open,high,low,close,volume,dividends,stock splits
2007-12-03,14.72305886121522,15.250083462191231,14.581022515402717,15.057587623596191,5419512,0.0,0.0
2007-12-04,14.951064705224967,15.885505714609767,14.801554622807217,15.676192283630371,12595452,0.0,0.0
2007-12-05,15.773368993164887,16.2536726499786,15.773368993164887,16.053701400756836,20196528,0.0,0.0
2007-12-06,16.330299260033772,16.42748140318204,15.698617040583517,15.838783264160156,8108244,0.0,0.0
2007-12-07,15.838781033949285,16.109767887364967,15.32670728332042,15.743467330932617,9948600,0.0,0.0
2007-12-10,15.997640255982821,16.311612999428416,15.627602723329094,15.94718074798584,4431024,0.0,0.0
2007-12-11,16.10976622965662,16.95824049320663,15.810746166242302,16.420001983642578,12658524,0.0,0.0
2007-12-12,16.40879277968046,16.864800134565563,16.371415688628748,16.448040008544922,12318108,0.0,0.0
2007-12-13,16.446166042360353,16.806861303346828,15.816354077433525,16.008848190307617,13271880,0.0,0.0
2007-12-14,16.221900183103273,16.221900183103273,15.472479841012568,15.655630111694336,8609676,0.0,0.0
2007-12-17,15.700489712927522,15.700489712927522,14.726801302448536,14.891263961791992,10956564,0.0,0.0
2007-12-18,14.951059970174752,15.844386750010687,14.745483458080402,15.650022506713867,12960144,0.0,0.0
2007-12-19,15.99576916699667,16.147149376809665,15.40146573235546,15.790192604064941,7379016,0.0,0.0
2007-12-20,15.88550074830741,16.296655485183486,15.549101884776007,16.17144012451172,5525988,0.0,0.0
2007-12-24,16.483545430165954,17.00683144600368,16.236853255726658,16.86292839050293,7739136,0.0,0.0
2007-12-26,16.932082469468728,18.053412434334206,16.745193571653235,17.702062606811523,19965396,0.0,0.0
2007-12-27,18.128160170732933,18.128160170732933,17.223622812852614,17.75251579284668,20773128,0.0,0.0
2007-12-28,17.24231587367179,17.986131155976366,16.85732582203993,17.726356506347656,9943644,0.0,0.0
2007-12-31,17.75438540626859,20.40072404255542,17.580578969768634,19.57280921936035,27774060,0.0,0.0
2008-01-01,19.798951085554375,19.798951085554375,18.726212103097236,19.434518814086914,10891680,0.0,0.0
2008-01-02,19.432642693003174,19.75408903512387,18.68882589413942,19.477495193481445,11415636,0.0,0.0
2008-01-03,19.28687487781432,20.557714900200622,19.17474188433866,20.269906997680664,26473500,0.0,0.0
2008-01-04,20.811881346930992,20.811881346930992,19.88491414313852,20.086753845214844,17418792,0.0,0.0
2008-01-07,19.13735942824857,19.81015726074981,19.13735942824857,19.451332092285156,12633192,0.0,0.0
2008-01-08,19.436381437383172,19.72418928766071,18.075834924977823,18.348691940307617,8583000,0.0,0.0
2008-01-09,19.432645398473884,19.432645398473884,17.1413947709433,17.29464340209961,11131296,0.0,0.0
2008-01-10,17.11896837455408,17.642256222650065,16.25928327319863,16.341514587402344,12236916,0.0,0.0
2008-01-11,16.520925410977046,16.707814284270935,15.945309666007544,16.24059295654297,14959068,0.0,0.0
2008-01-14,16.109768610063796,17.573104186005306,16.109768610063796,17.455364227294922,11655288,0.0,0.0
2008-01-15,17.7170132949585,17.752521962811194,16.384499759453853,16.49476432800293,8205492,0.0,0.0
2008-01-16,16.59567270912645,17.17502500762132,15.549097613821766,16.608755111694336,7825776,0.0,0.0
2008-01-17,17.126443241420283,17.268477884634052,16.412529750089256,16.569515228271484,10135188,0.0,0.0
2008-01-18,17.175029269226137,17.175029269226137,15.739728858406075,16.420001983642578,5709732,0.0,0.0
2008-01-21,16.405055999205878,16.405055999205878,14.577288006906436,15.235135078430176,8138496,0.0,0.0
2008-01-22,14.577287877673983,15.324839961494387,13.568091024604245,14.68568229675293,6520716,0.0,0.0
2008-01-23,15.324839397958845,16.595680973545655,13.979244498853776,15.033294677734375,4197204,0.0,0.0
2008-01-24,16.52092464207364,16.52092464207364,14.317512337176627,14.898735046386719,6017028,0.0,0.0
2008-01-25,14.726794196897888,15.698613711266365,14.726794196897888,15.336050033569336,6604584,0.0,0.0
2008-01-28,15.32483988089517,15.399595773289457,14.203510905555289,14.674469947814941,1904460,0.0,0.0
2008-01-29,14.764173964141845,14.997785470400013,14.091376966770797,14.222198486328125,4045572,0.0,0.0
2008-01-30,14.278269031654318,14.278269031654318,13.12329956929995,13.433534622192383,3887772,0.0,0.0
2008-01-31,13.825995449619816,14.373577887944997,13.194312428857213,13.513891220092773,10293696,0.0,0.0
2008-02-01,13.825996395398835,14.833323049911218,13.235428984428117,14.431513786315918,3260988,0.0,0.0
2008-02-04,14.652039510022952,16.40505299932395,13.94186464065848,16.152753829956055,10311852,0.0,0.0
2008-02-05,16.072390056236802,16.62184257635782,15.885501222799382,16.107898712158203,5273508,0.0,0.0
2008-02-06,15.007129521682078,16.231248424557005,15.007129521682078,16.06678581237793,2757744,0.0,0.0
2008-02-07,15.960259001942758,16.44243112045086,15.69861597273496,15.952783584594727,5333880,0.0,0.0
2008-02-08,16.253676113438726,16.519057743977125,15.586485183402283,16.371416091918945,7731024,0.0,0.0
2008-02-11,15.848127180604077,16.539614457056114,15.367825164843648,15.795799255371094,4826808,0.0,0.0
2008-02-12,15.773369474945872,16.259280136955702,15.405200480936832,15.62572956085205,2531028,0.0,0.0
2008-02-13,15.885509563036727,16.149022836762757,15.36222329229634,15.674325942993164,3225456,0.0,0.0
2008-02-14,15.721039424567874,17.79176045937872,15.721039424567874,17.41050910949707,15932568,0.0,0.0
2008-02-15,17.006841154652648,17.91885791666573,16.857331023493316,17.548818588256836,14512884,0.0,0.0
2008-02-18,17.54881413219108,17.754390724211095,17.216151993289383,17.431074142456055,5261088,0.0,0.0
2008-02-19,17.717007300629813,18.053406173426584,16.67977744283978,16.900304794311523,6847512,0.0,0.0
2008-02-20,16.900308736631796,16.900308736631796,15.96773620246125,16.094820022583008,4393092,0.0,0.0
2008-02-21,16.330297318587117,16.43495486714957,15.343526879718256,15.582743644714355,3819924,0.0,0.0
2008-02-22,15.287462053624797,16.063049052928932,15.108050315941865,15.868684768676758,5806236,0.0,0.0
2008-02-25,16.07238756420311,16.44242660996837,15.773365819269376,16.231243133544922,4502472,0.0,0.0
2008-02-26,16.446166571424712,17.17503082230188,16.079866019561763,17.0610294342041,5735220,0.0,0.0
2008-02-27,17.38061181759966,17.556286704699232,16.819946920257735,16.90778350830078,5480736,0.0,0.0
2008-02-28,16.93207796265489,17.664679098829783,15.885502466671781,17.502086639404297,9672984,0.0,0.0
2008-02-29,17.530120083742958,17.586186567711234,16.150884235920728,17.37313461303711,12537948,0.0,0.0
2008-03-03,16.868539064033545,17.784292358222874,16.595682015920435,17.457237243652344,12769668,0.0,0.0
2008-03-04,17.19372717871951,17.54507703936941,16.17705469545153,16.30040168762207,6969564,0.0,0.0
2008-03-05,15.721040313166357,17.00683076182787,15.721040313166357,16.900304794311523,3845172,0.0,0.0
2008-03-07,16.633059571342226,16.633059571342226,15.997638725928928,16.29479217529297,5601852,0.0,0.0
2008-03-10,16.147148883600202,16.633057886148496,15.51172810256515,16.304134368896484,3882324,0.0,0.0
2008-03-11,16.22190281851782,16.80125710168397,15.906063425960147,16.690994262695312,4875216,0.0,0.0
2008-03-12,16.904047378648652,16.904047378648652,15.963999421989953,16.051836013793945,4673640,0.0,0.0
2008-03-13,15.857467905785311,16.25180339374021,14.913683322422711,15.248213768005371,8061336,0.0,0.0
2008-03-14,15.324841065287343,16.296660897466797,14.952935134394606,15.263169288635254,10550160,0.0,0.0
2008-03-17,15.136081019257626,15.57526730077036,14.513742755401108,14.607186317443848,10281936,0.0,0.0
2008-03-18,14.95106175797488,15.691140027631675,14.59036817777721,15.098703384399414,10696956,0.0,0.0
2008-03-19,15.324840329550607,15.623862196868494,13.979245348647282,14.414695739746094,8950332,0.0,0.0
2008-03-24,14.39039912009297,15.238871922837815,14.308168663955579,14.96788501739502,3883224,0.0,0.0
2008-03-25,15.063191791822213,15.623856519942306,14.88004154210471,15.214571952819824,7048116,0.0,0.0
2008-03-26,15.250085174422695,15.455661732661646,14.958538744035694,15.317365646362305,3809340,0.0,0.0
2008-03-27,15.126738564094092,15.60143531009983,14.995917892637948,15.393988609313965,7785672,0.0,0.0
2008-03-28,15.393987401305063,16.776961875991297,15.137951358765184,16.302265167236328,5161944,0.0,0.0
2008-03-31,15.698621252357587,16.36768074059204,14.964149701562357,15.270647048950195,4639800,0.0,0.0
2008-04-01,15.26503735468913,16.072394534006982,15.26503735468913,15.801405906677246,3153216,0.0,0.0
2008-04-02,16.10042338177675,16.446166100021873,15.511725349865426,15.655630111694336,1928532,0.0,0.0
2008-04-03,15.549101981791516,15.808878258307146,15.257557324853128,15.364083290100098,3389496,0.0,0.0
2008-04-04,15.84812870736433,15.84812870736433,14.964147196306893,15.152904510498047,2340096,0.0,0.0
2008-04-07,15.10057429182118,15.635076112615723,14.861357483401918,14.992179870605469,4185432,0.0,0.0
2008-04-08,15.063197734412588,15.279988295546053,14.539909878053601,14.745488166809082,4957356,0.0,0.0
2008-04-09,14.289479292960825,15.175329135732449,14.289479292960825,14.79594612121582,3875508,0.0,0.0
2008-04-10,14.951058430429795,15.418279594541417,14.390393717901016,14.526823043823242,9736896,0.0,0.0
2008-04-11,14.539910971078267,14.943590449331962,14.539910971078267,14.713717460632324,3990588,0.0,0.0
2008-04-15,14.76417169845971,15.463134261291474,14.278262782952476,15.343525886535645,3321120,0.0,0.0
2008-04-16,15.324838510073594,15.623860341889422,14.951062503563847,15.018342971801758,2085672,0.0,0.0
2008-04-17,15.063194162099432,15.321100319820234,14.769779346744404,15.022078514099121,2293740,0.0,0.0
2008-04-21,15.022079659956313,15.321101488486272,14.951062339270788,15.04824447631836,3010980,0.0,0.0
2008-04-22,15.137952156228936,15.24447814401452,14.801553219423848,14.837061882019043,1791360,0.0,0.0
2008-04-23,14.76417690372783,14.939853530569442,14.390400814713757,14.461418151855469,3711936,0.0,0.0
2008-04-24,14.465151424239066,14.83892737649151,14.04839054451727,14.300689697265625,6756444,0.0,0.0
2008-04-25,14.203510980257008,14.782864444072562,14.203510980257008,14.68568229675293,10232064,0.0,0.0
2008-04-28,14.577289248666846,14.876309425912414,14.502533348848601,14.610929489135742,7385880,0.0,0.0
2008-04-29,14.638963398738474,14.951066000871792,14.549256657108458,14.812769889831543,5068440,0.0,0.0
2008-04-30,14.764174348247629,15.362218040373328,14.764174348247629,15.302412986755371,3731640,0.0,0.0
2008-05-02,14.971618272980336,15.694875507637018,14.971618272980336,15.177196502685547,4227984,0.0,0.0
2008-05-05,15.238868534112967,15.388380287675524,14.995914928846872,15.059456825256348,1276236,0.0,0.0
2008-05-06,15.048248572586079,15.210841083784533,14.637093660314015,14.762309074401855,3549780,0.0,0.0
2008-05-07,14.68942161522609,14.68942161522609,14.244627366789782,14.3231201171875,9945612,0.0,0.0
2008-05-08,14.27826488971567,14.577286726232604,13.867110933888268,14.394136428833008,10049376,0.0,0.0
2008-05-09,14.465154280276604,14.53990845887887,13.915702512482579,14.0184907913208,2636220,0.0,0.0
2008-05-12,13.941865283514446,13.941865283514446,13.156934498176922,13.358774185180664,6279252,0.0,0.0
2008-05-13,13.455958212575604,13.65032165418742,12.89529328705162,13.035459518432617,5734500,0.0,0.0
2008-05-14,13.156933692396207,13.156933692396207,12.512169158213933,12.678500175476074,5724768,0.0,0.0
2008-05-15,13.304575438279178,13.304575438279178,12.347706745889393,12.674761772155762,4444680,0.0,0.0
2008-05-16,12.633648518000362,13.568090282693625,12.633648518000362,13.414841651916504,7128576,0.0,0.0
2008-05-20,13.418577951734257,13.455955892159134,12.751387147617354,13.054145812988281,5152680,0.0,0.0
2008-05-21,13.082175558339175,13.452214588686678,12.656070060090924,13.347557067871094,4029648,0.0,0.0
2008-05-22,13.085919947425678,13.23169318060114,12.67102821532143,12.964442253112793,7934256,0.0,0.0
2008-05-23,13.125168851992287,13.792359903495166,12.988739447181192,13.433534622192383,13424052,0.0,0.0
2008-05-26,13.085918652778613,13.493334925772572,12.79250378850922,12.99808120727539,8528556,0.0,0.0
2008-05-27,13.082183144230632,13.306449145877483,12.94575460286167,13.078445434570312,3559344,0.0,0.0
2008-05-28,13.343822591126356,13.444742428883258,13.121425091670723,13.398019790649414,2416440,0.0,0.0
2008-05-29,13.170019121963893,13.997934123376895,13.170019121963893,13.353169441223145,12214368,0.0,0.0
2008-05-30,13.418576803043342,13.713860881659603,13.194310890705534,13.340084075927734,4680876,0.0,0.0
2008-06-02,13.545665296479536,13.545665296479536,12.902769042158575,13.029852867126465,3585228,0.0,0.0
2008-06-03,13.007424249087986,13.265330416919115,12.803716138564937,13.149458885192871,6771444,0.0,0.0
2008-06-04,13.269070560473754,13.893278310038541,11.895441365946068,12.046821594238281,39042228,0.0,0.0
2008-06-05,12.074854052132002,12.409383734138881,11.18339628322403,11.28244686126709,29008980,0.0,0.0
2008-06-06,11.437565225049523,11.57773146555258,11.110510093537828,11.248807907104492,10889052,0.0,0.0
2008-06-09,10.83952196204775,10.83952196204775,9.964884307483402,10.422760963439941,12985224,0.0,0.0
2008-06-10,9.949934101496096,10.764767604098417,9.949934101496096,10.637682914733887,8149092,0.0,0.0
2008-06-11,10.757290330416263,10.876898724661125,10.125608124026394,10.213444709777832,9383508,0.0,0.0
2008-06-12,10.20409834662083,10.237738573482622,9.905076579312585,10.067669868469238,6820752,0.0,0.0
2008-06-13,9.983572524563222,10.144296570120366,9.727535620968252,9.976097106933594,7347036,0.0,0.0
2008-06-16,10.091968878844161,10.876899791643153,10.026557684275312,10.353611946105957,3203604,0.0,0.0
2008-06-17,10.316234477265999,10.540500444163085,10.222790039223288,10.473220825195312,8042568,0.0,0.0
2008-06-18,10.465745830555752,10.787193983861226,10.359219825463693,10.411548614501953,6845700,0.0,0.0
2008-06-19,10.316237151833212,10.316237151833212,9.916296187913074,10.011609077453613,9319392,0.0,0.0
2008-06-20,10.091968725392391,10.27885674995295,9.583632579961968,9.891998291015625,13543656,0.0,0.0
2008-06-23,9.891996753518983,10.035900672610156,9.350020454373013,9.929374694824219,9758532,0.0,0.0
2008-06-24,9.905077481665236,10.054588378939803,9.478972750467927,9.856487274169922,12072288,0.0,0.0
2008-06-25,9.544384836512984,10.37977604931897,9.544384836512984,10.082623481750488,9353616,0.0,0.0
2008-06-26,10.129344573660706,10.24147754573449,9.875176959897026,10.078885078430176,9315372,0.0,0.0
2008-06-27,10.05458741632033,10.05458741632033,9.056604004959697,9.2603120803833,6108912,0.0,0.0
2008-06-30,9.802289694649023,9.802289694649023,8.267936849708166,8.365118980407715,7217220,0.0,0.0
2008-07-01,8.671615081131865,8.671615081131865,7.849307270726791,8.071703910827637,4013988,0.0,0.0
2008-07-02,8.335218624770315,8.690307008352734,7.774553656489493,8.389416694641113,2184072,0.0,0.0
2008-07-03,8.223085302541126,8.673486541633057,7.699798304890491,8.436138153076172,4340616,0.0,0.0
2008-07-04,8.372595874267441,8.817390102271283,8.14832990571111,8.583780288696289,2757360,0.0,0.0
2008-07-07,8.522106586545224,9.006147175529238,8.522106586545224,8.910834312438965,2477352,0.0,0.0
2008-07-08,8.970636547095726,9.568678413231062,8.600597447325399,9.406085968017578,9032328,0.0,0.0
2008-07-09,9.606057694134147,10.278855529260431,9.591106859266459,10.162984848022461,7631364,0.0,0.0
2008-07-10,10.091968828801054,10.503122829249943,9.905079946818725,10.439580917358398,3010752,0.0,0.0
2008-07-11,10.278857366408255,10.390990358970916,9.460286178498098,9.559337615966797,10237776,0.0,0.0
2008-07-14,9.531300807725255,9.628482070942377,9.215459777379934,9.41356086730957,8301696,0.0,0.0
2008-07-15,9.493924137947523,9.493924137947523,8.787486112292507,9.155656814575195,2774088,0.0,0.0
2008-07-16,9.344413110093642,9.677075149657398,9.344413110093642,9.411693572998047,2999136,0.0,0.0
2008-07-17,9.721928761701013,10.35361097053618,9.650911437750722,10.284462928771973,5627664,0.0,0.0
2008-07-18,10.319970226555963,10.725518001148677,10.278854578964335,10.630205154418945,4267200,0.0,0.0
2008-07-21,10.690010470912512,10.83578369095045,10.241478539111796,10.37416934967041,3530820,0.0,0.0
2008-07-22,10.353613019601417,11.063788966174162,10.11439618284268,10.817096710205078,2903436,0.0,0.0
2008-07-23,11.209561108035864,11.697339435485944,11.209561108035864,11.536615371704102,6863136,0.0,0.0
2008-07-24,12.671027400476927,12.671027400476927,11.512319594910402,11.822554588317871,8292252,0.0,0.0
2008-07-25,11.822554031517278,12.147738990747076,11.424481608312874,11.957113265991211,4183548,0.0,0.0
2008-07-28,11.957114291548686,12.2019381008458,11.882359249929982,12.181380271911621,3976836,0.0,0.0
2008-07-29,11.960849753480488,11.960849753480488,11.360938539830814,11.607630729675293,7967904,0.0,0.0
2008-07-30,11.437565040213494,12.353317511532234,11.437565040213494,12.32154655456543,8877432,0.0,0.0
2008-07-31,12.321548197461702,12.49909240807156,11.811342680044616,12.25613784790039,4001016,0.0,0.0
2008-08-01,12.147739303743121,12.558894146742169,12.117837631092584,12.530860900878906,4284576,0.0,0.0
2008-08-04,12.446761919302983,12.446761919302983,12.11036294851101,12.209413528442383,15286272,0.0,0.0
2008-08-05,12.375740153683497,12.66728652849114,12.129047988622572,12.543939590454102,42149028,0.0,0.0
2008-08-06,12.93827482620936,13.680221493254576,12.345839061745634,12.493480682373047,18101376,0.0,0.0
2008-08-07,12.340232897746366,12.517776185166712,12.117835398600253,12.282297134399414,5372196,0.0,0.0
2008-08-08,12.110361046009915,12.334626991306395,11.67491070818768,11.82815933227539,7212744,0.0,0.0
2008-08-11,12.00383634798718,12.297250363758646,11.815078187601024,11.96458911895752,9371724,0.0,0.0
2008-08-12,12.072984999920738,12.360792894197406,11.972065137581783,12.209413528442383,8876328,0.0,0.0
2008-08-13,12.147739213195548,12.181379450183423,11.923473247961086,12.080459594726562,6178800,0.0,0.0
2008-08-14,11.960851367974874,12.254266238226197,11.74219239089355,11.852456092834473,2557548,0.0,0.0
2008-08-18,11.772093767287076,11.843111094053972,11.370284487521314,11.532876968383789,2906760,0.0,0.0
2008-08-19,11.504843212285968,11.830029015081495,11.213297644627009,11.73845386505127,1867980,0.0,0.0
2008-08-20,11.474938619711757,11.886093362982836,11.474938619711757,11.839370727539062,1489284,0.0,0.0
2008-08-21,11.77396019064744,11.77396019064744,11.17778676490283,11.220770835876465,1514484,0.0,0.0
2008-08-22,11.14414962817858,11.14414962817858,10.641420476627156,10.949786186218262,4827636,0.0,0.0
2008-08-25,11.400185999537056,11.484285734424232,11.02827839710356,11.140411376953125,1526640,0.0,0.0
2008-08-26,11.063786720015454,11.293659663846126,10.876898711177867,11.159099578857422,2647080,0.0,0.0
2008-08-27,11.213297819971439,11.254412617939732,10.955391627909403,11.157231330871582,2348736,0.0,0.0
2008-08-28,11.02640556228963,11.21329437216333,10.417150642841028,10.62646484375,6046740,0.0,0.0
2008-08-29,10.845128574943912,11.396448798612395,10.845128574943912,11.316086769104004,3242940,0.0,0.0
2008-09-01,11.213296837078888,11.400184832527986,10.914275017752347,11.284314155578613,1364856,0.0,0.0
2008-09-02,11.484288290251232,12.117839938499479,11.405795529090678,11.876753807067871,19601112,0.0,0.0
2008-09-04,11.848719139889463,12.484139139345102,11.488024627171718,12.347710609436035,21638016,0.0,0.0
2008-09-05,12.035604599432586,14.011013936953912,11.968324990081783,13.405496597290039,27586704,0.0,0.0
2008-09-08,13.455957911099944,13.829733949403765,12.786897724597578,12.955097198486328,10606176,0.0,0.0
2008-09-09,13.044804361936443,13.45222153303819,12.955098480290813,13.216741561889648,12142716,0.0,0.0
2008-09-10,13.60991820848017,13.798944561832851,13.046618758276164,13.209181785583496,10688160,0.333333,0.0
2008-09-11,13.186494279686666,13.194055227812376,12.836795669749886,13.154359817504883,5493648,0.0,0.0
2008-09-12,13.245093799173528,13.383083274806317,12.878382599120224,13.052286148071289,8826684,0.0,0.0
2008-09-15,13.005031892039382,13.419000385959357,12.574050828312647,13.167594909667969,7264368,0.0,0.0
2008-09-16,13.005029418444561,14.165653170636146,12.853807854351516,13.677964210510254,24445332,0.0,0.0
2008-09-17,13.609916992637526,13.79894332910353,12.519233136232154,12.712039947509766,13210884,0.0,0.0
2008-09-18,12.475756919335952,13.356620506998294,11.908677059366136,13.160033226013184,9639744,0.0,0.0
2008-09-19,13.15624861336413,13.418995417137683,12.513557730675588,13.065515518188477,12757452,0.0,0.0
2008-09-22,12.664781304066096,13.00502916774514,12.286727833768802,12.761184692382812,3240732,0.0,0.0
2008-09-23,12.475756847436934,13.182715998320605,11.918127744816822,13.057958602905273,7611252,0.0,0.0
2008-09-24,12.853808888725947,13.41899891348305,12.853808888725947,13.220520973205566,7534584,0.0,0.0
2008-09-25,13.23186307576348,13.3641814209737,12.676124641408244,12.901066780090332,20813880,0.0,0.0
2008-09-26,12.814113901659733,13.005030899294097,12.290509944315508,12.66667366027832,7650816,0.0,0.0
2008-09-29,12.816004447058107,13.02015353658064,12.47953701598292,12.895395278930664,13715772,0.0,0.0
2008-09-30,12.626975176972746,13.759244871479568,12.626975176972746,13.619364738464355,22641672,0.0,0.0
2008-10-01,13.534304270538605,13.889674920634672,13.08253109074955,13.723331451416016,15802764,0.0,0.0
2008-10-03,13.685527724733273,14.2620592347141,13.685527724733273,14.088154792785645,14352768,0.0,0.0
2008-10-06,14.290408175625531,14.475653976786472,14.044673066641696,14.358457565307617,15093396,0.0,0.0
2008-10-07,14.403826869668338,14.589072706275667,13.874551814654394,14.137299537658691,9680508,0.0,0.0
2008-10-08,14.13918831419397,14.13918831419397,12.602401827175598,12.933198928833008,13168764,0.0,0.0
2008-10-10,12.853805706552677,13.04094217697316,12.05989414198875,12.833013534545898,8486628,0.0,0.0
2008-10-13,12.816004299804048,13.496500103333466,12.419048414411886,13.301802635192871,9951900,0.0,0.0
2008-10-14,13.609912839669803,13.685523178125207,13.048504281151406,13.173261642456055,4452024,0.0,0.0
2008-10-15,13.152471265937852,13.560768560683128,13.129787554104979,13.299911499023438,6030240,0.0,0.0
2008-10-16,12.942653516282391,13.606137720559248,12.10526572470873,13.260218620300293,10580604,0.0,0.0
2008-10-17,13.23186037017338,14.286629037363046,13.12600536953187,13.38119125366211,17007336,0.0,0.0
2008-10-20,13.42088794708252,13.87266198001311,13.231861636585403,13.42088794708252,7445412,0.0,0.0
2008-10-21,13.485158486242105,13.496499909745886,12.989908538920622,13.326375961303711,7774848,0.0,0.0
2008-10-22,13.156251596850018,13.67985465372662,12.02776312065205,12.192215919494629,13384248,0.0,0.0
2008-10-23,12.135506775325993,13.60235319251377,10.082678232184996,11.432328224182129,19800312,0.0,0.0
2008-10-24,11.568429085284764,11.568429085284764,9.835055046368801,10.644088745117188,7448004,0.0,0.0
2008-10-27,12.453070943442167,12.453070943442167,8.5515623136623,10.318960189819336,6499272,0.0,0.0
2008-10-29,10.814211723122229,11.825503754994138,10.58926960533967,11.619464874267578,8472288,0.0,0.0
2008-10-31,11.379402329322065,11.753675395610378,10.683784575104621,10.85390853881836,11540808,0.0,0.0
2008-11-03,10.96354437672652,11.725321762009214,10.672443478576053,11.415318489074707,4989312,0.0,0.0
2008-11-04,11.719649325557954,12.362340380941275,11.657271062996355,12.25837516784668,4374060,0.0,0.0
2008-11-05,12.211116731684893,12.390692270412396,11.723427811079262,11.969162940979004,2943480,0.0,0.0
2008-11-06,11.867091548221024,11.988068475513801,11.24897481697021,11.749895095825195,7780896,0.0,0.0
2008-11-07,11.833064386894733,12.793320421951103,11.833064386894733,12.504109382629395,7945884,0.0,0.0
2008-11-10,12.557037377716098,12.774417684166735,11.914347211713045,12.103373527526855,5784468,0.0,0.0
2008-11-11,12.09770053360389,12.562705735891882,11.26598331365728,11.468241691589355,5985420,0.0,0.0
2008-11-12,11.541962738101752,12.16953180353303,11.360497390826517,11.817941665649414,9544152,0.0,0.0
2008-11-14,12.09770307642573,12.362340625963713,11.630807971738058,11.851968765258789,5792604,0.0,0.0
2008-11-17,11.90867561577992,12.34343621219103,11.836844874341354,12.275386810302734,11074992,0.0,0.0
2008-11-18,12.286728277713905,12.471974978071115,11.95593202006083,12.012639999389648,7593288,0.0,0.0
2008-11-19,12.286727993025776,12.286727993025776,11.836844643088112,11.935138702392578,5160900,0.0,0.0
2008-11-20,11.833064876283649,12.097702411271362,11.290559443825307,11.772577285766602,4634712,0.0,0.0
2008-11-21,11.719647960191216,12.475754894283915,11.719647960191216,12.383131980895996,5418156,0.0,0.0
2008-11-24,12.362340927464684,12.872712800616895,12.116605745009416,12.72716236114502,7923504,0.0,0.0
2008-11-25,12.589172987699094,13.061739252859669,12.343437802967625,12.60051441192627,4543776,0.0,0.0
2008-11-26,12.488983238284723,13.364176202452395,12.437946417070059,13.246980667114258,10539840,0.0,0.0
2008-11-27,13.246980667114258,13.246980667114258,13.246980667114258,13.246980667114258,0,0.0,0.0
2008-11-28,13.005029591752228,13.98418799925767,12.097701925692885,13.428449630737305,14176680,0.0,0.0
2008-12-01,13.609918412675908,14.214803098597965,13.424671666397925,13.842421531677246,13442424,0.0,0.0
2008-12-02,13.647718986853175,13.95016210252466,13.439790318285953,13.700647354125977,11140884,0.0,0.0
2008-12-03,13.798940083037197,13.893453661684408,13.328263724704803,13.541864395141602,5847216,0.0,0.0
2008-12-04,13.609915192594233,13.91235746399796,13.468145242671376,13.75168514251709,5825256,0.0,0.0
2008-12-05,13.647720629194323,13.984188917089705,12.626976937882525,12.85569953918457,9894504,0.0,0.0
2008-12-08,12.85758921292648,13.6099157456379,12.252704645539334,12.320754051208496,9434592,0.0,0.0
2008-12-10,12.324535342150606,12.827346266991842,12.154411384059745,12.672344207763672,5955612,0.0,0.0
2008-12-11,12.551366512135486,12.816004052386388,12.122276168657859,12.231911659240723,6547572,0.0,0.0
2008-12-12,12.022092236277334,13.420888554829823,11.868980857270564,12.96533489227295,13610904,0.0,0.0
2008-12-15,13.231859712729099,13.439789229750426,12.980454315020712,13.14490795135498,6775524,0.0,0.0
2008-12-16,12.957772570351318,13.383082392135279,12.929418582232387,13.154359817504883,3254496,0.0,0.0
2008-12-17,13.231861741460833,13.420888053456165,13.008810295270589,13.192166328430176,6142332,0.0,0.0
2008-12-18,13.231860612216414,14.43028904127387,13.231860612216414,13.878331184387207,20231460,0.0,0.0
2008-12-19,13.987967754456479,14.702488645066264,13.987967754456479,14.570169448852539,12265992,0.0,0.0
2008-12-22,14.564498941387798,14.564498941387798,13.617476676996677,13.834856986999512,8275464,0.0,0.0
2008-12-23,13.987968173585324,15.122127802000087,13.50595033150905,13.859430313110352,10418868,0.0,0.0
2008-12-24,13.798941631085135,14.630658966720594,13.798941631085135,14.566390037536621,14714088,0.0,0.0
2008-12-26,14.441635534527066,14.9898122446142,14.086265662007904,14.154315948486328,7997448,0.0,0.0
2008-12-29,14.21480204671648,14.471878668181416,13.80461489279334,14.364133834838867,7818624,0.0,0.0
2008-12-30,14.29041204020715,14.664685082616357,13.919919472397366,14.562609672546387,8454504,0.0,0.0
2008-12-31,14.666570856880423,14.72516862971636,14.120284207079587,14.21857738494873,8087268,0.0,0.0
2009-01-02,13.798943528216231,13.976628442811329,13.647721937684235,13.747906684875488,7310604,0.0,0.0
2009-01-05,13.798942468464586,13.832967604942121,13.271558044833762,13.577781677246094,11395680,0.0,0.0
2009-01-06,13.496498719162622,14.303641635464786,13.45869311218986,14.118395805358887,13015416,0.0,0.0
2009-01-07,14.176997408660526,14.245046823163046,13.534306282604414,13.906688690185547,6650412,0.0,0.0
2009-01-09,13.912357138195237,14.47943692460666,13.723330831156456,14.390594482421875,11009268,0.0,0.0
2009-01-12,14.3905961555609,14.555048966622472,13.556988945674833,13.7913818359375,10997604,0.0,0.0
2009-01-13,13.609918704877536,14.364135206165232,13.609918704877536,14.192120552062988,8223336,0.0,0.0
2009-01-14,14.176995577458628,14.366021896726364,13.987968392895754,14.148641586303711,5702652,0.0,0.0
2009-01-15,14.367912039500776,14.417058205777181,13.895344960725513,14.23559284210205,6710172,0.0,0.0
2009-01-16,14.366019948150274,14.659011438775396,14.2526039989141,14.564496994018555,7811820,0.0,0.0
2009-01-19,14.74407561432398,14.78944130859347,14.388704952146906,14.539926528930664,6649716,0.0,0.0
2009-01-20,14.366020387227337,14.967124417373935,14.139188481822194,14.849928855895996,13664460,0.0,0.0
2009-01-21,14.74407181018711,14.933097218129603,14.594740941841206,14.679802894592285,4355868,0.0,0.0
2009-01-22,14.592853667792808,14.702490028552592,14.366022592857114,14.558830261230469,2810508,0.0,0.0
2009-01-23,13.997419792253822,14.590962927319824,13.711990080593509,13.859430313110352,7475712,0.0,0.0
2009-01-27,14.744071766515507,14.744071766515507,13.768694884251158,14.536141395568848,6239424,0.0,0.0
2009-01-28,14.573951422218764,14.74407536878163,14.228032384756217,14.305533409118652,7256028,0.0,0.0
2009-01-29,14.328217637421533,14.81968628690556,13.647721785555754,14.727065086364746,14881404,0.0,0.0
2009-01-30,14.933100566788823,16.00299299171528,14.460535210372754,14.817794799804688,16362756,0.0,0.0
2009-02-02,14.532364158489596,14.785660253195372,14.337666711093165,14.43596076965332,8039796,0.0,0.0
2009-02-03,14.504007586746406,14.744071546518361,14.428397251862565,14.649557113647461,6316284,0.0,0.0
2009-02-04,14.649560686141312,14.842369207086614,14.632548983982726,14.711939811706543,8065476,0.0,0.0
2009-02-05,14.92554217594884,14.927431980603435,14.674135855635283,14.75352668762207,6084768,0.0,0.0
2009-02-06,14.863165526958811,14.891519523869992,14.600418604287917,14.755420684814453,7878720,0.0,0.0
2009-02-09,14.744075102067914,15.18450685834586,14.564498674662051,15.06731128692627,7832340,0.0,0.0
2009-02-10,15.122126857064861,15.299811739040843,14.832915823772955,15.148591041564941,4663008,0.0,0.0
2009-02-11,15.220420295500523,15.57579004496187,15.12212624044269,15.519082069396973,3363744,0.0,0.0
2009-02-12,15.594694903388485,15.80262359190358,15.314934605170471,15.394327163696289,6918564,0.0,0.0
2009-02-13,15.458597499697802,15.72701380320425,15.42457236160559,15.477499008178711,3925032,0.0,0.0
2009-02-16,15.462376033070433,15.462376033070433,14.948224579780282,15.014383316040039,1612680,0.0,0.0
2009-02-17,14.744075816887106,15.152373993283188,14.744075816887106,14.931211471557617,3703620,0.0,0.0
2009-02-18,15.008714551300946,15.950067559109979,14.96334885020267,15.70433235168457,8092152,0.0,0.0
2009-02-19,15.727015150906883,15.802626383081144,15.575794417148924,15.670307159423828,4810032,0.0,0.0
2009-02-20,15.575791257759949,15.689207217720798,15.280910800215866,15.60036563873291,3449592,0.0,0.0
2009-02-24,15.159929981384158,15.606034539053285,15.159929981384158,15.434019088745117,2539536,0.0,0.0
2009-02-25,15.500184532196691,15.500184532196691,15.014386952582985,15.195853233337402,3173844,0.0,0.0
2009-02-26,15.188284218131033,15.345177775955054,14.445410294104535,14.587181091308594,8169564,0.0,0.0
2009-02-27,14.744077420881245,14.887737200927232,13.897238044662227,14.475659370422363,7371600,0.0,0.0
2009-03-02,14.006870100754139,14.645779734253718,14.006870100754139,14.25638484954834,3718812,0.0,0.0
2009-03-03,14.176993846664915,14.815903471942606,14.176993846664915,14.560717582702637,6320280,0.0,0.0
2009-03-04,14.602304517535547,14.762975970150581,14.42272896319241,14.636329650878906,4496676,0.0,0.0
2009-03-05,14.498341810297743,14.498341810297743,14.184558068885178,14.265839576721191,2097240,0.0,0.0
2009-03-06,14.252607853658832,14.509684478593831,14.199680338680897,14.339560508728027,3911628,0.0,0.0
2009-03-09,14.250718047822767,14.250718047822767,13.241315653630432,13.38497543334961,4932000,0.0,0.0
2009-03-12,13.383086631662803,13.98797132628684,13.237536170897458,13.419001579284668,9832992,0.0,0.0
2009-03-13,13.458690900111542,13.458690900111542,12.935087958927102,13.044722557067871,5881548,0.0,0.0
2009-03-16,13.231863263991988,13.676075537677335,13.231863263991988,13.606136322021484,9210876,0.0,0.0
2009-03-17,13.606136060253574,13.640160332413807,13.088203240824457,13.405767440795898,10740504,0.0,0.0
2009-03-18,13.307471940186703,13.345277548269113,12.672342743113786,12.882162094116211,10494936,0.0,0.0
2009-03-19,12.816004643446174,12.955883936340134,12.560818710280211,12.819785118103027,5830620,0.0,0.0
2009-03-20,12.740393569425823,12.774418707032506,12.456853640354103,12.587282180786133,6379740,0.0,0.0
2009-03-23,12.929420089949453,12.929420089949453,12.521122786483764,12.85569953918457,6207276,0.0,0.0
2009-03-24,12.853807275807767,13.381191623998431,12.77819692981197,13.229970932006836,14225136,0.0,0.0
2009-03-25,13.190275226705586,13.581559904990218,13.101431925633497,13.25832462310791,6415884,0.0,0.0
2009-03-26,13.34527511276028,13.727109002293242,13.231859174506525,13.58344841003418,10716744,0.0,0.0
2009-03-27,13.534300733167594,13.93125649784727,13.45869039975548,13.766803741455078,7263048,0.0,0.0
2009-03-30,13.761136438095024,14.279070092151901,13.729002837827288,13.957724571228027,7159572,0.0,0.0
2009-03-31,13.993640500696575,14.366022885816397,13.923700420287085,14.216691970825195,17083056,0.0,0.0
2009-04-01,14.366022637606331,14.439743191470038,13.696868238781837,13.7913818359375,5145984,0.0,0.0
2009-04-02,13.987965557341603,14.211017832192653,13.848086299803871,14.097601890563965,4999704,0.0,0.0
2009-04-06,14.22992632032361,14.279073364871211,13.689309695595334,14.154315948486328,10195092,0.0,0.0
2009-04-08,13.987968041837457,14.626877729081402,13.987968041837457,14.541815757751465,11064720,0.0,0.0
2009-04-09,14.543708286158111,14.844259913147614,14.38681556044021,14.528586387634277,5248464,0.0,0.0
2009-04-13,14.36602119510226,14.6023047316184,13.798941399699604,13.980406761169434,13155528,0.0,0.0
2009-04-15,14.006873244954507,14.24504662504853,13.660954166875996,13.931262016296387,18048636,0.0,0.0
2009-04-16,13.987970147838382,14.893408173806506,13.80083447497384,14.517245292663574,11839572,0.0,0.0
2009-04-17,14.55505357808628,15.0975609496526,14.521028430047435,14.6779203414917,11248800,0.0,0.0
2009-04-20,14.668459785390546,15.008707577298495,14.318761242792853,14.641997337341309,5878668,0.0,0.0
2009-04-21,14.744075610298218,15.004932678752324,14.538036720347506,14.590963363647461,3644280,0.0,0.0
2009-04-22,14.740294719135331,14.740294719135331,14.263947992575854,14.524805068969727,4418664,0.0,0.0
2009-04-23,14.40571760091017,14.592853254058861,14.218581082466322,14.519133567810059,1253136,0.0,0.0
2009-04-24,14.379255332363304,14.666575745202463,14.290412876137157,14.51535415649414,2330496,0.0,0.0
2009-04-27,14.706265919680957,14.706265919680957,14.14674802516513,14.288517951965332,5774256,0.0,0.0
2009-04-28,14.290410460240697,14.58907224705064,14.046565981709321,14.483217239379883,8420340,0.0,0.0
2009-04-29,14.630662633764361,14.770542815526335,14.299865421124483,14.655235290527344,10690656,0.0,0.0
2009-04-30,14.592856407165527,14.592856407165527,14.592856407165527,14.592856407165527,0,0.0,0.0
2009-05-04,14.526695032089856,14.7062697425199,14.366022695048454,14.534255981445312,3709944,0.0,0.0
2009-05-05,14.40382906774761,14.626879681397808,13.991750383753024,14.074922561645508,6723096,0.0,0.0
2009-05-06,13.950163621277888,14.02577397577993,13.798942046978663,13.834856986999512,7327728,0.0,0.0
2009-05-07,13.776259621009672,13.868882546059986,13.505950929715203,13.577781677246094,6994188,0.0,0.0
2009-05-08,13.496497842779139,13.719549265374148,13.439789868649815,13.541864395141602,7486608,0.0,0.0
2009-05-11,13.496496942128285,13.534301678828365,13.178931962077872,13.398202896118164,9203796,0.0,0.0
2009-05-12,13.515400061638333,13.874550272019713,13.458692088141536,13.63448715209961,7952460,0.0,0.0
2009-05-13,13.797053373154474,13.950164764584779,13.42088964380752,13.691198348999023,12316956,0.0,0.0
2009-05-14,13.723329986466334,14.040894993428196,13.625035932126467,13.810281753540039,3203892,0.0,0.0
2009-05-15,13.863209166001297,14.148639709571206,13.42088678959698,13.987966537475586,11486760,0.0,0.0
2009-05-18,15.83097865643391,16.785563652737984,14.55504898688457,16.103178024291992,47400,0.0,0.0
2009-05-19,16.588975516832193,16.588975516832193,14.50212148323663,15.564452171325684,17406180,0.0,0.0
2009-05-20,15.122131394990578,16.012447607069756,14.97658179774317,15.296036720275879,11530632,0.0,0.0
2009-05-21,15.19773736239438,17.095564728343266,15.159930891845795,16.8195858001709,34285008,0.0,0.0
2009-05-22,16.98971701336954,17.235450524388963,16.07860767954608,16.919776916503906,19991532,0.0,0.0
2009-05-25,16.28086126973708,17.91594019251446,16.28086126973708,17.588924407958984,22126956,0.0,0.0
2009-05-26,17.768497461526607,18.097404750843825,16.725071080451016,16.844158172607422,16327944,0.0,0.0
2009-05-27,17.012394234184516,17.556791195796468,16.76098792974233,17.335630416870117,9281172,0.0,0.0
2009-05-28,17.329957868957955,17.577582813681854,16.670255194684998,16.948123931884766,14434272,0.0,0.0
2009-05-29,16.936781801142327,19.522665885330863,16.67592476214877,17.568130493164062,73378032,0.0,0.0
2009-06-01,17.95752727014479,18.414972471330014,17.57947462917647,17.83087921142578,22473168,0.0,0.0
2009-06-02,17.844107761705306,18.142769513745343,17.016171032929154,17.806303024291992,15050856,0.0,0.0
2009-06-03,17.995329378300408,18.44899317322546,17.163612997801156,17.403676986694336,16560660,0.0,0.0
2009-06-04,17.390444299841683,17.844108079233987,17.201417148231563,17.409347534179688,13480320,0.0,0.0
2009-06-05,17.466055785126773,18.252406463985665,17.178734579321212,17.851669311523438,19554084,0.0,0.0
2009-06-08,18.320455108975654,18.600215368804875,17.012392105614214,17.5133113861084,15436380,0.0,0.0
2009-06-09,17.20141828975532,17.314834242129926,16.06725876600925,16.948123931884766,28205928,0.0,0.0
2009-06-10,17.575690763034604,17.575690763034604,16.316774766967416,16.92922019958496,20051832,0.0,0.0
2009-06-11,17.346968893948077,17.346968893948077,15.863110818370329,16.097503662109375,16705836,0.0,0.0
2009-06-12,16.36969960779498,16.5870807298356,15.658960199836244,15.751583099365234,11340948,0.0,0.0
2009-06-15,15.692991289924201,16.47934219795149,15.585244724727486,16.21092414855957,12485700,0.0,0.0
2009-06-16,16.396166854732527,17.08800315913361,16.116408299697103,16.934892654418945,10856604,0.0,0.0
2009-06-17,16.825261123387257,16.898980817266654,16.08238611718126,16.49068260192871,6879288,0.0,0.0
2009-06-18,16.41128870222805,17.012393623026348,15.424570218210555,16.095613479614258,11225616,0.0,0.0
2009-06-19,18.324235076797137,18.324235076797137,15.804511775558803,15.982194900512695,6951204,0.0,0.0
2009-06-22,16.071041050959444,16.483118804754533,15.579572471948913,15.883905410766602,8885280,0.0,0.0
2009-06-23,15.840425470854981,16.248723555800936,15.764815996301984,16.0010986328125,6810180,0.0,0.0
2009-06-24,16.067259665509745,16.275190076897246,15.880124025851183,16.197689056396484,4016304,0.0,0.0
2009-06-25,16.388604843458488,16.388604843458488,15.613594694827745,15.69676685333252,18158220,0.0,0.0
2009-06-26,15.802619857210617,16.02945172947005,15.52475115981078,15.929267883300781,5219964,0.0,0.0
2009-06-29,16.059703158185226,16.48123173498154,16.040799918343918,16.1334228515625,6461268,0.0,0.0
2009-06-30,16.16933956976408,16.47934373810113,15.95384814982146,16.260072708129883,8143080,0.0,0.0
2009-07-01,15.723224648890284,17.466049277209944,15.723224648890284,17.212753295898438,11813748,0.0,0.0
2009-07-02,17.413130523198173,17.881916288832798,17.014284834543037,17.17873764038086,18190488,0.0,0.0
2009-07-03,17.12013904971056,17.57191309137166,17.12013904971056,17.386667251586914,9828552,0.0,0.0
2009-07-06,17.390448878287028,17.679659959909248,16.566293256903286,16.827150344848633,11156256,0.0,0.0
2009-07-07,16.785562889526943,17.27703149636588,16.753427558368372,16.838489532470703,5108112,0.0,0.0
2009-07-08,16.7326335709087,17.91594019251446,16.634339508974648,17.588924407958984,9845556,0.0,0.0
2009-07-09,17.768498243542197,18.00289282953212,17.585143951734292,17.86490249633789,9475224,0.0,0.0
2009-07-10,18.036917656583455,18.14655401004226,16.524705399276684,17.099346160888672,6678300,0.0,0.0
2009-07-13,16.176894993793468,17.333737353613493,16.176894993793468,16.88007354736328,3845232,0.0,0.0
2009-07-14,16.823366616875866,17.201419235377397,16.33567764873707,17.053979873657227,6057540,0.0,0.0
2009-07-15,17.08800515696325,17.679659395790583,16.808246569220085,17.45282745361328,4483680,0.0,0.0
2009-07-16,17.713679254949366,17.713679254949366,17.16361126684139,17.362089157104492,2843328,0.0,0.0
2009-07-17,17.390449806378403,17.522769027462232,16.944346833348625,17.365877151489258,4553988,0.0,0.0
2009-07-20,17.239227075768117,17.541668502317865,16.853613478151537,17.246788024902344,6622716,0.0,0.0
2009-07-21,17.163615976063127,17.229774714106338,16.955687277505657,17.01806640625,7276632,0.0,0.0
2009-07-22,17.12580933038232,17.12580933038232,16.454764348189386,16.66269302368164,14046876,0.0,0.0
2009-07-23,16.9745847704677,17.26946691082999,16.617325246704482,17.07666015625,9760728,0.0,0.0
2009-07-24,17.01239471840581,17.237336843395475,16.836599626864228,17.10879898071289,3342372,0.0,0.0
2009-07-27,17.012392920880732,17.17117456257291,16.749646078919803,17.0842227935791,3845424,0.0,0.0
2009-07-28,17.579472557602507,17.67398527405959,17.084222669858036,17.473617553710938,5946816,0.0,0.0
2009-07-29,17.73069496861485,17.844110931592322,17.11446812106456,17.72691535949707,8706012,0.0,0.0
2009-07-30,17.844108024854076,18.864851525376046,17.844108024854076,18.409297943115234,15484452,0.0,0.0
2009-07-31,18.675828834261768,18.675828834261768,17.779843350960814,17.919723510742188,12250656,0.0,0.0
2009-08-03,17.980210970694717,18.070944093399888,17.394229608963304,17.562463760375977,7107096,0.0,0.0
2009-08-04,17.57947399626434,19.15595516562873,17.22032287539123,18.447105407714844,17101320,0.0,0.0
2009-08-05,18.67582564421547,19.167295924203838,18.37338425870427,18.94046401977539,16431000,0.0,0.0
2009-08-06,18.827048038465307,19.79108363079636,18.827048038465307,19.203210830688477,16852452,0.0,0.0
2009-08-07,19.072779702477654,20.150231148269174,18.448992023335197,19.7381534576416,12432936,0.0,0.0
2009-08-10,20.22585213292375,20.579332219438367,18.524612185371545,18.811933517456055,10147116,0.0,0.0
2009-08-11,18.74387953782941,19.205104384118084,18.154116818216565,18.736318588256836,4776336,0.0,0.0
2009-08-12,18.709853137817372,19.583155733989358,18.622901358300886,19.307178497314453,9757068,0.0,0.0
2009-08-13,19.35632226765075,19.52266659503464,19.036869166522507,19.360103607177734,5145912,0.0,0.0
2009-08-14,19.507543046609445,19.99901157750952,19.360101968162418,19.751386642456055,11117436,0.0,0.0
2009-08-17,19.734375529923764,20.21450351867505,18.796804127157536,19.135160446166992,10102200,0.0,0.0
2009-08-18,19.12948601253559,19.840227121013672,19.0274123661373,19.628517150878906,5356020,0.0,0.0
2009-08-19,19.568030994008467,19.75138701068387,19.171075168799053,19.60016632080078,7363524,0.0,0.0
2009-08-20,19.583152825280433,19.806205115976354,19.242904976224324,19.515104293823242,4387824,0.0,0.0
2009-08-21,19.54535038203902,20.188041415964996,19.205102493005903,20.05950355529785,5729556,0.0,0.0
2009-08-24,20.225839787738185,20.225839787738185,19.452721332164852,19.583148956298828,6016056,0.0,0.0
2009-08-25,19.46974172771497,19.696573683615263,18.864857088844342,19.010408401489258,9367152,0.0,0.0
2009-08-26,19.234688646063045,19.531815494542005,19.065996005879008,19.21360206604004,7366104,0.583333,0.0
2009-08-27,19.361208925058737,19.430219878786367,18.78612349406668,18.935646057128906,10386180,0.0,0.0
2009-08-28,18.554167515707398,19.2768588190163,18.554167515707398,18.920305252075195,6816864,0.0,0.0
2009-08-31,18.696031509859626,19.572076973316967,18.402737529479186,19.46472930908203,6406248,0.0,0.0
2009-09-01,19.740767599121057,20.035978032352773,19.437889476391216,19.654504776000977,7146264,0.0,0.0
2009-09-02,19.729262727767285,21.082631693234966,19.729262727767285,20.726078033447266,15354432,0.0,0.0
2009-09-03,20.70307272461622,21.536946487135484,20.70307272461622,21.260906219482422,17368008,0.0,0.0
2009-09-04,21.814905534327327,22.006601257333948,21.01745539826944,21.427682876586914,8010528,0.0,0.0
2009-09-07,22.159956758243986,23.04942266558463,21.546532902330476,22.84047508239746,22352976,0.0,0.0
2009-09-08,22.919066141821794,22.919066141821794,22.044935766504448,22.558679580688477,9504120,0.0,0.0
2009-09-09,22.428326568603516,22.428326568603516,21.37016997380694,21.565698623657227,11415828,0.0,0.0
2009-09-10,21.5656974674684,22.19062357330488,21.5656974674684,22.0391845703125,7665648,0.0,0.0
2009-09-11,22.044943167041204,22.21363585102328,21.048129462684447,21.4506893157959,10052604,0.0,0.0
2009-09-14,21.674966745086234,22.037271572854532,21.588703941573005,21.73247528076172,10697292,0.0,0.0
2009-09-15,21.89158116550789,22.382321938349314,21.667298235880754,21.860910415649414,9011988,0.0,0.0
2009-09-16,22.04493973733644,22.447499527818497,21.36633964967525,21.609792709350586,7957608,0.0,0.0
2009-09-17,21.66154929839694,21.757396279245594,20.323517513053236,20.54971694946289,16660152,0.0,0.0
2009-09-18,20.511378164846537,21.086463550356452,20.43469952843811,20.844928741455078,11452740,0.0,0.0
2009-09-22,21.082631412596275,21.640463205457532,21.017455183344367,21.49285888671875,7985832,0.0,0.0
2009-09-23,21.469850149880806,21.661545835958318,21.201477593389143,21.335664749145508,4248264,0.0,0.0
2009-09-24,21.393172586047644,22.119696878554493,21.335664057590524,21.99317741394043,10779324,0.0,0.0
2009-09-25,22.236631476520774,22.79254669305194,22.12544913522298,22.28647232055664,5783304,0.0,0.0
2009-09-29,22.57785564638177,22.57785564638177,21.684554939460558,21.7746524810791,4645920,0.0,0.0
2009-09-30,21.95867371095379,22.374652334233787,21.44301515135382,22.008516311645508,7599768,0.0,0.0
2009-10-01,21.872407197581488,21.893495528152684,21.184223155590054,21.34908103942871,8207952,0.0,0.0
2009-10-05,21.278161039849252,21.699889187741864,21.23982084093431,21.59637451171875,3004440,0.0,0.0
2009-10-06,21.661544984800297,21.841738255724728,21.090294425066503,21.216812133789062,16229136,0.0,0.0
2009-10-07,22.00659923744611,22.00659923744611,21.090297380921825,21.23790168762207,3027720,0.0,0.0
2009-10-08,21.27815963630274,22.08327919010879,21.258989538109763,21.75547981262207,5781624,0.0,0.0
2009-10-09,21.623212447465093,21.75739787951838,21.326083801443943,21.588706970214844,5241444,0.0,0.0
2009-10-12,21.479437199330757,21.75547745731369,21.28199029888118,21.678800582885742,3393036,0.0,0.0
2009-10-13,21.66154670715332,21.66154670715332,21.66154670715332,21.66154670715332,0,0.0,0.0
2009-10-14,21.623207546063306,21.623207546063306,20.839174694417558,20.948440551757812,9567588,0.0,0.0
2009-10-15,20.70306962535976,21.08645921860018,20.400191618547108,20.62063980102539,8210364,0.0,0.0
2009-10-16,20.127991932345605,20.51138166985927,19.995722973084554,20.14141082763672,7817724,0.0,0.0
2009-10-20,20.016807389685923,20.392531185017848,19.59699569719851,20.239173889160156,9509832,0.0,0.0
2009-10-21,20.358020471198177,20.64172841205059,19.80593820911061,20.02638816833496,7326144,0.0,0.0
2009-10-22,19.73885425875605,20.260264247745127,19.40338708597252,20.007226943969727,7213044,0.0,0.0
2009-10-23,19.974632228052428,20.4385352814513,19.782938259889477,19.899871826171875,5551332,0.0,0.0
2009-10-26,20.28134687817773,20.28134687817773,19.70626141135774,19.775272369384766,4115124,0.0,0.0
2009-10-27,19.782935267537397,20.012969398555274,19.215517627358558,19.66408348083496,8017080,0.0,0.0
2009-10-28,19.664088609498705,19.821278874027783,18.872387836095257,19.00849151611328,3169860,0.0,0.0
2009-10-29,18.786119114235603,19.782934213896308,18.471740438937182,19.37845802307129,7673076,0.0,0.0
2009-10-30,19.171432320871144,19.740766572861467,19.067915885495562,19.608497619628906,8218308,0.0,0.0
2009-11-03,19.514557042648,20.009130676448503,19.194427210337427,19.342031478881836,5425068,0.0,0.0
2009-11-04,19.207853130467775,19.45705564378291,19.16951293224896,19.347789764404297,1637364,0.0,0.0
2009-11-05,19.51072859558245,19.514561561876036,19.073663381820747,19.3612060546875,2870628,0.0,0.0
2009-11-06,19.55289675820774,19.77717963472421,19.3113602727157,19.562480926513672,2219388,0.0,0.0
2009-11-09,19.706260202875747,19.932461408631372,19.445555275244107,19.86920166015625,3852624,0.0,0.0
2009-11-10,19.97463089001903,20.507544859472148,19.683255235519344,20.216167449951172,7479984,0.0,0.0
2009-11-11,20.396363697298007,20.756750350990004,19.733098935822778,19.865367889404297,8417136,0.0,0.0
2009-11-12,19.968881513364206,19.968881513364206,19.50114552283331,19.704341888427734,4437948,0.0,0.0
2009-11-13,20.012969276771088,20.166324778176083,19.59123945413094,20.02638816833496,10706064,0.0,0.0
2009-11-16,20.147159440581635,20.319685078541067,19.83086243765601,20.055147171020508,3926988,0.0,0.0
2009-11-17,20.243005994207973,20.319682877202098,19.63341512178721,19.9305419921875,4799172,0.0,0.0
2009-11-18,19.89219829612389,19.93628793095448,19.552898352192955,19.74267578125,8600184,0.0,0.0
2009-11-19,19.55673761204826,19.859615704902232,19.36887660534245,19.472393035888672,6748164,0.0,0.0
2009-11-20,19.629577557922143,20.032137277928648,19.468554371927983,19.966962814331055,3696624,0.0,0.0
2009-11-23,19.966965499055924,20.377191206388783,19.82127591282987,20.210416793823242,4432788,0.0,0.0
2009-11-24,20.660900340080843,20.795087512598226,20.26217354403893,20.703073501586914,6859980,0.0,0.0
2009-11-25,20.779754032020076,22.376576224929448,20.779754032020076,22.115869522094727,17466636,0.0,0.0
2009-11-26,22.2347122414051,22.23662872420205,21.738222100554324,21.903079986572266,11532672,0.0,0.0
2009-11-27,21.891583353260543,22.72354068897273,21.55803452766325,22.299894332885742,9841416,0.0,0.0
2009-11-30,22.159956361369638,22.857728288440082,22.159956361369638,22.623859405517578,13846752,0.0,0.0
2009-12-01,22.725455672875228,23.655176410944737,22.29030869066307,23.21811294555664,11948580,0.0,0.0
2009-12-02,23.271788095638,23.271788095638,22.56251553271996,22.79446792602539,12481488,0.0,0.0
2009-12-03,23.19511260634738,23.3810571408715,22.625778346477357,23.12993812561035,6396972,0.0,0.0
2009-12-04,23.19319338267533,24.170838558573237,23.17594152275626,23.680099487304688,13699392,0.0,0.0
2009-12-07,23.808536275466615,24.002148482952915,23.547831354304574,23.906301498413086,6778488,0.0,0.0
2009-12-08,24.038565324680032,24.571477463903786,23.954219013429928,24.46221160888672,9292272,0.0,0.0
2009-12-09,24.421956971531852,24.747838080764318,24.15933560100894,24.347196578979492,6819348,0.0,0.0
2009-12-10,24.46029558624401,24.719083992364297,24.019397405268368,24.30694007873535,4757208,0.0,0.0
2009-12-11,24.450709290874435,24.525471432492267,23.76252517252402,23.860288619995117,5639424,0.0,0.0
2009-12-14,23.808533006855246,24.287769618782658,23.626421479703346,23.793197631835938,4204104,0.0,0.0
2009-12-15,23.655172001565575,23.90245971090986,23.432807343968932,23.595746994018555,5097108,0.0,0.0
2009-12-16,23.578499620345287,23.731855130429885,23.135683193759576,23.367633819580078,2702016,0.0,0.0
2009-12-17,23.425139246261452,23.425139246261452,22.819383219050764,22.95740509033203,5479500,0.0,0.0
2009-12-18,22.811713883008824,23.11459187471583,22.62001821843871,22.827049255371094,2807388,0.0,0.0
2009-12-21,22.792553539826738,22.926740737928046,22.50501079748223,22.761882781982422,5121168,0.0,0.0
2009-12-22,22.888398197490588,23.540160460235747,22.72929147584923,23.313961029052734,3389460,0.0,0.0
2009-12-23,23.540160615126695,23.647511759133792,23.246868472472208,23.41364288330078,9052080,0.0,0.0
2009-12-24,23.578502729644402,23.632176550994554,23.312046596286436,23.520994186401367,3596388,0.0,0.0
2009-12-29,23.425144824708067,23.99639727515707,23.31396246305571,23.584253311157227,3870672,0.0,0.0
2009-12-30,23.501825532804993,23.938890839344477,23.258372450762792,23.758697509765625,4043868,0.0,0.0
2009-12-31,23.774030228839777,24.49863818822827,23.69351862335692,24.366369247436523,15057468,0.0,0.0
2010-01-04,24.366371980370456,25.211746565289822,24.230266547591906,24.94912338256836,8574492,0.0,0.0
2010-01-05,25.167657999005733,25.167657999005733,24.50630968230054,24.573402404785156,9657744,0.0,0.0
2010-01-06,24.613657686894726,24.8590272491475,24.080745394654862,24.20343017578125,11658792,0.0,0.0
2010-01-07,24.191924248013862,24.435377291350587,23.54399495796273,23.733774185180664,11073504,0.0,0.0
2010-01-08,23.73185734732097,24.38170491398964,23.73185734732097,24.136335372924805,6865776,0.0,0.0
2010-01-11,24.268597250356045,24.613648396095705,23.946549163328186,24.073068618774414,5999220,0.0,0.0
2010-01-12,24.096078101280476,24.49480315697746,23.83153846801871,24.059656143188477,8602452,0.0,0.0
2010-01-13,24.230260545836973,24.630903790631603,23.827700817962864,24.145915985107422,9639408,0.0,0.0
2010-01-14,24.383616735219054,24.456460639261714,23.889043025906155,23.9925594329834,11102712,0.0,0.0
2010-01-15,24.04623842265516,24.249434804554067,23.578502394593116,23.668598175048828,5771340,0.0,0.0
2010-01-18,24.092242431998482,24.092242431998482,23.591919209986333,23.708852767944336,2665440,0.0,0.0
2010-01-19,23.712684946392773,24.13058182500023,23.12034773328649,23.21811294555664,5398272,0.0,0.0
2010-01-20,23.195111149205378,23.463485519607346,22.05835918442334,22.140789031982422,11995620,0.0,0.0
2010-01-21,22.416827877849208,22.497341236745193,21.711390031008232,21.977846145629883,5488200,0.0,0.0
2010-01-22,21.469855401634714,22.043024362044292,20.856431513166193,21.920339584350586,5595036,0.0,0.0
2010-01-25,22.044939848885033,22.044939848885033,21.32608307652962,21.84174346923828,2522016,0.0,0.0
2010-01-27,21.650051928062314,21.73823123402172,20.96378231640883,21.257076263427734,5549928,0.0,0.0
2010-01-28,21.661549008729754,21.730559957231602,20.44428552364634,20.78742027282715,10590636,0.0,0.0
2010-01-29,20.703073318026302,21.009784345316213,20.206583065641716,20.735660552978516,7842012,0.0,0.0
2010-02-01,21.00211235786032,22.620016860202817,20.88709531702871,22.39190101623535,11074560,0.0,0.0
2010-02-02,22.531848450762382,22.712041784531785,21.232156667304874,21.686473846435547,12864108,0.0,0.0
2010-02-03,21.857079032391393,22.41682907789869,21.54845149352025,22.238554000854492,7170024,0.0,0.0
2010-02-04,22.47242043138271,23.00149970574018,22.159956425469588,22.351652145385742,14772456,0.0,0.0
2010-02-05,22.23662939610881,22.351646447735273,21.508188654148203,21.782312393188477,7155552,0.0,0.0
2010-02-08,22.389986763534196,22.447495294185433,21.47368499416766,21.972091674804688,5056560,0.0,0.0
2010-02-09,21.751643052500448,22.033434496183748,21.37783761056804,21.490938186645508,4240596,0.0,0.0
2010-02-10,21.604038111963433,22.219380111374505,21.483269842777386,21.95867347717285,8534388,0.0,0.0
2010-02-11,22.23663561258616,22.420663648643778,21.517778838957067,21.709474563598633,9600300,0.0,0.0
2010-02-15,21.66155186636815,21.730562823974072,21.165061533377887,21.377843856811523,3930840,0.0,0.0
2010-02-16,21.469858034919316,22.00468861634096,21.316502482748454,21.849414825439453,2834892,0.0,0.0
2010-02-17,22.010430867437954,22.043018097318445,21.5618632956809,21.628957748413086,4306836,0.0,0.0
2010-02-18,21.81490533325225,23.501823117106,21.508194285294397,22.666032791137695,26675052,0.0,0.0
2010-02-19,22.236636015748143,23.039839133384593,22.052609731375455,22.355487823486328,10731792,0.0,0.0
2010-02-22,22.428330610582954,22.880731242464513,22.098614747091194,22.706287384033203,8567760,0.0,0.0
2010-02-23,22.58168358073177,23.0034134116185,22.1618719879782,22.20787811279297,10161468,0.0,0.0
2010-02-24,22.044939672976714,22.50500800361305,22.044939672976714,22.311397552490234,3922152,0.0,0.0
2010-02-25,22.313312824197116,22.424495179053448,21.54653172976743,21.736310958862305,11466228,0.0,0.0
2010-02-26,21.945252864138443,22.846219145062058,21.40658957835729,21.621288299560547,18766668,0.0,0.0
2010-03-02,21.891575454127356,21.891575454127356,20.647474621093874,20.73948860168457,11484792,0.0,0.0
2010-03-03,20.7797557427464,21.07880091693136,20.626400188176074,20.775922775268555,5579676,0.0,0.0
2010-03-04,20.74141645326615,20.856433553293545,20.42320294452947,20.507549285888672,10751568,0.0,0.0
2010-03-05,20.58038709741421,20.798918820495828,20.58038709741421,20.712656021118164,9067116,0.0,0.0
2010-03-08,20.818095947655284,21.15547957172739,20.553556255879627,20.775922775268555,6785592,0.0,0.0
2010-03-09,20.933106707106084,21.067292118547755,20.511376866095045,20.56696891784668,9870636,0.0,0.0
2010-03-10,20.588057922635002,20.856430532150107,20.55546893000445,20.593809127807617,6288240,0.0,0.0
2010-03-11,20.549710081766197,20.660894157012645,20.13373330598976,20.32159423828125,7089336,0.0,0.0
2010-03-12,20.549715181617554,20.549715181617554,20.051308467051463,20.195079803466797,5192904,0.0,0.0
2010-03-15,20.588058776959805,20.66473566570511,19.945878864833606,20.250675201416016,4675008,0.0,0.0
2010-03-16,20.31968277421917,20.97144680649415,20.28134433291641,20.904354095458984,6379464,0.0,0.0
2010-03-17,20.971445486928133,21.040456431952133,20.561218048226245,20.626394271850586,5981856,0.0,0.0
2010-03-18,20.127986697215533,20.81042141080825,20.035972692738316,20.19316291809082,5885268,0.0,0.0
2010-03-19,20.319682474055636,20.358022669813376,19.936292801627463,20.035974502563477,6818124,0.0,0.0
2010-03-22,19.782932226208676,20.308176627616312,19.744592040252495,19.84044075012207,7041876,0.0,0.0
2010-03-23,20.30818163989552,20.51137800653502,19.495394418316202,19.61424446105957,12517188,0.0,0.0
2010-03-25,19.821269865893836,19.821269865893836,19.25576881831285,19.366952896118164,13769460,0.0,0.0
2010-03-26,19.36695851801242,19.733096328929996,19.29411460348744,19.55673599243164,9488352,0.0,0.0
2010-03-29,19.93629273913794,20.361855572552926,19.527981765244938,20.20083236694336,11004156,0.0,0.0
2010-03-30,20.319681800790654,20.409779327312638,19.978465301988948,20.016803741455078,4964256,0.0,0.0
2010-03-31,20.16632482438902,20.16632482438902,19.57015292009463,19.861530303955078,4819224,0.0,0.0
2010-04-01,19.87878450051872,19.92670886827782,19.59124180400677,19.623830795288086,2330928,0.0,0.0
2010-04-05,19.667921691220553,19.744598578481963,19.40338204261505,19.497312545776367,8340972,0.0,0.0
2010-04-06,19.495398601188306,19.851952315962077,19.399549847097216,19.43405532836914,10885488,0.0,0.0
2010-04-07,19.207850257833996,19.85577950358645,19.207850257833996,19.376541137695312,4475328,0.0,0.0
2010-04-08,19.495402588908345,19.685180142189786,19.24619823432793,19.508821487426758,7487208,0.0,0.0
2010-04-09,19.629579007880587,19.629579007880587,19.366957630964997,19.39571189880371,4152060,0.0,0.0
2010-04-12,19.437886818317388,19.591242342330514,18.906891056831903,19.188682556152344,10064340,0.0,0.0
2010-04-13,19.33437003968447,19.51072860982686,19.17909629421458,19.468555450439453,5900340,0.0,0.0
2010-04-15,19.468560073078518,19.58932837545034,19.292201461061318,19.48006248474121,10115280,0.0,0.0
2010-04-16,19.47622682520358,19.56824084901203,19.05449690651074,19.154178619384766,4469004,0.0,0.0
2010-04-19,18.977816924686156,19.476223652852653,18.977816924686156,19.140756607055664,4136664,0.0,0.0
2010-04-20,19.34970667464048,19.43788596545243,19.00465544448452,19.209768295288086,7092876,0.0,0.0
2010-04-21,19.209773149814083,19.26536521894919,19.035331007379646,19.156099319458008,3306456,0.0,0.0
2010-04-22,19.213601870097445,19.315200047798893,18.98548421354823,19.138839721679688,4043964,0.0,0.0
2010-04-23,19.16951036211208,19.376541437663285,18.98548410441639,19.1215877532959,3218508,0.0,0.0
2010-04-26,19.17335035969394,19.322872941795506,19.054498536478338,19.25194549560547,2837100,0.0,0.0
2010-04-27,19.31903733361259,19.562490419905913,19.22702330615204,19.305620193481445,4602564,0.0,0.0
2010-04-28,19.169509413471015,19.667917858655702,19.169509413471015,19.365039825439453,4370424,0.0,0.0
2010-04-29,19.41488041934173,19.549065821679925,18.724778047244424,18.835960388183594,6628092,0.0,0.0
2010-04-30,19.242352452426914,20.009131601258296,18.862795843594316,19.84044075012207,17011104,0.0,0.0
2010-05-03,19.974625935244205,20.241083731385633,19.752261283032386,19.905616760253906,7618512,0.0,0.0
2010-05-04,19.974634044199878,20.31968532429187,19.654504070348253,19.775272369384766,6286332,0.0,0.0
2010-05-05,19.552905588794243,20.41169905446849,19.51456538821362,20.187416076660156,9638256,0.0,0.0
2010-05-06,20.32351816958125,20.760583435006723,20.19700043157743,20.676237106323242,11643792,0.0,0.0
2010-05-07,20.553549052009192,21.65004588468475,20.50754292826943,21.08262825012207,14803548,0.0,0.0
2010-05-10,21.239819807940428,21.469853970156546,20.553552043005663,20.691572189331055,5403864,0.0,0.0
2010-05-11,20.894764916120003,20.933105106475583,20.53246187590097,20.76633071899414,3301656,0.0,0.0
2010-05-12,20.83725902883992,20.956110825984997,20.515212621135934,20.720325469970703,5028588,0.0,0.0
2010-05-13,20.79891895033334,21.009782987343566,20.381023842520108,20.597639083862305,6577200,0.0,0.0
2010-05-14,20.722243315031335,21.278160387049606,20.62831456912936,21.048126220703125,10100400,0.0,0.0
2010-05-17,21.201480809617827,21.295411306390058,20.68582219652912,20.804672241210938,6134172,0.0,0.0
2010-05-18,20.91968487440876,20.95419034150856,20.591885569492064,20.86792755126953,1961868,0.0,0.0
2010-05-19,20.89476357677297,21.0557885048984,20.668564190267077,20.86792755126953,4840140,0.0,0.0
2010-05-20,21.278157247941458,21.58486825447426,20.89284937414595,21.381671905517578,14468172,0.0,0.0
2010-05-21,21.163138522173686,21.494770803056394,20.789333086320074,21.423843383789062,14817180,0.0,0.0
2010-05-24,21.661549821132915,21.784234591387502,21.224484559279084,21.460269927978516,5967804,0.0,0.0
2010-05-25,21.62320798123173,21.62320798123173,20.93502208190853,21.057706832885742,5609100,0.0,0.0
2010-05-26,21.086460848261712,21.617456520175022,20.894765159315874,21.28774070739746,13837488,0.0,0.0
2010-05-27,21.278157012987784,22.048770997048518,21.207229588941672,21.95867347717285,13621692,0.0,0.0
2010-05-28,22.159956408061827,22.159956408061827,21.469853922931428,21.60787582397461,11655708,0.0,0.0
2010-05-31,21.661550406039623,22.60085718446384,21.548451559562267,22.280725479125977,14212080,0.0,0.0
2010-06-01,22.351643497645597,22.850050070570916,21.66345951659283,22.108190536499023,9745644,0.0,0.0
2010-06-02,22.389988608227878,22.407242221857405,21.918419671048184,22.062191009521484,3612828,0.0,0.0
2010-06-03,22.159959569456117,22.597024890062457,22.159959569456117,22.232805252075195,9746724,0.0,0.0
2010-06-04,22.351648601818976,22.61043699291859,21.75164374368675,22.22896385192871,18561948,0.0,0.0
2010-06-07,22.04493835129307,22.566349913763496,21.362505339783784,21.604040145874023,15933156,0.0,0.0
2010-06-08,21.35483851097524,21.35483851097524,20.557388326078655,20.846847534179688,15256248,0.0,0.0
2010-06-09,21.017456231458084,21.661550867657166,21.017456231458084,21.191898345947266,9906708,0.0,0.0
2010-06-10,21.370174846620973,21.393177912727143,20.944611981081763,21.12480354309082,3973032,0.0,0.0
2010-06-11,21.239814025173764,21.308824957058185,20.647476920745934,20.74140739440918,8574324,0.0,0.0
2010-06-14,20.946523655343984,21.71330287963182,20.818087705295614,21.590618133544922,9961452,0.0,0.0
2010-06-15,21.6423791955163,21.6423791955163,20.243005904340336,20.342687606811523,9503376,0.0,0.0
2010-06-16,20.34268987278568,20.664736325846803,19.765687930192705,20.48454475402832,16474272,0.0,0.0
2010-06-17,20.664734471739685,20.816175267060068,20.438535030478146,20.526714324951172,5569716,0.0,0.0
2010-06-18,20.701159009410798,20.7030754928396,19.89987237376908,20.0014705657959,10787220,0.0,0.0
2010-06-21,20.20083497136122,20.31010085747076,20.09348556877425,20.187416076660156,5392980,0.0,0.0
2010-06-22,20.172077974988625,21.293494467648515,20.16824500846098,21.092214584350586,15744840,0.0,0.0
2010-06-23,21.20147695622859,21.519692101457842,21.12671657106627,21.423843383789062,11620596,0.0,0.0
2010-06-24,21.54653512813765,21.6615522226918,21.02320699691193,21.11522102355957,8627820,0.0,0.0
2010-06-25,21.308828988631472,24.329943600120245,20.852595423809102,23.79703140258789,122441808,0.0,0.0
2010-06-28,23.92355495935842,25.08139355994132,23.202781656152723,24.63282585144043,122643036,0.0,0.0
2010-06-29,24.533144769299618,24.797684417828894,23.954224618024785,24.354867935180664,51177960,0.0,0.0
2010-06-30,24.115250670698668,25.78299861198805,23.97723050242388,25.40919303894043,71319864,0.0,0.0
2010-07-01,25.418770772854526,25.986188397304268,25.1158927427464,25.315256118774414,54190380,0.0,0.0
2010-07-02,25.495447505667233,25.84049869075164,25.35167617854873,25.562541961669922,29322864,0.0,0.0
2010-07-05,25.648804397700083,25.972768999922245,25.089054471310995,25.255828857421875,9839400,0.0,0.0
2010-07-06,25.30375953289134,25.64881079924895,24.962541233481797,25.439863204956055,16723944,0.0,0.0
2010-07-07,25.49545029683793,25.49545029683793,25.175320376085043,25.269250869750977,6611280,0.0,0.0
2010-07-08,25.533786695231296,26.940829162808953,25.365094075347688,26.779804229736328,49917492,0.0,0.0
2010-07-09,26.94657516806308,27.408561575735785,26.777884324758027,27.251371383666992,41452512,0.0,0.0
2010-07-12,27.259052038675772,27.427742962239765,26.333164055134148,26.44818115234375,17851320,0.0,0.0
2010-07-13,26.530597654702284,27.197696877888625,26.38107689771262,26.867982864379883,17108508,0.0,0.0
2010-07-14,27.09227496079269,27.561927476995344,26.53060666975584,26.85840606689453,24668928,0.0,0.0
2010-07-15,26.990674298437305,26.990674298437305,24.826438059388988,25.161903381347656,56752680,0.0,0.0
2010-07-16,24.000232126372868,25.660314033114016,24.000232126372868,25.344017028808594,36552804,0.0,0.0
2010-07-19,25.303753082484892,25.664139634808386,24.998958576908837,25.131227493286133,12208344,0.0,0.0
2010-07-20,25.112061063404358,25.445611637548716,24.406623229726634,24.577232360839844,18337944,0.0,0.0
2010-07-21,24.66349412224103,25.01237830273473,24.326110595872123,24.770843505859375,21111600,0.0,0.0
2010-07-22,24.728670284486046,25.03538130404692,24.444960573117832,24.581064224243164,21076944,0.0,0.0
2010-07-23,24.60214693094206,24.728666391231158,24.153581126318805,24.234092712402344,15784704,0.0,0.0
2010-07-26,23.96188699142563,24.310772893548318,23.823866869989587,23.93505096435547,12519888,0.0,0.0
2010-07-27,24.107586372244384,24.404713314184207,23.923558298707157,24.159343719482422,10000956,0.0,0.0
2010-07-28,24.306941135330874,24.836020379517088,24.26860269554248,24.67499542236328,17961084,0.0,0.0
2010-07-29,24.34527234229657,24.820677629539205,24.34527234229657,24.494794845581055,6451668,0.0,0.0
2010-07-30,24.421957370757163,25.10439210567475,24.168920166803723,24.59640121459961,26580516,0.0,0.0
2010-08-02,24.619406625357758,24.81493531273891,24.439213314827516,24.673080444335938,5874924,0.0,0.0
2010-08-03,24.62132236256719,25.22707850492772,24.489051669949113,25.066055297851562,16633752,0.0,0.0
2010-08-04,25.188734868876267,25.321003779193028,24.813012959842304,24.928030014038086,8515536,0.0,0.0
2010-08-05,24.882032421359423,25.372773342399203,24.634746354660756,24.964462280273438,10579164,0.0,0.0
2010-08-06,24.97787578598188,25.296091008123877,24.80343367509307,24.92420196533203,11416776,0.0,0.0
2010-08-09,24.997040122133328,25.182984600660106,24.728667570713984,24.81684684753418,8493600,0.0,0.0
2010-08-10,24.84368642810163,25.073720561695165,24.684579719702256,24.799596786499023,10059240,0.0,0.0
2010-08-11,24.908865828593594,25.629639071188453,24.82451950083676,25.317176818847656,26468460,0.0,0.0
2010-08-12,25.276917851890666,26.223892205079764,25.276917851890666,25.86925506591797,26375388,0.0,0.0
2010-08-13,25.984277831368427,26.522943104305426,25.658396643580716,25.71973991394043,8684808,0.0,0.0
2010-08-16,25.95551372576052,26.070530778474442,24.991287667844958,25.24049186706543,6551652,0.0,0.0
2010-08-17,25.25391072808123,26.070530748395306,25.227072947806693,25.809825897216797,14585244,0.0,0.0
2010-08-18,26.103130785316843,26.335081471566394,25.773414860967527,26.080127716064453,13980120,0.0,0.0
2010-08-19,26.108879722263197,26.264153497509938,25.78683151565388,25.938270568847656,4133268,0.0,0.0
2010-08-20,26.33891345429511,27.055853779062588,25.9152670582981,26.787479400634766,21284544,0.0,0.0
2010-08-23,26.91399349793282,29.9619457530406,26.84114958998967,29.75299644470215,103530612,0.0,0.0
2010-08-24,29.904443526421304,30.588796618831623,28.96705494096709,29.143413543701172,44172444,0.0,0.0
2010-08-25,29.137658498908976,29.710825637294082,28.675673714334145,28.821361541748047,26994204,0.0,0.0
2010-08-26,28.90761735909698,29.48270435173265,28.792600311574024,29.277589797973633,24156252,0.0,0.0
2010-08-27,29.20091337878827,30.73830826371068,28.830940912069483,29.76641273498535,50255268,0.0,0.0
2010-08-30,30.364506696664797,32.204779829795996,29.342771951543742,29.55171775817871,19951368,0.0,0.0
2010-08-31,29.494204848824904,29.78174748323454,28.451385433388314,29.185577392578125,18647100,0.0,0.0
2010-09-01,29.406031198235446,30.130640881522957,29.252675682234727,29.854597091674805,17319744,0.0,0.0
2010-09-02,29.98112121954264,30.245662640770497,29.716583308357922,29.866104125976562,12452268,0.0,0.0
2010-09-03,29.942776577032173,30.017536965988757,29.333184036984328,29.40219497680664,11076456,0.0,0.0
2010-09-06,29.44437581904165,29.630320353464253,29.1204111239716,29.262264251708984,12007068,0.0,0.0
2010-09-07,28.370877789764812,29.65331749478954,28.370877789764812,29.070566177368164,8995188,0.0,0.0
2010-09-08,29.46702894889759,29.951377223492223,29.154548382879394,29.566633224487305,18585756,1.166667,0.0
2010-09-09,29.568587364710062,29.761936535821153,29.21704536781905,29.326414108276367,8749704,0.0,0.0
2010-09-13,29.37328716854855,29.558824424019747,28.94362589785085,29.385005950927734,16727376,0.0,0.0
2010-09-14,29.414297027912387,30.338070955880045,29.103769006438828,30.078319549560547,26795844,0.0,0.0
2010-09-15,29.998242235175947,30.44743585650176,29.81075250599227,29.95918083190918,15763260,0.0,0.0
2010-09-16,30.037306115400487,30.259948622635562,29.24438245054101,29.500226974487305,14493240,0.0,0.0
2010-09-17,29.761926285186806,30.095891782422537,29.46311533313922,29.916213989257812,11654868,0.0,0.0
2010-09-20,29.724817173886752,31.584083317964538,29.642791094478643,31.33214569091797,25724124,0.0,0.0
2010-09-21,31.947356537403024,31.951261606131247,30.826326454991946,31.011863708496094,18368616,0.0,0.0
2010-09-22,31.24622223235289,31.51573989563747,30.580247151068626,30.76382827758789,10633440,0.0,0.0
2010-09-23,30.85757110455971,31.009904512940636,30.18182628443001,30.584148406982422,8004840,0.0,0.0
2010-09-24,30.83413578106319,31.18763027635445,30.507983915119393,30.830230712890625,9418152,0.0,0.0
2010-09-27,31.052871408987823,31.28723270264056,30.66617670488862,30.795072555541992,11269188,0.0,0.0
2010-09-28,30.855616685974756,30.97865851586066,30.216984280063922,30.53532600402832,9348408,0.0,0.0
2010-09-29,30.5450839374212,30.681797060537694,29.625217037353945,29.886920928955078,10312728,0.0,0.0
2010-09-30,29.842004204280848,30.06074165501442,29.099860687033583,29.277585983276367,17448396,0.0,0.0
2010-10-01,29.28735326749478,29.783416753526147,29.14087744153306,29.51390266418457,9014604,0.0,0.0
2010-10-04,29.50999104633581,29.73654040647209,28.984632479878165,29.55881690979004,14108340,0.0,0.0
2010-10-05,29.568574204822877,30.115417663729517,29.37522690779863,29.87714958190918,11473944,0.0,0.0
2010-10-06,29.9982403069518,30.18573002408403,29.57834187104897,29.666227340698242,12150300,0.0,0.0
2010-10-07,29.68771285686075,30.318534999993677,29.138915007791002,29.410385131835938,16914000,0.0,0.0
2010-10-08,29.607642193005187,29.685763220111838,28.99830318807066,29.179933547973633,6902724,0.0,0.0
2010-10-11,29.373286136500294,29.443595252234733,28.904563466364277,29.06471061706543,8419896,0.0,0.0
2010-10-12,29.25219727581633,29.32250638404083,28.95534057005708,29.066661834716797,4382796,0.0,0.0
2010-10-13,28.904551752726878,29.791220113242492,28.904551752726878,29.720911026000977,7965072,0.0,0.0
2010-10-14,29.720915638825716,29.842001344714948,28.08429177121598,28.24639320373535,25038012,0.0,0.0
2010-10-15,28.435831784123163,28.435831784123163,26.89881406505617,27.1527042388916,33763860,0.0,0.0
2010-10-18,27.53745292651551,27.695647520243465,27.156615811574337,27.310903549194336,14592600,0.0,0.0
2010-10-19,27.53744684055413,28.00616933996782,27.14879788732591,27.644861221313477,14934108,0.0,0.0
2010-10-20,27.644864051369726,28.308888256194656,27.601899367488276,27.89875602722168,12183900,0.0,0.0
2010-10-21,27.97102672578595,28.349911384565612,27.771819936171507,28.16046905517578,10987872,0.0,0.0
2010-10-22,28.16827624074835,28.396778160619075,27.969069484656824,28.10382652282715,4517520,0.0,0.0
2010-10-25,28.12335126288469,28.47684568736591,28.0452302466985,28.25225067138672,5038788,0.0,0.0
2010-10-26,28.31474567791762,28.349900224136313,27.53744774590587,27.713218688964844,5551608,0.0,0.0
2010-10-27,27.869462059116927,27.869462059116927,27.342149170757803,27.424175262451172,5197272,0.0,0.0
2010-10-28,27.42027624849131,28.96706070490175,27.42027624849131,28.13117218017578,38685216,0.0,0.0
2010-10-29,28.09992132824276,28.86550065127756,27.842124245752164,28.515913009643555,15415428,0.0,0.0
2010-11-01,28.865498053642227,29.685762561954448,28.705350935043306,29.482650756835938,14228388,0.0,0.0
2010-11-02,29.529517180931773,30.27166232326914,29.35374624533099,30.18377685546875,17937768,0.0,0.0
2010-11-03,30.377132346012385,30.377132346012385,29.689672263325907,29.904502868652344,6285144,0.0,0.0
2010-11-04,29.904500410269268,29.99238589450088,29.570536643009998,29.699434280395508,3165096,0.0,0.0
2010-11-08,29.802949392490415,29.802949392490415,28.76785408457642,28.94557762145996,8978052,0.0,0.0
2010-11-09,29.049074737351226,29.342026284876088,28.982672505781217,29.062746047973633,4471272,0.0,0.0
2010-11-10,29.170168703842815,30.06464560159769,28.842062539981207,29.519756317138672,7653960,0.0,0.0
2010-11-11,30.271674790195927,30.66227464612547,29.02174523822451,29.18189239501953,19114080,0.0,0.0
2010-11-12,29.099868970537102,29.334230336173736,28.361630311174636,28.531543731689453,5057004,0.0,0.0
2010-11-15,28.90846004245112,29.011969356890948,28.281544766912205,28.799091339111328,6457116,0.0,0.0
2010-11-16,28.90456209141989,28.90456209141989,27.615574809860934,28.33623695373535,12384540,0.0,0.0
2010-11-18,28.5920761012052,29.115482124379394,27.820635697435094,28.863544464111328,8728176,0.0,0.0
2010-11-19,28.90455308701013,28.90455308701013,27.478856669324028,27.836257934570312,7765440,0.0,0.0
2010-11-22,28.12335400408853,28.201473239854536,27.494484321981368,28.01007843017578,4532424,0.0,0.0
2010-11-23,27.783532015600198,28.162414794932477,27.14684859536396,27.553075790405273,7123908,0.0,0.0
2010-11-24,27.553080238460645,28.107735865215396,27.04920301928351,27.363637924194336,4300260,0.0,0.0
2010-11-25,27.537460856681523,27.605815659959376,25.355946875233318,26.275815963745117,13981008,0.0,0.0
2010-11-26,26.27385079815774,26.75233958774125,25.609828385403056,26.080503463745117,6310656,0.0,0.0
2010-11-29,26.287520793321114,26.756243314379052,25.939885757952588,26.572660446166992,6116148,0.0,0.0
2010-11-30,26.658598586042213,26.666410510381585,25.883253026124102,26.367599487304688,4779912,0.0,0.0
2010-12-01,26.539470090267592,27.810879328607076,26.3304970541704,27.262083053588867,10293036,0.0,0.0
2010-12-02,27.4241764120555,27.611666162100963,26.66054967408208,26.78749656677246,9066936,0.0,0.0
2010-12-03,26.939822046486025,26.98864789761144,26.21135007460115,26.32071876525879,7749936,0.0,0.0
2010-12-06,26.1351930535574,27.115604844166704,25.865678957682157,26.111757278442383,13574964,0.0,0.0
2010-12-07,26.14691263027667,26.326588699657563,25.66842550199594,25.82076072692871,6235248,0.0,0.0
2010-12-08,25.662559883487422,26.834366270861278,25.643029181019642,26.471105575561523,14707728,0.0,0.0
2010-12-09,26.752344617676854,27.287469504114704,25.414531507564764,26.299245834350586,14514036,0.0,0.0
2010-12-10,26.170345054013936,26.791402868091662,26.115661584086862,26.588289260864258,3203700,0.0,0.0
2010-12-13,26.756247547217626,26.935925376464315,25.818802356797917,26.514074325561523,5729736,0.0,0.0
2010-12-14,26.873423162921494,27.111691271944398,26.293379417592117,26.396888732910156,5767188,0.0,0.0
2010-12-15,27.06873425593308,28.197574450423733,27.049203548625616,27.473007202148438,28592052,0.0,0.0
2010-12-16,27.615570089320375,27.72884566347056,26.81483629881491,27.32261848449707,7925784,0.0,0.0
2010-12-20,27.303095555752858,27.32653133167009,26.838277953903155,27.006237030029297,2344812,0.0,0.0
2010-12-21,27.14685506933704,27.14685506933704,26.566811088122204,26.693758010864258,3368712,0.0,0.0
2010-12-22,26.834359810270115,27.45932247039309,26.408603830433126,27.185901641845703,6463860,0.0,0.0
2010-12-23,27.41636763220448,27.41636763220448,26.723049917998253,26.887102127075195,4294800,0.0,0.0
2010-12-24,26.521879551092855,26.75624078950615,26.170337693472916,26.266035079956055,5384244,0.0,0.0
2010-12-27,26.267992377086443,26.357832179328902,25.861766991251713,26.029726028442383,5000244,0.0,0.0
2010-12-28,25.904724530542442,26.03557643899621,25.795355851299032,25.935972213745117,2888544,0.0,0.0
2010-12-29,26.016055876755974,26.32072627075947,26.016055876755974,26.135189056396484,4375236,0.0,0.0
2010-12-30,25.859816360950376,26.05121118271425,25.506320091658512,25.74849510192871,12254076,0.0,0.0
2010-12-31,25.818803815716027,26.004339257458863,25.5629592655049,25.717247009277344,7244556,0.0,0.0
2011-01-03,25.85785610386305,26.166433291918086,25.615684725247032,25.77778434753418,8791392,0.0,0.0
2011-01-04,25.818800702340795,25.935981343634378,25.3910920768331,25.527803421020508,8159904,0.0,0.0
2011-01-05,25.584443030996255,25.861770826273826,24.646997768327264,24.707542419433594,11458320,0.0,0.0
2011-01-06,24.84229529178504,24.881354908496427,23.96539303934597,24.168506622314453,12815940,0.0,0.0
2011-01-07,24.178279148413235,24.510290471347552,24.02203884139154,24.09820556640625,5143368,0.0,0.0
2011-01-10,24.180228192140106,24.281783207310824,23.477144281979907,23.64510154724121,5393448,0.0,0.0
2011-01-11,23.57284005023239,24.13921439554926,23.162707766812865,23.818920135498047,6438888,0.0,0.0
2011-01-12,23.748613750529593,24.451697745539384,23.205676903898926,24.17437171936035,9444288,0.0,0.0
2011-01-13,24.178270703033544,24.180225024864665,23.225201765837674,23.354101181030273,9584808,0.0,0.0
2011-01-14,23.240832333336922,23.670495386866,22.967411365473943,23.195913314819336,7704864,0.0,0.0
2011-01-17,23.97906722007489,24.084529091826077,22.777965535194213,22.8736629486084,11899416,0.0,0.0
2011-01-18,23.006467063574064,23.229111371810305,22.78382454337265,23.022090911865234,2522496,0.0,0.0
2011-01-19,23.022092272846695,23.373634244284375,22.697892931552374,22.822885513305664,4375968,0.0,0.0
2011-01-20,22.74085466187755,22.74085466187755,22.358065071949248,22.479150772094727,4479600,0.0,0.0
2011-01-21,22.387365053827832,23.19395834412763,22.074882703354408,23.0806827545166,7943124,0.0,0.0
2011-01-24,23.137315388131405,23.621661761100402,23.08263192771502,23.48299789428711,6525744,0.0,0.0
2011-01-25,23.662681917838118,24.83058168721711,23.533782473777137,24.64504623413086,18835044,0.0,0.0
2011-01-27,24.725111383526144,25.193833874209105,24.07671110366533,24.8696346282959,13893564,0.0,0.0
2011-01-28,24.994633357189123,24.994633357189123,24.225147197141926,24.70363426208496,3713088,0.0,0.0
2011-01-31,24.34623674056294,24.510288963441244,23.55331468325927,23.94391632080078,7639488,0.0,0.0
2011-02-01,23.62557413874408,24.72511908558296,22.500639095465658,22.674457550048828,9925200,0.0,0.0
2011-02-02,22.81312116046992,23.709552476583898,22.303384584304755,23.188098907470703,13946676,0.0,0.0
2011-02-03,23.031858072819706,25.170405024244953,22.733047045287556,23.264265060424805,4761456,0.0,0.0
2011-02-04,23.13927309872735,23.729083245078954,22.85413337839074,22.9849853515625,4016592,0.0,0.0
2011-02-07,23.246687675913858,23.55331061469219,22.854131783788397,23.236923217773438,12792816,0.0,0.0
2011-02-08,23.51425186340656,24.029847853722046,23.25840908454312,23.412696838378906,7476000,0.0,0.0
2011-02-09,23.404878411194666,23.506435196043533,22.502586125819946,22.848270416259766,7269864,0.0,0.0
2011-02-10,22.848275956778433,23.15294459717014,22.578760083637146,22.87171173095703,4283952,0.0,0.0
2011-02-11,22.85022278041549,23.1548931327015,21.377652987102124,22.77014923095703,10144164,0.0,0.0
2011-02-14,22.66468967830285,23.86579134872513,22.66468967830285,23.578699111938477,5326872,0.0,0.0
2011-02-15,23.779863402071506,24.256397993859647,23.436133327400626,23.588468551635742,8941092,0.0,0.0
2011-02-16,23.67048572558542,23.998591825923185,23.473231558669912,23.572834014892578,4667268,0.0,0.0
2011-02-17,23.666587890372348,24.13140549001348,23.12365103804495,24.037660598754883,8947344,0.0,0.0
2011-02-18,24.022032057226685,24.061091675942308,23.04943235291251,23.113882064819336,4875288,0.0,0.0
2011-02-21,23.045524168731443,23.123645189694695,22.52797754544945,23.0259952545166,4032468,0.0,0.0
2011-02-22,22.537748227616568,22.537748227616568,21.883490083947557,22.274091720581055,6893976,0.0,0.0
2011-02-23,21.912779637483702,22.1979193134661,21.76239698202597,21.98113441467285,6310188,0.0,0.0
2011-02-24,21.682321694519082,21.789737868412733,20.676521879452334,21.078842163085938,15265032,0.0,0.0
2011-02-25,21.358123205259197,21.639356013291327,20.717536570059533,21.05735969543457,10438728,0.0,0.0
2011-02-28,21.155012950089336,22.065117333612534,21.02220844833038,21.617877960205078,8595396,0.0,0.0
2011-03-01,21.7955955079857,22.92638778552497,21.7955955079857,22.824831008911133,8550156,0.0,0.0
2011-03-03,22.225261270916526,23.143177520723672,21.92254519893552,22.295570373535156,9244464,0.0,0.0
2011-03-04,22.783827655458474,23.016234665578075,22.15495784164882,22.65492820739746,8464404,0.0,0.0
2011-03-07,21.87371787561935,22.26432119385034,21.600296983285364,21.74091339111328,4743768,0.0,0.0
2011-03-08,21.873714046700307,22.096358292486478,21.690132986754776,21.94402313232422,6228528,0.0,0.0
2011-03-09,22.25650867216191,22.360017994419536,21.20969488286603,21.541706085205078,13454172,0.0,0.0
2011-03-10,21.287823266808253,21.3991463480763,21.018309121519216,21.22337532043457,8909148,0.0,0.0
2011-03-11,21.42061673470316,21.6686474863035,21.02415410515454,21.321012496948242,10975932,0.0,0.0
2011-03-14,21.541709401859183,22.377597819763576,21.52999240940474,22.28190040588379,9542208,0.0,0.0
2011-03-15,22.1471446480233,22.58266526479827,21.779978819952795,22.291667938232422,10274472,0.0,0.0
2011-03-16,22.65492341955968,23.04552496174762,22.393221298191452,22.520166397094727,8792640,0.0,0.0
2011-03-17,22.12760678397854,22.627578747390647,22.12760678397854,22.41860580444336,2235528,0.0,0.0
2011-03-18,21.97137285960559,22.182298396664784,21.678421221477517,21.82880210876465,4374720,0.0,0.0
2011-03-21,21.828797701311927,22.30337961686355,21.604202682784983,22.024099349975586,5206440,0.0,0.0
2011-03-22,22.010430119523683,22.18620108353417,21.791692681461562,22.096363067626953,2813328,0.0,0.0
2011-03-23,22.00652711146657,22.420564467381006,21.76435387980995,22.354162216186523,4281072,0.0,0.0
2011-03-24,22.354157105954247,22.713510909102855,22.154950397910095,22.547504425048828,3059364,0.0,0.0
2011-03-25,22.53774556111861,23.334574379047005,22.31314870790853,23.139272689819336,4624428,0.0,0.0
2011-03-28,23.201762569038827,23.416593107925884,22.772099703230364,22.99083709716797,4141320,0.0,0.0
2011-03-29,23.11974362333474,24.139214965737047,23.053341371272097,23.92243003845215,7720512,0.0,0.0
2011-03-30,24.018125907580185,24.20561565899768,23.660724574710148,23.965394973754883,6947760,0.0,0.0
2011-03-31,23.865784806705577,24.361849902473576,23.555256882492323,23.89898681640625,7872432,0.0,0.0
2011-04-01,23.494716112095666,23.785715150891754,23.328709625017822,23.666580200195312,3307476,0.0,0.0
2011-04-04,23.361912956113386,23.647052621945477,23.244732320512103,23.36581802368164,4598544,0.0,0.0
2011-04-05,23.25644756300224,23.514244584338847,23.150985714102777,23.25254249572754,4069308,0.0,0.0
2011-04-06,23.361911789404083,23.94390808274235,23.31113339731046,23.553306579589844,9978252,0.0,0.0
2011-04-07,23.631426920711395,24.092339326676008,23.555260222999888,23.97515869140625,6648780,0.0,0.0
2011-04-08,23.768141199411392,23.820872134201835,23.28379475209172,23.518156051635742,5733900,0.0,0.0
2011-04-11,23.025995089617663,23.150987649442968,22.89514314035602,22.947874069213867,3837780,0.0,0.0
2011-04-13,23.09630323982775,23.662675697438598,23.09630323982775,23.48299789428711,9014256,0.0,0.0
2011-04-15,23.264266687268453,23.572842194940023,23.06505991766168,23.412696838378906,4083600,0.0,0.0
2011-04-18,23.36972660951711,23.553309499682133,22.85022563401998,23.012325286865234,4117788,0.0,0.0
2011-04-19,23.12365059547886,23.744708476641108,22.86975855902007,23.635339736938477,7810164,0.0,0.0
2011-04-20,23.67049228957434,24.213429085534514,23.406835816051856,24.12554359436035,7614732,0.0,0.0
2011-04-21,23.828682570008013,24.287638859820603,23.77985670997142,24.207565307617188,3243720,0.0,0.0
2011-04-25,23.908755282821136,24.32279437259796,23.908755282821136,24.156787872314453,2073096,0.0,0.0
2011-04-26,24.490758105686734,24.75246205826656,24.295456408353807,24.607938766479492,6069876,0.0,0.0
2011-04-27,24.56887637212743,24.881358717762605,24.494662194996497,24.664575576782227,5874900,0.0,0.0
2011-04-28,24.80323365738687,24.881354678120964,24.490753150519748,24.78956413269043,3315720,0.0,0.0
2011-04-29,24.881359880538565,24.916514436621068,24.428261084005197,24.590362548828125,2544600,0.0,0.0
2011-05-02,24.60793722754786,25.170404721784504,24.459508876635446,24.740741729736328,6782832,0.0,0.0
2011-05-03,24.84229955427411,25.031741856889823,24.42044846927057,24.582548141479492,6924324,0.0,0.0
2011-05-04,24.79151596395845,25.93597967690283,24.65675716231006,25.56490707397461,20545044,0.0,0.0
2011-05-05,25.779745656012317,25.97504556744362,25.03955459312157,25.129392623901367,7895916,0.0,0.0
2011-05-06,25.709431245797507,26.34611283106558,25.592250607871293,26.016054153442383,19342896,0.0,0.0
2011-05-09,26.131287733617597,26.16644228996938,25.39304920237028,25.584444046020508,7160580,0.0,0.0
2011-05-10,25.805136961048863,25.96919097981861,24.895034190095686,25.449689865112305,12260436,0.0,0.0
2011-05-11,25.350077973205426,25.857860152848446,24.99853605159841,25.736774444580078,11227716,0.0,0.0
2011-05-12,25.701621985435068,26.049258867586882,25.66842175486788,25.803178787231445,6567288,0.0,0.0
2011-05-13,26.05316142760704,26.05316142760704,25.363748907815456,25.795364379882812,12418308,0.0,0.0
2011-05-16,26.36564256238754,26.584379983531953,25.191883692530467,25.480928421020508,16660236,0.0,0.0
2011-05-17,25.736775446244252,25.82661346400881,25.090329364272307,25.201650619506836,6333924,0.0,0.0
2011-05-18,25.291487172481588,25.291487172481588,23.846259896007815,24.156787872314453,7296840,0.0,0.0
2011-05-19,24.412633177446768,24.490754201533402,24.022031633083003,24.129446029663086,3804756,0.0,0.0
2011-05-20,24.23686214926579,24.646994395559766,24.102105126411644,24.43997573852539,4695228,0.0,0.0
2011-05-23,24.45560243652637,24.70363506231762,23.904853713479653,24.580595016479492,6887700,0.0,0.0
2011-05-24,24.52981590024842,24.6079369309615,24.14702624702053,24.213428497314453,2623092,0.0,0.0
2011-05-25,24.21343152738662,24.21733659599179,23.440038411845656,23.582609176635742,2682924,0.0,0.0
2011-05-26,23.63142997174401,24.3540445785485,23.240828399759465,24.068904876708984,7809264,0.0,0.0
2011-05-27,24.141166619066237,24.717305415327285,24.109918922302676,24.535675048828125,11641164,0.0,0.0
2011-05-30,24.787616805130863,24.848161462600025,24.373579390891507,24.500524520874023,11195124,0.0,0.0
2011-05-31,24.71339413683235,24.803232142968785,24.518094278973532,24.725112915039062,5649756,0.0,0.0
2011-06-01,24.533723966837734,24.92041870726074,24.453650398115762,24.707542419433594,8063820,0.0,0.0
2011-06-02,24.59817289950104,24.941904750375407,24.43998007780728,24.555208206176758,6592296,0.0,0.0
2011-06-03,24.61184488812668,24.693872784619902,24.111874524157834,24.264209747314453,3670764,0.0,0.0
2011-06-06,24.28373126913337,24.28373126913337,23.826725772522817,23.90679931640625,3677616,0.0,0.0
2011-06-07,23.9439134760519,24.100153754898752,23.75642549904266,23.982973098754883,5986536,0.0,0.0
2011-06-08,23.908759356230398,24.424355325457192,23.828687575242412,24.40287208557129,6635964,0.0,0.0
2011-06-09,24.217332832268532,24.217332832268532,23.869697742787682,23.941959381103516,2213736,0.0,0.0
2011-06-10,23.820867909160555,23.897036390823462,23.580649050162737,23.666580200195312,2490024,0.0,0.0
2011-06-13,23.865785945016356,24.13530173837704,23.715405097525714,24.02202796936035,3217284,0.0,0.0
2011-06-14,24.217333606391254,24.3325617245801,24.06109333273568,24.10601234436035,2634168,0.0,0.0
2011-06-15,24.21147688527298,24.365764630481607,23.943913551814905,24.18022918701172,2567628,0.0,0.0
2011-06-16,24.295458323289918,24.719261984965375,24.260303764674255,24.596221923828125,6774108,0.0,0.0
2011-06-17,24.60793093507933,24.924318260923467,24.225141375120607,24.643085479736328,9795648,0.0,0.0
2011-06-20,24.80323409984935,24.85791935174913,23.36581873612173,24.516141891479492,7298196,0.0,0.0
2011-06-21,24.32474056188725,24.604020771943514,24.041553497156848,24.148969650268555,3452508,0.0,0.0
2011-06-22,24.21733279448642,24.414588793065267,23.871650239544007,24.049375534057617,1905048,0.0,0.0
2011-06-23,24.082571565001913,24.77393655433772,23.699781990704547,24.107961654663086,9985932,0.0,0.0
2011-06-24,24.607936267641517,25.05126876900348,24.445836608410108,24.791519165039062,20225388,0.0,0.0
2011-06-27,25.658657179382768,26.82265183171223,25.588349857585314,25.934032440185547,38747868,0.0,0.0
2011-06-28,26.04926124486713,26.156675658541758,25.350082348705424,25.45749855041504,6141744,0.0,0.0
2011-06-29,25.430159279561845,25.51804478674537,24.88917491916077,25.15087890625,6063468,0.0,0.0
2011-06-30,24.998540755271488,25.66451764016035,24.629422383345453,25.398908615112305,12807000,0.0,0.0
2011-07-01,25.426244931085606,25.428197464834362,25.039548482999646,25.199695587158203,3037308,0.0,0.0
2011-07-04,25.30516455203463,25.436016534588877,24.88136090347388,25.270009994506836,3513300,0.0,0.0
2011-07-05,25.03759867432456,25.877393961641147,25.03759867432456,25.74068260192871,9257184,0.0,0.0
2011-07-06,25.521949062622,25.545384837893792,25.076662180317758,25.430156707763672,3976176,0.0,0.0
2011-07-07,25.314922816088416,25.99066580485729,25.314922816088416,25.93793487548828,4552680,0.0,0.0
2011-07-08,25.727007349541022,31.12708071790346,25.316875149715155,26.14104461669922,15248868,0.0,0.0
2011-07-11,25.97503999481289,26.363690776139965,25.83247105429378,26.05706787109375,3306936,0.0,0.0
2011-07-12,26.109802276561233,26.480874938934964,25.894971676257946,26.09808349609375,5049984,0.0,0.0
2011-07-13,26.164485566116262,26.322680161161397,25.97699759617427,26.121519088745117,7410312,0.0,0.0
2011-07-14,25.818801060417016,26.322678182574535,25.818801060417016,26.049257278442383,3460140,0.0,0.0
2011-07-15,26.32463570689402,26.43986383775073,26.092226910904404,26.25042152404785,5282136,0.0,0.0
2011-07-18,26.019961188211912,26.361736859159308,26.019961188211912,26.27971076965332,3815004,0.0,0.0
2011-07-19,26.346118948037393,26.432051912610874,26.113711940082826,26.25042152404785,3886116,0.0,0.0
2011-07-20,26.172300961377687,26.24846767468399,25.920361471143448,26.072696685791016,2998272,0.0,0.0
2011-07-21,25.779738598726325,26.039488160797386,25.705524438134592,25.80708122253418,2296992,0.0,0.0
2011-07-22,25.818798033893195,26.223070846966348,25.557095939943974,26.12932777404785,4663788,0.0,0.0
2011-07-25,26.014104071989664,26.404705639221152,26.014104071989664,26.22112274169922,2466732,0.0,0.0
2011-07-26,26.131281896940656,26.357831246340655,25.701618967795568,25.871530532836914,4688808,0.0,0.0
2011-07-27,26.014099687543457,26.014099687543457,25.596155562516454,25.728960037231445,1589856,0.0,0.0
2011-07-28,25.75435006730156,25.932075344774294,25.46725786404739,25.561002731323242,3122052,0.0,0.0
2011-07-29,25.775838111106108,25.83442844057767,25.42820299065782,25.695764541625977,2414688,0.0,0.0
2011-08-01,25.822710271513635,25.986762471348936,25.467261454490657,25.596160888671875,1885260,0.0,0.0
2011-08-02,25.44577688538921,25.857861685556472,25.44577688538921,25.699668884277344,4067244,0.0,0.0
2011-08-03,25.693803658660926,26.170338064318372,25.66255596990552,26.004331588745117,4402320,0.0,0.0
2011-08-04,26.22892901762516,27.12731439563759,26.191821939310024,26.89685821533203,9832236,0.0,0.0
2011-08-05,26.873431021910527,27.69369564978315,26.79530998514909,27.43199348449707,17918388,0.0,0.0
2011-08-08,27.537451948489522,27.906570270031967,27.26402924775794,27.457378387451172,8454816,0.0,0.0
2011-08-09,27.494487664523785,27.84407709818948,26.818746358806226,27.03357696533203,11940060,0.0,0.0
2011-08-10,27.10779205114822,27.303093746923278,26.558995841610734,27.0960750579834,6560628,0.0,0.0
2011-08-11,26.951544413328957,27.20152951441031,26.818739940131646,26.9476375579834,5418456,0.0,0.0
2011-08-12,26.947639850199355,27.142941509296964,26.64297126460587,26.9847469329834,11588160,0.0,0.0
2011-08-16,26.68399175430062,27.082407120329545,26.62344888263235,26.86757469177246,3944436,0.0,0.0
2011-08-17,26.863667129166018,27.303094617647467,26.62930580197591,26.775781631469727,6166488,0.0,0.0
2011-08-18,26.724990795270443,26.86560716857869,26.32657565152385,26.53359603881836,1417488,0.0,0.0
2011-08-19,26.754289804991235,27.107784216588428,26.525787941915546,26.629297256469727,7281372,0.0,0.0
2011-08-22,26.699610922151574,27.117553319229078,26.685939608372163,26.99060821533203,5035296,0.0,0.0
2011-08-23,27.18591065735569,27.24450098204827,26.717188059815076,26.879287719726562,3634656,0.0,0.0
2011-08-24,26.60391248657747,27.09997771260198,26.60391248657747,26.78359031677246,2843244,0.0,0.0
2011-08-25,26.8695268763704,27.08435749979933,26.60196352319619,26.908586502075195,6343992,0.0,0.0
2011-08-26,26.801172617287893,27.060924067815268,25.713346301898486,26.20355224609375,3320760,0.0,0.0
2011-08-29,26.521886264667543,26.84999243910765,26.309008205091217,26.508214950561523,2184600,0.0,0.0
2011-08-30,26.756239018184157,26.75819333960008,26.0980743454742,26.350013732910156,5699100,0.0,0.0
2011-09-02,26.40470274835382,26.849989523306547,26.014101223886577,26.660547256469727,6190608,0.0,0.0
2011-09-05,26.997514642838546,27.1530398408045,26.4412150093005,26.514989852905273,3143556,1.166667,0.0
2011-09-06,26.913772422197752,27.021444561846437,26.606710676641146,26.760242462158203,4046628,0.0,0.0
2011-09-07,26.778191360739942,27.007491453704752,26.518982639365714,26.806106567382812,3013284,0.0,0.0
2011-09-08,26.624663146442465,27.02942636778093,26.524966494793258,26.87589454650879,3864888,0.0,0.0
2011-09-09,26.64659490691797,26.832026945568288,26.100262248999627,26.423276901245117,5857788,0.0,0.0
2011-09-12,26.518979337805114,26.778188026908374,25.896880309434877,26.301645278930664,3923148,0.0,0.0
2011-09-13,26.379409953101355,26.43324511852233,26.02648850703297,26.1879940032959,1731996,0.0,0.0
2011-09-14,26.319587842173842,26.664533712162914,25.984610904541594,26.335538864135742,4316424,0.0,0.0
2011-09-15,26.718378291950405,26.953660512572476,26.52297546577708,26.85396385192871,3242136,0.0,0.0
2011-09-16,27.356424544495667,27.494005332023047,26.17603224532305,26.30364227294922,9074616,0.0,0.0
2011-09-19,26.5070198276772,26.558861571060973,25.950718253537232,26.465147018432617,3257196,0.0,0.0
2011-09-20,26.51898193359375,26.67849583118391,26.221890904650653,26.51898193359375,2077764,0.0,0.0
2011-09-21,26.638618077346774,26.638618077346774,26.27174083663716,26.45318603515625,2453364,0.0,0.0
2011-09-22,26.469135577475818,26.869911919800458,26.16007854018866,26.293670654296875,4531440,0.0,0.0
2011-09-23,26.598742224333357,26.664541578445693,26.08630864709431,26.213918685913086,5058048,0.0,0.0
2011-09-26,26.319587705525432,26.38139837167624,25.825098725364068,26.267745971679688,6781560,0.0,0.0
2011-09-27,26.321582527176194,26.399344219342943,26.080320113834578,26.237838745117188,3423504,0.0,0.0
2011-09-28,26.26375829746514,26.26375829746514,25.42432341733587,25.516042709350586,3087756,0.0,0.0
2011-09-29,25.721416864652127,26.59474905817536,25.206988162263574,26.184003829956055,5609184,0.0,0.0
2011-09-30,25.864976613872038,26.357472179023965,25.52202416261331,25.83307456970215,2928660,0.0,0.0
2011-10-03,25.839061503409827,27.67545019100015,25.56788860069649,27.099210739135742,6380532,0.0,0.0
2011-10-04,27.087250058940377,27.312563337317233,26.47113296474727,26.87788963317871,5598456,0.0,0.0
2011-10-05,26.798128753463814,27.02543357966374,26.41729212939093,26.706409454345703,3965700,0.0,0.0
2011-10-07,26.71238783760284,26.88585931564356,26.5289492522874,26.688461303710938,2326908,0.0,0.0
2011-10-10,26.184006831217737,26.997520043987436,26.184006831217737,26.812088012695312,2263884,0.0,0.0
2011-10-11,26.600733066475986,27.073288998786904,26.600733066475986,26.925739288330078,3245544,0.0,0.0
2011-10-12,26.712387595547224,27.101199700569346,26.598735191482415,26.794137954711914,2950584,0.0,0.0
2011-10-13,26.718373946886782,26.859941575557833,26.050415191494896,26.100261688232422,2746524,0.0,0.0
2011-10-14,26.140135053375616,26.397348466730463,25.88092639324785,26.138141632080078,4750656,0.0,0.0
2011-10-17,26.098268328071494,26.235849113557588,25.101314659756753,25.220949172973633,4730112,0.0,0.0
2011-10-18,25.20299734002021,25.77126115242104,25.149162186046137,25.59978675842285,1763832,0.0,0.0
2011-10-19,25.613756991821248,25.95272092983923,25.42433441060912,25.847043991088867,1522260,0.0,0.0
2011-10-20,25.807159686081476,25.8809345520471,25.163127413542146,25.615745544433594,1815372,0.0,0.0
2011-10-21,25.526012320558706,25.9686595637377,25.34257191929423,25.699481964111328,1753080,0.0,0.0
2011-10-24,25.541970554303415,25.841056860559895,25.541970554303415,25.685531616210938,1041276,0.0,0.0
2011-10-25,25.526018070961864,26.513002825269364,25.334602115692913,26.215909957885742,6065604,0.0,0.0
2011-10-28,26.3774192220374,26.68248579903443,25.326628463618597,25.40638542175293,10678332,0.0,0.0
2011-10-31,25.697489392295456,25.697489392295456,24.57093064441997,24.828144073486328,10144260,0.0,0.0
2011-11-01,24.724462882915383,25.183063030785735,24.51709774850306,25.08336639404297,5341560,0.0,0.0
2011-11-02,25.28076323036661,25.452239465976117,24.973701473666342,25.07738494873047,3562044,0.0,0.0
2011-11-03,25.378466835588515,25.378466835588515,24.923855338028428,25.143184661865234,2835660,0.0,0.0
2011-11-04,25.561902025918847,25.601781407089337,24.76433995919389,24.897932052612305,4403004,0.0,0.0
2011-11-08,24.963734011042476,24.963734011042476,23.97076900628433,24.064481735229492,5906604,0.0,0.0
2011-11-09,24.202060900313807,24.202060900313807,22.610921607297346,22.716598510742188,11795220,0.0,0.0
2011-11-11,22.451408111398738,22.53116505853566,21.73360106359961,22.28192710876465,11793528,0.0,0.0
2011-11-14,22.427480050417607,22.427480050417607,21.841271731419607,21.93299102783203,3850404,0.0,0.0
2011-11-15,21.773486157845785,21.813363729129325,21.135434064439927,21.4724063873291,5981532,0.0,0.0
2011-11-16,20.993864629934524,21.115492570600917,20.13847672513053,20.575143814086914,8200392,0.0,0.0
2011-11-17,20.575144257932863,20.648919122856437,19.984947164022195,20.278051376342773,5497116,0.0,0.0
2011-11-18,20.33786521141837,21.131440492937486,20.242157245327938,20.7745304107666,11165928,0.0,0.0
2011-11-21,20.816404255666203,21.02975148661413,19.799510944326187,20.14445686340332,6019068,0.0,0.0
2011-11-22,20.036785172370713,21.003830098011402,19.643984381874485,20.812414169311523,7909584,0.0,0.0
2011-11-23,20.58511443249099,20.58511443249099,19.68187337647637,19.957033157348633,7593168,0.0,0.0
2011-11-24,20.038782007962055,20.33587488472495,19.404718689778722,20.056726455688477,10753368,0.0,0.0
2011-11-25,19.939081086214568,20.81640192454035,19.580177604756976,20.682809829711914,6137136,0.0,0.0
2011-11-28,20.652903207819072,21.605992407868,20.379738727379696,21.354759216308594,7592196,0.0,0.0
2011-11-29,21.1274531210352,21.5242389263863,20.93603719364513,21.05567169189453,4543932,0.0,0.0
2011-11-30,20.69677372978558,21.63789894432512,20.61701676780624,21.452465057373047,6941184,0.0,0.0
2011-12-01,21.64986194806077,21.909070713119473,20.856286450586577,20.981903076171875,6037608,0.0,0.0
2011-12-02,20.96395747367615,22.586999104623796,20.704748722868974,22.23208236694336,13316040,0.0,0.0
2011-12-05,22.112446708038064,22.417515101937003,21.777469683864286,22.156312942504883,4809612,0.0,0.0
2011-12-07,22.07256741184821,22.321805369433395,21.58804727429745,21.913053512573242,8928084,0.0,0.0
2011-12-08,21.66581318504916,22.246039535406002,21.52823238615615,21.942964553833008,5737548,0.0,0.0
2011-12-09,21.735588460754055,22.2879011497907,21.733593214324884,22.112436294555664,6718452,0.0,0.0
2011-12-12,22.096491356506025,22.16229069532585,21.566111628423652,21.677770614624023,2690664,0.0,0.0
2011-12-13,21.374693815235506,21.845258078419242,21.25505932811487,21.574085235595703,4505484,0.0,0.0
2011-12-14,21.534211396353953,21.79740694832496,20.18234109359841,20.523300170898438,10171020,0.0,0.0
2011-12-15,20.72667718872006,21.334818623763802,20.676828871740945,21.121471405029297,9140232,0.0,0.0
2011-12-16,21.324850211518385,21.63390540319277,20.74861080903468,21.047697067260742,9103464,0.0,0.0
2011-12-19,20.936041766922404,21.394640168562333,20.73665028445906,20.92806625366211,3829320,0.0,0.0
2011-12-20,20.942021917479504,21.57408995580277,19.795523281412063,19.9630126953125,9321504,0.0,0.0
2011-12-21,20.1524271391342,20.93603332288625,19.899200587927087,20.537250518798828,5518248,0.0,0.0
2011-12-22,20.343851007365053,21.005827727909267,20.317929220452346,20.79248046875,4942344,0.0,0.0
2011-12-23,20.6987687798,21.049696884440518,19.988937056241564,20.19829750061035,7793460,0.0,0.0
2011-12-26,20.45351951105483,20.517325456687594,19.88725064277111,19.9749813079834,7465860,0.0,0.0
2011-12-27,20.058714666806146,20.349827202355172,19.887240270584474,20.08662986755371,3665520,0.0,0.0
2011-12-28,20.098600075461647,20.098600075461647,19.60809779580979,19.739696502685547,4704492,0.0,0.0
2011-12-29,19.745678320349036,19.97697185240901,18.946120805935507,19.087688446044922,10170492,0.0,0.0
2011-12-30,19.181397240969844,19.326953520484153,18.692890315874187,19.053787231445312,7945116,0.0,0.0
2012-01-02,19.336925810950408,19.42066960901039,18.993973280344886,19.161460876464844,6699072,0.0,0.0
2012-01-03,19.001948695821152,19.001948695821152,18.553319252644805,18.852405548095703,10187040,0.0,0.0
2012-01-04,18.70286190819173,18.924186491192238,18.383835926280195,18.770654678344727,13378752,0.0,0.0
2012-01-05,18.81850764596643,18.90225143278832,18.26619478159026,18.339969635009766,7216740,0.0,0.0
2012-01-06,18.413741938455136,19.121579993637564,18.383833313947115,19.00194549560547,12715560,0.0,0.0
2012-01-09,18.752706123200053,18.98200434312823,18.54334576775763,18.704853057861328,4425360,0.0,0.0
2012-01-10,18.822493136099194,19.40471458430772,18.76467113594868,19.249189376831055,4258644,0.0,0.0
2012-01-11,19.418673472541492,20.331883261607963,19.34689204110877,20.238168716430664,9241932,0.0,0.0
2012-01-12,20.313941821547825,20.577137399939847,19.943074080078677,20.435569763183594,9295872,0.0,0.0
2012-01-13,20.63296367413385,20.696769596069128,20.182340853730253,20.28403091430664,3024948,0.0,0.0
2012-01-16,20.242155691820845,20.377741206094285,19.869294614830135,20.150436401367188,2094984,0.0,0.0
2012-01-17,20.150443183514017,21.09555525871567,20.150443183514017,20.950000762939453,4256952,0.0,0.0
2012-01-18,20.782509102419382,22.000787414857893,20.782509102419382,21.36672592163086,7782396,0.0,0.0
2012-01-19,21.46642298545405,21.869192820015776,21.203227380085636,21.6219482421875,5500800,0.0,0.0
2012-01-20,21.458445603059992,22.54313181063638,21.458445603059992,22.327789306640625,5670048,0.0,0.0
2012-01-23,22.17226299434235,22.391592331561235,21.594030109595565,21.751548767089844,3884472,0.0,0.0
2012-01-24,21.725630255014632,22.483314964017655,21.586056035404354,22.186222076416016,6721680,0.0,0.0
2012-01-25,22.33177504061768,23.522139931873962,22.248031244747235,23.113388061523438,17195592,0.0,0.0
2012-01-27,23.42044468804417,23.42044468804417,22.78438810867223,23.021663665771484,5051976,0.0,0.0
2012-01-30,22.890072325762223,23.109401684409622,22.028704092634992,22.50724220275879,5680692,0.0,0.0
2012-01-31,22.870128879897965,23.20510586716233,22.379628492723114,22.816293716430664,6877584,0.0,0.0
2012-02-01,22.730556670900437,22.96982568848886,22.202170315233417,22.33177375793457,6496032,0.0,0.0
2012-02-02,22.650795406273232,23.08945579674179,22.517203320183526,22.957857131958008,6731640,0.0,0.0
2012-02-03,23.12933462261715,23.456336055782007,22.828254969764807,22.96384048461914,5099892,0.0,0.0
2012-02-06,23.113391280641746,23.125355464065766,22.772433958794277,22.878110885620117,5693556,0.0,0.0
2012-02-07,22.730556876057836,23.36860698689319,22.55110511124685,22.640830993652344,6242964,0.0,0.0
2012-02-08,22.72457112977571,23.117371892561884,22.521192860802863,23.053565979003906,4568436,0.0,0.0
2012-02-09,23.03362869499305,24.12429682522472,22.892062903406085,23.877052307128906,6130620,0.0,0.0
2012-02-10,24.361569037080944,25.03949840276464,23.552042831464206,23.85511589050293,18599412,0.0,0.0
2012-02-13,23.857104739599453,23.998674135409946,23.368597954914776,23.51614761352539,2565204,0.0,0.0
2012-02-14,23.691618570760454,24.086412797981975,23.528117839008225,23.859107971191406,3913932,0.0,0.0
2012-02-15,23.922917383760666,24.2060526821221,23.659721782269692,24.08641815185547,3288252,0.0,0.0
2012-02-16,23.80726852415994,24.923856724170644,23.611865726068906,24.838119506835938,6851724,0.0,0.0
2012-02-17,24.838116478587647,24.84409674323611,24.14024734137164,24.69256019592285,7667856,0.0,0.0
2012-02-21,24.429370379808194,24.883981953672823,24.096386756583236,24.485198974609375,7151544,0.0,0.0
2012-02-22,24.50911920986279,25.482146143136422,24.337642987357587,24.87001609802246,18407352,0.0,0.0
2012-02-23,24.76433826975578,26.499038293482634,24.72844755934182,26.174030303955078,29799228,0.0,0.0
2012-02-24,26.518976157230217,26.67051450948056,25.77126062976175,26.174030303955078,13183464,0.0,0.0
2012-02-27,26.51897692666451,27.31853603441211,25.97264804591862,26.30562973022461,14985924,0.0,0.0
2012-02-28,26.44919666000062,26.718374317840542,25.84105515263266,26.02848243713379,7920168,0.0,0.0
2012-02-29,26.2318567859377,26.71039477206233,26.12817331221369,26.40931510925293,13011576,0.0,0.0
2012-03-01,26.439223466139104,26.672510366921298,24.824157779293504,26.27372932434082,3402144,0.0,0.0
2012-03-02,26.511011913762886,26.666535338482657,26.24582107198756,26.469139099121094,3299400,0.0,0.0
2012-03-05,27.157030873312234,27.196908430566133,26.443210732863278,26.56284523010254,7430328,0.0,0.0
2012-03-06,26.51898065758054,27.117153181066982,26.359468593143376,26.66852378845215,6643356,0.0,0.0
2012-03-07,26.415300412583285,26.558861460789295,25.886914046800218,26.293670654296875,7477308,0.0,0.0
2012-03-09,26.04045073591784,26.5628551455983,25.8729631074534,26.49107551574707,8670564,0.0,0.0
2012-03-12,26.758252217139884,26.758252217139884,26.18799484386246,26.439228057861328,3632592,0.0,0.0
2012-03-13,26.451186813241705,26.949662644407084,26.43922263389511,26.60870361328125,3620292,0.0,0.0
2012-03-14,26.6386099047778,27.476051272378125,26.6386099047778,27.182947158813477,6494100,0.0,0.0
2012-03-15,27.125126882225032,27.254730303113842,26.42127755067442,26.61468505859375,3738864,0.0,0.0
2012-03-16,26.638621689241013,27.19691678978038,26.349506115702262,26.489078521728516,7384632,0.0,0.0
2012-03-19,26.518983408240523,26.706412522153034,26.12020229304554,26.540918350219727,3540192,0.0,0.0
2012-03-20,26.76024448879398,27.615630453594648,26.566835132543353,27.328508377075195,7534476,0.0,0.0
2012-03-21,27.280650967436817,28.02238627682196,26.961626873022592,27.73127555847168,9558036,0.0,0.0
2012-03-22,27.91472223206875,27.91472223206875,26.822060467135273,27.107189178466797,4877292,0.0,0.0
2012-03-23,27.03739435414712,27.434181951952702,26.566831911830725,27.151046752929688,4063704,0.0,0.0
2012-03-26,27.19690969888353,27.35841700787939,26.391372051923447,26.53493309020996,2666004,0.0,0.0
2012-03-27,27.11715951000291,27.11715951000291,26.369443681133745,26.612701416015625,2914500,0.0,0.0
2012-03-28,26.598740885615804,26.73432643094434,26.46116191842364,26.60472297668457,3291312,0.0,0.0
2012-03-29,26.55885607526318,27.70335921086206,26.37142883426837,27.430192947387695,7200996,0.0,0.0
2012-03-30,27.551829018278625,28.070244638605498,27.322528923962015,27.9246883392334,8674692,0.0,0.0
2012-04-02,27.67545591755599,27.86487666136691,27.15704019342821,27.410266876220703,4183836,0.0,0.0
2012-04-03,27.545843288782898,28.261656858506566,27.224823929336,28.14800262451172,5814000,0.0,0.0
2012-04-04,27.846920123636153,28.070238074921452,27.659492883356954,27.880817413330078,1716792,0.0,0.0
2012-04-09,27.66747039935733,27.66747039935733,26.947670007663252,27.1370906829834,2705412,0.0,0.0
2012-04-10,27.236793381197568,27.236793381197568,25.731392824124505,26.618682861328125,2118648,0.0,0.0
2012-04-11,26.35149116964096,27.36639096432884,26.317595702690287,26.738309860229492,2373324,0.0,0.0
2012-04-12,26.955653852327316,27.19292949430374,26.696445091114494,27.11317253112793,2372400,0.0,0.0
2012-04-13,26.9177692230862,27.615636705562416,26.836018839302735,27.031421661376953,4049016,0.0,0.0
2012-04-16,27.168999787843667,27.276670123931194,26.794143382422266,27.05534553527832,1594332,0.0,0.0
2012-04-17,27.037400278863622,27.486029708269545,26.881875044907336,27.390321731567383,3943464,0.0,0.0
2012-04-18,27.51991796214229,27.95458967411332,27.51991796214229,27.852901458740234,3319332,0.0,0.0
2012-04-19,27.896780054454457,27.988499378746468,27.601680558241004,27.707359313964844,2164296,0.0,0.0
2012-04-20,27.579744801940567,28.265649897380005,27.372379631033976,27.765178680419922,6367116,0.0,0.0
2012-04-23,27.755207812427695,27.87284890704745,26.808100615508128,26.90380859375,1981404,0.0,0.0
2012-04-24,26.917766260380322,27.944628587005916,26.790156230918523,27.420230865478516,6905460,0.0,0.0
2012-04-25,27.645538696452665,27.82897911675585,27.236786875734108,27.366392135620117,5145468,0.0,0.0
2012-04-26,27.22682255497874,27.46010950662619,26.199960188064004,26.359472274780273,8391684,0.0,0.0
2012-04-27,26.35947008879654,26.78815981312673,26.321585948524675,26.431251525878906,3311712,0.0,0.0
2012-04-30,26.798136018297715,27.0772826599956,26.6067200308329,26.744300842285156,3213612,0.0,0.0
2012-05-02,26.682483181915554,26.899820917151256,26.12817684967143,26.221891403198242,5200836,0.0,0.0
2012-05-03,26.239834942974905,26.48508605068675,25.765285577444356,26.385391235351562,2497716,0.0,0.0
2012-05-04,26.219892099541205,26.672510121229298,25.811142127941583,26.01651382446289,5044692,0.0,0.0
2012-05-07,26.140142527857606,27.87484306174289,26.140142527857606,27.362407684326172,12501036,0.0,0.0
2012-05-08,27.511949712536417,27.747231898372906,26.877886419517424,27.131113052368164,8074932,0.0,0.0
2012-05-09,27.077276451272308,27.753212518816696,26.726348438372128,27.472070693969727,6719184,0.0,0.0
2012-05-10,27.376358094048303,28.211806089681655,27.35641840419928,28.084196090698242,7956720,0.0,0.0
2012-05-11,28.283591719623754,28.465038737350934,27.56179779415993,27.92668342590332,7561188,0.0,0.0
2012-05-14,28.114113804532696,28.546792253290302,28.042332358244813,28.4670352935791,10368432,0.0,0.0
2012-05-15,28.502919427198957,29.489904045349604,28.475004223931986,29.06121253967285,16448112,0.0,0.0
2012-05-16,29.111066527846894,30.706192885729017,29.069195540266325,29.992374420166016,20430132,0.0,0.0
2012-05-17,30.215689692905475,30.267531436299898,29.23069839388926,29.344350814819336,7850772,0.0,0.0
2012-05-18,28.91167116946466,29.605551671834995,28.774092217265046,28.907684326171875,5891304,0.0,0.0
2012-05-21,29.23069891553115,29.43009038025857,28.770107132915417,28.94357681274414,4848996,0.0,0.0
2012-05-22,29.388220790256295,29.58960569881725,28.875787207174845,29.03529930114746,6602496,0.0,0.0
2012-05-23,29.3064678506379,29.342358570655605,28.628540141316197,28.800016403198242,5934216,0.0,0.0
2012-05-24,30.108017792234325,30.291458230140396,28.7621295252659,28.963516235351562,21698712,0.0,0.0
2012-05-25,28.764125167117925,29.57764022918639,28.53083822940508,29.148948669433594,26260584,0.0,0.0
2012-05-28,29.386224738415027,29.386224738415027,28.397246558430805,28.558752059936523,7422444,0.0,0.0
2012-05-29,28.59265098317335,28.63252854899475,27.717325178678497,27.958587646484375,9903084,0.0,0.0
2012-05-30,27.675449739454837,27.70934703629512,27.117154743539672,27.551828384399414,6429480,0.0,0.0
2012-05-31,27.555819738575696,28.096170376395328,27.206885080825625,27.82101058959961,10384068,0.0,0.0
2012-06-01,27.795083609477018,27.952602257736867,27.29860112802719,27.695388793945312,3749844,0.0,0.0
2012-06-04,27.43618211901353,28.718266340696676,27.28863421919182,28.572710037231445,7835520,0.0,0.0
2012-06-05,28.632527750583705,28.760137783131757,27.930671658830462,28.086196899414062,3704040,0.0,0.0
2012-06-06,27.83495651778964,28.349385184860186,27.76317691977725,28.134042739868164,5238600,0.0,0.0
2012-06-07,28.13804047043298,28.19386906464548,27.81103894218287,27.914722442626953,2354652,0.0,0.0
2012-06-08,27.759192853961363,28.233744045259353,27.59569211538698,28.006439208984375,4245888,0.0,0.0
2012-06-11,28.433136108751054,29.00738216457679,28.19785574013324,28.36334991455078,9245220,0.0,0.0
2012-06-12,28.508905735255755,29.342358684228234,28.44709322952241,29.194808959960938,7283448,0.0,0.0
2012-06-13,29.306468582270078,29.430091770866653,29.029315400706377,29.20677375793457,4305300,0.0,0.0
2012-06-14,29.13100530794738,29.617518895703967,28.875785244745032,29.48392677307129,6376776,0.0,0.0
2012-06-15,29.240664530614644,29.948502598391045,29.230695597427122,29.61153221130371,7240776,0.0,0.0
2012-06-18,29.89866268963274,29.89866268963274,29.23469248740077,29.45003318786621,3413616,0.0,0.0
2012-06-19,29.481928786675088,30.219675479709846,29.318428059676823,29.956478118896484,7255944,0.0,0.0
2012-06-20,30.151881009633783,30.427040726249253,30.07013247129464,30.283479690551758,5142900,0.0,0.0
2012-06-21,30.427041495334283,30.905581335551023,30.327346684089523,30.448974609375,10604124,0.0,0.0
2012-06-22,30.506805954328843,30.779970498109346,30.2276574933169,30.43303108215332,3646152,0.0,0.0
2012-06-25,30.307407013900768,30.64637083276393,29.653405911833435,29.844820022583008,5177892,0.0,0.0
2012-06-26,29.749118870367084,30.094066684023954,29.469972239434217,29.886699676513672,6568764,0.0,0.0
2012-06-27,29.958472028433768,30.054179995245107,29.66736311032729,29.900650024414062,2950176,0.0,0.0
2012-06-28,29.90862909971661,30.211702234338883,29.571658666891658,29.95448875427246,6871008,0.0,0.0
2012-06-29,30.030260274461792,30.06814442037257,29.55371557931892,29.667369842529297,7791612,0.0,0.0
2012-07-02,29.563681771509344,29.9086277009297,29.212753751453253,29.79497528076172,3428904,0.0,0.0
2012-07-03,29.788993911402805,30.4071043485364,29.65739521614123,30.305416107177734,6467136,0.0,0.0
2012-07-04,30.147898356423767,30.26753287371116,29.82887236849809,30.05617904663086,2754804,0.0,0.0
2012-07-05,30.028262575854274,30.50680062487187,29.9604698072753,30.23961639404297,3117000,0.0,0.0
2012-07-06,30.407101158940456,30.877665477311233,30.207711540673564,30.4549560546875,8504220,0.0,0.0
2012-07-09,30.586552642849483,30.67827193946826,30.277497459407574,30.423053741455078,5020656,0.0,0.0
2012-07-10,30.429028433392936,30.889621876999676,30.429028433392936,30.66231346130371,6444204,0.0,0.0
2012-07-11,30.662324370048125,31.412033501685688,30.444990284221664,30.97736167907715,9355188,0.0,0.0
2012-07-12,30.913553784398193,31.477830811109865,30.897602761275806,31.322303771972656,10643676,0.0,0.0
2012-07-13,31.53868139111958,31.825838152651315,31.142325005413667,31.2677059173584,4019418,0.916667,2.0
2012-07-16,31.708553358077506,31.805618873250054,30.91179336882432,31.43352699279785,5355384,0.0,0.0
2012-07-17,31.15041892103954,31.215129267670893,30.35770421496265,30.470949172973633,9361830,0.0,0.0
2012-07-18,30.54375027272417,30.891573941320292,30.33343794261375,30.474992752075195,4145640,0.0,0.0
2012-07-19,30.72978827315491,31.684280511188227,30.665077939135433,31.409257888793945,7299714,0.0,0.0
2012-07-20,31.158504427683056,31.384994333272036,30.826860213661934,30.988637924194336,1693584,0.0,0.0
2012-07-23,30.778326805628147,30.84303900321009,30.06650374066339,30.240415573120117,3220386,0.0,0.0
2012-07-24,30.33342889042379,30.656984230984595,29.92493846784534,30.09885025024414,5072682,0.0,0.0
2012-07-25,29.92899243052968,30.16357300435736,29.370858254110914,29.62565803527832,3160116,0.0,0.0
2012-07-26,29.60543762272419,29.72677138347306,28.909790234055667,29.140323638916016,3757254,0.0,0.0
2012-07-27,29.38298952905412,29.96134844754419,28.49320928343225,28.756099700927734,1946214,0.0,0.0
2012-07-30,28.841040447729636,29.920912249698137,28.436595113133155,29.653976440429688,2900334,0.0,0.0
2012-07-31,29.68632636450033,29.68632636450033,28.654989370265092,29.38703727722168,9006810,0.0,0.0
2012-08-01,29.24143420951785,29.281878176351377,28.756099201890997,29.132234573364258,6487542,0.0,0.0
2012-08-02,28.877428903963622,29.2252525241708,28.537694075988757,28.679250717163086,3844530,0.0,0.0
2012-08-03,28.44063381326863,28.905747813991532,27.931032369872035,28.553878784179688,5613192,0.0,0.0
2012-08-06,28.41231942456509,28.53769850071462,27.672184637819182,27.858230590820312,6033408,0.0,0.0
2012-08-07,27.98764853380671,27.991693855855132,27.283914312670582,27.611515045166016,5482584,0.0,0.0
2012-08-08,27.502317144863518,28.52152181916928,27.469961969890505,28.444677352905273,5727450,0.0,0.0
2012-08-09,28.60240091688283,28.687334145143392,27.421418957738176,27.526575088500977,3205218,0.0,0.0
2012-08-10,27.502306627899447,28.71564373946576,26.95226145807232,28.517465591430664,12046248,0.0,0.0
2012-08-13,28.173697273120275,28.990678376068765,27.14640568786721,28.363786697387695,5824530,0.0,0.0
2012-08-14,28.570053555649814,28.614542845343156,27.914852028944214,28.024051666259766,2413614,0.0,0.0
2012-08-16,27.77329776913951,28.09685508946064,27.72071968144475,27.813743591308594,3141192,0.0,0.0
2012-08-17,27.825874512613023,28.06854202827943,27.36076239138781,27.550851821899414,5788482,0.0,0.0
2012-08-21,27.842050781933857,27.866317162070345,27.170671674460383,27.40120506286621,4954374,0.0,0.0
2012-08-22,27.34054318265101,28.392103176701365,27.06147513157308,28.22223663330078,9773550,0.0,0.0
2012-08-23,28.416364289477773,28.501297545421277,27.90676290241063,28.404232025146484,5180670,0.0,0.0
2012-08-24,28.48107253036255,28.95831682628678,28.149426494620002,28.679250717163086,5010948,0.0,0.0
2012-08-27,28.703521294740295,28.917877097377332,28.311208334135806,28.634765625,4064118,0.0,0.0
2012-08-28,28.481077347095617,28.93810066543399,28.464899759895022,28.654987335205078,2096268,0.0,0.0
2012-08-29,28.9583236171428,28.9583236171428,28.161567212684496,28.485122680664062,2759532,0.0,0.0
2012-08-30,28.553876462488475,28.85721085072811,27.926984776324513,28.149431228637695,6980508,0.0,0.0
2012-08-31,28.230317178168185,28.230317178168185,26.867336113947346,27.085737228393555,4404846,0.0,0.0
2012-09-03,27.105959685975535,27.68836207079294,26.628713467303534,27.575117111206055,3674772,0.0,0.0
2012-09-04,27.736888696060674,28.270756315096826,27.453775452912332,28.064489364624023,4208160,0.0,0.0
2012-09-05,28.392099359561534,28.602411700377722,27.696451986957968,27.943164825439453,6438894,0.0,0.0
2012-09-06,28.262674218835233,28.303118183977226,27.74498220798746,28.092805862426758,3791868,0.0,0.0
2012-09-07,28.74800493836869,28.74800493836869,27.14640008823385,27.914846420288086,16545090,0.0,0.0
2012-09-10,27.898676922976872,27.906765717148957,27.514452719880687,27.70454216003418,4560906,0.0,0.0
2012-09-11,27.744985530412126,28.570055477952177,27.744985530412126,28.24650001525879,10183632,0.0,0.0
2012-09-12,28.06854209582903,28.31120961207944,27.850140960922413,28.1130313873291,3235884,0.0,0.0
2012-09-13,28.311200803467987,28.832936171357375,28.311200803467987,28.69137954711914,6704550,0.0,0.0
2012-09-14,30.349618794285146,30.487130147564063,28.0200108799587,28.327388763427734,25693068,0.0,0.0
2012-09-17,28.72374407147528,28.901699377215653,27.340538186821927,27.40120506286621,13999770,0.0,0.0
2012-09-18,27.502316127977625,27.80969583307464,27.105959694994702,27.296049118041992,7382556,0.0,0.0
2012-09-20,27.01698178050493,28.157520198259835,26.976537812288868,27.9310302734375,10931208,0.0,0.0
2012-09-21,27.761161645450304,28.408274344752463,27.57511570298503,28.092805862426758,15343278,0.0,0.0
2012-09-24,28.311202051137435,28.537691919337714,27.72475632728703,27.894622802734375,7460748,0.0,0.0
2012-09-25,28.028095467215746,28.379962591826168,27.78947144479692,28.258628845214844,6758022,0.0,0.0
2012-09-26,28.29503622446697,28.594325341610972,28.10090329349441,28.460859298706055,5781564,0.0,0.0
2012-09-27,28.5943152705346,28.634761082605454,27.914847474333232,28.05640411376953,7866978,0.0,0.0
2012-09-28,28.137291400821937,28.998761629110987,27.906758053119358,28.20604705810547,3959946,0.0,0.0
2012-10-01,28.675204541412125,28.675204541412125,28.327380931562942,28.432537078857422,4603776,0.0,0.0
2012-10-03,28.400183793650875,28.756096219086317,28.0887606528206,28.153470993041992,3952686,0.0,0.0
2012-10-04,28.667131034936425,29.831936216843634,28.517485526194104,29.10797691345215,13878894,0.0,0.0
2012-10-05,29.200993584246376,29.350639065251876,27.243475618889715,28.836992263793945,6055464,0.0,0.0
2012-10-08,29.031118089779714,29.322318315783416,28.642850504639487,28.743961334228516,3466182,0.0,0.0
2012-10-09,28.816773687125057,29.164597447957203,28.440638216330463,28.9097957611084,8758032,0.0,0.0
2012-10-10,28.90978570622427,28.90978570622427,28.319294582874598,28.44871711730957,5927832,0.0,0.0
2012-10-11,28.39210050793214,28.8612579711567,28.39210050793214,28.537700653076172,5151858,0.0,0.0
2012-10-12,28.71160987549557,28.994721345775954,28.347608620246735,28.404232025146484,3427524,0.0,0.0
2012-10-15,28.165608211796645,28.561964643554706,28.165608211796645,28.299076080322266,3256770,0.0,0.0
2012-10-16,28.311211611978255,28.432545378674455,27.789476044903317,27.94721031188965,6059436,0.0,0.0
2012-10-17,28.100898207213625,28.100898207213625,27.68431700971702,27.862274169921875,2628576,0.0,0.0
2012-10-18,27.98764905029112,28.15751740274623,27.700494127356883,28.07258415222168,4546776,0.0,0.0
2012-10-19,28.06855105356477,28.121129155625766,27.263703781331206,27.474016189575195,4297650,0.0,0.0
2012-10-22,27.27582649067252,27.744982037657604,27.150447422392983,27.696449279785156,4520448,0.0,0.0
2012-10-23,27.991690914617003,28.327380404530608,27.74497813495378,28.19391441345215,4756776,0.0,0.0
2012-10-25,28.456812139469747,28.472989728389802,28.03618927332917,28.351655960083008,4674012,0.0,0.0
2012-10-29,27.922939735285144,28.222230635604138,27.664094652061518,27.712627410888672,1019166,0.0,0.0
2012-10-30,27.71263028092206,27.744985456824327,27.25965041266523,27.348628997802734,2778330,0.0,0.0
2012-10-31,27.1302281971078,27.546805692149615,27.1302281971078,27.30413818359375,2509638,0.0,0.0
2012-11-01,27.340535844687853,27.522536457229574,27.190892254295704,27.332447052001953,5275008,0.0,0.0
2012-11-02,27.421422370062132,27.668133294824756,27.114042730243177,27.182798385620117,5458242,0.0,0.0
2012-11-05,27.461876727814467,27.579167029370204,27.2758325962522,27.486143112182617,2778558,0.0,0.0
2012-11-06,27.49827226671956,27.696450480398592,27.348626813016818,27.619606018066406,3596610,0.0,0.0
2012-11-07,27.49018669128418,27.647920956780062,27.437608602785552,27.49018669128418,4050252,0.0,0.0
2012-11-08,27.567023504560325,27.817779760276487,27.37693411476591,27.433557510375977,5958858,0.0,0.0
2012-11-09,27.704534646335627,27.704534646335627,27.130223010250322,27.37289047241211,5512890,0.0,0.0
2012-11-12,27.421424325572843,27.5832020230427,26.81879911625219,26.960355758666992,2536662,0.0,0.0
2012-11-15,27.016979648339312,27.089780636789,26.568045156649006,26.750045776367188,5125008,0.0,0.0
2012-11-16,26.887562096266368,26.9118284781112,26.442671023486028,26.6165828704834,2855886,0.0,0.0
2012-11-19,26.466938445349207,26.875429035710802,26.167647503283497,26.535694122314453,3740328,0.0,0.0
2012-11-20,26.531644273215175,26.77431176261291,26.212132325695624,26.402223587036133,2036064,0.0,0.0
2012-11-21,26.454802207580567,26.63680284108842,26.21618001874871,26.584226608276367,3437652,0.0,0.0
2012-11-22,26.466936499672922,26.5882702561515,26.252580690269085,26.365825653076172,3441078,0.0,0.0
2012-11-23,26.36987008664269,26.499292641516355,25.831956956528106,26.0018253326416,4687434,0.0,0.0
2012-11-26,25.896671752344282,26.102938796255525,25.48009234143031,25.51649284362793,5741610,0.0,0.0
2012-11-27,25.57715522643106,26.766226363269535,25.57715522643106,26.55995750427246,9379686,0.0,0.0
2012-11-29,26.64085276663341,27.441654581587592,26.44671798345309,27.227298736572266,5130690,0.0,0.0
2012-11-30,27.502318979972177,28.27076739669986,27.243473860104068,28.10898780822754,5457618,0.0,0.0
2012-12-03,27.906765757839153,28.068543492923073,27.60747481881664,27.817787170410156,4961178,0.0,0.0
2012-12-04,27.898673895968315,28.517474914321344,27.825872904912142,28.286941528320312,4772844,0.0,0.0
2012-12-05,28.28693971102276,29.180765198181554,28.22627283950887,29.014942169189453,3984264,0.0,0.0
2012-12-06,28.83698643314911,29.334455544411774,28.62667595933136,29.16863250732422,8422410,0.0,0.0
2012-12-07,29.281874655215656,29.597343112800583,28.954273934742634,28.974496841430664,5449632,0.0,0.0
2012-12-10,29.031119966601523,29.18076541113613,28.384007282866204,28.853164672851562,2405874,0.0,0.0
2012-12-11,28.934058789200318,29.362772306703828,28.699480044039227,29.091793060302734,2881488,0.0,0.0
2012-12-12,29.28187595782207,29.314232980243503,28.553873501538597,28.622629165649414,1935984,0.0,0.0
2012-12-13,28.675210203362617,28.970455797861113,28.359743550595766,28.428499221801758,1317414,0.0,0.0
2012-12-14,28.428501624158546,28.853169803367127,28.189877564615106,28.3880558013916,4615008,0.0,0.0
2012-12-17,28.4729857431337,28.715653245782036,27.77329493753931,27.89867401123047,4490808,0.0,0.0
2012-12-18,27.93103057297462,28.424454396126922,27.668140148235448,28.331432342529297,3290208,0.0,0.0
2012-12-19,28.270764890902434,29.107967059126345,28.117075961741747,28.930011749267578,6714198,0.0,0.0
2012-12-20,28.873391820539435,29.039214885724718,28.068544729640255,28.303123474121094,4505316,0.0,0.0
2012-12-21,28.27076677446571,28.27076677446571,27.66814143091234,27.8096981048584,3430446,0.0,0.0
2012-12-24,27.947199116386837,28.464891004603942,27.54679747640692,28.064489364624023,3527286,0.0,0.0
2012-12-26,28.06854729414955,28.311214855342218,27.906769537156627,28.21010398864746,3045234,0.0,0.0
2012-12-27,28.29503581440323,28.351657378456082,27.716678650248575,27.829923629760742,7829202,0.0,0.0
2012-12-28,28.09280447357108,29.281875504020764,27.922937976966534,28.497251510620117,11804472,0.0,0.0
2012-12-31,28.598356418221858,28.90169070745078,28.238400592326133,28.824846267700195,5589210,0.0,0.0
2013-01-01,28.91787577861778,28.994720238269835,28.578140916414434,28.82080841064453,3134094,0.0,0.0
2013-01-02,29.06347351365662,29.819787635489085,28.84507426794333,29.64183235168457,5924406,0.0,0.0
2013-01-03,29.73081420581962,30.009882219732113,29.378947047890534,29.62565803527832,3592554,0.0,0.0
2013-01-04,29.54072515492067,30.713618782116868,29.54072515492067,30.25255012512207,10694964,0.0,0.0
2013-01-07,30.495222520983482,31.81371835174115,30.414332717805213,31.182781219482422,12833436,0.0,0.0
2013-01-08,31.376908552607738,31.53059747587002,30.519481656266557,30.79854965209961,8416686,0.0,0.0
2013-01-09,30.907751458163077,31.781352247248073,30.301082700682283,31.198951721191406,10268136,0.0,0.0
2013-01-10,31.546775341219345,32.019976230775185,30.665083908724334,30.806638717651367,19261848,0.0,0.0
2013-01-11,30.899671338648048,30.96033823506085,29.83193544290818,29.989667892456055,7385700,0.0,0.0
2013-01-14,30.17165799866872,30.44668252363729,29.751035195067658,30.183792114257812,6698568,0.0,0.0
2013-01-15,30.252557824781952,31.26771930391473,30.022024363313985,31.15851593017578,8638002,0.0,0.0
2013-01-16,31.41735088851899,31.445662590815786,30.576105275582528,30.91584014892578,6631530,0.0,0.0
2013-01-17,31.10188459788471,32.99468806140508,30.859215255995352,32.04424285888672,39735360,0.0,0.0
2013-01-18,32.840995978698274,35.4294501952718,32.78437628510564,35.1827392578125,54611460,0.0,0.0
2013-01-21,35.58314404973775,36.31923719700607,34.78234055632212,35.664031982421875,19793598,0.0,0.0
2013-01-22,35.591238131076494,35.89861600776858,34.82278973653369,35.089725494384766,10802844,0.0,0.0
2013-01-23,35.10590427786298,35.215103926952175,33.26972019501776,34.34149932861328,12683658,0.0,0.0
2013-01-24,34.39407836851976,34.620568306500665,33.38296244171882,33.641807556152344,4931478,0.0,0.0
2013-01-25,33.50429595328416,34.52349881514015,33.32229530999515,33.96940994262695,6778632,0.0,0.0
2013-01-28,33.993674288751464,34.22825486921662,33.32633860031616,33.62967300415039,5403480,0.0,0.0
2013-01-29,33.42744937659183,33.81976234332246,32.84504883591045,33.124114990234375,5213730,0.0,0.0
2013-01-30,33.22926306374329,33.932997187552836,32.760105746933114,33.11197280883789,7766466,0.0,0.0
2013-01-31,33.1119834792769,34.098831180345144,32.97042865544415,33.20096206665039,9905052,0.0,0.0
2013-02-01,33.326331107322694,34.442602943578414,33.217131487056996,34.187801361083984,6523680,0.0,0.0
2013-02-04,34.53158624945725,34.71358687582177,33.67415934838314,33.87638473510742,6018024,0.0,0.0
2013-02-05,33.97344592707622,33.97344592707622,32.92188812074682,33.30611038208008,5809608,0.0,0.0
2013-02-06,33.569005669661166,34.17972164318877,33.1645622718904,33.83998489379883,6463020,0.0,0.0
2013-02-07,33.54068852054607,34.013893069564844,33.010864274830645,33.23331069946289,4225542,0.0,0.0
2013-02-08,33.28589124341718,33.31419924088262,32.36375406031708,32.468910217285156,4434096,0.0,0.0
2013-02-11,32.50126474009764,32.71157704983982,31.874374984267128,32.56193161010742,5581800,0.0,0.0
2013-02-12,32.51744087451496,33.362733546356,32.3313968022016,33.188819885253906,4291362,0.0,0.0
2013-02-13,33.31825435361161,33.399142300241486,32.25860559010245,32.47296142578125,5279826,0.0,0.0
2013-02-14,32.7601156936062,33.0594066268657,31.081664087378982,31.332422256469727,10744224,0.0,0.0
2013-02-15,31.38499978619831,31.89864655949425,30.090774174264297,30.69744300842285,12565236,0.0,0.0
2013-02-18,31.494208668462917,31.639810712469995,30.49522838639062,30.6812744140625,9797484,0.0,0.0
2013-02-19,30.73787984732984,30.99672490965016,30.24041262960376,30.879436492919922,4026966,0.0,0.0
2013-02-20,30.859215722543098,31.89055442409568,30.818771757319762,31.78135108947754,9150120,0.0,0.0
2013-02-21,31.789443981043835,32.2586014164223,31.32837719068799,31.566997528076172,10447020,0.0,0.0
2013-02-22,31.627659758400156,31.825837949991158,31.178727150140134,31.48610496520996,6378330,0.0,0.0
2013-02-25,31.55486600127128,31.60744594120203,30.377930696549438,30.968421936035156,5465262,0.0,0.0
2013-02-26,30.875398377229995,31.198955706350983,30.013929742412323,30.41837501525879,8341722,0.0,0.0
2013-02-27,30.535666822248267,31.097846424381633,30.110998590998662,30.74193572998047,8809578,0.0,0.0
2013-02-28,31.04525511612376,31.126143029506444,29.807649675906404,30.08671760559082,16710564,0.0,0.0
2013-03-01,30.171665159676945,31.453760486434064,30.171665159676945,31.182781219482422,8986242,0.0,0.0
2013-03-04,31.380952781784103,31.943132257958784,31.146375920297903,31.324329376220703,9225384,0.0,0.0
2013-03-05,31.35668579739243,31.66406736638402,30.919885379442132,31.4173526763916,5790462,0.0,0.0
2013-03-06,31.8460660751589,31.8460660751589,31.004816762473244,31.081661224365234,6052704,0.0,0.0
2013-03-07,31.287934336771947,31.78135634836171,30.96437700722783,31.599355697631836,5832984,0.0,0.0
2013-03-08,31.728780623814234,33.04323102350767,31.631715089646608,32.79247283935547,9891312,0.0,0.0
2013-03-11,32.950205221865964,33.20096340574257,32.23838389979349,32.343536376953125,5421996,0.0,0.0
2013-03-12,32.363756457423804,32.74393529837136,31.90268598031737,32.092777252197266,3784284,0.0,0.0
2013-03-13,32.11299643696191,32.27477599703224,31.49015012948735,31.591262817382812,3100086,0.0,0.0
2013-03-14,31.60339641739305,32.436555028538855,31.429482745159312,32.13322067260742,3882630,0.0,0.0
2013-03-15,32.37184873764709,32.97851759482049,32.169627019526914,32.359718322753906,7459068,0.0,0.0
2013-03-18,31.890556067699542,32.00784264718901,31.437576228227883,31.716642379760742,4379352,0.0,0.0
2013-03-19,31.858196715401824,32.11299833415201,30.110991434105504,30.919883728027344,8004990,0.0,0.0
2013-03-20,30.592281400589584,31.000771923275533,30.414324253404722,30.762147903442383,4253784,0.0,0.0
2013-03-21,30.584199282723244,31.041222662711633,29.670150671340032,29.835973739624023,4810464,0.0,0.0
2013-03-22,29.84810586752878,30.10695098321144,29.233348254930885,29.609481811523438,6681426,0.0,0.0
2013-03-25,30.495212524751167,30.68530192621385,29.840011073140385,30.102901458740234,7629390,0.0,0.0
2013-03-26,30.030103676231956,30.402193726301626,29.779347378389485,30.309171676635742,4981668,0.0,0.0
2013-03-28,30.244454454535823,31.04525782678474,30.09480902460334,30.551834106445312,8850438,0.0,0.0
2013-04-01,30.495216369628906,30.705528704625248,30.208059570246864,30.495216369628906,1699896,0.0,0.0
2013-04-02,30.25254324658035,30.94010167880007,30.098854346328515,30.551834106445312,4195404,0.0,0.0
2013-04-03,30.25254147677752,30.689343627251915,30.17165170965856,30.333431243896484,4001844,0.0,0.0
2013-04-04,30.37388308715105,30.543751457060015,29.73081380755136,29.892593383789062,3302088,0.0,0.0
2013-04-05,29.892591584232903,30.80259470301388,29.892591584232903,30.454771041870117,4347108,0.0,0.0
2013-04-08,30.41836812213801,30.899657758161585,30.2727680050203,30.774280548095703,1895394,0.0,0.0
2013-04-09,30.940114154545412,31.170647597879398,30.030110797058782,30.127178192138672,4880304,0.0,0.0
2013-04-10,30.46690488013984,30.470948350992163,29.609477999155345,29.888545989990234,4404636,0.0,0.0
2013-04-11,30.236368422782938,30.236368422782938,29.524543549446825,29.62969970703125,4679934,0.0,0.0
2013-04-12,29.694411290148363,30.398145504825912,29.68632064612577,30.28085708618164,3390996,0.0,0.0
2013-04-15,30.57206588420405,32.83696362780977,30.57206588420405,31.93505096435547,15817716,0.0,0.0
2013-04-16,32.03616158183979,33.07558936464806,32.03616158183979,32.885498046875,10868310,0.0,0.0
2013-04-17,33.05940888876684,33.05940888876684,32.11705043446756,32.46487045288086,4846542,0.0,0.0
2013-04-18,32.54575414988872,33.27780006340034,32.54575414988872,32.788421630859375,5922588,0.0,0.0
2013-04-22,32.94211348388279,34.15949446806211,32.8571783768326,33.54473876953125,7399998,0.0,0.0
2013-04-23,33.34250936120032,33.56899924987518,32.78437713467721,33.42744445800781,3202530,0.0,0.0
2013-04-25,33.261627274017606,33.973452234353466,33.14838416121557,33.71056365966797,5440020,0.0,0.0
2013-04-26,33.32633123148581,33.91682232057298,33.17668579830755,33.4112663269043,2262666,0.0,0.0
2013-04-29,33.26971501256536,33.71460418535257,33.26971501256536,33.51238250732422,3409308,0.0,0.0
2013-04-30,33.528556056164106,33.79953151691191,32.20197193638778,33.508331298828125,5461140,0.0,0.0
2013-05-02,33.67010662731118,34.135220445622515,33.56899396172753,33.7186393737793,3868398,0.0,0.0
2013-05-03,33.39913189488171,33.564954910921124,32.46486066542036,32.622596740722656,3641244,0.0,0.0
2013-05-06,32.743937006390055,33.12815933834404,32.24646785903126,33.039180755615234,3148416,0.0,0.0
2013-05-07,33.09176739114786,33.2656774178237,32.646874387440945,32.89763259887695,3362454,0.0,0.0
2013-05-08,33.0027731969104,33.399129538165106,32.90166052514939,33.11197280883789,2997360,0.0,0.0
2013-05-09,33.40318586725042,33.40318586725042,32.87336148398296,33.14838790893555,4056204,0.0,0.0
2013-05-10,33.22118437599087,33.73078768545742,33.22118437599087,33.573055267333984,10247400,0.0,0.0
2013-05-13,33.88851248195328,34.05433550867209,32.88144390975349,33.132198333740234,3931236,0.0,0.0
2013-05-14,33.285899049722445,33.56900871326824,33.00682915497689,33.14434051513672,4681062,0.0,0.0
2013-05-15,33.237360444869445,33.90874331610532,33.18882768019052,33.641807556152344,5957592,0.0,0.0
2013-05-16,33.69033402436819,34.644826362583515,33.378912732104546,34.12713623046875,6074976,0.0,0.0
2013-05-17,34.12713379216753,34.45068917591903,33.56899788551716,33.83189010620117,3900696,0.0,0.0
2013-05-20,33.91278896507422,33.96132173286954,32.929984680264425,33.14434051513672,4365612,0.0,0.0
2013-05-21,33.23735356382676,33.362734475139106,32.42037627050338,32.545753479003906,4369458,0.0,0.0
2013-05-22,32.65899963829784,32.74797821487876,30.608460014477334,31.518463134765625,17432802,0.0,0.0
2013-05-23,31.59935476802759,31.611488884948493,30.204018338220234,30.72979736328125,18219108,0.0,0.0
2013-05-24,30.94010527397746,31.611484348715187,30.834949113773853,30.936059951782227,6878490,0.0,0.0
2013-05-27,31.328382114986887,31.421404181900595,30.418376953146783,30.5316219329834,8471316,0.0,0.0
2013-05-28,30.721701004116348,31.06143582877474,30.576100893950134,30.786413192749023,5519850,0.0,0.0
2013-05-29,30.980554357612515,31.28793409602523,30.543753910065618,30.636775970458984,4561608,0.0,0.0
2013-05-30,31.134241597025508,31.134241597025508,30.187837958309316,31.037174224853516,7588122,0.0,0.0
2013-05-31,31.162555432630317,31.300066781200446,30.333440167124735,30.48308563232422,4944264,0.0,0.0
2013-06-03,30.737891346242705,30.843047539287422,29.564997483136153,29.755088806152344,9184224,0.0,0.0
2013-06-04,29.88853780361034,30.305117014633694,29.674182067778638,30.038183212280273,5793606,0.0,0.0
2013-06-05,29.98966256477254,30.3738867909315,29.945175119858895,30.2242431640625,4300278,0.0,0.0
2013-06-06,30.268728758316072,30.292995140805232,29.840017113455325,30.171661376953125,2803212,0.0,0.0
2013-06-07,30.090772758486654,30.778329503912413,30.090772758486654,30.43050765991211,4617864,0.0,0.0
2013-06-10,30.72170339538429,30.72170339538429,29.447699092305744,29.62969970703125,4693254,0.0,0.0
2013-06-11,29.60543430049109,29.900679875275518,28.51343057629265,29.043254852294922,11963790,0.0,0.0
2013-06-12,29.11604696350016,29.718672082920364,28.77226871338483,29.33849334716797,3340914,0.0,0.0
2013-06-13,29.128188981143996,29.294012020734524,28.618587598137804,28.90169906616211,5081082,0.0,0.0
2013-06-14,29.22121064267001,30.074592209195007,29.132233917638985,29.84001350402832,5464110,0.0,0.0
2013-06-17,30.143350036397088,30.147393507576034,29.257613233680527,29.678237915039062,5620086,0.0,0.0
2013-06-18,29.5285887030273,29.605433159729845,29.281875896040095,29.51241111755371,4628076,0.0,0.0
2013-06-19,29.29400968443409,29.686320756312206,29.002807594936293,29.50432014465332,4458438,0.0,0.0
2013-06-20,29.04729998469361,29.107966861730485,28.355697956754458,28.42041015625,5331042,0.0,0.0
2013-06-21,28.31929681330938,28.776320116171707,27.86227351044705,28.17774200439453,3291474,0.0,0.0
2013-06-24,28.31120482656335,28.448716149007197,27.081689865576845,27.41737937927246,5785620,0.0,0.0
2013-06-25,27.344579704529004,28.553871734763053,27.344579704529004,27.902713775634766,6566046,0.0,0.0
2013-06-26,28.117069965260296,28.561959070729525,28.011913819922253,28.19391441345215,5036970,0.0,0.0
2013-06-27,28.70352506434618,28.70352506434618,27.72072079826173,27.9593448638916,7713090,0.0,0.0
2013-06-28,28.472983722962528,29.868321764190572,28.331428924065122,29.68227767944336,9664824,0.0,0.0
2013-07-01,29.92898812743691,30.38196791959263,29.17671930565356,30.28085708618164,6935214,0.0,0.0
2013-07-02,30.426460940394875,30.628684483451465,29.93708244708221,30.054370880126953,5272596,0.0,0.0
2013-07-03,29.686331237798807,29.767221044231537,28.574106119233477,28.9097957611084,4719666,0.0,0.0
2013-07-04,29.120108524706065,30.74193703800572,28.84508577123672,29.653976440429688,3858606,0.0,0.0
2013-07-05,30.009883775825557,30.0826847750233,29.176725013479473,29.55690574645996,3100614,0.0,0.0
2013-07-08,29.289961118863992,29.289961118863992,27.86631155383322,27.96337890625,8082120,0.0,0.0
2013-07-09,28.311209954998105,28.62263314786449,27.87036420865762,27.955297470092773,4045914,0.0,0.0
2013-07-10,27.987650247521405,27.99169556981753,27.016980253933237,27.10191535949707,4420080,0.0,0.0
2013-07-11,27.647915748371645,27.87844911892489,27.348624862313766,27.449737548828125,5166516,0.0,0.0
2013-07-12,27.59129360965972,27.898673302528852,27.17067081307708,27.821828842163086,2971194,0.0,0.0
2013-07-15,28.06853980754206,28.09280618690754,27.41333830764372,27.542760848999023,4476006,0.0,0.0
2013-07-16,27.178764039377967,28.33547830720857,27.178764039377967,28.068544387817383,5982888,0.0,0.0
2013-07-17,27.90676297339312,28.18583097340828,27.09787067586954,27.680273056030273,7051560,0.0,0.0
2013-07-18,27.744979482270278,28.064493255423592,27.510402656085912,27.78946876525879,4004406,0.0,0.0
2013-07-19,27.668141674334052,28.270767023189265,27.591297203957815,28.040233612060547,3777972,0.0,0.0
2013-07-22,27.910808064941126,28.553877358468988,27.56702969795099,28.007875442504883,6417972,0.0,0.0
2013-07-23,28.113024804872662,28.917871631800114,28.104936012985327,28.533647537231445,8577672,0.0,0.0
2013-07-24,28.3920950011232,28.877429958407358,27.96338159153276,28.153470993041992,6907116,0.0,0.0
2013-07-25,28.31120916079595,29.443656934777806,27.801607755074425,28.32334327697754,11431242,0.0,0.0
2013-07-26,28.55387529931476,28.978543425550917,28.040230447184076,28.339519500732422,7201812,0.0,0.0
2013-07-29,28.3111991793366,28.351643133339238,27.239418661319636,27.534664154052734,6435198,0.0,0.0
2013-07-30,27.59129090446359,27.627691395648498,24.865327158551587,25.18079376220703,15023274,0.0,0.0
2013-07-31,24.994757121194546,26.288982792875405,23.35675119334927,26.1878719329834,13281558,0.0,0.0
2013-08-01,26.503339163274703,26.503339163274703,24.113064335547435,24.634798049926758,12357882,0.0,0.0
2013-08-02,24.266752949760498,24.42853068562346,22.822881889812276,23.445728302001953,8653662,0.0,0.0
2013-08-05,23.93915104100209,23.93915104100209,22.568079192874187,22.798612594604492,10875852,0.0,0.0
2013-08-06,22.648966229550155,23.12216898204868,20.703582690163582,21.148473739624023,14497224,0.0,0.0
2013-08-07,21.19296051060984,22.648965515983313,21.03118279381482,22.13532066345215,19404390,0.0,0.0
2013-08-08,22.24452295647738,22.891635752392492,21.540786749503635,22.32541275024414,8079654,0.0,0.0
2013-08-12,22.4062994413304,23.110035609004175,22.034211224438916,22.960391998291016,6901284,0.0,0.0
2013-08-13,22.648959795805872,23.336518158496972,22.28900395771003,23.13833999633789,9527664,0.0,0.0
2013-08-14,23.781412585028285,24.735904901621637,23.457855334083074,24.630748748779297,15142986,0.0,0.0
2013-08-16,24.26675193080607,24.63075320976816,23.259681355396367,23.474037170410156,9352428,0.0,0.0
2013-08-19,23.017012719910912,23.692437159137516,22.361811190114715,23.32843589782715,5524134,0.0,0.0
2013-08-20,23.053415745147824,24.400221300295318,22.66919153225991,24.076663970947266,9379182,0.0,0.0
2013-08-21,24.392124526182997,24.566036338730395,22.620653082730964,23.008920669555664,9719454,0.0,0.0
2013-08-22,22.89163555415148,24.169685397848063,22.65705867193132,23.89061737060547,8002008,0.0,0.0
2013-08-23,23.951282964586635,24.55390828028211,23.64390509999529,24.355730056762695,11301348,0.0,0.0
2013-08-26,24.630752830472996,25.237421619400905,24.104971979131335,24.695463180541992,7485792,0.0,0.0
2013-08-27,24.388087390417194,24.646932515534274,23.336527449648493,23.46595001220703,8385126,0.0,0.0
2013-08-28,22.32540867991635,22.64896409318071,20.73593590833817,21.593360900878906,27202758,0.0,0.0
2013-08-29,22.236440937327515,22.398220574152695,21.451816548930896,21.848173141479492,24621858,0.0,0.0
2013-08-30,22.216210557757123,22.284964375185414,21.354740184742017,22.08274269104004,21660060,0.0,0.0
2013-09-02,22.48718965952675,22.632789801828203,21.888609651037434,22.35776710510254,12525702,0.0,0.0
2013-09-03,22.64896409318071,22.64896409318071,21.156560537550224,21.593360900878906,11250162,0.0,0.0
2013-09-04,21.556961657266715,22.115097647178526,21.395183941257333,21.908830642700195,10263102,0.0,0.0
2013-09-05,22.15150322287116,23.381018589906798,22.082747538942577,23.23946189880371,13341936,0.0,0.0
2013-09-06,23.676824702662998,25.527234480046427,23.180580413049302,25.203413009643555,16131576,1.833333,0.0
2013-09-10,25.493595699631424,25.552471465974545,24.770253305302415,25.10248565673828,8872500,0.0,0.0
2013-09-11,24.976321561569563,26.494499326102698,24.946884640735398,26.275814056396484,10541934,0.0,0.0
2013-09-12,26.28422240827425,26.650099948198353,25.41789415986508,25.55246925354004,8628870,0.0,0.0
2013-09-13,25.333785218996635,25.855263933000828,24.89641473298413,25.666017532348633,6749034,0.0,0.0
2013-09-16,26.242165414495403,27.083259176422608,25.775358049356463,26.73420524597168,9172170,0.0,0.0
2013-09-17,26.830934129010622,27.041208559213885,26.221140784069387,26.385154724121094,6340200,0.0,0.0
2013-09-18,26.41038864612761,26.881402471631066,26.39356699880451,26.557580947875977,7490538,0.0,0.0
2013-09-19,27.028594009282124,28.815919975875115,26.751031060955192,28.29444122314453,20351928,0.0,0.0
2013-09-20,28.19351364000626,29.148156679955157,27.137940703853893,28.424816131591797,12199572,0.0,0.0
2013-09-23,28.03790874670697,28.63088047221383,26.931867157160116,27.201019287109375,9344748,0.0,0.0
2013-09-24,27.066432348857564,27.167364119991813,26.28842086432319,26.523927688598633,8560134,0.0,0.0
2013-09-25,26.07394836867776,26.170675722685782,24.993143154296202,25.69545555114746,17887980,0.0,0.0
2013-09-26,25.737510283767584,26.229550151499925,25.573496352818832,26.00666046142578,9627438,0.0,0.0
2013-09-27,26.4902901531486,28.588824165558485,26.486085704236817,27.638385772705078,47210010,0.0,0.0
2013-09-30,27.75614417324182,28.344909584416197,27.508020039510967,27.86128044128418,18153786,0.0,0.0
2013-10-01,27.6341863470182,27.6341863470182,26.952899892205235,27.449146270751953,8148858,0.0,0.0
2013-10-03,27.33979766241642,28.399578714109158,27.226250586395143,28.201919555664062,8336538,0.0,0.0
2013-10-04,28.100990230405603,29.52244055875992,28.04631891584474,28.719194412231445,16336194,0.0,0.0
2013-10-07,28.719190417333266,29.94298333823207,28.260793868704276,29.67803955078125,14831244,0.0,0.0
2013-10-08,29.67804025377852,30.001861729520343,28.656108966952363,28.740219116210938,8423508,0.0,0.0
2013-10-09,28.580409766342413,29.21964382334881,28.492095168043456,28.61825942993164,9498840,0.0,0.0
2013-10-10,28.87479541449713,29.11030230223603,28.546767551193533,28.85376739501953,3366900,0.0,0.0
2013-10-11,29.169175054885184,29.18599669868773,28.222943152639036,28.508914947509766,3489072,0.0,0.0
2013-10-14,28.508923119635224,28.97573060686498,28.311265860625973,28.82012939453125,4130400,0.0,0.0
2013-10-15,29.000960924407533,29.064043060430716,28.05893333306716,28.857975006103516,4865748,0.0,0.0
2013-10-17,28.88320303749349,29.682242662640835,28.74021714115971,29.274311065673828,6348342,0.0,0.0
2013-10-18,29.539258352775235,30.691558332282348,29.400476897349282,30.464462280273438,10630740,0.0,0.0
2013-10-21,30.615856770487127,31.187802269880365,30.07755648290315,30.51492691040039,12946866,0.0,0.0
2013-10-22,30.481286477357017,31.25509369448109,30.199519112118338,30.3635311126709,10798422,0.0,0.0
2013-10-23,30.657919576859758,30.935480603643896,29.488797779885108,29.951398849487305,6637608,0.0,0.0
2013-10-24,30.060735937717187,30.607448992060952,29.711682012714917,30.022886276245117,4992996,0.0,0.0
2013-10-25,30.022891221555394,30.195315988241138,28.97572734894811,29.337398529052734,6431550,0.0,0.0
2013-10-28,29.54346636615344,29.648604545112853,29.059837288327913,29.169179916381836,5387454,0.0,0.0
2013-10-29,29.27011003140422,30.010273990029635,29.24487756295166,29.54346466064453,7569204,0.0,0.0
2013-10-30,29.858871218051256,30.519131306447196,29.37103778645925,30.418201446533203,5518344,0.0,0.0
2013-10-31,30.674745168636097,30.91025210804598,29.888320554019945,30.241580963134766,7152750,0.0,0.0
2013-11-01,30.27522438479239,30.44764917774467,29.741130281754238,29.926170349121094,4385460,0.0,0.0
2013-11-05,30.69996682749092,31.831240628083087,29.976626539966755,31.36443328857422,15162480,0.0,0.0
2013-11-06,31.507423345962255,32.083573368190734,30.969121063607044,31.10790252685547,7848828,0.0,0.0
2013-11-07,30.99435622139474,31.246684776386363,29.480384891445013,30.0733585357666,8289948,0.0,0.0
2013-11-08,29.867287073198032,30.144848067075436,29.480381536139983,29.59813690185547,7118514,0.0,0.0
2013-11-11,29.421505442824476,29.421505442824476,28.445834639000438,28.521533966064453,6774732,0.0,0.0
2013-11-12,28.61405778191786,28.933672916590137,28.2523866057573,28.576208114624023,5575758,0.0,0.0
2013-11-13,28.420594319530494,28.849551920742222,27.67201977860376,28.025279998779297,9561048,0.0,0.0
2013-11-14,28.57200823321035,29.345817626137144,28.471076405862117,28.94629669189453,6797190,0.0,0.0
2013-11-18,29.354222636181674,29.75374351747971,28.807511371074547,29.64860725402832,6562134,0.0,0.0
2013-11-19,29.522440324276875,29.913550346481724,28.681344516638376,29.059837341308594,10188618,0.0,0.0
2013-11-20,29.021983922288022,29.09347879892372,28.100986374734614,28.222944259643555,14412102,0.0,0.0
2013-11-21,28.17668545215143,28.542562978886274,27.76454936294829,27.84865951538086,6038574,0.0,0.0
2013-11-22,27.932765573878388,28.210328477820504,27.541657534429202,27.995847702026367,4316862,0.0,0.0
2013-11-25,28.689754966132302,29.581315702064266,28.496304107215664,29.219646453857422,11169258,0.0,0.0
2013-11-26,29.186002394928206,29.215441239885113,27.058031311656087,27.32297706604004,15360792,0.0,0.0
2013-11-27,27.33559392743792,27.865485467001108,27.255690136580416,27.772964477539062,6390306,0.0,0.0
2013-11-28,27.92435553154089,28.38695845924806,27.90753388691355,28.07575225830078,7421814,0.0,0.0
2013-11-29,28.374346909960803,28.803306633779982,28.155661636057463,28.59723663330078,10309908,0.0,0.0
2013-12-02,28.76545220796095,29.13973862631548,28.60564465350265,29.051424026489258,5464824,0.0,0.0
2013-12-03,28.857980147817212,29.547677392836277,28.698170629667786,29.442541122436523,6919554,0.0,0.0
2013-12-04,29.236462598917242,29.73691322357184,28.815913817154364,29.497201919555664,7651152,0.0,0.0
2013-12-05,29.858874794015193,30.49390249348494,29.71588888356572,30.140642166137695,6527136,0.0,0.0
2013-12-06,30.212136439928635,30.750438739666695,30.07756134627262,30.641096115112305,5145468,0.0,0.0
2013-12-09,31.5326555824705,31.5326555824705,30.62427325502436,30.73361587524414,7443138,0.0,0.0
2013-12-10,30.826129938831407,30.956500557271866,29.99344707548946,30.085966110229492,4699356,0.0,0.0
2013-12-11,29.89251663352635,30.102791026674254,29.06824262948206,29.446735382080078,8038110,0.0,0.0
2013-12-12,29.337401694947776,29.732716211178357,29.10189476504141,29.43833351135254,4813740,0.0,0.0
2013-12-13,29.236468398217593,29.40468678922208,28.534152139883687,28.7696590423584,6697626,0.0,0.0
2013-12-16,28.62667536657882,28.925264429739386,28.058936086654576,28.51312828063965,6654402,0.0,0.0
2013-12-17,28.605647025558202,28.971522651655025,28.260797495140654,28.7696590423584,6071064,0.0,0.0
2013-12-18,28.59723152203125,29.328984628840296,28.492095278421754,29.114505767822266,6929424,0.0,0.0
2013-12-19,29.270109202085543,29.480381691679774,27.941178058317018,28.44583511352539,11727372,0.0,0.0
2013-12-20,28.26920730917893,29.06404259537567,28.0757545300834,28.933671951293945,8705640,0.0,0.0
2013-12-23,29.03880721631014,29.66962854505133,29.03880721631014,29.19441032409668,6548760,0.0,0.0
2013-12-24,29.35422505367249,29.942992412739965,29.143952509452554,29.270116806030273,8806656,0.0,0.0
2013-12-26,29.438333650441873,30.34671615214811,29.4088967279002,29.8126220703125,10993716,0.0,0.0
2013-12-27,29.858877672043292,30.321480663762046,29.530851706192692,29.577112197875977,4329528,0.0,0.0
2013-12-30,29.690659112448117,29.753741250735978,29.15235871242213,29.299551010131836,3497844,0.0,0.0
2013-12-31,29.446739706572046,29.800000045898738,29.14394623007144,29.261699676513672,5177616,0.0,0.0
2014-01-01,29.446732008972678,29.6485955572804,29.09767813492432,29.371034622192383,3811662,0.0,0.0
2014-01-02,29.83364265147352,29.83364265147352,28.479480936207256,28.550973892211914,5679786,0.0,0.0
2014-01-03,28.50471233322722,28.68134152963273,27.58791728608827,27.6972599029541,6387210,0.0,0.0
2014-01-06,28.227148478228454,28.33649108399944,27.59212086013192,27.73931312561035,5477658,0.0,0.0
2014-01-07,27.7981992880496,27.915952759512056,27.10429565894075,27.213638305664062,5782632,0.0,0.0
2014-01-08,27.264092925060005,27.47857174717994,26.59962651863289,26.708969116210938,7563474,0.0,0.0
2014-01-09,26.74682367949252,27.52904172283226,26.582809753038894,27.356616973876953,9882426,0.0,0.0
2014-01-10,27.411293455963182,27.873896481317203,27.12532158670743,27.444936752319336,7194876,0.0,0.0
2014-01-13,27.608946682113185,28.004261131971898,27.55848174494082,27.88230323791504,6502374,0.0,0.0
2014-01-14,27.680443280585326,28.05052531054516,27.52063570006823,27.604745864868164,3028518,0.0,0.0
2014-01-15,27.465957256976832,27.844450012723268,27.449135613403264,27.52903938293457,6011028,0.0,0.0
2014-01-16,27.67202497878795,28.058928552131736,27.35240990412354,27.785573959350586,4482000,0.0,0.0
2014-01-17,27.92435791712988,28.83274028040652,27.92435791712988,28.60564613342285,10439388,0.0,0.0
2014-01-20,28.51312325448787,28.97572426576796,28.0336986731507,28.81171226501465,6983874,0.0,0.0
2014-01-21,28.849562778012487,29.00516589637224,28.100989880480483,28.370140075683594,5761176,0.0,0.0
2014-01-22,28.361727057059635,29.101889074018825,28.1430418184667,28.929466247558594,3082014,0.0,0.0
2014-01-23,28.841151191615193,29.413094821833475,28.702369732751944,29.211231231689453,6180630,0.0,0.0
2014-01-24,28.933671760025675,29.345809784474984,28.601439441164413,28.862178802490234,6313872,0.0,0.0
2014-01-27,28.504712430580543,28.681341627589298,27.911740783349583,28.39957618713379,6206490,0.0,0.0
2014-01-28,28.40378144883698,28.946288176769436,28.079959961642675,28.78227424621582,16153470,0.0,0.0
2014-01-29,29.064045059359607,30.422413301785863,28.87059226386359,29.8504695892334,11116836,0.0,0.0
2014-01-30,29.522442967840966,29.90934665047457,28.56779999736427,29.64860725402832,12404136,0.0,0.0
2014-01-31,29.657010908618314,30.69996824227193,29.12712141975325,30.50651741027832,8542596,0.0,0.0
2014-02-03,30.7840849651505,30.7840849651505,29.791592351668676,29.980838775634766,5411214,0.0,0.0
2014-02-04,29.690656723499764,30.44764232204605,29.480382304421152,29.884109497070312,5165778,0.0,0.0
2014-02-05,29.64860803887764,30.102800251221055,29.60655199229241,29.825237274169922,4547946,0.0,0.0
2014-02-06,29.879901209060858,30.228957068891702,29.093478743809836,29.67803955078125,6201480,0.0,0.0
2014-02-07,29.846261497792774,29.93037165514106,29.40048016649511,29.619165420532227,6422898,0.0,0.0
2014-02-10,29.455152615874365,30.00607022126672,29.455152615874365,29.842056274414062,2174532,0.0,0.0
2014-02-11,29.95560209808028,30.43082031595068,29.66542390371986,30.249984741210938,3928212,0.0,0.0
2014-02-12,30.468665451767897,31.1878012699546,29.99765175267645,30.678937911987305,16490322,0.0,0.0
2014-02-13,30.678944970845734,30.678944970845734,29.736919281027618,29.858877182006836,4701402,0.0,0.0
2014-02-14,30.069156293248753,30.069156293248753,29.42571954467431,29.926170349121094,2595438,0.0,0.0
2014-02-17,29.9387841024391,30.254194803212553,29.57711290887032,30.06915283203125,1322922,0.0,0.0
2014-02-18,29.85887718200684,30.23737000762479,29.635987475840018,29.858877182006836,3998040,0.0,0.0
2014-02-19,29.867291845403116,30.027099424213016,29.244881252806774,29.55608558654785,2601030,0.0,0.0
2014-02-20,29.488796977240533,29.488796977240533,28.782276269098606,29.169179916381836,3385602,0.0,0.0
2014-02-21,29.122920646553588,30.493906078682723,29.122920646553588,30.384563446044922,7908132,0.0,0.0
2014-02-24,30.296244877954543,30.994352775762067,30.220545549826888,30.615859985351562,5172486,0.0,0.0
2014-02-25,30.7210010061322,31.52424714812157,30.7210010061322,31.276123046875,5048892,0.0,0.0
2014-02-26,31.364439792455492,32.20132923347535,30.964918943305246,31.74713706970215,11284344,0.0,0.0
2014-02-28,31.80180491122132,32.38215936253486,31.29714786219362,31.793394088745117,9688374,0.0,0.0
2014-03-03,31.70928463404029,32.121422644865156,31.305559370989926,31.679847717285156,6199740,0.0,0.0
2014-03-04,31.616766928913492,32.24338190678013,31.494807107479037,31.974231719970703,4705032,0.0,0.0
2014-03-05,32.12982600969621,32.718595045236135,31.852265059464354,32.58822250366211,8738040,0.0,0.0
2014-03-06,32.73542291970067,33.980243947235564,32.44524279473671,33.736324310302734,8615376,0.0,0.0
2014-03-07,34.03911970808392,35.30497075195773,33.87090324229492,35.15357208251953,10474584,0.0,0.0
2014-03-10,34.926478097665836,35.603559963871525,34.24098348301592,35.225067138671875,9217992,0.0,0.0
2014-03-11,35.33440366019559,35.62037933561345,34.741433915390076,34.876007080078125,6451350,0.0,0.0
2014-03-12,34.876007348651996,34.89703729346736,34.404997418388774,34.728816986083984,5730618,0.0,0.0
2014-03-13,34.754050517808295,38.589443399246974,34.754050517808295,37.32780075073242,36419730,0.0,0.0
2014-03-14,37.42032059580818,38.39178309571327,37.075471102256515,37.4077033996582,23358216,0.0,0.0
2014-03-18,37.45396470533251,38.459074367050654,37.44134750890632,37.790401458740234,12680454,0.0,0.0
2014-03-19,37.76516639937829,38.690368323151745,37.45396022581562,37.6978759765625,7061094,0.0,0.0
2014-03-20,36.768465508247054,37.14695825186501,36.09979653461291,36.26801681518555,14370120,0.0,0.0
2014-03-21,36.26801970553861,36.48670493264281,35.83064925133023,36.00727844238281,7736328,0.0,0.0
2014-03-24,36.41942413003243,36.98295899110201,36.17130384736794,36.503536224365234,7369764,0.0,0.0
2014-03-25,36.50353203818367,37.84928304066458,36.26802513147099,37.47499465942383,10169790,0.0,0.0
2014-03-26,37.54227507961368,38.00908436718656,37.23948163507636,37.44134521484375,6528270,0.0,0.0
2014-03-27,37.19322633689637,39.06886879542542,37.08809200899272,38.23197937011719,14669880,0.0,0.0
2014-03-28,38.34553841130927,38.858608414420516,38.05115758104984,38.54319763183594,8202048,0.0,0.0
2014-03-31,38.770275553935114,39.476796179908234,38.059550479356474,38.694580078125,7880052,0.0,0.0
2014-04-01,38.61467491345826,39.00999321348327,37.43293986316826,37.588539123535156,11983386,0.0,0.0
2014-04-02,37.49182083631929,38.77449370560807,37.49182083631929,37.76097106933594,11234430,0.0,0.0
2014-04-03,37.929185501695265,37.933389950714364,36.78108985283416,36.97454071044922,14182242,0.0,0.0
2014-04-04,36.76425733756211,38.48850060049483,36.3058608733872,37.310970306396484,17728080,0.0,0.0
2014-04-07,37.47078970507103,38.25300975079002,36.680160761133614,36.8483772277832,8117334,0.0,0.0
2014-04-09,37.16798941286697,37.42872681357109,36.58763308356494,37.012386322021484,11608662,0.0,0.0
2014-04-10,37.172190426714046,38.101600587347704,36.72220283934029,38.00487518310547,8125722,0.0,0.0
2014-04-11,38.01750011122799,38.48851003417754,37.17640243759928,37.374061584472656,7454532,0.0,0.0
2014-04-15,37.4497659331908,37.903954271556834,36.71801078205861,37.487613677978516,8212584,0.0,0.0
2014-04-16,37.10911494929362,37.34462183012944,36.39838985808224,36.7011833190918,10377132,0.0,0.0
2014-04-17,36.77687645449114,38.01749278124778,36.558191255520484,37.83245086669922,7032708,0.0,0.0
2014-04-21,37.773581697186586,39.41371720845585,37.51284425910639,39.014198303222656,11811264,0.0,0.0
2014-04-22,39.00999468311762,40.96133261192023,38.71981454559088,40.60807418823242,13965432,0.0,0.0
2014-04-23,40.79311509412595,41.52486631723732,39.586141785633764,39.96043014526367,14017668,0.0,0.0
2014-04-24,39.96043014526367,39.96043014526367,39.96043014526367,39.96043014526367,0,0.0,0.0
2014-04-25,40.33051478446113,40.33051478446113,38.43805052684468,38.745052337646484,9436782,0.0,0.0
2014-04-28,38.379175134973885,39.459980402786066,38.07217333656743,38.391788482666016,10168944,0.0,0.0
2014-04-29,38.555804749969866,38.98476253205688,37.96703554296893,38.72822952270508,5707266,0.0,0.0
2014-04-30,38.94270368197982,39.75856699415928,37.19322553484419,38.261417388916016,11533734,0.0,0.0
2014-05-02,38.43804385918804,39.27914150571324,38.33711398971432,38.9090576171875,6271536,0.0,0.0
2014-05-05,39.02681479206291,39.952016855837385,39.02681479206291,39.33381271362305,7778094,0.0,0.0
2014-05-06,39.53147003182522,39.8679067803174,39.22026382558903,39.32119369506836,6745632,0.0,0.0
2014-05-07,39.94360676552384,40.43144217649875,39.489414644929575,39.7291259765625,10309272,0.0,0.0
2014-05-08,39.77538784337302,39.859496072242706,38.774486444026,38.89644241333008,8933028,0.0,0.0
2014-05-09,38.85018539194383,41.20525451274422,38.57683073605182,40.86040496826172,8032110,0.0,0.0
2014-05-12,40.961342908520464,42.517370614005515,40.456685690550074,42.26083755493164,10808316,0.0,0.0
2014-05-13,42.933706828374696,44.31730958428495,42.580448352504625,42.845394134521484,11534622,0.0,0.0
2014-05-14,42.86220777129295,43.90516520533567,42.517358259190004,43.62339782714844,4846716,0.0,0.0
2014-05-15,43.73695250381095,44.157501419789895,42.41643576104389,43.429954528808594,6402576,0.0,0.0
2014-05-16,44.578049592168476,48.69941503919141,44.18693953035724,46.436866760253906,15020892,0.0,0.0
2014-05-19,47.01720961916166,49.54049464076653,47.01720961916166,48.43865966796875,12917886,0.0,0.0
2014-05-20,48.77089378151718,49.49844432709451,46.56722760290258,46.996185302734375,8145462,0.0,0.0
2014-05-21,47.0592774351835,47.496647975160315,46.27705734255024,47.126564025878906,9222096,0.0,0.0
2014-05-22,47.59336667449592,47.59336667449592,46.44527109469608,47.0718879699707,9634314,0.0,0.0
2014-05-23,47.20645719508432,47.816252374206755,46.46208886484533,46.78170394897461,12715854,0.0,0.0
2014-05-26,47.05087111236826,48.75408916100988,45.970065663352315,46.916297912597656,11649984,0.0,0.0
2014-05-27,47.1013355338674,47.164417677952834,45.09532027176776,46.60508728027344,7767228,0.0,0.0
2014-05-28,46.52097901903901,46.84059418887905,45.124759100417556,45.61259460449219,13044684,0.0,0.0
2014-05-29,46.31069299592623,46.62189920188121,44.750465217939194,45.09110641479492,8295654,0.0,0.0
2014-05-30,45.179435774618575,46.226597905395394,43.47200945564537,43.89676284790039,9754146,0.0,0.0
2014-06-02,44.15750432076004,46.85321507930931,44.052366122301,46.72705078125,7093182,0.0,0.0
2014-06-03,46.78591772514416,48.59426968146675,46.655545156952094,48.249420166015625,9265230,0.0,0.0
2014-06-04,48.362978267684284,48.876044317888336,47.64804473674991,48.421852111816406,6657216,0.0,0.0
2014-06-05,48.32931698309939,52.7703001541163,48.32931698309939,52.10163116455078,20417142,0.0,0.0
2014-06-06,52.44227235679373,54.67117669019639,51.866124330961426,52.82917785644531,23704032,0.0,0.0
2014-06-09,53.36748308942591,53.413743575736106,51.235307821146876,51.73155212402344,9418644,0.0,0.0
2014-06-10,51.979677991717246,52.7661024358618,50.919898919213246,51.64744567871094,9740598,0.0,0.0
2014-06-11,52.11847615898091,52.51799518235317,50.675995524196836,51.05869674682617,9055368,0.0,0.0
2014-06-12,51.13858825052125,52.22780625243164,49.9778753615054,50.385807037353516,9335814,0.0,0.0
2014-06-13,50.129276954670964,50.13768585350965,46.697606878694586,47.92140197753906,15733314,0.0,0.0
2014-06-16,47.44617751843646,50.0031102277269,46.680782950540305,49.70452117919922,14948244,0.0,0.0
2014-06-17,49.372299780822196,51.90399480534304,48.5900795422196,51.32784652709961,12379632,0.0,0.0
2014-06-18,50.810562379641816,52.08902684795152,48.87604210446876,49.76760482788086,18291042,0.0,0.0
2014-06-19,49.389122484313745,50.97038079580568,47.109752173404274,47.47562789916992,23785062,0.0,0.0
2014-06-20,47.04245159321288,47.86672380642462,46.113041203742405,46.47471237182617,25713792,0.0,0.0
2014-06-23,46.34434277134749,47.09712008635344,45.33502861916009,46.81956100463867,16866888,0.0,0.0
2014-06-24,47.44617189061342,49.53629498238743,47.235899401889775,49.01481628417969,19763022,0.0,0.0
2014-06-25,49.20405129126685,49.372271553449366,48.245202342212174,48.892845153808594,14465664,0.0,0.0
2014-06-26,47.231701382524484,48.59848237084878,46.69760541524013,47.76158905029297,17009274,0.0,0.0
2014-06-27,48.11064143529759,48.53118642225427,47.35365583850214,47.91718673706055,5610174,0.0,0.0
2014-06-30,47.715332256430464,50.80214881824552,47.715332256430464,50.49935531616211,14885190,0.0,0.0
2014-07-01,51.31101229897432,51.3320383947793,49.3849010260745,49.59096908569336,11534376,0.0,0.0
2014-07-02,50.20075920091864,50.83578496112394,49.80544476904636,50.617103576660156,6307212,0.0,0.0
2014-07-03,50.903077838340906,51.121763083545666,50.21337881119173,50.432064056396484,8491284,0.0,0.0
2014-07-04,50.465701537788235,51.475015568543995,50.12926481094547,50.44467544555664,12548298,0.0,0.0
2014-07-07,50.465703643528755,50.545607417615834,49.237704341505875,49.89796447753906,10536630,0.0,0.0
2014-07-08,49.897968333665695,50.69280168738513,47.67327198280359,48.05596923828125,11648718,0.0,0.0
2014-07-09,48.615311238554504,49.65826893184082,47.95084259261399,49.02323913574219,11950950,0.0,0.0
2014-07-10,49.187244654880075,50.886257885512485,47.10132970849655,48.84659957885742,16219518,0.0,0.0
2014-07-11,48.539605030944195,49.082109900727055,46.80694838681944,47.20226287841797,9497004,0.0,0.0
2014-07-14,47.833075655478275,48.50595298477684,47.521869457527075,47.86251449584961,7861002,0.0,0.0
2014-07-15,48.33772480620156,49.14517515953127,47.900354420979504,48.955928802490234,6810138,0.0,0.0
2014-07-16,49.17883609311861,49.94423454195652,49.00220686653398,49.6919059753418,5370300,0.0,0.0
2014-07-17,49.19565760352407,49.860126163952245,48.82978195299991,49.71713638305664,5799540,0.0,0.0
2014-07-18,48.9096748260141,49.28816759040344,48.4134305539209,49.03583908081055,6601500,0.0,0.0
2014-07-21,49.19564871224313,49.56152814686913,48.531184122134036,48.901268005371094,4620168,0.0,0.0
2014-07-22,49.103132808566606,49.700306984559994,48.86762592709591,49.01481628417969,4334322,0.0,0.0
2014-07-23,49.195647263958094,51.05446782218782,49.11995179027681,50.48672866821289,7260366,0.0,0.0
2014-07-24,50.961956277084816,51.28157527599512,50.42786416293595,50.718040466308594,6659238,0.0,0.0
2014-07-25,50.80214387713506,51.55912948383192,49.45639297086107,49.754981994628906,8252478,0.0,0.0
2014-07-28,49.87694302908122,49.87694302908122,47.87934079042786,48.341941833496094,7535166,0.0,0.0
2014-07-30,48.52278580537269,48.84240097405893,47.942429312075554,48.22840118408203,7622454,0.0,0.0
2014-07-31,48.52277271985916,49.393305299927334,48.44707339762988,48.79612731933594,9784938,0.0,0.0
2014-08-01,48.9937968815467,49.7676042119942,48.33774108280222,48.560630798339844,7980528,0.0,0.0
2014-08-04,49.16201317754639,50.88626090510022,49.119960984347316,50.49935531616211,8319396,0.0,0.0
2014-08-05,50.91570063790322,51.130181474043184,49.3933202370534,49.86433410644531,6196242,0.0,0.0
2014-08-06,49.86010684857449,50.67596607212656,48.518556899310255,48.892845153808594,4763022,0.0,0.0
2014-08-07,49.22930227841369,49.843298164433016,49.02743866577114,49.19986343383789,6416226,0.0,0.0
2014-08-08,48.19475708509548,48.35876911623611,47.14338675532703,47.652252197265625,7453038,0.0,0.0
2014-08-11,48.12325853657654,48.85921809651622,48.07279359623152,48.232601165771484,4377432,0.0,0.0
2014-08-12,48.674169062552885,49.855907865920656,48.45127938739573,49.6834831237793,10202178,0.0,0.0
2014-08-13,50.17132635072241,51.475025166955014,49.93161499376507,50.772708892822266,11804214,0.0,0.0
2014-08-14,51.01242152367649,51.76940714966562,50.67177645189018,51.58856964111328,8788320,0.0,0.0
2014-08-18,51.89557862762122,55.33144941476143,51.81146653512276,54.54502868652344,15301728,0.0,0.0
2014-08-19,55.41974819777746,57.27856863300514,55.11695477240615,56.694007873535156,26929548,0.0,0.0
2014-08-20,56.99260245746158,57.02624574689842,55.932823439290416,56.10103988647461,13365744,0.0,0.0
2014-08-21,56.1094495399346,58.02714388368182,55.89076432042631,57.648651123046875,15308316,0.0,0.0
2014-08-22,58.0271613801038,58.32154601054779,56.353382291757434,56.521602630615234,11941020,0.0,0.0
2014-08-25,56.689816648847064,57.19867820811494,55.73096736965307,55.907596588134766,7093836,0.0,0.0
2014-08-26,55.68050242869091,56.601500114492126,54.50296788843265,55.907596588134766,7760268,0.0,0.0
2014-08-27,56.176741841060064,57.35848072639839,55.974878244767126,57.00522232055664,8091000,0.0,0.0
2014-08-28,57.202879743944614,58.817784724083786,57.19447084599329,58.39723587036133,20323512,0.0,0.0
2014-09-01,58.96077209115578,59.633645653384086,57.93463625104093,59.28459167480469,10414926,0.0,0.0
2014-09-02,59.29719802642155,59.86073270815172,58.48553929076131,59.183650970458984,9518622,0.0,0.0
2014-09-03,60.642963890904156,60.798567019486356,58.96498047228876,59.25936508178711,9642096,0.0,0.0
2014-09-04,59.09534233779714,59.29720593656294,58.37200002151932,58.93973922729492,8112240,0.0,0.0
2014-09-05,59.29749172148921,60.4181000618177,58.95268611988286,59.366451263427734,6827166,2.833333,0.0
2014-09-08,60.03879769278332,60.63357945346978,59.29747103765923,60.344810485839844,11267076,0.0,0.0
2014-09-09,60.77150767257258,60.93959749839099,59.34919579087408,59.70692825317383,6325902,0.0,0.0
2014-09-10,59.28886111365269,59.702626196537025,58.19411078906993,58.349273681640625,5851686,0.0,0.0
2014-09-11,58.40100274111392,59.59057458662402,58.323421282327274,58.737186431884766,7718454,0.0,0.0
2014-09-12,58.62942499969929,59.564703451617326,58.62942499969929,58.88802719116211,8216670,0.0,0.0
2014-09-15,58.55615522470811,59.633665647962296,58.55615522470811,58.90526580810547,6804804,0.0,0.0
2014-09-16,58.79320926621332,59.30610071419169,55.72877174720713,56.03047561645508,10380300,0.0,0.0
2014-09-17,56.22443101256603,56.56492365452967,54.15561336176659,55.07796096801758,12280302,0.0,0.0
2014-09-18,54.56504538170842,57.237265878132504,54.56504538170842,57.09072494506836,7685136,0.0,0.0
2014-09-19,57.31915977643819,57.79326630579152,56.28906419929116,56.65541458129883,4791246,0.0,0.0
2014-09-22,56.45716585568867,58.13377104720577,56.211494573059994,57.7846565246582,5406630,0.0,0.0
2014-09-23,58.10791076210683,58.21135400471626,55.793421972374546,56.11236572265625,5529936,0.0,0.0
2014-09-24,56.08219322188931,56.35372629972433,54.18577460707306,55.3624153137207,6280770,0.0,0.0
2014-09-25,55.026216587360025,56.11234860057827,52.56087858912407,53.47029495239258,9209670,0.0,0.0
2014-09-26,53.0996450587448,55.52188594706575,51.492003385781395,55.12105178833008,10273296,0.0,0.0
2014-09-29,54.79349417033596,56.5476808887948,54.521961078314746,54.935726165771484,7123392,0.0,0.0
2014-09-30,54.88400196286988,56.8838558637758,54.38834648509474,56.49595260620117,10994658,0.0,0.0
2014-10-01,56.896781886219784,57.30192499079615,56.0477069330157,56.27613830566406,5219934,0.0,0.0
2014-10-07,56.37525642997683,56.944180246959945,55.54341759068277,56.07786560058594,7505598,0.0,0.0
2014-10-08,56.11667413888252,58.4440938036288,56.060641560962,58.159629821777344,12987936,0.0,0.0
2014-10-09,58.31479275408543,58.987160013889735,57.63811651011674,57.90102767944336,6440190,0.0,0.0
2014-10-10,58.34926826941627,58.7888911629807,57.59070165179384,57.77603530883789,7807674,0.0,0.0
2014-10-13,57.845000538369334,58.52598578405453,57.23728380919193,57.90534210205078,8954280,0.0,0.0
2014-10-14,57.82775027336812,57.82775027336812,56.29337728092991,56.57352828979492,7199514,0.0,0.0
2014-10-15,56.57352828979493,56.57352828979493,56.57352828979493,56.57352828979492,0,0.0,0.0
2014-10-16,56.57353549070776,58.74579615613706,56.57353549070776,57.43123245239258,13594230,0.0,0.0
2014-10-17,57.59932682317911,58.18549071441754,56.84506914674758,57.474334716796875,4384488,0.0,0.0
2014-10-20,61.46112258289862,61.63783434469805,59.39230503672482,60.06897735595703,21812712,0.0,0.0
2014-10-21,60.31895232232873,60.31895232232873,59.0474904185795,59.28885269165039,5947722,0.0,0.0
2014-10-22,59.65089392735937,59.96121570088988,58.892327399865096,59.3707389831543,4487274,0.0,0.0
2014-10-27,59.728484263804134,59.97846848652057,58.482883972356596,59.146629333496094,5010000,0.0,0.0
2014-10-28,59.392299917290934,60.68531077219599,59.2974785951371,60.499977111816406,10099908,0.0,0.0
2014-10-29,60.77151141722959,61.89211953229953,60.280168860749306,60.74134063720703,10133724,0.0,0.0
2014-10-30,60.771516571951544,60.97408618934797,59.672457229692846,60.5172233581543,9686604,0.0,0.0
2014-10-31,60.68532107564588,62.831716302448946,60.34051549182444,62.47398376464844,9917442,0.0,0.0
2014-11-03,62.969612945825645,63.176495420259606,61.85331411559918,62.41361999511719,5985426,0.0,0.0
2014-11-05,62.91359727265819,64.26694971248803,62.840328760643324,63.814395904541016,14223966,0.0,0.0
2014-11-07,63.83164699366698,66.02976587534036,63.68079701318478,65.43929290771484,13713732,0.0,0.0
2014-11-10,65.80563982899265,66.97797167661925,65.59876121996137,66.0297622680664,10316172,0.0,0.0
2014-11-11,66.61593204080336,66.667647748561,65.72375124391634,66.10734558105469,11291280,0.0,0.0
2014-11-12,66.46074091916647,66.89174179643622,65.59873521867199,65.96939849853516,9465678,0.0,0.0
2014-11-13,64.73675096120597,65.03845485038345,62.499843456265246,62.965328216552734,13405242,0.0,0.0
2014-11-14,62.965315544861234,63.95231350336004,62.15071639180607,63.34459686279297,15496140,0.0,0.0
2014-11-17,63.271334828214194,63.857498718585504,61.46973753239702,62.586036682128906,6940470,0.0,0.0
2014-11-18,62.40933174798118,63.07307715423703,61.93522901378601,62.055908203125,6857886,0.0,0.0
2014-11-19,62.48690451378794,63.68078507137192,61.861947947345826,62.1981315612793,8041464,0.0,0.0
2014-11-20,62.7455121254076,62.85757333976548,61.64214381107429,62.04728698730469,6292680,0.0,0.0
2014-11-21,62.04728972231899,63.22823953648751,61.84902908277595,62.448123931884766,4127580,0.0,0.0
2014-11-24,62.06451795176148,63.09030467090706,61.89211519768799,62.01279830932617,6241938,0.0,0.0
2014-11-25,62.06453674690009,62.87913221332036,60.92668848492304,61.19390869140625,8815746,0.0,0.0
2014-11-26,61.63352339009663,62.06452837468409,60.7758263513158,60.99563980102539,8961696,0.0,0.0
2014-11-27,61.24560072337271,63.090295318467014,61.20250300070994,62.11191940307617,19753296,0.0,0.0
2014-11-28,64.47382672404467,67.66756095634071,63.59026804978786,64.32728576660156,41002374,0.0,0.0
2014-12-01,65.5125215923398,65.64182262439438,63.67213637663558,64.16348266601562,19348464,0.0,0.0
2014-12-02,63.61613067211311,63.61613067211311,61.228369701677295,61.42232131958008,8981166,0.0,0.0
2014-12-03,61.72403219608091,62.29295621766813,60.78013184698838,61.275787353515625,7207140,0.0,0.0
2014-12-04,61.54733079771344,62.92654137702112,60.88789432140371,62.629150390625,8130864,0.0,0.0
2014-12-05,62.922219163522556,63.08169103143945,61.00425171046629,61.206825256347656,4380198,0.0,0.0
2014-12-08,61.288715224811234,61.719720163370496,59.23282873114485,59.45695114135742,9795948,0.0,0.0
2014-12-09,59.75002678419913,60.10345024414972,57.49587596762216,58.043251037597656,15507990,0.0,0.0
2014-12-10,57.73725091116636,58.23290644982002,57.00885496776415,57.66398239135742,10305672,0.0,0.0
2014-12-11,58.1682469708158,58.61649177363429,56.724386204992086,57.16400909423828,10196532,0.0,0.0
2014-12-12,57.526047114071524,57.95705200999442,57.14245287507882,57.5475959777832,9711924,0.0,0.0
2014-12-15,57.073499613073956,57.58208599846796,53.87545216816678,54.85383224487305,13501092,0.0,0.0
2014-12-16,54.30644773338576,56.280443482011606,54.2935168375915,55.81064987182617,12427308,0.0,0.0
2014-12-17,55.62101452254116,56.207182325498174,54.74176873703949,55.84082794189453,9781386,0.0,0.0
2014-12-18,56.039091714106945,56.80628028728224,55.13398408253545,56.31493377685547,7510710,0.0,0.0
2014-12-19,56.53042570315374,57.4958707359513,55.90546925684326,56.35371398925781,7790622,0.0,0.0
2014-12-22,56.16408845874606,56.75025239725248,55.61240428768632,56.4830322265625,2968716,0.0,0.0
2014-12-23,56.20286937214209,57.10797695223157,55.91409642760514,56.099430084228516,3476418,0.0,0.0
2014-12-24,55.879603196233475,56.340778788757866,54.78054425674672,55.1425895690918,15322326,0.0,0.0
2014-12-26,55.082255653313894,55.95288338147333,54.28490037271197,55.6598014831543,3959976,0.0,0.0
2014-12-29,55.47016904043296,57.039022043159235,55.375347712526946,55.78049087524414,5237058,0.0,0.0
2014-12-30,56.05201727250496,56.67266086807428,55.59946349983191,55.896854400634766,3856524,0.0,0.0
2014-12-31,55.77186466270248,56.28044704652632,55.16845701903341,55.68566131591797,3326514,0.0,0.0
2015-01-01,55.935642923447396,56.676969574331466,55.35809709957985,56.39250564575195,2893002,0.0,0.0
2015-01-02,56.108039093925534,56.53904394999808,55.37964337311476,55.54773712158203,6142290,0.0,0.0
2015-01-05,55.59946606171291,55.983060329432355,55.280522335925696,55.655494689941406,6566232,0.0,0.0
2015-01-06,56.23733720387671,56.48732134890023,54.30644328410962,55.09518051147461,13121010,0.0,0.0
2015-01-07,54.909863272187415,55.97444280562371,54.909863272187415,55.59516143798828,7856364,0.0,0.0
2015-01-08,55.94426090827528,58.78026644445856,55.94426090827528,58.409603118896484,16840194,0.0,0.0
2015-01-09,58.961289438781805,59.30609098567837,57.96998252523193,58.560455322265625,10079154,0.0,0.0
2015-01-12,59.04748662524099,59.04748662524099,57.952740472452454,58.30615997314453,3867444,0.0,0.0
2015-01-13,58.650965046432184,59.564690486200625,57.19417354441823,57.7156867980957,5972538,0.0,0.0
2015-01-14,58.26737174474331,58.26737174474331,55.93564350812884,56.177005767822266,7112274,0.0,0.0
2015-01-15,56.47009050476167,57.59932042902695,55.97443506430626,57.146766662597656,11808276,0.0,0.0
2015-01-16,57.172619156271885,58.004458105939094,56.51318294060865,56.83212661743164,7147248,0.0,0.0
2015-01-19,56.82782338534542,56.98298625624742,55.40120255359957,55.616703033447266,6617304,0.0,0.0
2015-01-20,55.70721314443186,56.37526736748955,55.44861100054429,55.8278923034668,4653270,0.0,0.0
2015-01-21,55.85805988401081,56.664037045810254,55.47877465683209,56.3881950378418,5534538,0.0,0.0
2015-01-22,56.46147184978785,56.892476777053865,55.59515695734717,56.63818359375,4936338,0.0,0.0
2015-01-23,57.18554910923677,58.81905226129239,56.68127575708492,58.1639289855957,8706078,0.0,0.0
2015-01-27,58.52166964485079,59.89657086690678,56.9614347701341,59.655208587646484,11605284,0.0,0.0
2015-01-28,59.37936022862454,61.16802234913346,59.0474856502191,60.87925338745117,11438976,0.0,0.0
2015-01-29,61.310269211562606,63.59459123617185,60.99132939742638,63.25840759277344,19402494,0.0,0.0
2015-01-30,63.57304943119307,65.79272129128557,63.012747207794035,64.55142974853516,14754744,0.0,0.0
2015-02-02,64.30574066830076,66.14181370048391,63.387702179231205,64.53417205810547,10153596,0.0,0.0
2015-02-03,64.56432708250306,65.20221043555294,62.43947767470788,62.702388763427734,9786834,0.0,0.0
2015-02-04,62.49553187622955,63.44373729548166,61.74127415758943,62.150726318359375,10960314,0.0,0.0
2015-02-05,62.4696498813862,66.61590558228828,62.3231089477539,64.65052795410156,18653808,0.0,0.0
2015-02-06,63.44373296585277,64.56434503352172,62.650686550401865,63.008419036865234,9303972,0.0,0.0
2015-02-09,62.15072776241149,62.5817327467853,60.90512742190632,61.35768127441406,8207352,0.0,0.0
2015-02-10,60.77150412570743,61.68522960096019,59.39229399987515,60.1939582824707,14683530,0.0,0.0
2015-02-11,60.547391732030746,61.74558134313047,59.86209751250271,61.45249938964844,4827102,0.0,0.0
2015-02-12,61.853326945901664,62.23692120244702,60.43101506482463,60.84477615356445,4276554,0.0,0.0
2015-02-13,60.840469793901235,63.24547077664267,59.737101581731686,62.48690414428711,22005114,0.0,0.0
2015-02-16,63.09029988148237,65.27549110857909,62.15071263772329,62.56878662109375,11987340,0.0,0.0
2015-02-18,62.71101735838138,63.35752269197294,62.150711420616894,62.89634704589844,4127406,0.0,0.0
2015-02-19,63.27133307006013,64.43504285029039,63.08169042398989,63.97817611694336,7744434,0.0,0.0
2015-02-20,63.91784865857812,64.28851209571609,63.61614475971048,63.94370651245117,4395330,0.0,0.0
2015-02-23,64.21952202602822,64.99532834827266,63.318727578900265,63.75835037231445,4430634,0.0,0.0
2015-02-24,64.04713126767251,65.49960986627936,63.95230995695886,65.27980041503906,7384584,0.0,0.0
2015-02-25,65.34014804242054,66.5512684394101,64.39193879306745,64.81001281738281,9594054,0.0,0.0
2015-02-26,64.8100189147274,65.4004918065091,63.93076910742004,64.28850555419922,8611818,0.0,0.0
2015-02-27,64.56434038769943,64.63760889495406,62.95238587662811,64.1548843383789,5141580,0.0,0.0
2015-03-02,65.50393017484595,67.75376825519757,65.34876729511578,67.19346618652344,18558558,0.0,0.0
2015-03-03,67.19344662087403,67.79684624469611,66.21937978718934,67.30550384521484,9442494,0.0,0.0
2015-03-04,67.53826777727421,68.0813339422168,65.83580471409103,66.41766357421875,10777344,0.0,0.0
2015-03-05,66.37454572806092,67.3141329644138,66.20214693438959,66.92192077636719,7745406,0.0,0.0
2015-03-09,66.80987145576582,67.30552297878953,65.02982311887655,65.85735321044922,10691736,0.0,0.0
2015-03-10,66.27111687585949,67.02968747115325,65.65478221313938,65.87459564208984,8797860,0.0,0.0
2015-03-11,65.87458328840218,66.52970657645314,64.40486092755476,64.72380065917969,3598278,0.0,0.0
2015-03-12,64.85311605047498,65.3875642506279,64.47383468612347,64.6074447631836,3971940,0.0,0.0
2015-03-13,64.98672306271064,65.0729224666831,62.67223453893721,63.04720687866211,5221908,0.0,0.0
2015-03-16,63.788524941273955,64.21952584865035,63.21097914808152,63.499752044677734,2856366,0.0,0.0
2015-03-17,64.04714108556624,65.16774921441068,63.75836812575056,64.70657348632812,6329616,0.0,0.0
2015-03-18,64.59881251780196,67.40895222894908,64.21952729132036,66.58573913574219,8524572,0.0,0.0
2015-03-19,66.9779483255656,67.22793247659257,64.56863886443422,64.94361114501953,4517646,0.0,0.0
2015-03-20,64.94363225450627,64.94363225450627,62.305890592028604,62.672245025634766,5789646,0.0,0.0
2015-03-23,62.754116074852874,63.443719100914244,61.46972343474306,61.66798400878906,4267110,0.0,0.0
2015-03-24,62.064519095103556,64.17643807407501,61.86194555938875,63.85749435424805,12425196,0.0,0.0
2015-03-25,63.788530394745194,65.17204950247563,63.0946143761553,64.5384750366211,8616528,0.0,0.0
2015-03-26,64.03850435958746,66.73227380820573,63.788524152078345,65.71080017089844,16437222,0.0,0.0
2015-03-27,65.08154301319593,66.43920036756019,64.00403272936947,64.61605834960938,10540140,0.0,0.0
2015-03-30,64.90914095730153,66.80125040913482,64.74536011846367,66.314208984375,7203846,0.0,0.0
2015-03-31,66.37455692896397,70.33117501967716,66.31421536801845,69.89154815673828,15727752,0.0,0.0
2015-04-01,69.90447907913018,70.51218785474741,68.65887496529204,69.32262420654297,6395814,0.0,0.0
2015-04-06,69.5639845859028,70.31823829371235,68.96057688450794,69.1416015625,5115972,0.0,0.0
2015-04-07,69.47779158400888,69.47779158400888,68.18478052542365,68.58992767333984,5338818,0.0,0.0
2015-04-08,68.37442109153254,71.71901380230858,68.16323350082851,70.65443420410156,13900224,0.0,0.0
2015-04-09,71.37418899682405,71.97759660690274,69.73637285055949,69.98204803466797,6251700,0.0,0.0
2015-04-10,70.23636517820867,71.51213245908278,69.63295736200531,70.68891906738281,8098518,0.0,0.0
2015-04-13,70.48202608607896,71.45178433102728,69.99499247141021,70.54667663574219,5826048,0.0,0.0
2015-04-15,70.18032885918441,70.9949242379856,68.60716279271554,69.16747283935547,7068102,0.0,0.0
2015-04-16,69.04677256902292,69.54673303207403,68.22786840889128,69.03815460205078,8001768,0.0,0.0
2015-04-17,68.96056377191519,70.23633845938134,68.41318874996756,68.77523803710938,6567684,0.0,0.0
2015-04-20,69.39158440925485,70.06826060862721,68.52957455155399,69.26228332519531,7801080,0.0,0.0
2015-04-21,69.65019347099539,70.56391911760886,68.49510156789526,68.88731384277344,9105102,0.0,0.0
2015-04-22,69.2708895737989,70.30098908812391,69.13297054531151,69.39588165283203,11554200,0.0,0.0
2015-04-23,69.99499238000163,70.22342379571919,68.87438811524443,69.1803970336914,5109906,0.0,0.0
2015-04-24,69.37001756041336,69.37001756041336,66.79261436853973,67.27964782714844,4140084,0.0,0.0
2015-04-27,67.3572583721884,67.40897407952909,62.09901075520772,63.12480163574219,7453998,0.0,0.0
2015-04-28,63.52993953173176,66.80556859769325,63.27133734089154,65.95648956298828,10898772,0.0,0.0
2015-04-29,65.80562167067335,65.94354465125912,64.4134806986075,65.1634292602539,6079548,0.0,0.0
2015-04-30,65.17204849408479,67.5080857291768,64.78414528271183,65.9219970703125,12239616,0.0,0.0
2015-05-04,66.80555917592743,68.30544851450226,65.85734996125635,67.55550384521484,6247296,0.0,0.0
2015-05-05,67.66755596748926,67.85288960191727,66.20214650109673,67.00381469726562,5669406,0.0,0.0
2015-05-06,66.40041300912951,66.46075456488039,63.676472384391246,64.49537658691406,9049056,0.0,0.0
2015-05-07,63.810089912981944,65.2108530804938,62.09469592473141,62.92222213745117,7835052,0.0,0.0
2015-05-08,64.21091172877877,65.3703084217843,63.5557844703093,64.4824447631836,6661260,0.0,0.0
2015-05-11,64.89190043107298,64.99533971374491,64.21953325583833,64.71949768066406,4596036,0.0,0.0
2015-05-12,64.77984922396789,64.82295090470514,62.32312839511482,62.5731086730957,6562188,0.0,0.0
2015-05-13,62.917917539217804,63.637691575086784,60.65083530516056,63.430809020996094,5709978,0.0,0.0
2015-05-14,63.573024688020965,65.48236995982437,62.92651933883446,65.22808074951172,8644740,0.0,0.0
2015-05-15,65.4953056143927,66.36593340734449,65.34014668688856,66.1202621459961,5713560,0.0,0.0
2015-05-18,67.21069774975368,68.52957030379388,66.57281033675584,68.33992767333984,9579510,0.0,0.0
2015-05-19,68.08994040283365,68.6373154594123,66.94347459674881,67.60721588134766,4082520,0.0,0.0
2015-05-20,68.0985816544079,68.61578605205678,67.555515458494,67.8356704711914,3304956,0.0,0.0
2015-05-21,68.01235791032344,68.01235791032344,66.68486754694639,66.97364044189453,3487548,0.0,0.0
2015-05-22,66.80556051054283,67.66756244771882,66.40041344437905,67.43482208251953,3380910,0.0,0.0
2015-05-25,67.58135632002063,69.47776659594915,67.49515298314738,68.25371551513672,5917968,0.0,0.0
2015-05-26,68.36579679675661,68.68474053745103,66.80556574971139,67.38742065429688,3009906,0.0,0.0
2015-05-27,67.48653682716812,69.12003604514415,66.86589330400068,68.69334411621094,5004018,0.0,0.0
2015-05-28,68.92610432185259,71.01647473743179,68.57268078878649,70.48634338378906,17573184,0.0,0.0
2015-05-29,71.2104126327916,73.70161282072131,71.2104126327916,73.28353881835938,14055870,0.0,0.0
2015-06-01,73.36543448104315,75.11530800978096,72.33964382905498,74.197265625,7888962,0.0,0.0
2015-06-02,74.36968524899645,74.90412558617601,72.76203946922423,72.99047088623047,6693198,0.0,0.0
2015-06-03,73.02923311189987,73.34817676136186,71.77932819492827,72.33963012695312,6242430,0.0,0.0
2015-06-04,72.82666831647262,74.93858302129588,72.27929329727702,74.71015167236328,9076686,0.0,0.0
2015-06-05,74.73603005009562,75.542007370881,73.61541797234028,73.761962890625,6505038,0.0,0.0
2015-06-08,73.8309249133993,74.12400686795546,72.40430389056176,72.67152404785156,5678730,0.0,0.0
2015-06-09,72.23620232769603,73.62403437544951,72.14138101437678,73.21888732910156,6719184,0.0,0.0
2015-06-10,73.10683081695251,73.73609236448078,72.57238269178589,72.74478149414062,6214632,0.0,0.0
2015-06-11,73.22749641913046,74.3050104951445,72.27929129279553,72.61547088623047,7230666,0.0,0.0
2015-06-12,72.61547530112247,73.63695687636488,71.56813982628263,72.1930923461914,6596406,0.0,0.0
2015-06-15,72.23620032873663,72.91287645382594,71.65865449775,71.84829711914062,4985322,0.0,0.0
2015-06-16,71.89138587519281,73.25335592225234,69.69326796174268,70.72767639160156,13739532,0.0,0.0
2015-06-17,70.68459500943256,70.83974999624678,69.21917746713419,69.86137390136719,8158962,0.0,0.0
2015-06-18,70.55529598864975,72.16725059715982,70.26221405000355,71.87416076660156,8334918,0.0,0.0
2015-06-19,72.32241097665684,73.00771310446348,71.41299431311096,72.03363800048828,10627728,0.0,0.0
2015-06-22,72.6585964836995,73.37406148120992,72.33103476618237,72.9387435913086,8893092,0.0,0.0
2015-06-23,73.44301492601441,74.5636269393256,72.93873754704643,74.20589447021484,7067238,0.0,0.0
2015-06-24,74.30501830129177,74.90410905620645,72.83960089802103,73.13268280029297,8124672,0.0,0.0
2015-06-25,73.13268613425878,74.70585187140367,73.12406816695201,73.99038696289062,8971212,0.0,0.0
2015-06-26,73.95590272267664,75.25322240023111,73.79212189421018,74.309326171875,6327366,0.0,0.0
2015-06-29,73.60679452928636,76.01610834427686,73.52921703779025,75.15409851074219,10065324,0.0,0.0
2015-06-30,75.89974371793741,76.19713466178871,75.21014049991682,75.80061340332031,12221166,0.0,0.0
2015-07-01,76.2876455775581,77.24878581561586,75.94284002905593,76.54193878173828,10567200,0.0,0.0
2015-07-02,76.9341449101766,78.24870856028748,76.9341449101766,77.58065032958984,11362380,0.0,0.0
2015-07-03,77.9254547663606,78.85641624383321,77.2832583397571,77.82632446289062,9642438,0.0,0.0
2015-07-06,77.8392563205173,80.64078257287875,77.8392563205173,80.23994445800781,14890800,0.0,0.0
2015-07-07,80.85627335275645,81.30882713624558,79.92531188310812,80.3692398071289,10308678,0.0,0.0
2015-07-08,80.36062412336084,82.11911571812898,78.3478393431504,78.9684829711914,21047976,0.0,0.0
2015-07-09,78.66247439948933,79.02452378786035,74.41278198960737,74.70586395263672,22729302,0.0,0.0
2015-07-10,74.56364256432043,76.36954911554741,74.42140660848963,76.00749969482422,13542372,0.0,0.0
2015-07-13,76.29195391624525,78.77884546642927,75.85664391901689,78.38232421875,11457930,0.0,0.0
2015-07-14,78.84350738144613,80.40804767684543,78.42112427585981,79.90377807617188,12379488,0.0,0.0
2015-07-15,80.0804649802071,80.0804649802071,78.6236733614225,79.10208892822266,6911448,0.0,0.0
2015-07-16,79.5632515752988,81.11486433337774,79.5632515752988,80.85626220703125,9387990,0.0,0.0
2015-07-17,81.20107421612387,81.94240089751527,80.6019755589198,80.99850463867188,6695742,0.0,0.0
2015-07-20,81.75277302726435,83.46816705376496,81.26143043730617,83.04578399658203,12488844,0.0,0.0
2015-07-21,83.1836904059802,83.57159363775718,81.88206166608275,82.080322265625,6307188,0.0,0.0
2015-07-22,81.97688817333244,84.30430771137658,81.77431857730882,83.79141235351562,6997932,0.0,0.0
2015-07-23,84.00262100388751,85.0801275878887,83.20526155441699,83.64057159423828,8923296,0.0,0.0
2015-07-24,84.04571257666493,84.84307196764519,82.49409942140343,83.23111724853516,9778230,0.0,0.0
2015-07-27,83.14060326917465,83.95950756550155,81.98551139399909,82.27428436279297,6139320,0.0,0.0
2015-07-28,82.49409334939321,83.18369651478005,81.21400943375849,81.45537567138672,8393730,0.0,0.0
2015-07-29,81.80446836869834,82.70957573460946,80.82177563627747,81.830322265625,6921432,0.0,0.0
2015-07-30,82.19239630078533,82.34324231263344,81.30021561440736,81.64933013916016,9763290,0.0,0.0
2015-07-31,81.89068727015635,82.04154117166364,79.12795767797456,79.88652038574219,7913964,0.0,0.0
2015-08-03,80.51146712287233,81.0933219251449,77.9685435045256,78.33920288085938,10713894,0.0,0.0
2015-08-04,79.13226911631087,80.76577661157162,78.8090163829926,80.47268676757812,13755924,0.0,0.0
2015-08-05,81.01144152075521,81.97689070752573,79.96841483708316,80.21839904785156,7028724,0.0,0.0
2015-08-06,80.58043544431017,81.69242158672228,80.33906921686462,80.90799713134766,8748198,0.0,0.0
2015-08-07,81.24416477509497,83.01128192224907,79.97270696092063,82.36477661132812,11210442,0.0,0.0
2015-08-10,82.75270540880611,84.43792872190745,81.11919780143747,81.60623931884766,9969234,0.0,0.0
2015-08-11,81.86482359569722,81.88205952986264,78.80900453330763,79.75720977783203,8983368,0.0,0.0
2015-08-12,80.06321669994725,80.25285930395415,74.52050713744367,74.99461364746094,15764058,0.0,0.0
2015-08-13,75.37391805484522,77.04189739293548,73.94298019427777,76.30919647216797,12599136,0.0,0.0
2015-08-14,76.7186455567843,78.2444047612326,75.00325158973236,75.31788635253906,14301696,0.0,0.0
2015-08-17,75.77044160980005,76.54624817918366,74.13693409470537,74.5765609741211,9525816,0.0,0.0
2015-08-18,75.31357383681998,77.75305065044046,74.60672684564615,77.27464294433594,11988600,0.0,0.0
2015-08-19,77.83493769362333,78.9512327586565,76.20143043982057,76.46865844726562,9754836,0.0,0.0
2015-08-20,77.49012700929418,79.20982960280607,76.28762867800606,77.7573471069336,16790154,0.0,0.0
2015-08-21,76.37383448808784,77.14964090650439,74.80928680913455,76.68846130371094,12428550,0.0,0.0
2015-08-24,74.30502487107708,75.16702682836915,69.21055905258383,70.56391143798828,14335530,0.0,0.0
2015-08-25,71.56814861913226,74.94290368993641,70.43891864776467,74.36967468261719,15342618,0.0,0.0
2015-08-26,74.5636219060001,75.58078667102642,71.71899828046601,72.2060317993164,11131890,0.0,0.0
2015-08-27,74.1326078292511,76.24453048153333,73.11113415282813,75.87386322021484,10730940,0.0,0.0
2015-08-28,76.6788595466226,76.7629022280189,74.8167354845625,76.16136169433594,12107526,3.75,0.0
2015-08-31,76.37368230527677,78.46580852459587,75.32541223453097,78.12965393066406,15147240,0.0,0.0
2015-09-01,77.06810748719353,77.73157261380322,75.30329187019967,76.3736801147461,6153930,0.0,0.0
2015-09-02,77.39541199243389,77.48387670206118,74.80347617984957,75.11309051513672,10897218,0.0,0.0
2015-09-03,75.54655595238978,76.16137071858282,73.62692920186474,74.12674713134766,7986282,0.0,0.0
2015-09-04,74.30811596823531,75.61735042245515,72.53887781149606,75.24581146240234,8178066,0.0,0.0
2015-09-07,74.7813738645163,75.99772945980783,72.85732473867837,73.44117736816406,5877948,0.0,0.0
2015-09-08,73.87020673971776,74.2196273771408,71.79576872266726,72.64942932128906,6657216,0.0,0.0
2015-09-09,73.77732192085625,74.75040140481816,72.33539482828706,72.56096649169922,9907272,0.0,0.0
2015-09-10,72.53884283321683,74.57346613731733,72.36191343359904,74.28153991699219,15361362,0.0,0.0
2015-09-11,74.75040531666518,75.88271810971634,74.56906195246228,75.24137115478516,6733848,0.0,0.0
2015-09-14,76.05521798860596,78.372923797247,75.842904299125,77.8819580078125,9196044,0.0,0.0
2015-09-15,78.27119085456384,78.94350814010066,77.0504214680396,77.81119537353516,6176136,0.0,0.0
2015-09-16,77.9792642305553,78.5100362886216,75.46251897536568,76.28521728515625,8430468,0.0,0.0
2015-09-18,77.40424798424006,78.51002839330191,76.4002064350859,76.92213439941406,7152396,0.0,0.0
2015-09-21,76.79388052883546,77.97042162187074,76.45772593082538,77.0725326538086,5070582,0.0,0.0
2015-09-22,77.5811979513893,77.92619660631927,75.55541813639857,76.20118713378906,5933388,0.0,0.0
2015-09-23,76.16579012385385,78.24907206584459,75.77213310200794,77.55906677246094,3956502,0.0,0.0
2015-09-24,78.33312404069778,78.93466475850627,77.62985252938965,77.92620086669922,5856360,0.0,0.0
2015-09-28,77.92618718970384,79.52292545428831,77.5104200454881,78.15618896484375,5234808,0.0,0.0
2015-09-29,77.84656249431792,77.84656249431792,74.59116198276276,74.99808502197266,9199632,0.0,0.0
2015-09-30,75.2015658482069,76.07733663115994,74.80790876832253,75.25464630126953,9221190,0.0,0.0
2015-10-01,75.8340706347942,76.47099559251623,74.75040813313377,75.64387512207031,7917072,0.0,0.0
2015-10-05,76.07732722105085,76.75406646866234,75.20155654642309,76.13925170898438,6550182,0.0,0.0
2015-10-06,76.42233551706303,78.20041712659945,76.02425645686156,77.46176147460938,8022018,0.0,0.0
2015-10-07,77.4042506760086,77.9438748387632,75.63501329849689,76.39136505126953,9349692,0.0,0.0
2015-10-08,76.60810917912454,76.67445569634057,74.91406197947136,75.63060760498047,6175332,0.0,0.0
2015-10-09,75.98887157977072,76.3427142311421,74.06482280428445,75.06002044677734,6165072,0.0,0.0
2015-10-12,75.1927157898384,75.45810183603908,74.23290238281666,75.10867309570312,4355766,0.0,0.0
2015-10-13,75.83847182076289,76.9486742445973,75.73231904012971,76.3869400024414,8031192,0.0,0.0
2015-10-14,76.86466784195756,77.05044136994718,76.09947171771009,76.28081512451172,4512738,0.0,0.0
2015-10-15,76.87349896284525,79.44774719480179,76.63023108761077,79.00543975830078,9365970,0.0,0.0
2015-10-16,79.78390244816433,80.9162153257816,79.47428805006383,80.61102294921875,10406160,0.0,0.0
2015-10-19,80.1465925287185,81.67698444085413,80.1465925287185,81.25236511230469,6140070,0.0,0.0
2015-10-20,81.03120755519404,81.88043803056111,80.5004354709874,80.7171630859375,5368296,0.0,0.0
2015-10-21,80.67734788634775,80.87638739593577,79.35041782242754,79.66888427734375,4277856,0.0,0.0
2015-10-23,80.07582763701214,81.19044431390522,80.07582763701214,80.51813507080078,4399380,0.0,0.0
2015-10-26,80.50928994382102,81.23910165416285,79.79274429772745,79.94755554199219,5264628,0.0,0.0
2015-10-27,79.61580582672376,81.1196572371379,79.26195510118102,80.91177368164062,11420244,0.0,0.0
2015-10-28,81.29660348472102,81.50890910464892,79.73967130842898,80.4473648071289,6413472,0.0,0.0
2015-10-29,80.23503963490772,80.4119609417341,77.41752429190454,77.7669448852539,12440094,0.0,0.0
2015-10-30,77.8377194163891,78.68695795258617,76.56829173167714,77.05925750732422,10099650,0.0,0.0
2015-11-02,77.22733809957825,77.75368816190243,76.2144442613789,77.12118530273438,6053736,0.0,0.0
2015-11-03,77.58118194521491,78.2004105877914,76.64790886197105,77.55464172363281,4376820,0.0,0.0
2015-11-04,77.71388472523796,78.8329233023773,77.4352245119976,78.37734985351562,3822780,0.0,0.0
2015-11-05,78.465816515531,79.16024397861612,77.9527405301572,78.64274597167969,4922694,0.0,0.0
2015-11-06,78.88158556379081,79.57159095051237,78.54985298353428,79.27082061767578,4208082,0.0,0.0
2015-11-09,78.53657778472794,80.5712096494158,77.7138874756985,79.87236022949219,12706644,0.0,0.0
2015-11-10,79.62468224515021,80.61103617813133,77.1388983125124,77.56793975830078,7105122,0.0,0.0
2015-11-13,79.52734220264665,80.28369398807912,78.65157156621245,80.1510009765625,6901326,0.0,0.0
2015-11-16,80.32350401727744,80.71273902892676,79.3061962808382,79.49638366699219,7344072,0.0,0.0
2015-11-17,79.52733667855324,79.9475338854812,77.1432846573795,77.51483154296875,7002486,0.0,0.0
2015-11-18,77.49272316264582,78.57196349761226,77.22733712441757,78.2004165649414,3192474,0.0,0.0
2015-11-19,78.73119513981386,80.50044093999382,78.33311604961433,80.27043914794922,6606444,0.0,0.0
2015-11-20,80.04928618705624,81.74333343232058,79.64236303022582,81.0400619506836,5102562,0.0,0.0
2015-11-23,80.95159095678797,81.5531316026339,79.97851145308893,80.12004852294922,5525520,0.0,0.0
2015-11-24,80.08466566628019,80.96928856637017,79.26196726007989,80.27043914794922,5177028,0.0,0.0
2015-11-26,80.29698691476217,80.96487414896224,79.70871226650281,80.0537109375,4895076,0.0,0.0
2015-11-27,80.3854357368546,80.4915885407796,78.77985331777192,79.73524475097656,3201420,0.0,0.0
2015-11-30,79.81483529265147,81.19041554063492,79.42117833354425,79.7706069946289,8882058,0.0,0.0
2015-12-01,79.81043320183679,82.614674834815,79.81043320183679,82.5085220336914,9238092,0.0,0.0
2015-12-02,82.71197361525655,83.764673655345,81.96005195714076,82.4598617553711,8326290,0.0,0.0
2015-12-03,82.7119905163912,82.80045524086793,81.12852621115728,81.3806381225586,5015892,0.0,0.0
2015-12-04,80.8542839395687,81.3319837090549,79.96966913493179,80.1908187866211,3626358,0.0,0.0
2015-12-07,81.11966226577638,81.65043433752398,80.31908213741565,80.56678009033203,5565606,0.0,0.0
2015-12-08,81.20813264344868,81.89813800465154,80.41639650132551,80.67736053466797,8616162,0.0,0.0
2015-12-09,80.67735053400484,80.99581699937242,77.58118298289429,78.04560852050781,6665106,0.0,0.0
2015-12-10,77.92620599209808,80.27929666002377,76.71870245546593,79.98294830322266,5594490,0.0,0.0
2015-12-11,80.0713865730475,80.62869882842487,78.37733970479546,78.98772430419922,5120418,0.0,0.0
2015-12-14,79.16908238501357,79.79273309807277,78.14292249336197,78.73561096191406,3884490,0.0,0.0
2015-12-15,78.90810984819998,79.25753044270881,77.9881028517735,78.7002182006836,2252190,0.0,0.0
2015-12-16,79.6158189514321,81.11967060975697,79.6113969302379,79.92985534667969,4870278,0.0,0.0
2015-12-17,80.75255415997333,81.04005842947153,79.57601305362456,79.96524810791016,5187336,0.0,0.0
2015-12-18,80.05812028516006,80.94274312828502,79.43889158401797,79.68215942382812,4418478,0.0,0.0
2015-12-21,80.09351037393358,80.4915894674401,78.91696927707518,79.39466094970703,3409950,0.0,0.0
2015-12-22,79.6379400236158,80.32351531219877,79.44332249042444,79.85466766357422,3324306,0.0,0.0
2015-12-23,80.05811566228068,80.31465764879283,79.4654191205162,79.68657684326172,5128014,0.0,0.0
2015-12-24,79.70870753440246,80.36775068635912,79.68216730768432,79.978515625,3247686,0.0,0.0
2015-12-28,79.95639569347769,80.32351254148968,79.69543165110653,79.90774536132812,2211558,0.0,0.0
2015-12-29,80.42081029590426,81.0223508777972,79.63350435430435,79.84580993652344,4788678,0.0,0.0
2015-12-30,79.84582736641684,80.25717255886273,78.6117836901386,78.881591796875,3117588,0.0,0.0
2015-12-31,78.91697377950398,79.75736032520632,78.24024252150951,78.93466186523438,18646938,0.0,0.0
2016-01-01,78.99657986274369,79.82812229715532,78.81965852529642,79.26638793945312,1657350,0.0,0.0
2016-01-04,78.63387156553684,79.30618873045165,77.4042502584742,78.85945129394531,3606078,0.0,0.0
2016-01-05,78.98773791108678,80.3058241820373,77.87311320832032,79.8502426147461,5962272,0.0,0.0
2016-01-06,80.27047018990466,81.34085888666137,79.26199791204195,80.70393371582031,9086724,0.0,0.0
2016-01-07,81.0179236995829,81.34081217189075,77.83329157539794,78.22252655029297,5033250,0.0,0.0
2016-01-08,78.90812548262157,80.27928410936072,78.76658030970754,79.92985534667969,4050576,0.0,0.0
2016-01-11,79.83697285427601,79.83697285427601,78.32426912755984,78.5586929321289,4601892,0.0,0.0
2016-01-12,78.55868759734719,79.5538852186732,78.05445575566314,78.74446105957031,7515132,0.0,0.0
2016-01-13,79.34156986311251,79.83695760243853,76.7850186061545,79.25310516357422,9316644,0.0,0.0
2016-01-14,77.93504114328081,81.36737202469699,77.71389148059099,80.4473648071289,6475314,0.0,0.0
2016-01-15,80.5712205743994,83.77354182167146,80.4694897772649,82.49526977539062,17947962,0.0,0.0
2016-01-18,82.31834533457375,83.08797154108436,78.69140449150177,79.3150634765625,8199276,0.0,0.0
2016-01-19,79.43891841945319,80.16873028436233,78.0235230121033,79.24430084228516,5754630,0.0,0.0
2016-01-20,78.99658745629542,79.77505761377321,77.44850738220833,78.33312225341797,12644868,0.0,0.0
2016-01-21,78.9081124630995,79.50080898624849,76.56386659222964,77.45291137695312,6498924,0.0,0.0
2016-01-22,77.75811048935755,78.58080884128536,77.11234156513979,78.13407135009766,4724358,0.0,0.0
2016-01-25,78.1606146082867,78.43484470326163,76.78945603447248,77.66080474853516,5743554,0.0,0.0
2016-01-27,77.74040367606642,78.59848617640623,76.86021107449088,77.01502227783203,10432572,0.0,0.0
2016-01-28,77.09463339393649,77.62540539664862,76.16578238919027,76.86463165283203,13622442,0.0,0.0
2016-01-29,76.86465044272197,80.19082031309749,76.58157629151044,79.00985717773438,9394056,0.0,0.0
2016-02-01,78.81963832950976,79.01867782024084,77.11232558852066,77.85982513427734,5548908,0.0,0.0
2016-02-02,78.339931373669,78.4565849403847,75.88115286108076,76.30290985107422,5678850,2.083333,0.0
2016-02-03,75.88566071805906,76.94006171613884,74.07746828953368,74.44090270996094,8508744,0.0,0.0
2016-02-04,74.92995957657611,76.45547691737347,73.96080400069674,74.63831329345703,10128570,0.0,0.0
2016-02-05,75.09146489924751,75.9619096451318,74.17615466249703,75.64783477783203,4834668,0.0,0.0
2016-02-08,75.64784240327026,76.55418127633172,73.889009824109,74.050537109375,3625992,0.0,0.0
2016-02-09,73.75439597649233,75.33375816263265,73.2877653060852,74.02360534667969,10934466,0.0,0.0
2016-02-10,74.36909824104622,75.54913225366377,72.95126313470217,75.15877532958984,4740144,0.0,0.0
2016-02-11,74.91199903161791,75.15877156901192,72.87049173762793,73.38199615478516,6531510,0.0,0.0
2016-02-12,73.7364528173886,73.82619202235212,68.40610999805693,69.34834289550781,14008980,0.0,0.0
2016-02-15,71.76224902488752,72.56089747327749,69.6938192941549,69.97200012207031,9162588,0.0,0.0
2016-02-16,70.32646701350781,70.32646701350781,65.67362949891235,67.39208221435547,12028806,0.0,0.0
2016-02-17,68.10996998613257,70.48798880455661,67.75102553202339,70.0796890258789,12109608,0.0,0.0
2016-02-18,70.9860230712459,71.76673684818432,70.0751985471027,70.86936950683594,12523590,0.0,0.0
2016-02-19,70.89182673700496,70.89182673700496,68.33433277608545,68.72468566894531,10177932,0.0,0.0
2016-02-22,68.64840648329356,69.09260041153203,67.2530039600079,68.14588165283203,8374212,0.0,0.0
2016-02-23,68.20869833712092,68.374711371226,65.61082480151858,66.050537109375,7897014,0.0,0.0
2016-02-24,66.53957801435521,69.3393576757048,66.31972398911206,68.99835205078125,13869816,0.0,0.0
2016-02-25,68.95797241126343,69.07463417632202,66.90300828222524,68.57210540771484,12691176,0.0,0.0
2016-02-26,69.72524316787553,69.72524316787553,67.30235827015014,68.6214828491211,7388796,0.0,0.0
2016-02-29,68.29393392952909,70.71232854149736,66.40498252057334,69.02976989746094,58759392,0.0,0.0
2016-03-01,69.02978297555075,71.77572248909956,69.00735433312661,71.22384643554688,5870094,0.0,0.0
2016-03-02,71.69942421009458,73.13520189139557,70.26363831317644,70.5866928100586,6927816,0.0,0.0
2016-03-03,70.97430258629359,71.46554778766505,69.52308761372305,71.20415496826172,7814532,0.583333,0.0
2016-03-04,71.47004641628696,73.72348748580818,70.92922121978887,73.48011779785156,10276464,0.0,0.0
2016-03-08,73.89474465301808,75.25131335459425,72.78605140366561,73.993896484375,9000768,0.0,0.0
2016-03-09,73.32687736636015,74.09304911651931,71.80355367068972,72.05143737792969,11601114,0.0,0.0
2016-03-10,72.90323986072607,72.90323986072607,71.05541764492419,71.58272552490234,9329226,0.0,0.0
2016-03-11,71.92974938143661,73.4575788738455,71.65933678977707,72.43902587890625,8007786,0.0,0.0
2016-03-14,72.74099458408267,73.27731404594995,71.83961643573099,72.5381851196289,6063630,0.0,0.0
2016-03-15,72.65085589249979,73.90376717254438,72.61029564918401,73.092529296875,6480744,0.0,0.0
2016-03-16,74.06602552114092,74.20573762773661,73.47112262377664,73.76856994628906,9897174,0.0,0.0
2016-03-17,74.60233701179494,78.365576686209,74.36347307268707,77.95545196533203,24451710,0.0,0.0
2016-03-18,77.51828527041388,77.86532086734005,76.82423058123885,77.23886108398438,10210908,0.0,0.0
2016-03-21,77.94643596738216,79.31201636682951,77.54982859965085,78.42416381835938,10117392,0.0,0.0
2016-03-22,78.01404884154827,80.02411233784724,77.56786962342491,78.4827651977539,8979450,0.0,0.0
2016-03-23,78.86133405785294,79.32103881781313,77.89686677055772,78.28445434570312,6985866,0.0,0.0
2016-03-28,78.554871365584,79.97003193857476,77.83827952510927,78.7441635131836,10564908,0.0,0.0
2016-03-29,79.10018915661666,80.1638164226935,78.392608988756,78.78020477294922,9620322,0.0,0.0
2016-03-30,79.17230241254124,81.79981378316951,78.60443428622357,81.2274398803711,14510682,0.0,0.0
2016-03-31,81.47531333456101,83.09778893964888,81.02913419362937,81.51136779785156,16855632,0.0,0.0
2016-04-01,81.12376350925217,81.12376350925217,79.78973213819013,79.9745101928711,5694990,0.0,0.0
2016-04-04,80.67307858214615,80.88940531696068,79.37509341625106,79.95197296142578,5617644,0.0,0.0
2016-04-05,81.03364437997523,82.01614299970281,79.68158130215396,80.25846099853516,9844548,0.0,0.0
2016-04-06,80.85335595298973,80.94349622434045,79.19032034890557,80.23591613769531,10679808,0.0,0.0
2016-04-07,80.92998154744285,81.46630096740815,79.62749860095937,79.7762222290039,9557472,0.0,0.0
2016-04-08,79.95199726916641,81.25899438329338,79.33906308183938,81.09223937988281,3622740,0.0,0.0
2016-04-11,80.5018435862342,82.9130201296342,80.5018435862342,82.67415618896484,6454800,0.0,0.0
2016-04-12,83.70171132229707,84.7112527967814,82.74174989243406,83.0031509399414,9046572,0.0,0.0
2016-04-13,83.37723055220363,84.09832814997696,82.56599266008166,83.4358139038086,6253500,0.0,0.0
2016-04-18,83.37723066936483,88.30775540983515,83.37723066936483,87.42440032958984,12232620,0.0,0.0
2016-04-20,87.2576395883174,87.40637147704271,85.72530419698639,86.01374816894531,7911024,0.0,0.0
2016-04-21,86.01375288411215,88.78097654569544,86.01375288411215,87.50102233886719,6417180,0.0,0.0
2016-04-22,86.7123090522278,88.1500066385143,86.55907963843828,87.06385040283203,3955446,0.0,0.0
2016-04-25,86.54103465380477,88.51505138222171,86.41935394771963,88.1815414428711,3926892,0.0,0.0
2016-04-26,87.62269728904681,88.6818188475992,87.50552234234281,87.95620727539062,5958750,0.0,0.0
2016-04-27,87.52354093000564,89.66431281922479,87.52354093000564,88.5466079711914,4711896,0.0,0.0
2016-04-28,88.51506024000233,89.16855460408755,86.38781390904641,86.7799072265625,7211784,0.0,0.0
2016-04-29,86.53203484470859,88.46998912430557,86.53203484470859,88.15451049804688,3448788,0.0,0.0
2016-05-02,88.51505636404885,88.98377261587679,87.07285314706577,87.39283752441406,2469942,0.0,0.0
2016-05-03,87.87507334618496,87.97422517161012,85.73881570221204,85.98218536376953,5230200,0.0,0.0
2016-05-04,85.38278508230273,86.71231105146414,85.02673794688839,85.36475372314453,4202982,0.0,0.0
2016-05-05,85.54051841335468,85.73882207895363,83.75128789912917,84.62110900878906,4213530,0.0,0.0
2016-05-06,84.09831661219026,85.17996698662357,83.62058879712721,84.65717315673828,7279452,0.0,0.0
2016-05-09,84.99968744590782,85.63064460910705,84.06225500050279,84.4588623046875,5622882,0.0,0.0
2016-05-10,84.83745580235035,84.99068522281318,83.38624082305843,83.58905029296875,6334680,0.0,0.0
2016-05-11,82.79583840263085,83.6070763105112,81.88996267403544,82.88597869873047,6297276,0.0,0.0
2016-05-12,82.6651177430823,84.12984960105398,82.6651177430823,83.50790405273438,4013010,0.0,0.0
2016-05-13,83.30962373975552,84.27859678905577,82.87696189913684,83.62960815429688,3274212,0.0,0.0
2016-05-16,83.64763444692247,83.90902724425858,82.52541554481847,83.16990661621094,4096440,0.0,0.0
2016-05-17,83.84144235864821,85.49997279826415,83.82792502651523,85.20703125,6148596,0.0,0.0
2016-05-18,84.91855271793685,86.36075574331164,83.86845119315234,84.10731506347656,8779230,0.0,0.0
2016-05-19,83.99016915824845,85.58560211272561,83.91806021991873,85.0222396850586,6125832,0.0,0.0
2016-05-20,85.11687286706781,85.38277969458883,82.74625680615735,82.97160339355469,4772916,0.0,0.0
2016-05-23,83.5394592983777,84.01719536137902,82.11528741879984,83.09778594970703,4392420,0.0,0.0
2016-05-24,82.5659589210704,83.39071380677188,80.27646404935007,80.75869750976562,6197946,0.0,0.0
2016-05-25,81.52939831867897,84.79238085317081,79.424689130976,82.69216918945312,4737294,0.0,0.0
2016-05-26,83.01668056718047,83.91805878557335,81.76376921735398,83.53947448730469,7243644,0.0,0.0
2016-05-27,85.72078551881856,92.36392490380699,85.40080115898182,91.21917724609375,35309520,0.0,0.0
2016-05-30,91.94029510310801,92.29634225386337,89.5606672366689,90.08796691894531,7861158,0.0,0.0
2016-05-31,90.08796189067624,90.85413372455106,87.78945464138997,88.3798599243164,13993596,0.0,0.0
2016-06-01,89.68684796616577,89.77698825535414,88.52407702162505,88.97476196289062,6444396,0.0,0.0
2016-06-02,88.93870389920161,90.72342873795684,88.21760637188484,90.41696166992188,8659596,0.0,0.0
2016-06-03,91.21918569348752,93.19770013175904,90.48456260256468,91.26425170898438,11162388,0.0,0.0
2016-06-06,92.07854855519554,92.34387208689365,90.5780612661617,90.96690368652344,7691856,2.5,0.0
2016-06-07,91.67596970643011,91.69884574450913,89.0592726052115,89.32002258300781,7041228,0.0,0.0
2016-06-08,88.9540477913183,90.15717985488914,88.67041342592475,89.67684173583984,6137646,0.0,0.0
2016-06-09,90.60549982330444,92.02363822200576,90.30357131383794,91.25967407226562,7902216,0.0,0.0
2016-06-10,91.40148465530399,91.89096985192492,90.07940721950631,90.28984832763672,5078658,0.0,0.0
2016-06-13,89.86898855585831,92.67782452574099,89.66312932395908,92.28440856933594,7468200,0.0,0.0
2016-06-14,92.95687180387065,93.04836758282212,90.40879435500838,90.68327331542969,6453570,0.0,0.0
2016-06-15,91.05837541800932,92.7555660470679,91.05837541800932,92.4993896484375,5033340,0.0,0.0
2016-06-16,92.7921961651644,93.32285160844538,91.54788533433383,92.54515838623047,6597216,0.0,0.0
2016-06-17,93.02551355414096,93.29999257950497,91.58449867097991,91.9458999633789,5262264,0.0,0.0
2016-06-20,91.48841102149919,92.63664403360518,90.94860019539045,91.93214416503906,3727578,0.0,0.0
2016-06-21,91.93214697441314,92.60919729385436,91.41063863772175,92.2752456665039,4405194,0.0,0.0
2016-06-22,92.22493082410429,92.73271857684506,91.79033634404871,92.34844970703125,4655760,0.0,0.0
2016-06-23,92.49939686164176,94.28350985748945,91.76745586061746,93.67507934570312,4479852,0.0,0.0
2016-06-24,92.59091344753823,93.72542602362203,91.1361698056495,92.72357940673828,6516624,0.0,0.0
2016-06-27,93.32284559855088,95.78400915246344,93.00719647254827,94.98802185058594,8603070,0.0,0.0
2016-06-28,95.31739704019625,96.44276250635622,95.17101048810721,96.22318267822266,7127814,0.0,0.0
2016-06-29,96.51593917570257,97.03744746011333,95.45462010280232,96.46562194824219,4994928,0.0,0.0
2016-06-30,97.1655469250142,98.62943742977635,96.16827397922209,98.09420013427734,14095068,0.0,0.0
2016-07-01,98.35497989900077,100.8527321513575,97.62303029903217,99.9057846069336,6395178,0.0,0.0
2016-07-04,100.18480715451311,101.55720177306807,100.18480715451311,101.2049560546875,10156236,0.0,0.0
2016-07-05,101.32848129821777,102.27086354093615,99.94693941476447,100.45472717285156,11752260,0.0,0.0
2016-07-07,100.56452118762577,102.56364082094495,99.68161158471631,101.93234252929688,15105402,0.0,0.0
2016-07-08,102.5727905784786,102.82896703183323,101.04942732646174,101.98723602294922,17025198,0.0,0.0
2016-07-11,103.10344083508355,105.21693206939975,102.48128967447572,103.68899536132812,18865734,0.0,0.0
2016-07-12,103.58833821311013,105.76587535086692,101.84082194025954,102.52244567871094,22119798,0.0,0.0
2016-07-13,102.45384782174749,103.02110826175465,99.47117582609897,99.83715057373047,11222685,0.0,2.0
2016-07-14,99.95608620801362,101.8225481817941,99.95608620801362,101.26443481445312,4710903,0.0,0.0
2016-07-15,101.37421988700986,102.0878583964598,100.09331264267836,101.51145935058594,7296570,0.0,0.0
2016-07-18,101.74019721857783,102.97535252446339,100.93506285411375,101.76764678955078,5087847,0.0,0.0
2016-07-19,101.66701854512299,105.03395978257672,101.38339248268753,104.6954345703125,8744865,0.0,0.0
2016-07-20,104.3020207576901,106.68083598282597,104.3020207576901,105.12545776367188,6950838,0.0,0.0
2016-07-21,106.53443221801757,108.07151605634462,104.90586097808394,105.44566345214844,8300904,0.0,0.0
2016-07-22,105.71097213603016,107.03762293238859,104.03664918645917,106.71739196777344,5877606,0.0,0.0
2016-07-25,107.41276960403306,110.13010964451568,107.11998813642953,108.6021728515625,9220002,0.0,0.0
2016-07-26,108.78514765247502,109.94710952604092,107.13827413903013,107.65978240966797,6438093,0.0,0.0
2016-07-27,107.71467416219006,109.1236737769284,106.58016184532558,107.6872329711914,6539757,0.0,0.0
2016-07-28,107.86107905567826,108.49237728290782,105.22607949043282,106.82720947265625,12794370,0.0,0.0
2016-07-29,107.52256028029147,109.24262733248797,106.60762761099056,108.44664001464844,5296830,0.0,0.0
2016-08-01,109.23348777770651,110.43204655761653,108.00747942430789,108.803466796875,6665085,0.0,0.0
2016-08-02,109.16029300826722,109.73669216148578,105.61036042188654,106.01293182373047,8036001,0.0,0.0
2016-08-03,106.13186607026441,106.6899794544139,103.89029059764249,104.8326644897461,8537019,0.0,0.0
2016-08-04,105.0796976392729,105.78418916689886,102.10617279007003,104.17391204833984,7452468,0.0,0.0
2016-08-05,105.3632950495518,107.55912612612956,104.95157672269346,107.33039093017578,8297040,0.0,0.0
2016-08-08,108.52899569363767,113.03044965024345,107.7787519714643,111.0267562866211,24490668,0.0,0.0
2016-08-09,111.42931966850027,112.30764738537252,108.40089542323567,108.99560546875,14751804,0.0,0.0
2016-08-10,109.34325444381784,110.615006231642,105.83907463538851,106.78144836425781,12475206,0.0,0.0
2016-08-11,107.77873839723735,109.79158695013425,106.31485615552444,109.21517944335938,12648321,0.0,0.0
2016-08-12,107.8153518403336,108.78518381895154,105.20780124381216,106.12273406982422,9017328,0.0,0.0
2016-08-16,106.13186097961999,110.24904535007636,105.8024912558433,109.1328353881836,9808143,0.0,0.0
2016-08-17,109.05965729015163,109.57201864152424,106.78147659566665,107.4768295288086,5871177,0.0,0.0
2016-08-18,107.6140599868073,109.22432881135445,107.04679953326973,107.43106842041016,7606128,0.0,0.0
2016-08-19,107.77872568465527,108.89494392932507,106.36973437674902,108.54727172851562,7811124,0.0,0.0
2016-08-22,108.87664358965485,110.77970204426317,108.64791672356125,109.33411407470703,9868461,0.0,0.0
2016-08-23,109.97456444135948,110.17585012386921,104.57648115465459,105.41822052001953,11280069,0.0,0.0
2016-08-24,106.13187920022622,107.21150108792517,105.22610183379616,106.45211029052734,10981716,0.0,0.0
2016-08-25,107.4127521203045,109.79156660459344,106.3331305812624,109.47134399414062,16940337,0.0,0.0
2016-08-26,109.40731744586219,110.14840562768048,108.52898140470724,109.0138931274414,9223407,0.0,0.0
2016-08-29,109.23347344592624,110.12095648820352,108.67536011299661,109.5719985961914,7354326,0.0,0.0
2016-08-30,110.3039280264868,111.86846120428562,110.06604573994177,111.30120086669922,8935185,0.0,0.0
2016-08-31,111.43844294111865,111.61227903424003,109.35240144723002,110.267333984375,29762541,0.0,0.0
2016-09-01,109.84650123236374,111.0633542464226,106.77233302352894,107.37619018554688,11173824,0.0,0.0
2016-09-02,107.96171432199222,108.1446974815937,106.36973151594705,107.36700439453125,7794672,0.0,0.0
2016-09-06,108.41918966885702,109.77328196837732,107.73299226588956,109.53540802001953,6827253,0.0,0.0
2016-09-07,109.77329938252336,109.78245482539964,107.42193370943815,107.9251480102539,4939659,0.0,0.0
2016-09-08,107.9617019850806,108.51980684041385,106.94612671837119,107.4493408203125,6330264,0.0,0.0
2016-09-09,107.43105636662678,108.87664434622816,107.05593458696488,107.6963882446289,5477118,0.0,0.0
2016-09-12,106.19589665822404,107.15657291608728,103.03938895381627,103.55175018310547,8236623,0.0,0.0
2016-09-14,104.5947855757222,105.8573820822391,103.64325628695607,105.2809829711914,7191990,0.0,0.0
2016-09-15,106.09525574335626,106.09525574335626,103.46025628457576,103.96347045898438,5802084,0.0,0.0
2016-09-16,105.21694188344983,106.47953845139874,104.13732012795136,105.75674438476562,34517982,0.0,0.0
2016-09-19,106.31485155738835,107.52255728631968,106.10441880835963,107.08338928222656,6450138,0.0,0.0
2016-09-20,107.41277916443794,107.95258169343741,106.64423297884399,107.18404388427734,6279582,0.0,0.0
2016-09-21,107.96174483821522,108.94986255579438,106.1593287950535,107.37619018554688,5321154,0.0,0.0
2016-09-22,108.51067944653913,109.88307417656942,107.72383924289292,109.5719985961914,7755264,0.0,0.0
2016-09-23,110.02945959405066,111.28290896728852,109.90136718683634,110.64246368408203,6251616,0.0,0.0
2016-09-26,110.70653024678606,114.3479504462048,108.93156385388018,113.8996353149414,9488160,0.0,0.0
2016-09-27,114.9517948268712,115.02499648197563,111.32867727407277,111.7586898803711,8364234,0.0,0.0
2016-09-28,111.98741361595492,113.40555209100611,111.52079604198194,112.77425384521484,4161453,0.0,0.0
2016-09-29,112.66447080946274,113.97281945761485,109.86478194774931,111.64889526367188,13435797,0.0,0.0
2016-09-30,110.70649457505164,113.21340135121103,110.52350305393276,112.09718322753906,5275098,0.0,0.0
2016-10-03,112.71934282930908,115.37264469851769,112.53635967076892,114.86943054199219,5511669,0.0,0.0
2016-10-04,114.96092377021735,116.92801990447894,114.92432713931767,116.64439392089844,4858818,0.0,0.0
2016-10-05,116.69014121542152,119.31599353975132,114.7321920843722,118.92256927490234,5038164,0.0,0.0
2016-10-06,119.6179267788694,125.08921181975965,119.30685118429223,122.72869110107422,10077342,0.0,0.0
2016-10-07,123.49722779300106,124.41216043921268,120.03879964577308,121.42034149169922,5750160,0.0,0.0
2016-10-10,121.50269187572276,122.03335570239625,119.54474238453393,120.36817932128906,4705734,0.0,0.0
2016-10-13,119.48983821202577,122.68294275019254,118.19063674067932,120.24008178710938,9780993,0.0,0.0
2016-10-14,120.94460141314791,123.03979064604134,120.58778204816905,122.02422332763672,5224341,0.0,0.0
2016-10-17,123.29594731157562,123.46062797992316,120.05709068567181,120.60604858398438,6081093,0.0,0.0
2016-10-18,120.95372545095464,121.42949009796679,118.20893585391003,120.17604064941406,5267634,0.0,0.0
2016-10-19,120.41392970869057,122.54571529811962,120.00221124610297,120.88053894042969,5475876,0.0,0.0
2016-10-20,120.95372130769371,121.6856707594548,119.68196939638902,121.16415405273438,4646502,0.0,0.0
2016-10-21,121.6856786104768,122.87508188757009,121.08182153027865,122.28038024902344,3965844,0.0,0.0
2016-10-24,122.5091217418525,125.88520986943,122.06080662974102,125.56498718261719,5641779,0.0,0.0
2016-10-25,124.63173950612541,125.80284851674037,123.20444568769523,125.42772674560547,5356071,0.0,0.0
2016-10-26,125.0526096517836,125.61071460906663,122.76528230636718,123.7076644897461,5726604,0.0,0.0
2016-10-27,122.4176141785764,124.4762063452565,121.71311428364383,123.80831146240234,6855798,0.0,0.0
2016-10-28,123.14955949122091,123.79001320162948,121.93270665552119,122.42676544189453,5632266,0.0,0.0
2016-11-01,122.79273302664086,124.40301008565874,122.0790860840478,123.72595977783203,4520814,0.0,0.0
2016-11-02,122.60060229863501,122.60060229863501,119.85581263242354,120.7981948852539,4199952,0.0,0.0
2016-11-03,121.4477955813574,121.50268634878398,117.25741781067411,117.85211944580078,5728524,0.0,0.0
2016-11-04,117.65997669539557,118.83108579427696,115.64713659638262,117.75147247314453,5656077,0.0,0.0
2016-11-07,118.57491301207585,121.96015637632429,118.31873655345936,120.78904724121094,4872915,0.0,0.0
2016-11-08,120.22178291170404,122.21632887816072,119.73687120555414,120.87138366699219,4135614,0.0,0.0
2016-11-09,116.19611183453142,122.4176329911129,114.65902777191222,120.76161193847656,5701092,0.0,0.0
2016-11-10,120.49628467824218,123.14043190052786,120.49628467824218,121.60334777832031,6838788,0.0,0.0
2016-11-11,118.94090721408591,120.86226028551727,118.01682732130185,118.86771392822266,8564676,0.0,0.0
2016-11-15,118.2638571482448,119.81923541909455,113.73495346481924,117.7697982788086,19785117,0.0,0.0
2016-11-16,118.94087390719237,120.962869274577,115.1256100325869,116.04054260253906,10973214,0.0,0.0
2016-11-17,116.19610261915474,117.80637983660364,113.66174562418026,116.28759002685547,13619667,0.0,0.0
2016-11-18,116.40654272309152,118.34618980813461,116.01311836529956,117.57765197753906,10984683,0.0,0.0
2016-11-21,118.33702968314914,118.48341622969225,115.29031151872955,115.98566436767578,9408087,0.0,0.0
2016-11-22,116.1046170348656,117.95277675227851,116.01312124269336,117.27572631835938,8587329,0.0,0.0
2016-11-23,117.1110297021431,117.65998766696008,114.25644996038159,115.99481964111328,9209448,0.0,0.0
2016-11-24,114.93350195372388,117.82467837503522,114.64987590166162,116.76335906982422,8038728,0.0,0.0
2016-11-25,117.29400214561439,118.44680865786236,116.23268302829301,117.001220703125,4451607,0.0,0.0
2016-11-28,117.29400831389061,121.45693629494403,117.12017220266945,119.17876434326172,12447963,0.0,0.0
2016-11-29,119.4898517396176,120.34072987400779,117.47700309996584,117.80638122558594,7684374,0.0,0.0
2016-11-30,118.11745858312239,119.12387872955311,116.30589561840002,117.83382415771484,76838898,0.0,0.0
2016-12-01,116.52545241099567,117.11100690103274,113.18596156735772,115.07986450195312,9648663,0.0,0.0
2016-12-02,113.45131919927393,114.31135281360872,110.78886963301687,111.28292846679688,14752566,0.0,0.0
2016-12-05,110.68820440327843,112.89318295401948,109.45304919206845,110.56011199951172,8166354,0.0,0.0
2016-12-06,111.25543980154927,112.7101744842415,110.72477617733139,112.16121673583984,6772569,0.0,0.0
2016-12-07,112.71935353821132,116.01310096344899,112.60956363265664,115.67457580566406,8027163,0.0,0.0
2016-12-08,117.2939686770736,117.44950222992847,115.68369214393762,116.75415802001953,5348127,0.0,0.0
2016-12-09,116.70848005316947,116.7450766965914,114.42115214534182,116.13207244873047,6470070,0.0,0.0
2016-12-12,114.89688119489381,115.61052808458774,111.62142817928532,111.95995330810547,6398667,0.0,0.0
2016-12-13,112.00571828355307,115.46414648140839,111.5299536356157,115.03413391113281,4686300,0.0,0.0
2016-12-14,114.71388738410135,115.83010558068936,113.11276591652357,113.56108093261719,4862082,0.0,0.0
2016-12-15,113.43298940613657,115.4275351463537,111.32865377109162,112.6552963256836,8331282,0.0,0.0
2016-12-16,111.62144532264097,112.85660069112426,110.52352943954472,111.8227310180664,6771279,0.0,0.0
2016-12-19,113.2500076231842,114.00025114493175,111.63973068352821,111.95995330810547,5986500,0.0,0.0
2016-12-20,112.42657241688381,113.09446724357029,111.4658961532227,111.99655151367188,5768442,0.0,0.0
2016-12-21,111.9142087643596,112.78338923958908,110.2307385733492,112.31678009033203,6451359,0.0,0.0
2016-12-22,112.49978648567027,112.65532010873687,110.8712067177307,111.7586898803711,2523849,0.0,0.0
2016-12-23,111.5756848246508,112.76509631111259,111.11822273436498,111.78611755371094,2547054,0.0,0.0
2016-12-26,111.80445372707477,111.8136007937627,109.86479813245775,110.20332336425781,2446068,0.0,0.0
2016-12-27,110.34054924947357,112.89320039646256,110.01117112502108,112.63702392578125,3327189,0.0,0.0
2016-12-28,112.71935349061583,113.35980717073035,111.6854838883216,112.5638198852539,7007838,0.0,0.0
2016-12-29,112.62786961789462,118.0259530505425,112.36253772228255,117.0469741821289,14972490,0.0,0.0
2016-12-30,116.2967454687724,116.82740091331074,115.2811699071125,116.28759002685547,4676346,0.0,0.0
2017-01-02,117.11101124718058,117.98020013879201,116.63524663578816,117.20250701904297,3380304,0.0,0.0
2017-01-03,117.8429832310133,120.40478156930803,116.48888240450164,119.04154205322266,9472155,0.0,0.0
2017-01-04,118.9042940791429,120.93543679764986,117.44955050097113,119.93816375732422,8356224,0.0,0.0
2017-01-05,119.76431397430721,123.41488053677341,119.4898350334772,123.09465789794922,7441497,0.0,0.0
2017-01-06,122.78357602939644,124.61343274898495,121.05435376494995,121.65821075439453,4953354,0.0,0.0
2017-01-09,121.54843868622316,122.17058989460418,119.12387168542755,119.50814056396484,3520716,0.0,0.0
2017-01-10,120.72501784584222,123.698534799821,120.45968590871165,120.8256607055664,5889747,0.0,0.0
2017-01-11,121.13670283905634,121.86864385384227,119.80090483298031,120.93541717529297,5018715,0.0,0.0
2017-01-12,121.13671393032453,122.36271377646783,120.24923086630643,120.64264678955078,3147279,0.0,0.0
2017-01-13,121.6673722256181,121.6673722256181,119.12386831997559,120.3407211303711,3556449,0.0,0.0
2017-01-16,121.2556415359097,122.80187229177334,119.96559558357241,122.25291442871094,3933180,0.0,0.0
2017-01-17,122.59140785216469,123.04886982758083,121.14582030353402,121.67647552490234,2637174,0.0,0.0
2017-01-18,121.52099137977409,121.53013844512964,118.99578148556533,119.93816375732422,6318378,0.0,0.0
2017-01-19,120.24007290639798,123.82659309632403,119.69111505068015,123.3142318725586,5453529,0.0,0.0
2017-01-20,122.96656648315948,123.69850753912934,121.13670965501856,121.6399154663086,4089552,0.0,0.0
2017-01-23,121.13674865374087,124.79646348823002,121.04525285112629,123.89068603515625,5101446,0.0,0.0
2017-01-24,123.88151888391785,125.93095584345645,123.27766176214361,124.86963653564453,5566491,0.0,0.0
2017-01-25,125.52836022833523,131.4388039788606,124.00042368873288,130.1396026611328,10893219,0.0,0.0
2017-01-27,130.4690001053634,132.99420147911428,126.49820230124561,128.95936584472656,5733753,0.0,0.0
2017-01-30,129.26126263828013,129.55404404795485,127.1203305151789,128.9410400390625,2928624,0.0,0.0
2017-01-31,129.09659006251476,129.09659006251476,123.89063756963296,124.73236846923828,6823653,0.0,0.0
2017-02-01,124.80556267466167,127.57779294112873,123.1861304181786,126.76351165771484,5528706,0.0,0.0
2017-02-02,127.1752695443293,130.46901746021322,127.06547124598588,128.4378662109375,4782462,0.0,0.0
2017-02-03,128.27313701422608,128.4195235214208,126.04070927378261,127.83396911621094,4896420,0.0,0.0
2017-02-06,128.71230995421664,130.15790618097802,127.9071757042785,129.0691375732422,3632685,0.0,0.0
2017-02-07,129.49916002746426,132.28970149067734,128.83126518511685,131.1368865966797,6836934,0.0,0.0
2017-02-08,131.51202203499807,133.03080342104798,130.67029100231818,131.84140014648438,7005252,0.0,0.0
2017-02-09,132.66481655042597,133.39675755832764,131.94202260630965,133.0033416748047,5934867,0.0,0.0
2017-02-10,134.12869688050694,134.12869688050694,130.28599197856198,130.9355926513672,7534047,0.0,0.0
2017-02-13,130.83498011547053,131.54862715207156,129.9292028151452,130.7526397705078,2897595,0.0,0.0
2017-02-14,131.1460371177065,131.1643396231181,125.67476070020979,126.63543701171875,5446899,0.0,0.0
2017-02-15,126.62628796691058,128.0535734386857,122.2346248972655,123.46062469482422,9680544,0.0,0.0
2017-02-16,122.70126225466862,123.90896820092125,121.13673695262581,122.49082946777344,10280532,0.0,0.0
2017-02-17,122.71040671115436,125.06177217513917,121.69483113339336,124.24748229980469,5836983,0.0,0.0
2017-02-20,124.88795135317291,128.45617853469213,124.43963618879563,128.13595581054688,5841243,0.0,0.0
2017-02-21,129.00511164569798,131.20094333328433,128.29146467194582,128.81297302246094,4876872,0.0,0.0
2017-02-22,129.00512089049292,131.3839359303716,128.7489444175851,130.70689392089844,7402581,0.0,0.0
2017-02-23,130.83495831904526,132.05181941778977,129.30703002384874,131.3198699951172,9037395,0.0,0.0
2017-02-27,130.65199106180347,132.62824301667305,128.25487358232715,129.49917602539062,6559227,0.0,0.0
2017-02-28,129.8378824586168,130.75991844641345,125.69812675873173,126.08387756347656,15042585,6.5,0.0
2017-03-01,127.01529771992806,127.37282111315473,122.95080991564559,124.08924102783203,10965873,0.0,0.0
2017-03-02,124.55967169974815,125.20886620142471,118.70756662326194,119.51669311523438,17818512,0.0,0.0
2017-03-03,119.28150538309265,119.56376166245929,115.77211438228595,119.07451629638672,23674239,0.0,0.0
2017-03-06,119.92129053921232,121.06912819968682,118.99925446689656,119.96833038330078,9895818,0.0,0.0
2017-03-07,120.6174920726358,122.06640673528048,120.20351399365843,121.5395278930664,6908280,0.0,0.0
2017-03-08,121.46425535512198,122.37688489176908,118.56642615776717,120.24114227294922,6447222,0.0,0.0
2017-03-09,121.21024966170341,121.25729811697587,118.6323095770465,118.92398071289062,6311064,0.0,0.0
2017-03-10,119.6578233458754,119.85540615722023,116.68472661414047,117.2962875366211,7306419,0.0,0.0
2017-03-14,119.67665823754592,120.61751534023242,118.35946518480702,119.80838012695312,9366018,0.0,0.0
2017-03-15,119.53550505571735,121.15377514318841,119.08389339650608,119.77072143554688,4512816,0.0,0.0
2017-03-16,120.24115201675723,122.19812449304229,119.87422236925892,121.88764953613281,5624442,0.0,0.0
2017-03-17,122.31102636335298,122.31102636335298,120.06238294214528,120.82447814941406,6703974,0.0,0.0
2017-03-20,120.42935136784693,121.93472116709532,119.55436373197635,121.10677337646484,3582735,0.0,0.0
2017-03-21,120.80567107807093,122.12286399738284,119.2626679978236,120.78684997558594,5581119,0.0,0.0
2017-03-22,119.79895539528874,122.0287866310341,118.18069371586817,121.37018585205078,5892471,0.0,0.0
2017-03-23,123.25187664671596,124.19273356009657,121.9535049596085,123.26129150390625,11486508,0.0,0.0
2017-03-24,124.59348842003,124.97684714110531,123.65424639161746,124.53598022460938,5505504,4.0,0.0
2017-03-27,124.55513296123215,125.34102260311224,122.85873798279235,123.28044128417969,5589924,0.0,0.0
2017-03-28,122.96418827346932,124.28679785264177,122.67666483341092,123.81717681884766,3425301,0.0,0.0
2017-03-29,124.11426426939094,124.68931106720206,122.87791716390419,123.27086639404297,4163748,0.0,0.0
2017-03-30,123.27088293143531,123.92260155311678,122.37955852034901,122.80126190185547,9312888,0.0,0.0
2017-03-31,123.44341847037263,126.1269651325518,123.06963267722286,124.56475830078125,7375137,0.0,0.0
2017-04-03,124.40181527792478,124.50724113255612,122.02495582272317,122.36998748779297,3026667,0.0,0.0
2017-04-05,123.2900367798568,123.30920910228897,120.98984946101979,122.24536895751953,10093317,0.0,0.0
2017-04-06,122.25496523744815,124.13344929602566,121.23904268935411,123.8650894165039,5526771,0.0,0.0
2017-04-07,123.25172502257804,130.2481324109962,123.16547149105426,129.45265197753906,15781053,0.0,0.0
2017-04-10,130.34397411586284,135.1072748539085,130.34397411586284,134.23512268066406,15483084,0.0,0.0
2017-04-11,134.92517414557935,136.78449485533406,134.21594727286555,136.17111206054688,10697775,0.0,0.0
2017-04-12,136.7461506753206,138.3275296052245,133.84216215822963,137.49371337890625,6569679,0.0,0.0
2017-04-13,138.17420854489538,142.2187009365217,136.2957153188047,140.13894653320312,9633930,0.0,0.0
2017-04-17,139.73638878066305,141.46152938289345,137.75247884300185,138.7300567626953,4634016,0.0,0.0
2017-04-18,139.06550226603525,141.1835922133177,138.4233654070719,138.81631469726562,5230545,0.0,0.0
2017-04-19,138.66296748297182,140.25392815086778,136.42028819869725,138.56712341308594,5492082,0.0,0.0
2017-04-20,139.017581475809,139.8993241087282,138.01124944857978,138.26043701171875,3699786,0.0,0.0
2017-04-21,138.86427360587638,139.420148297312,136.7078472800533,137.2062225341797,3636798,0.0,0.0
2017-04-24,137.2828629730745,138.01125335926548,135.3372888352374,137.0240936279297,4247748,0.0,0.0
2017-04-25,137.43620875707768,142.18992744534467,137.43620875707768,141.72030639648438,7337697,0.0,0.0
2017-04-26,142.20912431063857,142.78417130843775,138.49048237845952,140.2635498046875,3972912,0.0,0.0
2017-04-27,140.27309344931737,141.54777651981667,138.73005050638554,141.07815551757812,3351435,0.0,0.0
2017-04-28,141.65319945424605,141.78737938771076,137.3882746504274,137.8674774169922,4010133,0.0,0.0
2017-05-02,139.3529952823022,142.41991718605772,138.25082817504628,141.8161163330078,6627813,0.0,0.0
2017-05-03,142.61164167288564,144.44220835728382,139.6405628798605,141.11651611328125,7422234,0.0,0.0
2017-05-04,142.0365915573358,142.0365915573358,137.97292717467153,140.21560668945312,5293185,0.0,0.0
2017-05-05,140.88648408122455,142.80330406905463,138.01124971221998,138.92173767089844,7678389,0.0,0.0
2017-05-08,139.1613383407577,139.8513928090313,136.11358826682087,137.1678466796875,5539539,0.0,0.0
2017-05-09,137.5320481278297,138.58629781430216,136.16152090305982,138.27960205078125,3841134,0.0,0.0
2017-05-10,139.50638258250584,139.92807721128221,138.09751064645127,139.59263610839844,4519719,0.0,0.0
2017-05-11,140.35936033810725,140.96316133408763,138.96966952181702,140.05267333984375,4014561,0.0,0.0
2017-05-12,140.0430910151576,141.06858662972556,138.96966897640957,140.53187561035156,3019362,0.0,0.0
2017-05-15,140.81942877252678,141.07819817453037,138.5863306995177,139.5159912109375,2519025,0.0,0.0
2017-05-16,139.35305149331163,140.88651306374362,138.586325095356,140.56065368652344,2614563,0.0,0.0
2017-05-17,140.48396855503498,140.69482026867425,138.6821559878701,139.43930053710938,3423087,0.0,0.0
2017-05-18,138.43294208865797,139.44885581174483,136.28609825725167,137.03366088867188,3143223,0.0,0.0
2017-05-19,137.1007564650981,138.4808653991772,134.17759578635372,134.647216796875,3208638,0.0,0.0
2017-05-22,134.3692840871539,134.3692840871539,131.59947566670746,133.33419799804688,4520811,0.0,0.0
2017-05-23,133.06583482197632,135.32768630339342,131.95407701671982,134.09133911132812,5377980,0.0,0.0
2017-05-24,134.75267131240633,137.378718575305,132.5004098473105,136.45864868164062,7050066,0.0,0.0
2017-05-25,136.99535315691995,140.50313426404503,135.51939991330076,139.3242950439453,10675392,0.0,0.0
2017-05-26,138.41379293956837,144.5188756231713,134.7526596845134,143.69464111328125,11422914,0.0,0.0
2017-05-29,144.528472176661,147.45162474956336,143.18669880745546,144.69140625,12864804,0.0,0.0
2017-05-30,142.56369997813238,142.79371520642778,139.10382835785597,141.60528564453125,7421124,0.0,0.0
2017-05-31,141.88322324634984,143.40709383301174,141.46151989865035,142.35284423828125,6592494,0.0,0.0
2017-06-01,141.72986998222035,143.1483234963829,139.7267966439368,141.6531982421875,4509996,0.0,0.0
2017-06-02,141.61489737043408,141.84492142189828,138.55756491482362,138.9313507080078,3975357,0.0,0.0
2017-06-05,138.96967371828052,141.38486900061434,138.71089558753226,139.650146484375,4039431,0.0,0.0
2017-06-06,140.1197563926152,141.07816198936396,138.71088454675092,139.07508850097656,4600956,0.0,0.0
2017-06-07,139.35302520123682,139.42969694911446,136.28611141353565,137.49371337890625,8595087,0.0,0.0
2017-06-08,139.13489267258896,139.83550573975702,135.3630752044052,135.67979431152344,6691548,0.333333,0.0
2017-06-09,136.13088912349556,136.54358616619191,133.5011756241937,135.0847625732422,5840328,0.0,0.0
2017-06-12,135.3054774842561,135.6509908114939,134.17297719923258,134.6912384033203,5218104,0.0,0.0
2017-06-13,135.65100263266288,136.02530144748093,133.85626977849492,134.17298889160156,2471295,0.0,0.0
2017-06-14,134.1729767821874,134.40331314178403,132.3302595451077,132.82933044433594,5689032,0.0,0.0
2017-06-15,132.82935301032603,133.40520279391595,127.35878006622204,128.6832275390625,13449645,0.0,0.0
2017-06-16,129.96927534428616,131.22654777324863,128.702407763476,129.33584594726562,14039070,0.0,0.0
2017-06-19,129.95008252438473,130.27639676180883,127.8386307394055,128.0593719482422,6110037,0.0,0.0
2017-06-20,128.2321013670184,128.96150847372513,127.10919647132157,127.59866333007812,6585135,0.0,0.0
2017-06-21,128.03057400347197,128.03057400347197,124.98817292606275,125.61200714111328,8037780,0.0,0.0
2017-06-22,125.18971810749335,125.6503996132269,122.27208028687276,123.19344329833984,10208172,0.0,0.0
2017-06-23,123.80769691059052,124.00924783887388,120.65972236095341,121.0724105834961,5273571,0.0,0.0
2017-06-27,120.73648909636486,120.73648909636486,114.977992140843,117.4829330444336,28287252,0.0,0.0
2017-06-28,117.08942176524154,119.89189113440864,116.8302911892556,118.37548828125,10596600,0.0,0.0
2017-06-29,118.52905200620287,121.56186665708005,118.43308292078123,120.17022705078125,15832566,0.0,0.0
2017-06-30,119.78631071504934,123.09744588090742,119.45999653086521,122.73274230957031,12922401,0.0,0.0
2017-07-03,122.8671510179558,125.02658772436394,122.8671510179558,124.64268493652344,10764759,0.0,0.0
2017-07-04,124.32594057933663,127.64668012907624,123.99003119983806,126.14946746826172,22330908,0.0,0.0
2017-07-05,126.3030462592968,127.40676124419628,125.98633591612848,127.09004211425781,5161158,0.0,0.0
2017-07-06,127.43553676835174,127.45472707153291,126.20705861461532,126.69652557373047,7229721,0.0,0.0
2017-07-07,126.87887487360554,128.55843934681303,126.51417125270147,127.44512939453125,10959354,0.0,0.0
2017-07-10,128.22253160489694,128.76958704324156,127.09002254857796,127.57949829101562,1460856,0.0,0.0
2017-07-11,128.39529392279357,130.67950259543213,127.5027338482951,130.1996307373047,11229114,0.0,0.0
2017-07-12,131.29371823958962,131.86956788099135,130.19000349798029,131.2361297607422,9404598,0.0,0.0
2017-07-13,131.8695836871145,134.10100131500784,130.83305245099731,132.02793884277344,7751906,0.0,1.5
2017-07-14,133.28040992730266,133.7122971978297,131.3225244822875,132.67576599121094,5322378,0.0,0.0
2017-07-17,132.73336568433734,135.03676465499828,132.44544081300472,134.59048461914062,4081512,0.0,0.0
2017-07-18,134.59050370894374,136.76433328112478,133.69793472386007,134.92161560058594,5595054,0.0,0.0
2017-07-19,135.3246811112854,136.17406294360646,134.05781351355486,135.281494140625,5090296,0.0,0.0
2017-07-20,134.99356789825856,135.75656699463917,133.4387754630969,134.51849365234375,3599056,0.0,0.0
2017-07-21,134.51849086975562,135.00795783336116,132.84852149953656,134.50408935546875,4011048,0.0,0.0
2017-07-24,134.20179657318883,136.11649538550927,133.8562831812461,134.2305908203125,5182362,0.0,0.0
2017-07-25,134.24496424822212,134.92158941787264,133.52515210748098,134.43211364746094,8360884,0.0,0.0
2017-07-26,134.3169379843832,136.0588797532888,134.3169379843832,135.72776794433594,6456672,0.0,0.0
2017-07-27,135.72778134401725,138.20393697212168,135.62700588262115,137.3977508544922,7113370,0.0,0.0
2017-07-28,136.4763759875943,138.34788747265625,135.15191994850437,136.9370574951172,7454950,0.0,0.0
2017-07-31,136.05888527169668,137.65687347205053,134.93598010646673,135.65579223632812,6001224,0.0,0.0
2017-08-01,135.9293290615803,140.20501501818805,135.90053481803614,139.81631469726562,6984958,0.0,0.0
2017-08-02,139.81631065775582,140.9392158293797,139.55718004688404,140.01785278320312,7148256,0.0,0.0
2017-08-03,140.88165522465405,143.58815641338003,139.67237587234442,141.0832061767578,12424750,0.0,0.0
2017-08-04,141.48626989987255,151.30450906770955,141.37110171692746,149.1162872314453,10812720,0.0,0.0
2017-08-07,149.72090267258102,152.312225988068,148.15170892794006,151.93792724609375,9363506,0.0,0.0
2017-08-08,151.937947793071,152.1826768876591,144.7542192267333,145.41644287109375,8597082,0.0,0.0
2017-08-09,144.39427414685235,147.4750727430572,141.94691356809216,142.79629516601562,6241150,0.0,0.0
2017-08-10,142.2060379914278,142.52275698652892,135.78531932270084,138.63577270507812,9696100,0.0,0.0
2017-08-11,136.80747575207923,141.64461797491032,135.91490705738107,139.44198608398438,8423938,0.0,0.0
2017-08-14,139.21166251227385,139.21166251227385,133.97142682026868,137.72885131835938,9685338,0.0,0.0
2017-08-16,138.16073867754977,140.5649128914705,136.47637657637367,139.3412322998047,6404160,0.0,0.0
2017-08-17,139.643563875694,145.20051042861678,138.2471264795831,142.1485137939453,9280626,0.0,0.0
2017-08-18,141.94697472140356,147.302379581837,140.50735023132847,144.91259765625,11946308,0.0,0.0
2017-08-21,145.77632882358859,148.51161453801444,142.5515762007473,143.3145751953125,8719356,0.0,0.0
2017-08-22,142.09092329142078,147.70545825430366,142.09092329142078,146.9424591064453,9180118,0.0,0.0
2017-08-23,148.26690021327684,148.26690021327684,145.71876361607002,146.7552947998047,6142666,0.0,0.0
2017-08-24,146.94246201814775,148.1373484945202,145.1861185196537,146.32342529296875,5855832,0.0,0.0
2017-08-28,146.35221257209267,146.79850140688245,144.10640202920268,146.26583862304688,6220854,0.0,0.0
2017-08-29,146.26577280816622,149.27458995642647,144.3798692128461,145.1428680419922,7745342,0.0,0.0
2017-08-30,147.10082587559612,150.95901767917672,146.2658454443897,149.99447631835938,8234412,0.0,0.0
2017-08-31,149.8648794567202,153.88143449577208,148.82835706049798,152.31224060058594,11927368,0.0,0.0
2017-09-01,153.176018499989,155.43622151798905,151.18933002762282,154.73081970214844,7310390,0.0,0.0
2017-09-04,154.73081996847705,157.2357520811573,151.88035695079105,152.93128967285156,8962268,0.0,0.0
2017-09-05,152.62893913537056,155.91128909306002,151.88034163728378,155.26345825195312,4018344,0.0,0.0
2017-09-06,154.70202597546097,154.70202597546097,152.52819676608397,154.01101684570312,3691782,0.0,0.0
2017-09-07,154.90359123376268,155.1195349018395,150.28240025162717,150.90142822265625,6529362,0.0,0.0
2017-09-08,151.16057609057768,151.93797685375185,147.18721589090512,147.80624389648438,6425078,0.0,0.0
2017-09-11,149.43301011807398,150.815046003302,146.98564868068743,147.48951721191406,6053096,0.0,0.0
2017-09-12,148.54044203054397,154.0829955753622,147.5758832071926,153.70867919921875,7914244,0.0,0.0
2017-09-13,154.3276933775393,155.5945695316944,140.79522772689685,144.01998901367188,17962048,0.0,0.0
2017-09-14,149.7209187297078,151.1317574933067,140.23379161472357,144.10638427734375,31656128,0.0,0.0
2017-09-15,143.96244775955253,144.82622244610985,141.44310492376036,143.170654296875,10685170,0.0,0.0
2017-09-18,145.11413432980163,145.9203204502593,142.0477362248294,143.3721923828125,5703140,0.0,0.0
2017-09-19,143.6456980063864,146.3234042361601,142.13409262703254,145.9490966796875,7939846,0.0,0.0
2017-09-20,145.97787657661297,145.97787657661297,141.802966891483,142.32122802734375,12619394,0.0,0.0
2017-09-21,142.52281575729327,143.9624401588821,141.29913501594277,142.8539276123047,10910736,0.0,0.0
2017-09-22,142.24923888641615,143.17060172848585,139.0964677101569,141.65899658203125,9620876,0.0,0.0
2017-09-25,140.4209677160818,141.80300362759195,137.7000740810068,140.26260375976562,7274742,0.0,0.0
2017-09-26,139.0677007676187,139.80190561100102,132.4598220301019,135.10873413085938,18420112,0.0,0.0
2017-09-27,135.9005328843614,137.1961947444877,133.20843370652284,134.0578155517578,11097560,0.0,0.0
2017-09-28,133.39559791563892,134.00024194150956,129.3934437051928,133.2660369873047,13692558,0.0,0.0
2017-09-29,134.17299154767315,137.05224029333138,133.05008629422042,135.69898986816406,12056308,0.0,0.0
2017-10-03,137.34015525630463,138.6934055838103,134.4609067184366,137.87281799316406,6540366,0.0,0.0
2017-10-04,142.01892321346617,142.0621101808606,137.1529953158628,139.9746551513672,9858378,0.0,0.0
2017-10-05,138.80854612610398,139.5715450793441,136.82186678794955,138.23269653320312,5856194,0.0,0.0
2017-10-06,138.2039370791873,141.8893718865911,137.67127431434068,140.968017578125,4993610,0.0,0.0
2017-10-09,139.9314704875203,141.67341223299698,138.08875329195195,138.56382751464844,6073230,0.0,0.0
2017-10-10,138.77977596313238,139.4276068675246,137.08102112674658,138.86614990234375,6351158,0.0,0.0
2017-10-11,138.50623009265752,142.81070963362006,138.0023616614905,140.89601135253906,12012196,0.0,0.0
2017-10-12,141.1551534666038,142.30685283196107,140.07543531158132,141.54385375976562,4643356,0.0,0.0
2017-10-13,141.77417886099357,142.23486032791126,139.35561214313574,140.7088623046875,6494000,0.0,0.0
2017-10-16,141.08318758801587,144.25036118693052,140.79526271538728,143.5017547607422,8298660,0.0,0.0
2017-10-17,143.38654739922978,148.13730649980667,142.24924094832411,147.63343811035156,8898506,0.0,0.0
2017-10-18,147.92138484183027,149.56255992558582,146.26581703094848,147.87818908691406,5375658,0.0,0.0
2017-10-19,148.69878718216074,148.69878718216074,145.34445576563016,146.3090057373047,412600,0.0,0.0
2017-10-23,146.82728138069507,149.60574565058678,146.2946186486338,147.21597290039062,4281146,0.0,0.0
2017-10-24,147.84941824986524,148.6699970861012,145.48843084100181,146.74090576171875,4140328,0.0,0.0
2017-10-25,148.28128548686192,148.28128548686192,145.40203722498111,146.78407287597656,6380212,0.0,0.0
2017-10-26,146.84167478553502,155.4362246038613,146.68331963135634,154.45729064941406,14973218,0.0,0.0
2017-10-27,155.89688778681645,157.99873532979967,150.6854383188331,152.00990295410156,18156626,0.0,0.0
2017-10-30,151.59240667169746,158.80491937185468,151.04534252418992,154.39967346191406,6843452,0.0,0.0
2017-10-31,154.1981068760446,156.73184133433506,151.7363536101688,155.94004821777344,6390978,0.0,0.0
2017-11-01,156.05528272405402,156.8902718935064,153.7662764461427,155.42184448242188,4928758,0.0,0.0
2017-11-02,156.8902477565343,157.3797059113881,154.1837473102817,156.29998779296875,4972752,0.0,0.0
2017-11-03,155.53704480360253,156.4871935218695,152.94572053185124,153.49276733398438,4452146,0.0,0.0
2017-11-06,153.5215454080296,153.53593813693507,150.00885845165152,150.9302215576172,6772472,0.0,0.0
2017-11-07,151.16053050130535,151.17492322759819,146.38097673191044,150.12400817871094,8327804,0.0,0.0
2017-11-08,151.1461771871789,151.77961547106403,147.18720987982303,149.77853393554688,4610162,0.0,0.0
2017-11-09,149.90807855001404,151.44846945133003,148.28129613580793,150.3399658203125,4520122,0.0,0.0
2017-11-10,148.56924898268775,148.65562293831826,146.28024250400205,147.4463348388672,5373388,0.0,0.0
2017-11-13,148.91477903951375,149.087526970102,142.04776762193785,144.13522338867188,8779378,0.0,0.0
2017-11-14,142.7387041012333,143.9623843683644,140.34893203542512,141.9613037109375,6297226,0.0,0.0
2017-11-15,142.5228142624173,146.49617405441916,142.5228142624173,145.31568908691406,8235204,0.0,0.0
2017-11-16,145.9778917918258,146.76968509049942,141.8893556076037,143.7752685546875,5210196,0.0,0.0
2017-11-17,145.28687714608958,145.97789501008532,142.6523665970483,145.11412048339844,5960372,0.0,0.0
2017-11-20,144.69664906186594,146.2082547250378,142.95470700282362,145.24371337890625,3580888,0.0,0.0
2017-11-21,145.68997290826613,148.13733411324688,143.74648018666375,147.2735595703125,8089018,0.0,0.0
2017-11-22,148.07975571260656,148.10855874345523,144.99896490508004,146.17945861816406,4000474,0.0,0.0
2017-11-23,145.9778989358569,147.70544803568953,144.3223310485173,145.4452362060547,6902686,0.0,0.0
2017-11-24,144.82622422070887,147.37436133463012,144.81183149046475,147.12962341308594,3523990,0.0,0.0
2017-11-27,145.97789121709584,147.0000208657428,144.39430462598338,146.3953857421875,5464612,0.0,0.0
2017-11-28,145.4020588663393,146.496169853992,144.04880846713283,146.15066528320312,8132930,0.0,0.0
2017-11-29,146.09305326383378,148.71317090745626,144.84057852787907,146.20822143554688,5519554,0.0,0.0
2017-11-30,145.63237098058067,147.89259137007227,144.33670928578275,145.0709228515625,12166956,0.0,0.0
2017-12-01,145.3444704643534,146.1650580989663,142.13410992997493,142.9259033203125,3303010,0.0,0.0
2017-12-04,143.09865301981944,143.96242758533143,141.2127487331593,142.86831665039062,3124760,0.0,0.0
2017-12-05,142.66675006858688,145.40203589230347,142.53718038328245,144.22154235839844,4796400,0.0,0.0
2017-12-06,144.2935328286123,144.797401302174,140.8960232073039,141.35670471191406,5856060,0.0,0.0
2017-12-07,141.37108481826021,143.96240816523442,141.37108481826021,143.70327758789062,2700558,0.0,0.0
2017-12-08,143.53056484123564,148.54046520713672,143.51617211072417,148.1229705810547,5633376,0.0,0.0
2017-12-11,149.67774467293884,150.1960235255852,147.4751298433533,148.0509796142578,5134186,0.0,0.0
2017-12-12,148.8571664226035,149.11630585004744,143.12746293467745,143.66012573242188,3953284,0.0,0.0
2017-12-13,143.96242884003425,147.5614895610351,142.53719727981016,145.77635192871094,6012970,0.0,0.0
2017-12-14,146.82727764035263,148.48284549253904,145.53161584298937,147.86380004882812,7816630,0.0,0.0
2017-12-15,150.87262270073776,151.16054755322008,148.6268123660833,150.59909057617188,7770128,0.0,0.0
2017-12-18,150.41194503699302,152.55697105886046,145.50282119098605,151.5636444091797,9972622,0.0,0.0
2017-12-19,152.3122555745463,153.7374871896209,151.4628736969936,153.4783477783203,7799112,0.0,0.0
2017-12-20,153.75185609170566,154.01099546284792,151.7219895962135,153.19039916992188,5450164,0.0,0.0
2017-12-21,152.88808819768687,155.62337414472645,152.09629489722803,154.06857299804688,5495720,0.0,0.0
2017-12-22,153.49271734420373,154.50045423279437,152.39860652272696,154.08297729492188,3773180,0.0,0.0
2017-12-26,154.0110050991458,156.19922687012323,152.83050270217984,155.16270446777344,4046770,0.0,0.0
2017-12-27,154.02539680897635,155.82492706056843,152.96007138532633,153.57911682128906,3567206,0.0,0.0
2017-12-28,153.07525166735158,154.87478195793204,150.32555532451426,151.5060577392578,9984850,0.0,0.0
2017-12-29,150.6566799879203,152.52819154056527,148.39647691144907,149.05870056152344,3208434,0.0,0.0
2018-01-01,149.14504417878405,150.58466815734374,146.03545989980208,146.4385528564453,3880586,0.0,0.0
2018-01-02,147.21596657916427,147.69104959264908,143.15623338107372,143.9048309326172,5073166,0.0,0.0
2018-01-03,144.00557788301276,145.37322059678212,142.06208560555106,142.4939727783203,7741628,0.0,0.0
2018-01-04,142.52279737594776,142.66675979753964,141.22713558162096,141.5150604248047,5440616,0.0,0.0
2018-01-05,141.37107728362147,142.2348516865764,139.26922975113823,140.42092895507812,5878478,0.0,0.0
2018-01-08,141.08318740505453,144.3943234359895,141.08318740505453,143.15625,9981252,0.0,0.0
2018-01-09,143.6745189913636,144.17838754494053,141.4431011112372,142.83953857421875,7307420,0.0,0.0
2018-01-10,142.39320922881151,143.44414179965497,142.09089169735404,142.32122802734375,6242816,0.0,0.0
2018-01-11,142.52280683878854,142.52280683878854,140.7232764494099,141.77420043945312,5917284,0.0,0.0
2018-01-12,141.2271389916541,141.94695111699383,140.406551411413,141.05438232421875,5617420,0.0,0.0
2018-01-15,141.14076736240295,142.2060840532881,139.87389097164552,140.27699279785156,8156456,0.0,0.0
2018-01-16,140.5073165167659,140.5505034837514,136.89386342842943,138.04556274414062,9323778,0.0,0.0
2018-01-17,137.9160134446513,139.35563780211115,136.69233274081046,138.16075134277344,6795488,0.0,0.0
2018-01-18,138.2327291520866,138.99572828537222,134.74883653558612,135.39666748046875,7342492,0.0,0.0
2018-01-19,135.87172139443388,137.77202697209225,134.00021005625499,137.426513671875,7816330,0.0,0.0
2018-01-22,138.2039115450117,138.2183042710904,133.9570205131598,135.07992553710938,4336230,0.0,0.0
2018-01-23,136.15966926105662,139.06771220531255,135.03676402544843,138.53504943847656,7558880,0.0,0.0
2018-01-24,138.49186282599507,138.92375013210523,136.2316508333312,138.347900390625,5081584,0.0,0.0
2018-01-25,139.93146709965038,140.07542951436193,136.361200972157,138.3910675048828,8033530,0.0,0.0
2018-01-29,138.34790483309325,138.36229756238453,134.82082505326935,135.26710510253906,5294232,0.0,0.0
2018-01-30,135.0943487194166,141.83178873058395,135.02236750394093,139.81631469726562,13185108,0.0,0.0
2018-01-31,139.93146891155703,142.11969940086104,139.16846986105966,141.74539184570312,12222654,0.0,0.0
2018-02-01,141.39988832855528,142.20607435243338,138.62141542614094,141.18394470214844,7298886,0.0,0.0
2018-02-02,139.08210149115365,141.8317892035548,136.0013107305837,137.3833465576172,5980182,0.0,0.0
2018-02-05,135.32468535060107,140.72327652150273,134.18737862922333,137.037841796875,6870184,0.0,0.0
2018-02-06,133.88505546661128,137.5992842802667,133.88505546661128,134.51849365234375,6296186,0.0,0.0
2018-02-07,136.2028586864921,138.66462164129425,134.9359909930792,137.1242218017578,7262940,0.0,0.0
2018-02-08,139.18284206731713,142.23484660609697,137.2825366913397,137.68563842773438,12077668,0.0,0.0
2018-02-09,137.05224276919873,138.17514804293688,134.950394661606,136.87948608398438,5724900,0.0,0.0
2018-02-12,138.49185551709917,138.72219188682737,133.16524568951843,134.6192626953125,9138866,0.0,0.0
2018-02-14,135.03674181048098,135.2958723934886,132.18628782386074,132.47421264648438,8902568,0.0,0.0
2018-02-15,132.73334619005323,137.23936800726426,132.73334619005323,136.7786865234375,9447478,0.0,0.0
2018-02-16,137.34015624318073,137.5560998850725,133.88505797291202,134.08660888671875,4826418,0.0,0.0
2018-02-19,134.7488276767877,134.8208088881535,130.54512317567085,131.53846740722656,3685810,0.0,0.0
2018-02-20,131.6392925618855,132.33031069454245,130.0988922997139,130.44439697265625,4500020,0.0,0.0
2018-02-21,131.91278434793193,131.91278434793193,126.71574368671418,128.86077880859375,18326086,0.0,0.0
2018-02-22,128.16229049956888,129.54437271596808,126.45326185970256,127.0477066040039,17814722,7.0,0.0
2018-02-23,127.52323810956617,128.69726995094686,125.63588355491184,127.77587890625,6836098,0.0,0.0
2018-02-26,128.99450324148836,131.6695044607819,128.13256021826174,128.69728088378906,11794172,0.0,0.0
2018-02-27,129.4403490279478,129.6929898700028,126.15604529275507,126.89910125732422,13629606,0.0,0.0
2018-02-28,126.31953184023239,128.05828485731143,126.06689096245019,127.67189025878906,12142648,0.0,0.0
2018-03-01,128.40007516481668,131.93701986567189,127.86507847983302,131.3425750732422,12444394,0.0,0.0
2018-03-05,131.23854150752823,131.2979896132018,128.69729372386277,129.08367919921875,5686010,0.0,0.0
2018-03-06,131.07508749811663,135.23620138694574,129.44036418464805,132.32342529296875,15708338,0.0,0.0
2018-03-07,132.29368806503763,133.3488239250189,130.39146657649707,131.7884063720703,6948874,0.0,0.0
2018-03-08,132.56115813584668,132.84352297532484,128.2811584316604,131.4317169189453,7891378,0.0,0.0
2018-03-09,131.72898375003626,132.23425643545468,130.1834234958546,130.5995330810547,7425564,0.0,0.0
2018-03-12,130.7778672793089,133.15564668438725,130.168564934961,132.78411865234375,5083992,0.0,0.0
2018-03-13,132.85840405980255,139.2189611872666,132.42742797995155,138.69882202148438,8341074,0.0,0.0
2018-03-14,137.91119015260767,138.04494385746733,135.9643871094754,137.5545196533203,5703778,0.0,0.0
2018-03-15,137.31673125521863,138.35700952230363,135.5631211333767,137.3315887451172,3657142,0.0,0.0
2018-03-16,135.68202520395397,136.27647000221884,131.6695228156662,133.02188110351562,12294654,0.0,0.0
2018-03-19,132.56119080829677,132.56119080829677,127.50840999273387,128.02854919433594,9910680,0.0,0.0
2018-03-20,127.50840856609541,130.42118443427398,125.57646298176063,126.289794921875,5625596,0.0,0.0
2018-03-21,126.82480203254443,129.1431331302702,126.24521472285907,127.99882507324219,5800674,0.0,0.0
2018-03-22,128.5486800706312,128.5486800706312,122.9311788712415,123.25812530517578,9497264,0.0,0.0
2018-03-23,121.83144422414954,124.10519347663181,120.74658441824693,122.88658905029297,7327480,0.0,0.0
2018-03-26,122.60423934488784,125.66562642032679,119.63201536076936,124.69965362548828,7459884,0.0,0.0
2018-03-27,125.66561479320107,126.6167300083208,123.39186546982909,125.05631256103516,9496436,0.0,0.0
2018-03-28,124.536173931128,127.8056200247853,123.54047717032189,127.0477066040039,11726684,0.0,0.0
2018-04-02,127.463813892489,128.84589608483395,125.5021444563348,125.84394836425781,4584294,0.0,0.0
2018-04-03,125.93313417864357,127.74618355749267,125.93313417864357,126.69104766845703,7140288,0.0,0.0
2018-04-04,127.50841448922644,127.50841448922644,122.99063020779184,123.33244323730469,4902828,0.0,0.0
2018-04-05,124.1349343888472,125.90341130905932,123.80798793252548,125.56160736083984,3673050,0.0,0.0
2018-04-06,125.72508610253652,129.35120332518665,125.72508610253652,128.97967529296875,7060242,0.0,0.0
2018-04-09,130.15367334320797,134.89437374866372,129.2917302887179,133.85409545898438,12496028,0.0,0.0
2018-04-10,134.93894339978476,135.08755457092988,130.5400563620911,134.09185791015625,10069126,0.0,0.0
2018-04-11,132.8435501200855,134.04729716487083,123.37701523569325,124.03089904785156,36976826,0.0,0.0
2018-04-12,123.05006194999198,125.79936888969591,119.6171471832131,124.43214416503906,38695926,0.0,0.0
2018-04-13,125.13062871104935,125.41299361544125,119.92923678125514,120.49395751953125,17621388,0.0,0.0
2018-04-16,120.375064257368,122.11381699963142,118.90380984379728,121.32617950439453,11015550,0.0,0.0
2018-04-17,121.8611667175355,122.57449856226854,119.91436390183601,122.05435943603516,12778496,0.0,0.0
2018-04-18,121.02898469209224,121.56398147134186,119.64689304976368,120.43453979492188,10324696,0.0,0.0
2018-04-19,117.70006151332504,118.24992472591043,111.56242123083516,111.91908264160156,31872834,0.0,0.0
2018-04-20,110.52214328596246,113.50922456240448,109.92769852881919,110.38838958740234,23408106,0.0,0.0
2018-04-23,111.75563754928847,114.49008762816617,111.04230550669268,113.34577941894531,17368914,0.0,0.0
2018-04-24,111.7853208054988,115.45601841737648,111.75559675821727,114.0442123413086,12783140,0.0,0.0
2018-04-25,114.51977717956223,116.19909085061585,113.58352851470059,114.66838836669922,13352822,0.0,0.0
2018-04-26,115.41144264059385,115.41144264059385,112.11228159006235,114.5792236328125,7893284,0.0,0.0
2018-04-27,115.27770348511783,117.32853612126777,113.89562121318029,115.96131134033203,8893008,0.0,0.0
2018-04-30,117.40283872167315,117.83381479581631,114.16311663180942,115.12908935546875,7924314,0.0,0.0
2018-05-02,116.09506961046732,116.2882623536306,112.94451040097029,113.22687530517578,4594832,0.0,0.0
2018-05-03,113.00393535382952,113.10795591463676,111.16115324930186,112.26087951660156,5778062,0.0,0.0
2018-05-04,111.45839202869969,113.99963973875118,110.59644894444585,113.00395202636719,7335112,0.0,0.0
2018-05-07,111.60700153988002,115.41144430238417,111.16116797846905,114.66838836669922,7618908,0.0,0.0
2018-05-08,113.24173256201439,117.52173323844568,113.24173256201439,116.68951416015625,11944494,0.0,0.0
2018-05-09,113.31600894736252,115.17364843830288,112.1865677650729,114.56434631347656,21715226,0.0,0.0
2018-05-10,114.69811930188766,116.31798496710064,113.1971498499255,115.97618103027344,8393668,0.0,0.0
2018-05-11,115.69383395964557,119.03758638622493,115.69383395964557,118.68091583251953,9051198,0.0,0.0
2018-05-14,119.48339049527718,121.98005654227117,118.72547709421879,120.13728332519531,8090792,0.0,0.0
2018-05-15,119.48339732398884,122.75284351942138,118.7551988613487,120.61283874511719,10351852,0.0,0.0
2018-05-16,120.6128457390714,120.6128457390714,117.72979391458809,118.39854431152344,9717354,0.0,0.0
2018-05-17,117.40285433107007,117.40285433107007,114.47521171909237,116.09507751464844,12898592,0.0,0.0
2018-05-18,115.61947781727163,116.73406147232245,113.74698090498826,114.83184051513672,13183142,0.0,0.0
2018-05-21,115.32227491823947,117.31366834528797,114.57921902314772,117.06102752685547,8663050,0.0,0.0
2018-05-22,117.55144462659987,119.02269895240474,115.44116403411962,118.17561340332031,11578438,0.0,0.0
2018-05-23,117.04618175626435,117.25424107204792,109.98714949907514,111.14632415771484,19965306,0.0,0.0
2018-05-24,111.75561744081821,112.00825828370878,106.86630554957945,110.37353515625,17467898,0.0,0.0
2018-05-25,110.26951601389013,113.83618499547148,109.15493195714596,113.10798645019531,16436392,0.0,0.0
2018-05-28,117.40281925865668,120.47907215966184,116.80837460418246,119.4833755493164,14322672,0.0,0.0
2018-05-29,119.51311514043148,122.05436274062997,118.97810943951664,120.47908782958984,9805644,0.0,0.0
2018-05-30,121.11815014755182,121.56398382907655,117.68523442801518,118.96328735351562,12205548,0.0,0.0
2018-05-31,118.96327692712512,121.17758764616453,116.79355682873768,120.06300354003906,17614886,0.0,0.0
2018-06-01,120.3750647636325,122.30701024749327,119.94408868133758,121.63825988769531,10370104,0.0,0.0
2018-06-04,122.18812425316491,123.9565920011121,116.8232547631225,121.41534423828125,15724670,0.0,0.0
2018-06-05,121.83144596620882,121.99492370975506,119.79547094572756,120.47908782958984,7023232,0.0,0.0
2018-06-06,121.26673837056975,122.45562796243809,120.40479523056676,121.8611831665039,5862606,0.0,0.0
2018-06-07,122.15840099695404,124.19437616100477,121.92062671567389,123.65937042236328,6087188,0.0,0.0
2018-06-08,122.48532434100275,122.6933745302665,120.34531993096671,121.81657409667969,6484074,0.0,0.0
2018-06-11,121.86117627885703,124.23895532820057,121.44506675932335,123.16895294189453,12667834,0.0,0.0
2018-06-12,124.23895726487808,124.98201322938094,123.25812701993726,123.37701416015625,6865952,0.0,0.0
2018-06-13,124.0903333226012,125.26436525409545,122.93116795117399,124.80366516113281,10363704,0.0,0.0
2018-06-14,124.80370171585872,124.80370171585872,122.96092801578325,123.74856567382812,7497040,0.0,0.0
2018-06-15,123.79311756252012,123.82284161373137,121.65311286240825,122.52992248535156,12401856,0.0,0.0
2018-06-18,124.68480400264251,127.55299851422737,123.57021993825654,125.75480651855469,12946848,0.0,0.0
2018-06-19,124.4916081419612,124.83341209908325,121.40049689456171,122.93119049072266,8598042,0.0,0.0
2018-06-20,123.34728166928696,124.23894876569143,120.38991550467604,122.06922912597656,6025038,0.0,0.0
2018-06-21,123.3175635359687,126.73562090286627,121.04381414513392,125.4129867553711,8592666,0.0,0.0
2018-06-22,125.72507493752789,127.50840933380489,124.89285584746841,126.72077178955078,14595152,0.0,0.0
2018-06-25,126.02228835022566,126.31951072841015,121.65311576271074,122.45561981201172,10733728,0.0,0.0
2018-06-26,121.16272329024225,124.16467168487604,121.11814173928663,123.42161560058594,8421460,0.0,0.0
2018-06-27,121.26672539520186,121.47478467971986,112.46894154262507,113.77671813964844,17001328,0.0,0.0
2018-06-28,110.56670396361741,114.49004224859311,108.04031422251326,109.06573486328125,26701926,0.0,0.0
2018-06-29,109.97227196305126,112.61754912319633,107.54991157039886,110.9531021118164,13846402,0.0,0.0
2018-07-02,111.45838310073462,112.3500501655405,109.1549098499861,109.7344970703125,9069732,0.0,0.0
2018-07-03,109.30353850671179,111.97854012890187,108.21867855181405,111.13145446777344,7993666,0.0,0.0
2018-07-04,110.86395309941528,111.59215159382093,108.38214429233757,109.33325958251953,6720446,0.0,0.0
2018-07-05,110.47758928153294,111.60703097343315,109.7048090905178,110.43299865722656,8423950,0.0,0.0
2018-07-06,111.45837678825843,113.36059793801019,110.73017843170611,111.32462310791016,13842516,0.0,0.0
2018-07-09,111.75560163424353,112.52838154475175,110.29921395896233,111.84476470947266,4580944,0.0,0.0
2018-07-10,111.8745188179769,112.27577090533394,111.0274330936695,111.53271484375,3375712,0.0,0.0
2018-07-11,111.7258798607967,112.64727096245365,108.1146301123813,108.93199157714844,8323782,0.0,0.0
2018-07-12,114.72785538703786,114.72785538703786,111.77048864717376,112.1568832397461,12074942,0.0,0.0
2018-07-13,113.27144760342931,115.61950252439927,111.54755240626262,114.92102813720703,11727122,0.0,0.0
2018-07-16,114.43063838587408,116.51119544743543,112.91480214120617,113.59841918945312,7070272,0.0,0.0
2018-07-17,115.90189631848,117.55147726376273,114.31175442002636,116.70439147949219,14043960,0.0,0.0
2018-07-18,117.70008385033455,120.33050420503092,117.07591492490526,119.58744812011719,13400542,0.0,0.0
2018-07-19,118.85920928081258,119.76574283974392,116.34768600655686,118.38365173339844,5890524,0.0,0.0
2018-07-20,117.13534583278579,117.4028441699576,114.17797942106107,115.5749282836914,8501230,0.0,0.0
2018-07-23,116.36254172967394,119.03754268897679,114.31170947497621,115.82754516601562,7558568,0.0,0.0
2018-07-24,116.71922681882444,118.27964424115895,115.81269315973556,117.982421875,5659434,0.0,0.0
2018-07-25,116.31798614751129,118.68089874647566,115.48575799884782,117.59603881835938,5498132,0.0,0.0
2018-07-26,116.13966126782529,117.78924207989428,115.23313650993305,115.58979797363281,11744230,0.0,0.0
2018-07-27,115.91672742778775,118.59172882996747,114.14825065036608,118.05673217773438,6981856,0.0,0.0
2018-07-30,118.59172803212478,121.11811822829786,116.71923069139932,117.6257553100586,8310826,0.0,0.0
2018-07-31,116.24366685621754,116.77866347622715,114.62380136537227,115.84241485595703,7792336,0.0,0.0
2018-08-01,117.4028356147535,118.85922340701235,116.86783897939533,117.70005798339844,8792976,0.0,0.0
2018-08-02,119.30509354307905,120.07787375261863,118.14592776402452,119.42398071289062,8384800,0.0,0.0
2018-08-03,118.29450839642482,120.37506507676395,117.70006363061364,119.17131805419922,5823858,0.0,0.0
2018-08-06,118.88896533081359,120.07785498412173,118.72549663168701,119.18618774414062,3482306,0.0,0.0
2018-08-07,119.18620918332067,119.57259476194545,116.68954227637552,117.1353759765625,3810902,0.0,0.0
2018-08-08,117.40282774958028,118.24991325757091,113.88074110299164,115.11421203613281,8469624,0.0,0.0
2018-08-09,118.14590801227827,118.14590801227827,114.69812624108877,115.60466003417969,10836354,0.0,0.0
2018-08-10,116.34771911376147,120.07785683015835,115.20341099075854,119.3645248413086,11106596,0.0,0.0
2018-08-13,119.00783675056782,119.00783675056782,111.90422382516974,112.85533905029297,8766994,0.0,0.0
2018-08-14,113.68757498237532,113.96993990792052,111.68132365915693,111.94882202148438,8609654,0.0,0.0
2018-08-16,112.94452125154503,114.13341094892971,111.53271473590071,112.43923950195312,7820138,0.0,0.0
2018-08-17,113.24174800983126,113.24174800983126,111.48813745317712,112.23119354248047,5434214,0.0,0.0
2018-08-20,112.37978712564542,113.61325822623027,111.29492721960109,111.74076080322266,6797042,0.0,0.0
2018-08-21,112.49867985095008,112.49867985095008,109.40756866518409,109.60076141357422,11132910,0.0,0.0
2018-08-23,109.76422131872084,109.86825096583453,106.10838967249327,106.33130645751953,14180494,0.0,0.0
2018-08-24,106.47991420089431,107.59449808994763,105.06810794142677,106.0935287475586,9731858,0.0,0.0
2018-08-27,106.55422214358245,107.69853010901662,106.10838857812813,107.46074676513672,6347096,0.0,0.0
2018-08-28,107.46073594985911,108.45643262659762,106.15295943691437,106.5690689086914,7747378,0.0,0.0
2018-08-29,106.55423287526875,107.98089680020722,106.10839926491198,107.5053482055664,6736818,0.0,0.0
2018-08-30,106.97033717499941,108.33756199368516,106.36103489898557,107.99575805664062,8130098,0.0,0.0
2018-08-31,107.88968414012194,111.01120781885933,107.88968414012194,109.73835754394531,12008646,3.5,0.0
2018-09-03,110.76876743097337,110.76876743097337,108.67764891060452,109.13224029541016,4359234,0.0,0.0
2018-09-04,108.6473205621941,109.0564545814119,106.0713031987948,106.46527862548828,7254520,0.0,0.0
2018-09-05,105.91976832910099,107.81389866402769,104.7075249147479,105.79854583740234,7872604,0.0,0.0
2018-09-06,106.41985049041119,107.57148764689207,105.96525906648917,107.162353515625,7535324,0.0,0.0
2018-09-07,107.70783948331396,108.95039099389922,106.99564453528593,108.1775894165039,6979302,0.0,0.0
2018-09-10,108.19274025319922,108.20788959857877,104.10141814278413,104.28325653076172,9668840,0.0,0.0
2018-09-11,104.79845181130322,105.76825035645219,102.16182762383438,102.4497299194336,9776294,0.0,0.0
2018-09-12,102.04062560827391,102.04062560827391,98.26751307967987,101.26781463623047,12442422,0.0,0.0
2018-09-14,103.08617798522856,108.07153420060826,103.04072069348334,107.43510437011719,18661472,0.0,0.0
2018-09-17,106.99565758542312,111.29912648882186,105.49551153185799,110.31417846679688,17953744,0.0,0.0
2018-09-18,110.61722133717524,111.90523007877249,106.73804576783834,107.6169204711914,12373420,0.0,0.0
2018-09-19,108.34424911874795,111.10210458241627,107.17746304773257,110.63235473632812,9421832,0.0,0.0
2018-09-21,112.17800112959716,114.84494285662329,109.60198323057152,114.1024398803711,16295730,0.0,0.0
2018-09-24,113.72360391422417,116.20870701968514,110.78390945400949,111.34457397460938,13131362,0.0,0.0
2018-09-25,108.49582754669684,110.75363547863776,107.6169525811118,110.37480926513672,7893402,0.0,0.0
2018-09-26,112.37497537117095,112.37497537117095,109.51105548290161,111.72339630126953,6304634,0.0,0.0
2018-09-27,111.51126180544907,113.57207222506918,110.7081430218544,112.79927062988281,6862024,0.0,0.0
2018-09-28,113.13263989362466,114.37519153905343,110.81422566115654,113.39024353027344,7629776,0.0,0.0
2018-10-01,112.73866257699919,112.96595826767863,109.17769675635472,111.63249206542969,6316314,0.0,0.0
2018-10-03,109.98078722409011,115.70863578354412,108.904924841414,114.51155090332031,9743764,0.0,0.0
2018-10-04,112.73864271928352,116.31475725660452,92.08504644719453,100.35860443115234,19841194,0.0,0.0
2018-10-05,90.3272898309261,90.3272898309261,72.29517244534092,80.40204620361328,111440754,0.0,0.0
2018-10-08,82.73562551762664,84.84190246745767,77.90180047380792,80.28083038330078,51461200,0.0,0.0
2018-10-09,80.91728244657942,81.25065137755745,77.341161922948,77.9472885131836,24359252,0.0,0.0
2018-10-10,78.46246201700136,82.90230217440129,77.58358729194664,80.43235778808594,18048794,0.0,0.0
2018-10-11,79.40195507799235,86.22082526598788,78.5533882651823,84.29638671875,43975840,0.0,0.0
2018-10-12,87.5846063427761,89.61511821697896,84.88736599026159,87.5542984008789,22536196,0.0,0.0
2018-10-15,88.16041010975523,91.13041234924778,84.09939607686165,89.81209564208984,18292836,0.0,0.0
2018-10-16,89.85755981308817,92.58510800303014,88.40287114459312,91.55470275878906,15744782,0.0,0.0
2018-10-17,91.82744711864932,92.26688909641354,85.8268453628449,86.41780853271484,13039636,0.0,0.0
2018-10-19,87.91796137796976,88.46346725157727,84.97826720133709,85.93290710449219,22938928,0.0,0.0
2018-10-22,86.508733488401,86.96332481677162,81.85674704500491,82.17495727539062,9585342,0.0,0.0
2018-10-23,81.22031518642159,82.94776588799446,78.94735860471204,81.69005584716797,17512914,0.0,0.0
2018-10-24,84.53883138218598,86.67540676557014,83.17505749951093,85.3267822265625,27791198,0.0,0.0
2018-10-25,84.41761670944815,85.55409517483483,83.09930908854794,83.9478759765625,18119966,0.0,0.0
2018-10-26,84.02363780798412,85.00858577146815,80.76573300569078,83.4023666381836,14583372,0.0,0.0
2018-10-29,84.22061960961621,85.16011021978488,81.97797086993526,84.05393981933594,9988492,0.0,0.0
2018-10-30,82.14464885415492,82.94776759516876,80.02322266756426,80.72026824951172,20999664,0.0,0.0
2018-10-31,80.72027957771843,83.781196783388,80.03839249347605,83.37206268310547,11628440,0.0,0.0
2018-11-01,84.31156361114648,86.97849638623227,83.37207277605263,85.90263366699219,15030068,0.0,0.0
2018-11-02,89.40295579417618,93.34274706646191,88.55438906577272,91.63045501708984,34265322,0.0,0.0
2018-11-05,91.5243834727332,91.66076456479857,87.88765300361798,88.43315887451172,7889190,0.0,0.0
2018-11-06,88.38771717890907,89.22113472503894,86.06930294577579,86.40267181396484,6516560,0.0,0.0
2018-11-07,87.28154677353895,87.87251927929232,86.79664744172663,87.50884246826172,1059084,0.0,0.0
2018-11-09,89.06961242237303,90.28185623689647,87.97859113956466,89.9636459350586,13115928,0.0,0.0
2018-11-12,89.25142466884971,91.26677756969991,87.90280012123914,88.25132751464844,12029462,0.0,0.0
2018-11-13,89.46358838094827,92.31235921415785,89.46358838094827,91.87291717529297,15427542,0.0,0.0
2018-11-14,94.85804958442198,99.82824585987544,94.81259230496487,95.75208282470703,29661262,0.0,0.0
2018-11-15,95.61572987691228,98.02506813271468,93.4943032235418,97.54016876220703,11734218,0.0,0.0
2018-11-16,96.85828288323943,98.57057542599054,95.73695365240081,97.60077667236328,9942196,0.0,0.0
2018-11-19,97.2067746504913,98.3584022641023,96.03998844407677,97.8735122680664,5482956,0.0,0.0
2018-11-20,98.55539820840748,99.99493733484486,97.31284679690373,97.85835266113281,8885146,0.0,0.0
2018-11-21,102.13152989493861,103.90443812415754,98.58571343650075,98.97969818115234,15524294,0.0,0.0
2018-11-22,99.04029862761297,99.40397540784727,96.23698529675141,97.00979614257812,7144756,0.0,0.0
2018-11-26,100.04041062539345,100.88897749414669,98.02505737559062,99.20699310302734,14290304,0.0,0.0
2018-11-27,98.66148099752945,101.98000184469892,97.63107569638402,101.67694091796875,10291628,0.0,0.0
2018-11-28,101.43448989316505,101.61631903952994,96.55520741086629,97.02494812011719,10244930,0.0,0.0
2018-11-29,99.20697806358389,100.61620926530395,98.55539904006643,99.55549621582031,17783444,0.0,0.0
2018-11-30,99.73734774607753,100.55560665727404,97.10071411862369,98.31295776367188,18242294,0.0,0.0
2018-12-03,97.58560229798908,99.08575733713674,96.26728563459933,98.17657470703125,9158842,0.0,0.0
2018-12-04,97.58561515552076,101.49509913033718,97.13102378057268,101.13143157958984,10470422,0.0,0.0
2018-12-05,100.66167316368083,102.54065438861957,99.41912166000743,99.84341430664062,9539930,0.0,0.0
2018-12-06,99.403975813997,100.4798383161685,97.88867130463728,98.46448516845703,7213812,0.0,0.0
2018-12-07,99.52518755104113,100.29799831636582,97.41892006025319,98.61600494384766,10294418,0.0,0.0
2018-12-10,96.37336521885054,100.7677482241126,96.13092020079269,100.08586120605469,11618054,0.0,0.0
2018-12-11,98.79784320343882,100.01008667832764,97.46437723079787,99.02513885498047,10861812,0.0,0.0
2018-12-12,99.01000341783029,100.08586595343483,98.31295777265288,99.82826232910156,6257126,0.0,0.0
2018-12-13,99.93434752683227,102.22245398301386,99.93434752683227,101.49510955810547,5970876,0.0,0.0
2018-12-14,101.41933008881425,105.88947844110359,100.23739440811539,104.64692687988281,7198212,0.0,0.0
2018-12-17,104.55602085630572,106.66229801940699,103.48015825421507,106.17739868164062,7454414,0.0,0.0
2018-12-18,107.01081712392104,108.37459132027853,105.67735087055308,107.0562744140625,8987630,0.0,0.0
2018-12-19,108.61703771487929,110.01111987152838,107.61694032461244,109.63229370117188,7350428,0.0,0.0
2018-12-20,108.19273626554815,112.70834161568992,107.9199833179769,112.46589660644531,7217516,0.0,0.0
2018-12-21,113.55692953015053,113.98121296507574,111.55672562414857,113.5417709350586,10465642,0.0,0.0
2018-12-24,113.37508673785425,114.10243106221907,110.25355385812313,110.60208129882812,6491252,0.0,0.0
2018-12-26,111.768876235037,112.52652862071021,108.55643751873168,111.02638244628906,12955862,0.0,0.0
2018-12-27,109.40500380716408,111.7537261880658,107.55633014794287,110.49602508544922,14625538,0.0,0.0
2018-12-28,109.64743406351242,112.07192135512075,109.1625440041388,109.67774200439453,9355426,0.0,0.0
2018-12-31,109.6777448795189,110.55661969602899,108.73825417965558,109.93534851074219,6782002,0.0,0.0
2019-01-01,109.42011912920351,111.92037120879522,109.10190892763794,111.28395080566406,3105422,0.0,0.0
2019-01-02,110.92029617950115,110.92029617950115,105.08637349792903,108.48065948486328,19725590,0.0,0.0
2019-01-03,106.67741855053193,107.52598522589246,105.51063243539886,106.82894897460938,9972260,0.0,0.0
2019-01-04,106.61683340263193,109.61714406283937,106.52591882146203,108.93525695800781,7717220,0.0,0.0
2019-01-07,109.1019205603939,109.95048735416765,107.28355521772068,107.7532958984375,5790820,0.0,0.0
2019-01-08,107.61692481303655,107.85936982764511,106.08646175618108,106.66228485107422,4342090,0.0,0.0
2019-01-09,106.37437533418566,106.52590578337966,102.43458365514175,103.05585479736328,9131732,0.0,0.0
2019-01-10,102.10123568077232,102.66190030709448,100.91929978527665,101.70726013183594,9773604,0.0,0.0
2019-01-11,101.82845193811508,102.9497808523833,101.3890099787896,102.22242736816406,4669620,0.0,0.0
2019-01-14,102.70735437142959,102.9952659741502,100.47985453341977,101.51026916503906,7516622,0.0,0.0
2019-01-15,102.10121792674252,104.05596448035212,101.88908084062092,103.55591583251953,6913912,0.0,0.0
2019-01-16,104.67724284226955,105.7682640344827,103.7529107099238,105.23790740966797,9562002,0.0,0.0
2019-01-17,105.1924444471368,108.1927456274034,104.87422494019809,107.6472396850586,7898996,0.0,0.0
2019-01-18,107.25325342453952,108.4048904234319,106.46529321449421,107.34417724609375,5008314,0.0,0.0
2019-01-21,106.4046666793877,107.79874844429493,105.55609074703045,106.5410385131836,3885636,0.0,0.0
2019-01-22,106.52590219426396,108.37457546188138,106.38952109511052,107.22293853759766,4687940,0.0,0.0
2019-01-23,107.43508022795002,108.69278100993678,107.40477229070183,108.23818969726562,3973026,0.0,0.0
2019-01-24,108.2381990640832,109.17768970797623,106.75320249725087,107.2684097290039,3294118,0.0,0.0
2019-01-25,107.58660637798151,109.20798384496386,107.58660637798151,108.32910919189453,3868832,0.0,0.0
2019-01-28,108.19274718318475,108.46550015827927,104.91969298468014,105.6773452758789,2902748,0.0,0.0
2019-01-29,105.4955020177208,107.11687969595161,103.25285318879334,104.52570343017578,6198614,0.0,0.0
2019-01-30,104.40446887483198,104.49538343562686,101.97998193434242,103.85896301269531,5565262,0.0,0.0
2019-01-31,103.26799300264513,106.37436696677457,102.46488353482648,104.6923828125,15638906,0.0,0.0
2019-02-01,105.22274650842267,105.67733785120328,102.55580508156578,103.34376525878906,5444740,0.0,0.0
2019-02-04,103.04070696219065,103.63167942218301,101.84361269653834,102.60126495361328,4309536,0.0,0.0
2019-02-05,102.58612102903518,103.13162698348208,102.01030713296672,102.41944122314453,2584132,0.0,0.0
2019-02-06,102.41941226150234,103.46496658664991,102.04058622006859,102.82853698730469,4190822,0.0,0.0
2019-02-07,102.96494462866787,103.66198102528196,102.40428009294695,102.85887145996094,3048046,0.0,0.0
2019-02-08,103.13162134892775,105.10151721379584,101.54055161191891,102.25274658203125,6682742,0.0,0.0
2019-02-11,100.91928160195327,102.28305567765535,99.40397707339542,101.10111999511719,6629896,0.0,0.0
2019-02-12,101.22231827109863,104.10139618599514,101.22231827109863,102.82853698730469,6080496,0.0,0.0
2019-02-14,98.82816893679188,99.46459872545205,94.57015741526197,95.66117858886719,21289140,0.0,0.0
2019-02-15,96.37336131499343,99.70703104601522,96.37336131499343,99.35851287841797,13414256,0.0,0.0
2019-02-18,97.75228856055138,100.04040388053625,97.75228856055138,99.32820892333984,7905264,0.0,0.0
2019-02-19,98.79787472946087,102.67705138746196,98.66149359554369,101.60118865966797,7666336,0.0,0.0
2019-02-20,102.43457862525963,104.48023958892976,101.85876479633377,103.37406921386719,12565482,0.0,0.0
2019-02-21,102.71644663610358,105.738437743137,102.16841681411218,105.00251007080078,9353768,5.5,0.0
2019-02-22,105.53487974195002,108.66647854734914,105.12777572000059,107.78963470458984,9709800,0.0,0.0
2019-02-25,108.04014242233207,108.11843238060912,104.67367421641882,105.23735809326172,14031192,0.0,0.0
2019-02-26,105.23737224405976,105.83238365247762,103.10788891533373,105.4252700805664,9058794,0.0,0.0
2019-02-27,105.8480368163606,106.97541426779269,103.29578576899908,103.56197357177734,9000098,0.0,0.0
2019-02-28,104.59539385713812,106.47435302822444,103.34275440974724,105.70710754394531,17938838,0.0,0.0
2019-03-01,105.92632207678102,108.83870493640597,105.5818443212528,108.36896514892578,5744496,0.0,0.0
2019-03-05,108.36896336979906,114.44427216697355,108.18107510339597,113.52044677734375,12761902,0.0,0.0
2019-03-06,114.24070552790903,117.0591440809681,113.7866294951552,116.71467590332031,12197224,0.0,0.0
2019-03-07,116.98086928887471,118.04562052581188,115.55599565838689,116.08837127685547,11389848,0.0,0.0
2019-03-08,116.15099750294549,116.30757744284077,114.19374825425443,115.0392837524414,5625148,0.0,0.0
2019-03-11,115.6969058548182,121.66259693993165,115.49334431482026,121.20851135253906,18973830,0.0,0.0
2019-03-12,121.63129853315425,123.51025786030971,120.34734108155507,122.19499206542969,12191846,0.0,0.0
2019-03-13,122.13233690685648,122.91523650241325,119.79929228934537,121.83483123779297,9568180,0.0,0.0
2019-03-14,121.80356009418206,122.55514202404842,119.83064677678978,122.226318359375,4095730,0.0,0.0
2019-03-15,122.4455040783283,124.73156721151423,121.9444463957877,124.1052474975586,17258182,0.0,0.0
2019-03-18,124.6376229187583,128.051063444102,124.6376229187583,127.0019760131836,14786442,0.0,0.0
2019-03-19,127.76922454068348,128.36422637104093,126.06249945874809,127.70658874511719,8445352,0.0,0.0
2019-03-20,127.51872268515734,127.61266683799069,121.03630854695312,121.86618041992188,10572670,0.0,0.0
2019-03-22,121.9757609845158,123.60419601938463,117.88902878455174,118.67192840576172,11837696,0.0,0.0
2019-03-25,118.6093165890034,120.64485601561337,117.45062109264182,120.15946197509766,8329530,0.0,0.0
2019-03-26,120.3316613767013,121.63127272417596,117.90467276077564,120.22205352783203,8515642,0.0,0.0
2019-03-27,120.39430757242368,120.87970151482182,118.15520701025902,118.67192840576172,6621912,0.0,0.0
2019-03-28,118.8598128093951,121.8348312733798,118.48402673754599,120.83272552490234,11169948,0.0,0.0
2019-04-01,124.63761765406491,125.10735741909279,122.28891882892549,122.72734069824219,5260852,0.0,0.0
2019-04-02,121.47472233363241,122.5551278028024,118.39009543176024,119.15734100341797,10816790,0.0,0.0
2019-04-03,119.6270796191151,119.6270796191151,113.41085380606488,113.73967742919922,16579908,0.0,0.0
2019-04-04,113.67703221409127,113.67703221409127,110.70201346468669,110.9525375366211,20399592,0.0,0.0
2019-04-05,110.73333577307868,112.58097715860303,110.73333577307868,112.1425552368164,9088048,0.0,0.0
2019-04-08,111.12478055677475,111.12478055677475,109.29279342607894,109.91911315917969,7918214,0.0,0.0
2019-04-09,108.50988711108073,111.92332753595515,108.05580150965316,111.57884979248047,9893784,0.0,0.0
2019-04-10,111.48489876779786,112.7375380797956,110.57673717797542,112.03292846679688,8233760,0.0,0.0
2019-04-11,112.26782014094276,113.990199529437,111.48492041889993,113.26993560791016,12602810,0.0,0.0
2019-04-12,113.95887642247808,115.18019802168732,112.15820714405088,113.09768676757812,10236092,0.0,0.0
2019-04-15,113.33254781741857,113.67702556383654,111.70412233134847,112.23648834228516,4478062,0.0,0.0
2019-04-16,112.76888380280037,113.34823153894524,111.25005635081472,111.95466613769531,8531892,0.0,0.0
2019-04-18,112.11122484307498,114.30334376458762,110.79594966741537,113.64570617675781,9575132,0.0,0.0
2019-04-22,110.79595292125114,110.98385074570353,106.16119088812073,106.50566864013672,13842844,0.0,0.0
2019-04-23,105.84802591149658,107.21027312676311,104.42315246236299,105.33131408691406,16697164,0.0,0.0
2019-04-24,106.5056575072154,109.5746199439145,106.5056575072154,109.29277801513672,13873428,0.0,0.0
2019-04-25,109.27712400114478,112.56530214091588,108.8543563289412,112.18950653076172,19560314,0.0,0.0
2019-04-26,112.04859919507062,116.58941737214842,112.04859919507062,116.19796752929688,18568212,0.0,0.0
2019-04-30,116.91824192848885,120.19075690730743,115.72822866237946,118.95378112792969,19629858,0.0,0.0
2019-05-02,119.03205452587228,119.9088982361922,117.74809729821264,118.51534271240234,7697948,0.0,0.0
2019-05-03,120.55090156053232,121.03629555955813,118.54667065091044,119.23562622070312,10739028,0.0,0.0
2019-05-06,119.15732451376513,122.75866283678299,119.03206248347101,122.24195098876953,18541980,0.0,0.0
2019-05-07,121.64696182400867,121.64696182400867,116.52679576455533,118.640625,14994644,0.0,0.0
2019-05-08,118.39006541109316,120.06547234932013,116.83993004561077,118.93809509277344,7602616,0.0,0.0
2019-05-09,118.87547817383198,118.87547817383198,114.78873649337878,115.25847625732422,9027084,0.0,0.0
2019-05-10,114.94534018672965,115.08626596781036,112.67493085811299,113.66139221191406,8232720,0.0,0.0
2019-05-13,113.3638572275825,115.2271620185777,110.49844672560928,111.20305633544922,7620290,0.0,0.0
2019-05-14,110.8899213942455,112.98808696916828,108.97964411194147,112.29914093017578,9998950,0.0,0.0
2019-05-15,112.42439979548001,115.32112875956967,111.75110794763545,112.59663391113281,12644948,0.0,0.0
2019-05-16,111.48491372760425,118.64061866896849,110.07569431250813,117.60718536376953,13210048,0.0,0.0
2019-05-17,116.49546998123355,118.64061697156521,114.78874489128312,117.81074523925781,12851786,0.0,0.0
2019-05-20,122.13234573628606,124.21485689964406,120.09680664068128,122.69602966308594,10395734,0.0,0.0
2019-05-21,123.85472164253268,124.4340692809345,115.33676983323977,117.26271057128906,16756886,0.0,0.0
2019-05-22,118.37443110627947,121.78787178500502,117.74811136497641,120.33168029785156,15525660,0.0,0.0
2019-05-23,122.10103243282859,128.8496334224524,119.6270713503109,120.36299896240234,25917602,0.0,0.0
2019-05-24,123.69812455616585,124.91944589990158,121.13021029959008,123.83905029296875,19806268,0.0,0.0
2019-05-27,123.07182761804381,126.46961408325144,121.77221608256275,125.89026641845703,10222742,0.0,0.0
2019-05-28,125.8902574409514,128.1919842085239,124.35577611486306,125.87460327148438,39821192,0.0,0.0
2019-05-29,125.89024910800211,126.18775476322303,123.2440447753931,124.99774169921875,8503056,0.0,0.0
2019-05-30,125.57711842265331,128.3016133433538,125.27961269840063,127.65962982177734,14101926,0.0,0.0
2019-05-31,129.69516497396182,132.05952784918514,127.20554961250099,128.19200134277344,27635592,0.0,0.0
2019-06-03,130.74425007790362,131.49583187955005,128.75568292582153,130.61898803710938,14043966,0.0,0.0
2019-06-04,130.086603132727,130.2431830617642,127.37777227175958,127.87882995605469,7454624,0.0,0.0
2019-06-06,129.6482295807382,129.71086539845834,123.85477004633323,124.34016418457031,15270900,0.0,0.0
2019-06-07,123.38498382946989,126.72013439977871,122.00708236813108,126.20342254638672,11055246,0.0,0.0
2019-06-10,125.02907993259896,125.81197961908987,120.97365573382365,122.02274322509766,10884088,0.0,0.0
2019-06-11,121.67827273507118,123.228418029864,118.73457164903778,121.19287872314453,12654378,0.0,0.0
2019-06-12,121.50605385447423,122.2889536860108,118.82854025337228,119.31393432617188,10407070,0.0,0.0
2019-06-13,120.53523962097668,122.28893691448124,119.940237741988,121.75656127929688,13827442,0.0,0.0
2019-06-14,120.95800306016693,122.32025044290036,120.30036540399757,121.03629302978516,6075586,0.0,0.0
2019-06-17,120.61354436179484,120.72315224797495,117.81076874023209,118.42142486572266,7936522,0.0,0.0
2019-06-18,118.67195227855778,121.16156784070418,117.84207086762693,120.73880004882812,6221722,0.0,0.0
2019-06-19,120.77011425251385,121.11459205596924,117.77944101221676,118.79721069335938,8241572,0.0,0.0
2019-06-20,118.40573652024155,121.02062307584927,118.06125878746978,120.6291732788086,8612672,0.0,0.0
2019-06-21,118.06128323203639,121.30249013400048,118.06128323203639,119.00076293945312,10787948,0.0,0.0
2019-06-24,118.68758959054522,119.83062119369544,116.83994828665958,119.26693725585938,6543204,0.0,0.0
2019-06-25,118.68762266517436,123.57291986303314,118.68762266517436,123.10317993164062,12409938,0.0,0.0
2019-06-26,121.34947890493821,123.25975648423773,120.91105689252925,122.57080078125,6532534,0.0,0.0
2019-06-27,121.50601395467184,124.63761225247266,121.06759210435564,122.8212890625,14063226,0.0,0.0
2019-06-28,122.3359036569988,124.19920874208789,122.28893158697154,122.89959716796875,6986386,0.0,0.0
2019-07-01,122.44550742651163,123.02485508913851,117.27836964508593,117.81074523925781,10267468,0.0,0.0
2019-07-02,118.85981988643087,119.62706535873514,117.98297610969493,118.531005859375,10836020,0.0,0.0
2019-07-03,119.9402097258846,120.69179137414878,118.67191629174376,119.37652587890625,10199616,0.0,0.0
2019-07-04,120.2534025493421,120.2534025493421,118.51536891337386,119.00076293945312,4168848,0.0,0.0
2019-07-05,119.07904604505205,119.14168184468556,112.97242829915194,115.88481140136719,17903966,0.0,0.0
2019-07-08,114.88270533638126,115.11757524933957,111.53189075542365,113.00374603271484,7431476,0.0,0.0
2019-07-09,113.36388465457382,115.19587199476028,112.2991428979238,112.76888275146484,7555928,0.0,0.0
2019-07-10,112.7845227339247,113.80229228854701,108.35331258440672,109.4806900024414,7914012,0.0,0.0
2019-07-11,109.26147113573828,111.32832808325924,108.66646932458777,109.77818298339844,12277678,0.0,0.0
2019-07-12,110.4671590588529,111.10913305628617,108.04016973863713,108.27503967285156,9083694,0.0,0.0
2019-07-15,108.4159542955509,109.07358239814792,107.31989471538107,108.79174041748047,6301116,0.0,0.0
2019-07-16,109.29277921581236,111.57884212164348,109.16751719685494,110.99950408935547,10593218,0.0,0.0
2019-07-17,112.4244062133722,112.4244062133722,109.73122911136907,110.4828109741211,9661402,0.0,0.0
2019-07-18,110.85858779066191,111.28135550293456,108.9326566090646,109.37107849121094,9032900,0.0,0.0
2019-07-19,110.01305729639252,110.67069492752444,108.57252955576537,109.91911315917969,7205646,0.0,0.0
2019-07-22,109.4180613049883,111.14044066300205,106.53699611298492,110.70201873779297,7729488,0.0,0.0
2019-07-23,110.7020147509424,112.73755391892294,110.10701290552424,112.44004821777344,7010734,0.0,0.0
2019-07-24,112.14255075326861,112.17386865147577,107.9462104292877,109.32411193847656,8405494,0.0,0.0
2019-07-25,109.91912059062231,110.0757005344836,106.28646398166423,106.56830596923828,7031300,0.0,0.0
2019-07-26,106.28645852255576,108.19673565092364,104.9085569987248,107.66436004638672,9319712,0.0,0.0
2019-07-29,107.4138236062644,108.72909873848076,106.0828943050206,107.16329956054688,4835106,0.0,0.0
2019-07-30,107.57041099991777,107.57041099991777,104.7050002165362,105.06513214111328,4263936,0.0,0.0
2019-07-31,103.81250817040804,108.5568788043761,102.77908431001643,108.19674682617188,8266802,0.0,0.0
2019-08-01,108.04013827531324,108.40027015818842,106.22381513575534,107.61737060546875,6126716,0.0,0.0
2019-08-02,108.04016155913494,108.65082716461303,105.67580822312961,107.24160766601562,7131364,0.0,0.0
2019-08-05,106.47436901531388,108.16543061182777,103.82816396262167,106.16120910644531,5443194,0.0,0.0
2019-08-06,106.4587267022764,108.82308045487368,105.40963897932043,108.13412475585938,6630268,0.0,0.0
2019-08-07,108.65082672586729,108.65082672586729,103.10789289768132,103.68724060058594,7087110,0.0,0.0
2019-08-08,104.34488375496196,108.05582096899033,103.43671238855791,107.57042694091797,8306696,0.0,0.0
2019-08-09,107.57039924733586,109.88778002716897,106.787499689495,108.49422454833984,7708548,0.0,0.0
2019-08-13,108.35332167955013,112.06426827850639,107.10068212256112,107.44515991210938,11053004,0.0,0.0
2019-08-14,106.78750060914618,111.7354220345601,106.78750060914618,110.99950408935547,6025432,0.0,0.0
2019-08-16,111.32834183327219,111.45360387895161,108.46293072699888,109.98175811767578,5180670,0.0,0.0
2019-08-19,110.23225723838257,110.88989477532833,108.35329830818287,108.66645812988281,3454752,0.0,0.0
2019-08-20,109.26146609960375,109.26146609960375,106.19250349499085,107.178955078125,4697534,0.0,0.0
2019-08-21,107.65994487424764,108.84637260393649,104.6457890299773,105.11073303222656,8004410,4.0,0.0
2019-08-22,105.17487800768771,105.76809192918384,99.25878720550826,100.36505126953125,11576938,0.0,0.0
2019-08-23,100.07645717578667,106.07270158506056,98.87400056870565,105.60775756835938,9339236,0.0,0.0
2019-08-26,106.16888621024353,107.96455639997751,102.96233579486689,107.54769897460938,7892084,0.0,0.0
2019-08-27,108.06074796955126,110.94664331591909,107.17894661371663,109.76021575927734,8821812,0.0,0.0
2019-08-28,109.66404250017978,113.03092099799231,108.22109457254582,112.4056396484375,10035400,0.0,0.0
2019-08-29,112.48581728488976,114.60214313002452,111.1070041205843,113.52794647216797,9832932,0.0,0.0
2019-08-30,113.43175988730874,114.40975418551724,110.67412362621087,113.9127426147461,8897562,0.0,0.0
2019-09-03,113.83256377548179,116.46193958538774,109.76023997405564,114.21735382080078,15730198,0.0,0.0
2019-09-04,113.3515778734246,117.48802670715601,111.90862992312641,116.57415771484375,14584568,0.0,0.0
2019-09-05,116.397796843963,123.45220877390015,115.77251550865371,122.10545349121094,29854604,0.0,0.0
2019-09-06,120.88698714767094,122.60249409482121,119.76469416354136,121.5282974243164,14843534,0.0,0.0
2019-09-09,120.56632652082992,123.13156751063482,120.13344014667679,122.4902572631836,7140042,0.0,0.0
2019-09-11,121.84894115229345,124.38211455070451,121.36795848985018,123.80493927001953,9387752,0.0,0.0
2019-09-12,124.10954549495789,126.45033346343978,122.37801001038191,123.19568634033203,11277332,0.0,0.0
2019-09-13,123.61255016483453,132.1099109414055,121.01524170619304,131.00364685058594,25553156,0.0,0.0
2019-09-16,124.41417878803455,125.52044279717498,121.36795533832752,121.84893798828125,49680268,0.0,0.0
2019-09-17,121.81687982915822,121.81687982915822,117.88885455439657,118.2415771484375,30489784,0.0,0.0
2019-09-18,121.7527532756422,124.65467820448342,118.33776841080658,122.52232360839844,48256504,0.0,0.0
2019-09-19,122.82691735144778,123.93318122749193,120.45407185428003,121.80082702636719,25760746,0.0,0.0
2019-09-20,121.06333159653846,146.1545936908808,119.42799838118376,129.49656677246094,57665806,0.0,0.0
2019-09-23,132.43055492849234,148.46330976245025,132.12592867240036,144.56735229492188,62012634,0.0,0.0
2019-09-24,145.57740423678996,152.23099705157716,141.72954333185277,147.91818237304688,62666152,0.0,0.0
2019-09-25,146.86004148343767,151.79812825741666,143.79778907417628,149.16876220703125,66318294,0.0,0.0
2019-09-26,149.16874563642082,154.5717758518199,148.5594931620289,153.9304656982422,41339080,0.0,0.0
2019-09-27,152.31116338623264,154.49161402151526,149.26494011850798,150.6437530517578,21898254,0.0,0.0
2019-09-30,151.58972443750378,153.75414673248665,149.44133098601404,150.739990234375,26279222,0.0,0.0
2019-10-01,159.68623937731536,164.03111205656776,153.51362871865405,158.37155151367188,68201818,0.0,0.0
2019-10-03,159.10902882821003,173.12165746784942,158.53184390636724,170.460205078125,51969202,0.0,0.0
2019-10-04,174.7570327465963,174.7570327465963,164.04715416475403,165.31373596191406,55031842,0.0,0.0
2019-10-07,160.98487254662754,162.7164177377112,152.4554555890249,157.32940673828125,54898474,0.0,0.0
2019-10-09,157.12101252103056,158.9647795046957,154.44354024849758,158.03488159179688,21716066,0.0,0.0
2019-10-10,157.1210414748157,158.4036622215489,155.22917783050818,157.08897399902344,9259080,0.0,0.0
2019-10-11,156.52780212365192,157.93868275990206,153.46554950000834,156.47970581054688,14742088,0.0,0.0
2019-10-14,157.29736287946372,160.00690251770797,154.94055561075302,155.82235717773438,23112252,0.0,0.0
2019-10-15,157.10495689769306,158.563933565291,156.46364675182738,157.21717834472656,11684324,0.0,0.0
2019-10-16,161.898757393798,166.74065134180853,160.7443970812313,164.30368041992188,40761516,0.0,0.0
2019-10-17,164.3036767989113,165.23356482200685,161.64223366670115,164.59225463867188,16703674,0.0,0.0
2019-10-18,163.53412420179492,171.5184451530832,162.49199497894034,166.8368682861328,28373482,0.0,0.0
2019-10-22,170.58851869348877,172.70483459314718,167.49418905034793,171.2618865966797,27148144,0.0,0.0
2019-10-23,170.42817841661991,172.1276464602436,168.21565049203124,169.0172882080078,10594102,0.0,0.0
2019-10-24,168.6325144837106,168.6325144837106,160.53596392409864,164.5120849609375,28158152,0.0,0.0
2019-10-25,165.69850997342238,170.97328987037386,163.45392444886704,168.0713653564453,26762366,0.0,0.0
2019-10-27,169.59449955034012,169.62655723361044,167.06131629245942,168.92111206054688,2076306,0.0,0.0
2019-10-29,171.22981100929897,171.22981100929897,166.09932978055593,167.67054748535156,16633944,0.0,0.0
2019-10-30,168.98524436380814,171.42221539141465,166.2436470649421,168.37599182128906,15046050,0.0,0.0
2019-10-31,168.985249247376,170.2197636382412,166.91701979679954,168.8569793701172,14271838,0.0,0.0
2019-11-01,166.75667761803643,168.60044440740404,165.45802840238076,166.5482635498047,10122286,0.0,0.0
2019-11-04,166.7406152021015,169.1294990841468,164.91287762121712,167.44606018066406,9362690,0.0,0.0
2019-11-05,166.4199932595958,167.44609347139686,164.62433256736915,165.9390106201172,6563058,0.0,0.0
2019-11-06,166.0993531485355,168.4241027823712,165.4901005884154,167.99122619628906,7611862,0.0,0.0
2019-11-07,168.11945958947803,168.8409335411915,163.6302883343719,164.56019592285156,8203706,0.0,0.0
2019-11-08,165.13735990747182,165.36182236916528,160.48786142464007,161.20933532714844,19724600,0.0,0.0
2019-11-11,162.4599019172178,166.58032184490324,160.00689239770304,165.9710693359375,17530142,0.0,0.0
2019-11-13,164.8167149936431,167.70261078146956,162.7003894587804,163.566162109375,14465586,0.0,0.0
2019-11-14,162.57214230008304,166.75668761071987,161.54604202417872,165.02516174316406,10832162,0.0,0.0
2019-11-15,164.80068133461197,164.80068133461197,161.61015939267276,162.42782592773438,8330994,0.0,0.0
2019-11-18,166.7406723541567,169.30591346729756,165.8588707215145,167.30181884765625,34144672,0.0,0.0
2019-11-19,166.94909405213218,167.34991294732,164.6564021431637,166.4039764404297,7099862,0.0,0.0
2019-11-20,169.59449924008734,175.71900414738724,167.3979999455039,174.62876892089844,37688996,0.0,0.0
2019-11-21,176.03965664784602,176.03965664784602,163.854762380782,164.84878540039062,44625320,0.0,0.0
2019-11-22,164.7525857994361,165.28167454078994,162.0911523944467,163.34170532226562,23624890,0.0,0.0
2019-11-25,162.8927886913907,165.07323942891847,161.38570582665272,162.7003936767578,15397928,0.0,0.0
2019-11-26,163.21346510037006,163.66238033605686,158.53189813250887,159.2533721923828,24838188,0.0,0.0
2019-11-27,158.08295747367293,163.29360262366723,156.47968204290547,162.2194061279297,24415850,0.0,0.0
2019-11-28,162.41179537305646,164.89687220255533,161.0009150011739,163.53408813476562,15665952,0.0,0.0
2019-11-29,163.85475627995157,166.24364069182195,161.9949606121559,164.03111267089844,15058900,0.0,0.0
2019-12-02,162.90880750341083,163.37376127801676,159.92671920983486,160.34356689453125,8820042,0.0,0.0
2019-12-03,160.96886287492495,161.0971229599329,158.1791595443198,158.56394958496094,7580674,0.0,0.0
2019-12-04,158.40360561645204,161.69032010545735,157.82643040092196,160.7123260498047,8570876,0.0,0.0
2019-12-05,158.72427978113217,160.29548786628655,157.21719684674113,157.71421813964844,6266430,0.0,0.0
2019-12-06,157.4416677266085,159.2052709292487,155.03675426846274,156.64002990722656,9387226,0.0,0.0
2019-12-09,156.3033304723092,160.9047232717943,155.6940779613655,160.21531677246094,10948226,0.0,0.0
2019-12-10,159.01287677180386,161.51399265343002,155.2612176277916,155.93458557128906,14342168,0.0,0.0
2019-12-11,155.51771682481873,157.71420612266374,152.69595598018208,154.76417541503906,13760958,0.0,0.0
2019-12-12,156.07886867785004,159.78243113900987,155.8383773547717,157.68214416503906,12828956,0.0,0.0
2019-12-13,157.92263151954992,160.58406484715556,155.9025083707039,159.28541564941406,15259514,0.0,0.0
2019-12-16,158.72424846742211,160.13512871889833,157.47369573965037,157.7622833251953,6012620,0.0,0.0
2019-12-17,157.76232475231882,161.44985876583846,157.47373709099307,159.06097412109375,12287138,0.0,0.0
2019-12-18,159.20524242403073,159.7663887971265,156.51174179029422,156.8804931640625,9314170,0.0,0.0
2019-12-19,156.80033896031077,157.92263177495514,155.69407498591463,157.10496520996094,9325412,0.0,0.0
2019-12-20,157.10495884638902,157.89055791344916,155.99869491680238,156.41554260253906,7468454,0.0,0.0
2019-12-23,156.4796714550583,160.15117585733833,156.4796714550583,158.08294677734375,14857646,0.0,0.0
2019-12-24,157.76232158425708,158.5479305551738,151.23698782989848,153.20901489257812,14856636,0.0,0.0
2019-12-26,152.63181156866872,155.37340847146456,152.07066520260744,153.0166015625,20743272,0.0,0.0
2019-12-27,153.75410887057922,157.79436478342575,152.9524711809516,157.4256134033203,16908756,0.0,0.0
2019-12-30,157.42561592307638,158.66013015636952,154.4435177985603,158.09898376464844,16373046,0.0,0.0
2019-12-31,157.76232545751535,159.04494598969026,155.9506259129419,157.61802673339844,11589904,0.0,0.0
2020-01-01,157.76230142702343,158.37154412988252,156.640008632319,157.6500701904297,4766592,0.0,0.0
2020-01-02,157.5057717397861,157.6660992721818,155.9826601820269,156.3353729248047,6424966,0.0,0.0
2020-01-03,155.16500324885348,156.0788722546172,151.62176825521433,155.0367431640625,22655540,0.0,0.0
2020-01-06,152.31116748227927,153.91444292946116,149.1527128942076,150.43533325195312,15332634,0.0,0.0
2020-01-07,150.03452453517946,152.23101400346403,147.45325480492323,147.82200622558594,23454588,0.0,0.0
2020-01-08,144.29475561484628,148.91218583739848,143.82980193250825,147.46923828125,24743076,0.0,0.0
2020-01-09,151.39732754232054,152.11880163185512,149.2489439026332,150.88427734375,12999312,0.0,0.0
2020-01-10,151.92639244422872,152.21498988167735,149.55354650550439,150.78807067871094,8708498,0.0,0.0
2020-01-13,151.02857382070874,152.71201333781855,150.3872635284764,150.9484100341797,7338838,0.0,0.0
2020-01-14,151.95849144870027,153.51367106570657,151.38131602525988,151.78213500976562,7216716,0.0,0.0
2020-01-15,151.50951369739997,151.65381238659614,148.5274255960149,150.050537109375,9956518,0.0,0.0
2020-01-16,150.06658726897538,150.5475699204785,147.5494427689856,148.07852172851562,6370550,0.0,0.0
2020-01-17,148.14267294050887,149.1848021332722,144.9361215781602,145.5453643798828,11132598,0.0,0.0
2020-01-20,145.88204328122222,149.649740748113,144.80784672715546,146.5874786376953,11681302,0.0,0.0
2020-01-21,146.7318060890795,149.58563511266897,145.91412954345873,148.73590087890625,8398840,0.0,0.0
2020-01-22,149.16876097744625,149.5695798646539,145.60948730191885,146.04237365722656,7460864,0.0,0.0
2020-01-23,147.34099923725574,151.28505253871836,146.53936159178647,150.38722229003906,11131352,0.0,0.0
2020-01-24,150.4674133439271,151.73400496772874,149.0084364788137,149.4573516845703,7871260,0.0,0.0
2020-01-27,149.58563124770345,151.28509967131833,148.46333819439806,149.9864501953125,8828966,0.0,0.0
2020-01-28,150.41930563668214,154.63591813998553,149.93832299861063,154.2190704345703,15217662,0.0,0.0
2020-01-29,155.18103528004934,156.12696192759466,152.84024724322754,153.6098175048828,14264654,0.0,0.0
2020-01-30,153.93048384197576,155.35740301612316,149.15272459179226,150.59567260742188,10891876,0.0,0.0
2020-01-31,150.70790661374238,151.5416118840483,146.23476376915124,146.5233612060547,13892950,0.0,0.0
2020-02-03,143.0923488673755,148.62364974796313,141.87386331227577,147.59754943847656,18802900,0.0,0.0
2020-02-04,149.10462765110697,154.26717693120426,148.1426623114224,153.4334716796875,15683820,0.0,0.0
2020-02-05,153.9144459152737,162.87675975312857,153.27313572396002,160.87266540527344,30234094,0.0,0.0
2020-02-06,161.38569985299299,163.53409282990702,157.8264362493059,158.74029541015625,22467954,0.0,0.0
2020-02-07,158.66015652971706,158.9166865085155,155.8383952622608,157.56993103027344,9022030,0.0,0.0
2020-02-10,157.76232021849694,158.90064198875322,154.98865536690096,155.6620330810547,8848392,0.0,0.0
2020-02-11,157.37752357568291,158.3875949974801,153.93048115409215,154.235107421875,7943310,0.0,0.0
2020-02-12,154.87643832768686,155.74221115184062,151.958474489027,152.2310333251953,7549204,0.0,0.0
2020-02-13,153.1769252105185,153.43344534282238,150.06656723185134,150.38722229003906,8083000,0.0,0.0
2020-02-14,151.02856395919272,155.35740814910588,150.67584136437253,152.77613830566406,23043576,0.0,0.0
2020-02-17,153.41745342968446,153.41745342968446,147.5013622679509,148.0304412841797,9025984,0.0,0.0
2020-02-18,148.0625137191343,151.50955653988296,146.21874662896641,150.9484100341797,11940592,0.0,0.0
2020-02-19,151.83017931540255,154.23509239853988,150.547559004396,152.48751831054688,10786834,0.0,0.0
2020-02-20,152.26309109193426,153.914463061407,150.88426815563832,151.26905822753906,8752120,0.0,0.0
2020-02-24,151.02856311365602,152.53564610780586,148.46332212658757,148.99240112304688,12382886,0.0,0.0
2020-02-25,150.64377398753857,150.8842653315708,145.86601457655527,146.459228515625,11044046,0.0,0.0
2020-02-26,146.7317743879179,147.3570459558835,142.11434294686944,143.91000366210938,14491090,0.0,0.0
2020-02-27,143.2847267061548,144.18255703001333,140.6072547889679,142.3868865966797,12178324,0.0,0.0
2020-02-28,140.7355212978291,140.7355212978291,134.83546942061412,136.7113037109375,12199026,0.0,0.0
2020-03-02,138.5230244336745,141.68147960994565,130.34631813029787,132.22215270996094,15624380,0.0,0.0
2020-03-03,133.10391356026534,136.9678030086254,132.59086352180032,136.2783966064453,11415592,0.0,0.0
2020-03-04,135.34854159958044,137.46486755964239,129.99359664759544,134.25831604003906,15457514,0.0,0.0
2020-03-05,134.24225789254538,137.60913649859225,133.72920776688147,134.16209411621094,11450828,0.0,0.0
2020-03-06,128.32617516350896,131.42049492691373,127.62073002800182,129.25607299804688,15762914,0.0,0.0
2020-03-09,132.7191457654488,145.70567749476547,130.121837462462,135.90966796875,79590744,0.0,0.0
2020-03-11,135.74936223502388,135.74936223502388,128.59874638562695,129.67294311523438,29496116,0.0,0.0
2020-03-12,125.47233176946322,125.8731506286624,105.9925352123833,110.40154266357422,35196480,0.0,0.0
2020-03-13,108.3172935761944,127.20388761601758,88.32445505025079,120.58235168457031,50824080,0.0,0.0
2020-03-16,112.22927731712447,124.173678974447,112.13308470795636,116.92687225341797,33314334,0.0,0.0
2020-03-17,117.039115596857,123.66064168651461,113.51190937339008,114.53800964355469,19649626,0.0,0.0
2020-03-18,116.70243646378967,117.37580439667484,105.23901576411623,106.63385772705078,20417518,0.0,0.0
2020-03-19,99.72372972677391,102.6096254423397,91.51495773426343,96.27668762207031,27434876,0.0,0.0
2020-03-20,97.79980699564457,103.57159888391213,95.747616281384,101.92022705078125,20390122,0.0,0.0
2020-03-23,96.39046059165011,100.78721844319907,88.7130408299946,91.09744262695312,18697444,8.25,0.0
2020-03-24,93.92151545629383,95.71403567067674,85.22945932512557,88.89906311035156,19533962,0.0,0.0
2020-03-25,85.43238674964262,93.66785424182947,85.43238674964262,92.5855712890625,14919242,0.0,0.0
2020-03-26,93.00833525577148,96.86395145300045,90.80995642245324,95.47727966308594,12626898,0.0,0.0
2020-03-27,98.08150492441493,102.81647412766256,92.73775809502956,94.27661895751953,12155778,0.0,0.0
2020-03-30,90.97905513912683,97.91240320735025,90.97905513912683,92.92377471923828,13666176,0.0,0.0
2020-03-31,96.05225728485613,111.50855774411961,94.69940859070323,107.17943572998047,33090992,0.0,0.0
2020-04-01,105.52218026957814,106.84120545866493,99.26525611897816,102.46136474609375,25195590,0.0,0.0
2020-04-03,101.80186759113968,110.25717220834397,97.11762676892515,107.26399230957031,28641760,0.0,0.0
2020-04-07,110.59535563060606,121.51960222640916,108.05876490513346,118.74626922607422,21185186,0.0,0.0
2020-04-08,118.37424171884136,123.17685794000026,115.07667355667363,115.77000427246094,18356498,0.0,0.0
2020-04-09,116.73392132349902,120.62336104234443,114.73847170593973,116.64936828613281,15853988,0.0,0.0
2020-04-13,116.68321198506601,119.91313444912909,113.70694867749219,118.40809631347656,9908612,0.0,0.0
2020-04-15,119.89618925494936,125.25685309551132,118.74627018110293,119.67635345458984,12598234,0.0,0.0
2020-04-16,119.89618035021714,123.447407130689,118.22202645371503,120.20056915283203,11831216,0.0,0.0
2020-04-17,123.78563342448491,123.78563342448491,119.79473461750725,121.7901840209961,8840986,0.0,0.0
2020-04-20,122.48351768632281,126.11929799094524,122.16222236387951,124.59734344482422,12420738,0.0,0.0
2020-04-21,124.03928810135736,124.95246490306188,119.4226949847717,120.14984893798828,10283406,0.0,0.0
2020-04-22,120.80935719699781,121.7563468774795,114.02819890722347,120.64025115966797,14252248,0.0,0.0
2020-04-23,120.69101554069648,122.73719505100425,119.21979052945399,120.11605072021484,8341956,0.0,0.0
2020-04-24,119.05069113669245,120.62337575930002,117.35963018304625,118.5264663696289,6912420,0.0,0.0
2020-04-27,119.45650878215264,123.65033643957008,119.15210965812433,120.20056915283203,9902396,0.0,0.0
2020-04-28,121.68873053839047,126.77882971828203,119.79475070732158,121.45198822021484,22200402,0.0,0.0
2020-04-29,121.75636592872921,123.44742656662822,120.08221176864316,122.01002502441406,11648158,0.0,0.0
2020-04-30,123.1937840332856,126.28842335240537,121.07995795172613,125.13850402832031,16016718,0.0,0.0
2020-05-04,122.43277882685305,122.43277882685305,115.51633733085885,117.66398620605469,14509120,0.0,0.0
2020-05-05,119.72710451705898,123.176872674083,116.76774812009776,117.37652587890625,26356086,0.0,0.0
2020-05-06,108.65064180674898,117.17359122256798,105.64055605132742,116.2773208618164,41361302,0.0,0.0
2020-05-07,115.66852315659652,115.66852315659652,111.00120091217619,111.45777893066406,17100430,0.0,0.0
2020-05-08,112.6246309698867,113.74072678786938,108.63373225927927,109.83438110351562,16997368,0.0,0.0
2020-05-11,110.25715733208109,111.72838220125544,105.28543475939964,106.46917724609375,21372716,0.0,0.0
2020-05-12,105.0148675415039,108.16023625717611,104.37226655158773,105.69129180908203,16622240,0.0,0.0
2020-05-13,109.58071940698237,109.7160021814736,105.77583331646215,107.06103515625,15241920,0.0,0.0
2020-05-14,106.0125963304235,106.99340944363414,103.91567699480206,104.74430084228516,9664168,0.0,0.0
2020-05-15,105.86040280132559,109.6991127627175,105.21780178151123,107.61911010742188,27767190,0.0,0.0
2020-05-18,108.41389235425835,108.7351980010233,98.7072105762539,99.4512710571289,20378694,0.0,0.0
2020-05-19,101.9709524122414,102.95176547895517,98.69029077654872,99.1976089477539,12045836,0.0,0.0
2020-05-20,99.43437297934653,105.31926237710634,98.77485515244781,104.4737319946289,17342228,0.0,0.0
2020-05-21,104.84575664395517,106.875029353193,102.00477691530513,105.92803955078125,14931316,0.0,0.0
2020-05-22,105.18396667310196,109.58072412245991,103.91567125501793,106.60446166992188,17078040,0.0,0.0
2020-05-26,106.53681968043227,108.53226915937006,105.53908978025588,105.91112518310547,12212502,0.0,0.0
2020-05-27,107.14560405446105,112.08350346556297,105.77584898750563,111.42399597167969,18130652,0.0,0.0
2020-05-28,112.92902156302442,113.08122114122271,108.32933479873739,110.40934753417969,18552604,0.0,0.0
2020-05-29,110.93358918958378,117.410350030729,110.25716486525705,115.93912506103516,26722320,0.0,0.0
2020-06-01,116.44644705282417,120.64028625578723,115.02596211886066,117.12287139892578,20423126,0.0,0.0
2020-06-02,117.69783524421075,117.69783524421075,114.07896089405497,115.53327941894531,12639442,0.0,0.0
2020-06-03,116.34497323318473,119.71018807009435,114.72155913059007,118.05294036865234,20167782,0.0,0.0
2020-06-04,115.66852199589148,121.55340964718937,114.65388583803278,120.82625579833984,32779676,0.0,0.0
2020-06-05,120.62337525373347,125.98404051860726,119.11833720414657,125.00322723388672,21970108,0.0,0.0
2020-06-08,128.38533716408946,134.7775448821728,127.37070069069794,133.28941345214844,29583292,0.0,0.0
2020-06-09,135.28484779447902,135.9781785108598,128.3345928676036,129.02792358398438,19643304,0.0,0.0
2020-06-10,129.99184034987417,129.99184034987417,126.13622395063253,128.16549682617188,14983264,0.0,0.0
2020-06-11,127.84417050325264,130.71897327911944,124.46204959046818,125.15538024902344,16965850,0.0,0.0
2020-06-12,120.14986506235128,127.47215597090391,120.14986506235128,126.45751953125,15636964,0.0,0.0
2020-06-15,126.45752401429762,126.47444081507427,120.57263451996272,122.09458923339844,13054104,0.0,0.0
2020-06-16,125.07084959082025,125.86565021173011,120.62336185951138,121.67182159423828,11469976,0.0,0.0
2020-06-17,121.67181056682425,123.95474238426988,120.65717420351508,123.31214141845703,10041494,0.0,0.0
2020-06-18,123.1430502465318,127.31997251144882,121.6718252775719,125.22305297851562,12301976,0.0,0.0
2020-06-19,125.81492465594248,130.04257669411257,125.47671249288886,128.70663452148438,13271548,0.0,0.0
2020-06-22,129.5352361754735,131.69979158253014,128.40222355978636,130.26239013671875,20792714,0.0,0.0
2020-06-23,130.54988970075334,132.88355146790855,129.28159414018904,132.57916259765625,8346306,0.0,0.0
2020-06-24,132.57917020239552,133.39087734343303,126.82956333137325,128.03021240234375,8117432,0.0,0.0
2020-06-25,127.84419723397409,129.97492972597388,124.225322972065,125.22305297851562,13394304,0.0,0.0
2020-06-26,127.30304760816364,134.25331328764622,126.1531283948529,133.13720703125,24376122,0.0,0.0
2020-06-29,132.88356292454415,133.79673993544682,127.9625798538554,129.6536407470703,12024496,0.0,0.0
2020-06-30,130.85425940339073,131.64905990253794,125.8825477270875,126.49132537841797,9018244,0.0,0.0
2020-07-01,127.50599899412006,129.67055500294634,126.52518568152566,128.5713653564453,10365588,0.0,0.0
2020-07-02,129.51836364282565,132.3593440042369,128.0978683014115,129.70437622070312,13185606,0.0,0.0
2020-07-03,130.88811114638327,132.08876023375896,129.6367219758487,130.3469696044922,6962106,0.0,0.0
2020-07-06,131.22631184521535,134.1856681046113,130.34695820671172,131.9703826904297,9926808,0.0,0.0
2020-07-07,131.9872989011342,132.32551107000322,127.77655327014843,128.4698944091797,9853948,0.0,0.0
2020-07-08,129.33230653263567,131.04028385104502,127.21848088218916,127.89490509033203,8446692,0.0,0.0
2020-07-09,129.02791709368324,129.12937659585964,126.18693749718776,127.4214096069336,5702054,0.0,0.0
2020-07-10,127.79345099005367,128.68971103944887,125.25686010228529,127.2861328125,11766114,0.0,0.0
2020-07-13,127.84422043915433,129.94114035270235,126.98178339809229,128.5037384033203,10277456,0.0,0.0
2020-07-14,128.3515193058894,130.51607514294395,125.84875129675088,126.40679931640625,9482614,0.0,0.0
2020-07-15,127.79347779570821,129.31543264761086,124.52973223313373,125.00322723388672,9807552,0.0,0.0
2020-07-16,126.06858593363532,134.01657190128233,121.85784030306006,133.22177124023438,26616036,0.0,0.0
2020-07-17,136.80678067872802,151.31607624390753,132.57912985429266,150.0985107421875,107684344,0.0,0.0
2020-07-20,149.15155076476788,151.51903569754197,147.1561012428556,147.90016174316406,28745778,0.0,0.0
2020-07-21,147.798703180468,162.68003713914214,147.25756169950589,156.99807739257812,98290940,0.0,0.0
2020-07-22,157.20102937839238,157.25176946647736,151.41760890710765,152.39842224121094,25364622,0.0,0.0
2020-07-23,150.8426162666066,161.46247552692313,149.84488631295855,154.74896240234375,72915804,0.0,0.0
2020-07-24,152.87189320807607,156.761332968901,150.6058676536378,151.65432739257812,22294340,0.0,0.0
2020-07-27,153.54832398692244,157.80979936009385,150.1662023132017,154.79971313476562,40099526,0.0,0.0
2020-07-28,155.94960186740974,160.21107640516774,154.56293018874211,156.0848846435547,30188154,0.0,0.0
2020-07-29,156.93041951650955,158.16489165747507,151.11316707828004,153.48065185546875,20079062,0.0,0.0
2020-07-30,147.3759350786776,148.77951334847722,140.7469752919802,141.7447052001953,49057034,0.0,0.0
2020-07-31,142.42114928999348,144.75481123867004,138.97138096835576,139.9521942138672,22379048,0.0,0.0
2020-08-03,140.01985147332414,144.83937534650016,138.04130802952633,141.3050537109375,28463794,0.0,0.0
2020-08-04,141.38954340640186,143.06369718285134,132.24091158036615,138.17652893066406,51231218,0.0,0.0
2020-08-05,138.6331299945567,140.34110719715636,137.00971613365536,138.81915283203125,22069412,0.0,0.0
2020-08-06,139.3434250358454,143.23286529776826,137.39870490488397,138.51480102539062,25134282,0.0,0.0
2020-08-07,139.5125156786557,142.52260183143923,139.02210391921886,141.9645538330078,18237588,0.0,0.0
2020-08-10,142.3873107812728,143.53722999170782,139.85071973410047,140.4087677001953,16504844,0.0,0.0
2020-08-11,141.03445283493193,146.44584670869432,140.56095793526066,145.17755126953125,25534582,0.0,0.0
2020-08-12,145.43122648688546,146.81789838511338,142.20130453882447,142.6578826904297,18101040,0.0,0.0
2020-08-13,142.04909217902903,144.14601147785686,140.8653497442038,142.4380340576172,11681234,0.0,0.0
2020-08-14,144.07834787247617,144.07834787247617,138.21036614719,139.76614379882812,28445040,0.0,0.0
2020-08-17,141.64323623525974,141.64323623525974,136.33331197511916,137.95672607421875,22849152,0.0,0.0
2020-08-18,138.66699738123822,139.1235859003135,135.62308768262568,136.06275939941406,27093554,0.0,0.0
2020-08-19,136.94208798305593,138.98827754164066,134.4900500654387,136.53623962402344,33242206,0.0,0.0
2020-08-20,136.53623421962948,141.99835778321548,135.3186685478959,139.49559020996094,36899472,0.0,0.0
2020-08-21,141.71089175398086,141.71089175398086,138.07511111828802,138.7008056640625,17126912,0.0,0.0
2020-08-24,139.8168848627091,140.7976979220069,138.193470855693,138.58241271972656,13081806,0.0,0.0
2020-08-25,138.6669682947562,141.87998341378105,138.1089203646822,139.6477813720703,25017896,0.0,0.0
2020-08-26,140.0198309931935,140.62860873851062,138.32877023240613,138.7008056640625,10814154,0.0,0.0
2020-08-27,139.20811492884408,141.52487008623265,138.49786739076228,139.66470336914062,15646796,0.0,0.0
2020-08-28,140.18894166241802,142.72553288670784,139.85072949917935,140.3749542236328,17487384,0.0,0.0
2020-08-31,141.20355900601595,144.21364478641215,136.36712985605243,137.9228973388672,37997902,0.0,0.0
2020-09-01,137.97363003948448,139.25883188827262,135.4539457711067,137.73687744140625,12040094,0.0,0.0
2020-09-02,138.2442072356184,140.52713909822495,137.44940667102054,140.00291442871094,10307040,0.0,0.0
2020-09-03,140.69624814644834,141.5756017616467,138.76843484856792,139.81689453125,8794738,0.0,0.0
2020-09-04,138.32877384254323,139.00519816451165,135.48779375455905,136.41787719726562,9733000,0.0,0.0
2020-09-07,139.00519568996032,139.00519568996032,133.99965992506824,135.35250854492188,16616944,0.0,0.0
2020-09-08,135.45394998612602,142.032179650847,135.115737876298,139.37721252441406,37280122,0.0,0.0
2020-09-09,137.3141324310244,138.49787495198152,134.94664738911018,137.29722595214844,13471164,0.0,0.0
2020-09-10,138.15966356904613,146.6149673370416,137.14502711688667,145.53268432617188,50834954,0.0,0.0
2020-09-11,145.76941533658663,147.46047583933125,142.84388273112128,145.00843811035156,25168858,0.0,0.0
2020-09-14,144.0445615745797,145.26212745454717,140.07056856505483,141.085205078125,12050202,0.0,0.0
2020-09-15,141.20358063839328,143.90927799194333,139.49561331253133,140.15512084960938,16667382,0.0,0.0
2020-09-16,140.35803463096892,142.21820135499382,139.1404688927787,139.69851684570312,10001736,0.0,0.0
2020-09-17,139.68160528773575,141.71087800378032,139.19119358612573,140.5609588623047,13708168,0.0,0.0
2020-09-18,142.04911193511742,143.029925167529,138.53170741815018,139.36032104492188,19110716,0.0,0.0
2020-09-21,139.85070502102897,140.59477577848529,134.96353598906816,135.77525329589844,11706332,0.0,0.0
2020-09-22,136.31639291233006,136.57005200619105,129.2646783601265,132.6298828125,15913160,0.0,0.0
2020-09-23,134.23641875080713,134.33788860262572,128.94339993890972,131.1079559326172,11588706,0.0,0.0
2020-09-24,127.91182840992853,130.60060858153452,126.9479217998976,127.59052276611328,9254902,0.0,0.0
2020-09-25,128.18240328019093,129.027933644836,123.54889275336977,127.08321380615234,26544582,0.0,0.0
2020-09-28,127.50596354609272,132.0887334388786,127.06629193829261,130.26239013671875,14260844,0.0,0.0
2020-09-29,133.2555854946169,133.2555854946169,127.89492091741582,130.73590087890625,17532748,0.0,0.0
2020-09-30,131.0572129947232,133.42469813269238,117.96839817481278,119.40579986572266,87189586,0.0,0.0
2020-10-01,121.07995005413349,122.28059906157885,117.5287224687469,119.49034881591797,32424524,0.0,0.0
2020-10-05,119.49032680340244,121.23212731725482,118.71244312799536,119.7778091430664,13176802,0.0,0.0
2020-10-06,120.64029909412432,121.89167807473207,118.44191973534629,119.0676040649414,13773544,0.0,0.0
2020-10-07,119.38888567638189,119.62563830345647,115.33033998766635,115.75310516357422,20549154,0.0,0.0
2020-10-08,116.64935639571414,116.68317967149605,114.18041208485413,115.00902557373047,19178934,0.0,0.0
2020-10-09,115.1612347478452,118.44189666511653,114.85684588327936,116.68318939208984,26861436,0.0,0.0
2020-10-12,117.35962307396876,118.30661302207979,115.1443374874503,115.53327941894531,9593558,0.0,0.0
2020-10-13,115.80382471935071,116.24350665641299,114.31569349552618,114.68772888183594,10558800,0.0,0.0
2020-10-14,114.23113578883266,114.62007763619205,111.10267389084095,112.59080505371094,16178274,0.0,0.0
2020-10-15,112.96285875672329,114.55245999953091,109.91894938902715,110.47699737548828,10821450,0.0,0.0
2020-10-16,111.23796943205761,116.14204540255606,110.76447450608565,114.9752197265625,26906266,0.0,0.0
2020-10-19,116.34496616655635,117.63016805959785,115.34723631069014,117.24122619628906,14750554,0.0,0.0
2020-10-20,117.00452168330702,118.2897239912423,115.55020294388778,116.12516784667969,10486228,0.0,0.0
2020-10-21,121.92547285004943,122.78790965287763,116.71700811297111,118.2220458984375,34108526,0.0,0.0
2020-10-22,117.93458310785626,118.64482037942015,116.34498184363558,118.1544189453125,11658856,0.0,0.0
2020-10-23,118.34045804540776,120.18371884044495,118.20517521673949,118.89850616455078,10095206,0.0,0.0
2020-10-26,118.89848699281107,119.62565143231087,115.85457739220689,117.05523681640625,10164184,0.0,0.0
2020-10-27,117.02142615870734,118.34045173031674,115.68548378353074,117.91768646240234,8717246,0.0,0.0
2020-10-28,117.78236266692792,118.23895106172145,115.8207366347809,116.83537292480469,7743220,0.0,0.0
2020-10-29,116.34497721538607,117.528719716124,114.38335091415797,115.60090637207031,14722436,0.0,0.0
2020-10-30,116.63244194413936,121.57034054966009,116.17585355583799,119.87928009033203,33648648,0.0,0.0
2020-11-02,119.65946826707639,119.94695069183545,116.5986520870491,117.15670013427734,8690720,0.0,0.0
2020-11-03,117.86692733528619,120.57262437598143,117.86692733528619,118.66172790527344,13322292,0.0,0.0
2020-11-04,118.54336907758008,119.37199304705992,116.41263647236998,117.98532104492188,8101954,0.0,0.0
2020-11-05,119.96385512088337,124.71573175476998,118.61100650523841,123.8871078491211,27315846,0.0,0.0
2020-11-06,124.46206466038471,125.15539540288873,122.1960392458823,122.58499145507812,11623324,0.0,0.0
2020-11-09,124.54661949247289,128.5206121035701,123.61653611540757,127.01556396484375,23414854,0.0,0.0
2020-11-10,127.16775213475567,130.1947546186567,125.86563345951852,129.46759033203125,16074814,0.0,0.0
2020-11-11,129.46761940101277,134.74373151509087,129.0617709746478,133.25559997558594,22991936,0.0,0.0
2020-11-12,133.59377913098712,133.89816795586347,130.9219056126502,133.47540283203125,13222638,0.0,0.0
2020-11-13,132.51152904512514,135.4201558804492,129.60291253121778,133.25559997558594,19115708,0.0,0.0
2020-11-14,134.45623774169806,140.34113748051254,133.67835391578922,139.63088989257812,16811038,0.0,0.0
2020-11-17,140.3580211123029,140.3580211123029,132.61296610797913,133.47540283203125,44296492,0.0,0.0
2020-11-18,133.40778114779732,133.40778114779732,127.62435155904005,129.55215454101562,42174930,0.0,0.0
2020-11-19,129.55215702412494,133.76290232577819,129.2139448817083,129.77200317382812,33181436,0.0,0.0
2020-11-20,131.12486053352401,131.86892110386984,128.03021096582785,129.63671875,18928924,0.0,0.0
2020-11-23,130.54986438265675,133.7797856552684,129.53522813097808,133.4077606201172,18370378,0.0,0.0
2020-11-24,134.60844189421803,135.1157601425631,131.34469656081484,131.8181915283203,14237058,0.0,0.0
2020-11-25,132.24096186808322,133.05266903265772,128.9264866454805,129.21395874023438,14976356,0.0,0.0
2020-11-26,129.77199814106564,130.14402322616382,126.84645496548656,127.84418487548828,16774012,0.0,0.0
2020-11-27,128.655905157043,129.83964773137174,125.47671287884341,126.15313720703125,27707056,0.0,0.0
2020-12-01,126.795727916531,129.01102360357686,125.47670264839162,128.2838592529297,9807172,0.0,0.0
2020-12-02,128.9603041418318,131.9027543284958,127.79347827716067,130.04258728027344,19302512,0.0,0.0
2020-12-03,130.88810933954895,134.5407966344117,129.4168843408289,133.22177124023438,37347498,0.0,0.0
2020-12-04,134.03345143066682,134.87898168274373,131.49686067443605,132.68060302734375,14825638,0.0,0.0
2020-12-07,132.62987396095326,136.9759015433396,132.3931316819985,133.59378051757812,20185302,0.0,0.0
2020-12-08,134.94665684612153,134.94665684612153,131.5814416007156,132.05494689941406,11461924,0.0,0.0
2020-12-09,132.62987964003673,134.87898815418993,132.2409377697029,133.64451599121094,16825160,0.0,0.0
2020-12-10,133.62761098865334,135.7921664974303,130.92191402232845,135.048095703125,14788112,0.0,0.0
2020-12-11,135.62305269012762,137.78760807526325,132.57914377688286,134.40548706054688,29170228,0.0,0.0
2020-12-14,135.79217074548694,137.3141253366568,134.81135762879384,137.12811279296875,22254470,0.0,0.0
2020-12-15,138.0919913925627,138.41329700470664,134.3040222000653,134.81134033203125,17578662,0.0,0.0
2020-12-16,136.23183925302604,137.29721569946287,134.70988469687617,135.14956665039062,14206982,0.0,0.0
2020-12-17,136.13038849633932,136.1472949750397,133.35704477604642,133.7290802001953,12233988,0.0,0.0
2020-12-18,134.60841209647506,134.94662418716973,131.64905630289678,133.204833984375,13147766,0.0,0.0
2020-12-21,132.91736455150956,132.91736455150956,120.96156392006154,124.24222564697266,25446600,0.0,0.0
2020-12-22,124.24223356489593,126.69427161683399,120.74173579888057,125.98402404785156,20183368,0.0,0.0
2020-12-23,126.15312252131278,127.57361757371123,124.93555680803053,126.62661743164062,11965506,0.0,0.0
2020-12-24,127.30303659099398,128.9433673945917,127.01555423219199,127.69197845458984,12131772,0.0,0.0
2020-12-28,128.52061545124712,130.04257010790664,128.01329723236063,129.45069885253906,9806128,0.0,0.0
2020-12-29,130.04255994244295,130.41459533816072,127.72580485967956,129.02792358398438,8034014,0.0,0.0
2020-12-30,129.19704518745732,129.9411160684122,128.11476214632583,129.48452758789062,6183434,0.0,0.0
2020-12-31,129.19705858918462,130.0594955585299,128.36843458223166,128.89266967773438,8594440,0.0,0.0
2021-01-01,128.89263239898622,129.87344541728183,128.65587980221198,129.18011474609375,5723498,0.0,0.0
2021-01-04,130.1778672769484,134.2364134762074,130.04258446792312,133.71218872070312,16477784,0.0,0.0
2021-01-05,133.49233952982883,133.50924600873674,131.5645261492048,132.57916259765625,9064136,0.0,0.0
2021-01-06,132.78209359558798,134.25331852834077,129.38305525834315,130.98956298828125,16144720,0.0,0.0
2021-01-07,132.24093090282074,133.59377930080356,131.09101182881815,132.64678955078125,13121606,0.0,0.0
2021-01-08,133.59379608095261,137.31412964270066,133.34013697446977,135.33558654785156,24755912,0.0,0.0
2021-01-11,136.63768619710643,136.8913452680169,133.71215364355513,135.876708984375,13668006,0.0,0.0
2021-01-12,135.792189690691,138.32878102986953,134.42243449610123,136.14730834960938,16662142,0.0,0.0
2021-01-13,137.31413590687626,143.74016689759213,136.85754743009485,139.30958557128906,42362294,0.0,0.0
2021-01-14,139.34340191670697,145.43122044704853,139.00518977613243,144.31512451171875,25200192,0.0,0.0
2021-01-15,145.22831468520738,145.26213796904122,139.10667188229849,140.2227783203125,17655902,0.0,0.0
2021-01-18,140.01984942922329,141.0006627353378,135.96130306895594,138.51480102539062,16787164,0.0,0.0
2021-01-19,139.6816321755427,141.37269309776474,138.0751242994317,139.83383178710938,11094214,0.0,0.0
2021-01-20,140.35804286206138,141.00064388558042,138.413322991081,139.96910095214844,9874786,0.0,0.0
2021-01-21,140.35802042039367,143.063717199582,137.00972272043094,138.0919952392578,17536476,0.0,0.0
2021-01-22,138.32878066224956,139.66472289256652,133.57690369471692,133.9489288330078,15404838,0.0,0.0
2021-01-25,135.28486146847155,136.24876817071757,130.11021964586882,130.98956298828125,12060426,0.0,0.0
2021-01-27,130.3976696859175,131.98727066814172,128.4360436546491,128.72352600097656,12066876,0.0,0.0
2021-01-28,127.50598515398792,131.8012837426489,127.2523260323288,129.9749298095703,16311766,0.0,0.0
2021-01-29,131.86892222690503,134.1180310796169,128.97721231933494,129.73818969726562,16517910,0.0,0.0
2021-02-01,131.22629785901717,134.57459566278652,128.72353032495798,132.9173583984375,27876736,0.0,0.0
2021-02-02,134.1856533499325,139.00517587100757,133.0019109763351,137.99053955078125,17753676,0.0,0.0
2021-02-03,136.97590563985298,141.03445099214494,136.07964560550477,140.32420349121094,17018506,0.0,0.0
2021-02-04,139.88454142346566,142.89462736763699,138.85298821648328,141.55868530273438,15198682,0.0,0.0
2021-02-05,142.21819891872175,142.8269766166806,139.71543125173594,140.3580322265625,7722568,0.0,0.0
2021-02-08,142.049133556492,143.53726527232405,140.6962846654778,142.0660400390625,12645654,0.0,0.0
2021-02-09,145.7694232719981,148.1538145821041,140.91607730063123,141.82925415039062,45154044,0.0,0.0
2021-02-10,142.79316698718986,143.72325035493313,138.34566917157616,140.62860107421875,19160592,0.0,0.0
2021-02-11,140.3580396367602,143.01300702911212,140.12128700760186,142.7086181640625,11459318,0.0,0.0
2021-02-12,143.0637469570924,144.02765369945536,140.22276681229863,141.40650939941406,10941890,0.0,0.0
2021-02-15,142.99609377298967,143.70634135665142,141.03446741946274,141.7108917236328,11037552,0.0,0.0
2021-02-16,141.30501859222488,142.92844294941023,140.76388746124448,141.3557586669922,10795324,0.0,0.0
2021-02-17,142.25251256691146,145.55825484104875,141.21506720584037,144.78457641601562,17178862,8.0,0.0
2021-02-18,146.0682015846817,152.7500260443575,144.43291511337264,151.99392700195312,41510988,0.0,0.0
2021-02-19,153.68197028581486,156.42503090876392,148.93435793144758,151.22024536132812,48892610,0.0,0.0
2021-02-22,150.97407172970026,153.0665422521316,147.0001485614957,148.6002655029297,19380682,0.0,0.0
2021-02-23,150.51688482732624,155.686511099116,149.74319561240932,153.0665283203125,28795656,0.0,0.0
2021-02-24,154.73700415197655,156.49537919915812,153.36547376162886,154.2798309326172,11981366,0.0,0.0
2021-02-25,155.42279049397717,164.51358182511422,155.3876208430087,162.31561279296875,37621658,0.0,0.0
2021-02-26,159.9945641420604,164.00365746165824,154.82493674819045,158.20101928710938,36883078,0.0,0.0
2021-03-01,160.36377757542215,163.12442808583856,158.28889751201828,160.1000213623047,12185500,0.0,0.0
2021-03-02,166.86975904517593,169.6479889249751,162.47382229477614,164.935546875,53200666,0.0,0.0
2021-03-03,168.80396158534873,168.80396158534873,162.57931120898226,164.00360107421875,17675284,0.0,0.0
2021-03-04,162.47383326508157,166.21916948285548,161.50672711469417,163.1420135498047,12556622,0.0,0.0
2021-03-05,162.82554828881499,166.8522319076562,161.10234268880004,162.40353393554688,17793026,0.0,0.0
2021-03-08,162.47383237081232,166.3246774958849,162.40349308553675,164.126708984375,11349538,0.0,0.0
2021-03-09,156.91738332499727,159.660443927765,153.80505754691197,156.81187438964844,399581906,0.0,0.0
2021-03-10,158.60541600356868,158.92192133916197,155.4579206391935,156.67120361328125,23491604,0.0,0.0
2021-03-12,160.71547281604387,163.1771977825916,158.60542284471725,160.9088897705078,52792772,0.0,0.0
2021-03-15,163.335484791874,163.5289017806416,158.71094919871211,161.9639434814453,33839076,0.0,0.0
2021-03-16,163.37059687244266,163.73986201640707,158.97465991287564,159.60768127441406,30782874,0.0,0.0
2021-03-17,155.44036347315972,157.0932404093344,151.25543275687482,151.94119262695312,57699598,0.0,0.0
2021-03-18,152.9786357648721,154.20949835148602,149.03987119479956,150.13006591796875,26361962,0.0,0.0
2021-03-19,149.81354496886073,154.17431267596064,147.42215934207755,152.2576904296875,26622950,0.0,0.0
2021-03-22,154.12154774026487,155.44032881048963,152.75001757368472,154.50839233398438,27343862,0.0,0.0
2021-03-23,155.40514594874637,155.51065486474954,153.01376077107753,153.506103515625,17089478,0.0,0.0
2021-03-24,152.96102676163758,153.50611865180093,150.74546809431268,151.20265197753906,10317086,0.0,0.0
2021-03-25,151.7364066521343,152.00326631148835,147.69792830220013,149.06781005859375,20898974,2.5,0.0
2021-03-26,151.54068156806238,153.63997508563392,149.93952383894998,150.93580627441406,19204862,0.0,0.0
2021-03-30,152.6081070248357,154.38717101640185,149.97509448902676,153.28414916992188,17153798,0.0,0.0
2021-03-31,153.17742949366425,153.40870567078397,151.39836527190275,152.27011108398438,10018670,0.0,0.0
2021-04-01,153.21301481417785,156.53986712106382,152.3056855349109,155.63253784179688,9156394,0.0,0.0
2021-04-05,154.45838443203095,155.49023968615623,149.8328166610469,152.3057098388672,11510442,0.0,0.0
2021-04-06,152.999497932026,154.316009583231,150.97136070904415,152.32345581054688,9190874,0.0,0.0
2021-04-07,152.64368519201912,153.53321715700758,152.10996601302605,152.35903930664062,7430944,0.0,0.0
2021-04-08,152.83937764424306,155.13437445377753,152.75042444788195,153.1951904296875,6708234,0.0,0.0
2021-04-09,152.99951900396823,153.80009788247736,151.042548412057,151.43394470214844,8179184,0.0,0.0
2021-04-12,148.7120018006276,149.22792397628245,143.03678185859033,143.73062133789062,12368094,0.0,0.0
2021-04-13,144.1041950191048,146.7727912231623,143.10792344634163,145.66976928710938,8064312,0.0,0.0
2021-04-15,145.52743269040508,148.16044519329026,143.499295421962,144.05081176757812,14440358,0.0,0.0
2021-04-16,144.1042028562035,150.49104779534758,143.85512952019397,147.2353515625,22292626,0.0,0.0
2021-04-19,144.1041937311855,146.73720645728073,142.3251296110474,145.43849182128906,11256462,0.0,0.0
2021-04-20,146.55931413210277,147.46664343571032,144.49560389780328,145.2072296142578,7026888,0.0,0.0
2021-04-22,144.10419055544617,149.90393511586447,143.57047133116674,148.8542938232422,15611348,0.0,0.0
2021-04-23,148.48071768641356,151.20269503735017,148.01816526338462,150.52664184570312,47680532,0.0,0.0
2021-04-26,151.57629201585397,152.41245448389512,148.56966873456173,149.05001831054688,12888196,0.0,0.0
2021-04-27,148.5518795916576,150.5444339207642,148.2138530072516,149.56594848632812,10816330,0.0,0.0
2021-04-28,150.15303786957335,150.98920032325796,147.62676420764117,148.5518798828125,19805066,0.0,0.0
2021-04-29,150.15302636477335,150.50883922345764,148.37396207135185,149.28128051757812,13265608,0.0,0.0
2021-04-30,148.55185731085575,155.66811394850154,147.53778856828205,150.08184814453125,33702940,0.0,0.0
2021-05-03,149.08556586045486,152.66148022084963,147.80463758588752,148.01812744140625,16118782,0.0,0.0
2021-05-04,149.7616328347359,152.8038393482131,148.90768412971573,149.95733642578125,19987878,0.0,0.0
2021-05-05,150.17080666986425,153.56882584978732,149.79720752657752,151.1492919921875,13778662,0.0,0.0
2021-05-06,152.28788314327116,154.778572820848,150.91800164889483,154.42276000976562,12787288,0.0,0.0
2021-05-07,154.79638045807656,159.04834848010202,152.28790413754734,157.678466796875,24054728,0.0,0.0
2021-05-10,159.75995688929765,161.89483381877602,158.33670560297875,161.43228149414062,19405820,0.0,0.0
2021-05-11,159.9734718364776,165.09717509887102,159.01277272416436,164.47450256347656,21695878,0.0,0.0
2021-05-12,165.0971622626252,166.52041366144093,158.87043739280637,159.8489227294922,15235594,0.0,0.0
2021-05-14,161.36110944731752,161.36110944731752,156.23740715146016,157.35821533203125,9799430,0.0,0.0
2021-05-17,158.33671853863964,158.8882241137264,155.8816120408734,157.8563690185547,6063462,0.0,0.0
2021-05-18,159.119519192539,160.96973959426103,157.5183612837263,159.5642852783203,9934246,0.0,0.0
2021-05-19,160.11577710554877,161.64576796558336,157.3582276109532,158.85264587402344,16215214,0.0,0.0
2021-05-20,159.4041615831994,162.9089204325751,157.0913779888003,161.8236846923828,18799814,0.0,0.0
2021-05-21,164.74137061757835,166.52043509509002,163.33590533692504,164.0475311279297,23987738,0.0,0.0
2021-05-24,166.14680028818492,168.85096902758306,163.887386714293,168.24609375,22941220,0.0,0.0
2021-05-25,169.65157139353664,170.43436404782227,166.876235362064,168.79762268066406,21199352,0.0,0.0
2021-05-26,170.30980243533347,171.03922522423997,166.69830451979408,168.0148162841797,25944614,0.0,0.0
2021-05-27,172.56922911039678,173.63666764097655,165.80878508339154,166.467041015625,102988808,0.0,0.0
2021-05-28,169.01106121431351,170.7545415688156,166.69827827138081,167.76571655273438,29313704,0.0,0.0
2021-05-31,168.45961283037036,168.45961283037036,166.62716780662717,167.9436798095703,13495562,0.0,0.0
2021-06-01,168.44180329965133,169.61599223568228,167.26762522216694,167.53448486328125,8869530,0.0,0.0
2021-06-02,167.2320234810151,169.1712076711812,166.87621066509803,168.8865509033203,12676710,0.0,0.0
2021-06-03,168.8331950790646,170.2208630038956,168.33505926740045,168.6197052001953,12184524,0.0,0.0
2021-06-04,168.9399219013544,171.7864244497078,168.6730622874463,170.16748046875,17759466,0.0,0.0
2021-06-07,171.07480968414436,172.71155092516886,170.34539770319407,171.28829956054688,12523390,0.0,0.0
2021-06-08,172.14225340762033,174.2415579206897,169.45587071916555,173.44097900390625,15198964,0.0,0.0
2021-06-09,175.05990908083103,175.73595127345845,171.3238744358133,172.58700561523438,18980362,0.0,0.0
2021-06-10,173.0139826428154,173.45874866503343,171.76863778060488,172.05328369140625,7388634,0.0,0.0
2021-06-11,172.81831515510373,174.17039971653233,171.39506367631694,172.07110595703125,7438508,0.0,0.0
2021-06-14,172.19562740389296,172.56922654061398,169.36691099656136,172.10667419433594,7237652,0.0,0.0
2021-06-15,172.56922373450683,173.36980260750195,171.07480549483088,171.46620178222656,6507360,0.0,0.0
2021-06-16,172.01771688527103,172.53363897327867,170.4521317475415,171.23492431640625,7994924,0.0,0.0
2021-06-17,170.06074376981962,171.822010735518,169.47364392270782,169.6871337890625,6651076,0.0,0.0
2021-06-18,170.79015749163406,170.82574094615399,166.07563751920875,168.0681915283203,10583776,0.0,0.0
2021-06-21,167.83689026105662,169.29571395128792,166.69828503797723,169.0288543701172,5397088,0.0,0.0
2021-06-22,169.900628041006,170.34539408299815,168.22830337969708,168.53074645996094,5553420,0.0,0.0
2021-06-23,168.65528069445426,169.01109352292357,166.92958630466893,167.08970642089844,4927558,0.0,0.0
2021-06-24,167.05412178811662,167.4099346140764,165.48854752560274,165.8443603515625,8462210,0.0,0.0
2021-06-25,166.66274310022462,167.97925503866077,165.87996131561266,167.2498321533203,5904240,0.0,0.0
2021-06-28,167.5878534549995,167.94366630734558,166.0044819186409,166.2179718017578,4334320,0.0,0.0
2021-06-29,166.87622089948476,167.05412731835415,165.45296954852967,165.89773559570312,5921594,0.0,0.0
2021-06-30,166.1645882203454,167.46330285164325,165.80877539760374,166.5559844970703,5924634,0.0,0.0
2021-07-01,166.5560058020317,166.84065175321717,164.38554513396477,164.65240478515625,5757026,0.0,0.0
2021-07-02,164.7413580022201,165.66647363139336,164.0475185657034,164.65240478515625,4769492,0.0,0.0
2021-07-05,165.43520205874975,166.3425205547202,163.14020465099296,163.5671844482422,11190174,0.0,0.0
2021-07-06,163.6739114242012,164.74134997696774,162.81996275369727,162.98007202148438,7749392,0.0,0.0
2021-07-07,162.9800760496901,164.17205130144947,160.98753272211553,163.85182189941406,6000580,0.0,0.0
2021-07-08,163.7272757869406,165.59529319274935,162.44634739410535,163.033447265625,6426778,0.0,0.0
2021-07-09,162.28621592740893,163.14016445294553,161.28993359882904,162.57086181640625,7058662,0.0,0.0
2021-07-12,162.81997049297462,163.42484585316583,160.1335768256927,160.4716033935547,7393710,0.0,0.0
2021-07-13,161.09427459394846,161.8948535400255,160.02683599917904,160.20474243164062,7409874,0.0,0.0
2021-07-14,160.4715939642802,161.21880311453714,159.4753223363019,159.65322875976562,4936524,0.0,0.0
2021-07-15,159.8666951754683,160.3826281062499,158.35449069526516,159.0661163330078,6617550,0.0,0.0
2021-07-16,159.77777399596692,160.48939977634498,158.62138210285255,159.4041748046875,6726604,0.0,0.0
2021-07-19,158.69254417031217,163.31811160128538,158.4078982102866,161.5034637451172,14737948,0.0,0.0
2021-07-20,162.53531888669934,162.96229868518864,159.7599827721609,161.46788024902344,7689016,0.0,0.0
2021-07-22,161.87706067963663,165.07937633416122,161.18322127773772,163.994140625,13532496,0.0,0.0
2021-07-23,165.38179884555774,165.73761167513814,163.42482828286546,164.1542510986328,6954808,0.0,0.0
2021-07-26,164.3499651825129,164.5812413801047,161.93044197016494,162.25067138671875,5177476,0.0,0.0
2021-07-27,162.25066182011878,163.81623620983166,160.91636361436122,161.2899627685547,4635256,0.0,0.0
2021-07-28,161.39670776743966,162.0727499974762,160.2225188703324,161.3433380126953,4411220,0.0,0.0
2021-07-29,160.82741789966354,161.5924134015919,159.58207284955554,159.79556274414062,5979220,0.0,0.0
2021-07-30,159.83111436671956,161.61017836965036,158.30111280907212,158.5146026611328,13531870,0.0,0.0
2021-08-02,159.4219530362957,163.63833774332397,158.87044742783738,162.89112854003906,9965680,0.0,0.0
2021-08-03,163.92297884451298,165.43518340633122,162.42856058118008,164.8836669921875,7855132,0.0,0.0
2021-08-04,164.74134307786352,165.45296874990612,162.2862366810257,162.6598358154297,5192276,0.0,0.0
2021-08-05,162.28624535555608,163.17577749315666,160.52496737968832,161.3611297607422,7099910,0.0,0.0
2021-08-06,161.53901946272586,164.7413348265244,161.53901946272586,162.1083221435547,8118604,0.0,0.0
2021-08-09,162.78437425813624,163.31809351799896,160.36485129017692,161.00531005859375,4555246,0.0,0.0
2021-08-10,161.71695768851484,161.85928067208673,157.53615625212308,158.22999572753906,7098198,0.0,0.0
2021-08-11,158.69254740397136,160.66730458093807,156.7533628288222,160.1157989501953,10635072,0.0,0.0
2021-08-12,160.82738572523664,162.03714707446971,157.30484117420264,159.45750427246094,12567714,0.0,0.0
2021-08-13,160.1157722480292,163.26471794061626,159.51088609834056,161.8592529296875,14232032,0.0,0.0
2021-08-16,163.1401972277411,166.37809644366519,161.9126385104168,165.09716796875,17964436,0.0,0.0
2021-08-17,165.7554002144494,167.14306800596174,164.02970590899068,165.4529571533203,14363500,0.0,0.0
2021-08-18,166.14679375099382,166.14679375099382,164.04748951323216,164.9192352294922,7947234,0.0,0.0
2021-08-20,164.31435939258213,165.63087119772237,161.1832108540671,161.96600341796875,12114818,0.0,0.0
2021-08-23,163.2113626181547,163.549378318769,159.43974414447848,160.72067260742188,7925892,0.0,0.0
2021-08-24,161.18321339269684,163.40704359954972,161.12984363944156,162.39297485351562,7248688,0.0,0.0
2021-08-25,162.96225948777368,165.23945919536988,162.6953998925426,163.92295837402344,9704266,0.0,0.0
2021-08-26,163.88739109230158,167.7301652993444,163.1757654348088,166.0756378173828,14847298,0.0,0.0
2021-08-27,166.89401640782273,168.54855488144884,165.86216129314766,167.69459533691406,12536762,0.0,0.0
2021-08-30,168.97552089268316,168.97552089268316,167.8013428269367,168.1393585205078,9029840,0.0,0.0
2021-08-31,168.29948711833373,169.31355596718322,166.64495944839356,167.8191375732422,18002472,0.0,0.0
2021-09-01,168.3884040544618,170.57665055667772,168.01480496574615,169.7227020263672,10439002,0.0,0.0
2021-09-02,170.0785353801016,171.34166660279067,169.72272254457837,170.718994140625,8362628,0.0,0.0
2021-09-03,171.8576096853217,175.77155110672655,170.86133803056458,174.81085205078125,16372070,0.0,0.0
2021-09-06,176.46539477100933,176.66108750337477,174.34830388047058,174.63294982910156,13979558,0.0,0.0
2021-09-07,174.5973557159462,175.59362727194326,171.14596700669645,171.48399353027344,13420280,0.0,0.0
2021-09-08,172.21341446917864,175.41573002748981,171.46620533386348,174.18817138671875,13609662,0.0,0.0
2021-09-09,174.31271074999205,175.0599198968709,173.5477153042658,174.75747680664062,9084984,0.0,0.0
2021-09-13,175.77154238631772,177.63955979022091,174.88201028922097,177.23037719726562,21460684,0.0,0.0
2021-09-14,178.26222839835447,178.97385406062335,174.52619367144285,175.45130920410156,24182782,0.0,0.0
2021-09-15,175.77155841517134,176.10958498631166,173.6722646462947,174.3305206298828,22748506,0.0,0.0
2021-09-16,176.57040981692234,178.4067371523886,175.78340534939431,177.1959686279297,34750954,29.0,0.0
2021-09-17,177.9829680784384,178.3865575752149,174.3910240204423,176.06591796875,24016408,0.0,0.0
2021-09-20,173.96724727429833,175.0165824269123,169.08382422735747,169.6690216064453,14744276,0.0,0.0
2021-09-21,169.4672391428389,171.08159724339765,166.60175105103218,167.00534057617188,22963476,0.0,0.0
2021-09-22,167.28785222054154,170.11297879603922,167.28785222054154,169.56813049316406,9640070,0.0,0.0
2021-09-23,170.77892122907983,171.2430467635107,168.35738384953507,169.48744201660156,11769116,0.0,0.0
2021-09-24,169.91118012390373,170.81925650223812,166.29904915901056,167.40892028808594,12674828,0.0,0.0
2021-09-27,168.88201048654568,170.51654283442414,168.11518067734582,169.74972534179688,9778866,0.0,0.0
2021-09-28,171.24304798762418,173.6444108328024,170.7183864782694,173.382080078125,18266942,0.0,0.0
2021-09-29,173.34168728471712,176.77219797603283,171.92912405888126,176.3282470703125,15251714,0.0,0.0
2021-09-30,177.49863594673008,177.74079208108603,173.947053698085,174.43136596679688,8934732,0.0,0.0
2021-10-01,174.31033429276016,176.6107997878316,173.13992699318445,174.7744598388672,5489980,0.0,0.0
2021-10-04,175.15788254993214,176.77224091444762,174.9560877543677,175.90452575683594,5362228,0.0,0.0
2021-10-05,175.90449309891866,179.79912946693008,175.84395713480365,179.13320922851562,18020292,0.0,0.0
2021-10-06,180.4045219174483,182.4022950398085,179.65787881532506,180.48524475097656,16248822,0.0,0.0
2021-10-07,182.22068575075076,182.4224805300982,180.80812229531858,181.2924346923828,7445114,0.0,0.0
2021-10-08,182.220679445731,182.42247421809617,179.435914050407,181.39332580566406,6019304,0.0,0.0
2021-10-11,181.61530637895967,183.69379019975918,181.41351159409416,183.39109802246094,11833332,0.0,0.0
2021-10-12,183.37088752235096,184.5211200339066,182.0592216778657,183.73411560058594,10923204,0.0,0.0
2021-10-13,184.4404182288919,185.81262019003688,182.94713201682,185.10633850097656,14072722,0.0,0.0
2021-10-14,185.65116992025827,186.53907174650655,184.843990920605,185.36865234375,7894780,0.0,0.0
2021-10-18,189.6870777027027,189.6870777027027,186.07494650918085,186.66015625,8784646,0.0,0.0
2021-10-19,187.22518617917436,187.66913713894718,181.59511945495117,182.8462371826172,10805314,0.0,0.0
2021-10-20,182.4224850413018,182.78571318979448,176.1063107548463,178.0233612060547,13086926,0.0,0.0
2021-10-21,179.69824802506847,183.22965660501083,178.81034608405267,182.0390625,19775152,0.0,0.0
2021-10-22,182.0188776040757,182.8260566621869,178.5883666071031,180.5054168701172,7829992,0.0,0.0
2021-10-25,180.40452946731168,180.96955237592996,173.48297112444249,174.2296142578125,14550354,0.0,0.0
2021-10-26,173.9470800896532,176.34844261844876,172.75648609976477,173.96725463867188,9945226,0.0,0.0
2021-10-27,174.93587400401128,175.35963805311414,172.332716797882,172.615234375,6737796,0.0,0.0
2021-10-28,173.1399295905495,173.9471087494798,169.12420834824067,169.8304901123047,7242482,0.0,0.0
2021-10-29,169.10402245339696,171.5255597677654,166.9246413337805,168.57936096191406,12075018,0.0,0.0
2021-11-01,172.73631892935953,172.73631892935953,169.46724127135337,170.17352294921875,11652400,0.0,0.0
2021-11-02,170.71838739292173,171.0816155410808,167.7318270507816,167.95379638671875,8099346,0.0,0.0
2021-11-03,168.7004404343426,170.13317848269276,167.16680499338815,167.44931030273438,10516486,0.0,0.0
2021-11-04,169.44705391816902,169.6084872547397,168.74077229366978,169.4066925048828,1975024,0.0,0.0
2021-11-08,171.12196739740156,174.6533759227017,170.09281898237285,174.24978637695312,11870418,0.0,0.0
2021-11-09,174.63318688781342,174.65336143679735,172.33272174121888,173.7452850341797,5867180,0.0,0.0
2021-11-10,174.35068104619566,175.15786012511322,173.60403793488183,174.04798889160156,6565108,0.0,0.0
2021-11-11,173.92551563543643,174.45633155451654,172.33304295609085,173.66009521484375,6633538,2.5,0.0
2021-11-12,174.76253728717077,175.57918465767156,174.0888056987176,174.64004516601562,4288924,0.0,0.0
2021-11-15,174.72171819597315,175.59961170628594,173.39466609913606,174.0888214111328,3839888,0.0,0.0
2021-11-16,173.94588555232127,174.17045858915444,170.74054221131857,171.45510864257812,5533442,0.0,0.0
2021-11-17,171.7001294600247,171.80221039311627,168.31104746580507,168.96435546875,7538798,0.0,0.0
2021-11-18,168.84186621433687,169.71975976169324,165.37111443000344,165.4936065673828,9990796,0.0,0.0
2021-11-22,165.7794160018718,166.55522851065578,160.51204296101739,161.53285217285156,10565788,0.0,0.0
2021-11-23,161.2878433121949,163.86027734769132,160.89993085651813,162.3494873046875,6765412,0.0,0.0
2021-11-24,163.7786440805678,167.12689105675338,162.83949206229377,164.69737243652344,8482816,0.0,0.0
2021-11-25,164.96277549626913,165.12610248474843,162.5128332859285,163.3703155517578,6323818,0.0,0.0
2021-11-26,162.16573513144877,162.18615879058137,153.12136877469962,153.87677001953125,20046662,0.0,0.0
2021-11-29,154.75469303777336,155.16301676610522,149.8548082977911,150.03855895996094,15037552,0.0,0.0
2021-11-30,151.0797882080078,154.9588638511864,150.26314070418076,151.0797882080078,18393470,0.0,0.0
2021-12-01,152.20266127764168,153.50930212011275,149.36480653901725,150.56936645507812,13057566,0.0,0.0
2021-12-02,151.07976844501,155.14259422950542,150.69185594701483,154.6934356689453,12449776,0.0,0.0
2021-12-03,156.18383007631925,158.5929376428025,155.6938366053847,157.57212829589844,17313246,0.0,0.0
2021-12-06,158.1641761300213,159.00123466943657,155.5713183322735,156.57171630859375,8919812,0.0,0.0
2021-12-07,157.57211834575628,158.73584341995195,157.30671042453116,158.34793090820312,7275406,0.0,0.0
2021-12-08,159.04207347344033,160.16496359424127,158.89915769312844,159.71580505371094,7187328,0.0,0.0
2021-12-09,160.98164295983693,163.94199023049975,160.18540664054808,160.77748107910156,12970082,0.0,0.0
2021-12-10,160.6753694937088,162.4719912093065,159.65456028472718,162.08409118652344,4565918,0.0,0.0
2021-12-13,162.90076504789047,163.53366187597348,159.67499745402972,160.20582580566406,5199416,0.0,0.0
2021-12-14,160.45079591489014,160.45079591489014,158.87874724611237,159.9199676513672,6582798,0.0,0.0
2021-12-15,159.65456649552576,160.22621718258355,156.42881176186717,156.91879272460938,11115184,0.0,0.0
2021-12-16,157.81713490853625,160.06291561227997,156.98007617610725,159.6750030517578,7909366,0.0,0.0
2021-12-17,160.47121990980378,161.1041166832974,156.0204939108769,157.08213806152344,16049722,0.0,0.0
2021-12-20,155.51008813852158,155.51008813852158,146.5882125430637,146.9965362548828,22510560,0.0,0.0
2021-12-21,148.79315934161298,149.4056449144745,145.93489333492593,148.7115020751953,12855558,0.0,0.0
2021-12-22,149.44647678279762,152.6313967134206,149.1198228015724,152.08016967773438,10045244,0.0,0.0
2021-12-23,153.0397149833438,154.44843670706157,151.8964136286237,154.08094787597656,10693866,0.0,0.0
2021-12-24,154.83634631584908,154.83634631584908,151.2022555509919,151.95765686035156,6287570,0.0,0.0
2021-12-27,151.46769440024127,153.1826466096771,150.0589725308373,152.87640380859375,4632660,0.0,0.0
2021-12-28,153.4480330537683,155.73464814048026,153.1213790961165,155.32632446289062,6449486,0.0,0.0
2021-12-29,155.57134775023954,156.32674917509542,153.99929883063172,155.6121826171875,8260658,0.0,0.0
2021-12-30,156.7962963232113,157.32711213363547,153.52970681647773,154.32594299316406,12171414,0.0,0.0
2021-12-31,153.73389460498007,158.1846210668049,153.73389460498007,157.38839721679688,7780656,0.0,0.0
2022-01-03,156.79629584108096,158.02126690233942,156.79629584108096,157.65377807617188,6468384,0.0,0.0
2022-01-04,158.42961853621586,160.77748015112113,157.1025663190955,157.59255981445312,11799296,0.0,0.0
2022-01-05,157.18421854792544,161.9003524559807,156.57173297747406,161.16537475585938,13483996,0.0,0.0
2022-01-06,161.69618693721165,161.96159485285304,159.4912414257325,161.61451721191406,8237148,0.0,0.0
2022-01-07,162.51284025904664,164.51362399113123,161.28786910131512,161.77786254882812,11914426,0.0,0.0
2022-01-10,162.92114535456506,163.20697690978238,161.53284736004434,162.32907104492188,4179728,0.0,0.0
2022-01-11,162.839478715729,162.839478715729,159.30748137341968,159.71580505371094,6854016,0.0,0.0
2022-01-12,161.0837114924626,161.6757858854106,157.8375328543917,158.71543884277344,9246820,0.0,0.0
2022-01-13,159.32790758901987,162.32907671844694,158.12334772842465,161.0836944580078,8491424,0.0,0.0
2022-01-14,161.28787239371312,163.3090798296498,160.2670630747656,162.69659423828125,6915504,0.0,0.0
2022-01-17,163.73779727306706,165.1260953063644,162.75782292374248,163.55404663085938,9671610,0.0,0.0
2022-01-18,164.06445535311613,166.14690868584742,161.83909869624807,162.5536651611328,13220496,0.0,0.0
2022-01-19,161.696177258411,163.94195749811115,160.47120621857457,161.02244567871094,10347976,0.0,0.0
2022-01-20,161.28787444692955,162.32909498109044,159.32792551402034,160.49163818359375,6495234,0.0,0.0
2022-01-21,160.79785357232674,161.71658181446153,155.16299200498642,155.85714721679688,10310538,0.0,0.0
2022-01-24,155.73466291580067,156.73506100522792,151.12060990569947,152.3455810546875,10668074,0.0,0.0
2022-01-25,151.93727820535503,156.71465886590104,150.26314824627028,156.20425415039062,9905300,0.0,0.0
2022-01-27,157.20462646309903,157.30670738937377,153.12138941210947,156.0613250732422,11474790,0.0,0.0
2022-01-28,157.1842207285387,160.67538354412403,155.7142528468524,156.18382263183594,8089918,0.0,0.0
2022-01-31,159.24626152931157,163.24782927049915,158.40920283133462,162.12493896484375,13928184,0.0,0.0
2022-02-01,161.2878609075107,161.2878609075107,153.52971063601015,154.6934356689453,25515398,0.0,0.0
2022-02-02,157.20464419866917,157.4496409415788,154.89761749679522,156.0205078125,11701576,0.0,0.0
2022-02-03,156.79630509452963,157.16379394238479,153.7338772606521,153.9584503173828,10658294,0.0,0.0
2022-02-04,153.9992959121911,155.16302106236918,152.73348982710354,153.38681030273438,8957710,0.0,0.0
2022-02-07,154.3463612674795,154.5096882580921,151.1206064739407,152.08016967773438,8189026,0.0,0.0
2022-02-08,152.87640815536795,154.55053800776815,151.34519410641386,154.10137939453125,6909612,0.0,0.0
2022-02-09,155.16300050838254,155.9796478794793,152.99888995939614,153.3663787841797,9292356,0.0,0.0
2022-02-10,154.2354486248597,154.56650972521302,152.4973462750763,152.97325134277344,12283058,2.5,0.0
2022-02-11,152.97324003982595,154.98033096399215,151.04892069921797,152.93185424804688,11262552,0.0,0.0
2022-02-14,151.04893139544046,151.40069170671617,149.2073708788138,149.68328857421875,10196386,0.0,0.0
2022-02-15,149.82808599478605,153.01460202852138,147.5727059291352,152.662841796875,11049572,0.0,0.0
2022-02-16,153.5319354091105,156.59429493725835,153.24224746044337,154.8148193359375,10889816,0.0,0.0
2022-02-17,155.58040007267238,156.1183775014596,153.53192326849972,154.35958862304688,5224320,0.0,0.0
2022-02-18,153.7181534013679,155.5804004536593,153.7181534013679,154.42166137695312,4420434,0.0,0.0
2022-02-21,154.359603871491,154.359603871491,151.06962871049674,152.60081481933594,6207542,0.0,0.0
2022-02-22,148.9797628853671,150.82132333936852,144.55174821460585,147.0347442626953,14106162,0.0,0.0
2022-02-23,148.35901103478346,149.31082111667166,147.40720095289527,147.77964782714844,5636142,0.0,0.0
2022-02-24,144.42760145296847,145.66909945972753,137.01999920514035,137.82696533203125,14094970,0.0,0.0
2022-02-25,140.70311373652103,141.32386276771155,137.45452461412296,139.192626953125,11679020,0.0,0.0
2022-02-28,138.77879231973677,145.379416014674,137.3924503103493,144.7586669921875,19146282,0.0,0.0
2022-03-02,143.39300457906396,147.61410240621933,140.6203209395759,141.5721435546875,15469204,0.0,0.0
2022-03-03,143.76547147673915,146.4967697090126,142.08945416309265,143.3516387939453,12825706,0.0,0.0
2022-03-04,143.99309980911968,145.46220091175152,141.94462279582012,144.15863037109375,15557860,0.0,0.0
2022-03-07,143.5999522011661,143.5999522011661,137.30968987728474,139.87545776367188,19936000,0.0,0.0
2022-03-08,139.79267783201738,141.94461287479066,137.68214121330954,141.36524963378906,12880560,0.0,0.0
2022-03-09,142.5653518606015,143.8689222182533,139.75129481458586,141.7997589111328,13563906,0.0,0.0
2022-03-10,145.66909501477434,146.4967603273583,142.97918274887653,144.42759704589844,18109208,0.0,0.0
2022-03-11,145.2552596877293,150.51093937767135,144.94488520121706,149.8074188232422,16557604,0.0,0.0
2022-03-14,148.89698753493178,149.39359178366485,145.81394176399013,148.8349151611328,16449824,0.0,0.0
2022-03-15,149.41427727993408,149.60050702914896,144.0551518947048,144.965576171875,12130866,0.0,0.0
2022-03-16,146.2898362971273,148.02793841371155,144.9034944457053,147.4485626220703,9444984,0.0,0.0
2022-03-17,148.81423216314425,151.5455303386065,148.09002498331864,150.71786499023438,22827672,0.0,0.0
2022-03-21,148.97975604734154,152.00072938218892,147.44857016963127,147.82102966308594,12369650,0.0,0.0
2022-03-22,148.5038659278601,152.99395321867138,147.6141281546437,152.45596313476562,14934378,0.0,0.0
2022-03-23,153.49051956448864,153.78020745644557,151.04890957931445,151.71104431152344,12475458,0.0,0.0
2022-03-24,151.46273821447932,152.20763187534186,149.31080354883542,150.0557098388672,9696758,0.0,0.0
2022-03-25,149.80743297440097,150.86270127655763,148.19348801791435,149.10391235351562,7259104,0.0,0.0
2022-03-28,148.97978136281301,150.15920715776977,147.44859522491507,148.8556365966797,11624382,0.0,0.0
2022-03-29,149.8074187212501,149.97294925477655,148.13140154689313,148.33831787109375,11417328,0.0,0.0
2022-03-30,149.1866722514557,149.97295177077493,148.64869485117686,149.0004425048828,8247132,0.0,0.0
2022-03-31,149.3936063488111,150.8420208147968,148.4831693470942,148.71078491210938,11007364,0.0,0.0
2022-04-01,149.62119723374292,155.18725171353677,149.62119723374292,154.93894958496094,12772330,0.0,0.0
2022-04-04,154.93896556266878,157.77372217879767,154.02854116956658,157.33920288085938,14714720,0.0,0.0
2022-04-05,157.67024134585733,158.0840740003084,155.82868098188192,157.25640869140625,6622344,0.0,0.0
2022-04-06,156.8425744987262,159.92563279581782,156.20113894228606,159.65663146972656,11686350,0.0,0.0
2022-04-07,159.26350856010848,160.27739104310726,157.04950120828136,157.5874786376953,6693770,0.0,0.0
2022-04-08,158.41513611167733,160.07046674034345,157.71162817199652,159.13934326171875,8380548,0.0,0.0
2022-04-11,159.38762938204403,161.45679246016786,159.24278544074153,160.71189880371094,4778320,0.0,0.0
2022-04-12,160.1325704301264,160.40155916284223,156.11838813547783,157.50473022460938,4891948,0.0,0.0
2022-04-13,157.25642302420022,158.89106720993615,156.30461288388022,156.84259033203125,6523924,0.0,0.0
2022-04-18,156.84257182035978,156.84257182035978,153.55259725425415,153.84228515625,5585346,0.0,0.0
2022-04-19,154.73202275897575,158.84966261027964,154.35957590594822,155.53900146484375,11592654,0.0,0.0
2022-04-20,157.17364227110394,162.3465506216428,155.7459271438577,161.37405395507812,17136378,0.0,0.0
2022-04-21,163.46389982407695,165.03645887198218,161.39473653516458,164.5812530517578,15955692,0.0,0.0
2022-04-22,163.4639078822158,164.39503140812715,162.01549350857593,162.80177307128906,8821478,0.0,0.0
2022-04-25,159.32559291351646,159.71873903860825,152.62149797821397,152.99395751953125,20815928,0.0,0.0
2022-04-26,154.52511878941488,155.35278414193363,152.76632991531255,154.29751586914062,6278956,0.0,0.0
2022-04-27,152.2904267564802,153.78022693536698,150.75924078361888,151.669677734375,6163612,0.0,0.0
2022-04-28,153.82163053344564,153.82163053344564,151.11101857901002,152.84912109375,6573278,0.0,0.0
2022-04-29,153.1180686867687,154.23542180723177,149.45564749099458,150.0557098388672,6718850,0.0,0.0
2022-05-02,149.02114683878852,152.26973582076457,148.00725174666826,151.64898681640625,6400476,0.0,0.0
2022-05-04,151.64899933187962,153.69746363781775,148.77285698931863,150.40750122070312,5737094,0.0,0.0
2022-05-05,151.4834504879397,152.60080379792527,149.02115357026247,149.3936004638672,3695092,0.0,0.0
2022-05-06,147.73829723865873,148.89702393003753,146.08296617716115,147.86244201660156,4697742,0.0,0.0
2022-05-09,147.2002969116357,148.27625183173348,144.7586738705029,146.24847412109375,5048780,0.0,0.0
2022-05-10,146.28985162128674,148.15209867162844,145.42080047195975,146.2691650390625,5909904,0.0,0.0
2022-05-11,146.91060257664716,148.75216306906518,142.66881757267356,143.64132690429688,7774130,0.0,0.0
2022-05-12,142.77228420495675,143.3723466829942,139.13056142762954,140.68243408203125,7716626,0.0,0.0
2022-05-13,141.2824657035523,142.89641053007503,139.04777189535392,139.44091796875,4515592,0.0,0.0
2022-05-16,140.35135704087236,140.55827338993134,138.09597641363248,139.08917236328125,3884304,0.0,0.0
2022-05-17,139.0477995530327,141.92394212521845,138.2822064641829,141.71702575683594,9596420,0.0,0.0
2022-05-18,139.2339896948617,143.68269034849322,136.9785968699575,137.35104370117188,15314616,0.0,0.0
2022-05-19,136.48202204241025,136.5441070519459,134.08179738775505,135.17845153808594,10187938,0.0,0.0
2022-05-20,137.3924344280109,138.57185996022986,135.73710389273364,137.72349548339844,6393394,0.0,0.0
2022-05-23,137.72351319404768,139.1098552214539,135.32328866090506,137.433837890625,8792862,0.0,0.0
2022-05-24,137.43383601708672,138.44771850900156,135.94403583823077,136.60617065429688,5891438,0.0,0.0
2022-05-25,137.55798136960485,138.0131998469583,134.5576944164101,134.97152709960938,8163646,0.0,0.0
2022-05-26,134.49561223378976,134.70252856030328,129.19855932671172,134.22662353515625,16061314,0.0,0.0
2022-05-27,134.3301104852562,136.1509720229504,131.6815834641398,133.39898681640625,9751704,0.0,0.0
2022-05-30,134.28869342020977,136.895834034327,133.2541118068029,136.2130126953125,7101016,0.0,0.0
2022-05-31,136.56476162890888,136.8544495082742,134.49559857392543,134.99220275878906,20841502,0.0,0.0
2022-06-01,135.73710435738593,137.33036252887823,134.12315960579974,134.90943908691406,13381064,0.0,0.0
2022-06-02,135.3232823310963,138.32356917177046,133.4817219082556,136.29579162597656,16113808,0.0,0.0
2022-06-03,136.81307410269213,137.39243727621565,135.36465985429828,135.79917907714844,9938986,0.0,0.0
2022-06-06,135.5302045657201,135.6957351141646,131.7229388056405,132.157470703125,9345428,0.0,0.0
2022-06-07,131.4125388807804,133.50240111694606,131.1849359993261,132.52989196777344,7910152,0.0,0.0
2022-06-08,132.8402930026744,134.45423796191935,132.09539921507564,134.0404052734375,5381610,0.0,0.0
2022-06-09,133.66794748501144,138.44770959573302,132.2195331933782,137.74420166015625,13918892,0.0,0.0
2022-06-10,136.87514901521342,137.47521140950303,135.15774604319975,136.97860717773438,5453434,0.0,0.0
2022-06-13,135.69573745749932,135.69573745749932,131.30910838752553,131.57810974121094,7503680,0.0,0.0
2022-06-14,131.3091097860891,132.73683764327387,128.970957572455,130.06761169433594,10098392,0.0,0.0
2022-06-15,131.12289189271314,131.12289189271314,127.4604700173542,129.94346618652344,9987308,0.0,0.0
2022-06-16,131.5987872089973,132.34368095285166,128.4122706431489,128.970947265625,8720718,0.0,0.0
2022-06-17,127.87429822243726,128.90887992326603,124.04634592937077,124.56363677978516,13905510,0.0,0.0
2022-06-20,125.80513445774369,126.01205079731234,121.66680766637053,122.5151596069336,7456818,0.0,0.0
2022-06-21,122.76344678408586,125.16368360816618,121.39780416097622,124.64639282226562,5603658,0.0,0.0
2022-06-22,125.45335284279092,127.21214143034379,122.8048266720745,126.59139251708984,13204868,0.0,0.0
2022-06-23,127.6466829124085,128.49503477309105,125.61889287223472,127.4190673828125,8697024,0.0,0.0
2022-06-24,127.54324758342035,128.47437119048215,126.38450840601793,127.27424621582031,6549900,0.0,0.0
2022-06-27,128.2881062825521,130.62625795186807,127.60528501688192,130.35726928710938,5569614,0.0,0.0
2022-06-28,129.1157935168826,132.21953855334613,129.1157935168826,131.8470916748047,6481036,0.0,0.0
2022-06-29,129.77793428470878,132.36438860069399,129.77793428470878,130.93666076660156,4503176,0.0,0.0
2022-06-30,130.77113042989512,131.49533763955435,127.10870858664128,127.6259994506836,9158568,0.0,0.0
2022-07-01,127.66736784719413,132.11606867169115,126.50864152131861,131.74362182617188,8833390,0.0,0.0
2022-07-04,130.8125116794193,131.78502099586066,129.38478389260416,130.9159698486328,4431040,0.0,0.0
2022-07-05,131.51602041934856,132.9851340082487,129.17786830732487,129.57101440429688,6138608,0.0,0.0
2022-07-06,131.01944082760954,133.25413497527344,130.5642223127291,132.96444702148438,8353864,0.0,0.0
2022-07-07,134.45423548015052,136.56478467828552,133.70934170630105,136.3164825439453,9279814,0.0,0.0
2022-07-08,136.56480036925052,137.49592400813177,134.28872036309633,134.61978149414062,5034654,0.0,0.0
2022-07-11,135.05429272839686,135.05429272839686,130.56420578798387,130.729736328125,11830842,0.0,0.0
2022-07-12,130.35729408198247,130.56421042179514,127.4811519069179,127.72945404052734,10690702,0.0,0.0
2022-07-13,129.11578988337862,130.52281840114543,128.08120823367207,128.4950408935547,9645842,0.0,0.0
2022-07-14,128.7019532297048,129.40547378134232,125.86719707164096,126.69486236572266,11835382,0.0,0.0
2022-07-15,127.4604492293016,129.59168473441218,126.67416976313658,129.15716552734375,10024354,0.0,0.0
2022-07-18,129.73654438568343,130.87458424871576,128.143286051604,130.6883544921875,7029760,0.0,0.0
2022-07-19,130.3158969257076,131.5160090661469,129.32270110703953,130.99871826171875,5009030,0.0,0.0
2022-07-20,132.1781590148385,132.77822146861726,130.87458856367496,131.22634887695312,6723570,0.0,0.0
2022-07-21,131.578132864521,134.08181604454754,130.7711539199908,133.54383850097656,7298344,0.0,0.0
2022-07-22,134.57840380771785,134.66116277311494,131.82640615294181,132.5506134033203,6293178,0.0,0.0
2022-07-25,132.5505794684578,132.79888155942453,130.58487457782215,131.24700927734375,6529228,0.0,0.0
2022-07-26,131.1228689403995,132.07467892030348,130.00551580819103,131.78500366210938,4397264,0.0,0.0
2022-07-27,131.5987801618447,134.51629523640628,131.41255042126843,134.330078125,6514864,0.0,0.0
2022-07-28,133.19205552075027,136.10957097122287,133.19205552075027,134.93014526367188,6933530,0.0,0.0
2022-07-29,135.34397806526366,137.04069464332065,134.57839768162245,136.68893432617188,9605766,0.0,0.0
2022-08-01,136.97861043322175,138.7167126565502,135.65434086981242,138.2821807861328,6221584,0.0,0.0
2022-08-02,138.8408583621034,141.3238543387729,137.51658878954473,138.69601440429688,7663472,0.0,0.0
2022-08-03,138.69601703457195,139.60645396161814,136.6889260562002,138.17872619628906,4079330,0.0,0.0
2022-08-04,139.42021584184525,139.77197611660338,136.44062836963735,138.1994171142578,5023836,0.0,0.0
2022-08-05,138.63395461644149,139.56507819222355,137.47522810713696,139.21331787109375,5115246,0.0,0.0
2022-08-08,136.35787636074522,136.5647927133412,132.50923725412892,134.76461791992188,18945812,0.0,0.0
2022-08-10,135.44743439979953,136.66824588709852,134.90945695441067,135.86126708984375,5743378,0.0,0.0
2022-08-11,136.54407746415865,137.22689875854184,135.40603776379695,135.88194274902344,3377190,0.0,0.0
2022-08-12,135.88195992598142,138.40634174263604,135.65434437963444,138.17872619628906,5285940,0.0,0.0
2022-08-16,138.40633798301175,143.70339097147271,137.8269621565362,143.14471435546875,10721280,0.0,0.0
2022-08-17,143.84822299626347,147.0140400521292,143.59992089539432,146.14498901367188,14146800,0.0,0.0
2022-08-18,146.31053303863212,146.31053303863212,142.95849856968343,143.62062072753906,7118970,0.0,0.0
2022-08-19,144.2101933088151,144.547078664798,141.9151216607048,142.44151306152344,7463376,3.0,0.0
2022-08-22,141.978290499646,142.104632150606,139.72533266339866,140.50439453125,4227956,0.0,0.0
2022-08-23,139.36740572658508,141.05185837001815,139.22001355001393,140.5254669189453,3118316,0.0,0.0
2022-08-24,140.23064668746053,140.73598749173934,138.14613193399865,138.77780151367188,5188148,0.0,0.0
2022-08-25,138.9673149138429,141.07288029132536,138.25141754495837,138.88308715820312,6420988,0.0,0.0
2022-08-26,140.60967100570795,140.60967100570795,138.2514349163434,138.5883331298828,4127464,0.0,0.0
2022-08-29,136.8617398929471,137.99875025721323,136.04056431304932,137.36708068847656,3250026,0.0,0.0
2022-08-30,137.3881652384118,138.9252256662107,137.36711472144538,138.39883422851562,6339262,0.0,0.0
2022-09-01,137.0723434211572,140.230692347912,136.52490141439492,139.53585815429688,6741662,0.0,0.0
2022-09-02,140.02011569948525,140.69389927763302,134.96675814040609,135.57737731933594,9679250,0.0,0.0
2022-09-05,135.59840878199577,136.90386187159575,135.2825739789321,136.7564697265625,4784578,0.0,0.0
2022-09-06,137.28284623168852,137.47235223359112,135.1983316161583,136.5458984375,5099528,0.0,0.0
2022-09-07,136.1669425661868,138.12511618574445,135.53527282753248,137.64083862304688,5529460,0.0,0.0
2022-09-08,138.9673286366406,143.53640852723697,138.81993647539184,143.11529541015625,17335416,0.0,0.0
2022-09-09,143.81010734524298,143.83115785731556,141.51503606991048,142.54676818847656,6934262,0.0,0.0
2022-09-12,142.5467797230383,145.28401478418968,142.4204509376796,144.27334594726562,5406378,0.0,0.0
2022-09-13,144.46286229406522,145.53670854724217,143.19952283245956,143.62063598632812,10351084,0.0,0.0
2022-09-14,141.3676662484353,143.51533267766186,141.2202741000067,141.55715942382812,6863114,0.0,0.0
2022-09-15,141.80984251769104,142.75734703339944,139.11472113216874,139.556884765625,4993238,0.0,0.0
2022-09-16,139.55687954752992,139.64110730854014,134.819357146126,135.3036346435547,11937446,0.0,0.0
2022-09-19,135.998467091187,136.73541494198008,134.35611588548184,135.1351776123047,5473706,0.0,0.0
2022-09-20,135.83002483738056,137.66186938689123,135.53525337911853,135.9774169921875,5591400,0.0,0.0
2022-09-21,136.23008221391046,136.44063875519933,134.04028904396546,134.77723693847656,4507332,0.0,0.0
2022-09-22,134.33506372555223,134.73512626590207,131.89261316199148,133.00856018066406,5353540,0.0,0.0
2022-09-23,132.86118787381466,133.40862978314993,130.96617885501223,131.36624145507812,5516760,0.0,0.0
2022-09-26,131.38727468012843,133.05067640716393,127.5551432650212,128.39736938476562,10934478,0.0,0.0
2022-09-27,129.28171124191368,131.38727657158654,128.56581388928456,130.8187713623047,6266672,0.0,0.0
2022-09-28,130.54506339278876,130.54506339278876,128.52372561628,128.86061096191406,4451088,0.0,0.0
2022-09-29,129.5133263213162,130.01866717232423,127.38671034697353,127.70254516601562,6532502,0.0,0.0
2022-09-30,127.84994236613507,130.08183670160895,126.69188131725949,128.3552703857422,11182546,0.0,0.0
2022-10-03,129.00799925573315,131.07145085147803,128.3552662475091,130.0397186279297,7084402,0.0,0.0
2022-10-04,130.9661793816215,132.31374649650712,130.65034454388447,131.1556854248047,4266520,0.0,0.0
2022-10-06,131.82945394063117,132.56640188310698,130.29239365945207,131.45045471191406,6973606,0.0,0.0
2022-10-07,130.629304587383,130.9240760822859,128.94485198329735,129.45018005371094,6436838,0.0,0.0
2022-10-10,128.86060423503656,129.1132746567481,127.21826577093873,128.29209899902344,4731232,0.0,0.0
2022-10-11,128.9448298225265,128.9448298225265,125.97597490724804,126.22864532470703,5305338,0.0,0.0
2022-10-12,126.77609958569865,130.2292323088843,126.06021499279116,127.38671875,14791710,0.0,0.0
2022-10-13,128.03944032973757,128.54478121954466,126.12338075431163,126.46026611328125,6058154,0.0,0.0
2022-10-14,127.59727304927516,128.43949927402286,125.11270825653993,125.42854309082031,5155460,0.0,0.0
2022-10-17,125.4495782002074,126.06019727870404,122.77550769474917,124.88107299804688,5344642,0.0,0.0
2022-10-18,125.51276743199303,125.61804571799583,123.82831485594828,124.5442123413086,6574926,0.0,0.0
2022-10-19,125.13375613021661,125.89176742730034,122.85974794166948,123.02819061279297,6029504,0.0,0.0
2022-10-20,123.00713596926798,125.9128137155094,121.30162024659141,125.11270141601562,10261122,0.0,0.0
2022-10-21,125.744369762959,126.60764644674866,125.21797840666007,125.63909149169922,4378164,0.0,0.0
2022-10-24,126.3339301891755,127.07087811527902,126.14442415335095,126.64976501464844,785990,0.0,0.0
2022-10-25,127.04984137581795,128.43950961802906,125.21799661919178,127.42884063720703,5684662,0.0,0.0
2022-10-27,127.4288600754531,129.1133129175573,127.40779670411362,128.69219970703125,6769606,0.0,0.0
2022-10-28,129.0711771097226,129.91340338776322,127.2182818683039,127.7236099243164,4980844,0.0,0.0
2022-10-31,128.3763431050423,128.860620645039,126.92349763369916,127.87100219726562,8168120,0.0,0.0
2022-11-01,127.87100240459085,128.77639308541836,127.26039606233655,128.16578674316406,6729148,0.0,0.0
2022-11-02,128.2289430969181,128.81849888571392,127.80782998329933,128.5237274169922,4907332,0.0,0.0
2022-11-03,128.52371177689812,129.5764944328316,127.80781443032305,128.48159790039062,4588148,0.0,0.0
2022-11-04,128.67110261258475,128.67110261258475,125.82858918652158,126.90243530273438,7678230,0.0,0.0
2022-11-07,127.38673360238064,130.60824677445103,127.17617701791389,130.43980407714844,7732442,0.0,0.0
2022-11-09,131.00828223221686,131.32411704335945,128.83955243264134,129.2185516357422,5580594,0.0,0.0
2022-11-10,128.86059620259437,129.68177180913156,128.10259783606057,128.65003967285156,2795742,0.0,0.0
2022-11-11,129.3027559198593,130.7766515841205,128.6289853258487,130.08181762695312,4580064,0.0,0.0
2022-11-14,130.3345122915959,130.54506885426406,129.30277999398078,129.55545043945312,2600014,0.0,0.0
2022-11-15,129.61859070505812,130.3766019003455,128.73426358758164,130.08181762695312,4035358,0.0,0.0
2022-11-16,130.08182920931722,130.41872738766992,128.77637607732237,129.05010986328125,2926810,0.0,0.0
2022-11-17,129.28172588096504,129.61861123131914,128.24999361205812,128.5237274169922,3816246,0.0,0.0
2022-11-18,129.17643289359322,129.17643289359322,127.34458848766816,128.06048583984375,4065720,0.0,0.0
2022-11-21,128.71322845016525,130.94513579915252,128.1447231418688,130.67140197753906,7671706,0.0,0.0
2022-11-22,130.65033354265165,131.11356050259772,128.75532467579612,129.2185516357422,7471030,0.0,0.0
2022-11-23,128.9027276085097,130.86090103114287,128.9027276085097,130.6082305908203,5713460,0.0,0.0
2022-11-24,131.15568210408557,135.59842023522683,130.77667002731533,135.17730712890625,16914922,0.0,0.0
2022-11-25,135.17729696381855,137.38814060575015,133.24017425014156,136.63014221191406,8593556,0.0,0.0
2022-11-28,137.70395862470195,143.9785401018573,137.70395862470195,143.4942626953125,26418498,0.0,0.0
2022-11-29,143.81012887950394,144.16807759779076,141.57823450888424,142.7783966064453,10055668,0.0,0.0
2022-11-30,142.77837971873305,144.75761626714416,141.40976225584367,143.6627197265625,10029732,0.0,0.0
2022-12-01,144.0206796695341,144.75762759181973,141.93616469167114,142.58889770507812,4289334,0.0,0.0
2022-12-02,142.9679095280422,144.5891976702803,142.46256862480985,143.64169311523438,5595618,0.0,0.0
2022-12-05,143.5574519299948,143.93645114631946,142.12566997312848,142.50466918945312,4976546,0.0,0.0
2022-12-06,143.136325210545,143.64166601844911,138.1671962886739,138.356689453125,10051146,0.0,0.0
2022-12-07,139.28316922281994,141.91512631319824,139.1778909392048,140.79917907714844,14328596,0.0,0.0
2022-12-08,141.80984603870473,142.0414531188653,140.04116575825995,141.38873291015625,5220452,0.0,0.0
2022-12-09,143.17846177706164,143.17846177706164,141.00973176453257,142.52574157714844,10392346,0.0,0.0
2022-12-12,142.31518061836397,147.32642405544993,140.9044491300562,146.96847534179688,13477930,0.0,0.0
2022-12-13,146.9684855637262,146.9684855637262,145.32614689130762,145.768310546875,7750970,0.0,0.0
2022-12-14,145.99992817499037,147.726481737119,145.57881504249988,146.8632049560547,9635850,0.0,0.0
2022-12-15,146.86320404683283,148.00021463805913,145.7051429396535,147.03164672851562,5908812,0.0,0.0
2022-12-16,147.03163971567164,147.81070153906822,143.5153426785886,143.9154052734375,9481326,0.0,0.0
2022-12-19,144.21019675347344,144.8418664495441,141.36768312115547,143.7259063720703,5444230,0.0,0.0
2022-12-20,143.8732929725397,144.06279901457125,140.7570584960758,143.2837371826172,5614312,0.0,0.0
2022-12-21,143.59957133810306,144.42074704787947,139.85166720776027,140.6938934326172,5170900,0.0,0.0
2022-12-22,140.65176967055254,141.4518819576896,136.73542314062564,138.08297729492188,6135896,0.0,0.0
2022-12-23,136.8617710032698,138.50410968503843,135.66159597958588,136.9038848876953,5802076,0.0,0.0
2022-12-26,136.01954472017277,138.29355311426417,135.66159597958588,136.9038848876953,3377562,0.0,0.0
2022-12-27,137.03019700720165,138.2514223987465,135.89319937425364,137.28286743164062,2819074,0.0,0.0
2022-12-28,137.28290058039894,137.53557106584853,135.661612221065,136.4827880859375,9481554,0.0,0.0
2022-12-29,136.48273974603245,138.12507804273395,134.81933808638018,137.78819274902344,6195112,0.0,0.0
2022-12-30,138.12508901345026,140.23065439475286,137.93558298859256,139.17787170410156,4199128,0.0,0.0
2023-01-02,138.98838541900133,140.94657178280417,137.93560257882908,140.588623046875,4405586,0.0,0.0
2023-01-03,140.58861984904482,142.33623675370887,139.64111531444175,141.85195922851562,5264652,0.0,0.0
2023-01-04,142.56786601011876,143.5153706921125,140.7149705356019,141.620361328125,5848474,0.0,0.0
2023-01-05,141.91511785614796,144.42074599741312,141.32556207330683,144.16807556152344,7428290,0.0,0.0
2023-01-06,144.0206890049074,145.93674858650763,143.28374103485305,145.15769958496094,7364410,0.0,0.0
2023-01-09,146.48420785777216,147.11587756578209,145.32614672642063,146.02098083496094,4519436,0.0,0.0
2023-01-10,146.54738737994714,146.96850056207342,144.52604924628272,146.27366638183594,4762962,0.0,0.0
2023-01-11,146.9052922102233,150.7584741037788,145.64195304175587,148.44235229492188,14348024,0.0,0.0
2023-01-12,149.05298581386086,149.05298581386086,144.61023492999277,145.30506896972656,5863672,0.0,0.0
2023-01-13,145.45246491229614,147.87386528295266,144.04173343042584,147.43170166015625,5433700,0.0,0.0
2023-01-16,148.23182339177748,148.40026607536117,144.9050321984258,146.9474334716797,5698298,0.0,0.0
2023-01-17,147.6843729181823,147.9580938695984,145.4735290891757,146.71580505371094,3477566,0.0,0.0
2023-01-18,146.88424203871077,147.09479858569938,144.39967735451555,145.72618103027344,4099580,0.0,0.0
2023-01-19,145.68409189469006,147.34748104087762,144.86291615385818,147.24220275878906,3279112,0.0,0.0
2023-01-20,147.05269870115123,147.81069713566518,145.51562561509775,145.85252380371094,3993550,0.0,0.0
2023-01-23,146.1262489750729,147.38958830338765,145.68408535070364,147.2211456298828,3362750,0.0,0.0
2023-01-24,147.38959712250602,148.42132944290475,146.48420645330978,146.9474334716797,4752342,0.0,0.0
2023-01-25,146.84215659591507,147.60015510498573,145.57881717989522,146.02098083496094,3866394,0.0,0.0
2023-01-27,146.0841083938425,147.2000553596201,139.59897026406253,141.7255859375,5251902,0.0,0.0
2023-01-30,141.87300394934417,142.86262232644484,139.93588107634227,141.11500549316406,6395210,0.0,0.0
2023-01-31,144.4207293277814,148.02124085672912,143.7048319839511,144.54705810546875,17988324,0.0,0.0
2023-02-01,144.54707568760287,145.15769484051677,138.9673269538498,140.94656372070312,8358226,0.0,0.0
2023-02-02,140.86232324011786,141.49399285106009,138.7567578703104,139.89376831054688,9029328,0.0,0.0
2023-02-03,139.78849570540635,140.12538103768355,135.68264306793853,137.57765197753906,5653818,0.0,0.0
2023-02-06,136.46169142420874,140.92549274030947,136.46169142420874,140.54649353027344,6611800,0.0,0.0
2023-02-07,140.65177297347063,141.57822691802818,139.62004075572932,139.87271118164062,3480708,0.0,0.0
2023-02-08,139.7253107876076,141.4097630591947,138.5672498508915,140.73599243164062,2499180,0.0,0.0
2023-02-09,139.85168329130133,142.20991956237836,139.53584842065763,140.5254669189453,4275406,0.0,0.0
2023-02-10,140.6938777928475,141.40976229358554,139.6200317647141,140.65176391601562,2551682,0.0,0.0
2023-02-13,140.6517777514732,142.2099013880633,139.83060205220366,141.03077697753906,3587566,0.0,0.0
2023-02-14,140.23067626272413,140.96762426110183,139.1778934078989,139.4516143798828,2385346,0.0,0.0
2023-02-15,139.4516143798828,140.08328409277797,138.33566712403868,139.4516143798828,3529300,0.0,0.0
2023-02-16,139.45161408361244,140.2938403656833,136.35642992673138,137.15655517578125,7507670,0.0,0.0
2023-02-17,137.15653382733888,140.2306541378688,137.09335658493455,139.68321228027344,6702378,0.0,0.0
2023-02-20,140.16750180744796,140.42017224475254,137.26182390682604,137.34603881835938,3546252,0.0,0.0
2023-02-21,137.68292515540793,138.35669579502982,135.66157468248875,136.1248016357422,2962498,0.0,0.0
2023-02-22,135.8089706581759,136.01952720183198,133.15596334864983,134.94569396972656,8178548,0.0,0.0
2023-02-23,135.59841207671676,136.2932460900694,133.91395975278238,134.98779296875,5490782,0.0,0.0
2023-02-24,135.09308974659416,135.66159505407686,133.32442227496847,133.72447204589844,3794754,0.0,0.0
2023-02-27,133.99818952327416,135.24046542003416,132.50323035250503,134.94569396972656,3962002,0.0,0.0
2023-02-28,133.55603101973986,135.45104016732,132.25057770335843,133.6402587890625,7852658,0.0,0.0
2023-03-01,133.4086318076006,135.17731205919657,132.88224040550094,133.02963256835938,6991434,0.0,0.0
2023-03-02,133.36651738473896,135.53524717334972,132.4400634695308,135.19834899902344,6768720,0.0,0.0
2023-03-03,135.89320364675567,136.3985316601696,134.86147140258848,135.3457489013672,4226202,0.0,0.0
2023-03-06,135.76686584183938,137.49343218534077,135.24047444756164,136.67225646972656,3629924,0.0,0.0
2023-03-08,136.41959111312352,137.89348693316995,135.93530077688408,137.32498168945312,4785062,0.0,0.0
2023-03-09,137.32500595928605,137.66189135143756,136.25115967551451,136.79861450195312,3895532,0.0,0.0
2023-03-10,136.86177614464088,138.0830017307377,134.98781745381123,137.30393981933594,3517038,0.0,0.0
2023-03-13,137.2828868758051,137.53555733603127,135.28259941365764,135.85110473632812,3910894,0.0,0.0
2023-03-14,136.52485459682765,138.50407820139242,135.53523636887013,137.36708068847656,5894652,0.0,0.0
2023-03-15,138.54621653160274,140.39911169002238,137.85138245361446,139.09365844726562,5511946,0.0,0.0
2023-03-16,141.07288944070038,148.54764701554345,140.7149407330431,147.76858520507812,36574630,0.0,0.0
2023-03-17,147.81069856509194,149.47410045586668,145.4735259932787,147.97914123535156,23389012,0.0,0.0
2023-03-20,149.4319856312111,152.02182861772468,147.60014108175207,151.4533233642578,18492346,0.0,0.0
2023-03-21,151.68494394281495,152.27449971325302,149.8109855050223,150.99009704589844,10250562,0.0,0.0
2023-03-22,150.88481814983723,151.1796024595191,147.70541939464158,148.1475830078125,11934054,0.0,0.0
2023-03-23,147.38961261730782,148.08444679223282,146.33682967004134,146.6947784423828,5146176,0.0,0.0
2023-03-24,146.50525167058177,147.28431351175072,144.86291307517442,145.4524688720703,5875488,0.0,0.0
2023-03-27,144.90500566096577,146.08411708146576,144.3154499507158,145.22084045410156,4245926,0.0,0.0
2023-03-28,144.0206860416093,144.3996852767115,141.22028638329297,143.11529541015625,6854316,0.0,0.0
2023-03-29,143.17845980744787,144.18912871817113,141.62033613370818,143.11529541015625,5971840,0.0,0.0
2023-03-31,145.24189771143458,145.87356732704072,143.5785087678158,144.98922729492188,10137510,0.0,0.0
2023-04-03,142.33622915033035,142.33622915033035,138.60937560970365,138.94627380371094,18864744,0.0,0.0
2023-04-05,139.7674367029563,140.1885498071239,137.7039850628055,138.14614868164062,8249158,0.0,0.0
2023-04-06,138.67254449556447,140.4412247301584,138.56726621615655,139.80955505371094,4767830,0.0,0.0
2023-04-10,139.80955013016774,141.83088788307515,139.64110745931745,141.40977478027344,4930618,0.0,0.0
2023-04-11,141.5571649589011,142.9678964038486,141.13605186198257,142.79945373535156,2729894,0.0,0.0
2023-04-12,142.79946949882333,142.8626339000634,141.11501692520432,142.0414581298828,4260174,0.0,0.0
2023-04-13,142.7152249434412,142.7152249434412,139.24104191898527,139.91482543945312,8347294,0.0,0.0
2023-04-17,139.91483041517904,141.49400457336392,139.09365471238203,141.36767578125,2905562,0.0,0.0
2023-04-18,141.36767479613155,142.3572803139496,140.146436507897,140.98866271972656,5806422,0.0,0.0
2023-04-19,141.0518634268137,144.56814816495816,140.5254719568694,144.0207061767578,9852864,0.0,0.0
2023-04-20,144.8418505367372,145.28401413486796,143.7469539468998,144.736572265625,4865018,0.0,0.0
2023-04-21,144.77868590398697,146.92636539202098,144.27335786944238,145.78936767578125,6552688,0.0,0.0
2023-04-24,145.7893666182527,146.4631373260914,144.3365212203515,146.21047973632812,4245824,0.0,0.0
2023-04-25,145.38930274359615,146.77897088054647,145.38930274359615,146.33680725097656,3084392,0.0,0.0
2023-04-26,146.04202135955984,147.17903189672782,145.326136783606,146.96847534179688,2639794,0.0,0.0
2023-04-27,147.38958861892104,150.12682383612957,146.90531111230075,149.7688751220703,7271052,0.0,0.0
2023-04-28,149.91625860643052,150.8848135636281,148.42131229176653,150.5900421142578,6742936,0.0,0.0
2023-05-02,150.88481000246577,153.66415887456085,150.75848122019602,152.06393432617188,6425960,0.0,0.0
2023-05-03,152.9693237218184,154.8853830628589,151.53754184431386,151.93759155273438,8712958,0.0,0.0
2023-05-04,153.20096232507788,155.45392029925478,152.08501502238576,155.11703491210938,8282286,0.0,0.0
2023-05-05,154.5906471479291,155.664480589989,153.3062442696913,153.89581298828125,3300230,0.0,0.0
2023-05-08,153.89580292536522,155.26442063722916,152.63246349902929,154.8433074951172,2400728,0.0,0.0
2023-05-09,154.06425199745814,155.81186903938593,153.57997443422812,154.569580078125,4179678,0.0,0.0
2023-05-10,154.96960747661407,157.0751727955898,153.87471094047652,156.71722412109375,5561956,0.0,0.0
2023-05-11,157.13833630068018,157.8752841581749,156.44350231959814,156.8856658935547,3387368,0.0,0.0
2023-05-12,156.6119642627967,156.6119642627967,151.17960767160827,152.4008331298828,7791814,0.0,0.0
2023-05-15,152.44295273040856,153.22201458949476,150.0636661213233,150.33738708496094,4809530,0.0,0.0
2023-05-16,150.86377194414416,154.25372734554423,150.337380555644,152.56927490234375,7572742,0.0,0.0
2023-05-17,154.4432394381988,155.60130053828073,153.26412782229286,153.60101318359375,7759756,0.0,0.0
2023-05-18,154.127417695186,154.127417695186,151.64285260315734,151.89552307128906,3426890,0.0,0.0
2023-05-19,151.64282061841567,152.65348942641688,150.59003793271626,151.72703552246094,2315526,0.0,0.0
2023-05-22,152.421882502836,152.7587678219995,150.9900877680134,152.2744903564453,3206888,0.0,0.0
2023-05-23,154.54850858866692,156.23296099835267,153.70628238382403,154.38006591796875,11943178,0.0,0.0
2023-05-24,154.3590045635957,155.4328506995756,152.37978066723352,152.99038696289062,3750960,0.0,0.0
2023-05-25,152.8640581710587,153.36939904109067,151.74811100536962,152.99038696289062,3352570,0.0,0.0
2023-05-26,153.70629862561157,154.54852491945053,152.9061862167352,153.41151428222656,2185592,0.0,0.0
2023-05-29,153.41150369841918,154.6748430520203,152.02183554999897,152.31661987304688,2341038,0.0,0.0
2023-05-30,152.8640463464133,153.28515942174778,151.60070712040988,151.76914978027344,2722688,0.0,0.0
2023-05-31,151.7691622673005,154.31690429350388,151.6849473561154,153.07461547851562,23214480,0.0,0.0
2023-06-01,153.83261951190343,155.34862933306036,153.32729147241957,153.51678466796875,3537282,0.0,0.0
2023-06-02,153.53783743511914,154.4642785358897,151.22171540616503,151.62176513671875,6932474,0.0,0.0
2023-06-05,151.64282419929663,152.44293648905173,149.49514489948444,150.25314331054688,5858136,0.0,0.0
2023-06-06,150.35844567740082,151.17962146377613,149.32672616652422,149.9794464111328,4213074,0.0,0.0
2023-06-07,150.3373760487671,155.60128977596483,150.23209777422315,155.01173400878906,12830856,0.0,0.0
2023-06-08,154.8011693203933,154.8011693203933,151.7270361545339,152.06393432617188,7164382,0.0,0.0
2023-06-09,152.0639288286989,153.28515413477723,151.09536107802583,151.3690948486328,3085970,0.0,0.0
2023-06-12,151.8112599847252,156.86461676646363,151.68493120572208,156.5066680908203,9434298,0.0,0.0
2023-06-13,157.70684954613682,158.71751837482708,156.82250950177604,157.32785034179688,7974634,0.0,0.0
2023-06-14,157.28574269845168,159.39130819642293,156.19084606923624,157.30679321289062,6714368,0.0,0.0
2023-06-15,157.9595136486989,160.21247112238044,157.07517363970652,159.5597381591797,12210880,0.0,0.0
2023-06-16,158.7596580686681,159.47555556654834,157.6647613048204,158.67543029785156,4278588,0.0,0.0
2023-06-19,158.75963826144513,159.47553567000833,157.55946335949008,157.8121337890625,3034770,0.0,0.0
2023-06-20,157.91743080101492,157.9384813179137,156.44353478020545,156.84359741210938,2415876,0.0,0.0
2023-06-21,156.84358748520467,157.81214252560798,156.38036048056946,156.990966796875,2680298,0.0,0.0
2023-06-22,156.40139566443412,159.4755288655878,156.29611739421688,157.24362182617188,4024128,0.0,0.0
2023-06-23,155.89608316505917,156.23296852268024,150.88482672381562,151.43228149414062,10934896,0.0,0.0
2023-06-26,152.37978595593145,152.80089907845644,149.7688794557356,150.88482666015625,5281280,0.0,0.0
2023-06-27,152.02184414075637,153.15885476379083,150.75850471576393,151.7481231689453,6784532,0.0,0.0
2023-06-28,151.83232422096947,154.46428111601713,151.26383181272078,153.87472534179688,7166772,0.0,0.0
2023-06-30,154.06423355996208,155.306509521201,152.12711068751156,153.5799560546875,8391660,0.0,0.0
2023-07-03,153.79049991888755,160.00191776658912,153.03248867412003,158.04373168945312,12429962,0.0,0.0
2023-07-04,158.04373840744037,159.32814104982972,157.1383478292211,158.61224365234375,5390328,0.0,0.0
2023-07-05,158.61224809822681,163.0128851768688,157.9174140466918,162.78126525878906,12565366,0.0,0.0
2023-07-06,162.7812658339903,167.24506732375374,162.1285456608317,165.623779296875,13080534,0.0,0.0
2023-07-07,165.49746037487415,167.56091214515544,163.93933665065097,164.928955078125,6527978,0.0,0.0
2023-07-10,165.07634688639322,165.56062441540672,161.74955573114718,162.63389587402344,7264538,0.0,0.0
2023-07-11,163.39187279954712,164.97104682789328,162.29697623629025,164.61309814453125,6249314,0.0,0.0
2023-07-12,164.44467719167488,165.39218173375238,162.1496054936571,162.63389587402344,3379704,0.0,0.0
2023-07-13,162.84444994814643,163.24449970453742,159.4544815941975,159.83348083496094,4556112,0.0,0.0
2023-07-14,160.022986881019,160.75993484691844,158.17009170845668,159.83348083496094,6358916,0.0,0.0
2023-07-17,160.02300070092502,161.62322556739278,159.60188754118576,160.75994873046875,3944706,0.0,0.0
2023-07-18,161.68637599622627,163.26555008323976,159.34919063663537,159.580810546875,4545860,0.0,0.0
2023-07-19,160.02296655152705,162.3390884358255,159.41234745967162,161.93902587890625,4894862,0.0,0.0
2023-07-20,162.52860813994,163.85511185143693,161.39159761502717,163.37083435058594,5790108,0.0,0.0
2023-07-21,163.3708149613806,165.49743075032933,162.5496393629189,164.5078125,4677570,0.0,0.0
2023-07-24,164.40253485029055,165.03420443566668,163.24447394376767,164.04458618164062,2997768,0.0,0.0
2023-07-25,163.30766493631756,164.61311819570173,161.83376899699573,162.71810913085938,4256186,0.0,0.0
2023-07-26,163.34977941269415,166.33968518502462,161.6021625057043,163.0550079345703,12787834,0.0,0.0
2023-07-27,164.23411943288562,164.9289535217542,152.927229409351,159.7071533203125,16459384,0.0,0.0
2023-07-28,159.93875214972385,159.93875214972385,156.69618895180673,157.2646942138672,7259444,0.0,0.0
2023-07-31,157.36997490186516,159.37026218141102,156.50668531251296,158.97019958496094,10035348,0.0,0.0
2023-08-01,158.97019958496094,159.93875460083171,157.60158197264008,158.97019958496094,9122844,0.0,0.0
2023-08-02,159.0965222881967,159.47553435510625,154.75906254648226,155.43284606933594,9528240,0.0,0.0
2023-08-03,155.58025420129644,156.54880927956623,153.41151125635446,154.96963500976562,6404888,0.0,0.0
2023-08-04,155.0327761141156,156.16978655805914,151.62175763363615,151.76914978027344,6557502,0.0,0.0
2023-08-07,152.864069128387,153.05357518107087,150.80061732199343,151.87445068359375,4002256,0.0,0.0
2023-08-08,152.65350113410088,153.22200639825004,150.0847086137118,150.69532775878906,6307980,0.0,0.0
2023-08-09,151.6007309990922,152.31662848046255,150.77955523230585,151.7481231689453,6443716,0.0,0.0
2023-08-10,152.37977421437805,153.70627787784807,151.4112063963916,152.71665954589844,8137376,0.0,0.0
2023-08-11,152.99344284303572,153.93022952070288,151.9715020094697,152.24827575683594,5578802,2.0,0.0
2023-08-14,152.4398933361179,152.8231195193113,149.5869627601667,151.8224639892578,5111068,0.0,0.0
2023-08-16,151.90762973147173,153.93022606286485,150.80052177219375,152.39730834960938,3864088,0.0,0.0
2023-08-17,152.86570265492233,153.41925014075795,150.88568988520873,151.9927978515625,4778606,0.0,0.0
2023-08-18,151.99278669659273,152.58891771328385,149.9063086461515,150.26824951171875,4777304,0.0,0.0
2023-08-21,150.26826720212225,151.11988675327586,149.3101952070744,149.9063262939453,5180764,0.0,0.0
2023-08-22,149.92760998030204,151.0347178879335,147.54307287033004,147.71339416503906,8015338,0.0,0.0
2023-08-23,148.67147364514608,148.79922436870118,146.5850084405712,146.81919860839844,6414210,0.0,0.0
2023-08-24,147.94760198529505,150.24697202314687,147.3940415166663,149.565673828125,8741756,0.0,0.0
2023-08-25,149.58695709154935,150.80051745457587,148.60759988331438,149.13986206054688,5113762,0.0,0.0
2023-08-28,151.26890636179436,152.39729954571166,150.01276246225444,151.29019165039062,10985570,0.0,0.0
2023-08-29,151.58828193384971,152.69538996264032,151.07730499912074,151.92892456054688,6253738,0.0,0.0
2023-08-30,150.39600117383597,151.07728634310067,149.11857198944216,149.86373901367188,9709432,0.0,0.0
2023-08-31,149.45920761649955,149.88501732480867,144.3920746865573,145.00949096679688,13575650,0.0,0.0
2023-09-01,145.22240959894935,146.86177973041114,145.00950472459542,146.563720703125,9980752,0.0,0.0
2023-09-04,146.75531304594793,148.5011354450989,145.9675624883782,146.776611328125,6898572,0.0,0.0
2023-09-05,147.28757130074487,150.1405014628492,147.01079759718087,149.11856079101562,8363178,0.0,0.0
2023-09-06,149.0121115640994,150.67276681579412,148.20306272830368,150.37469482421875,6751054,0.0,0.0
2023-09-07,150.73665327169346,151.69472522045422,150.3747123810029,150.9921417236328,7249346,0.0,0.0
2023-09-08,151.0560060880859,155.2076510757077,150.75793407058893,154.12184143066406,10344130,0.0,0.0
2023-09-11,155.50571971610188,157.017339070638,153.58957591727375,154.88829040527344,10452850,0.0,0.0
2023-09-12,155.42055614695775,155.63346101839193,147.7772660645975,148.35211181640625,18168222,0.0,0.0
2023-09-13,149.28888964364958,151.6521283793143,147.8411392022207,151.41793823242188,9713718,0.0,0.0
2023-09-14,152.43988951573388,154.24958094154917,151.6308535948941,152.75924682617188,10116738,0.0,0.0
2023-09-15,152.4186063873178,152.67408184354466,149.56567584241512,149.99148559570312,12383408,0.0,0.0
2023-09-18,149.99149005470807,153.7599090822725,149.31019183025685,153.4405517578125,10007488,0.0,0.0
2023-09-20,150.73666155429046,151.92892373594267,149.54439937263828,150.11923217773438,18292152,0.0,0.0
2023-09-21,150.31083375312005,152.65278725352277,149.79985688243227,151.26890563964844,9879542,0.0,0.0
2023-09-22,151.3753583506652,152.22697780692775,149.60825057785678,149.86373901367188,3982102,0.0,0.0
2023-09-25,150.48116764743892,150.52375122267608,148.20308281641945,149.8424530029297,4959752,0.0,0.0
2023-09-26,149.84246013624895,151.09860419478952,149.4166503529719,149.7360076904297,3788360,0.0,0.0
2023-09-27,149.73599823596845,150.39601115518406,147.58566416406677,148.60760498046875,5969046,0.0,0.0
2023-09-28,147.77725988377287,149.03340377056887,145.6269259700987,146.45726013183594,9701978,0.0,0.0
2023-09-29,147.22372195317075,148.24566276041682,146.9043646387387,147.58566284179688,2669870,0.0,0.0
2023-10-03,148.39469576161048,148.69276778023837,145.13725381943837,145.35015869140625,10514554,0.0,0.0
2023-10-04,145.35015869140625,146.8830763685114,144.58369335551262,145.35015869140625,6049760,0.0,0.0
2023-10-05,147.1172610321772,148.07533292023047,145.96756956864064,146.670166015625,7115506,0.0,0.0
2023-10-06,146.90435416034913,148.60759304916476,146.4785444381452,147.8411407470703,3717076,0.0,0.0
2023-10-09,145.20113938275506,145.47791314921068,143.1359592881985,144.77532958984375,8740080,0.0,0.0
2023-10-10,144.796612169695,145.88243491809246,144.43468424824593,144.94564819335938,3572978,0.0,0.0
2023-10-11,145.71212198198094,147.03212199544092,145.4140499175121,145.86114501953125,4799512,0.0,0.0
2023-10-12,146.86177362381903,149.18244185565524,146.4998327535306,148.4798583984375,7703802,0.0,0.0
2023-10-13,147.79857342929378,149.28890762089924,147.77727514403253,148.05406188964844,3981804,0.0,0.0
2023-10-16,146.90437003809228,148.37341893634635,145.62694073341322,147.86244201660156,3262470,0.0,0.0
2023-10-17,148.56502456747157,152.312158300264,147.62825088028555,151.03472900390625,10443728,0.0,0.0
2023-10-18,151.16244213468272,151.80115667891377,148.54371510227153,149.11856079101562,9162228,0.0,0.0
2023-10-19,148.82051104732838,150.97084513640527,148.67147503246463,150.60891723632812,5743188,0.0,0.0
2023-10-20,149.28890979386986,150.2256835025616,146.71275285693068,147.50050354003906,4400690,0.0,0.0
2023-10-23,147.13856725066378,147.8837343807027,145.47791167408525,145.96759033203125,7813800,0.0,0.0
2023-10-25,145.86112326393533,147.54307695815658,144.1365989908687,144.7540283203125,5429774,0.0,0.0
2023-10-26,143.7533787358302,144.32822451540895,141.13465128961894,142.64627075195312,7743878,0.0,0.0
2023-10-27,142.64627003140225,144.0301517555875,142.2204602701145,142.62498474121094,2996088,0.0,0.0
2023-10-30,143.92369013036523,148.5650136332661,143.54046396859943,147.71339416503906,21873188,0.0,0.0
2023-10-31,148.33082412951808,150.7153612499738,146.75532290849864,148.71405029296875,10673186,0.0,0.0
2023-11-01,149.2676020811639,152.75924721538854,149.2676020811639,151.97149658203125,13929780,0.0,0.0
2023-11-02,153.6960300916855,154.14312511860425,152.12052886359493,153.52569580078125,10130432,0.0,0.0
2023-11-03,153.78120079316602,154.8670235384735,153.37668929543773,153.93023681640625,5627900,0.0,0.0
2023-11-06,154.48378611438662,157.1876808710765,153.86636971769403,155.9528350830078,9072020,0.0,0.0
2023-11-07,156.18700860625637,159.10380794608233,155.9315331560847,158.7418670654297,10702176,0.0,0.0
2023-11-08,159.87027970951635,165.17160342867416,159.2741356493241,163.5961151123047,24020912,0.0,0.0
2023-11-09,163.97933357292257,166.34257243349074,162.9999633735162,163.31932067871094,12843896,0.0,0.0
2023-11-10,162.5741698103709,164.40515967249115,162.02062229082486,163.53224182128906,4932486,0.0,0.0
2023-11-13,163.2980302602556,165.5122460379283,163.2980302602556,164.83094787597656,4838906,0.0,0.0
2023-11-15,165.21418217319368,167.51355221275014,164.85224128856854,167.151611328125,11266250,0.0,0.0
2023-11-16,167.76904121982125,170.8774471917572,167.34323147053237,169.74905395507812,15416172,0.0,0.0
2023-11-17,170.3239015705077,173.3471534223207,165.7464467158003,166.17225646972656,16380696,0.0,0.0
2023-11-20,166.34255847475632,167.5135351622071,164.97997521707666,166.9174041748047,4506882,0.0,0.0
2023-11-21,166.91742666972053,167.42840358188866,164.61805655432929,165.2141876220703,4477214,0.0,0.0
2023-11-22,166.91741302926766,171.5161528842422,166.53418687380005,171.2180938720703,25730664,0.0,0.0
2023-11-23,171.8355182824845,176.07233046494306,170.60067261455677,175.1355438232422,16239092,0.0,0.0
2023-11-24,175.85943474400204,175.85943474400204,173.30457612786643,174.83749389648438,10975546,0.0,0.0
2023-11-28,176.30650882770442,181.35235659317394,175.90199739175318,180.7562255859375,23186856,0.0,0.0
2023-11-29,181.39493754913764,184.9930348181139,178.28653184534647,182.52333068847656,25208812,0.0,0.0
2023-11-30,185.01432221350424,186.82401351248558,182.69365405576153,185.52529907226562,32721308,0.0,0.0
2023-12-01,187.356273355005,188.37821406527786,184.54592665574367,186.50465393066406,19278842,0.0,0.0
2023-12-04,189.48533906451027,197.91636693063126,189.0595293138035,196.51119995117188,41482794,0.0,0.0
2023-12-05,200.15188139203627,202.8770743729874,198.00154720627154,201.0673828125,38376064,0.0,0.0
2023-12-06,204.81449365830085,205.4532082954889,199.4067045322357,201.34414672851562,27408826,0.0,0.0
2023-12-07,203.111254216498,203.9628737310326,200.76930055152792,202.13189697265625,23850564,0.0,0.0
2023-12-08,203.06865424688056,203.30285739127845,198.34216372387513,200.3221893310547,18940478,0.0,0.0
2023-12-11,202.19577095157214,202.19577095157214,194.40344439967507,198.21444702148438,27693108,0.0,0.0
2023-12-12,198.66036428599776,201.31363385402236,198.66036428599776,199.5745086669922,19940320,10.5,0.0
2023-12-13,200.44406905360728,202.60681645810894,198.86103457460106,199.55221557617188,26664018,0.0,0.0
2023-12-14,200.64474617858056,200.64474617858056,197.12191397420042,198.7495574951172,12555568,0.0,0.0
2023-12-15,198.437392950589,202.20547922646298,197.1888035619818,200.22109985351562,22079148,0.0,0.0
2023-12-18,200.22112197833331,200.77853044709258,198.03608350251795,199.4407501220703,16831064,0.0,0.0
2023-12-19,199.4407403679806,201.33592906907376,198.4596960675023,200.55555725097656,12644672,0.0,0.0
2023-12-20,202.18319468703842,203.0527573315106,195.47200224560652,195.9625244140625,17347978,0.0,0.0
2023-12-21,193.9335453129008,200.86771460001896,192.84103291544045,200.46636962890625,18554414,0.0,0.0
2023-12-22,200.53327205693773,202.16090203065653,198.45970170874014,199.17318725585938,11559264,0.0,0.0
2023-12-26,199.77518465465909,203.56556204208005,198.21444102454456,201.38052368164062,22976450,0.0,0.0
2023-12-27,202.42844862249132,203.5209609679328,199.90895166013357,202.7628936767578,12398088,0.0,0.0
2023-12-28,203.34260024710198,209.96461527950154,202.78519180344216,207.71267700195312,45183336,0.0,0.0
2023-12-29,202.67369929868147,204.23444285763722,200.06502519984895,200.95687866210938,17088440,0.0,0.0
2024-01-01,204.85874100852175,204.85874100852175,200.97918654753462,201.5811767578125,7006288,0.0,0.0
2024-01-02,201.5811884493636,204.85875289016903,199.81978589474645,203.45408630371094,9458818,0.0,0.0
2024-01-03,205.10400442448997,207.4897015374952,202.91895256574665,205.59451293945312,15058884,0.0,0.0
2024-01-04,203.6993329052515,204.01148707208225,201.11296321204173,201.84873962402344,17904916,0.0,0.0
2024-01-05,203.29799738348433,204.97022265304898,201.224440770945,202.04940795898438,8080468,0.0,0.0
2024-01-08,203.7662300702553,207.04378073497952,201.31363299082105,202.89666748046875,18232610,0.0,0.0
2024-01-09,205.1262947991997,206.79852002854102,203.18651081144307,205.10400390625,12301290,0.0,0.0
2024-01-10,202.98585759566637,203.4094798337214,198.481994797633,201.2244415283203,15261992,0.0,0.0
2024-01-11,202.40614383237434,205.66141718776566,202.09400328066553,204.54660034179688,15751252,0.0,0.0
2024-01-12,204.68039235116612,205.61684131240233,202.94128062807337,204.345947265625,11990812,0.0,0.0
2024-01-15,205.1262947991997,206.68703834658493,203.18651081144307,205.10400390625,10408382,0.0,0.0
2024-01-16,205.57224088601592,213.95565871514896,205.34927750110703,210.85647583007812,42369500,0.0,0.0
2024-01-17,210.47742718275418,212.77394723643835,207.86875295887415,210.32135009765625,22429284,0.0,0.0
2024-01-18,208.2478065007599,214.44618602820492,205.57224581766664,211.01255798339844,19802302,0.0,0.0
2024-01-19,212.26113249114678,216.2744732315256,211.3915698872896,214.46847534179688,12973856,0.0,0.0
2024-01-23,217.8351989116089,217.8351989116089,205.17088300673856,206.48635864257812,18419550,0.0,0.0
2024-01-24,207.3559338765972,213.3759448601113,206.5978529759723,212.77394104003906,15161312,0.0,0.0
2024-01-25,212.7962562971654,217.76833697238285,210.03150492896847,211.5476531982422,21346674,0.0,0.0
2024-01-29,211.3692899560216,223.58768078872038,209.31802408282863,219.68582153320312,27869484,0.0,0.0
2024-01-30,221.55870885330864,230.92315701136081,219.90877443193213,224.83627319335938,44271876,0.0,0.0
2024-01-31,225.61664579286153,228.55975147146103,222.31677693861812,224.0113067626953,20707736,0.0,0.0
2024-02-01,224.99233536638295,229.78604790965045,222.562042753796,226.73146057128906,14008198,0.0,0.0
2024-02-02,230.700202581767,255.24849293860106,230.09821233173656,248.9832000732422,77556082,0.0,0.0
2024-02-05,252.39452785178338,262.5616517988378,248.4034781958446,256.29638671875,45025890,0.0,0.0
2024-02-06,258.61521666836103,274.11117078520897,254.49039434948784,271.7031555175781,45260656,0.0,0.0
2024-02-07,275.0476036420124,276.47457463194144,267.2438858096593,268.4701843261719,28791718,0.0,0.0
2024-02-08,271.12345607121273,283.31954144016447,270.40998417896117,276.6975402832031,37522588,0.0,0.0
2024-02-09,277.812368506892,278.12452267899334,264.1224116779581,273.93280029296875,29524266,0.0,0.0
2024-02-12,274.1557603035404,275.8502765091528,260.3097401672102,263.2974548339844,17042236,0.0,0.0
2024-02-13,263.96631225807965,266.0175641659391,258.79354627145125,260.5549621582031,12659942,0.0,0.0
2024-02-14,259.52937350421547,280.64399463696157,259.52937350421547,278.10223388671875,47987362,0.0,0.0
2024-02-15,280.9338411632875,292.9515720342697,277.8569358255684,291.07867431640625,51245018,0.0,0.0
2024-02-16,296.9872321273559,306.7753302813017,290.6996754872195,291.9036560058594,55744810,0.0,0.0
2024-02-19,294.2670799712367,297.29937649744716,290.23142101727,290.989501953125,24997270,0.0,0.0
2024-02-20,290.9894998807991,296.09536669266106,284.1668259411118,293.2414245605469,20913510,0.0,0.0
2024-02-21,295.91699749600326,297.8121862929099,280.9338687179311,282.36083984375,17722264,0.0,0.0
2024-02-22,280.4879529926923,281.3129066734333,272.394370807211,279.1055908203125,27653580,0.0,0.0
2024-02-23,277.3887134879658,280.71087302840743,274.3564172052862,275.5604248046875,12564690,0.0,0.0
2024-02-26,275.136796601846,282.5391695457418,269.3843308103213,279.6629638671875,23264196,0.0,0.0
2024-02-27,279.6406458320765,282.1378518891214,274.8246425168436,278.72650146484375,14881202,0.0,0.0
2024-02-28,278.63731083721524,278.9494649966797,270.276184515175,271.7031555175781,12645922,0.0,0.0
2024-02-29,271.56939132022126,272.8179807794012,265.0811625375395,269.2728576660156,20515464,0.0,0.0
2024-03-01,272.46124291982875,279.70755257195185,271.5693894241828,277.9461364746094,15763236,0.0,0.0
2024-03-04,278.79342765585477,286.84240057283176,276.85362983700634,285.59381103515625,14804172,0.0,0.0
2024-03-05,285.861330034874,289.6294164155152,281.8702802851678,287.6673278808594,12317936,0.0,0.0
2024-03-06,286.730949782985,291.19021805332693,278.81574860312816,284.6573791503906,18258188,0.0,0.0
2024-03-07,284.05535904196205,285.9059660670318,277.3664573376772,278.5704650878906,11968574,0.0,0.0
2024-03-11,275.136799472042,284.813415204857,272.92945665844377,279.3285217285156,15353008,0.0,0.0
2024-03-12,279.5960576920544,283.3195349737976,274.9807269567479,278.9048767089844,14074364,0.0,0.0
2024-03-13,280.0420195524885,280.0420195524885,264.9696997397617,266.552734375,14910184,0.0,0.0
2024-03-14,266.55266194745013,273.798970197799,264.16696519498583,271.4578552246094,19372474,0.0,0.0
2024-03-15,262.3164261817034,267.5560658036923,249.27306797377338,261.5137634277344,57039318,0.0,0.0
2024-03-18,261.5137231789499,264.34534688601485,258.7712630396616,259.6631164550781,10980494,0.0,0.0
2024-03-19,258.63750480582075,259.0165316414979,248.11364480750152,248.69334411621094,21665634,0.0,0.0
2024-03-20,250.16487524119466,255.24845043779098,249.8527211120694,252.6843719482422,17528566,0.0,0.0
2024-03-21,255.96196911587802,262.9630249340924,255.3153698480143,262.1157531738281,16625332,0.0,0.0
2024-03-22,262.6508815760414,269.54045598442406,260.66650189997875,264.34539794921875,21445540,0.0,0.0
2024-03-26,261.49147288370915,269.25058247211535,261.02322799415515,267.4891662597656,13567050,0.0,0.0
2024-03-27,269.7857268182544,272.795732861268,264.5683775669215,265.4156494140625,10893576,0.0,0.0
2024-03-28,267.9573916216194,272.57272253970274,266.4858115911965,268.62628173828125,12168632,0.0,0.0
2024-04-01,268.893820624924,271.5470901358918,266.73108685172275,267.8681945800781,6260114,0.0,0.0
2024-04-02,269.78565117763264,276.60832418546056,267.55601769682573,274.6016540527344,18944588,0.0,0.0
2024-04-03,273.35310927635453,276.1847333713708,271.48021140393917,272.43896484375,12456516,0.0,0.0
2024-04-04,273.7990415695815,274.7354769160786,265.5271052848221,266.8871765136719,15187270,0.0,0.0
2024-04-05,264.6798168713293,265.0142619336426,258.7489965430813,263.2974548339844,17546990,0.0,0.0
2024-04-08,265.75004607082053,269.1613693005249,263.3643216821745,263.9663391113281,11628512,0.0,0.0
2024-04-09,266.307434841682,266.307434841682,260.1982335128491,261.2015686035156,9089852,0.0,0.0
2024-04-10,262.78462080239217,271.4356103914121,260.86714127577255,269.6741943359375,22286674,0.0,0.0
2024-04-12,269.6742211545695,273.2862171984037,267.11014216054093,268.0911865234375,13419366,0.0,0.0
2024-04-15,263.18598144742657,267.4668674931727,256.14034402258153,262.8961181640625,16619074,0.0,0.0
2024-04-16,260.8671462060462,267.55604739081656,257.99091325315317,264.1224060058594,11546770,0.0,0.0
2024-04-18,269.56274662251764,275.4043767294378,261.1124284437623,262.9184265136719,25834400,0.0,0.0
2024-04-19,257.74565384980457,263.05219290418376,251.59187032589787,261.223876953125,20996084,0.0,0.0
2024-04-22,265.25952641364177,271.48021025557466,264.4345727817294,269.0945129394531,17525618,0.0,0.0
2024-04-23,271.2572130342163,271.79233053120555,263.87713140580945,264.4345397949219,11440602,0.0,0.0
2024-04-24,266.6641768107337,267.04320363336456,263.98861650828485,264.5906066894531,9778936,0.0,0.0
2024-04-25,264.59064910856773,270.1424430696528,262.22724257261183,269.0722351074219,14346756,0.0,0.0
2024-04-26,268.58163289454814,274.1111345923067,267.1546620805584,271.77001953125,9905056,0.0,0.0
2024-04-29,274.2226461135499,278.4812409114281,270.7667139805418,275.939453125,15908852,0.0,0.0
2024-04-30,278.25827856231376,278.5035328195281,269.07219884281267,270.8335876464844,12520696,0.0,0.0
2024-05-02,275.5827246808217,284.07762361467724,274.0219810944416,283.0074157714844,31766132,0.0,0.0
2024-05-03,285.39311060983607,286.15119150333504,278.7487913665676,280.866943359375,8997336,0.0,0.0
2024-05-06,283.1634876543457,283.2526784482298,270.2985117399256,272.1268005371094,9472036,0.0,0.0
2024-05-07,277.5893824682343,280.2426518886813,268.4478847323326,269.4735107421875,19902238,0.0,0.0
2024-05-08,271.12347413336323,278.39207498658874,269.09451278847166,276.6083679199219,13939168,0.0,0.0
2024-05-09,278.70422518080693,278.70422518080693,263.1190794652543,264.0555419921875,19938848,0.0,0.0
2024-05-10,274.24494562035653,277.34414191267865,268.2472255125347,275.8725891113281,44164342,0.0,0.0
2024-05-13,278.6819063430285,278.6819063430285,263.899424834782,270.6329345703125,22898652,0.0,0.0
2024-05-14,273.08555305422334,275.44895938982614,268.5148038589013,270.2093200683594,12813314,0.0,0.0
2024-05-15,271.5693827808108,280.04199078218255,270.6998202003863,278.72650146484375,18835012,0.0,0.0
2024-05-16,281.82567353219696,282.427663688461,272.4835037525224,275.9171447753906,26886936,0.0,0.0
2024-05-17,276.34082195454494,280.7108988119079,275.7388044909449,280.17578125,10203386,0.0,0.0
2024-05-21,280.9338445248811,289.4064525343617,278.7042108381757,287.17681884765625,21247760,0.0,0.0
2024-05-22,289.80778031921847,290.16451624451986,281.4020454878952,285.6160583496094,14673810,0.0,0.0
2024-05-23,287.62271464610876,291.6806366325284,285.6606263259819,288.7152404785156,14982550,0.0,0.0
2024-05-24,288.5146253434103,295.80551727625516,286.1066098555146,291.6806945800781,16208524,0.0,0.0
2024-05-27,292.8846769881365,295.09201979156035,288.2916370158576,292.55023193359375,12493582,0.0,0.0
2024-05-28,293.39749239050917,293.86571000549833,286.55250087265165,288.2916259765625,8950082,0.0,0.0
2024-05-29,285.39310909170956,286.70859839737074,282.0040768081287,282.5168762207031,10753416,0.0,0.0
2024-05-30,282.7398833013919,283.9661820066175,278.035360984787,279.0386962890625,9645688,0.0,0.0
2024-05-31,280.93386415837256,282.8959528266801,275.4043613420222,279.95281982421875,18484104,0.0,0.0
2024-06-03,296.54125056508946,306.3516378018292,290.6104309972287,297.0540771484375,33828234,0.0,0.0
2024-06-04,298.77089799207806,298.77089799207806,252.70667393912885,258.7266845703125,45748526,0.0,0.0
2024-06-05,268.4701920133321,268.4701920133321,238.2140731810193,259.1280212402344,47388174,0.0,0.0
2024-06-06,263.5650069866652,270.8782167634124,258.7490034050751,260.4881286621094,37934232,0.0,0.0
2024-06-07,260.8671772501474,268.4479328283568,259.1726608584606,267.4668884277344,21620630,0.0,0.0
2024-06-10,269.9194617943718,271.94842310449354,267.6675371047376,268.7154541015625,14828594,0.0,0.0
2024-06-11,270.3653786774666,273.21932071786114,264.70210360127624,270.7667236328125,27027544,0.0,0.0
2024-06-12,277.1434690937302,278.19138604654154,273.10783753749644,273.5091552734375,23479388,0.0,0.0
2024-06-13,276.02862892377675,277.1434456803348,273.576032059349,276.1846923828125,12050324,0.0,0.0
2024-06-14,277.5002047925428,280.6216919718002,275.6942069394141,279.44000244140625,14628644,0.0,0.0
2024-06-18,283.16349391573647,283.16349391573647,279.3285346488009,281.335205078125,15884950,0.0,0.0
2024-06-19,282.8067161489859,282.8067161489859,274.2449181392464,274.6016540527344,19648006,0.0,0.0
2024-06-20,276.47458500966815,280.3987349663636,273.2639069661141,279.2616271972656,18076646,0.0,0.0
2024-06-21,283.609439297056,284.50129287975113,272.1045335237309,274.33416748046875,30004484,0.0,2.0
2024-06-24,276.2070402173504,276.2070402173504,270.4991560357209,272.23828125,7557297,0.0,0.0
2024-06-25,272.238263760874,273.30849878047775,262.91838438488014,264.25616455078125,15630568,0.0,0.0
2024-06-26,265.77235338497115,268.3141414027325,264.21160969898557,266.12908935546875,7973173,0.0,0.0
2024-06-27,266.48580103734616,273.79901024343485,264.03320404005154,271.88153076171875,12487595,0.0,0.0
2024-06-28,272.77340418181444,273.44229432094727,268.9384177204605,271.0788879394531,9077880,0.0,0.0
2024-07-01,272.6396058603353,273.665231866745,270.49913584340237,271.61395263671875,4793023,0.0,0.0
2024-07-02,271.1234581429452,274.913835436062,269.51813276450844,271.4801940917969,5553786,0.0,0.0
2024-07-03,272.46124695657835,274.200372185738,270.2316131844296,273.4422912597656,4355165,0.0,0.0
2024-07-04,273.44230667429764,275.1368229932124,269.29519306776103,270.23162841796875,6607472,0.0,0.0
2024-07-05,270.2316175252209,273.97741320948404,269.33976400203534,273.48687744140625,7684768,0.0,0.0
2024-07-08,271.6585964830328,274.64631131578096,266.4858295682364,267.1101379394531,11488688,0.0,0.0
2024-07-09,268.6708713388311,269.47353405872514,264.3453763485234,267.73443603515625,18094862,0.0,0.0
2024-07-10,268.2695123103876,269.1613657784637,261.6698020900665,267.8681945800781,12134270,0.0,0.0
2024-07-11,269.33975967557006,274.6908807287271,267.1993166977491,273.4422912597656,19246022,0.0,0.0
2024-07-12,276.2070195989477,277.32183639226406,270.90048077587903,271.61395263671875,10426157,0.0,0.0
2024-07-15,272.90718233556305,275.58274294669604,271.25724784858903,274.4679260253906,8687357,0.0,0.0
2024-07-16,274.69088162425567,284.7242336316351,274.69088162425567,281.7811279296875,28132502,0.0,0.0
2024-07-18,284.05531820726804,284.501244923449,278.88257918645166,283.7431640625,19588548,0.0,0.0
2024-07-19,283.74317086398764,283.74317086398764,269.1613614518947,270.945068359375,19823046,0.0,0.0
2024-07-22,271.61397995002153,282.8513398001126,267.6452480970466,274.9138488769531,27102699,0.0,0.0
2024-07-23,277.76777789175657,278.5258315777881,264.0778214978419,272.90716552734375,24287234,0.0,0.0
2024-07-24,273.2639181586456,281.6919449660248,271.88155606386107,280.8892822265625,16934157,0.0,0.0
2024-07-25,279.1055417781298,291.7698441525692,277.1880351300517,290.87799072265625,30554549,0.0,0.0
2024-07-26,292.48337084729997,293.77654211246943,288.4254210276623,293.2414245605469,21839106,0.0,0.0
2024-07-29,297.34395895349905,302.2937623336239,295.24809773221426,301.3572998046875,20234464,0.0,0.0
2024-07-30,301.9369880468419,320.21998458543703,300.82217118473244,310.54339599609375,45785745,0.0,0.0
2024-07-31,313.93245419224615,315.80535211808524,308.715105404984,312.1933288574219,17224023,0.0,0.0
2024-08-01,313.0405855808249,313.8432483055389,307.3327284951577,311.3460693359375,16959971,0.0,0.0
2024-08-02,309.38396582976736,312.99598874313205,303.2747640668634,309.5623474121094,15120989,0.0,0.0
2024-08-05,305.01388304149765,309.4285685513497,298.23579130824504,304.746337890625,23868328,0.0,0.0
2024-08-06,305.9057921394673,311.83661327832056,297.3439919306052,298.50341796875,13702018,0.0,0.0
2024-08-07,304.30041841844235,310.1420478285453,300.9113588623849,306.4854431152344,14250381,0.0,0.0
2024-08-08,306.7530136840724,306.7530136840724,296.80882566175626,301.7140197753906,15378854,0.0,0.0
2024-08-09,306.63830291381714,309.90581487540317,303.55488641928724,306.868408203125,11351617,10.5,0.0
2024-08-12,305.39572873374993,309.99783451990663,303.92307735339944,306.868408203125,12253716,0.0,0.0
2024-08-13,305.533835330855,306.27016107152457,295.4552117324099,296.0995178222656,9757429,0.0,0.0
2024-08-14,296.09950337915245,301.39192513801277,295.1330442915107,299.1828918457031,8457477,0.0,0.0
2024-08-16,300.10328135408065,307.23654471114276,300.10328135408065,306.0400085449219,8214443,0.0,0.0
2024-08-19,310.9182687233232,318.05153299117916,309.5836748427527,316.4407958984375,17875728,0.0,0.0
2024-08-20,321.18095065384824,325.9211136504697,319.75428111065605,321.5951232910156,22888866,0.0,0.0
2024-08-21,321.54910748690173,327.30173919344776,320.4445909636361,323.25189208984375,14795459,0.0,0.0
2024-08-22,326.3813359732408,326.84154653493766,320.81277132329427,322.23944091796875,10244576,0.0,0.0
2024-08-23,321.9632995835734,329.5107640745211,321.7331943013985,324.1723327636719,15872017,0.0,0.0
2024-08-26,327.1636992626112,327.57787191436563,321.226971786253,323.20587158203125,6672007,0.0,0.0
2024-08-27,320.30657922461484,322.837737537453,316.16468380360686,321.27301025390625,9683173,0.0,0.0
2024-08-28,320.76676360881083,327.4398167972294,319.06397890154756,320.4446105957031,7295981,0.0,0.0
2024-08-29,321.96328376889187,329.0965471659327,319.5241735154501,328.0841064453125,13054801,0.0,0.0
2024-08-30,331.3055840023072,336.41390983811135,326.51938307816687,329.1885986328125,20312502,0.0,0.0
2024-09-02,332.27201986430765,337.97864196739255,329.0505459875069,329.9249572753906,14344785,0.0,0.0
2024-09-03,330.89140816814927,331.07550363639797,325.36888118898685,327.11767578125,9289259,0.0,0.0
2024-09-04,327.117649935139,334.9872671120687,326.4273341172867,328.8204345703125,19416507,0.0,0.0
2024-09-05,330.89142447623055,335.3554729555371,327.4398449441419,331.9959411621094,15927510,0.0,0.0
2024-09-06,333.514619508256,336.18383530698827,323.11384334212636,324.1263122558594,19044553,0.0,0.0
2024-09-09,324.0802639730665,325.4148576695402,319.4781586286294,320.1224365234375,9200270,0.0,0.0
2024-09-10,321.2270123120053,323.5280654087961,317.22317430578374,318.41973876953125,8137710,0.0,0.0
2024-09-11,322.1013747009063,324.7245523607814,311.60855170531494,313.17327880859375,12194591,0.0,0.0
2024-09-12,316.1186350026962,318.6497930034517,313.31133382117196,316.9009704589844,15970391,0.0,0.0
2024-09-13,318.46568880842005,321.9172678056211,314.46185155386246,315.06011962890625,11006109,0.0,0.0
2024-09-16,317.453263454069,317.453263454069,312.94320523176924,313.5414733886719,4850244,0.0,0.0
2024-09-17,312.8971590369139,313.72553239549177,308.3870732498366,311.4704895019531,7237522,0.0,0.0
2024-09-18,312.02276179083066,312.8511351866299,307.83485690210887,309.3535461425781,4111826,0.0,0.0
2024-09-19,311.05633096067754,311.05633096067754,297.25001406209486,298.6306457519531,12549677,0.0,0.0
2024-09-20,300.47147517723045,306.59226978981894,298.6306330026762,304.8434753417969,14642546,0.0,0.0
2024-09-23,306.5002434817081,312.4829809670868,304.9355162883839,311.19439697265625,6110287,0.0,0.0
2024-09-24,311.6085388649153,315.88851926839504,309.9057823738347,312.1607971191406,7068491,0.0,0.0
2024-09-25,313.8636414746655,314.59996722785155,308.47917162628295,312.7591247558594,6087353,0.0,0.0
2024-09-26,312.9431758460669,319.34011376441185,308.4791278669287,317.6373291015625,9517367,0.0,0.0
2024-09-27,319.3861116848678,341.0160068566096,318.78784360643255,338.0706481933594,40756678,0.0,0.0
2024-09-30,337.9326002170209,346.0783325449935,331.489652536662,340.5097961425781,23860696,0.0,0.0
2024-10-01,340.55583593882596,343.6392525036447,335.17136642847464,338.9450988769531,9440793,0.0,0.0
2024-10-03,325.59898630203855,332.82429804697,319.3861434538724,321.08892822265625,20754875,0.0,0.0
2024-10-04,315.2442262805095,320.2605325036479,307.74279994448585,313.17327880859375,18185208,0.0,0.0
2024-10-07,314.78404322382227,315.9805795209343,306.3161571412556,308.3410949707031,7847806,0.0,0.0
2024-10-08,305.11958841177136,312.43694724277566,302.1282198979304,311.1023254394531,9565667,0.0,0.0
2024-10-09,317.54528890468777,322.1473945409876,310.87223573205307,311.88470458984375,13523561,0.0,0.0
2024-10-10,314.7840267117272,315.98056294607454,307.92687805213416,308.7552795410156,5706365,0.0,0.0
2024-10-11,308.7553026168008,312.39094950151525,307.4206806418769,310.78021240234375,4046559,0.0,0.0
2024-10-14,312.94316807478907,317.1771106724289,310.41201009771356,313.63348388671875,7967181,0.0,0.0
2024-10-15,316.8089820647432,323.5280454574093,316.5328388567413,320.99688720703125,17183945,0.0,0.0
2024-10-16,323.98826454472555,327.57790163068296,320.3525895450479,322.8377380371094,17073700,0.0,0.0
2024-10-17,321.3650133000656,322.69963509683987,314.64595067601397,315.4283142089844,11023063,0.0,0.0
2024-10-18,315.42829710111346,316.5327854797951,307.6967380052391,315.24420166015625,7328694,0.0,0.0
2024-10-21,315.29024453786286,318.0054980870958,303.9230661367933,305.2576599121094,8609636,0.0,0.0
2024-10-22,305.57984883355084,306.08606927522465,296.3756365192873,297.2040100097656,6372285,0.0,0.0
2024-10-23,296.3756100445677,299.91923708681844,291.35930354578124,297.342041015625,6639274,0.0,0.0
2024-10-24,297.2959956230133,299.50500049900245,294.53473250577173,295.8693542480469,5706821,0.0,0.0
2024-10-25,297.7102008042755,297.84825834441,278.9796267594427,281.9249572753906,11583887,0.0,0.0
2024-10-28,282.8454191748228,290.392884134369,281.00457680313104,285.69873046875,13299872,0.0,0.0
2024-10-29,287.17138149920527,288.04579277463563,278.1972758273551,286.6651611328125,8437903,0.0,0.0
2024-10-30,284.4101118572707,289.84059057589957,282.8914227030217,286.5270690917969,6248318,0.0,0.0
2024-10-31,285.7907687346013,291.0371805556772,283.30562037956014,286.0208740234375,11375689,0.0,0.0
2024-11-01,287.12536598051696,288.87416040764066,286.9872803478576,288.091796875,710149,0.0,0.0
2024-11-04,288.0918298980736,288.55204048896513,274.3775599073122,279.30181884765625,14063318,0.0,0.0
2024-11-05,277.046757050358,284.45613582888615,276.3104313901525,283.4436950683594,9542018,0.0,0.0
2024-11-06,286.98729741821296,293.6143407972077,282.7993925076554,291.77349853515625,10787602,0.0,0.0
2024-11-07,291.1752218130473,292.41779592101653,286.3430110179627,289.9326477050781,7387875,0.0,0.0
2024-11-08,289.9326249166161,290.02467263756836,282.385161222861,285.7447204589844,9304376,0.0,0.0
2024-11-11,283.4897074081314,289.01223417582224,279.85403271712545,287.6776123046875,5277147,0.0,0.0
2024-11-12,289.1042815562203,293.20013871721534,284.4561380122967,285.1464538574219,7192998,0.0,0.0
2024-11-13,283.44369317909155,284.4101241127976,277.96717631736203,281.51080322265625,7306795,0.0,0.0
2024-11-14,281.46478292220826,281.6488783920614,272.8128295305839,274.4696044921875,11061057,0.0,0.0
2024-11-18,274.4235429347949,275.8041745726581,265.35738956168905,266.185791015625,7940666,0.0,0.0
2024-11-19,269.3612572898036,274.19346856697746,263.7006725543478,264.62109375,9912544,0.0,0.0
2024-11-21,264.5750537619199,264.5750537619199,257.11963730931586,259.9269104003906,8273120,0.0,0.0
2024-11-22,260.11101779248725,264.1608651597094,258.6843481829839,263.1023864746094,6539977,0.0,0.0
2024-11-25,268.80897173814395,280.17617797134267,268.7629619186301,272.95086669921875,16903527,0.0,0.0
2024-11-26,274.2394915924571,277.0467648511867,270.0055487045013,270.46575927734375,5160007,0.0,0.0
2024-11-27,273.3191000917296,273.36510991839447,267.88859227196053,270.0976257324219,5995425,0.0,0.0
2024-11-28,271.0180132652198,274.9758128930075,266.4619174310483,267.7965393066406,13130411,0.0,0.0
2024-11-29,269.13112608283313,270.83391074867524,266.36986276169114,268.8550109863281,8125467,0.0,0.0
2024-12-02,269.36122020325234,272.3525886772603,267.3823205228668,270.7418518066406,5193026,0.0,0.0
2024-12-03,273.8252920768174,274.10140718615907,268.80898557459034,270.83392333984375,9198285,0.0,0.0
2024-12-04,270.7879257547965,275.71215665773525,269.5453515285587,270.28167724609375,9840659,0.0,0.0
2024-12-05,271.6162872183974,274.5156082256073,268.11866999194905,273.3650817871094,9287638,0.0,0.0
2024-12-06,274.1934433703906,279.7159700368195,272.8128117037834,276.448486328125,9586531,0.0,0.0
2024-12-09,277.00076589319883,279.9921347339935,275.29798108909523,279.30181884765625,11637358,0.0,0.0
2024-12-10,278.24326186564554,282.2931368067443,276.9086682460282,279.3477783203125,8649367,0.0,0.0
2024-12-11,279.3017753193039,284.3640910301634,278.0592012997432,282.98345947265625,10867782,0.0,0.0
2024-12-12,282.61528229824995,282.9834732026661,277.32286107102414,278.105224609375,7454904,0.0,0.0
2024-12-13,277.9671856644062,280.8665066520414,272.4446587969014,277.6910705566406,7726611,0.0,0.0
2024-12-16,277.0007346696459,277.69105047817067,272.2605436465582,274.2394714355469,8696443,0.0,0.0
2024-12-17,275.9882702289543,275.9882702289543,268.85500676143255,269.6833801269531,8415828,0.0,0.0
2024-12-18,268.5328862643794,269.6834127693682,264.759153710211,265.357421875,6535229,0.0,0.0
2024-12-19,259.6047524544084,272.306580117686,259.6047524544084,271.1100158691406,11822064,0.0,0.0
2024-12-20,270.1896247811516,275.39002689296007,264.1608773183805,266.0477294921875,9979749,0.0,0.0
2024-12-23,268.7629656160534,271.4321812321068,265.0812811555595,266.09375,6819725,0.0,0.0
2024-12-24,266.8761178897375,271.93843410493906,264.48301733383744,268.7629699707031,7937629,0.0,0.0
2024-12-26,271.38619168046046,275.48204909524543,269.2692061041553,272.0765075683594,11310555,0.0,0.0
2024-12-27,271.57020670492375,273.73320168778537,269.2231443741926,270.1895751953125,3708404,0.0,0.0
2024-12-30,270.1896084537544,271.754335592862,266.69201943448525,269.9595031738281,8236910,0.0,0.0
2024-12-31,268.25676387951023,270.9719895043915,267.6584676418857,269.17718505859375,4161509,0.0,0.0
2025-01-01,269.0390603499725,272.35258173140346,267.19821825906877,271.8003234863281,3545200,0.0,0.0
2025-01-02,271.80033092308486,274.00936396382787,268.57885717586026,273.27301025390625,6846413,0.0,0.0
2025-01-03,272.4446728343613,275.34399397138134,270.9259834853533,272.8128356933594,4806469,0.0,0.0
2025-01-06,272.8128296135249,273.5951932271013,261.4916604397376,262.1819763183594,7361716,0.0,0.0
2025-01-07,264.2529020252984,267.38232813088456,258.36221263436744,260.2950744628906,8306436,0.0,0.0
2025-01-08,260.29509150158725,264.9892450117532,258.1781340798577,263.9767761230469,6037032,0.0,0.0
2025-01-09,264.1608741760254,264.9432377835503,256.84351468362314,257.7179260253906,6215902,0.0,0.0
2025-01-10,258.1781221714359,260.9393855101679,253.6680643359784,255.55491638183594,9073218,0.0,0.0
2025-01-13,249.66424616229648,252.83971048273585,243.22129787423722,244.18772888183594,10488655,0.0,0.0
2025-01-14,245.84448857189713,249.89433591177868,244.83201971467082,248.6977996826172,6710730,0.0,0.0
2025-01-15,252.10334157759556,253.94418383532027,244.14170443074087,245.75244140625,13448052,0.0,0.0
2025-01-16,246.07458586102817,247.54726523379495,242.5309590203457,245.66038513183594,13754046,0.0,0.0
2025-01-17,247.4091864900726,253.29990414523624,245.98254498582037,251.8272247314453,9300647,0.0,0.0
2025-01-20,253.11583055689024,256.24525702597026,247.4092078687245,255.2327880859375,9623368,0.0,0.0
2025-01-21,256.38329074332813,264.16086041269085,256.0151279145646,257.9020080566406,15304149,0.0,0.0
2025-01-22,259.5587584842658,260.9853999991904,252.24139927011052,255.5089111328125,6301894,0.0,0.0
2025-01-23,260.4791785736787,262.3200208250828,248.7898190416533,249.6642303466797,18806324,0.0,0.0
2025-01-24,252.19540575077062,257.1656745528712,242.07077267318493,242.80709838867188,18480516,0.0,0.0
2025-01-27,242.7150449801332,242.7150449801332,237.79078668681424,240.50601196289062,10083126,0.0,0.0
2025-01-28,241.38044371590942,242.89913297753742,234.06309846936293,237.51466369628906,13321189,0.0,0.0
2025-01-29,241.17526429931087,242.11387201614954,236.05984078492637,241.22218322753906,9435973,5.0,0.0
2025-01-30,243.94413195288507,244.88273963923248,240.75287154811053,241.3629608154297,9410974,0.0,0.0
2025-01-31,242.06690912645124,245.91520625078527,238.64099690558075,245.07046508789062,8790578,0.0,0.0
2025-02-01,245.68056018289775,245.96213102921902,232.77470458589738,239.95504760742188,11464565,0.0,0.0
2025-02-03,235.54358292285588,236.34140514068065,227.33076612413694,234.2295379638672,21517136,0.0,0.0
2025-02-04,235.26200972266244,240.8936558136611,234.83963913024087,240.23663330078125,7000612,0.0,0.0
2025-02-05,244.27265024869638,249.34112602360904,244.27265024869638,245.2112579345703,10088345,0.0,0.0
2025-02-06,246.8538271869266,250.79599101786755,245.58670105240742,246.4314422607422,14058587,0.0,0.0
2025-02-07,246.0090853610994,248.6371754791074,244.0849223782418,248.07400512695312,6557480,0.0,0.0
2025-02-10,248.30865768650744,249.48191732147305,241.69148480291506,243.9441375732422,8052376,0.0,0.0
2025-02-11,243.56868198505995,243.8033338944868,238.17168806824262,239.48573303222656,6819100,0.0,0.0
2025-02-12,239.48572668887243,241.03442352126226,233.76022884372065,239.90811157226562,6568833,0.0,0.0
2025-02-13,240.47128931541846,244.1318533900681,239.34494868751148,240.0489044189453,5514711,0.0,0.0
2025-02-14,240.6590061971224,242.7239545745371,232.2584702286979,235.5905303955078,5205573,0.0,0.0
2025-02-17,235.59053708336265,237.98398962729826,231.2260169259638,236.81072998046875,5899597,0.0,0.0
2025-02-18,236.7637741888784,237.98396696981493,231.6952987259307,237.2330780029297,5534272,0.0,0.0
2025-02-19,235.5905108243674,240.70593377199103,234.2295326501437,239.90811157226562,6887175,0.0,0.0
2025-02-20,238.40636715147446,243.70949518017068,237.65547809131826,242.72396850585938,8155780,0.0,0.0
2025-02-21,242.16076910125005,243.47481405748925,235.2619972759546,235.87210083007812,9845416,0.0,0.0
2025-02-24,235.8251823182125,237.93704962255472,233.47866309116563,235.5905303955078,6773845,0.0,0.0
2025-02-25,236.4352762523288,237.37388396166241,232.49312673753104,233.19708251953125,4172676,0.0,0.0
2025-02-27,233.19707343004077,234.08874785474885,227.23692330129566,229.72422790527344,7376510,0.0,0.0
2025-02-28,229.06721522192615,229.06721522192615,221.65220569602002,222.7316131591797,14066882,0.0,0.0
2025-03-03,224.32723741330892,228.68237651238536,219.64357989465313,227.52789306640625,6864635,0.0,0.0
2025-03-04,226.20446398954448,235.534227160968,221.60529181980885,234.57684326171875,7201075,0.0,0.0
2025-03-05,234.558060262594,241.15647129738306,234.558060262594,240.13339233398438,7802519,0.0,0.0
2025-03-06,244.03802445896758,249.622752245547,243.09941667258695,248.76861572265625,12828381,0.0,0.0
2025-03-07,248.693488659018,249.4725490922036,244.03800247822443,245.2206573486328,7057204,0.0,0.0
2025-03-10,245.22065090589075,249.63208980221245,240.33987952694642,241.15646362304688,8487911,0.0,0.0
2025-03-11,240.2741998063646,248.70289327641743,238.73488369020777,248.33682250976562,12306539,0.0,0.0
2025-03-12,250.13895899561513,255.30130148895802,247.22926931601492,249.9700164794922,10648004,0.0,0.0
2025-03-13,249.96999009861386,250.29850849687205,245.92459351774363,248.17724609375,4545159,0.0,0.0
2025-03-17,245.07983961485417,247.50146349006192,242.4517495466004,245.37083435058594,6482574,0.0,0.0
2025-03-18,245.37083435058594,245.37083435058594,245.37083435058594,245.37083435058594,0,0.0,0.0
2025-03-19,247.33253411535512,250.1295668413823,246.863230246528,248.97509765625,4955027,0.0,0.0
2025-03-20,250.23281006687128,256.1741840031066,248.49638015192286,255.42330932617188,10789615,0.0,0.0
2025-03-21,255.48905224691185,268.301042869221,254.41902561570302,262.4910583496094,26173451,0.0,0.0
2025-03-24,264.68740093267746,267.7847952306578,262.8101853232258,263.2231750488281,11376607,0.0,0.0
2025-03-25,263.3451804041461,266.52704574685447,260.1632864174028,261.97479248046875,12143699,0.0,0.0
2025-03-26,260.9329413663683,265.9357078186867,255.4233187342318,256.2492980957031,9475308,0.0,0.0
2025-03-27,256.60596360130137,262.66936110438195,255.47022770154115,259.1120300292969,107524873,0.0,0.0
2025-03-28,259.984934780175,266.87431178466,259.3372931828185,261.37408447265625,12687883,0.0,0.0
2025-04-01,258.11710728965846,269.3803992441163,258.11710728965846,267.12774658203125,20780255,0.0,0.0
2025-04-02,265.6729089683297,270.36594766159845,260.65138048176016,269.19268798828125,12058406,0.0,0.0
2025-04-03,265.625990039011,273.5102893148955,265.625990039011,269.19268798828125,6663148,0.0,0.0
2025-04-04,274.21421456103036,277.5462888483528,260.04123355795895,262.2939147949219,18852567,0.0,0.0
2025-04-07,245.91519124162272,261.96538693314545,245.91519124162272,256.89691162109375,15010047,0.0,0.0
2025-04-08,262.340847464303,269.84970893018647,258.21097938687376,268.3479309082031,18994276,0.0,0.0
2025-04-09,270.9760810883493,272.80634909686995,262.4347444498098,270.2721252441406,14519066,0.0,0.0
2025-04-11,278.2502428582841,278.2502428582841,268.9110854993839,275.19976806640625,14955235,0.0,0.0
2025-04-15,278.57876367002035,278.57876367002035,273.2287167788553,276.32611083984375,8516322,0.0,0.0
2025-04-16,275.9506709270397,282.0985400632086,274.58967826927557,280.4090576171875,9064723,0.0,0.0
2025-04-17,279.70508144515946,283.22486015462033,277.31164338033904,280.0335998535156,7510897,0.0,0.0
2025-04-21,281.4415016422309,286.7915479098941,279.7050718099067,285.3836364746094,6455955,0.0,0.0
2025-04-22,286.27535658258967,289.5604836253407,284.069622696507,287.3078308105469,7096150,0.0,0.0
2025-04-23,287.30782757319594,287.8240503593405,279.9866702025668,282.00469970703125,7400827,0.0,0.0
2025-04-24,284.3512224901023,286.7446607374987,281.8638890971189,283.45953369140625,5773985,0.0,0.0
2025-04-25,283.7880303457681,286.2284159786728,275.29361387777595,277.5462951660156,7773037,0.0,0.0
2025-04-28,275.1059195629171,291.86007255183597,275.1059195629171,290.9683837890625,14414879,0.0,0.0
2025-04-29,292.4232118114076,296.2245901091726,290.78064836823387,292.56402587890625,9522966,0.0,0.0
2025-04-30,299.41583919947385,302.6540470371437,290.0297627355405,291.0152893066406,21424437,0.0,0.0
2025-05-02,291.4845874552599,298.00792192831113,290.87449822578776,292.28240966796875,6850147,0.0,0.0
2025-05-05,297.53864653846716,305.84533056968866,296.6000388206802,301.3399963378906,16037327,0.0,0.0
2025-05-06,301.38693469149126,302.41940887828287,291.4846063853069,292.3293762207031,5444873,0.0,0.0
2025-05-07,288.15255303283965,298.0079335111615,288.15255303283965,297.44476318359375,7970668,0.0,0.0
2025-05-08,296.1307271121146,300.5421947263903,286.9323831792408,289.04425048828125,5918739,0.0,0.0
2025-05-09,283.975719380437,288.4810530699877,282.8494074410725,288.0117492675781,4955934,0.0,0.0
2025-05-12,295.6614489061366,296.553137749341,288.2933721490336,290.07672119140625,6844271,0.0,0.0
2025-05-13,290.0766860441716,291.53154510448786,285.8060326461525,288.0586853027344,7241358,0.0,0.0
2025-05-14,289.74821302987937,294.30043753164415,289.46661352900566,293.3149108886719,7733320,0.0,0.0
2025-05-15,294.72284243610756,300.5422221201675,294.2535385468781,297.5386657714844,7055032,0.0,0.0
2025-05-16,296.60003639990975,301.2930749505412,296.41230340027084,300.4483337402344,6861786,0.0,0.0
2025-05-19,298.9934768976986,299.9320846150281,296.7408241049147,297.72637939453125,2956007,0.0,0.0
2025-05-20,297.53863536194444,300.02593999184177,292.610945028663,293.6903381347656,5016433,0.0,0.0
2025-05-21,293.12715421065843,297.3039696619433,290.35827886194664,296.459228515625,5232094,0.0,0.0
2025-05-22,295.56754561783714,299.3219762478358,289.74819532775876,293.83111572265625,4876801,0.0,0.0
2025-05-23,292.84560354038365,300.35446516962423,292.84560354038365,299.3219909667969,4257721,0.0,0.0
2025-05-26,299.41587051967105,304.06199031293517,299.41587051967105,303.1233825683594,5050848,0.0,0.0
2025-05-27,303.0764459355849,303.0764459355849,296.130754103796,297.5386657714844,4716473,0.0,0.0
2025-05-28,297.5386361821022,302.7948449475643,294.4881612054718,301.9501037597656,7112876,0.0,0.0
2025-05-29,301.4808035893469,302.7479010644619,298.1018101529616,299.556640625,4000772,0.0,0.0
2025-05-30,298.0548693613692,302.6071225219886,297.5386465741382,298.8526916503906,9148638,0.0,0.0
2025-06-02,298.8526904355501,299.88516464984934,296.27151922181895,297.1632080078125,3086437,0.0,0.0
2025-06-03,295.70831242734096,301.2461201732947,290.02974791445973,290.73370361328125,7853488,0.0,0.0
2025-06-04,290.7337353693406,293.4556919732895,289.65434224205455,292.4232177734375,5925942,0.0,0.0
2025-06-05,292.00084678462406,296.0368482377794,289.3258092428665,290.7806396484375,5900170,0.0,0.0
2025-06-06,290.029789086637,298.3364732407408,290.029789086637,297.257080078125,5825337,0.0,0.0
2025-06-09,298.2895032681188,301.71544414668324,295.6614132744038,300.7298889160156,3787426,0.0,0.0
2025-06-10,301.4808079501801,304.76593493562217,299.7912968855323,300.4483337402344,6489933,0.0,0.0
2025-06-11,300.6360354644074,313.964276289154,300.6360354644074,313.35418701171875,21739121,0.0,0.0
2025-06-12,310.20988006251577,310.67918396578733,298.24263052909043,299.0873718261719,13568848,0.0,0.0
2025-06-13,286.27534214769884,295.09824860311636,280.92526691880073,293.1271667480469,13958229,0.0,0.0
2025-06-16,290.9214615248648,297.39784878029445,289.56046893288305,296.9754638671875,6893567,0.0,0.0
2025-06-17,294.7228067197212,300.77683761472986,292.5640205484956,293.5964660644531,7219608,0.0,0.0
2025-06-18,292.84558337656296,297.39783615465245,290.68679726441263,296.459228515625,10011198,0.0,0.0
2025-06-19,297.53864998301066,297.53864998301066,291.06226238411165,294.20660400390625,5399948,0.0,0.0
2025-06-20,291.81312380940545,296.5061622387752,290.9683826209255,294.2535095214844,8522458,0.0,0.0
2025-06-23,290.96839588243944,296.1307383900311,289.27891342847784,294.20660400390625,6848410,0.0,0.0
2025-06-24,305.5168109078284,307.6755971924206,297.53864533880676,299.6505126953125,11172373,0.0,0.0
2025-06-25,302.70099109557054,303.1702949577342,297.1632112508461,299.9790344238281,6658747,0.0,0.0
2025-06-26,299.2750716643596,310.67914952067736,299.2750716643596,309.5058898925781,15528180,0.0,0.0
2025-06-27,309.74054284997885,313.6827066711377,307.30015708659647,312.5563659667969,9911738,0.0,0.0
2025-06-30,313.49496558808784,316.96782546688655,310.06905327977915,311.5708312988281,5840638,0.0,0.0
2025-07-01,311.19536900529056,314.9028808484521,310.5852797339438,311.6646728515625,3921773,0.0,0.0
2025-07-02,313.213370045055,314.38662955429777,308.6141698535987,311.42999267578125,3799017,0.0,0.0
2025-07-03,312.55634898190044,314.94978704351826,310.25674877051677,311.1484375,5049883,0.0,0.0
2025-07-04,313.4949295160328,326.35386472924256,311.5238478830841,324.9459533691406,13743465,0.0,0.0
2025-07-07,324.57052703789526,329.96752124364764,322.3648218864232,328.98199462890625,8603937,0.0,0.0
2025-07-08,328.5126817441465,336.631632292731,327.2925032409956,333.7688903808594,12905482,0.0,0.0
2025-07-09,333.7688869062298,334.47284264549603,326.30694461239494,327.1047668457031,8039090,0.0,0.0
2025-07-10,330.20218206878167,331.18773735412975,326.6824031440404,329.4043884277344,6580919,0.0,0.0
2025-07-11,330.2021697018423,330.99999195704333,322.22400443789866,323.6788635253906,4803470,0.0,0.0
2025-07-14,324.6174929260891,326.8232268460588,321.80166970332823,323.2565002441406,5372218,0.0,0.0
2025-07-15,326.3069662074711,328.98200392252386,324.8990546357627,326.6824035644531,6270256,0.0,0.0
2025-07-16,328.5595789576312,330.10830441302187,326.0722745461705,326.4946594238281,8426412,0.0,0.0
2025-07-17,328.13725690603275,328.41882775778186,323.11569999359284,325.46221923828125,4026086,0.0,0.0
2025-07-18,326.16617394326556,329.87368579534206,321.09769812014815,322.4117431640625,5631392,0.0,0.0
2025-07-21,322.4117578365193,323.5380985791517,318.6104079571962,321.5670166015625,5051058,0.0,0.0
2025-07-22,321.5670065032458,323.2095699923155,319.07970180574716,319.45513916015625,4447293,0.0,0.0
2025-07-23,320.86305051119155,323.8196590607656,316.12306440228747,323.3034362792969,5089227,0.0,0.0
2025-07-24,323.3034138056071,323.72577005816765,318.84502750526457,320.4406433105469,3270996,0.0,0.0
2025-07-25,319.2204807139719,320.4406592518913,310.72606394326556,312.4624938964844,3514659,0.0,0.0
2025-07-28,311.94626661144935,317.5779126631895,310.67914052100116,312.9317932128906,5630809,0.0,0.0
2025-07-29,315.3722149465152,316.59239360625327,312.74412461290876,314.3866882324219,7809814,0.0,0.0
2025-07-30,313.49495466231286,322.4586462496853,309.74052406755465,316.3576965332031,11366010,0.0,0.0
2025-07-31,314.4046013799914,315.59552790037014,307.83069280257155,313.7376708984375,6867024,5.0,0.0
2025-08-01,313.4518549569677,313.7376656869692,301.5902153808861,302.82879638671875,4105518,0.0,0.0
2025-08-04,305.0200895176745,305.5917400530316,300.0181982151697,302.82879638671875,3536322,0.0,0.0
2025-08-05,302.01897329416573,302.97171453484134,294.9210394209904,300.2087707519531,6730701,0.0,0.0
2025-08-06,300.58987864103943,303.1146372582937,299.5418574012291,300.82806396484375,3601019,0.0,0.0
2025-08-07,298.49379654168627,299.2083524182546,292.6344441688962,295.6832275390625,5018154,0.0,0.0
2025-08-08,295.8261347867132,306.0681024162049,294.0159323695946,304.3531799316406,10028343,0.0,0.0
2025-08-11,307.0208394782108,314.40458348428103,302.20950823988034,305.78228759765625,7957794,0.0,0.0
2025-08-12,305.82993083248215,311.07000752898887,305.54412009735995,308.40234375,4392686,0.0,0.0
2025-08-13,309.64088617369185,310.87943808824514,305.8775468500547,307.259033203125,2707971,0.0,0.0
2025-08-14,311.54636273249446,315.7384180673412,302.1618563886315,303.0193176269531,10549386,0.0,0.0
2025-08-18,305.8299244680222,305.87754989776664,297.6839988576604,299.1607360839844,8091527,0.0,0.0
2025-08-19,300.3040345578656,306.97322288430615,297.9221815841368,306.2586669921875,4343312,0.0,0.0
2025-08-20,304.8771847561484,307.2590377620558,303.92444355378547,304.8295593261719,3670375,0.0,0.0
2025-08-21,305.8775513884879,308.49758969498606,303.6862582531947,304.8295593261719,3790333,0.0,0.0
2025-08-22,305.0677441023286,305.2106494673666,299.8276674983404,301.4949645996094,3007303,0.0,0.0
2025-08-25,303.8768295472661,303.8768295472661,299.6371194072284,300.87567138671875,2841339,0.0,0.0
2025-08-26,302.3047615399702,303.25750270974675,296.3501292288665,297.35052490234375,10819770,0.0,0.0
2025-08-28,300.685119032629,300.685119032629,295.3497626661695,296.0166931152344,8888325,0.0,0.0
2025-08-29,296.0167102402554,297.54107293998504,292.49155607758235,293.6348571777344,4334416,0.0,0.0
2025-09-01,293.9206425164596,300.6374559422054,292.30097094376447,299.8752746582031,3672180,0.0,0.0
2025-09-02,300.9709436415428,302.30477552586814,297.96981463297226,300.06585693359375,3405312,0.0,0.0
2025-09-03,300.06586099243265,305.353563170707,299.20837062808124,299.9705810546875,6616690,0.0,0.0
2025-09-04,304.7342640696659,304.7342640696659,297.7316107693015,298.1127014160156,5225640,0.0,0.0
2025-09-05,298.2079990234375,301.4949678313136,296.77888720703123,297.73162841796875,6159420,0.0,0.0
2025-09-08,299.0654570925479,303.1146071956297,298.7319918572233,301.4949645996094,2002604,0.0,0.0
2025-09-09,302.78115923387793,305.0201069983841,298.73200889979336,299.1131286621094,6476251,0.0,0.0
2025-09-10,300.58984472557023,303.2098829917995,299.87528883478046,302.924072265625,5214899,0.0,0.0
2025-09-11,303.16227466114793,311.1652952742996,302.4953441619873,304.877197265625,7529271,0.0,0.0
2025-09-12,305.87755931746915,307.925976215932,302.0665944092292,302.9717102050781,4705998,0.0,0.0
2025-09-15,303.2575165449541,305.5441187170197,300.7804126508071,302.7335205078125,4653626,0.0,0.0
2025-09-16,304.2579210823561,305.9252182538537,301.54260273084617,303.20989990234375,5381837,0.0,0.0
2025-09-17,304.73427446748497,309.4027004685682,304.16262394023215,308.2593994140625,7035565,0.0,0.0
2025-09-18,309.54562037993526,310.7365469196206,305.8299353911881,310.3078308105469,5615664,0.0,0.0
2025-09-19,310.2125200320674,318.2155397680497,309.4503096772321,313.975830078125,10022009,0.0,0.0
2025-09-22,313.45184670271817,316.5958809513579,307.21140363406676,310.02197265625,4768219,0.0,0.0
2025-09-23,313.16606287436633,319.35888104621745,311.4034857334606,314.78570556640625,7992615,0.0,0.0
2025-09-24,314.8333475639589,316.6911754964764,311.54637872706365,314.7380676269531,5489995,0.0,0.0
2025-09-25,313.5471099685623,316.78642397762405,311.54634779152804,314.07110595703125,5798602,0.0,0.0
2025-09-26,314.21402841257105,314.4045882780324,307.687774613143,309.0216064453125,5692665,0.0,0.0
2025-09-29,311.2129271028524,322.97928749173764,310.1172804677304,322.121826171875,12616059,0.0,0.0
2025-09-30,323.69382119439325,326.1232996129513,321.2166882708444,323.5985412597656,6762730,0.0,0.0
2025-10-01,324.884761694287,331.26813960991797,322.59818854142173,323.6462097167969,9814406,0.0,0.0
2025-10-03,327.74298006327786,328.6004413472097,321.645442063218,325.40875244140625,5833883,0.0,0.0
2025-10-06,325.83748572819195,329.17207988038103,322.5505170051784,327.36187744140625,5914399,0.0,0.0
2025-10-07,327.3618897252734,329.88664814874153,324.9323821637305,325.7422180175781,5934834,0.0,0.0
2025-10-08,325.1229257708341,333.4594110470093,323.45562871559906,328.7909851074219,7955678,0.0,0.0
2025-10-09,330.83938993409623,334.4121695230174,326.88551967076114,327.74298095703125,7028656,0.0,0.0
2025-10-10,329.17207935435005,330.88700185687964,321.26433915050853,322.6934509277344,5737637,0.0,0.0
2025-10-13,324.40839087530316,325.8375027293794,319.31121944736026,321.9789123535156,6785828,0.0,0.0
2025-10-14,322.16943808114746,324.2178258913223,315.02387892331325,316.73883056640625,4343927,0.0,0.0
2025-10-15,319.1206748171359,324.6465621166393,316.35770209203037,321.9312438964844,16271995,0.0,0.0
2025-10-16,322.9316348827738,322.9316348827738,317.7868092458449,320.0257568359375,6279302,0.0,0.0
2025-10-17,320.21630418238686,322.3123172531175,316.9769901091834,319.9781188964844,7824777,0.0,0.0
2025-10-20,320.3592362526765,323.9796412701485,319.6446803353843,321.74072265625,6134873,0.0,0.0
2025-10-21,323.36035121495365,324.17018703437174,321.7407086514708,323.0268859863281,404063,0.0,0.0
2025-10-23,323.9319869735165,324.0748923291697,314.4522010187095,315.64312744140625,8457356,0.0,0.0
2025-10-24,314.5475036985263,318.5966538285666,311.73693458288744,314.8333435058594,8260920,0.0,0.0
2025-10-27,316.9770293225081,327.2666233162838,315.59554286322856,326.7902526855469,11767585,0.0,0.0
2025-10-28,327.74295822437773,329.17206996082126,323.55090294588064,324.55126953125,6156249,0.0,0.0
2025-10-29,325.7421936738017,332.5066616601825,324.7418270955095,331.6492004394531,9756868,0.0,0.0
2025-10-30,333.4594174675753,342.7962695265259,328.98152223144064,340.70025634765625,14807100,0.0,0.0
2025-10-31,341.08135038919323,343.51082882467296,338.31840671787114,339.93804931640625,7532962,0.0,0.0
2025-11-03,344.8446913019111,352.03787578040834,339.4140547950486,349.94183349609375,20107281,0.0,0.0
2025-11-04,352.3713559390316,356.27760086592707,350.7516841893525,355.3248596191406,12649509,0.0,0.0
2025-11-06,362.0416462289995,362.0416462289995,349.8941962568423,350.5611267089844,11803637,0.0,0.0
2025-11-07,350.12346590255936,357.7581085256681,349.8803246067937,357.0773010253906,11711108,7.5,0.0
2025-11-10,356.25061565837456,359.65459380840673,353.67332385227417,355.1321716308594,6934285,0.0,0.0
2025-11-11,354.986288500456,364.56606140016515,350.17207901715193,363.88525390625,10689646,0.0,0.0
2025-11-12,364.9064558806496,368.6994540267611,363.3503457057408,365.14959716796875,9316462,0.0,0.0
2025-11-13,366.7543393017938,368.35906593017523,361.89151334892017,364.663330078125,9719258,0.0,0.0
2025-11-14,363.73937650732705,369.3316262798328,359.3142168203474,360.9675598144531,6848609,0.0,0.0
2025-11-17,362.37778683967076,371.08222726841984,361.79424180392033,363.9825134277344,9063998,0.0,0.0
2025-11-18,365.5386372746195,366.5598188650518,360.48128634977724,361.64837646484375,7729409,0.0,0.0
2025-11-19,361.64835448145095,362.66953600980906,354.84039847817627,355.6184387207031,7056032,0.0,0.0
2025-11-20,356.9314261093376,358.682031585969,353.33292302029776,355.034912109375,9025414,0.0,0.0
2025-11-21,355.03489707824457,357.7580973136764,353.4301705125494,354.5486145019531,7177944,0.0,0.0
2025-11-24,354.5486138397987,357.1745516190015,347.9837990721247,349.7830505371094,13807356,0.0,0.0
2025-11-25,349.10226865921743,349.10226865921743,343.9963016773754,346.0873107910156,4113590,0.0,0.0
2025-11-26,347.01123040042006,357.90397185061533,346.3304526099908,357.5635681152344,7651793,0.0,0.0
2025-11-27,358.82792089511037,358.82792089511037,351.58229871745846,354.69451904296875,5180488,0.0,0.0
2025-11-28,355.76433797131386,356.9314280824092,348.76188634574515,349.2481689453125,3459790,0.0,0.0
2025-12-01,351.5823250463453,351.5823250463453,342.73197565821266,344.2880859375,4470807,0.0,0.0
2025-12-02,345.9900499297351,351.24189577053596,344.5312022139386,348.9077453613281,9468149,0.0,0.0
2025-12-03,349.15089733517,351.0960276824411,346.03867690740265,348.5673522949219,6169622,0.0,0.0
2025-12-04,350.1234761784586,351.6795864530965,343.8018023030142,346.23321533203125,5798181,0.0,0.0
2025-12-05,346.2332037698485,351.6795747090365,343.6072659140672,350.41522216796875,3479044,0.0,0.0
2025-12-08,353.04115362338536,353.04115362338536,345.40651116956775,347.74066162109375,6762135,0.0,0.0
2025-12-09,347.7406781560741,348.9077682774986,343.266901944728,345.30926513671875,5612269,0.0,0.0
2025-12-10,345.3092622021885,350.07485542389355,343.0723741155251,345.4065246582031,8521964,0.0,0.0
2025-12-11,345.4065218158187,346.5736119177208,339.5225142795365,341.6621398925781,4491115,0.0,0.0
2025-12-12,342.8292307998406,356.5910223554553,342.8292307998406,355.034912109375,6101145,0.0,0.0
2025-12-15,355.0835590652579,359.31422360475386,351.1932982804954,356.9314270019531,6128925,0.0,0.0
2025-12-16,356.6882804042827,358.92516845015825,351.7768381086136,358.04986572265625,4332510,0.0,0.0
2025-12-17,359.84911135316025,362.6209280118121,355.95885068988287,358.244384765625,6872112,0.0,0.0
2025-12-18,357.9039833942719,359.0710734731258,351.5823097745361,353.3815612792969,3880069,0.0,0.0
2025-12-19,353.9651173973205,357.36909560679476,352.1658658362458,355.9102478027344,6515994,0.0,0.0
2025-12-22,355.9102468401638,360.52993154052757,354.54863181578895,359.7518615722656,3949754,0.0,0.0
2025-12-23,359.7518586384686,363.25309926625846,358.43888969300565,359.84912109375,3379297,0.0,0.0
2025-12-24,359.75186360549634,361.2593574823357,354.79177512100557,355.8616027832031,2339154,0.0,0.0
2025-12-26,355.42396331816667,358.0985176114396,351.77684382734,355.9588623046875,2997958,0.0,0.0
2025-12-29,355.9588416756121,361.7942325227533,354.7917516340508,361.40521240234375,4666863,0.0,0.0
2025-12-30,361.59971146268896,365.8303758078639,358.0985006614864,359.3628234863281,8567519,0.0,0.0
2025-12-31,359.3628318309784,375.4101572036743,358.876549243927,373.46502685546875,12051156,0.0,0.0
