Date,open,high,low,close,volume,dividends,stock splits
2007-12-03,34.91813877794127,35.3754218010891,34.42427346076472,35.05532455444336,7645498,0.0,0.0
2007-12-04,35.192502481477625,35.44858067227479,34.84496857035791,35.16506576538086,7419300,0.0,0.0
2007-12-05,35.302254914342754,35.485168546470426,34.41512564633364,35.247379302978516,13655843,0.0,0.0
2007-12-06,35.24737463433954,36.024756924441554,34.98215088113664,35.32054138183594,9915676,0.0,0.0
2007-12-07,35.32053941462058,35.61319986662438,33.784068237286505,34.41511917114258,15943471,0.0,0.0
2007-12-10,34.97300262590685,35.101042793780394,33.90295994960694,34.14989471435547,7774487,0.0,0.0
2007-12-11,36.18023383784697,36.18023383784697,33.85723471181211,34.296226501464844,8942892,0.0,0.0
2007-12-12,34.113317606885005,34.854115491861705,33.729199218870086,34.68034744262695,23578349,0.0,0.0
2007-12-13,34.93641623805757,37.03991905957226,34.93641623805757,35.915000915527344,28327502,0.0,0.0
2007-12-14,36.30826863331452,37.29599898580462,35.722947748095834,36.71067810058594,31128091,0.0,0.0
2007-12-17,36.74726102029648,37.863033732451925,34.79923699428668,35.39370346069336,23352226,0.0,0.0
2007-12-18,36.5826457908529,38.41177764561674,35.12848457502346,36.13450622558594,12848003,0.0,0.0
2007-12-19,36.774703613375806,37.40575460149395,35.393707027540174,36.52777099609375,15144666,0.0,0.0
2007-12-20,36.582640336144976,36.93017203241191,35.768675825629046,35.94244384765625,11253086,0.0,0.0
2007-12-24,37.277709163841266,37.277709163841266,35.347976245024945,36.22595977783203,17646387,0.0,0.0
2007-12-26,36.41802271631336,36.7381220899692,36.097923342657516,36.555206298828125,10952833,0.0,0.0
2007-12-27,36.600936003944746,37.6801222055849,36.59178825796545,37.23198699951172,41356752,0.0,0.0
2007-12-28,36.5826428257487,37.908761573852374,36.43631150662621,37.780723571777344,23129016,0.0,0.0
2007-12-31,37.78071744276785,38.759304312201486,37.78071744276785,38.31116485595703,15416808,0.0,0.0
2008-01-01,38.777597792568805,40.39637901400077,38.43006176026904,39.801910400390625,35905649,0.0,0.0
2008-01-02,40.222618234025,41.594467120946454,39.19830544192612,40.44211196899414,56548547,0.0,0.0
2008-01-03,40.24090788132072,40.423819320322565,38.786746723998256,39.225738525390625,45046995,0.0,0.0
2008-01-04,39.3263380752245,40.2774861589093,38.98794977286861,40.12200927734375,37048319,0.0,0.0
2008-01-07,38.72272118596138,42.98459588635084,38.72272118596138,42.30781936645508,52332637,0.0,0.0
2008-01-08,42.76511331833376,43.789426108057896,40.99085490696084,42.252952575683594,53012263,0.0,0.0
2008-01-09,41.97857975203429,42.883997806382396,41.35667222594063,41.713356018066406,29810430,0.0,0.0
2008-01-10,41.88712532860924,42.070036754969806,39.90251678755264,40.204322814941406,19361009,0.0,0.0
2008-01-11,40.2409107866261,41.210350178903155,39.21659795868675,40.32322311401367,16725883,0.0,0.0
2008-01-14,40.77135181040607,41.33838156914647,39.92080717229547,41.06401443481445,15384550,0.0,0.0
2008-01-15,41.173766905647675,41.503011859550654,39.28061385544073,39.57327651977539,10450639,0.0,0.0
2008-01-16,39.326344066960495,39.58242009508255,36.792996590203785,38.21971893310547,27547611,0.0,0.0
2008-01-17,38.045943666621525,40.59758180426214,38.045943666621525,39.829349517822266,17712169,0.0,0.0
2008-01-18,39.82934553633066,40.24089835050496,38.045939863405884,38.896484375,27550409,0.0,0.0
2008-01-21,38.96051402298075,39.1434298062871,34.75350970207097,36.9210319519043,37610322,0.0,0.0
2008-01-22,34.735215520282125,36.5826404224727,30.912329896131062,33.4548225402832,41092317,0.0,0.0
2008-01-23,34.570604849874016,36.58265288919642,32.741472640193095,35.640647888183594,37927743,0.0,0.0
2008-01-24,36.03390251666475,36.94847055668622,32.9609599890956,34.296226501464844,19640765,0.0,0.0
2008-01-25,35.48515955217991,36.765550304749326,34.8083786326804,36.29912185668945,16931664,0.0,0.0
2008-01-28,34.753506035971135,36.58263976324852,34.753506035971135,35.89671325683594,17161765,0.0,0.0
2008-01-29,36.344856321570646,37.652688371630965,36.21681830996765,36.80213928222656,15839562,0.0,0.0
2008-01-30,38.32031956319458,38.32031956319458,34.58888933095888,36.463748931884766,16179168,0.0,0.0
2008-01-31,36.76555271339632,36.76555271339632,35.027876795625396,35.7686767578125,29537004,0.0,0.0
2008-02-01,35.16506375590969,37.93620018395142,35.16506375590969,37.52464294433594,11614006,0.0,0.0
2008-02-04,38.04594559699723,38.75930884322963,36.88444718991969,37.46062469482422,11908347,0.0,0.0
2008-02-05,37.863033898349855,38.04594532026487,36.82957349506115,37.67097473144531,11151130,0.0,0.0
2008-02-06,36.765553026977386,37.13138022559479,35.92415394838748,36.5826416015625,10445162,0.0,0.0
2008-02-07,36.58264214755003,36.81128360662487,34.799238331987496,35.13762664794922,15374321,0.0,0.0
2008-02-08,35.30224636844129,36.53690928210331,34.9638559048379,36.21681213378906,18259769,0.0,0.0
2008-02-11,36.216811045834156,36.54605592884928,32.74145950279742,33.912105560302734,16119197,0.0,0.0
2008-02-12,33.82065768258048,34.33281412549465,33.30850123966631,33.939552307128906,9851748,0.0,0.0
2008-02-13,34.47913673774232,36.171084728958455,34.20476743951351,35.89671325683594,17056096,0.0,0.0
2008-02-14,36.60093435081771,37.31429328903854,35.86927992146463,36.445457458496094,13086154,0.0,0.0
2008-02-15,35.64978760078752,37.30515363053557,35.64978760078752,37.103946685791016,22661816,0.0,0.0
2008-02-18,37.149674841341394,38.67700060360544,36.372294688967706,38.37519454956055,23135752,0.0,0.0
2008-02-19,37.8630400200226,38.96051742452726,36.99419975598386,37.570377349853516,16771027,0.0,0.0
2008-02-20,37.570378285013724,37.58866943061781,36.4088796696834,36.939327239990234,10313649,0.0,0.0
2008-02-21,37.323435920683664,37.49720393254066,36.308266734692694,36.82957077026367,9171529,0.0,0.0
2008-02-22,36.39973634624571,36.930181775437866,36.39973634624571,36.610084533691406,4815246,0.0,0.0
2008-02-25,36.93017534978629,37.478918351917464,36.61007816373501,36.9210319519043,8599305,0.0,0.0
2008-02-26,36.94846951817657,37.259418947424365,36.65580688403799,36.84786605834961,8578431,0.0,0.0
2008-02-27,37.1313801041751,37.27770924402851,36.12535639821386,37.01248550415039,17818586,0.0,0.0
2008-02-28,36.216817695099444,37.25942161031356,36.216817695099444,36.994197845458984,19442957,0.0,0.0
2008-02-29,36.948473798676694,37.86303974505151,36.546064260537186,37.085655212402344,32564155,0.0,0.0
2008-03-03,36.27169186822949,36.27169186822949,34.63461921127537,35.219940185546875,73383791,0.0,0.0
2008-03-04,35.3022498233433,35.55832800183487,33.3084956510735,33.82065200805664,42104459,0.0,0.0
2008-03-05,33.6377430687705,35.823556721613826,33.29020912613885,35.58576965332031,27080050,0.0,0.0
2008-03-07,35.32053986377863,35.66807374734751,34.204769294826434,34.89069366455078,30010516,0.0,0.0
2008-03-10,34.20476823703972,35.622344789185874,34.07672806880422,34.93642044067383,17653510,0.0,0.0
2008-03-11,34.11331628609546,35.66807657494292,34.11331628609546,35.16506576538086,27209731,0.0,0.0
2008-03-12,35.50345845143367,36.216819635294534,34.70778494035039,34.844970703125,15054773,0.0,0.0
2008-03-13,34.38768410779667,34.75350914688351,33.24447678459924,33.948692321777344,16130653,0.0,0.0
2008-03-14,34.50657815191377,35.30225161647591,34.02185848508824,35.0644645690918,19340739,0.0,0.0
2008-03-17,34.57974184867365,35.00958587130358,33.42738682784801,33.97612762451172,21605125,0.0,0.0
2008-03-18,34.16818990016442,34.75351086113241,32.98839805835948,33.48226547241211,16098859,0.0,0.0
2008-03-19,34.3876837299922,34.698635335883786,33.73834162972711,34.2596435546875,17036592,0.0,0.0
2008-03-24,35.96988723389908,35.96988723389908,33.84809263989268,34.963863372802734,14055897,0.0,0.0
2008-03-25,36.58264224067514,37.49720807930264,34.7535083895263,35.037025451660156,21366248,0.0,0.0
2008-03-26,34.94557144291654,35.94244970898024,34.771803392552066,35.72295379638672,15413048,0.0,0.0
2008-03-27,35.81440151026008,36.94846528324968,35.30224522006024,36.600929260253906,18902152,0.0,0.0
2008-03-28,36.58263922936145,38.04594358115545,36.58263922936145,37.77157211303711,15352678,0.0,0.0
2008-03-31,37.8630425526924,38.55811046262844,37.1405314015151,37.72585678100586,13151983,0.0,0.0
2008-04-01,38.045948438231505,38.91478428521256,37.63439553130109,38.521522521972656,11668011,0.0,0.0
2008-04-02,38.96051389881797,39.655586047148816,37.314293593246504,38.04594802856445,13263696,0.0,0.0
2008-04-03,38.06423907043586,38.50323086089706,37.72585074281456,38.05509567260742,12911531,0.0,0.0
2008-04-04,37.52464789546107,38.018513169931666,36.43631604664016,36.6923942565918,16549079,0.0,0.0
2008-04-07,37.46061952126517,39.225729729066884,36.69238295415768,38.47578430175781,24215498,0.0,0.0
2008-04-08,38.59468824722088,38.59468824722088,37.72585237434031,38.14655303955078,20961707,0.0,0.0
2008-04-09,37.68011884489611,38.119110613624336,37.24112707616787,37.93619918823242,7388313,0.0,0.0
2008-04-10,37.73498625320286,38.366037091824104,37.433180275555074,37.799007415771484,13293197,0.0,0.0
2008-04-11,37.86303192527236,38.109964505883525,37.14966872140272,37.32343673706055,11948428,0.0,0.0
2008-04-15,37.222848754754054,38.32033072848772,36.957624922687636,38.02766799926758,16351775,0.0,0.0
2008-04-16,38.393486351772864,38.539815508293096,37.89962110072898,38.41177749633789,11952139,0.0,0.0
2008-04-17,38.61298458049955,38.94222956877714,37.51550708329242,38.677005767822266,9619488,0.0,0.0
2008-04-21,38.83246489769014,39.32632997995008,37.945333820002986,38.08251953125,7846696,0.0,0.0
2008-04-22,38.00936687115098,39.32634228518886,37.689269676607076,39.01538848876953,9820948,0.0,0.0
2008-04-23,39.1434223356979,39.50924513691695,38.6587006024021,38.75930404663086,8966446,0.0,0.0
2008-04-24,38.612980189246244,39.31719577855491,38.18313611693082,38.40262985229492,14937501,0.0,0.0
2008-04-25,39.125137862013254,39.125137862013254,38.26544534156136,38.94222640991211,7794009,0.0,0.0
2008-04-28,39.14343729536725,39.50926023639493,38.4575084114686,38.70444107055664,10015152,0.0,0.0
2008-04-29,38.951371659899564,39.32634667621107,38.55810984529707,38.832481384277344,10973280,0.0,0.0
2008-04-30,38.503222171988604,40.38722691278869,38.503222171988604,40.22260665893555,23595740,0.0,0.0
2008-05-02,40.62502699887819,41.10060109682577,39.975684856785996,40.414676666259766,10142649,0.0,0.0
2008-05-05,40.2226206221182,40.862815068242526,39.875084506661736,40.37809753417969,8353056,0.0,0.0
2008-05-06,40.05798995387739,41.45727760472296,40.05798995387739,41.12803268432617,17286814,0.0,0.0
2008-05-07,41.26521242927486,42.01515787562358,40.89024187999404,41.457271575927734,15557677,0.0,0.0
2008-05-08,41.42984288777244,41.42984288777244,39.051968231219696,39.32633972167969,19724315,0.0,0.0
2008-05-09,39.32633546780023,40.2409012066892,39.01538172528607,39.975677490234375,18173596,0.0,0.0
2008-05-12,39.73789337229339,41.155472187232235,39.28975819010015,40.93597412109375,11242054,0.0,0.0
2008-05-13,41.155476498877384,41.88713099894025,40.31407512814156,41.21949768066406,12503196,0.0,0.0
2008-05-14,40.789641307444704,41.749937108342145,40.698185599689566,41.393253326416016,10964307,0.0,0.0
2008-05-15,41.539594133204375,41.70421443619871,40.99085544210174,41.374969482421875,10397207,0.0,0.0
2008-05-16,41.37495669890926,41.70420155096018,40.78963589909738,41.539581298828125,7619689,0.0,0.0
2008-05-20,41.338389264559105,41.649343089142384,40.88110627442528,41.29266357421875,8410120,0.0,0.0
2008-05-21,40.972562736338006,42.50903188244609,40.899393812228865,41.74079513549805,14572310,0.0,0.0
2008-05-22,41.52129805688296,42.25294810885796,40.24090503119217,40.86280822753906,18902797,0.0,0.0
2008-05-23,40.86281246105908,41.320095421339815,38.622127694798706,39.07026290893555,18286195,0.0,0.0
2008-05-26,38.750159554659874,38.750159554659874,36.866154579125975,37.588661193847656,28507751,0.0,0.0
2008-05-27,37.7715801120976,39.41780057386059,37.6801243859526,38.247154235839844,31189078,0.0,0.0
2008-05-28,38.6129752680582,40.835372968211836,38.6129752680582,40.59758377075195,30945626,0.0,0.0
2008-05-29,40.597595813697275,40.96342311565424,39.006252919699435,39.500118255615234,16404359,0.0,0.0
2008-05-30,39.69216378345492,40.314066938722895,39.34462774913428,39.829349517822266,12730416,0.0,0.0
2008-06-02,40.09456911581865,40.97255250807123,39.60984739701355,40.23175048828125,19297897,0.0,0.0
2008-06-03,39.87507066412538,40.405518052105705,39.17085527873998,40.22260665893555,14049731,0.0,0.0
2008-06-04,40.990857819182516,40.990857819182516,38.96051889223778,39.47267532348633,9194080,0.0,0.0
2008-06-05,39.89337353425277,40.92683407902464,38.960516459200775,40.69819259643555,11787140,0.0,0.0
2008-06-06,40.97255887516576,41.155470298731416,38.65870545422844,39.042823791503906,13970351,0.0,0.0
2008-06-09,38.302026488924085,39.033676540230104,37.497207519478586,37.92705154418945,13368513,0.0,0.0
2008-06-10,38.045947128635866,38.045947128635866,36.244252145985975,36.86615753173828,24025968,0.0,0.0
2008-06-11,36.9484715274857,37.20454754196847,35.63149395003076,36.49118423461914,37983261,0.0,0.0
2008-06-12,35.87843150173957,37.05822348840029,35.70466561086665,36.57350158691406,19752177,0.0,0.0
2008-06-13,36.58264558759404,36.83872161107683,35.604058485528846,36.24425506591797,14093181,0.0,0.0
2008-06-16,36.564347813508704,36.96675726809386,36.12535390259373,36.85700607299805,14814808,0.0,0.0
2008-06-17,36.94846731815695,37.47891477837121,36.76555155229129,37.17710876464844,5815985,0.0,0.0
2008-06-18,37.49720670673227,37.90875957993484,37.03992380415718,37.67097473144531,11634656,0.0,0.0
2008-06-19,37.131386813590105,37.75329011812885,36.7747072968538,37.6435432434082,9470895,0.0,0.0
2008-06-20,37.66182672556599,37.66182672556599,35.576616965135436,36.28997802734375,13876791,0.0,0.0
2008-06-23,36.033901918692024,37.36002283734914,35.311395244264084,35.741241455078125,17957726,0.0,0.0
2008-06-24,36.546064040658514,36.546064040658514,34.204773579865794,35.02788162231445,27079401,0.0,0.0
2008-06-25,34.93641976626578,34.93641976626578,33.39994864656837,34.104164123535156,19094228,0.0,0.0
2008-06-26,34.7535014847836,35.30224218327391,34.040140533250266,35.07360076904297,21196560,0.0,0.0
2008-06-27,34.73521601400148,34.73521601400148,33.39994958916751,33.60115432739258,13860818,0.0,0.0
2008-06-30,33.61030840830345,34.890701730684825,33.10729752233018,34.35110855102539,12281666,0.0,0.0
2008-07-01,34.13161160551862,34.753514927578145,32.576848952581294,33.473121643066406,9094239,0.0,0.0
2008-07-02,33.473107990503856,34.012703108015415,32.284173096323634,32.90607833862305,25272666,0.0,0.0
2008-07-03,32.70488706415254,33.09815105848759,30.747714839547044,30.96721076965332,18257631,0.0,0.0
2008-07-04,31.278156943554066,32.54025877597598,30.637960456407896,31.314739227294922,17681141,0.0,0.0
2008-07-07,31.643983549891452,32.906085445930415,31.643983549891452,32.53111267089844,10382729,0.0,0.0
2008-07-08,32.00066559469755,32.2384526279583,30.839167142936112,31.424488067626953,13942429,0.0,0.0
2008-07-09,31.7354390994514,34.085872514031735,31.70800238728436,33.62858963012695,14650731,0.0,0.0
2008-07-10,33.43653120940905,33.62859037271309,32.55854987899499,32.768898010253906,8727148,0.0,0.0
2008-07-11,32.90608851196436,33.29020689418287,31.52509405910023,31.92750358581543,6891777,0.0,0.0
2008-07-14,32.10127231534168,32.72317780525678,30.610530862830988,30.83917236328125,16525943,0.0,0.0
2008-07-15,30.674543882505112,30.674543882505112,29.08319926325821,29.34842300415039,17421256,0.0,0.0
2008-07-16,29.916398894531557,31.51655659300847,29.317508618035173,30.384281158447266,25352723,1.166667,0.0
2008-07-17,31.0673837552224,31.79727968641896,30.4310633699682,31.30132484436035,15801275,0.0,0.0
2008-07-18,31.460405440691222,33.48165739088791,30.88959012253854,32.98570251464844,15579598,0.0,0.0
2008-07-21,32.9857012392922,34.70750913098198,32.37745349941793,33.537803649902344,19469205,0.0,0.0
2008-07-22,33.52844247741997,35.605841816684055,33.191568291552464,35.53097915649414,25670645,0.0,0.0
2008-07-23,36.37316981563264,37.37443931845848,35.17539165851037,35.858497619628906,33116743,0.0,0.0
2008-07-24,35.85850372600955,36.83170072966259,35.10989252836165,35.65263748168945,11448010,0.0,0.0
2008-07-25,35.54033431616997,35.933356026767456,34.744935565398926,35.39997100830078,11070936,0.0,0.0
2008-07-28,35.381262024604055,36.214091134958366,35.184751135291926,35.68070602416992,11460354,0.0,0.0
2008-07-29,35.371899014771934,35.72749053901402,34.48292465273084,35.48419189453125,10634175,0.0,0.0
2008-07-30,35.184756605426955,35.89593760513882,34.62329651663383,35.240901947021484,12276572,0.0,0.0
2008-07-31,35.746208249540146,35.91464646929547,33.12606829729859,34.960166931152344,61055177,0.0,0.0
2008-08-01,35.00695790404661,35.194111251498434,34.164768952654626,35.01631546020508,18818540,0.0,0.0
2008-08-04,35.01630799642745,35.54033547816938,34.81043958053985,35.147315979003906,7241272,0.0,0.0
2008-08-05,35.37190168866369,35.80235368243006,34.988239695831936,35.587127685546875,15146744,0.0,0.0
2008-08-06,35.93335834483814,36.653896711227745,35.259607750756565,35.54033660888672,26788469,0.0,0.0
2008-08-07,35.55905827589801,36.43867745464336,35.184753804119566,35.924007415771484,27180089,0.0,0.0
2008-08-08,35.746204621115005,36.10179613513939,35.4280455487895,35.57776641845703,14810876,0.0,0.0
2008-08-11,35.933362742863004,36.49482052784233,35.69006407280099,36.27023696899414,4862465,0.0,0.0
2008-08-12,36.35446781721572,37.10307915737426,36.16731442610535,36.62583923339844,12624450,0.0,0.0
2008-08-13,36.30766483989918,37.02820320366985,36.30766483989918,36.48545837402344,6956995,0.0,0.0
2008-08-14,36.214093953029945,36.53225531259165,35.51227056474843,35.77428436279297,4127846,0.0,0.0
2008-08-18,35.774283441189816,36.32638591595565,33.98697245766856,35.081817626953125,13931662,0.0,0.0
2008-08-19,34.62328868319412,34.99759532437018,34.07118850052743,34.342559814453125,8995492,0.0,0.0
2008-08-20,34.60458071010412,34.93209742046573,34.09926819730276,34.24898910522461,15400367,0.0,0.0
2008-08-21,34.286415460771195,34.510999007008245,33.762385703363286,34.108619689941406,6729121,0.0,0.0
2008-08-22,34.23962778847551,34.43613644577781,33.65009514372207,34.09926223754883,3951176,0.0,0.0
2008-08-25,34.81044878612398,34.99760214317629,34.06183758219726,34.42678451538086,2159862,0.0,0.0
2008-08-26,34.248992104217685,34.67944420075041,34.11798629831462,34.604583740234375,7958793,0.0,0.0
2008-08-27,34.62329542907166,34.791733672846995,34.258348495888065,34.42678451538086,5543188,0.0,0.0
2008-08-28,34.342559814453125,34.60457357356353,33.921465399200585,34.342559814453125,15638314,0.0,0.0
2008-08-29,34.62329195681421,35.549698868248406,34.45485372993099,35.315757751464844,9425676,0.0,0.0
2008-09-01,35.184753804119566,36.11116076380192,34.57650597909125,35.924007415771484,7476047,0.0,0.0
2008-09-02,36.120524003043066,36.86913528866578,35.82107770936775,36.382537841796875,11907125,0.0,0.0
2008-09-04,36.260872636077444,36.560318808095474,35.25024792229177,35.39997100830078,7305680,0.0,0.0
2008-09-05,34.10861743056912,35.78363524917045,34.10861743056912,35.54033660888672,5039670,0.0,0.0
2008-09-08,35.74621233449487,39.30211934491053,35.39062296802279,36.77555465698242,18987724,0.0,0.0
2008-09-09,36.71004646958325,36.71004646958325,36.22344913027442,36.419960021972656,7324479,0.0,0.0
2008-09-10,36.3076722252518,36.68197670277488,36.092446205355984,36.504180908203125,7487428,0.0,0.0
2008-09-11,36.30766843695219,36.30766843695219,35.37190178007512,35.86785888671875,8114985,0.0,0.0
2008-09-12,36.307667346736366,36.56968111308152,35.38126049731355,35.821067810058594,15167848,0.0,0.0
2008-09-15,35.37190168866369,35.73685079511672,34.08054793164682,35.587127685546875,13876162,0.0,0.0
2008-09-16,34.79173746967186,36.56969121927325,34.24899245256209,36.382537841796875,13872345,0.0,0.0
2008-09-17,34.81980242315765,36.46674777611565,34.36127775092195,34.57650375366211,13727881,0.0,0.0
2008-09-18,34.60457995373181,35.16604001901427,33.126072674624766,34.74494552612305,25958082,0.0,0.0
2008-09-19,35.203465434300725,36.02693697018456,34.83851633052664,35.75556564331055,26288338,0.0,0.0
2008-09-22,36.026941189362304,37.41187510027418,35.66199426713086,36.49482345581055,32965649,0.0,0.0
2008-09-23,36.214095548208945,36.38253379161506,35.839788834924825,36.26088333129883,8874756,0.0,0.0
2008-09-24,36.30767107569008,36.53225464480622,35.970794609874666,36.12051773071289,12708395,0.0,0.0
2008-09-25,35.95207179012887,37.084346948998636,34.91337217154507,35.1941032409668,27492447,0.0,0.0
2008-09-26,35.18475299253954,36.34510105442447,34.37999428185615,35.99886703491211,14576828,0.0,0.0
2008-09-29,35.92401249187341,36.494827948526535,35.016320516308,35.81172180175781,27085224,0.0,0.0
2008-09-30,35.09116792237032,36.00821711430045,34.62328577237666,35.1941032409668,24819337,0.0,0.0
2008-10-01,35.55905358628458,36.40124242921044,35.28768226835664,36.00822067260742,24101068,0.0,0.0
2008-10-03,35.540340878872804,37.243433789758676,35.381262433913086,35.64327621459961,37750176,0.0,0.0
2008-10-06,36.47610905822343,36.47610905822343,33.33194114473288,33.687530517578125,25491988,0.0,0.0
2008-10-07,33.790463241219825,34.23963036889744,31.507195155289995,32.65818786621094,54923905,0.0,0.0
2008-10-08,32.15287073681955,32.545892499751545,29.832174828207894,31.029953002929688,34954129,0.0,0.0
2008-10-10,30.599506689469145,32.56461127684202,28.727975439390672,30.571434020996094,46294507,0.0,0.0
2008-10-13,31.441691304526543,32.35874064350974,30.711795300408085,31.825355529785156,34004238,0.0,0.0
2008-10-14,32.545900566539075,32.545900566539075,31.179683837034432,31.61949348449707,15804241,0.0,0.0
2008-10-15,31.34811474512785,31.34811474512785,29.66373923386172,30.066116333007812,29916966,0.0,0.0
2008-10-16,28.8215516405548,30.86151878930808,28.475317633192656,30.26262855529785,33950857,0.0,0.0
2008-10-17,30.693081279573285,31.25453907982832,29.40172522499141,29.738601684570312,18525910,0.0,0.0
2008-10-20,29.944470754789442,31.610131302433594,29.944470754789442,30.917665481567383,15683283,0.0,0.0
2008-10-21,31.254538334256438,31.984436571171678,30.197125650001315,31.647560119628906,24430555,0.0,0.0
2008-10-22,31.44169687234832,33.313228328131785,31.067392360617763,31.97508430480957,28117873,0.0,0.0
2008-10-23,31.254546809128154,32.938925075007425,30.693088870023665,31.563350677490234,15979219,0.0,0.0
2008-10-24,30.880234621085748,32.15287333966226,28.26009451275833,29.738601684570312,30054451,0.0,0.0
2008-10-27,29.38300824484746,29.570161574459128,24.713543681233336,27.885786056518555,29081955,0.0,0.0
2008-10-29,29.663737532366852,30.225195262489937,27.40854460861771,28.65311050415039,38837371,0.0,0.0
2008-10-31,29.205208047685584,31.984428020664673,28.260086283752496,29.03676986694336,40986800,0.0,0.0
2008-11-03,29.504660295384472,30.206483651460857,28.877697385519216,29.907039642333984,16048633,0.0,0.0
2008-11-04,29.719882105717907,32.358736929127936,29.195852383392282,31.95635986328125,13505328,0.0,0.0
2008-11-05,32.751770818811586,32.93892420164509,31.08610993773084,31.778575897216797,18921035,0.0,0.0
2008-11-06,31.40426037313737,32.56460835395332,30.655649274868225,31.57269859313965,16400287,0.0,0.0
2008-11-07,31.14224432411668,32.88276728028624,31.14224432411668,32.686256408691406,15838256,0.0,0.0
2008-11-10,33.09799661971311,33.23836218718063,31.81600029721051,32.24645233154297,11076333,0.0,0.0
2008-11-11,32.14352026924369,32.910848854092826,32.00315691173421,32.293243408203125,12097488,0.0,0.0
2008-11-12,32.003155250000724,32.34938707149568,30.97381289363218,31.816001892089844,13241143,0.0,0.0
2008-11-14,32.190307946677635,32.93891913866107,30.927024474940747,31.731781005859375,14434930,0.0,0.0
2008-11-17,31.628846414542217,32.57396847315722,30.11290898804944,30.917665481567383,18592321,0.0,0.0
2008-11-18,30.505929642339737,31.198395487624285,29.757318458749477,30.075477600097656,17256235,0.0,0.0
2008-11-19,30.225197997745003,31.759852676193837,30.075474884831223,30.898948669433594,21314006,0.0,0.0
2008-11-20,30.50592403076134,31.198389748666507,30.009969185060378,30.814727783203125,11920061,0.0,0.0
2008-11-21,30.693082429342446,32.26516744294246,30.393638406274682,31.787927627563477,14617591,0.0,0.0
2008-11-24,31.81600060477994,32.396173544118426,31.35747589737785,32.218379974365234,12943681,0.0,0.0
2008-11-25,32.433612484956804,32.57397585759148,31.179686343723,31.563350677490234,9939666,0.0,0.0
2008-11-26,31.628846745136762,32.45232058365293,31.544628739767692,32.265167236328125,22336358,0.0,0.0
2008-11-27,32.265167236328125,32.265167236328125,32.265167236328125,32.265167236328125,0,0.0,0.0
2008-11-28,30.131627118422262,33.06992670519214,30.131627118422262,32.48975372314453,26051825,0.0,0.0
2008-12-01,32.35873436857935,33.126062670298055,30.702431791134906,30.92701530456543,19294361,0.0,0.0
2008-12-02,30.78666034494361,32.07801654661744,30.318778050009485,31.74114227294922,18120619,0.0,0.0
2008-12-03,31.815997255684177,32.00315058632202,30.814729939552727,31.57269859313965,14380112,0.0,0.0
2008-12-04,31.6382099305369,32.75177043218212,31.376196087376165,32.573974609375,11237275,0.0,0.0
2008-12-05,32.68626331858798,32.938919571398145,31.404264717030358,31.694351196289062,7876718,0.0,0.0
2008-12-08,32.115448067275686,33.013782465600826,31.59142040968025,31.79728889465332,20927664,0.0,0.0
2008-12-10,31.937647486933184,32.71433352437023,31.722423701064812,31.881502151489258,17714979,0.0,0.0
2008-12-11,32.078014894042916,32.19030779566903,31.320046149126007,32.031227111816406,12966088,0.0,0.0
2008-12-12,31.628846745136762,32.56461125747836,31.067388927444775,32.265167236328125,14288438,0.0,0.0
2008-12-15,32.648826955459405,32.75176005884556,31.731775458426746,32.471031188964844,8744439,0.0,0.0
2008-12-16,32.246452098552076,33.36001240118675,32.16223186896711,33.04185104370117,12913678,0.0,0.0
2008-12-17,33.3132326334411,33.57524649279924,31.90958330412911,32.25581741333008,16166382,0.0,0.0
2008-12-18,32.37745549072535,34.19283904284002,32.37745549072535,33.69688415527344,15823099,0.0,0.0
2008-12-19,33.57523640609726,34.52035841724444,33.154141956237524,33.50973129272461,18684217,0.0,0.0
2008-12-22,33.69688817832567,34.03376466341296,32.957634536443166,33.67817306518555,9548746,0.0,0.0
2008-12-23,33.57523740437959,33.771746077493404,33.08864005096165,33.27579116821289,10232455,0.0,0.0
2008-12-24,32.976356082635675,33.126079241247304,32.09673669632291,32.25581741333008,27533616,0.0,0.0
2008-12-26,33.31322710644555,33.4816631296201,31.816002441582597,31.937650680541992,5564446,0.0,0.0
2008-12-29,31.909576550117723,32.368101263013415,31.816000985968596,32.040584564208984,6756678,0.0,0.0
2008-12-30,32.19030390541208,32.47103278912702,31.92828790804376,32.180946350097656,9907928,0.0,0.0
2008-12-31,32.34002370774487,32.37745392774946,32.00314950342145,32.1341552734375,8661363,0.0,0.0
2009-01-02,32.28388118505214,32.92020165330916,32.021867397953926,32.65818786621094,11031936,0.0,0.0
2009-01-05,32.75176344991955,33.069922572155185,32.078012757877325,32.368099212646484,10863286,0.0,0.0
2009-01-06,32.555258757673585,32.97635329848644,32.15287933207172,32.63947677612305,12253689,0.0,0.0
2009-01-07,32.37745858353883,32.751765285973256,30.318776168714425,31.46040916442871,19876612,0.0,0.0
2009-01-09,31.441694010391952,32.75176524290734,30.693082830789933,31.750497817993164,21393770,0.0,0.0
2009-01-12,32.00315134450231,32.00315134450231,30.33748866421863,30.898948669433594,18730495,0.0,0.0
2009-01-13,30.898947937412753,32.274521914819886,30.646291719550444,31.57269859313965,23057100,0.0,0.0
2009-01-14,32.190308739275444,32.47103766514609,31.394907520978943,31.947010040283203,14489371,0.0,0.0
2009-01-15,31.516557485122814,31.778571293418334,30.84280673909897,31.5352725982666,10787055,0.0,0.0
2009-01-16,31.741143171671787,32.32131616616154,31.731783390196785,32.14352035522461,11873287,0.0,0.0
2009-01-19,32.37746030072959,32.72369435248689,31.722426873152294,31.937650680541992,22487094,0.0,0.0
2009-01-20,31.628849080439405,32.18095160702595,31.254542358153017,31.937650680541992,11349481,0.0,0.0
2009-01-21,31.62885129530935,32.620761287261274,31.4510554785587,32.04994583129883,20322903,0.0,0.0
2009-01-22,32.04993603332596,32.32130734209891,31.74113450600255,31.928285598754883,8126656,0.0,0.0
2009-01-23,31.928286008215053,32.18094443523501,31.65691469596194,31.89085578918457,8633273,0.0,0.0
2009-01-27,32.26517090763964,32.471039390693555,31.759858369363084,31.965726852416992,17311476,0.0,0.0
2009-01-28,32.17158005301178,33.08863140945533,32.0031440914748,32.87340545654297,16053300,0.0,0.0
2009-01-29,33.032494183831034,33.27579287300473,32.255810334600085,32.83598327636719,23352930,0.0,0.0
2009-01-30,32.82662250065682,33.8746798295849,32.65818650302019,33.706241607666016,12607601,0.0,0.0
2009-02-02,33.331939489897685,33.668813732935845,33.126071031931204,33.35065460205078,15580598,0.0,0.0
2009-02-03,33.31322575194848,34.52971921349341,33.285150858278314,33.8559684753418,13385617,0.0,0.0
2009-02-04,33.36001353426126,34.38935364227255,33.36001353426126,33.8559684753418,10395422,0.0,0.0
2009-02-05,33.874678948699625,34.37063382185284,33.61266517935164,33.930824279785156,4954080,0.0,0.0
2009-02-06,33.70624352851071,34.43613956604471,33.70624352851071,34.16476821899414,5338071,0.0,0.0
2009-02-09,34.26770009269406,34.417420972870445,33.63137967909794,34.27705764770508,5389882,0.0,0.0
2009-02-10,34.21154966046498,34.22090943897081,33.45358109548598,33.75302505493164,7371259,0.0,0.0
2009-02-11,33.53780540510954,33.930824954809204,33.37872473958691,33.72495651245117,4886392,0.0,0.0
2009-02-12,33.781096472396484,33.781096472396484,33.19156612945974,33.369361877441406,4666124,0.0,0.0
2009-02-13,33.65009027755453,33.827886023208556,33.023127503028164,33.556514739990234,6660249,0.0,0.0
2009-02-16,33.341291933798765,34.04311747588014,32.68625861661198,33.90275192260742,12038941,0.0,0.0
2009-02-17,33.85596538315177,34.0618338308078,33.56587893502466,33.790462493896484,9131582,0.0,0.0
2009-02-18,33.65945393346196,34.19283904284002,33.51908837738667,33.69688415527344,9827889,0.0,0.0
2009-02-19,33.69687609982824,33.98696247380251,33.547153024092296,33.884029388427734,10124610,0.0,0.0
2009-02-20,33.734314067818254,33.94954006554337,33.219644074064284,33.72495651245117,6588405,0.0,0.0
2009-02-24,33.50036993828486,33.95889455848644,33.378721729483075,33.7998161315918,7091075,0.0,0.0
2009-02-25,33.92147088134938,34.15541201382181,33.313225271490545,34.043121337890625,13155129,0.0,0.0
2009-02-26,33.96825582408173,35.549698281253676,33.75302982225207,34.44549560546875,11561394,0.0,0.0
2009-02-27,34.623281904149515,34.81043518809398,33.79045301580506,34.25833511352539,10919450,0.0,0.0
2009-03-02,33.893391868581006,34.080545184386175,33.257071484556235,33.49101257324219,7997915,0.0,0.0
2009-03-03,33.31321750497084,33.55651613704912,31.928283921387273,32.19965744018555,15849743,0.0,0.0
2009-03-04,32.37746060660701,32.75176733242956,32.22773969570408,32.50846862792969,5888147,0.0,0.0
2009-03-05,32.42424920417254,32.695620567654366,30.786659018192452,31.263898849487305,26551399,0.0,0.0
2009-03-06,30.72115021633501,31.15160218225423,30.084829822181284,30.79601287841797,18469666,0.0,0.0
2009-03-09,30.693086737391102,30.786662312645685,29.195861963338555,29.635671615600586,15255221,0.0,0.0
2009-03-12,29.98189180351033,31.301320149071845,29.776023409035943,30.290693283081055,19495379,0.0,0.0
2009-03-13,30.318769310442836,31.142242979811336,30.318769310442836,30.94573211669922,14753391,0.0,0.0
2009-03-16,31.067392342553614,31.9844418433984,30.71180072111954,31.834718704223633,13850745,0.0,0.0
2009-03-17,31.834710987116534,32.733045155833075,31.70370521834328,32.45231628417969,10887696,0.0,0.0
2009-03-18,32.5739715123337,33.126074043896836,31.563346467046426,31.74114227294922,8524420,0.0,0.0
2009-03-19,32.00314808970907,32.330664724563576,31.291967268191325,31.769207000732422,10311770,0.0,0.0
2009-03-20,31.628846707199116,32.040583625963336,31.460408472380585,31.666276931762695,8908665,0.0,0.0
2009-03-23,31.816005033991097,32.84534526772673,31.816005033991097,32.63947677612305,7726929,0.0,0.0
2009-03-24,33.03249138404035,33.03249138404035,32.20901982289592,32.74240493774414,16617063,0.0,0.0
2009-03-25,32.751759937534366,33.99632807410435,32.704972163441234,33.26642990112305,19660107,0.0,0.0
2009-03-26,33.22900171082623,35.24089613821708,33.22900171082623,34.642005920410156,19424133,0.0,0.0
2009-03-27,34.71688290334078,35.334486262314606,33.78111585706513,34.86660385131836,23279270,0.0,0.0
2009-03-30,34.604580787971194,35.31576177504795,33.22900659764853,33.47230529785156,15170799,0.0,0.0
2009-03-31,33.44423558249485,34.90403013697475,33.37873267934418,34.5952262878418,17052369,0.0,0.0
2009-04-01,34.64201513209018,34.79173828242545,33.547169738917574,34.501651763916016,15015019,0.0,0.0
2009-04-02,34.904036862842716,35.54035535034502,34.27707371045334,34.67945098876953,20428875,0.0,0.0
2009-04-06,34.96016802246756,35.35318758178884,33.23835999851465,33.65009689331055,36134152,0.0,0.0
2009-04-08,33.472297150489055,36.09243909864936,33.219640955017915,35.53097915649414,30033512,0.0,0.0
2009-04-09,35.93336475440983,36.1205181013072,34.76365911665431,35.025672912597656,9622354,0.0,0.0
2009-04-13,35.371897317268704,35.55905062503133,34.82915472661083,34.99759292602539,10202172,0.0,0.0
2009-04-15,35.1847507012942,35.69942069477906,34.3144891554817,34.651363372802734,23733933,0.0,0.0
2009-04-16,34.726225912380265,36.279593442489144,34.37063436135925,35.87721633911133,16358732,0.0,0.0
2009-04-17,36.02693528847462,36.28895127213835,35.109886018497875,35.26896667480469,25784593,0.0,0.0
2009-04-20,35.54034882634751,35.61520928777461,34.09927159817912,34.56715393066406,15945867,0.0,0.0
2009-04-21,34.02440549490349,35.802359069473674,33.996335048970636,35.30640411376953,15484861,0.0,0.0
2009-04-22,34.88530894663902,35.89593617653208,34.88530894663902,35.65263748168945,14402083,0.0,0.0
2009-04-23,35.55906295776367,35.746216330435566,35.297049125736116,35.55906295776367,6603749,0.0,0.0
2009-04-24,35.727490186402754,35.9146435012998,35.10052735999637,35.6619873046875,6564409,0.0,0.0
2009-04-27,35.70877979465963,36.35445781542499,35.25025511351525,36.21409225463867,15018141,0.0,0.0
2009-04-28,36.09244457955716,36.09244457955716,34.73558562698539,35.10053253173828,10883272,0.0,0.0
2009-04-29,35.21282422717506,35.68070645527329,34.70751177671414,35.353187561035156,16843959,0.0,0.0
2009-04-30,35.315757751464844,35.315757751464844,35.315757751464844,35.315757751464844,0,0.0,0.0
2009-05-04,35.577768267076266,38.8623011560199,35.55905315739539,38.487998962402344,33674138,0.0,0.0
2009-05-05,38.366349703282076,38.366349703282076,36.72875976166409,37.01884841918945,19564986,0.0,0.0
2009-05-06,37.056281555067045,37.187287337162644,35.56841460271916,36.03629684448242,19443268,0.0,0.0
2009-05-07,36.4854628901744,36.63518600383053,35.49355310094347,35.64327621459961,13665093,0.0,0.0
2009-05-08,35.55905320196358,36.017577838284005,34.71686659242217,35.25960922241211,12727786,0.0,0.0
2009-05-11,35.549704289639834,35.55906184676693,34.679442579689514,35.17539978027344,9315869,0.0,0.0
2009-05-12,35.250261678331576,35.99887295195048,35.03503563132726,35.81172180175781,14272807,0.0,0.0
2009-05-13,35.811708479699924,36.157940203039914,34.97887727402716,35.1941032409668,10359232,0.0,0.0
2009-05-14,34.838516487917325,35.31575625698889,34.660720712857945,34.960166931152344,7454677,0.0,0.0
2009-05-15,35.035027326553106,35.46547931852652,34.69815311177691,34.819801330566406,12676131,0.0,0.0
2009-05-18,36.27960016977657,41.781899329866626,36.27960016977657,38.69387435913086,474695,0.0,0.0
2009-05-19,38.71258336243333,39.844858709734524,35.39061998949895,35.64327621459961,63091418,0.0,0.0
2009-05-20,35.55905791990558,36.06437039753122,34.64200852559148,34.8946647644043,24521937,0.0,0.0
2009-05-21,34.99760044692335,35.17539623871982,33.874682583317245,34.089908599853516,23642744,0.0,0.0
2009-05-22,34.08991097607105,34.529720595985225,33.7343193676918,34.36128234863281,22213048,0.0,0.0
2009-05-25,34.511000625477685,35.680706186926145,34.16476662266216,35.52162551879883,24640822,0.0,0.0
2009-05-26,35.83978472744764,35.93336250718531,34.155409159274775,34.44549560546875,19967224,0.0,0.0
2009-05-27,34.71686137350336,35.09116573560372,33.6033013920842,34.4548454284668,50370956,0.0,0.0
2009-05-28,34.90402668251116,35.18475560679865,34.089910355366634,34.41742706298828,38838215,0.0,0.0
2009-05-29,34.58586583190984,35.27833170860709,34.08055331567072,34.37063980102539,33315732,0.0,0.0
2009-06-01,34.62328919382568,36.448030203976955,34.52971364429264,36.00822067260742,41658738,0.0,0.0
2009-06-02,36.49481452469254,37.02820177939483,35.315751590758,35.970787048339844,30455808,0.0,0.0
2009-06-03,36.4573899865658,38.25406066592027,36.15794598548119,38.001399993896484,45211773,0.0,0.0
2009-06-04,37.99204336400498,39.30211443842783,37.074994056765426,37.91718292236328,38618810,0.0,0.0
2009-06-05,37.992052720047084,37.992052720047084,35.47484528284552,35.81172180175781,82110422,0.0,0.0
2009-06-08,37.9826902088729,37.9826902088729,33.78110715187787,34.36128234863281,48671448,0.0,0.0
2009-06-09,34.03376039538561,35.91464682435448,33.94954017253423,35.708778381347656,26840393,0.0,0.0
2009-06-10,35.746205758276716,36.98141631802048,35.746205758276716,36.55096435546875,41824288,0.0,0.0
2009-06-11,36.68197617744739,37.39315934554948,36.14859102565326,36.981422424316406,25150344,0.0,0.0
2009-06-12,37.2060041590888,37.992047784922796,36.58840099511346,36.803627014160156,23551082,0.0,0.0
2009-06-15,36.494813931102826,37.308930018875145,36.38252328411734,36.96269607543945,14022262,0.0,0.0
2009-06-16,36.40124503182879,37.93589972387036,36.39188747620644,37.187286376953125,19748158,0.0,0.0
2009-06-17,37.05628053710394,37.43058720994502,36.02693829893213,36.27023696899414,15713308,0.0,0.0
2009-06-18,36.30766269271288,36.68196707196274,35.94271364305534,36.186012268066406,14642182,0.0,0.0
2009-06-19,36.21408729977628,37.63644892743455,36.21408729977628,37.54287338256836,16988261,0.0,0.0
2009-06-22,38.310203446687495,38.45992432511365,37.52415993782172,38.02947235107422,22094066,0.0,0.0
2009-06-23,37.89847062319317,37.89847062319317,36.101802096261274,36.94398880004883,25689373,0.0,0.0
2009-06-24,37.05628429570231,37.69260259007834,36.195380195416185,37.19664764404297,23646741,0.0,0.0
2009-06-25,38.12304816543801,38.12304816543801,35.66198896635728,36.14858627319336,41635262,0.0,0.0
2009-06-26,36.49483066834292,37.05629083361258,35.81172447066498,36.812992095947266,17257895,0.0,0.0
2009-06-29,36.86912741062893,37.02820808113459,36.12051628496622,36.251522064208984,10808054,0.0,0.0
2009-06-30,36.40124814826097,36.55097127531917,35.40933827024191,35.699424743652344,14019582,0.0,0.0
2009-07-01,35.61519957844419,36.40124310627058,35.37190092085083,35.80235290527344,10652541,0.0,0.0
2009-07-02,36.09244233593306,36.21409055519451,35.399976568828855,35.87721633911133,19051729,0.0,0.0
2009-07-03,35.746208340239846,36.13923011257208,35.399976568828855,35.87721633911133,16664694,0.0,0.0
2009-07-06,36.02693665430045,37.992043260585426,35.03502690811931,37.0001335144043,52707551,0.0,0.0
2009-07-07,37.252785752262675,40.21915934328462,37.252785752262675,39.52669143676758,54865196,0.0,0.0
2009-07-08,39.39569149411934,39.957149276425945,38.740658156189056,39.199180603027344,21349891,0.0,0.0
2009-07-09,37.89846243202758,40.23787314405845,37.89846243202758,39.93842697143555,15467180,0.0,0.0
2009-07-10,40.12559669556122,40.21917226744045,38.852955572307756,39.41441345214844,16957112,0.0,0.0
2009-07-13,39.59407219442826,40.98567902543715,38.888735052775075,40.19456100463867,17835940,1.233333,0.0
2009-07-14,40.41378813879602,40.747391533480446,39.660795936333905,40.49003982543945,12596513,0.0,0.0
2009-07-15,40.566293519568276,41.671952093090894,39.90861589286426,41.41460037231445,15124636,0.0,0.0
2009-07-16,41.51944783006653,42.20572209171467,41.0524039705673,41.43366241455078,10584906,0.0,0.0
2009-07-17,41.90070572236141,44.22640460472741,41.1572427843044,43.70216751098633,23229870,0.0,0.0
2009-07-20,44.226427885160234,44.41705718437268,42.510746067285154,42.9777946472168,14047616,0.0,0.0
2009-07-21,43.511549562670496,43.511549562670496,41.50992433206668,41.87211990356445,13383395,0.0,0.0
2009-07-22,42.64417089422403,42.7299563129422,41.00474593017769,41.55757522583008,13656267,0.0,0.0
2009-07-23,41.94837482168569,44.22641943377913,41.78634221393888,43.7974967956543,26471952,0.0,0.0
2009-07-24,44.03577440834638,44.750640758319825,42.57744959189424,44.26453399658203,18116881,0.0,0.0
2009-07-27,44.607668138601326,46.51397827807265,43.46387933617546,45.5322265625,17139611,0.0,0.0
2009-07-28,45.37018861019031,46.761795347957936,44.84595605057873,45.94208526611328,22564580,0.0,0.0
2009-07-29,45.370192304039755,46.304284511861866,43.482944967061975,45.31300354003906,14912362,0.0,0.0
2009-07-30,44.98893343321761,47.05728097638578,44.24547490242926,46.26616287231445,32163126,0.0,0.0
2009-07-31,47.23837884033675,48.22965985666072,46.32334951277018,47.50526428222656,22874405,0.0,0.0
2009-08-03,48.22965797426103,48.22965797426103,46.752270234151545,47.30509948730469,7244257,0.0,0.0
2009-08-04,47.30510677156373,47.467143894419586,45.75146257519688,46.99056625366211,15198795,0.0,0.0
2009-08-05,47.18119410730953,47.238382878766664,45.65614660806791,46.46632766723633,12112517,0.0,0.0
2009-08-06,45.94208698027783,46.628356649257384,43.85467226450361,44.626731872558594,17266011,0.0,0.0
2009-08-07,44.7029864221006,44.97940105259678,43.292316621426835,43.76889419555664,15535205,0.0,0.0
2009-08-10,44.216881327174676,44.397981374509406,41.98650104846372,42.76808547973633,17893425,0.0,0.0
2009-08-11,42.148532833678935,43.21607017286949,41.595703505677044,43.02543640136719,16357047,0.0,0.0
2009-08-12,42.510724515041986,43.98811669426741,42.05320989764379,43.43528747558594,12990968,0.0,0.0
2009-08-13,43.90233047764134,46.104118117242486,43.87373836340303,45.627540588378906,10912514,0.0,0.0
2009-08-14,45.751449149194144,45.94208286829834,43.959516658300544,44.78876495361328,8558915,0.0,0.0
2009-08-17,44.4170496920161,44.58862056360716,41.8530611282832,42.42495346069336,14441545,0.0,0.0
2009-08-18,42.32010108651916,43.41623047892603,41.79586391107788,42.83480453491211,11740946,0.0,0.0
2009-08-19,42.091342859168236,42.89199470787893,41.56711019780133,42.482139587402344,18504055,0.0,0.0
2009-08-20,42.98731123124326,43.368574249021194,42.89199660960864,42.92059326171875,8327692,0.0,0.0
2009-08-21,43.25418923740622,43.84514432078174,41.96742620809549,43.644981384277344,11289731,0.0,0.0
2009-08-24,44.13109531694667,46.285223648366774,43.84514695299123,45.74192810058594,14778462,0.0,0.0
2009-08-25,45.17956444235979,46.50444884277645,44.54094976172159,45.846771240234375,12676364,0.0,0.0
2009-08-26,45.94209214656617,45.94209214656617,44.91268073047948,45.560829162597656,8742791,0.0,0.0
2009-08-27,43.90233282378896,46.18037679598755,43.90233282378896,45.732391357421875,15702307,0.0,0.0
2009-08-28,45.8467758205067,45.94209497078771,44.607676710486075,45.10331726074219,10431784,0.0,0.0
2009-08-31,44.96033732703073,45.08424858158637,43.587793394328095,44.0262451171875,14584616,0.0,0.0
2009-09-01,44.41704052925519,44.75064394340563,42.81574142258963,43.87374496459961,13056797,0.0,0.0
2009-09-02,43.51154885316004,44.45517041300822,43.082626254942205,43.47342300415039,9354038,0.0,0.0
2009-09-03,43.65451143944251,43.95951815038081,42.74901143824873,43.23512268066406,10038409,0.0,0.0
2009-09-04,43.463895233813254,44.96035087189746,42.82528037850827,44.4647102355957,10159236,0.0,0.0
2009-09-07,45.160503276970424,45.37019542606904,43.48294795922534,44.045310974121094,26175210,0.0,0.0
2009-09-08,44.226409947781406,44.79830214471106,43.463883997715904,43.58779525756836,17618924,0.0,0.0
2009-09-09,43.4638836147485,43.65451736620463,42.96824311094477,43.27325439453125,46700328,0.0,0.0
2009-09-10,43.55919509730286,44.16921762067615,43.177936684242766,43.66404342651367,14746269,0.0,0.0
2009-09-11,44.0548423646183,44.14062324635338,42.89199055120789,43.29231643676758,18633319,0.0,0.0
2009-09-14,42.73948169579961,43.62591423494846,42.39634461915823,42.68229293823242,10662682,0.0,0.0
2009-09-15,42.89198834320912,43.92139512094852,42.75854789863809,43.66404342651367,14240449,0.0,0.0
2009-09-16,44.22641100487124,44.33125934504007,43.72123675791147,44.045310974121094,17644640,0.0,0.0
2009-09-17,44.39797842226997,44.77924141597843,43.282786091449374,43.61639404296875,29308766,0.0,0.0
2009-09-18,43.46388066560846,43.654514404129586,43.13027728724471,43.254188537597656,16610172,0.0,0.0
2009-09-22,43.463890641981635,44.60767974192937,42.93012420783521,44.483768463134766,15651056,0.0,0.0
2009-09-23,44.79829685000677,45.14143394010481,43.61638675145785,43.94045639038086,12882604,0.0,0.0
2009-09-24,43.65452762291586,44.98894154043734,43.65452762291586,44.331268310546875,16581892,0.0,0.0
2009-09-25,44.20734658356689,45.01752756538623,44.16922073956873,44.798301696777344,9050765,0.0,0.0
2009-09-29,45.14143814377154,45.37019320431346,44.36938301758432,44.65532684326172,9251381,0.0,0.0
2009-09-30,44.607670910586194,44.6934517909508,44.140622541148666,44.426570892333984,16233998,0.0,0.0
2009-10-01,44.359860434677785,44.51236384668254,43.845156887921796,44.331268310546875,13084469,0.0,0.0
2009-10-05,44.27406280337396,45.71332921702563,43.84514480964713,45.475040435791016,24135139,0.0,0.0
2009-10-06,45.751471739598806,47.371838761490956,45.73240881139962,47.190738677978516,24200712,0.0,0.0
2009-10-07,47.56245726624636,48.13434951387649,46.533050314264266,46.69508743286133,13719437,0.0,0.0
2009-10-08,47.25744300943728,48.33450946965172,46.89524747828296,47.800743103027344,20233048,0.0,0.0
2009-10-09,47.98184208312924,47.98184208312924,46.6092980856312,47.59104537963867,6710032,0.0,0.0
2009-10-12,48.496542428163636,49.71658296978762,46.742735565591246,49.249534606933594,13752403,0.0,0.0
2009-10-13,49.04936981201172,49.04936981201172,49.04936981201172,49.04936981201172,0,0.0,0.0
2009-10-14,49.14467905184258,49.90720484468092,48.925453226244414,49.31624984741211,8952124,0.0,0.0
2009-10-15,49.56408120628452,49.56408120628452,47.5910482416215,48.877811431884766,12758210,0.0,0.0
2009-10-16,48.99219136340802,49.077976788609334,47.6577730650871,48.11528778076172,7931598,0.0,0.0
2009-10-20,48.0390460749336,48.420309172500765,47.29558280811562,47.743568420410156,9965285,0.0,0.0
2009-10-21,48.134349446240584,48.134349446240584,46.085064741476124,46.4567985534668,8289109,0.0,0.0
2009-10-22,46.70462081388069,47.6387132301583,46.28523191971117,47.247920989990234,10850883,0.0,0.0
2009-10-23,47.81027878381234,49.75471510284801,47.657770864802224,49.60220718383789,24888981,0.0,0.0
2009-10-26,50.2312935899231,50.803185835197446,49.49736422671917,50.46004867553711,20406901,0.0,0.0
2009-10-27,49.94533623810311,50.5934845934999,48.82061487320648,49.6784553527832,15462214,0.0,0.0
2009-10-28,49.525957559719956,50.04066104619618,47.95325044826952,49.39251708984375,16959205,0.0,0.0
2009-10-29,48.515608035545426,50.28847791734311,48.35357093193503,49.43063735961914,22535188,0.0,0.0
2009-10-30,50.040654436388884,50.183628615133536,48.24872166693055,48.57279586791992,13911567,0.0,0.0
2009-11-03,48.10576704497737,49.53550021651499,46.34242584175545,47.38136672973633,13653077,0.0,0.0
2009-11-04,47.085887186697306,48.801568735880466,46.46633526442338,48.53468322753906,10790149,0.0,0.0
2009-11-05,48.420293276822235,48.78249332716805,46.89524591844486,48.067626953125,12370989,0.0,0.0
2009-11-06,48.22965559547576,48.563263501172834,47.0858713026926,47.43853759765625,8516381,0.0,0.0
2009-11-09,48.22965471957562,49.5545435299537,47.457599656282525,49.382972717285156,11256000,0.0,0.0
2009-11-10,49.182832220852895,49.94535383595969,48.420306074505994,49.07798385620117,16352728,0.0,0.0
2009-11-11,48.620459906261516,49.44970387545584,48.620459906261516,48.963592529296875,13284309,0.0,0.0
2009-11-12,49.18282371510049,49.49736422341844,47.896060499269865,48.22013473510742,13097881,0.0,0.0
2009-11-13,48.76343610286123,48.94453161795529,48.039035917527244,48.5156135559082,11292875,0.0,0.0
2009-11-16,48.70622166040361,49.33530695128806,48.162926288431194,48.725284576416016,11858102,0.0,0.0
2009-11-17,48.706248766667876,48.85875671087916,48.077167656921276,48.54421615600586,10167440,0.0,0.0
2009-11-18,48.610920249589235,49.4687607650213,48.20106517866932,49.32578659057617,9760787,0.0,0.0
2009-11-19,49.37344241123835,49.60219744799499,48.6299794793026,48.92545700073242,11147604,0.0,0.0
2009-11-20,48.496558615721206,49.754725419427984,47.3432401784667,49.54502868652344,11136029,0.0,0.0
2009-11-23,49.90721619360119,51.47038944002418,49.56407905567062,51.241634368896484,23005925,0.0,0.0
2009-11-24,51.470393011327644,51.470393011327644,50.12644554710429,50.288482666015625,18020343,0.0,0.0
2009-11-25,50.32660415759222,51.37507394473233,50.01206367457409,51.26069641113281,10055448,0.0,0.0
2009-11-26,51.47038499396314,51.661018734674784,49.32578599681789,49.81189727783203,19218143,0.0,0.0
2009-11-27,49.287659743608096,49.75470809977732,48.05809002467158,48.858741760253906,13791425,0.0,0.0
2009-11-30,49.24953833917701,49.87861931310393,48.610923638377734,49.01124954223633,11778485,0.0,0.0
2009-12-01,49.182811656886074,49.545007120284176,48.715763341436485,49.19234085083008,12769260,0.0,0.0
2009-12-02,49.53547988403168,49.6593865976299,48.610916941775066,48.99217987060547,12378089,0.0,0.0
2009-12-03,49.011253003070614,49.51642728200193,48.61092707094378,48.696712493896484,9098641,0.0,0.0
2009-12-04,48.706241755523465,49.392516077586784,48.26778997510505,48.935001373291016,7962417,0.0,0.0
2009-12-07,49.011247599409494,49.325788073904434,48.45841833741973,48.57279586791992,6095907,0.0,0.0
2009-12-08,48.6299803548436,49.51641746633097,48.48701071991584,49.29719161987305,10561069,0.0,0.0
2009-12-09,49.18280642387824,49.344838953591854,48.71575815812218,48.90638732910156,8264272,0.0,0.0
2009-12-10,48.954044896643445,49.163736976193185,48.229645013905646,48.458404541015625,10935485,0.0,0.0
2009-12-11,48.76342892320614,48.76342892320614,47.71495464814799,48.182003021240234,10360868,0.0,0.0
2009-12-14,48.32498108134225,48.60139573061896,47.5624550984305,47.79121017456055,7892373,0.0,0.0
2009-12-15,48.03903719475191,48.36311144746382,47.46714491973763,47.93418884277344,7288389,0.0,0.0
2009-12-16,47.98184394193999,48.01043606084028,47.190725840032094,47.543392181396484,8073152,0.0,0.0
2009-12-17,47.75308985622894,47.924660714425904,47.27651219455232,47.514801025390625,9609303,0.0,0.0
2009-12-18,47.676839321676304,47.676839321676304,46.89525483740014,47.08588409423828,6242761,0.0,0.0
2009-12-21,47.08588133385546,47.133540910890865,46.428203639460186,46.6664924621582,8093512,0.0,0.0
2009-12-22,46.83804946675193,47.40994615246346,46.36147191615139,46.94289779663086,12646119,0.0,0.0
2009-12-23,47.08587351093418,48.59185789518072,46.60929594471749,48.34403991699219,16581347,0.0,0.0
2009-12-24,48.61093116024542,49.163760529692254,47.99137928608478,48.77296829223633,8946154,0.0,0.0
2009-12-29,48.48701719862405,49.07797233108521,48.4774834716945,48.839683532714844,6754915,0.0,0.0
2009-12-30,48.76343284183064,48.887339575781525,47.65776971348469,47.79121017456055,7720595,0.0,0.0
2009-12-31,47.98184233285974,48.41076035189322,47.62917600332208,47.81027603149414,15924775,0.0,0.0
2010-01-04,48.229665386099825,48.6109284048368,47.72449562454589,48.35357666015625,5360425,0.0,0.0
2010-01-05,48.57280646823442,48.94453578910402,48.172480492879544,48.83015823364258,11181903,0.0,0.0
2010-01-06,49.31626429890093,49.31626429890093,48.34404612031708,48.94453048706055,7819981,0.0,0.0
2010-01-07,48.99217799236484,49.27812631083468,48.36309712921704,48.792015075683594,5179515,0.0,0.0
2010-01-08,48.67764759310927,49.27813646691198,48.67764759310927,48.896873474121094,5069346,0.0,0.0
2010-01-11,49.08750182096627,49.468764806891656,48.80155797995152,48.91593551635742,7478605,0.0,0.0
2010-01-12,48.94452210464621,48.94452210464621,47.486197352148025,47.66729736328125,16111595,0.0,0.0
2010-01-13,47.46713718105156,47.991369792997894,47.08587421612044,47.457603454589844,12956554,0.0,0.0
2010-01-14,47.753080406889175,47.82933662390923,47.08587362506409,47.30509948730469,12799132,0.0,0.0
2010-01-15,47.66729961007001,48.26778390227609,47.10493662958305,48.182003021240234,8141766,0.0,0.0
2010-01-18,48.19154090951908,48.477489314523545,47.65777448058504,47.76262283325195,5859587,0.0,0.0
2010-01-19,47.92465074258172,47.92465074258172,47.33369565256224,47.638702392578125,6538089,0.0,0.0
2010-01-20,47.65776778324272,47.94371614806288,46.94290140243125,47.10493850708008,10834451,0.0,0.0
2010-01-21,47.18119091314835,47.6863651570118,46.22803572424591,46.60929870605469,12186636,0.0,0.0
2010-01-22,46.32334664989256,48.36310185428642,45.98974326657687,47.48619842529297,48040439,0.0,0.0
2010-01-25,47.65776397564973,48.8587415744562,47.19072015249515,48.629981994628906,16412584,0.0,0.0
2010-01-27,48.3249864860352,49.38298562832257,48.22966732908134,48.782501220703125,36918972,0.0,0.0
2010-01-28,48.93498960370176,48.99217836157907,47.38134582203428,48.46794128417969,20358153,0.0,0.0
2010-01-29,48.32497789584018,48.94452511847244,47.4862002761759,47.686363220214844,16373877,0.0,0.0
2010-02-01,47.657773138226794,48.143884506794365,46.838058327376885,46.99056625366211,13103879,0.0,0.0
2010-02-02,47.66729923224104,47.66729923224104,46.33288114557585,46.590232849121094,11239764,0.0,0.0
2010-02-03,46.704616073885205,48.58233444428678,46.418667687850274,48.153411865234375,14423054,0.0,0.0
2010-02-04,48.03902359718384,48.56326067745004,47.58150900042517,48.2963752746582,12582297,0.0,0.0
2010-02-05,48.03902310478445,48.2868410544012,47.08586808224357,47.34321975708008,19333492,0.0,0.0
2010-02-08,47.276501456249015,47.314627298024135,45.88489463774129,46.771331787109375,24311965,0.0,0.0
2010-02-09,46.78085497041619,47.04774035978486,46.27568536619276,46.494911193847656,12546702,0.0,0.0
2010-02-10,46.64741454135088,46.89523701228165,46.151774130727375,46.494911193847656,8888707,0.0,0.0
2010-02-11,46.71414176179279,47.25743725802261,46.666482195242786,47.11446762084961,7220395,0.0,0.0
2010-02-15,47.37183427360189,47.65777816950005,46.72368571375286,47.53386688232422,6737602,0.0,0.0
2010-02-16,47.800740750740296,47.943714929516524,47.295566527394655,47.686363220214844,6358740,0.0,0.0
2010-02-17,47.75308995285919,48.17247883973202,47.5529269720508,47.99137878417969,8192982,0.0,0.0
2010-02-18,48.077157584894344,48.182005924966674,46.99056193263253,47.32416534423828,4161740,0.0,0.0
2010-02-19,47.52432572996106,47.73401786753814,46.857114411556424,47.371822357177734,6234950,0.0,0.0
2010-02-22,47.610116000689835,47.80074523611994,46.91431249451111,47.20025634765625,6770860,0.0,0.0
2010-02-23,47.2002604936824,47.64824603315263,46.85712330852813,47.514801025390625,7482652,0.0,0.0
2010-02-24,47.34321826222691,47.74354408405198,47.047740758317474,47.20977783203125,8872656,0.0,0.0
2010-02-25,47.44807888495463,47.56245642621269,46.838056269099816,47.20025634765625,14862815,0.0,0.0
2010-02-26,47.37183406392856,48.11529272121307,43.61640133116856,44.27407455444336,72760964,0.0,0.0
2010-03-02,44.81735906615395,46.55210287810087,44.798296146516655,46.1231803894043,30199146,0.0,0.0
2010-03-03,46.228038935992586,46.942905377335585,45.43692079923796,46.4567985534668,13554364,0.0,0.0
2010-03-04,47.06681463830606,47.08587756134501,46.32335157730896,46.90477752685547,13366880,0.0,0.0
2010-03-05,47.08588141751135,47.08588141751135,46.32335537102714,46.65696334838867,8612219,0.0,0.0
2010-03-08,46.84758360002079,48.02949829202901,46.79992403205098,47.896053314208984,23349746,0.0,0.0
2010-03-09,47.99138115721876,48.37264421243187,47.58152597832759,47.857940673828125,9912442,0.0,0.0
2010-03-10,48.18199749479312,48.6585750083423,47.724482900536394,48.46794128417969,12422601,0.0,0.0
2010-03-11,48.42029608057511,49.16375461513569,47.96278139344585,48.73483657836914,9085827,0.0,0.0
2010-03-12,48.99218203309571,49.64032586884928,48.65857865485842,49.26859664916992,17396599,0.0,0.0
2010-03-15,49.249537252537756,49.888151939246676,49.249537252537756,49.44016647338867,15948453,0.0,0.0
2010-03-16,49.60220689363463,49.745181084452966,48.467951625626704,49.52595520019531,7768322,0.0,0.0
2010-03-17,49.52595396845683,50.40285748367836,49.30672808965145,50.10737991333008,12604800,0.0,0.0
2010-03-18,50.135971577155445,50.46004579451153,49.316261369267416,49.8023681640625,6741717,0.0,0.0
2010-03-19,49.65938937901498,50.18362650192372,49.402037680607094,49.81189727783203,8024506,0.0,0.0
2010-03-22,49.44016847281642,49.92627980250361,49.058910015695986,49.86909103393555,9252153,0.0,0.0
2010-03-23,49.65938899873374,50.07877778760141,48.839678873038324,49.745174407958984,10376629,0.0,0.0
2010-03-25,49.76425189481922,50.79365898187652,49.52596304943596,50.46958923339844,17901173,0.0,0.0
2010-03-26,50.46957741175867,50.70786620132684,49.96440318412906,50.402854919433594,9222867,0.0,0.0
2010-03-29,50.40286074699998,51.6610273326348,49.993005612801376,51.31789016723633,13140910,0.0,0.0
2010-03-30,51.33695272090372,52.023227046748445,51.03194140594613,51.25116729736328,8301674,0.0,0.0
2010-03-31,51.43225475032249,51.43225475032249,49.869081772709514,50.1454963684082,15634139,0.0,0.0
2010-04-01,50.32661056518555,50.86991071581473,50.155044242942424,50.32661056518555,5878233,0.0,0.0
2010-04-05,51.03194002959203,51.2225737955138,50.345670253495655,50.47911071777344,7617929,0.0,0.0
2010-04-06,50.47910903494619,51.01287540550231,50.15503934678942,50.755523681640625,10047519,0.0,0.0
2010-04-07,50.58395451112589,51.47038716950087,50.23128819307509,51.365543365478516,9066779,0.0,0.0
2010-04-08,51.08912150784063,51.27021697325907,50.774576546549746,51.04146194458008,6499145,0.0,0.0
2010-04-09,51.05101222880208,51.56571574151891,50.65068626752462,51.32742691040039,8726163,0.0,0.0
2010-04-12,51.47039252108846,51.98509599317542,50.96522277648871,51.73727798461914,8168167,0.0,0.0
2010-04-13,52.15667328079238,52.17573620688227,51.10820328336893,51.20351791381836,5013780,0.0,0.0
2010-04-15,51.47991309789233,51.603824336136654,49.80235811278244,50.08830642700195,12346236,0.0,0.0
2010-04-16,49.58313942552192,51.441794673318896,49.58313942552192,51.29882049560547,9207720,0.0,0.0
2010-04-19,51.089128662779956,52.194787185383554,50.01206225714641,50.48863983154297,8162964,0.0,0.0
2010-04-20,50.80318377436226,50.841309620418016,49.754713945350666,50.174102783203125,8651674,0.0,0.0
2010-04-21,50.326597823857895,50.50769782821802,49.82142365051245,50.03112030029297,5690644,0.0,0.0
2010-04-22,49.85001905388206,50.965211166438976,49.65938532871879,50.3742561340332,13680858,0.0,0.0
2010-04-23,50.460039289391446,51.07959099454465,49.964398831516576,50.88896179199219,5186490,0.0,0.0
2010-04-26,50.70787338884484,51.641965757603245,50.536302536043806,50.974754333496094,5578976,0.0,0.0
2010-04-27,51.08912785998068,51.63242338626273,50.622079488166925,51.384605407714844,6099642,0.0,0.0
2010-04-28,50.91756487953805,51.927908933273116,50.679276059376775,51.46086502075195,10957360,0.0,0.0
2010-04-29,51.737274507002184,51.737274507002184,50.61255301975303,50.927093505859375,10579532,0.0,0.0
2010-04-30,51.0891313333968,51.22257179245639,50.517234589234725,50.67927169799805,7124764,0.0,0.0
2010-05-03,49.80237600398594,50.822253857766455,49.80237600398594,50.507713317871094,7284451,0.0,0.0
2010-05-04,49.98346622232687,50.707866319294,49.75471115880391,50.00252914428711,4913472,0.0,0.0
2010-05-05,47.65776800374284,50.250352627641476,47.65776800374284,49.97393798828125,7189205,0.0,0.0
2010-05-06,46.704607513148325,50.040650259624854,46.704607513148325,49.382972717285156,6037948,0.0,0.0
2010-05-07,48.42030254748426,49.74518721229593,48.3440508446519,49.40205001831055,9025535,0.0,0.0
2010-05-10,48.59185989404468,50.12644098913545,48.59185989404468,49.9072151184082,15464164,0.0,0.0
2010-05-11,49.09703141869892,50.19316071183097,49.09703141869892,49.478294372558594,10322967,0.0,0.0
2010-05-12,48.13435330305599,50.68881249146019,48.13435330305599,50.52677536010742,5542428,0.0,0.0
2010-05-13,50.898495303941324,51.089129053902674,50.27894354623493,50.80318069458008,6303701,0.0,0.0
2010-05-14,50.13596974567571,52.04228460350949,50.13596974567571,51.11772155761719,9249088,0.0,0.0
2010-05-17,50.70786570773093,51.26069496914956,50.51723195918873,50.73645782470703,7442215,0.0,0.0
2010-05-18,50.52677339465394,51.37508033794027,49.82143612053893,51.213043212890625,4961399,0.0,0.0
2010-05-19,51.17492335639646,51.17492335639646,49.18283163902077,49.41158676147461,9277754,0.0,0.0
2010-05-20,49.24954357549229,50.583961886486094,48.99219182868373,50.02159881591797,13120774,0.0,0.0
2010-05-21,49.564079211594596,52.29010433854293,49.05890949564554,51.71821212768555,37555292,0.0,0.0
2010-05-24,52.423540032823716,52.51885916866979,50.622078146407716,51.098655700683594,15539467,0.0,0.0
2010-05-25,50.99381539342327,51.508518870526174,49.31626449466843,49.65939712524414,21936653,0.0,0.0
2010-05-26,49.9548731938246,51.46085759493143,49.773773172886095,51.29882049560547,11519453,0.0,0.0
2010-05-27,51.375086195995074,53.10983066088946,50.955697274880826,52.59512710571289,30304072,0.0,0.0
2010-05-28,52.99545500524189,54.13923971758975,52.59512899654808,53.98673629760742,17505356,0.0,0.0
2010-05-31,54.84457709748842,54.84457709748842,53.22421013521538,53.98673629760742,11920469,0.0,0.0
2010-06-01,54.40612317228893,54.510967003934034,53.662659965565354,53.9486083984375,9944093,0.0,0.0
2010-06-02,54.13922276061456,54.29172613283122,53.23372719121994,53.62451934814453,8426900,0.0,0.0
2010-06-03,53.948593330915884,54.68252260364962,53.85327419242055,54.4251708984375,7756919,0.0,0.0
2010-06-04,55.06378324353403,55.626141668269476,52.80480222493326,55.44504165649414,9934871,0.0,0.0
2010-06-07,54.32985909354465,55.111443444601846,54.32985909354465,54.84456253051758,6850559,0.0,0.0
2010-06-08,55.41644089792719,55.77864086498611,54.62532301756651,55.225807189941406,9531197,0.0,0.0
2010-06-09,56.82441367190586,56.82441367190586,54.590192851475216,54.88676834106445,12350086,3.333333,0.0
2010-06-10,55.163568696686106,55.7072973969938,54.41223953413584,55.37117385864258,10974993,0.0,0.0
2010-06-11,57.14075437139684,57.14075437139684,55.489801353633304,55.66775131225586,8788829,0.0,0.0
2010-06-14,55.89513278301984,56.70577706259373,55.67763941553851,56.56737518310547,8743510,0.0,0.0
2010-06-15,56.54759509919915,57.87231270553969,56.36964985196327,57.674591064453125,9739202,0.0,0.0
2010-06-16,58.26777156867169,58.26777156867169,56.972708702921054,57.51643753051758,12278071,0.0,0.0
2010-06-17,57.5362084165979,58.702748159629394,57.17042960306874,58.10959243774414,13840507,0.0,0.0
2010-06-18,58.32706463178038,59.17725215405586,57.872310980464086,58.30729293823242,16190664,0.0,0.0
2010-06-21,58.663177643771036,59.31565286601132,57.73389873912449,59.13770294189453,14429164,0.0,0.0
2010-06-22,58.92022544324264,60.057109673900996,58.77193537842396,59.67155456542969,9744639,0.0,0.0
2010-06-23,59.315685042063215,60.14610123945764,59.16739492476286,59.879180908203125,9639863,0.0,0.0
2010-06-24,59.90882408370151,60.87764662657476,59.335440176642365,60.452552795410156,21511927,0.0,0.0
2010-06-25,60.43277186018847,60.87764205446084,59.35520741567337,59.60235595703125,8203282,0.0,0.0
2010-06-28,59.51338349852868,60.007680602177125,58.72250625280563,58.85102462768555,6701184,0.0,0.0
2010-06-29,59.03887119686901,59.117957999054745,58.139251772433916,58.5940055847168,5232444,0.0,0.0
2010-06-30,57.93163680114004,60.54152433188772,57.93163680114004,60.39323425292969,14385477,0.0,0.0
2010-07-01,60.264716330471494,60.264716330471494,59.36509242127421,59.90882110595703,5311841,0.0,0.0
2010-07-02,60.3042491753374,60.492082602655046,59.671545620252815,59.8198356628418,4348862,0.0,0.0
2010-07-05,59.79020002955193,60.20540570500302,59.31567455789336,59.74076843261719,4464938,0.0,0.0
2010-07-06,59.750655270759616,59.968143952946235,59.53316188885863,59.88905715942383,4711925,0.0,0.0
2010-07-07,59.92859400509153,59.99779729171587,59.31566672258066,59.71110534667969,6273097,0.0,0.0
2010-07-08,60.10654980376253,60.37347009935291,59.69133941068536,59.9384880065918,5808950,0.0,0.0
2010-07-09,59.93847699629877,60.26471703072752,59.1673761505569,59.384864807128906,6199019,0.0,0.0
2010-07-12,59.711113006876516,59.711113006876516,59.177267741043075,59.3057861328125,7245478,0.0,0.0
2010-07-13,59.30576467035471,59.59245654841758,58.386373961364775,59.13770294189453,14573332,0.0,0.0
2010-07-14,59.3453202587787,59.74075887182807,58.85102316739541,59.01908493041992,14446408,0.0,0.0
2010-07-15,59.019074555793836,59.513371560287474,58.96964297545931,59.335426330566406,9523906,0.0,0.0
2010-07-16,59.41453480523613,59.42441830508603,58.643429128644435,58.98944091796875,12011490,0.0,0.0
2010-07-19,58.801611169603426,59.30579188664709,57.33849122058498,57.605411529541016,10165844,0.0,0.0
2010-07-20,57.73390217770781,58.010710576313315,57.35824001492519,57.625160217285156,4467424,0.0,0.0
2010-07-21,57.90197050516912,58.524785948120396,57.506531904896235,57.8031120300293,12009764,0.0,0.0
2010-07-22,52.67231379592461,59.028977914346754,52.67231379592461,58.86091613769531,22631829,0.0,0.0
2010-07-23,59.31567516904837,59.84951574270035,58.969663386368964,59.641910552978516,20404001,0.0,0.0
2010-07-26,59.71110450658624,59.948364857879255,59.305777690223316,59.84950637817383,7052804,0.0,0.0
2010-07-27,60.69968398147246,60.69968398147246,59.908811574693054,60.15596008300781,5570714,0.0,0.0
2010-07-28,60.40312307288155,60.946851801417374,59.94836933257883,60.76890182495117,10538777,0.0,0.0
2010-07-29,60.69967880607819,61.668505763769154,60.51185009152115,61.3126106262207,12090285,0.0,0.0
2010-07-30,61.24342466843048,61.658634996311314,60.50197899713297,61.04570770263672,11517409,0.0,0.0
2010-08-02,61.11491899826564,61.97499972758759,61.09514729757519,61.84648132324219,17304669,0.0,0.0
2010-08-03,62.75597629857775,62.75597629857775,60.79855952611116,61.05559158325195,8794249,0.0,2.0
2010-08-04,60.8974074107295,62.08371840587409,59.92858504146659,61.411476135253906,8426914,0.0,0.0
2010-08-05,61.5696599455069,62.16282024167695,61.035819438725014,61.60920333862305,6197970,0.0,0.0
2010-08-06,61.688303964691876,63.270054022841386,61.60921246702696,62.7757568359375,6210199,0.0,0.0
2010-08-09,62.87461102308332,63.34913647796912,62.439628964461804,62.85483932495117,4150951,0.0,0.0
2010-08-10,63.052561416750805,63.052561416750805,61.62898493671098,62.18260192871094,7385229,0.0,0.0
2010-08-11,61.688289208087184,62.08372310324588,61.035813881648295,61.27307891845703,5082620,0.0,0.0
2010-08-12,60.30426297993962,61.62897607102374,60.1263130082121,60.482208251953125,7567189,0.0,0.0
2010-08-13,60.50197700224381,62.08372677558178,60.48220530631635,61.78715133666992,7498317,0.0,0.0
2010-08-16,62.32098996379896,62.87460213293541,61.688291013316395,62.57802200317383,4531110,0.0,0.0
2010-08-17,62.874601958590716,63.38867073562865,61.98486627148677,63.09209060668945,8607424,0.0,0.0
2010-08-18,63.863213023398515,64.45636873854096,62.894390298770396,64.25865173339844,12790946,0.0,0.0
2010-08-19,64.25863563451941,65.76129859628125,64.25863563451941,65.36585998535156,12944720,0.0,0.0
2010-08-20,65.28677356999944,65.44494713537472,64.08068603487176,64.33772277832031,9250673,0.0,0.0
2010-08-23,64.06091707063368,64.33772552155672,62.91414927333949,63.072322845458984,5929288,0.0,0.0
2010-08-24,63.09209662362987,63.78411542391294,62.716434377451506,63.210731506347656,5394611,0.0,0.0
2010-08-25,63.230497832855924,63.764338310743405,63.210726137368006,63.46775817871094,6859060,0.0,0.0
2010-08-26,63.66548797499697,65.30655300949853,63.66548797499697,64.812255859375,16908073,0.0,0.0
2010-08-27,64.89132786476529,65.38562490225421,63.40843675229853,63.74456024169922,5688905,0.0,0.0
2010-08-30,64.45636400079803,64.59477059393936,62.716440384288994,62.99324417114258,4753271,0.0,0.0
2010-08-31,63.38867467582942,64.85179431676302,62.676888901730294,64.51567077636719,13701046,0.0,0.0
2010-09-01,64.95065279931653,64.97042449582722,63.98183027086436,64.51567077636719,7518077,0.0,0.0
2010-09-02,64.77271539345634,65.5833644482273,64.5156786079017,65.42518615722656,7645933,0.0,0.0
2010-09-03,65.52402602401122,65.52402602401122,64.19931317416149,64.8517837524414,6326290,0.0,0.0
2010-09-06,65.18790886304325,66.1567312578249,64.77269859389206,65.5635757446289,11012640,0.0,0.0
2010-09-07,65.64266919826797,66.13696629284014,65.16814379949014,65.72175598144531,8874126,0.0,0.0
2010-09-08,65.30653669000627,65.60311678585352,64.55520295370691,64.97041320800781,6253234,0.0,0.0
2010-09-09,65.48449527276891,65.48449527276891,63.82365861681661,64.19932556152344,7688316,0.0,0.0
2010-09-13,64.59476595963378,65.16814989097945,64.10046411914377,64.53544616699219,6791247,0.0,0.0
2010-09-14,64.41681695811482,65.72176312145153,63.98183490366925,65.32632446289062,11711636,0.0,0.0
2010-09-15,64.99021199997892,66.43356029546902,64.65409307754244,66.29515838623047,10771458,0.0,0.0
2010-09-16,66.03812600040216,66.98718182657744,65.86018067658419,66.19630432128906,7148932,0.0,0.0
2010-09-17,66.37422354200822,66.92783569810398,65.78106799617088,66.57194519042969,11818681,0.0,0.0
2010-09-20,66.82899704809778,70.3879407782843,66.43355833366428,69.85409545898438,21583472,0.0,0.0
2010-09-21,70.32860648962446,70.90199509228599,67.77803412149832,68.27233123779297,25146889,0.0,0.0
2010-09-22,67.75825957505872,69.51795930293237,67.75825957505872,69.08297729492188,11370544,0.0,0.0
2010-09-23,69.18183439939853,70.36815022486724,68.3711854869806,69.79476165771484,9903323,0.0,0.0
2010-09-24,70.28906472356405,71.51492404420597,69.87385438430975,70.8822250366211,13830980,0.0,0.0
2010-09-27,71.33697704872388,71.41606854022389,70.11112237661656,70.54610443115234,12300652,0.0,0.0
2010-09-28,70.74382141061666,71.17880346515243,69.71568371797366,70.54610443115234,11320675,0.0,0.0
2010-09-29,70.58565566672041,71.29744157156154,68.41074515248268,68.64801025390625,10432234,0.0,0.0
2010-09-30,68.72708965910182,71.1788037115166,67.97576043482263,70.50656127929688,25405644,0.0,0.0
2010-10-01,70.7438093395631,71.17879131987767,69.71567182235175,70.64495086669922,15970985,0.0,0.0
2010-10-04,71.17879057915042,71.89058097579004,69.16205895486054,69.30046081542969,13464843,0.0,0.0
2010-10-05,69.59705303105368,69.95294829125078,68.60845874139504,68.72708892822266,12964792,0.0,0.0
2010-10-06,69.65637514754256,69.9727270440265,67.54078447028951,68.37120056152344,11205629,0.0,0.0
2010-10-07,68.72709836239291,68.96436346833177,67.69896053599255,67.97576904296875,12242678,0.0,0.0
2010-10-08,68.01529205336661,68.54913250704278,67.06624131356152,68.1932373046875,11726122,0.0,0.0
2010-10-11,68.7468559292417,68.98412098640124,67.75826170712384,68.39096069335938,7760158,0.0,0.0
2010-10-12,67.97575696970227,68.33164751582804,66.88829953517583,67.60009002685547,7979219,0.0,0.0
2010-10-13,68.41072928949032,69.53773003542389,67.42213511217479,69.24114990234375,16678852,0.0,0.0
2010-10-14,69.87386053262563,69.93318032892225,68.74686429813634,69.22138977050781,7337514,0.0,0.0
2010-10-15,69.59705074348012,69.59705074348012,67.75826410923383,67.99552917480469,6966419,0.0,0.0
2010-10-18,68.01530655636171,68.35142543608337,66.0776612744024,67.83735656738281,13264840,0.0,0.0
2010-10-19,67.89666747058874,68.50959949518563,66.86852979668414,67.4221420288086,9207062,0.0,0.0
2010-10-20,66.92783742850155,67.73848633859022,66.23582339041845,66.43354034423828,9009852,0.0,0.0
2010-10-21,67.16512339925556,69.20162745696265,66.15675722117312,68.94459533691406,6912044,0.0,0.0
2010-10-22,68.84571960138783,69.00389788465628,67.30351306259166,67.6989517211914,5239099,0.0,0.0
2010-10-25,68.5096115803716,68.5689266835931,66.67082458164485,66.88831329345703,10673333,0.0,0.0
2010-10-26,67.3628381759899,68.54915432824211,66.8685409541469,67.91645050048828,9529788,0.0,0.0
2010-10-27,67.91644367371286,67.97576347012054,66.11720497487646,66.37423706054688,7747689,0.0,0.0
2010-10-28,66.8883079238558,67.89667399710271,65.24724276732242,66.05789184570312,35990175,0.0,0.0
2010-10-29,66.86853100810336,67.9757601921255,65.52404144874993,67.6989517211914,28656595,0.0,0.0
2010-11-01,68.21302280436807,68.60846147593544,67.56055205109627,67.95598602294922,13294570,0.0,0.0
2010-11-02,68.09439086702857,68.80617669782974,67.61986541325633,68.56891632080078,7211732,0.0,0.0
2010-11-03,68.80617817624295,70.03203758304176,68.80617817624295,69.41910552978516,14971915,0.0,0.0
2010-11-04,70.13088691788819,70.19020200567454,69.22137950573665,69.99248504638672,9156757,0.0,0.0
2010-11-08,70.94154006350732,70.94154006350732,69.04343834276371,69.45864868164062,7222216,0.0,0.0
2010-11-09,69.59705207967502,70.56587465828544,68.84571817394222,70.308837890625,7098802,0.0,0.0
2010-11-10,70.19020200567454,70.5460972321064,69.75521999552755,69.99248504638672,5664375,0.0,0.0
2010-11-11,70.19020394452964,70.38792560899289,69.06320784603064,69.34001159667969,3898274,0.0,0.0
2010-11-12,69.55751337180986,69.99249544659095,68.17348035199991,68.74686431884766,6458143,0.0,0.0
2010-11-15,68.56891876498058,69.39933481389693,67.71872631755926,69.26093292236328,4130122,0.0,0.0
2010-11-16,69.57729379786998,69.77501081133659,66.65105380027374,67.20466613769531,8935926,0.0,0.0
2010-11-18,69.49819225770646,69.49819225770646,66.63126797198602,67.99552917480469,12819779,0.0,0.0
2010-11-19,68.11415884875117,68.41073430385599,67.06624950795276,67.60009002685547,9174143,0.0,0.0
2010-11-22,67.71871623400742,69.75521970504649,67.38259270490406,69.55750274658203,12720290,0.0,0.0
2010-11-23,69.30047310720072,69.59705327502365,67.0464807507177,68.21302032470703,13278210,0.0,0.0
2010-11-24,68.7863966253659,68.90502679943779,67.89666092039928,68.68753814697266,9553150,0.0,0.0
2010-11-25,68.25255694687723,68.58868047709014,66.47308551596791,67.10578918457031,13986371,0.0,0.0
2010-11-26,67.32329625428984,67.54078966852263,65.66245924428203,66.29515838623047,15326943,0.0,0.0
2010-11-29,66.43352663065666,67.12554522560306,64.85177722747054,66.67079162597656,19840663,0.0,0.0
2010-11-30,66.25561229898537,68.41074645437938,65.64268488319188,67.97576904296875,20598087,0.0,0.0
2010-12-01,68.21300471954231,68.21300471954231,67.16509557252779,67.77802276611328,7362621,0.0,0.0
2010-12-02,68.07461173410327,68.37118717299867,67.12556093021038,67.58031463623047,13215247,0.0,0.0
2010-12-03,66.2358242754033,68.01529568241224,65.24723009366804,67.73848724365234,14733863,0.0,0.0
2010-12-06,67.61985273359774,67.61985273359774,66.63125861525688,66.84874725341797,6227657,0.0,0.0
2010-12-07,66.67081549376837,67.1057975578155,65.76130796891658,66.51264190673828,10365083,0.0,0.0
2010-12-08,66.43355193121809,67.2244292838653,65.74153777243762,65.93925476074219,10133899,0.0,0.0
2010-12-09,66.21604573266043,66.63125599800846,65.56357514409254,66.15673065185547,11515310,0.0,0.0
2010-12-10,66.39400483467938,67.58032079755934,66.03810957584396,67.34305572509766,6514207,0.0,0.0
2010-12-13,67.52100366070388,67.6198621463565,65.44495196342866,66.09742736816406,9341526,0.0,0.0
2010-12-14,66.4335575361403,67.06626135152436,66.077666927166,66.59173583984375,7451001,0.0,0.0
2010-12-15,65.91947102496827,66.749891623641,65.84038424408776,66.03810119628906,8262111,0.0,0.0
2010-12-16,66.61149400642857,66.61149400642857,64.91110931017067,66.45331573486328,7415348,0.0,0.0
2010-12-20,66.53241462964587,66.53241462964587,65.4845005002916,66.01834106445312,6081586,0.0,0.0
2010-12-21,66.03810757705841,66.2358292480777,65.56358684592588,66.09742736816406,5341311,0.0,0.0
2010-12-22,66.71037328981188,66.71037328981188,65.72177875805912,66.19630432128906,5351664,0.0,0.0
2010-12-23,66.59172600057254,66.59172600057254,65.7019902101701,65.99856567382812,4546671,0.0,0.0
2010-12-24,65.52403424470646,67.38259244598599,65.52403424470646,67.18487548828125,7730476,0.0,0.0
2010-12-27,67.12556457519531,67.71872018490885,66.8487561174815,67.12556457519531,7191894,0.0,0.0
2010-12-28,67.1255677810932,67.9362120965227,67.1255677810932,67.6989517211914,4480908,0.0,0.0
2010-12-29,67.69895028473113,69.04343981555671,67.67917858720638,68.88526153564453,10604328,0.0,0.0
2010-12-30,68.52936925643637,69.73545217453714,68.27233249536584,69.02366638183594,30631781,0.0,0.0
2010-12-31,68.74686527709527,69.57728604049917,68.66777848052624,69.06321716308594,10811646,0.0,0.0
2011-01-03,69.57728182862978,69.57728182862978,68.76663281344085,69.12252807617188,3626643,0.0,0.0
2011-01-04,69.20160662669895,70.42746585246681,69.20160662669895,70.19020080566406,15515290,0.0,0.0
2011-01-05,70.15065776460854,71.25788212264439,69.51795880283287,71.0997085571289,13282927,0.0,0.0
2011-01-06,71.31720412070078,71.57424088928529,69.53773723707128,70.74382019042969,9249773,0.0,0.0
2011-01-07,70.40770228728256,71.1788032040794,67.46168640606986,68.21302032470703,11220398,0.0,0.0
2011-01-10,68.09439660151347,68.17348340051664,66.65104842056127,67.4616928100586,12882258,0.0,0.0
2011-01-11,67.30352045101077,68.80618375887717,66.45332794664637,67.26397705078125,12352577,0.0,0.0
2011-01-12,68.07461454214187,68.96435029495676,66.67080997432278,68.70731353759766,7969911,0.0,0.0
2011-01-13,68.43049598216702,69.08296654277466,67.77802072184635,68.47003936767578,11749615,0.0,0.0
2011-01-14,68.25255874318194,70.05180191735634,66.868525893795,67.44190979003906,9335385,0.0,0.0
2011-01-17,67.26396698065147,69.16206870636196,66.2951444206415,67.99552917480469,14720842,0.0,0.0
2011-01-18,68.17347308484788,69.89362950174046,68.05484290429364,69.65636444091797,9981557,0.0,0.0
2011-01-19,69.79477274783338,70.50656329615809,68.64800483073896,69.37956237792969,14638420,0.0,0.0
2011-01-20,68.94457005129665,69.55749727402717,67.48144587491832,67.87688446044922,11439355,0.0,0.0
2011-01-21,67.69895920452169,68.2327998077412,66.59173459782305,66.7894515991211,14043935,0.0,0.0
2011-01-24,67.20464616676684,67.4023631214787,66.43354064396317,66.86852264404297,7981984,0.0,0.0
2011-01-25,66.90806573311956,67.36281942661886,66.23582339041845,66.43354034423828,8127103,0.0,0.0
2011-01-27,66.7696643462526,67.12555956540476,66.0381022124239,66.35445404052734,12167669,0.0,0.0
2011-01-28,66.76967499732439,67.32328726003216,65.48450048408941,66.49286651611328,16626927,0.0,0.0
2011-01-31,66.07765888295987,66.39400605242534,63.645716519122544,64.29818725585938,17666018,0.0,0.0
2011-02-01,64.71339521178396,64.77271030385553,61.767384107277515,63.111873626708984,22064293,0.0,0.0
2011-02-02,63.566617320507696,63.942284238418054,62.47916465787946,62.874603271484375,10007510,0.0,0.0
2011-02-03,62.63733336305572,63.74456233517618,62.3209862564899,63.05254364013672,7359518,0.0,0.0
2011-02-04,63.11186007271931,63.566609014272224,59.98789966319003,60.50196838378906,15192150,0.0,0.0
2011-02-07,61.60920313362537,62.7757473258119,60.62060890958332,62.12327194213867,15231572,0.0,0.0
2011-02-08,62.281441099978494,62.57801650396407,61.68828559229411,61.72782897949219,9708907,0.0,0.0
2011-02-09,61.68828103441548,61.88599795579742,60.403106946294194,60.85786056518555,13163699,0.0,0.0
2011-02-10,60.97651017533739,62.85484032668386,60.97651017533739,61.747615814208984,11136363,0.0,0.0
2011-02-11,62.02441537393625,62.12327385944874,60.897419239665744,61.332401275634766,8987671,0.0,0.0
2011-02-14,61.17421180066838,63.19094803451368,61.17421180066838,62.28144073486328,10395846,0.0,0.0
2011-02-15,62.73620393282733,62.755975629319614,61.134677718096626,62.12327194213867,6781995,0.0,0.0
2011-02-16,61.7673856830626,62.8152950691559,61.7673856830626,62.044189453125,5694368,0.0,0.0
2011-02-17,62.28146038594774,62.83507267786467,61.23355090127839,62.657127380371094,10746984,0.0,0.0
2011-02-18,62.61756938515668,63.32935986206928,61.29285631374336,61.58943176269531,7417039,0.0,0.0
2011-02-21,61.58943171009973,62.81529099719617,61.13467798904779,62.55825424194336,4054155,0.0,0.0
2011-02-22,62.43962860154176,62.43962860154176,61.490577697286355,61.96510314941406,7103640,0.0,0.0
2011-02-23,62.08371769553444,62.28143932560505,61.33238866046281,61.53010559082031,5445702,0.0,0.0
2011-02-24,61.0358279790462,61.7673902534852,58.920237352456766,59.57270812988281,27750070,0.0,0.0
2011-02-25,60.38335043627799,62.044187092607366,59.908825005939015,61.80692672729492,14203052,0.0,0.0
2011-02-28,61.708070394468216,67.22442577727861,61.05559496766886,66.82898712158203,47244453,0.0,0.0
2011-03-01,67.54078564650237,68.80618385504543,67.461694146218,68.64801025390625,22800519,0.0,0.0
2011-03-03,68.01529993085684,69.59704978049146,67.6989480810443,68.62822723388672,20746777,0.0,0.0
2011-03-04,69.02366958389987,69.1225280736231,68.01530358929439,68.17347717285156,12900736,0.0,0.0
2011-03-07,67.71871903150864,68.72708496076116,66.4533163459202,68.27233123779297,10485888,0.0,0.0
2011-03-08,68.68754327493434,68.76663006355327,67.67917732061491,67.99552917480469,8899845,0.0,0.0
2011-03-09,68.17348731170983,68.47006752470163,67.46169668041551,67.91645050048828,6567682,0.0,0.0
2011-03-10,67.79780233059081,67.99552398676609,66.94761001837864,67.73848724365234,6895974,0.0,0.0
2011-03-11,67.52100227358524,68.41073332589461,67.04647685248706,67.75826263427734,6205367,0.0,0.0
2011-03-14,67.9164445408907,68.76663700377736,67.42214736242175,68.58869171142578,7009296,0.0,0.0
2011-03-15,67.63964405267654,68.33165825640806,66.31492604584302,67.26397705078125,10808353,0.0,0.0
2011-03-16,67.48145834409013,68.15370547362397,67.48145834409013,67.6989517211914,5133652,0.0,0.0
2011-03-17,67.02670433225234,67.58031653344604,66.15674028764197,66.45331573486328,12164681,0.0,0.0
2011-03-18,67.06625567304003,67.16511416716256,65.48450096822155,66.41378021240234,10091022,0.0,0.0
2011-03-21,66.69057732389344,67.18487440993535,66.23582362875779,66.39399719238281,6383842,0.0,0.0
2011-03-22,66.67080255990287,67.58030990831392,66.23582058024047,67.24418640136719,6384781,0.0,0.0
2011-03-23,67.22442358634203,68.193246146352,66.88830003499751,67.99552917480469,8869319,0.0,0.0
2011-03-24,68.41072845458984,68.64799349810106,67.97575115762764,68.41072845458984,8446062,0.0,0.0
2011-03-25,69.20160298268095,70.3879187547983,68.60844744647902,70.17042541503906,18236737,0.0,0.0
2011-03-28,69.79477732212827,71.02063681360075,69.73546222249948,70.66474151611328,13644034,0.0,0.0
2011-03-29,70.9810835222259,71.17880049343553,70.44724300024583,70.8822250366211,13052943,0.0,0.0
2011-03-30,71.13925135102225,71.71263522091387,69.89362513362214,70.22974395751953,16576860,0.0,0.0
2011-03-31,70.4867891020516,72.76055315715928,70.4867891020516,72.00922393798828,34287153,0.0,0.0
2011-04-01,71.98945887747432,73.13622685969939,71.73242208161575,72.16740417480469,17237453,0.0,0.0
2011-04-04,72.54306742466483,73.15599478354865,72.28603534178735,73.0966796875,10046278,0.0,0.0
2011-04-05,73.05713406462864,73.43280102787409,72.46397842249672,72.83964538574219,8494992,0.0,0.0
2011-04-06,72.50351812003281,73.01758694361816,71.49515216993409,72.34534454345703,5652254,0.0,0.0
2011-04-07,72.3651219233714,72.56283890961788,71.7126464693292,72.18717193603516,5833985,0.0,0.0
2011-04-08,72.32557091704348,73.35370853678779,71.91036058989405,72.66168975830078,10750678,0.0,0.0
2011-04-11,72.80008775265078,74.34229879975557,72.62214249323732,73.1559829711914,12839034,0.0,0.0
2011-04-13,73.15598993202575,75.64724729942726,72.66169279801979,75.17272186279297,16323196,0.0,0.0
2011-04-15,75.17272430374683,76.18109500158765,74.59934036163565,75.7263412475586,17295850,0.0,0.0
2011-04-18,75.78564121290343,77.0114956444695,74.14457180650858,75.2122573852539,13636567,0.0,0.0
2011-04-19,74.73774797070142,75.52862535123808,73.90733189082404,74.14459228515625,12441323,0.0,0.0
2011-04-20,74.6388754772942,75.64724136355355,74.14457838207466,75.37043762207031,8847032,0.0,0.0
2011-04-21,76.29971871801884,76.29971871801884,74.93545757164668,75.19248962402344,14779121,0.0,0.0
2011-04-25,75.13318483971138,76.20087068746913,75.03432634446933,75.23204803466797,4450159,0.0,0.0
2011-04-26,75.35066254302173,76.08221995523729,73.19552429681289,75.78564453125,12153818,0.0,0.0
2011-04-27,75.92405214525338,76.71492940187048,75.6274719990935,76.57652282714844,8601046,0.0,0.0
2011-04-28,76.83356873365075,77.03128572150214,75.5483942134733,75.86474609375,12532263,0.0,0.0
2011-04-29,75.27157411454847,77.03126902413622,75.27157411454847,76.06244659423828,16105093,0.0,0.0
2011-05-02,76.31949094090461,76.71492957008022,75.33089671782257,75.58792877197266,8065669,0.0,0.0
2011-05-03,75.33089832650332,75.52861529545638,73.41302492880254,73.8875503540039,8023821,0.0,0.0
2011-05-04,74.26321358122529,74.46093054029159,72.56282893439996,73.8677749633789,8538615,0.0,0.0
2011-05-05,73.94687594696713,74.10504954459411,71.83128527984732,72.16740417480469,9432060,0.0,0.0
2011-05-06,72.36511847303156,72.76055242667036,70.20997992712905,72.60237884521484,10931782,0.0,0.0
2011-05-09,72.74078539087273,73.8677863301143,72.00922783004195,72.93850708007812,8725758,0.0,0.0
2011-05-10,73.15599967074823,74.54003277015396,72.89896757069967,73.39326477050781,6380810,0.0,0.0
2011-05-11,73.39325911751376,73.84801288228778,72.9187336542589,73.68983459472656,3290766,0.0,0.0
2011-05-12,73.29439717238726,74.24344805418949,72.52329156853013,72.68146514892578,4345064,0.0,0.0
2011-05-13,72.66170738220438,75.88452759864957,72.14763844764617,74.73775482177734,11010640,0.0,0.0
2011-05-16,75.13317162465951,75.4099800623644,73.37347661971731,73.5909652709961,11990485,0.0,0.0
2011-05-17,73.74914140783302,75.13316945729126,73.43278958811234,74.2829818725586,9070965,0.0,0.0
2011-05-18,74.26322273982288,75.37044724657146,74.26322273982288,74.71797180175781,7038158,0.0,0.0
2011-05-19,75.17272059139604,75.84496769009148,74.40161970722828,74.75751495361328,12285576,0.0,0.0
2011-05-20,75.31111958169309,75.7263298773515,72.66168424738268,73.76891326904297,40828503,0.0,0.0
2011-05-23,73.92708317177419,75.40997432592155,73.63050306105937,75.2122573852539,14242843,0.0,0.0
2011-05-24,75.39020539007502,75.48906386402568,73.63050575489937,73.92708587646484,9276000,0.0,0.0
2011-05-25,73.80846021158193,75.03431476279977,73.29439141595608,74.77728271484375,10032708,0.0,0.0
2011-05-26,74.73774150892808,74.73774150892808,73.5514302404054,73.94686889648438,15404710,0.0,0.0
2011-05-27,74.14458785003852,75.05409537333713,74.08527275500353,74.71797180175781,9491569,0.0,0.0
2011-05-30,74.71796065360127,74.9749973934499,73.68982309363405,74.18412017822266,9268448,0.0,0.0
2011-05-31,74.3423104530285,76.65561798687287,74.3423104530285,76.45790100097656,14193909,0.0,0.0
2011-06-01,77.11036284559763,77.11036284559763,76.12176863089948,76.65560913085938,8695801,0.0,0.0
2011-06-02,76.22063791451467,78.25714159587369,76.08223132958183,77.22900390625,11005387,0.0,0.0
2011-06-03,77.22900639773108,77.88147714881084,76.31949886609603,76.49744415283203,5997657,0.0,0.0
2011-06-06,76.51722127947227,76.91265997776345,75.62748538324577,76.24041748046875,4561940,0.0,0.0
2011-06-07,75.92407508921666,76.87312620407118,75.72635806517002,76.53700256347656,3297481,0.0,0.0
2011-06-08,76.51721510864924,77.644216012848,76.31949812530614,77.0905990600586,9425114,0.0,0.0
2011-06-09,76.91265745787318,77.40695463961382,76.41836027613253,77.1103744506836,6105928,0.0,0.0
2011-06-10,77.56457311564945,78.29363730923245,77.15953531308188,77.62532806396484,13786112,2.966667,0.0
2011-06-13,77.48356165732397,77.90885110907328,76.93676230901723,77.32154846191406,6341070,0.0,0.0
2011-06-14,77.3215462880898,78.73917614946605,77.3215462880898,78.51640319824219,6412383,0.0,0.0
2011-06-15,78.55692521396514,79.0429696863561,78.19239065622219,78.63793182373047,8429484,0.0,0.0
2011-06-16,78.77968783581683,79.10371906582868,78.17213349161847,78.5771713256836,6944555,0.0,0.0
2011-06-17,78.61766196201458,79.30622279933567,77.48355524658268,77.66582489013672,7661272,0.0,0.0
2011-06-20,78.13161836005571,78.13161836005571,74.64830121656583,75.51912689208984,12697471,0.0,0.0
2011-06-21,75.94444106867626,76.51149220983731,74.62807389541648,74.87109375,7068838,0.0,0.0
2011-06-22,75.09384404909088,75.64064337030484,73.7167175149455,75.01283264160156,9254244,0.0,0.0
2011-06-23,75.17484477396005,77.66582140448823,74.6685487891177,77.5443115234375,12017439,0.0,0.0
2011-06-24,77.66581514883373,79.58974069903009,77.66581514883373,79.02268981933594,17325256,0.0,0.0
2011-06-27,78.21262177338772,79.30622034568559,77.96959719410056,78.4151382446289,9758285,0.0,0.0
2011-06-28,78.65816955403852,78.75942779832293,77.15953309723474,78.51640319824219,6935666,0.0,0.0
2011-06-29,78.67842488409322,80.98713221699,78.67842488409322,80.82511901855469,11955119,0.0,0.0
2011-06-30,80.86561398390768,82.62752177669933,80.82511068847325,82.20223236083984,18125769,0.0,0.0
2011-07-01,83.64012841649277,83.64012841649277,81.04789780018812,81.63520050048828,11260319,0.0,0.0
2011-07-04,82.26298047240246,82.6680133694092,80.29855166673102,80.50106811523438,9233826,0.0,0.0
2011-07-05,80.9466209981867,80.9466209981867,79.08345495706325,79.24546813964844,12981545,0.0,0.0
2011-07-06,79.18472430803371,80.05555491422709,78.69867987827445,79.67076873779297,9384751,0.0,0.0
2011-07-07,79.83278180655874,82.6072868257133,79.83278180655874,82.38451385498047,12462347,0.0,0.0
2011-07-08,82.52627882012486,83.07307819164751,80.8656242414723,81.23016357421875,10108518,0.0,0.0
2011-07-11,81.3516657043513,82.54651777088343,81.20989935209329,82.06047821044922,7224177,0.0,0.0
2011-07-12,81.61494518762218,83.03258005093731,81.10864908520912,81.67570495605469,8504997,0.0,0.0
2011-07-13,81.77696363975058,83.03257559574041,81.77696363975058,82.62753295898438,10188672,0.0,0.0
2011-07-14,82.60727452178435,83.03256393547639,81.14913663838426,82.22248840332031,13221520,0.0,0.0
2011-07-15,82.0402128619628,82.46550224507476,81.43266347722788,81.7161865234375,4386172,0.0,0.0
2011-07-18,82.01998784611118,82.18200105846775,81.27067192516327,81.67570495605469,3051929,0.0,0.0
2011-07-19,82.01999216043093,83.01232795211138,81.65545278585599,82.66804504394531,6368122,0.0,0.0
2011-07-20,82.62753489268711,83.98440994651969,82.42501838336821,83.33635711669922,13100660,0.0,0.0
2011-07-21,82.83004528804629,84.16666362312876,82.83004528804629,83.88314056396484,7684046,0.0,0.0
2011-07-22,84.45019785483086,84.73373057910088,83.68062553626383,84.0046615600586,14268626,0.0,0.0
2011-07-25,83.84265014126547,83.9641600424184,82.28325863507405,83.19458770751953,14506214,0.0,0.0
2011-07-26,83.03256446535255,83.70087365467754,80.86561408783581,81.37191009521484,9847975,0.0,0.0
2011-07-27,81.91870939808037,81.99971598905334,80.42007302368651,81.37191009521484,8028153,0.0,0.0
2011-07-28,80.33906261825426,83.84263602187093,80.33906261825426,83.53885650634766,25345835,0.0,0.0
2011-07-29,83.23507651312784,85.56403994864627,83.13381346600279,84.38943481445312,20700499,0.0,0.0
2011-08-01,85.05775139852811,85.56404742319083,84.28817913041772,84.6122055053711,11066540,0.0,0.0
2011-08-02,84.12616664058416,84.38944288621515,82.1617326571483,82.93130493164062,11909875,0.0,0.0
2011-08-03,82.36427322006563,84.32869792052745,82.08074046229342,83.78189849853516,10371529,0.0,0.0
2011-08-04,82.99207435491795,83.74139025426065,80.68336207641056,80.98713684082031,16359693,0.0,0.0
2011-08-05,78.98218439954032,80.19729759486722,77.15952182724615,79.54924011230469,20912644,0.0,0.0
2011-08-08,78.53664914855435,80.11629198934618,76.81523997094197,78.98218536376953,14023833,0.0,0.0
2011-08-09,77.05825886067156,81.85794678163147,76.99749911291251,80.9061050415039,29913291,0.0,0.0
2011-08-10,81.8174490518079,82.16172222052136,79.38722264541629,79.832763671875,14448305,0.0,0.0
2011-08-11,79.38721802087147,81.0073688640872,79.20495321721845,80.50106811523438,9914506,0.0,0.0
2011-08-12,80.88586941316645,81.39216541343349,79.18471177143856,80.19730377197266,12794023,0.0,0.0
2011-08-16,81.51367178553788,81.79719483774286,80.19730031605049,81.20989227294922,10122778,0.0,0.0
2011-08-17,81.00739314300122,83.03257749019639,80.80487663380116,82.72879791259766,15102609,0.0,0.0
2011-08-18,82.8300410439315,83.43759042529547,82.12121899094775,82.56676483154297,11169168,0.0,0.0
2011-08-19,81.81746406596272,82.93130961581278,80.25806778029687,80.68335723876953,20216358,0.0,0.0
2011-08-22,80.31881037121381,82.14147782313651,79.60999792535367,81.81745147705078,9506504,0.0,0.0
2011-08-23,81.81746534235175,82.70854757269113,80.60235189721666,82.30350494384766,18510403,0.0,0.0
2011-08-24,82.16174040256928,82.74905270880309,80.72386358864425,81.79721069335938,7755679,0.0,0.0
2011-08-25,81.87821428716005,82.5465235432894,81.41242152870674,81.95922088623047,13408664,0.0,0.0
2011-08-26,82.18197961412339,82.30348949168435,78.88092757713443,79.73150634765625,9677334,0.0,0.0
2011-08-29,80.1973158615425,82.22250016790281,78.98220238944721,81.79721069335938,12326631,0.0,0.0
2011-08-30,82.6275267973227,82.6275267973227,80.60234746115304,81.00738525390625,10894354,0.0,0.0
2011-09-02,83.43759108261196,83.64010754466202,79.65049954569302,82.32374572753906,20054366,0.0,0.0
2011-09-05,82.22250177683446,82.5667846560682,81.08839969839222,82.1212387084961,12671767,0.0,0.0
2011-09-06,81.81744554021923,82.3642447733597,81.12887997715545,82.14147186279297,12626665,0.0,0.0
2011-09-07,82.22249541957284,82.44526837613458,80.804870338027,81.02763366699219,11195457,0.0,0.0
2011-09-08,81.14912541300222,81.63517451609884,80.23779658263835,80.6630859375,7317151,0.0,0.0
2011-09-09,80.88586916302486,81.31115857214162,79.58974928827847,80.0555419921875,12545711,0.0,0.0
2011-09-12,79.46824645996094,80.298573754821,78.86069213353093,79.46824645996094,7922225,0.0,0.0
2011-09-13,79.65051731180091,80.78461937983866,79.26573113428141,79.81253051757812,8143358,0.0,0.0
2011-09-14,79.95429485626921,81.007395171881,78.61767623447511,80.78462219238281,8209582,0.0,0.0
2011-09-15,81.75670177053675,81.75670177053675,79.40748640372937,80.76436614990234,8104431,0.0,0.0
2011-09-16,81.00737485738178,81.35165765910631,79.93402315951089,80.17704772949219,13984567,0.0,0.0
2011-09-19,80.19732488663827,80.27833149780109,78.92145631942668,79.12397766113281,7715626,0.0,0.0
2011-09-20,79.30621985488028,80.68334629219088,79.06320009089485,80.39981842041016,8514880,0.0,0.0
2011-09-21,80.58208521317351,80.86560826114999,79.60999656394476,80.03528594970703,4557837,0.0,0.0
2011-09-22,79.52899114535113,79.71125596458091,76.97725479334827,77.34178924560547,11789131,0.0,0.0
2011-09-23,76.99751730377587,78.73917841067696,76.57223266556812,77.62532806396484,13003107,0.0,0.0
2011-09-26,78.13163673967139,78.13163673967139,74.93184191472433,76.34947204589844,10086856,0.0,0.0
2011-09-27,76.95701473938546,78.55691431548692,76.85575649122671,78.3543930053711,9814309,0.0,0.0
2011-09-28,78.53664869835647,79.99477684011545,78.0708560258677,79.832763671875,20330991,0.0,0.0
2011-09-29,79.28599269743214,82.20225483500965,79.28599269743214,81.91873168945312,18887480,0.0,0.0
2011-09-30,81.81745482386546,81.81745482386546,79.85302095137575,80.19730377197266,10704639,0.0,0.0
2011-10-03,79.10370395623353,79.83276806725334,78.3138800899808,78.71891784667969,7986512,0.0,0.0
2011-10-04,78.47590215417863,79.06320961549068,76.38996300682366,77.62532806396484,19083044,0.0,0.0
2011-10-05,77.807584999671,79.9542788771272,77.807584999671,78.61766052246094,19750146,0.0,0.0
2011-10-07,80.0960350689502,81.10862212337703,78.57714726661416,80.6630859375,35547374,0.0,0.0
2011-10-10,80.19730326459546,81.57442491067488,80.01503362482187,81.04788208007812,10839659,0.0,0.0
2011-10-11,81.61493817472524,81.97947749880147,80.66310582011937,80.82511901855469,7848904,0.0,0.0
2011-10-12,81.00739129475147,82.83005909116093,80.8453780910879,82.62753295898438,10057651,0.0,0.0
2011-10-13,82.01996677759459,83.19457189305578,81.432664219864,81.77694702148438,6342480,0.0,0.0
2011-10-14,81.55416487479125,83.39707892493418,81.55416487479125,83.11355590820312,8920612,0.0,0.0
2011-10-17,82.89081116860034,83.51861716128757,82.42501838336821,83.33635711669922,7122238,0.0,0.0
2011-10-18,82.76930121443766,83.35660390491648,82.26300512763888,82.72879791259766,4420881,0.0,0.0
2011-10-19,83.1135683472102,84.14640716224787,82.54651260128692,83.88314056396484,7160187,0.0,0.0
2011-10-20,83.33635867367539,83.64012862953042,82.68829620414984,83.05282592773438,8068646,0.0,0.0
2011-10-21,83.33635516640817,83.70088487465122,82.3642663168296,82.62753295898438,8940536,0.0,0.0
2011-10-24,82.62753349849079,84.24768480089935,82.62753349849079,83.82239532470703,14417592,0.0,0.0
2011-10-25,84.20718660875932,86.27287434948174,83.43761421204368,85.4830551147461,17898061,0.0,0.0
2011-10-28,86.96143501576833,87.56898453454257,86.23236596564209,87.28546142578125,18961818,0.0,0.0
2011-10-31,87.22470801515762,87.2854581509572,85.78682643327676,86.33362579345703,10325355,0.0,0.0
2011-11-01,85.6652937925799,86.07033635549145,84.12615901078291,84.36917877197266,16563467,0.0,0.0
2011-11-02,84.24767244120835,85.42227763071348,84.04515596501707,84.79447174072266,7889149,0.0,0.0
2011-11-03,84.38944001177109,85.38177557329253,84.24767366258408,85.13875579833984,6675310,0.0,0.0
2011-11-04,85.56405563077318,85.76657213454509,84.97675295603615,85.19951629638672,7408060,0.0,0.0
2011-11-08,85.09827464597352,85.90835040086854,84.45021211653783,85.38179779052734,7435437,0.0,0.0
2011-11-09,85.32102145784661,86.88041271567812,85.05774523348138,85.8678207397461,11523598,0.0,0.0
2011-11-11,85.70580644391546,87.08293782954362,85.1995104056925,86.13109588623047,11080244,0.0,0.0
2011-11-14,86.414639266745,87.2044584881431,85.3210404593945,85.66531372070312,7759145,0.0,0.0
2011-11-15,85.3817797960307,86.53613822554108,84.95649035503195,85.32102966308594,8066116,0.0,0.0
2011-11-16,85.05775965413228,86.63739801294393,84.3489470763272,86.11085510253906,8850271,0.0,0.0
2011-11-17,85.96909897758681,85.96909897758681,83.47812161261673,84.14643096923828,8558100,0.0,0.0
2011-11-18,83.53885554841553,84.00464823285125,81.047878953841,81.73643493652344,12520334,0.0,0.0
2011-11-21,81.27067145423365,81.89847746227626,80.23782279004908,80.78462219238281,15016284,0.0,0.0
2011-11-22,81.9592235307426,82.0807334332689,79.06321345153995,79.46824645996094,14341939,0.0,0.0
2011-11-23,79.4682454741658,79.4682454741658,76.67349368173699,78.29364013671875,13943844,0.0,0.0
2011-11-24,78.35439598348172,79.34673648075115,76.81525611157389,77.88860321044922,17014215,0.0,0.0
2011-11-25,77.68606710156277,78.33412456466465,77.52405393923664,77.86833190917969,8272329,0.0,0.0
2011-11-28,78.96193711665255,80.50107673140656,78.23287301021021,79.56949615478516,7141351,0.0,0.0
2011-11-29,79.99478132528425,80.35931578806156,79.18471062486528,80.15679931640625,9906681,0.0,0.0
2011-11-30,79.81252399027036,81.61493519853114,79.5290009033476,81.29090881347656,15932969,0.0,0.0
2011-12-01,82.62754319495633,83.39711563529072,82.30351674748849,82.48578643798828,10232151,0.0,0.0
2011-12-02,82.44527684168295,83.84265523116889,82.01998734803081,83.64012908935547,7626789,0.0,0.0
2011-12-05,83.43760934441511,84.08567179241035,82.08073431031087,82.68829345703125,6049127,0.0,0.0
2011-12-07,83.03257793699564,84.24768662633178,82.44527524335653,83.01232147216797,11763758,0.0,0.0
2011-12-08,83.01229811850082,83.51859406558887,79.99477408130414,80.60233306884766,10542268,0.0,0.0
2011-12-09,79.83276806721042,80.44032229535956,78.8606793766527,79.85301971435547,8697629,0.0,0.0
2011-12-12,80.54159603064215,80.74411252896124,78.9011931390639,79.38723754882812,10548486,0.0,0.0
2011-12-13,79.18472040342702,80.19731251434457,79.00245555642927,79.93403625488281,7672013,0.0,0.0
2011-12-14,79.93403269009994,81.6149339788452,79.79227114875711,80.94662475585938,16802615,0.0,0.0
2011-12-15,80.60235045084971,81.61493774959426,79.97453968258635,80.84537506103516,15116838,0.0,0.0
2011-12-16,80.62261579185537,82.36427721692463,78.57717956971528,79.30624389648438,10439599,0.0,0.0
2011-12-19,78.86068714411257,80.1973104287309,77.88859835780804,79.99478912353516,11336698,0.0,0.0
2011-12-20,80.60234814315127,81.31116548991642,80.25806529432826,80.76436614990234,13478726,0.0,0.0
2011-12-21,81.5339454638272,82.20225483500965,80.82513278613665,81.91873168945312,10863748,0.0,0.0
2011-12-22,81.37190964894332,82.62752142973412,81.2098964678859,82.5262680053711,9805398,0.0,0.0
2011-12-23,82.78955579024503,83.03257559574041,81.91872037915766,82.62753295898438,8595373,0.0,0.0
2011-12-26,82.38451547647092,83.37686081828697,82.14149566412316,83.01232147216797,5993539,0.0,0.0
2011-12-27,82.99207578760236,83.43761211642791,81.93898029187176,83.05282592773438,7257962,0.0,0.0
2011-12-28,83.27558127004991,83.31608456409272,81.6149269591035,81.83769989013672,4880588,0.0,0.0
2011-12-29,81.5136817669998,82.38450749063222,81.00738572655379,81.29090881347656,10069671,0.0,0.0
2011-12-30,81.27066129563295,82.22249360753476,81.10863847687003,81.53392791748047,3600950,0.0,0.0
2012-01-02,81.75669885728966,81.75669885728966,80.15680419249489,80.46057891845703,2971018,0.0,0.0
2012-01-03,80.9466305316087,81.63519626628685,80.72386237931774,81.1491470336914,6299194,0.0,0.0
2012-01-04,81.61493817472524,81.6959447739429,80.3998295588636,80.82511901855469,12332428,0.0,0.0
2012-01-05,80.62258920269478,81.00737529921531,80.03528664158321,80.9263687133789,11802169,0.0,0.0
2012-01-06,80.62257600072147,82.2629735366859,80.33904818292422,81.85794067382812,9126672,0.0,0.0
2012-01-09,81.67568513684066,81.93896135683293,80.88586610445908,81.81745147705078,7693555,0.0,0.0
2012-01-10,81.89846308624506,83.33634452657579,81.89846308624506,83.09331512451172,5620843,0.0,0.0
2012-01-11,83.09330987839166,83.27557951153311,82.01996779512487,82.343994140625,8426514,0.0,0.0
2012-01-12,82.22250226823908,83.19459114522746,82.1212391992955,83.01232147216797,7677382,0.0,0.0
2012-01-13,82.99206642893864,84.12616840202237,82.74904664061992,83.8628921508789,11932025,0.0,0.0
2012-01-16,83.78188342151321,84.93624182802937,83.64011706813876,84.69322204589844,9761270,0.0,0.0
2012-01-17,84.6527106434343,85.13875984403205,83.7616380929317,84.4096908569336,10623854,0.0,0.0
2012-01-18,83.98439284113,85.34126761860324,83.8426361272775,84.97673797607422,10380605,0.0,0.0
2012-01-19,85.19950960978626,85.46278585782589,84.34894036069836,84.73372650146484,9678245,0.0,0.0
2012-01-20,85.03749687304492,85.58429620703029,80.9263784506058,81.53392791748047,26816137,0.0,0.0
2012-01-23,81.675682874112,83.03255760214823,80.35931143821439,82.87054443359375,13773620,0.0,0.0
2012-01-24,83.07306034494933,83.94388593396862,82.70853071811227,83.41734313964844,9699269,0.0,0.0
2012-01-25,83.64010759737724,83.84263368715001,82.93129516595775,83.45784759521484,10815356,0.0,0.0
2012-01-27,84.04515152595022,84.04515152595022,80.88586578144513,81.73643493652344,15923846,0.0,0.0
2012-01-30,81.8174467119019,82.48575582557817,80.86560493431864,81.35165405273438,12890528,0.0,0.0
2012-01-31,82.18198749048307,82.9515597497204,81.53392512045224,82.6072769165039,12057997,0.0,0.0
2012-02-01,82.36426346707869,82.38451030303757,81.1288983904911,81.65544128417969,9047265,0.0,0.0
2012-02-02,81.83770526947384,81.9187118628842,80.359320498341,80.62259674072266,11426032,0.0,0.0
2012-02-03,80.60233123328274,81.5136648800468,79.79225581087086,81.27064514160156,13425304,0.0,0.0
2012-02-06,81.81746373140227,82.18199342534676,81.1086415517818,81.97947692871094,11001466,0.0,0.0
2012-02-07,82.78954025982368,83.39708965959242,81.85795488591633,83.25533294677734,12497285,0.0,0.0
2012-02-08,83.41734293974758,84.0248923163534,81.81744847329325,82.80978393554688,11790665,0.0,0.0
2012-02-09,82.44527938229182,82.9920788013235,81.81747335507751,82.5870361328125,7897821,0.0,0.0
2012-02-10,82.56677288027461,82.95155900644548,81.81745708975049,82.54651641845703,10659550,0.0,0.0
2012-02-13,82.54650476601014,82.93129083786376,81.87819566190451,82.14147186279297,7361450,0.0,0.0
2012-02-14,82.06047863022184,82.50601489623229,81.81745884876159,82.04022216796875,6626743,0.0,0.0
2012-02-15,82.26300769480545,82.62753742274137,81.85797466376555,82.28326416015625,16140308,0.0,0.0
2012-02-16,82.42500726889611,82.87055315691606,81.85796111926565,82.6072769165039,14315043,0.0,0.0
2012-02-17,82.6882836389556,83.39709614090303,82.26299421226794,83.21483612060547,17137807,0.0,0.0
2012-02-21,83.21484240552756,84.53120445388038,83.21484240552756,84.0046615600586,16004145,0.0,0.0
2012-02-22,83.84264542057326,84.81473420266101,83.4781061100426,84.47045135498047,13414034,0.0,0.0
2012-02-23,84.59197046755362,85.09826656282213,83.29585515939353,84.49070739746094,16977796,0.0,0.0
2012-02-24,84.49068419505561,85.44252598422499,84.36917432087128,84.8147201538086,9437266,0.0,0.0
2012-02-27,85.05774113388603,86.23234622893854,84.45018212657165,85.98932647705078,18082222,0.0,0.0
2012-02-28,85.92858840124302,86.47538779472116,85.07800942747761,85.3412857055664,13655111,0.0,0.0
2012-02-29,85.46280167497497,86.27287740400944,83.70089346295367,84.10592651367188,13799550,0.0,0.0
2012-03-01,84.08567809466373,85.01726372140584,82.95157594636854,83.78189849853516,7899192,0.0,0.0
2012-03-02,83.88314500320294,84.06540502279894,82.3845037845493,83.13381958007812,8889483,0.0,0.0
2012-03-05,83.07306390230401,84.22742221144564,82.50600816423567,83.84263610839844,12521849,0.0,0.0
2012-03-06,83.70086913986954,85.74630952059616,83.11356657319651,85.21975708007812,15653513,0.0,0.0
2012-03-07,85.05776256840836,85.46279559028947,84.28819019923687,85.03750610351562,8176378,0.0,0.0
2012-03-09,85.52354321253313,86.17159595551567,84.06540528563036,84.34893798828125,15399405,0.0,0.0
2012-03-12,85.2197553541937,85.2197553541937,83.47809452230025,83.76162719726562,5960965,0.0,0.0
2012-03-13,83.84263604197666,84.85522800890017,83.84263604197666,84.67295837402344,9071489,0.0,0.0
2012-03-14,85.05773589404082,86.41461053321855,85.05773589404082,86.07032775878906,10193957,0.0,0.0
2012-03-15,85.86782696350768,86.31336322906857,84.1666692398102,84.6122055053711,16182908,0.0,0.0
2012-03-16,84.34893958117988,91.13330444177274,84.34893958117988,87.5487289428711,68393522,0.0,0.0
2012-03-19,87.89302088074788,90.60676132932846,87.26521489534501,89.3106460571289,36871352,0.0,0.0
2012-03-20,89.29037987207946,90.93077766447064,88.74358060794906,90.56623840332031,16706208,0.0,0.0
2012-03-21,90.5662479303352,91.09280041734462,89.45240245239361,90.66751098632812,16729914,0.0,0.0
2012-03-22,90.60674415953987,91.82186222628664,88.35879691676816,88.98660278320312,17163776,0.0,0.0
2012-03-23,89.67518402286898,91.03204941256476,89.00686511871805,90.1004638671875,12234883,0.0,0.0
2012-03-26,90.32321580664703,90.84976822170451,89.51314035218658,90.20170593261719,10731514,0.0,0.0
2012-03-27,90.66750403006087,92.0446256458505,89.91818828151042,91.55858612060547,11798599,0.0,0.0
2012-03-28,91.53835255204542,92.30792495373521,90.9713062974513,91.86238861083984,9180072,0.0,0.0
2012-03-29,90.72827122568866,92.08513649208012,89.81693259971675,90.95103454589844,17370530,0.0,0.0
2012-03-30,90.97129988538595,92.28767161073516,90.9105401200203,91.90288543701172,14241499,0.0,0.0
2012-04-02,92.10541116624562,92.49019737850395,91.39659851317947,91.92314147949219,15158558,0.0,0.0
2012-04-03,92.4091761689194,92.49018276632343,91.76111376209064,91.98388671875,9157908,0.0,0.0
2012-04-04,91.74086278419605,92.71295153674853,91.37632348474129,92.10539245605469,7427949,0.0,0.0
2012-04-09,91.37632582889897,91.96362846242477,90.42449351416295,90.74851989746094,5389468,0.0,0.0
2012-04-10,90.80928352285767,93.15849415694032,90.4244973625171,92.89521789550781,8546331,0.0,0.0
2012-04-11,92.71295486639087,93.19899444632442,91.70036278059953,93.0572280883789,9836719,0.0,0.0
2012-04-12,92.61169968573552,95.18368341735379,92.61169968573552,95.0824203491211,20305963,0.0,0.0
2012-04-13,95.0824203987042,97.55315069097549,94.29260119990803,95.68997955322266,15111471,0.0,0.0
2012-04-16,95.48745360591414,98.01893378685799,95.04190770261407,97.63414764404297,6179322,0.0,0.0
2012-04-17,99.47705574530946,100.2466279815082,97.02658231734739,99.72008514404297,8472158,0.0,0.0
2012-04-18,99.76057978506938,100.46939220319682,97.49236656842878,97.91765594482422,13522592,0.0,0.0
2012-04-19,98.30244390222245,99.15302267121699,96.70254940914988,98.8492431640625,9917961,0.0,0.0
2012-04-20,98.66697271901768,100.20610729672062,98.28218666769342,99.31502532958984,6577127,0.0,0.0
2012-04-23,99.43659014467245,100.3276726042328,98.8492873279894,99.13282012939453,10268157,0.0,0.0
2012-04-24,99.2948062780076,99.53782607495934,96.33803653230443,99.25430297851562,9751004,0.0,0.0
2012-04-25,99.39603964500859,99.96309535100492,98.24169102875088,99.61881256103516,6534970,0.0,0.0
2012-04-26,99.80109327194579,101.2187182530184,99.0315210238911,100.87443542480469,10960980,0.0,0.0
2012-04-27,100.7326801745186,102.41358141672832,99.2137921179297,99.55807495117188,9639782,0.0,0.0
2012-04-30,100.44915368482702,100.97570619825765,99.27454838883142,99.43656158447266,4963863,0.0,0.0
2012-05-02,99.45679993836383,100.38838527127201,98.6264776480915,99.07201385498047,7452130,0.0,0.0
2012-05-03,99.39604667332891,99.61881960510782,97.61389210188405,97.89741516113281,5869811,0.0,0.0
2012-05-04,97.77591292594926,99.21379442313659,96.13551494203054,96.45954132080078,9959642,0.0,0.0
2012-05-07,95.18365427090527,96.80380510093393,94.51534518248661,95.73045349121094,7872153,0.0,0.0
2012-05-08,95.99375735291737,97.9784383593031,90.66752031375195,91.90288543701172,17683414,0.0,0.0
2012-05-09,93.15849273593321,97.61390376591788,91.98388743680891,97.1683578491211,20744163,0.0,0.0
2012-05-10,97.77589498903849,98.58597041495264,95.7304547792951,96.90505981445312,10151209,0.0,0.0
2012-05-11,96.27725311363281,96.47976956133365,93.70527015884623,94.87987518310547,8122806,0.0,0.0
2012-05-14,94.77865413744203,95.58872983245907,93.968578442425,94.98117065429688,5167041,0.0,0.0
2012-05-15,94.17107867406244,95.42669048902434,93.19898993366704,93.50276947021484,7908658,0.0,0.0
2012-05-16,92.75346135271828,93.56352734711669,91.70036593240353,92.06489562988281,7945009,0.0,0.0
2012-05-17,92.75346605574184,95.85199271041722,92.75346605574184,95.0824203491211,15783926,0.0,0.0
2012-05-18,94.0698114248345,97.61389302306931,93.15848248342263,97.02658081054688,13048512,0.0,0.0
2012-05-21,97.06710237182344,97.59364524797469,94.77864195648269,95.1229248046875,6460492,0.0,0.0
2012-05-22,96.11525323732296,96.88482547252518,93.19898710465854,94.2723388671875,10645458,0.0,0.0
2012-05-23,93.58378489220632,94.37360405967014,93.15849542643421,93.84706115722656,6794965,0.0,0.0
2012-05-24,93.84706394324063,95.06217261254918,93.56353120591078,94.51537322998047,9014464,0.0,0.0
2012-05-25,94.3735991381537,95.58871733561897,93.4825169528908,93.90780639648438,14231517,0.0,0.0
2012-05-28,94.3736016418445,95.58871987154635,94.00907194949194,95.20393371582031,5509054,0.0,0.0
2012-05-29,95.48745185923323,95.56845845333395,93.15848820984762,93.52301788330078,8218101,0.0,0.0
2012-05-30,93.52301223592906,94.92039034117998,93.3609990575108,93.92805480957031,8467690,0.0,0.0
2012-05-31,92.83446775985216,94.17108627543756,92.14590203844307,92.89521789550781,32058738,0.0,0.0
2012-06-01,92.71294512173753,95.06215543302733,92.71294512173753,94.7178726196289,10521812,0.0,0.0
2012-06-04,94.13058301719344,94.87989887458767,92.89521793635647,93.1989974975586,6266881,0.0,0.0
2012-06-05,93.46226721664321,94.25208631840304,91.13330358058614,91.49783325195312,7901016,0.0,0.0
2012-06-06,91.497834875052,95.99374903964588,91.497834875052,95.00140380859375,15992276,0.0,0.0
2012-06-07,95.42667400713127,96.92531496904692,94.21156569840694,95.73045349121094,10277635,0.0,0.0
2012-06-08,95.89247392448705,97.73539779968426,95.08239844800866,96.88481903076172,7353581,0.0,0.0
2012-06-11,98.23707324250898,99.5590255408604,97.70003809960093,99.04264068603516,5156519,3.0,0.0
2012-06-12,97.9685337828541,100.90160082105592,97.30756756767016,100.40587615966797,6763601,0.0,0.0
2012-06-13,100.11669319479903,101.17011290216425,100.03406260691622,100.8189697265625,5809235,0.0,0.0
2012-06-14,100.40587521317542,102.71927658339361,100.40587521317542,101.0875015258789,9141667,0.0,0.0
2012-06-15,101.1907956071754,102.78126048412376,100.79834195968915,102.45076751708984,10846275,0.0,0.0
2012-06-18,102.24422406598705,103.27699380767496,100.17868458261128,100.46785736083984,5311000,0.0,0.0
2012-06-19,100.26127334505782,103.27696081289423,100.26127334505782,103.02909851074219,9692655,0.0,0.0
2012-06-20,103.02912318032344,103.13240407400329,101.14948554311145,101.64521026611328,6517723,0.0,0.0
2012-06-21,101.45930680613935,104.10320140744751,101.41799641328025,103.85533905029297,7232955,0.0,0.0
2012-06-22,103.27699141632976,104.51631311377054,101.93438881933443,103.4835433959961,4101593,0.0,0.0
2012-06-25,103.27697020661346,104.88809495602402,102.9051767195683,103.2976303100586,5439315,0.0,0.0
2012-06-26,103.00844490791368,103.2150066588455,101.74847321609663,102.05829620361328,6366119,0.0,0.0
2012-06-27,102.57469530500325,103.1117303506683,102.14093131993792,102.36813354492188,5245829,0.0,0.0
2012-06-28,102.45073319533093,104.39234067586361,102.09959987836814,103.81399536132812,13150548,0.0,0.0
2012-06-29,103.95860606538798,107.40805810254311,103.95860606538798,106.95364379882812,14201966,0.0,0.0
2012-07-02,107.05690502628191,107.57328977912057,102.2235504169318,103.2976303100586,15310783,0.0,0.0
2012-07-03,103.27698937113064,103.38027026863993,101.39735166422541,101.83111572265625,15656893,0.0,0.0
2012-07-04,102.78124049193715,102.82255087735075,101.00487428027192,101.6865005493164,8883562,0.0,0.0
2012-07-05,102.03765741488249,103.69009269184312,101.74848467821894,103.52484130859375,5835480,0.0,0.0
2012-07-06,103.6900806058343,104.72285007869574,102.73993190524654,104.41301727294922,7176659,0.0,0.0
2012-07-09,103.54549900536273,105.30120530914535,103.48352851065542,103.95860290527344,6940342,0.0,0.0
2012-07-10,103.99991777977343,107.0775763348627,102.90518748808424,106.7470932006836,9404573,0.0,0.0
2012-07-11,106.10676169399821,106.49920544869649,104.39235613767443,104.64022827148438,7642281,0.0,0.0
2012-07-12,104.72287551496993,106.08612840804832,103.75206647579243,103.97927856445312,4942903,0.0,0.0
2012-07-13,103.834669009864,105.11531070485591,103.42156512079637,104.7435073852539,3633928,0.0,0.0
2012-07-16,104.39234527220262,105.17725233878444,103.6694086874833,104.12383270263672,2648877,0.0,0.0
2012-07-17,104.70219675586637,105.75562639973099,104.3923639300567,105.54906463623047,4883020,0.0,0.0
2012-07-18,105.92088215366842,106.04481333671703,104.82614197424203,105.3218765258789,5139344,0.0,0.0
2012-07-19,105.17727032625645,105.77627586913236,104.39236312543937,104.97071838378906,4599239,0.0,0.0
2012-07-20,104.47498835913758,105.32186608854164,104.22712601760338,104.45433807373047,2956292,0.0,0.0
2012-07-23,103.85534217128401,103.93796295948506,102.6779812102555,103.09109497070312,3995026,0.0,0.0
2012-07-24,103.58680344844151,104.26842975388276,102.69862520490305,103.4009017944336,5488947,0.0,0.0
2012-07-25,103.48353396730319,105.46645243031594,102.65732612391615,105.23925018310547,8248065,0.0,0.0
2012-07-26,105.67299283178205,106.16871743752367,102.49205400051358,103.04975891113281,21892124,0.0,0.0
2012-07-27,105.1979453428303,105.59038917942968,104.02058437470484,105.3218765258789,10008857,0.0,0.0
2012-07-30,105.69368065256005,106.91235213699636,105.13598536330746,106.66448974609375,8450229,0.0,0.0
2012-07-31,106.78840537024546,107.73855421627006,105.61104445596922,106.64381408691406,9117691,0.0,0.0
2012-08-01,106.5611954151385,107.20151142068895,105.87956901630874,107.01560974121094,2982052,0.0,0.0
2012-08-02,107.40807440441118,108.23429217418847,106.99497042924413,108.007080078125,5457011,0.0,0.0
2012-08-03,107.34610121890452,107.77986525204575,106.43726275991536,107.1395492553711,3869795,0.0,0.0
2012-08-06,107.65593163911795,108.2136268377661,106.37528985529028,106.7470932006836,2990101,0.0,0.0
2012-08-07,106.80902578468101,108.17228799347508,106.21002035181665,107.94507598876953,5288244,0.0,0.0
2012-08-08,107.82116812700387,108.87458797729653,107.16019207034088,108.04837036132812,7198237,0.0,0.0
2012-08-09,107.986417555816,110.23785851402927,107.986417555816,109.72147369384766,7853814,0.0,0.0
2012-08-10,109.26703211729455,111.12601913719537,109.18441134480479,110.60963439941406,8598375,0.0,0.0
2012-08-13,110.44439316445737,111.10535934623087,109.14310126492994,110.25849151611328,7488550,0.0,0.0
2012-08-14,110.25853712568345,111.29130703136092,109.34969843035391,110.63034057617188,5524933,0.0,0.0
2012-08-16,110.44441522248182,110.91948967023396,106.37529716576951,106.7264404296875,15209637,0.0,0.0
2012-08-17,106.62316347643213,108.81263390904947,106.62316347643213,108.27558898925781,8106841,0.0,0.0
2012-08-21,108.27558305408566,108.3168934441558,107.13954241743592,107.71788787841797,9939659,0.0,0.0
2012-08-22,107.47002008371668,108.68869125809856,107.13953697992807,108.08967590332031,4614480,0.0,0.0
2012-08-23,108.31690241665058,109.45295296684716,108.02772966220576,109.16378021240234,7858110,0.0,0.0
2012-08-24,108.93654747677058,110.01062732329001,108.27557148682003,109.53555297851562,11153512,0.0,0.0
2012-08-27,109.49424815801946,109.98997281109783,109.06048417685545,109.61817932128906,2666951,0.0,0.0
2012-08-28,109.61816368514755,110.91945544302088,109.61816368514755,110.77486419677734,6036077,0.0,0.0
2012-08-29,111.08472820243797,111.45652174374482,110.19654983292826,111.2706298828125,6062102,0.0,0.0
2012-08-30,111.08470096828658,112.88171737319972,109.92800041502846,111.7869873046875,24881699,0.0,0.0
2012-08-31,111.5391355828111,111.74569735677908,110.01064129987444,110.5683364868164,8145858,0.0,0.0
2012-09-03,111.12604671561559,111.47718999556145,110.03130647928104,110.54769134521484,6207435,0.0,0.0
2012-09-04,110.34111641679328,111.06405311487403,109.74211088243143,110.09325408935547,4050429,0.0,0.0
2012-09-05,109.88669773040833,111.24995029593003,109.88669773040833,110.60963439941406,6639310,0.0,0.0
2012-09-06,110.32047117849888,110.48571273768206,107.44936471964638,107.59395599365234,7167836,0.0,0.0
2012-09-07,108.6473787780563,108.93655148830314,107.57328907254369,108.54409790039062,10688325,0.0,0.0
2012-09-10,109.01917718222793,109.68015322634561,108.3375508533097,109.32901000976562,6622112,0.0,0.0
2012-09-11,109.30834628562062,110.65094861419432,108.68869047050718,110.42373657226562,3886091,0.0,0.0
2012-09-12,110.60964588999276,111.53913458678197,110.21719227017643,111.24996185302734,5756128,0.0,0.0
2012-09-13,111.1879945683838,111.6630689410364,110.69226009197018,111.39454650878906,5623795,0.0,0.0
2012-09-14,112.20011309862134,112.69584761529691,110.23785477624153,110.81620025634766,17152709,0.0,0.0
2012-09-17,110.94010583936075,111.06403698508119,103.73138037026582,104.72283935546875,29568650,0.0,0.0
2012-09-18,104.90875829337547,106.68512481360955,104.02057994297944,105.01203918457031,13665518,0.0,0.0
2012-09-20,105.21859153759448,106.29267156834636,104.76417721742494,105.9415283203125,11276169,0.0,0.0
2012-09-21,106.58185442886189,109.28770970952293,106.10678000129897,108.06903839111328,18714031,0.0,0.0
2012-09-24,108.02773405601933,108.06904445119166,104.9500752476311,105.69367218017578,11751520,0.0,0.0
2012-09-25,105.71428957673068,108.15162154605137,105.3424863509532,107.73851776123047,11113459,0.0,0.0
2012-09-26,108.52344302616883,109.30835023981379,107.59395436015433,108.97786712646484,15978962,0.0,0.0
2012-09-27,109.10176852905786,110.71289290597285,108.27555115165117,110.27912902832031,19205494,0.0,0.0
2012-09-28,110.09326865367463,112.71650318135673,109.9280270801895,112.53060150146484,14714650,0.0,0.0
2012-10-01,112.15879243235105,113.60466581960206,111.78699894348559,112.88172912597656,7859325,0.0,0.0
2012-10-03,112.9850203585909,113.08829142746337,110.54767780546281,111.64241790771484,13329816,0.0,0.0
2012-10-04,111.663090621931,114.20370453081269,111.663090621931,113.72863006591797,10281333,0.0,0.0
2012-10-05,114.22433504930922,115.6702183015138,90.98702032634688,113.8731918334961,12710975,0.0,0.0
2012-10-08,113.89384717900124,115.42234132580553,113.21222088005119,114.74071502685547,8934222,0.0,0.0
2012-10-09,115.05056382111444,116.18661435678735,114.7613910703665,115.69087982177734,6003945,0.0,0.0
2012-10-10,115.46365497235243,116.41380372481304,114.84399914647008,116.08332061767578,6227474,0.0,0.0
2012-10-11,115.27775436502371,117.59115557788394,114.16236414384323,117.11608123779297,9131999,0.0,0.0
2012-10-12,117.63246596313358,117.81836760647708,116.3311740986096,117.11608123779297,5071211,0.0,0.0
2012-10-15,116.95086559215655,118.78919287196983,115.71154394081549,118.45870971679688,5350707,0.0,0.0
2012-10-16,117.73577220711039,119.14033542771064,117.36396884030268,118.33477783203125,7096362,0.0,0.0
2012-10-17,118.25216880481278,119.53280097032662,117.77709431509722,119.07837677001953,4546689,0.0,0.0
2012-10-18,119.18162556477544,120.62749893377492,118.2108167380535,120.4622573852539,13199646,0.0,0.0
2012-10-19,120.37964909221517,123.5192682979588,119.88392439525437,122.89961242675781,21003616,0.0,0.0
2012-10-22,123.10614753260705,123.2300786898831,120.2763615595362,121.4537124633789,11413513,0.0,0.0
2012-10-23,121.80487645893193,121.80487645893193,119.18164196654982,119.80130767822266,5504503,0.0,0.0
2012-10-25,120.33833001882883,121.45372032596102,119.24359981563366,120.64816284179688,12373775,0.0,0.0
2012-10-29,118.14888789944025,119.8013234687405,118.04560699406773,119.07837677001953,4612491,0.0,0.0
2012-10-30,118.62393421355279,119.14031897887678,117.15740069447735,117.36395263671875,5376753,0.0,0.0
2012-10-31,117.71509192162762,117.96295424404934,116.22790816765655,116.7236328125,5920711,0.0,0.0
2012-11-01,116.51706985844594,116.82690264189341,114.51349172640815,115.38101959228516,6825659,0.0,0.0
2012-11-02,116.28988573950868,118.47935621132159,116.24857534643455,116.99217224121094,11088683,0.0,0.0
2012-11-05,117.34330895298481,119.38818802536423,116.8475744442785,119.24360656738281,6061704,0.0,0.0
2012-11-06,119.34688390284647,120.29703275994852,118.12821258190208,119.45016479492188,6039762,0.0,0.0
2012-11-07,119.73934451188141,120.11113806998777,118.58264362277447,119.78065490722656,6562533,0.0,0.0
2012-11-08,118.97507970136354,120.40030285925864,118.74786765083039,119.38818359375,3890518,0.0,0.0
2012-11-09,118.99571506760066,119.96652382215899,118.39670958901785,119.03702545166016,3955519,0.0,0.0
2012-11-12,118.9337740464363,119.80130207442214,116.99216603604931,117.24002838134766,5537113,0.0,0.0
2012-11-15,116.8475664123594,116.8475664123594,113.83187863496782,114.20368194580078,12677572,0.0,0.0
2012-11-16,114.63744936857167,116.10398303895727,112.84043255650212,113.46009826660156,8524566,0.0,0.0
2012-11-19,113.21220591671114,116.7855883075098,112.77844199844823,116.37247467041016,8544540,0.0,0.0
2012-11-20,117.1160940175338,117.63247879922244,115.33972761908126,115.89742279052734,6977187,0.0,0.0
2012-11-21,115.89742666077574,118.66525232527619,115.09186912388444,118.19017791748047,8596423,0.0,0.0
2012-11-22,118.74786765083039,119.49146447656723,117.57050682836714,119.38818359375,6368703,0.0,0.0
2012-11-23,119.36752973342172,119.36752973342172,116.86822671074252,118.39672088623047,3948098,0.0,0.0
2012-11-26,118.87181685306902,118.97509775155541,117.73577606693233,118.6032943725586,2225560,0.0,0.0
2012-11-27,118.60327955815005,121.86683967325358,118.56196916780401,121.5570068359375,9705650,0.0,0.0
2012-11-29,121.47435773985609,123.91168984101931,121.30911621698932,123.10613250732422,16121088,0.0,0.0
2012-11-30,122.34189939784598,123.5192502912135,121.37109061199382,123.31269836425781,8896588,0.0,0.0
2012-12-03,122.89962181109314,123.23010496763528,121.51570886390918,122.34192657470703,5699933,0.0,0.0
2012-12-04,121.76357616405828,122.36258181927838,121.04063932011434,121.92881774902344,4804648,0.0,0.0
2012-12-05,121.70155716432217,123.49858323334614,121.70155716432217,123.0648193359375,9258232,0.0,0.0
2012-12-06,123.29205546083105,124.84120973488251,121.8668323503708,124.49006652832031,9199364,0.0,0.0
2012-12-07,124.24221485972599,125.17171346902457,123.4573173609455,124.55204772949219,5323399,0.0,0.0
2012-12-10,124.18024274080604,125.02711066332274,123.106162758794,124.7379379272461,4218488,0.0,0.0
2012-12-11,124.73795901614783,126.28711366477255,124.36616543547747,125.295654296875,8880373,0.0,0.0
2012-12-12,125.33695866505008,126.61759075630515,125.31630837683903,126.39038848876953,7246709,0.0,0.0
2012-12-13,126.03922557848315,126.1631567467706,120.75144663434612,121.97010803222656,19125952,0.0,0.0
2012-12-14,120.8960247112201,122.651730942087,119.90456557316898,122.25927734375,6971314,0.0,0.0
2012-12-17,121.26783343751777,121.86683900396646,120.52423659593126,121.06127166748047,5896804,0.0,0.0
2012-12-18,121.2884763765618,122.27993549881187,119.8426029905242,121.08192443847656,6602118,0.0,0.0
2012-12-19,120.77209424209205,122.03207582091193,119.28491043616907,119.84260559082031,15781261,0.0,0.0
2012-12-20,119.78065537364401,119.84262587662438,118.1695303100241,118.6032943725586,11909531,0.0,0.0
2012-12-21,118.0042938493298,119.57410858557289,116.28989763226224,118.58264923095703,36910642,0.0,0.0
2012-12-24,119.5534484772019,120.11114375045813,118.31412673879284,118.58264923095703,7609381,0.0,0.0
2012-12-26,118.7685442371753,120.21441788061902,118.0042872010394,120.00786590576172,6727355,0.0,0.0
2012-12-27,120.83405766364093,120.93732871916069,118.76851871996026,119.14031219482422,11063458,0.0,0.0
2012-12-28,118.64458266921392,119.80129316681771,118.64458266921392,119.55342102050781,5271735,0.0,0.0
2012-12-31,119.0163921176945,119.57408729163551,118.14886410946593,118.4793472290039,3555805,0.0,0.0
2013-01-01,118.70657834091027,119.47082558725701,118.4174055648899,118.66526794433594,4135426,0.0,0.0
2013-01-02,118.9750886261742,119.61540461712656,117.5292052554775,117.90100860595703,10172580,0.0,0.0
2013-01-03,118.19017128219794,118.35541283746895,116.82691863177102,117.1367416381836,6775685,0.0,0.0
2013-01-04,117.65314910059666,117.65314910059666,115.71155063223345,116.66168975830078,9390712,0.0,0.0
2013-01-07,117.44658126375334,117.73576382166132,115.05055893472083,115.27777099609375,12635903,0.0,0.0
2013-01-08,115.31908522778495,118.23149245364881,115.31908522778495,118.02494049072266,13951970,0.0,0.0
2013-01-09,117.63246570449667,118.02491927322548,115.13316285378812,115.4636459350586,11080003,0.0,0.0
2013-01-10,115.6908670182298,116.49642450159735,115.05055108843086,116.08332061767578,13002083,0.0,0.0
2013-01-11,115.56694474038493,115.9593983700114,112.40666541730955,112.94371032714844,14446914,0.0,0.0
2013-01-14,113.00564713752671,115.05053563690826,113.00564713752671,114.80267333984375,10672635,0.0,0.0
2013-01-15,114.94727036389187,117.81837672909084,113.5013969487611,117.36395263671875,18493615,0.0,0.0
2013-01-16,117.7151007109175,118.08689422231035,116.68233113760705,117.32264709472656,9275325,0.0,0.0
2013-01-17,116.95084186400732,118.49999606873645,116.28986586832431,117.85968017578125,12679955,0.0,0.0
2013-01-18,118.4380537791123,119.73934597757736,117.59118575444906,118.74788665771484,25503518,0.0,0.0
2013-01-21,119.38819016035868,120.62751172512463,118.27279977012513,120.44161987304688,20932912,0.0,0.0
2013-01-22,120.46227433171548,120.52424483084913,118.97509036637084,119.45016479492188,13126951,0.0,0.0
2013-01-23,119.59472983791498,121.22651468364442,119.28490684311747,120.93733215332031,12173272,0.0,0.0
2013-01-24,121.04061736846587,123.3540187773105,120.97864687562134,122.87894439697266,20890877,0.0,0.0
2013-01-25,123.51926871612969,124.1389344088703,122.75502156267359,123.8291015625,21446627,0.0,0.0
2013-01-28,123.93240256974882,124.42812734886166,123.27142637815497,124.24222564697266,8666800,0.0,0.0
2013-01-29,123.56056490852176,126.72084386722345,123.56056490852176,126.05986785888672,14882640,0.0,0.0
2013-01-30,125.91529922848954,126.80347754492398,123.93238082112934,125.66742706298828,11567670,0.0,0.0
2013-01-31,126.26641856089931,127.81557278016996,125.21299879790436,127.09263610839844,14321914,0.0,0.0
2013-02-01,127.13394076196943,128.0427790412923,125.81199863724531,127.81556701660156,10288134,0.0,0.0
2013-02-04,127.81559997619,128.4352657235241,126.51431761789655,126.92742156982422,12057509,0.0,0.0
2013-02-05,125.99794129141311,126.70021805719574,124.75861953235342,124.94451141357422,8287651,0.0,0.0
2013-02-06,125.31629535930473,126.36971525415484,124.38679681973393,125.93595123291016,12805908,0.0,0.0
2013-02-07,125.19234740838287,126.16315628558091,124.75859323068306,125.60546112060547,6726127,0.0,0.0
2013-02-08,124.75860773818766,126.5556246099138,123.60189706500975,124.65532684326172,11725383,0.0,0.0
2013-02-11,125.17169485107065,125.37824679371154,122.50715024240053,123.58123016357422,8361801,0.0,0.0
2013-02-12,123.31274782473159,124.32486740193383,123.10619581492834,123.95306396484375,6881967,0.0,0.0
2013-02-13,124.34551072763915,125.7913845347115,123.60191371455785,124.07698822021484,11002502,0.0,0.0
2013-02-14,124.07698405393504,124.73796024552888,123.5605991659708,124.24222564697266,12006132,0.0,0.0
2013-02-15,123.72584312499768,124.73796263087274,123.66388243614539,124.18026733398438,7278310,0.0,0.0
2013-02-18,124.11825033849712,124.30415197431358,123.41597381768804,124.05628967285156,11633478,0.0,0.0
2013-02-19,123.9323645120066,124.98578425385394,123.31269890896202,124.6139907836914,5803756,0.0,0.0
2013-02-20,125.15105752819198,126.28710814867247,123.66387345102608,123.9323959350586,11504295,0.0,0.0
2013-02-21,123.72582801805912,124.1389417775552,121.76356957364037,122.52781677246094,16074899,0.0,0.0
2013-02-22,122.27994534745454,123.20943405342126,120.0491645975811,120.62751007080078,10156398,0.0,0.0
2013-02-25,120.99930749336043,121.8048649871125,119.42949307533983,120.89602661132812,8569888,0.0,0.0
2013-02-26,121.04062343451889,123.2507538919733,119.30556738121108,120.15243530273438,11031449,0.0,0.0
2013-02-27,120.62749971901988,122.85829009689724,120.31767672324652,121.78421020507812,16567232,0.0,0.0
2013-02-28,122.21796436304896,125.54348491672462,120.29701661982655,121.78421020507812,50205465,0.0,0.0
2013-03-01,121.86681920707333,122.98220937854065,119.38816674424834,120.31766510009766,17510246,0.0,0.0
2013-03-04,120.31770630734312,121.47440725837384,117.57053050177156,120.83409118652344,14256708,0.0,0.0
2013-03-05,121.32976513492837,122.98219998391532,119.80127124613864,120.87535095214844,15811390,0.0,0.0
2013-03-06,122.21799365158644,122.21799365158644,118.29347644986498,118.58264923095703,14958148,0.0,0.0
2013-03-07,118.21083610532332,121.78422936502604,117.83904256023767,120.77210998535156,16443754,0.0,0.0
2013-03-08,121.63961362042265,123.51925089405343,120.81339608912725,122.98221588134766,9372390,0.0,0.0
2013-03-11,123.1061745135264,123.72583043571532,122.4865087718949,122.92027282714844,6885601,0.0,0.0
2013-03-12,122.65175371687687,124.11828750213154,121.9494769857913,123.45732116699219,6268604,0.0,0.0
2013-03-13,123.10614698109396,125.06840502500117,123.10614698109396,124.6139907836914,11639177,0.0,0.0
2013-03-14,124.61399121349636,125.54347980182875,123.93236493946056,124.7172622680664,8599115,0.0,0.0
2013-03-15,124.77923275636074,125.17168633038386,124.40743928491587,124.7172622680664,9800403,0.0,0.0
2013-03-18,124.26285669814463,126.16315421259762,124.15957581692568,125.68807983398438,6293690,0.0,0.0
2013-03-19,126.82416338912661,127.03071538609603,125.44025028026599,126.53498077392578,13253356,0.0,0.0
2013-03-20,125.99792272817055,127.23724430464131,125.64677948729144,126.9067611694336,15814368,0.0,0.0
2013-03-21,126.92742123317531,127.1959437109374,125.66743945397383,125.99793243408203,14602797,0.0,0.0
2013-03-22,126.57624112110834,126.8241132388989,125.23363894254858,126.24575805664062,7996002,0.0,0.0
2013-03-25,126.4729669214579,127.23721389871424,124.44873856315763,124.92381286621094,9553762,0.0,0.0
2013-03-26,125.17172051630848,127.23726000511819,124.75861654632378,126.55563354492188,9322445,0.0,0.0
2013-03-28,127.11330594863031,128.06345472812285,125.83267405259824,127.83624267578125,12958612,0.0,0.0
2013-04-01,127.65034822365094,128.02215157020146,126.2870954714773,126.9067611694336,4215721,0.0,0.0
2013-04-02,126.65888870439449,127.48510635993655,125.75005026524241,126.88610076904297,6366149,0.0,0.0
2013-04-03,126.80346853459199,127.81557795213831,125.7293886252134,127.07199096679688,7516772,0.0,0.0
2013-04-04,126.78282323052036,126.9687150744374,123.35402160788186,123.74647521972656,6915582,0.0,0.0
2013-04-05,123.7051642422576,123.7051642422576,119.80129806637,120.33833312988281,10967923,0.0,0.0
2013-04-08,120.81339615285432,121.37109126837083,117.98361018965723,120.9786376953125,7847505,0.0,0.0
2013-04-09,121.14389549891852,122.05273392387224,118.12820748593992,118.64459228515625,9673947,0.0,0.0
2013-04-10,120.2144268960955,120.2144268960955,116.14530849875159,117.67381286621094,13937871,0.0,0.0
2013-04-11,118.80982887357037,119.32621360848007,117.05411291932498,117.85968017578125,15866524,0.0,0.0
2013-04-12,118.91312905984412,122.13536941672196,118.14888182162063,120.99932861328125,13440094,0.0,0.0
2013-04-15,120.62749497984244,124.30415859168373,119.4707943586691,123.91170501708984,11683138,0.0,0.0
2013-04-16,123.87040464583988,127.60902922888108,122.98222637012552,127.2165756225586,10469351,0.0,0.0
2013-04-17,127.2372362016986,129.71587919679087,126.86544269826712,129.34408569335938,11708165,0.0,0.0
2013-04-18,128.51785856899986,130.7486390632338,128.18737547931795,130.25291442871094,9165780,0.0,0.0
2013-04-22,129.571287534644,131.3683040554641,129.3234153991126,130.9552001953125,7086991,0.0,0.0
2013-04-23,131.1617840863404,131.3683360667479,129.73656069236426,131.20309448242188,4539153,0.0,0.0
2013-04-25,130.2735811070789,133.53714130617024,130.21162042968604,132.132568359375,19275779,0.0,0.0
2013-04-26,131.16176683561193,132.1325659255667,130.83128371042588,131.7401123046875,6704259,0.0,0.0
2013-04-29,131.4096384475119,134.26008506160142,130.81063283114497,134.11549377441406,6443266,0.0,0.0
2013-04-30,134.67317930023324,138.63901607437757,134.67317930023324,135.8505401611328,13308971,0.0,0.0
2013-05-02,135.31347695836166,138.37047490658273,134.34267800117317,137.79212951660156,9543366,0.0,0.0
2013-05-03,137.62688045888046,137.73015150601591,135.87117446318095,136.61476135253906,9014815,0.0,0.0
2013-05-06,136.32562823729882,137.3583979250183,134.4253304407842,134.7558135986328,4110204,0.0,0.0
2013-05-07,134.71446588463488,138.80423310781418,134.71446588463488,138.5150604248047,7964905,0.0,0.0
2013-05-08,139.11409997059747,142.43962100789008,138.1226407093928,141.6134033203125,7407715,0.0,0.0
2013-05-09,142.29499846744926,142.9146640518891,141.13829788667624,142.31565856933594,6235467,0.0,0.0
2013-05-10,141.94387694395175,146.30215722249952,141.28290092007416,145.88905334472656,10282713,0.0,0.0
2013-05-13,146.24018730816454,146.24018730816454,138.1226131577097,138.72161865234375,17051566,0.0,0.0
2013-05-14,140.00226053217938,140.39470428238394,137.58557844614762,138.74227905273438,10596122,0.0,0.0
2013-05-15,139.6511191626347,142.08845156324844,138.80424152473637,141.4687957763672,12882200,0.0,0.0
2013-05-16,140.93177271336356,141.90257183917086,137.4203599202574,139.21737670898438,11503781,0.0,0.0
2013-05-17,139.89897714645255,141.05567773226264,137.60622625736892,138.34982299804688,25342119,0.0,0.0
2013-05-20,138.3911427790056,141.32420973691268,137.97803890582463,138.24655151367188,11509947,0.0,0.0
2013-05-21,137.97805515929738,138.55640064987838,135.85054541319818,136.7387237548828,8003621,0.0,0.0
2013-05-22,135.97445306721744,139.21735266073955,135.97445306721744,138.61834716796875,10133253,0.0,0.0
2013-05-23,137.7302072915575,138.7836372073169,136.4702351978704,137.35841369628906,8023579,0.0,0.0
2013-05-24,137.9780473807699,138.04000805583243,135.78856726010537,136.2843017578125,11023742,0.0,0.0
2013-05-27,136.32561221648712,138.22590978968122,136.11906026710545,137.93673706054688,8316915,0.0,0.0
2013-05-28,137.42037217135305,141.22095804850056,137.39971206370328,140.4567108154297,8513216,0.0,0.0
2013-05-29,140.8697708122719,141.75795877517584,139.40323748786003,141.55140686035156,7100118,0.0,0.0
2013-05-30,141.44812073726231,147.02508114692608,141.24156883011315,146.36410522460938,17541039,0.0,0.0
2013-05-31,147.47690495082688,147.47690495082688,142.0645163845239,142.60995483398438,11554816,3.5,0.0
2013-06-03,142.92462648963348,143.44908192107852,139.79886693230745,140.99462890625,7558341,0.0,0.0
2013-06-04,140.91072122352702,142.10648323470997,140.59604596027768,141.5190887451172,9610688,0.0,0.0
2013-06-05,140.76389265635245,141.3722602753948,138.6031414502124,140.13455200195312,8687291,0.0,0.0
2013-06-06,140.13452641361505,141.2883223891222,138.49822106513815,140.5121307373047,6641257,0.0,0.0
2013-06-07,139.71496292864,142.0225649656634,138.93877123878048,140.07159423828125,6774172,0.0,0.0
2013-06-10,140.15551608562794,141.81279466239872,140.07160400373414,141.3932342529297,4959399,0.0,0.0
2013-06-11,140.47014866604036,141.49807634313075,139.71493018572542,140.28134155273438,10251272,0.0,0.0
2013-06-12,139.6310425872089,140.11354198235432,137.63811593977516,138.87582397460938,10494305,0.0,0.0
2013-06-13,138.09961518049602,138.6030975173399,135.7290745346979,137.1975555419922,12828233,0.0,0.0
2013-06-14,138.2045341119991,139.7149614375768,136.88290396904907,139.1905059814453,8419326,0.0,0.0
2013-06-17,139.63105501090044,139.63105501090044,136.8199704609878,139.2324676513672,5305728,0.0,0.0
2013-06-18,138.68701969018878,139.337343194143,137.74299397961508,138.51919555664062,8416458,0.0,0.0
2013-06-19,138.435294932897,138.74997021843515,137.2814988498061,138.41432189941406,7072114,0.0,0.0
2013-06-20,137.55419321228956,137.5751662419785,133.84103947671503,135.3934326171875,16222500,0.0,0.0
2013-06-21,135.0997713885841,136.27455053509777,133.2117295566144,135.24661254882812,10469359,0.0,0.0
2013-06-24,134.40744990956136,136.6101563843864,130.63136741999102,131.91104125976562,13174419,0.0,0.0
2013-06-25,132.7921221941331,134.88994365162364,130.48452058547542,134.13473510742188,12938648,0.0,0.0
2013-06-26,134.99485439778536,137.15561513812472,133.71518036762498,135.4983367919922,13696270,0.0,0.0
2013-06-27,136.73607125895367,137.15564166408956,133.02292652858324,134.97390747070312,16042871,0.0,0.0
2013-06-28,135.35148826211488,138.45626483800902,134.785076790907,136.08572387695312,14351872,0.0,0.0
2013-07-01,136.35844696287944,137.11366560353906,135.30953606253985,136.7570343017578,13805909,0.0,0.0
2013-07-02,136.35845601405245,137.0087796186807,135.30954504408848,136.29551696777344,9378833,0.0,0.0
2013-07-03,135.8549566209261,137.40734984879757,134.3235463968349,136.9248504638672,10526108,0.0,0.0
2013-07-04,136.9877780036011,142.56799038736273,136.92484893878228,142.16940307617188,10017235,0.0,0.0
2013-07-05,143.4910615964945,144.7497528447469,142.90366702842343,143.7427978515625,7077513,0.0,0.0
2013-07-08,143.1553954397716,146.26017211793751,142.127457566809,145.46299743652344,8258683,0.0,0.0
2013-07-09,144.93854868585456,146.78463435778283,144.93854868585456,145.77767944335938,7207959,0.0,0.0
2013-07-10,146.3860414882303,146.3860414882303,143.95256138577872,144.98049926757812,6978260,0.0,0.0
2013-07-11,147.62373958437334,148.69363343134145,145.08537454621708,148.27406311035156,7181688,0.0,0.0
2013-07-12,148.21110811007208,148.21110811007208,145.84056762595338,147.09925842285156,6640357,0.0,0.0
2013-07-15,147.83353042628616,148.2530907763378,145.92450590127456,147.93841552734375,6913287,0.0,0.0
2013-07-16,146.00840653487936,151.8823108129808,146.00840653487936,151.0641632080078,10138682,0.0,0.0
2013-07-17,151.4627760405144,155.40667360597007,151.35788095707136,154.54656982421875,18657124,0.0,0.0
2013-07-18,154.50456969154362,156.03597962987766,153.05707180685184,154.67239379882812,11876973,0.0,0.0
2013-07-19,154.6095025198643,156.0360177532231,153.2249333506664,154.8402557373047,8416022,0.0,0.0
2013-07-22,154.08504327622947,155.44861943395168,153.7493850150068,154.73536682128906,6178646,0.0,0.0
2013-07-23,155.38570581158075,157.79820305589968,155.00810144969634,157.65135192871094,7698275,0.0,0.0
2013-07-24,157.5464493981692,159.4344809717846,154.7773211317367,157.6723175048828,11098230,0.0,0.0
2013-07-25,156.87512968376515,156.91708571581344,149.26003507017654,150.5816650390625,22053243,0.0,0.0
2013-07-26,151.3158989375235,156.39262862459648,146.7006855979527,154.46263122558594,18237723,0.0,0.0
2013-07-29,153.14101564708116,154.27383857929362,149.19710841564702,150.18309020996094,8271173,0.0,0.0
2013-07-30,149.19707974198482,150.45578051179183,146.4279619833906,147.09925842285156,5800384,0.0,0.0
2013-07-31,146.8475386686502,148.9034041900655,140.99461733202187,143.3651580810547,20733349,0.0,0.0
2013-08-01,144.1203845062312,146.44896951145702,141.41419516485166,142.40017700195312,9914519,0.0,0.0
2013-08-02,142.65191049418758,144.33017190188673,138.30941583348093,139.69398498535156,9392407,0.0,0.0
2013-08-05,139.8198639856485,143.050508970132,139.35833757477272,140.721923828125,8968417,0.0,0.0
2013-08-06,140.7009194677379,140.8897166184136,138.03668660040069,138.56114196777344,11537641,0.0,0.0
2013-08-07,138.87582549658444,139.61007108591699,133.63127113227114,135.14170837402344,12292430,0.0,0.0
2013-08-08,135.1417237739046,137.28150179946334,134.4284611077477,136.50531005859375,9466948,0.0,0.0
2013-08-12,138.41430063080986,141.6029890902749,136.35843504688438,140.82679748535156,19052782,0.0,0.0
2013-08-13,141.56103260382625,142.31625117607254,139.54712305977628,140.2184295654297,15484074,0.0,0.0
2013-08-14,139.77788209859338,141.39320429213535,138.07864784093832,140.4911346435547,10010708,0.0,0.0
2013-08-16,140.13451660883555,141.81276790294504,133.2117013485172,134.42843627929688,18695389,0.0,0.0
2013-08-19,134.42841990238352,135.03678729365825,130.06495310720953,131.7012481689453,12856446,0.0,0.0
2013-08-20,130.98801870461676,135.39344230159747,127.12802356639219,132.28866577148438,19429002,0.0,0.0
2013-08-21,134.26059073003483,134.63819496706958,124.2539837059833,126.22593688964844,15496832,0.0,0.0
2013-08-22,126.28889506678135,130.35867045167342,121.67369121372197,129.20486450195312,20889755,0.0,0.0
2013-08-23,129.51953523804238,130.00203462180573,126.3098736628034,129.4356231689453,15306783,0.0,0.0
2013-08-26,130.16986348328885,131.17681832190206,128.40769999539887,129.0160675048828,9031368,0.0,0.0
2013-08-27,128.49162256514774,128.70140276264118,121.94641059297065,124.9882583618164,17972729,0.0,0.0
2013-08-28,124.19106253954278,127.88323327980918,119.65977115186132,125.11410522460938,21508924,0.0,0.0
2013-08-29,125.74346348872464,129.64540466015146,123.77150989906832,128.19790649414062,18027050,0.0,0.0
2013-08-30,128.38670837915993,130.90410029329024,125.86932643793983,129.51953125,17712666,0.0,0.0
2013-09-02,130.064968952538,135.85495137522648,129.56148658326805,134.42843627929688,14240134,0.0,0.0
2013-09-03,134.84798768954005,135.7920133296336,124.02323215474934,126.16300964355469,20983697,0.0,0.0
2013-09-04,127.96715728536785,127.96715728536785,123.18411928423903,125.806396484375,21763209,0.0,0.0
2013-09-05,129.12095544216987,132.7501875471371,129.01607033614627,130.967041015625,14149234,0.0,0.0
2013-09-06,131.3236528277506,133.75712255795597,130.1908300241785,132.7501678466797,11458530,0.0,0.0
2013-09-10,134.26061706765293,141.98059723846814,133.84104674906624,140.9316864013672,18861194,0.0,0.0
2013-09-11,140.97362160657238,141.39319186316604,137.21852216241336,138.4352569580078,11738218,0.0,0.0
2013-09-12,139.1905044667505,142.19039602584039,138.14159356590196,141.18344116210938,16830618,0.0,0.0
2013-09-13,141.74981566273587,142.19035892397378,138.43524970368205,139.02264404296875,11429753,0.0,0.0
2013-09-16,140.57507234499403,142.23236084574984,138.60312850579385,140.11355590820312,11057970,0.0,0.0
2013-09-17,139.3373326583966,142.56797690364974,139.10656950576154,142.10646057128906,6832496,0.0,0.0
2013-09-18,143.07149387602269,144.74975555370912,142.31628509668514,144.14138793945312,10523047,0.0,0.0
2013-09-19,146.17622034091872,149.57469856183585,146.11329128423847,149.1341552734375,15353164,0.0,0.0
2013-09-20,148.9034038990517,150.20405086622495,145.29515522204306,149.07122802734375,13341518,0.0,0.0
2013-09-23,147.3090469991267,149.78447253967954,145.441978864046,146.7845916748047,8171977,0.0,0.0
2013-09-24,145.71471815260531,148.37895116923417,144.8336314903814,146.40699768066406,13086701,0.0,0.0
2013-09-25,146.637757614488,146.84753777398495,141.33026472821058,144.6448211669922,11272774,0.0,0.0
2013-09-26,144.0364563872565,146.84754049533996,143.0714576627774,146.55384826660156,12304592,0.0,0.0
2013-09-27,147.22516217110942,147.22516217110942,144.77070920372006,145.96646118164062,8599981,0.0,0.0
2013-09-30,144.896596859334,145.37909631095906,141.9596441091343,142.8197479248047,8652819,0.0,0.0
2013-10-01,142.7987285398307,144.12034837145933,141.81274694994082,143.9105682373047,6647152,0.0,0.0
2013-10-03,145.1692942815151,145.1692942815151,141.39322103067357,142.12745666503906,12020302,0.0,0.0
2013-10-04,142.12744237936516,143.38613333646404,140.7009272910411,142.58895874023438,6919912,0.0,0.0
2013-10-07,142.1903827119498,143.05048637877888,139.29538650318003,142.67288208007812,8143249,0.0,0.0
2013-10-08,143.59594657114448,146.2811632078923,142.484106459262,145.86160278320312,8714072,0.0,0.0
2013-10-09,145.7986381634357,147.05732918967115,144.14135981719204,146.2391815185547,8084153,0.0,0.0
2013-10-10,145.46296677446432,147.1831739136487,144.62383623264049,145.65176391601562,5327196,0.0,0.0
2013-10-11,146.26016739035003,146.8265788619074,142.945600659962,143.574951171875,5551234,0.0,0.0
2013-10-14,144.12039185690531,144.12039185690531,142.08550898225698,142.56800842285156,4174761,0.0,0.0
2013-10-15,142.2323561207615,143.826695549623,139.86181502371502,142.65191650390625,7804813,0.0,0.0
2013-10-17,142.65193139736388,145.37910409126732,142.316283055805,144.95953369140625,7001561,0.0,0.0
2013-10-18,145.88254798620537,149.4068947728617,144.8126641209065,148.75656127929688,12205708,0.0,0.0
2013-10-21,148.9453512760727,149.36492154533195,143.91057785532706,144.62384033203125,10146755,0.0,0.0
2013-10-22,143.65887742083444,144.66583235552088,142.8617026865177,143.30224609375,6778420,0.0,0.0
2013-10-23,143.55396487580947,144.5399466570042,142.02255463998603,143.32321166992188,7369486,0.0,0.0
2013-10-24,143.6588434880502,146.15525221506778,142.73580085153796,143.80569458007812,10032443,0.0,0.0
2013-10-25,144.70776464910864,145.5888513189873,140.97363780364918,142.67288208007812,9141374,0.0,0.0
2013-10-28,141.81276166923035,141.81276166923035,136.90385615595406,137.5961456298828,20979323,0.0,0.0
2013-10-29,137.32344383471067,139.31637052782918,135.5193143193869,137.57518005371094,17718103,0.0,0.0
2013-10-30,138.24650005641834,139.92475165255703,136.58922149411399,139.75692749023438,16308034,0.0,0.0
2013-10-31,139.02265188866085,141.1834122906222,138.6030916032844,140.55406188964844,17085463,0.0,0.0
2013-11-01,139.7779004197656,140.13453172544612,137.1975791778015,137.63812255859375,10738775,0.0,0.0
2013-11-05,138.07867436954413,138.41432269048354,133.46346009206817,133.841064453125,20264398,0.0,0.0
2013-11-06,134.26061786890403,135.33050174321846,133.08583892108928,133.71517944335938,9455959,0.0,0.0
2013-11-07,133.86200749627454,135.8549337662488,132.16277341944297,134.44940185546875,11236270,0.0,0.0
2013-11-08,134.61723095435377,135.81298277148582,133.0858209311399,134.07179260253906,6918568,0.0,0.0
2013-11-11,133.37952742847324,135.05778872000172,131.36561786780317,132.85507202148438,9778374,0.0,0.0
2013-11-12,133.42149900108996,134.63823409134588,132.91802653874052,134.2186737060547,6633652,0.0,0.0
2013-11-13,134.26063616493232,134.26063616493232,131.53346361139168,131.80618286132812,7681690,0.0,0.0
2013-11-14,130.90409434022982,133.4214761669682,130.90409434022982,131.93202209472656,6680746,0.0,0.0
2013-11-18,132.58237675205373,137.19759115050763,132.58237675205373,136.81997680664062,13010277,0.0,0.0
2013-11-19,137.15562065586695,137.47028594538065,135.3095350910254,135.72909545898438,7460717,0.0,0.0
2013-11-20,135.66616907521717,136.71507998878465,134.26062685537096,134.57530212402344,11691152,0.0,0.0
2013-11-21,133.9669162699232,134.26060849313996,130.5264817634588,131.30267333984375,10374316,0.0,0.0
2013-11-22,132.14180826081684,132.54039556321024,129.1209439476066,129.51953125,9296542,0.0,0.0
2013-11-25,130.63136222834635,132.9599466701341,130.48451114669726,132.66624450683594,6767726,0.0,0.0
2013-11-26,132.26768553102585,132.66627286105427,129.6663913429384,130.37965393066406,10613086,0.0,0.0
2013-11-27,129.66640484819584,132.2467262734064,129.66640484819584,131.80618286132812,7647866,0.0,0.0
2013-11-28,132.58235812157443,132.9180163770575,130.90410673580178,131.533447265625,10565222,0.0,0.0
2013-11-29,131.34463294640756,134.6801724774768,131.34463294640756,134.42843627929688,7762627,0.0,0.0
2013-12-02,134.65918518372476,135.81298095628927,133.69418655334186,134.8899383544922,5281591,0.0,0.0
2013-12-03,135.07878389373906,135.07878389373906,133.19074212449172,133.92498779296875,5785728,0.0,0.0
2013-12-04,133.841063569975,134.00889770224907,130.8411817890942,131.2607421875,6843370,0.0,0.0
2013-12-05,132.58239622870929,133.6103343489056,129.03707531984674,129.54055786132812,16005883,0.0,0.0
2013-12-06,129.96005484168052,131.05092151353577,129.41462649220722,130.5054931640625,13210184,0.0,0.0
2013-12-09,132.5823683655386,133.25367495546251,130.33770534303602,131.3446502685547,9736518,0.0,0.0
2013-12-10,131.42854623617916,133.63125278298432,131.32365117413198,133.3795166015625,16726976,0.0,0.0
2013-12-11,133.00194131838384,134.99486814838028,133.00194131838384,134.6172637939453,10911954,0.0,0.0
2013-12-12,134.6172488925966,135.09974827853165,132.45648817134554,132.9180145263672,6493545,0.0,0.0
2013-12-13,132.41453387735118,133.21170852075159,131.05094777109483,132.28866577148438,7430787,0.0,0.0
2013-12-16,131.89006958346576,132.16278878096563,130.35865943900282,131.23974609375,6639191,0.0,0.0
2013-12-17,132.09985862622884,132.51942895202885,130.94606266932783,132.28866577148438,8485441,0.0,0.0
2013-12-18,132.28867486440137,133.2746467479178,131.23976393717004,132.39356994628906,12437966,0.0,0.0
2013-12-19,133.00193195015913,133.2117121322912,130.5264958822678,131.5963897705078,11657325,0.0,0.0
2013-12-20,131.7431913252432,132.5403657507204,130.2117814964719,132.24667358398438,15604452,0.0,0.0
2013-12-23,132.246726226324,134.2186800766124,132.09987509804623,133.92498779296875,9074237,0.0,0.0
2013-12-24,134.1557069796101,134.26060204074417,133.21169132104092,133.8620147705078,6855665,0.0,0.0
2013-12-26,133.8830096245663,134.84800844183994,133.29562511060647,134.36550903320312,16056626,0.0,0.0
2013-12-27,134.68017621888166,135.79202608442853,134.26061587692647,135.28854370117188,8496764,0.0,0.0
2013-12-30,135.0997539789693,135.93887470912284,134.26062327590478,135.267578125,5980792,0.0,0.0
2013-12-31,135.5193188804529,135.93887925957412,134.38649588391425,135.0368194580078,5407304,0.0,0.0
2014-01-01,135.22562208849232,135.68713849007676,134.72213967748922,135.267578125,1930884,0.0,0.0
2014-01-02,135.24660734527885,136.35845737259928,131.86912116884125,132.14183044433594,7046088,0.0,0.0
2014-01-03,132.16278691184573,132.58234723059644,130.21180649738028,132.05789184570312,12462028,0.0,0.0
2014-01-06,132.16281237003483,132.87607502221488,131.5334617977687,132.43553161621094,8469206,0.0,0.0
2014-01-07,132.79213081761907,133.16974508715163,131.2187646223272,132.8760528564453,8078735,0.0,0.0
2014-01-08,133.21171458958602,133.4214947755878,131.63834823520588,132.93899536132812,7763390,0.0,0.0
2014-01-09,132.87604657731083,132.87604657731083,131.17680239053342,132.41452026367188,7959027,0.0,0.0
2014-01-10,133.2956205319908,136.14866084910022,131.74322728116996,135.3514862060547,9541138,0.0,0.0
2014-01-13,135.77103963863402,136.90386250610268,135.35147930731605,136.5472412109375,6603277,0.0,0.0
2014-01-14,136.77800911681348,138.45627056839817,135.8759493210107,136.127685546875,7859778,0.0,0.0
2014-01-15,136.4004339516456,138.24651994865147,134.8270672441115,137.9738006591797,9189578,0.0,0.0
2014-01-16,138.0366878123924,138.833852398387,135.79201523008086,136.56820678710938,4928354,0.0,0.0
2014-01-17,136.77801641287334,137.61714718342688,135.30954504408848,136.29551696777344,11712237,0.0,0.0
2014-01-20,136.14869239876927,138.66607504415782,135.56129779595835,138.5402069091797,8938669,0.0,0.0
2014-01-21,138.56114531461924,139.44222197584324,137.82689980423459,138.0576629638672,7243659,0.0,0.0
2014-01-22,137.82692080880452,137.9318158899624,135.43540670377178,137.34442138671875,11806241,0.0,0.0
2014-01-23,136.9248496851277,138.45625990050922,136.48430633735282,138.01571655273438,6535486,0.0,0.0
2014-01-24,137.57517241360384,138.62408324076563,135.68713093013056,136.04376220703125,5324998,0.0,0.0
2014-01-27,134.47041842031513,136.56824042493542,133.69422667210452,136.02281188964844,9599991,0.0,0.0
2014-01-28,136.0017942210708,137.59614332524288,133.7990776884409,137.0507049560547,13619641,0.0,0.0
2014-01-29,137.32345838733232,137.82693087868748,136.02281114508614,136.35845947265625,9476826,0.0,0.0
2014-01-30,134.91092368088908,136.6521138565795,133.42146968105314,136.1905975341797,15933336,0.0,0.0
2014-01-31,136.31647855841868,136.65212682474396,135.14169965336993,136.400390625,9742894,0.0,0.0
2014-02-03,135.37247707215835,136.25356390182498,134.13476888216607,134.38650512695312,6870129,0.0,0.0
2014-02-04,133.63128137431923,136.6731291225071,132.54041438184998,136.31649780273438,13377546,0.0,0.0
2014-02-05,135.30949162899842,136.2535071401395,133.2116705172112,133.82003784179688,9475363,0.0,0.0
2014-02-06,134.26061742079423,136.4843072045479,132.7921362612441,136.1696319580078,12047787,0.0,0.0
2014-02-07,137.1975688040029,137.1975688040029,134.34452854719444,135.70811462402344,12389542,0.0,0.0
2014-02-10,135.33052151010475,136.50531060242417,134.68019788898164,136.35845947265625,7082805,0.0,0.0
2014-02-11,135.98083029209337,136.88288999429773,135.33049681672279,136.400390625,7869507,0.0,0.0
2014-02-12,136.56823292651404,137.1975834825098,133.84106048108106,134.49139404296875,9472266,0.0,0.0
2014-02-13,134.55431555679192,135.51931436956116,132.26768663441555,132.95997619628906,4303860,0.0,0.0
2014-02-14,133.46344943816194,134.38649221997395,132.03693421513123,134.1767120361328,6031797,0.0,0.0
2014-02-17,134.68015551925515,135.20461085254834,133.23265760261685,134.30255126953125,5141648,0.0,0.0
2014-02-18,134.2606233011829,134.9109468536298,132.64530093596673,132.95997619628906,6074237,0.0,0.0
2014-02-19,133.33757139483055,133.778114734534,132.62430884999438,132.85507202148438,3359398,0.0,0.0
2014-02-20,132.58236173734429,132.9809490702246,130.652364114097,130.84117126464844,7077222,0.0,0.0
2014-02-21,131.53347487190842,133.35857775081496,131.15587047476276,133.25369262695312,7146272,0.0,0.0
2014-02-24,132.58233632404833,134.47037754893134,132.58233632404833,134.2815704345703,4309197,0.0,0.0
2014-02-25,133.88300391449758,135.26757301274495,133.88300391449758,135.07876586914062,5560257,0.0,0.0
2014-02-26,135.43538443712927,138.39330955370338,135.30951634418034,137.93179321289062,12391503,0.0,0.0
2014-02-28,136.33746812850782,139.29540373952977,136.33746812850782,137.4702911376953,12367281,0.0,0.0
2014-03-03,137.53324142805607,138.854871704484,136.7990057099002,138.12063598632812,9759053,0.0,0.0
2014-03-04,138.6240736753423,140.13451074706097,137.70103101438303,139.14852905273438,9650893,0.0,0.0
2014-03-05,139.19048159877755,140.11352423662447,138.2254829307062,139.84080505371094,6304100,0.0,0.0
2014-03-06,139.5890429734057,140.6169804825478,138.60307145961127,140.365234375,5899637,0.0,0.0
2014-03-07,139.33732207799784,142.40014196982128,138.8757958077731,141.8756866455078,20820893,0.0,0.0
2014-03-10,140.97367134064925,141.81280217696437,140.23943559871574,140.80584716796875,9347006,0.0,0.0
2014-03-11,140.7219366127258,141.0995410053654,137.95280781463077,140.13455200195312,9354714,0.0,0.0
2014-03-12,140.26041270678044,143.91061822777533,140.23942969962172,143.0714874267578,10726780,0.0,0.0
2014-03-13,143.21831124575374,145.50493999855087,143.19733821550685,144.0784149169922,6257265,0.0,0.0
2014-03-14,143.5329824208915,146.07134730227972,142.65189577142982,145.67276000976562,6897445,0.0,0.0
2014-03-18,146.84754683455645,149.78449916745504,145.86157503763081,149.32298278808594,13749124,0.0,0.0
2014-03-19,149.364914368468,151.04316544613837,149.1761072577279,150.91729736328125,8840284,0.0,0.0
2014-03-20,150.43483238621027,150.43483238621027,147.8125551293834,149.28103637695312,11469950,0.0,0.0
2014-03-21,149.5747288469263,150.4977716393723,147.917450416122,150.0782012939453,11193774,0.0,0.0
2014-03-24,149.3859203270008,152.42776790511803,149.09222806892495,151.31591796875,10948547,0.0,0.0
2014-03-25,150.62360229220803,153.1409838470722,150.4977342117557,152.2179412841797,9008127,0.0,0.0
2014-03-26,152.30190134376497,152.53266455045244,148.42093273467955,150.64462280273438,15149289,0.0,0.0
2014-03-27,150.62363164696643,152.17601491466172,149.38591365527222,151.00123596191406,26459965,0.0,0.0
2014-03-28,151.67257284230377,151.67257284230377,148.52583966939088,150.3928985595703,9733769,0.0,0.0
2014-03-31,150.68657001578666,151.4627716704645,146.70070655362588,148.04331970214844,12461507,0.0,0.0
2014-04-01,148.31602868743022,148.35798472211633,145.10635712875586,147.6656951904297,10255405,0.0,0.0
2014-04-02,147.938428356968,148.1062525115428,142.79876874501207,144.47702026367188,26083709,0.0,0.0
2014-04-03,144.58189092569654,145.86156484754966,142.96656875138743,145.1273193359375,10760165,0.0,0.0
2014-04-04,145.54689081219394,146.34406539119226,143.61689339900215,144.6448211669922,10707643,0.0,0.0
2014-04-07,144.64483537260602,145.5049490703804,142.92462792287898,144.93853759765625,11748896,0.0,0.0
2014-04-09,145.00146025436013,146.63776553261314,143.91059339316158,145.98744201660156,9400948,0.0,0.0
2014-04-10,146.09232965005452,146.72168014635722,143.9105958898074,144.26722717285156,11032927,0.0,0.0
2014-04-11,143.82669956929368,144.66583033194664,142.79877161540475,144.12039184570312,12132005,0.0,0.0
2014-04-15,143.78474226280642,144.3091977382292,141.2673599699418,143.05050659179688,7200749,0.0,0.0
2014-04-16,143.05048423443773,145.86156833469113,143.05048423443773,145.1902618408203,6787207,0.0,0.0
2014-04-17,145.67275579748014,148.4209007604865,144.33015283245703,148.21112060546875,8527505,0.0,0.0
2014-04-21,147.85450276227226,149.23906188384456,146.46994364069997,148.27406311035156,6880755,0.0,0.0
2014-04-22,148.06427587834966,148.54677524209626,146.448953655878,147.16221618652344,5147127,0.0,0.0
2014-04-23,147.68666739110296,148.94535831252492,146.2391693409493,148.1901397705078,11759510,0.0,0.0
2014-04-24,148.1901397705078,148.1901397705078,148.1901397705078,148.1901397705078,0,0.0,0.0
2014-04-25,148.39993398925768,149.3649327159415,143.70080845415674,144.09939575195312,7124547,0.0,0.0
2014-04-28,144.93855674286527,144.93855674286527,142.651927545458,143.49105834960938,7566809,0.0,0.0
2014-04-29,143.071447946097,143.86862248572845,142.02253722750075,142.7777557373047,6681067,0.0,0.0
2014-04-30,142.777760865704,144.7287412550319,142.06449836010805,142.96656799316406,6704337,0.0,0.0
2014-05-02,143.11341144682825,143.70080586798588,142.65189509463363,142.7567901611328,4510618,0.0,0.0
2014-05-05,142.86166714154294,144.9594885691112,142.86166714154294,144.62384033203125,6812515,0.0,0.0
2014-05-06,145.16928439101983,147.2671160179975,144.87559215186533,145.98744201660156,7776414,0.0,0.0
2014-05-07,146.00839746345326,147.0153521350545,144.95948676273986,145.44198608398438,7307541,0.0,0.0
2014-05-08,145.58886304271712,145.94549433999669,142.90364678366174,143.55397033691406,8634471,0.0,0.0
2014-05-09,143.8266932728278,146.51190960118123,143.1763697027924,144.98049926757812,8210979,0.0,0.0
2014-05-12,144.89660086596504,151.0432158127943,144.7497497338752,150.68658447265625,11539433,0.0,0.0
2014-05-13,151.0432099822224,153.07810285401945,150.20407920950956,151.39984130859375,11467467,0.0,0.0
2014-05-14,151.58862439759378,154.81926888242737,151.58862439759378,153.41372680664062,10709542,0.0,0.0
2014-05-15,153.41372046289848,155.11295470170302,152.78437001612207,154.46263122558594,9930518,0.0,0.0
2014-05-16,155.15494049037437,162.58122931665278,147.89647582264732,149.76353454589844,40343155,0.0,0.0
2014-05-19,151.04316562625286,151.46273587585242,141.18340936784176,141.85470581054688,25167174,0.0,0.0
2014-05-20,143.49105964945352,148.94539496647852,140.3652996195795,143.00856018066406,9597444,0.0,0.0
2014-05-21,142.4630602546081,143.86860201318362,142.1064390382766,143.34414672851562,11070806,0.0,0.0
2014-05-22,143.9106242608734,145.79866614908633,142.79878413056653,145.0854034423828,10932427,0.0,0.0
2014-05-23,146.42799654838146,146.5119086231219,142.94560555500811,143.9525604248047,10369650,0.0,0.0
2014-05-26,145.08537414125914,145.92450480798618,142.71484322186174,144.60287475585938,12807080,0.0,0.0
2014-05-27,144.74971872936558,145.84058555047136,143.57493984301396,144.24624633789062,7111658,0.0,0.0
2014-05-28,144.33017091222578,144.41408298474425,142.90364573358977,143.84767150878906,6491105,0.0,0.0
2014-05-29,144.74974717626037,146.00843837522166,142.8197493504941,143.70083618164062,15904432,0.0,0.0
2014-05-30,144.66581292576836,144.66581292576836,141.03658104161522,143.38613891601562,11472325,0.0,0.0
2014-06-02,143.49102579601384,143.9525421484919,140.7218977624159,141.24635314941406,11280670,0.0,0.0
2014-06-03,142.47797418313476,143.41842389718335,141.4947772166741,142.52072143554688,11193101,4.0,0.0
2014-06-04,142.13600673159502,142.69173121525256,140.53296940548248,141.47341918945312,15654413,0.0,0.0
2014-06-05,141.5161328158681,143.58938946079627,139.3573715190951,142.67031860351562,22003710,0.0,0.0
2014-06-06,143.2046526921322,144.85043674988822,142.3710763930038,143.93136596679688,16024262,0.0,0.0
2014-06-09,144.7435960733489,145.7054244754248,143.3329266101494,144.4657440185547,12511733,0.0,0.0
2014-06-10,144.914557968,145.32065167309216,143.01228035940457,144.20921325683594,8811973,0.0,0.0
2014-06-11,144.91459004436206,145.21382079470874,141.2810331462252,142.47796630859375,17591289,0.0,0.0
2014-06-12,142.77721429568356,143.71765384337957,141.55890236742223,142.81996154785156,10194744,0.0,0.0
2014-06-13,143.99551489900594,143.99551489900594,141.8581319859186,142.17874145507812,8416552,0.0,0.0
2014-06-16,142.88404454320937,144.2305979188416,142.26420444858118,143.71762084960938,10149136,0.0,0.0
2014-06-17,143.61077143035345,144.55122101223049,142.92680532690267,143.6535186767578,6098558,0.0,0.0
2014-06-18,143.82450235294834,143.97412279033068,142.02909774828223,142.32833862304688,6865546,0.0,0.0
2014-06-19,143.14052686388396,144.016860566679,142.4351922901322,143.73899841308594,8788560,0.0,0.0
2014-06-20,143.84589440131933,144.59397633567423,142.5207093667971,143.50390625,6990450,0.0,0.0
2014-06-23,143.20468406714085,143.20468406714085,133.5864610652173,134.63377380371094,33376555,0.0,0.0
2014-06-24,134.65513722435384,137.94670568737652,134.65513722435384,137.00625610351562,18077894,0.0,0.0
2014-06-25,136.40778474849031,136.6642783889215,134.86887371080775,135.10398864746094,13574151,0.0,0.0
2014-06-26,134.65512277943787,135.87342425433152,134.01390398982454,135.18946838378906,13659957,0.0,0.0
2014-06-27,135.510099267125,137.19863083175545,135.12536386795566,136.68565368652344,11439941,0.0,0.0
2014-06-30,137.04899582174951,139.95583890664503,137.02762728016648,138.95126342773438,22314069,0.0,0.0
2014-07-01,140.041355559827,140.041355559827,138.50243420502525,139.01541137695312,14962757,0.0,0.0
2014-07-02,139.42150660646553,141.15278540141784,139.14364441245334,140.7894287109375,9306027,0.0,0.0
2014-07-03,140.8535191709861,142.20007239252217,140.55427834777004,141.64434814453125,10115952,0.0,0.0
2014-07-04,142.0077544066016,143.24743488753492,141.04592598585586,142.52072143554688,10708319,0.0,0.0
2014-07-07,142.52071473475337,143.63215340619465,140.9390563088869,143.1191864013672,17027402,0.0,0.0
2014-07-08,142.77718050246835,144.251965433696,141.7084892902293,143.546630859375,15803786,0.0,0.0
2014-07-09,143.84590865264366,146.62450042138698,143.50392046744236,145.98329162597656,26261085,0.0,0.0
2014-07-10,145.577182889903,149.18936121624745,144.05964021549258,146.26113891601562,42430312,0.0,0.0
2014-07-11,147.47942580157653,149.83054456431523,146.62447075304055,147.86415100097656,14437515,0.0,0.0
2014-07-14,148.44125034605955,149.31757391447792,145.89776396645146,147.4580535888672,6912659,0.0,0.0
2014-07-15,147.69316192988083,148.74048465794337,145.94051475052197,146.34661865234375,5904027,0.0,0.0
2014-07-16,146.06875987729757,147.56492362531372,145.34204654547113,147.137451171875,8598157,0.0,0.0
2014-07-17,146.6672303032702,147.90691065521938,146.45349406344815,147.15882873535156,5706924,0.0,0.0
2014-07-18,146.6244814203645,148.33439164183702,146.06876720302364,147.09471130371094,6100526,0.0,0.0
2014-07-21,147.4794369459805,149.61681964834335,147.09471171750837,149.55270385742188,8177341,0.0,0.0
2014-07-22,150.0443237855119,151.26262559740334,149.4885993259959,150.8565216064453,8148776,0.0,0.0
2014-07-23,151.11297772169044,151.7541863682799,149.25344724413088,151.17709350585938,8044919,0.0,0.0
2014-07-24,151.32672607569413,152.6519008792562,150.68550721669007,152.37403869628906,6278041,0.0,0.0
2014-07-25,152.6091392539236,153.54958875006284,150.6427457766306,152.7373809814453,8495970,0.0,0.0
2014-07-28,151.86107993913242,153.14350756541717,151.58321774115933,152.6946563720703,4496205,0.0,0.0
2014-07-30,154.0625670335443,155.8152244276879,152.9938757309891,153.5709686279297,11848905,0.0,0.0
2014-07-31,153.03659440376114,153.891549318376,151.3266947355102,152.20301818847656,10259935,0.0,0.0
2014-08-01,152.1816868023795,153.01526322116584,148.82599226170336,149.42445373535156,9545592,0.0,0.0
2014-08-04,151.32671483300965,151.75418726659976,149.317574073176,151.5404510498047,6475186,0.0,0.0
2014-08-05,152.1816864013672,152.69465337742824,148.99698086155394,152.1816864013672,4971636,0.0,0.0
2014-08-06,151.49774557704725,151.90384958141794,147.09473765316187,147.92831420898438,7650927,0.0,0.0
2014-08-07,148.056525932995,149.89467785323325,146.81684562433927,148.01377868652344,4920727,0.0,0.0
2014-08-08,147.5863094345158,149.40308269057596,146.70997562130148,148.99697875976562,4388250,0.0,0.0
2014-08-11,149.8305696787966,150.4076626551187,147.92830174365815,148.63363647460938,5595000,0.0,0.0
2014-08-12,149.48859133059986,149.48859133059986,146.83823125793958,148.35577392578125,4348476,0.0,0.0
2014-08-13,149.40306558294066,153.036611678996,148.54811057181587,152.7373809814453,10789938,0.0,0.0
2014-08-14,152.54502868652344,154.68241134929795,151.7541995399323,152.54502868652344,6878404,0.0,0.0
2014-08-18,151.58319995172786,151.7541889270348,148.14201126024506,149.89466857910156,7225243,0.0,0.0
2014-08-19,150.0443004140198,150.6213933300209,148.48401065431594,149.0183563232422,8052736,0.0,0.0
2014-08-20,150.04428721178883,150.04428721178883,147.00920245358458,147.4580535888672,7099498,0.0,0.0
2014-08-21,147.45805662923078,148.76185265766725,147.15881575888574,147.9710235595703,6235710,0.0,0.0
2014-08-22,148.01379772096013,148.69776391344317,146.004656556462,146.90235900878906,7123904,0.0,0.0
2014-08-25,148.20614263556828,149.61681189450638,146.88096786741548,149.3175811767578,4210814,0.0,0.0
2014-08-26,149.5954929204072,151.241277654822,149.42449372119583,150.6641845703125,6166860,0.0,0.0
2014-08-27,151.17711315839986,151.71145884717765,150.19391627817018,150.62139892578125,7417246,0.0,0.0
2014-08-28,150.47176181955817,152.60914433808688,150.407635873171,151.88243103027344,13099525,0.0,0.0
2014-09-01,153.03665510137557,153.03665510137557,149.4672237758063,149.85195922851562,7340711,0.0,0.0
2014-09-02,149.83055657397284,152.26718018175487,149.1893478569101,151.62596130371094,7618002,0.0,0.0
2014-09-03,151.88246627248398,152.05345528788507,148.89012802001733,149.14662170410156,10204218,0.0,0.0
2014-09-04,149.44584851635625,150.8351494711067,149.23211225277518,149.78782653808594,9127941,0.0,0.0
2014-09-05,149.8733067722398,150.4717784142613,148.91148859722037,149.95880126953125,7591967,0.0,0.0
2014-09-08,150.89925493324128,151.7542100899843,149.72370048357854,151.30535888671875,6563491,0.0,0.0
2014-09-09,150.04427915481122,153.720572365312,150.04427915481122,153.12210083007812,6017390,0.0,0.0
2014-09-10,152.60914499667928,152.60914499667928,149.9374168369884,150.06565856933594,10499079,0.0,0.0
2014-09-11,150.0656653102212,150.87787314588653,149.40307791617235,150.12979125976562,9151782,0.0,0.0
2014-09-12,150.12977596080714,153.01524017664812,150.10839725947733,152.03204345703125,8462450,0.0,0.0
2014-09-15,151.5190754148235,151.75419033854755,149.61680780536997,150.34352111816406,6591435,0.0,0.0
2014-09-16,150.30076107910932,151.88241914174648,149.61679506876436,150.96334838867188,8095323,0.0,0.0
2014-09-17,151.11300839818782,153.25039130934275,150.38629495688087,151.64735412597656,9693797,0.0,0.0
2014-09-18,151.79692496118673,153.4640876692756,150.9847172274773,153.33584594726562,6594580,0.0,0.0
2014-09-19,153.03662969183628,154.23357294488247,151.41222412438407,153.63510131835938,8646616,0.0,0.0
2014-09-22,153.46412138742062,159.0213147004083,152.78015522544453,158.48696899414062,13115537,0.0,0.0
2014-09-23,158.16632794686709,160.26096310350422,157.2258784723586,158.50831604003906,14202136,0.0,0.0
2014-09-24,158.42283268190965,162.01363170502427,158.33732803187752,161.24417114257812,10508318,0.0,0.0
2014-09-25,161.37244079913242,162.39838500625737,159.149563377192,161.00909423828125,13621698,0.0,0.0
2014-09-26,160.1113782243179,160.92357594204853,157.56789154791872,158.89306640625,10573858,0.0,0.0
2014-09-29,158.46560036676303,159.40603986763867,155.81524038135024,156.49920654296875,3128759,0.0,0.0
2014-09-30,155.77247058920813,159.19228058045078,155.17399901427507,158.2518310546875,10195275,0.0,0.0
2014-10-01,158.1663492444956,158.1663492444956,155.32363189791656,155.6442413330078,4091374,0.0,0.0
2014-10-07,155.04575996908758,156.6274283410422,153.07936639578313,155.067138671875,10091137,0.0,0.0
2014-10-08,155.1740356331372,157.2900501056989,154.85343630906715,156.32823181152344,8661042,0.0,0.0
2014-10-09,156.47782124463188,157.43964957147557,155.53737162239818,156.24270629882812,6208759,0.0,0.0
2014-10-10,155.85795433444767,156.1571850207997,150.62137159887936,150.9419708251953,5365779,0.0,0.0
2014-10-13,150.85652479295965,150.85652479295965,148.419910956726,149.85195922851562,5717478,0.0,0.0
2014-10-14,149.85193893788474,150.47177912667306,146.838222330658,148.3343963623047,8105627,0.0,0.0
2014-10-15,148.3343963623047,148.3343963623047,148.3343963623047,148.3343963623047,0,0.0,0.0
2014-10-16,147.47947816988304,151.11303587615143,146.81689056625984,150.6641845703125,13245841,0.0,0.0
2014-10-17,150.4290351855725,153.84884565156298,150.19392023124732,151.30535888671875,11709385,0.0,0.0
2014-10-20,151.75422957711592,152.9725415939948,149.95882453350137,150.4718017578125,8346354,0.0,0.0
2014-10-21,150.51451812067424,150.85649609270362,148.76186069206193,150.19390869140625,6726352,0.0,0.0
2014-10-22,150.66414158893522,150.8992463689354,148.97559991568576,149.18934631347656,8451846,0.0,0.0
2014-10-27,150.1511671143342,150.21529306700143,148.76186630903612,149.42445373535156,5825822,0.0,0.0
2014-10-28,150.15118903622778,150.38630401569245,149.1252447706344,149.68096923828125,5101908,0.0,0.0
2014-10-29,150.85648612879396,151.75418840705967,149.74504763212695,151.51907348632812,7158670,0.0,0.0
2014-10-30,150.9420108562367,152.92978348805448,150.25805482032712,151.7114715576172,15426750,0.0,0.0
2014-10-31,152.54504113139944,153.89159475743688,150.57865745645006,151.83970642089844,15343260,0.0,0.0
2014-11-03,152.56640386570922,152.8870132899146,150.98473544808698,151.94656372070312,7727962,0.0,0.0
2014-11-05,152.0534485842662,153.80610623682256,151.96795408033486,153.5282440185547,7884245,0.0,0.0
2014-11-07,153.18622914336763,154.10529991997484,150.8992263110449,152.03204345703125,9694742,0.0,0.0
2014-11-10,152.18168745700908,159.2350443926629,152.05343555112296,158.89306640625,24492668,0.0,0.0
2014-11-11,158.2945909863359,159.10679884563876,154.98165391967578,155.6442413330078,7493377,0.0,0.0
2014-11-12,155.70836545521567,158.1663577077982,155.6656182056482,157.95262145996094,6902166,0.0,0.0
2014-11-13,158.52968976921665,158.52968976921665,156.60604351571192,157.46099853515625,5038832,0.0,0.0
2014-11-14,157.35412119094167,158.4441808667909,157.03351181769926,157.8243408203125,7768029,0.0,0.0
2014-11-17,157.7388641284422,158.7861766833498,155.8579650769157,158.2518310546875,6218698,0.0,0.0
2014-11-18,157.84578183543445,158.89309468571315,157.0976896155404,158.27325439453125,9904004,0.0,0.0
2014-11-19,158.273228067709,161.265565966597,156.7129382450662,157.24728393554688,13208757,0.0,0.0
2014-11-20,157.73887770225645,158.76482180401226,157.35415247446593,158.18772888183594,5258120,0.0,0.0
2014-11-21,158.23047864758638,161.03044880796458,157.9739951583108,160.7953338623047,6902462,0.0,0.0
2014-11-24,159.02128971266256,160.70982106626326,159.02128971266256,160.2823486328125,8904624,0.0,0.0
2014-11-25,159.96176578711342,161.9281596294451,149.0397366086732,151.92520141601562,26184187,0.0,0.0
2014-11-26,153.25036590851212,156.5846814779422,153.0793667687374,155.34500122070312,22267406,0.0,0.0
2014-11-27,154.81068420465877,155.36639848848708,151.8610932921616,154.14808654785156,16590815,0.0,0.0
2014-11-28,154.14807382801874,156.45645576100256,153.89159033356992,155.23814392089844,10866476,0.0,0.0
2014-12-01,154.81065859541138,156.86254670285098,154.81065859541138,155.85797119140625,8533342,0.0,0.0
2014-12-02,155.7724847914011,156.84117614616113,155.43050680939186,156.37095642089844,8924397,0.0,0.0
2014-12-03,156.45643294990737,156.45643294990737,152.65188769302048,155.28086853027344,8164612,0.0,0.0
2014-12-04,159.47016117801257,164.15103064544033,159.47016117801257,163.7876739501953,27702699,0.0,0.0
2014-12-05,163.72353834417538,167.57082075304956,163.5739179110101,167.29296875,16908709,0.0,0.0
2014-12-08,168.08383793593782,170.86242975616167,167.69910249058094,170.05023193359375,15662453,0.0,0.0
2014-12-09,170.34945034049346,170.99066926220476,167.48535405962312,168.57542419433594,14415357,0.0,0.0
2014-12-10,169.1738707559202,169.49448018844635,165.1555888998158,168.853271484375,9649673,0.0,0.0
2014-12-11,168.853275478126,170.5418070135895,166.9296289984515,169.5372314453125,11225006,0.0,0.0
2014-12-12,169.28076861496555,171.11891066206917,167.99834085901486,169.15252685546875,9041914,0.0,0.0
2014-12-15,168.85327680394178,170.86240763430882,167.33573424835933,167.8059539794922,8901903,0.0,0.0
2014-12-16,166.28840041960186,166.71587287416148,161.54341553006785,162.69760131835938,14072416,0.0,0.0
2014-12-17,161.39379834007386,164.45025185416685,156.71292914398626,158.93580627441406,16246094,0.0,0.0
2014-12-18,161.79989846002772,161.79989846002772,156.0289593769487,160.23960876464844,6500408,0.0,0.0
2014-12-19,160.70985046722967,160.70985046722967,157.09767218031251,157.6533966064453,9788570,0.0,0.0
2014-12-22,157.99537497763046,161.67167923020673,157.73889147005036,159.9190216064453,17438456,0.0,0.0
2014-12-23,159.8548576620267,161.37239996272825,159.36325930882788,160.1540985107422,5262474,0.0,0.0
2014-12-24,160.08996030028703,161.77849143601048,156.99076015521962,158.76478576660156,21419026,0.0,0.0
2014-12-26,159.40601229738874,159.40601229738874,156.62742120341267,157.29000854492188,3026088,0.0,0.0
2014-12-29,156.92666934182756,158.78618984507196,156.8839220944305,158.10223388671875,3433537,0.0,0.0
2014-12-30,158.27324326013576,158.7862102949651,157.01218405804002,157.43966674804688,3283195,0.0,0.0
2014-12-31,157.71750452157488,158.4228493720317,157.09766433015827,157.6106414794922,3824375,0.0,0.0
2015-01-01,157.14041662835342,157.696141044573,156.45646062190693,156.94805908203125,2636761,0.0,0.0
2015-01-02,156.99081551208,158.2304960072333,156.99081551208,157.43966674804688,6853849,0.0,0.0
2015-01-05,157.61062760398184,158.93580236820986,157.119029202932,158.05947875976562,8556295,0.0,0.0
2015-01-06,157.58924254395814,157.90985195101092,153.4640979787544,153.99844360351562,13597291,0.0,0.0
2015-01-07,152.60916424597409,155.60150219446123,150.89925394370096,151.13436889648438,12421217,0.0,0.0
2015-01-08,151.94656718974383,155.32363017025153,151.94656718974383,154.9175262451172,8774566,0.0,0.0
2015-01-09,155.21678690248106,156.39235165775818,150.94202075381216,152.56643676757812,11224780,0.0,0.0
2015-01-12,152.80149944166618,154.46865197877347,152.22440661559375,152.9724884033203,10249032,0.0,0.0
2015-01-13,153.20762299147205,154.61829226735261,152.7373931255247,153.934326171875,12071158,0.0,0.0
2015-01-14,153.76333404781317,153.76333404781317,147.9496579184235,148.67636108398438,16849719,0.0,0.0
2015-01-15,150.94199303811033,153.84883633053096,150.00155359974994,152.99388122558594,16665762,0.0,0.0
2015-01-16,153.2289915339347,154.7251553016274,151.47633412982495,153.934326171875,11230052,0.0,0.0
2015-01-19,153.8915832984553,154.63966520355672,152.18168325264932,153.3786163330078,7117173,0.0,0.0
2015-01-20,153.50686086815875,158.95719086062863,153.07937822819142,158.63658142089844,12477394,0.0,0.0
2015-01-21,159.42738342810023,159.42738342810023,149.27481725240872,150.77098083496094,33697892,0.0,0.0
2015-01-22,150.8992338895199,153.8060769526784,149.12520802924016,149.89466857910156,30768622,0.0,0.0
2015-01-23,151.09162419833442,152.16031561505582,149.10386182118606,149.3817138671875,17392494,0.0,0.0
2015-01-27,149.61682741235578,154.31907569815482,149.33896520799414,153.95571899414062,26228540,0.0,0.0
2015-01-28,153.89157433070272,155.36636951189473,152.84426175678715,154.87477111816406,12792194,0.0,0.0
2015-01-29,155.17399901427507,159.02129160503569,153.89157153768159,158.2518310546875,21906152,0.0,0.0
2015-01-30,158.1663183163315,159.02127325573485,155.45184324238673,157.54647827148438,14453148,0.0,0.0
2015-02-02,156.88392450643974,157.82437412461542,153.63510317136976,154.16944885253906,8820985,0.0,0.0
2015-02-03,154.5114200743084,156.88391763993513,154.5114200743084,156.47781372070312,6541497,0.0,0.0
2015-02-04,157.09767938261695,158.38010713735653,156.1786083599331,157.1404266357422,6030862,0.0,0.0
2015-02-05,156.41369370400412,159.06404321769224,155.47324415241076,157.6961212158203,9843219,0.0,0.0
2015-02-06,156.49920957393817,160.04726187890304,156.49920957393817,159.66253662109375,7606977,0.0,0.0
2015-02-09,158.6579470125635,159.81213284533393,156.75567927499463,157.26864624023438,7464839,0.0,0.0
2015-02-10,157.35413058407858,159.02128316689192,156.84115352407315,158.1235809326172,8320305,0.0,0.0
2015-02-11,158.61521173404614,159.4060409456213,157.2472895625402,158.657958984375,4720532,0.0,0.0
2015-02-12,159.02132276404134,159.02132276404134,155.8793743226977,158.3373565673828,5498120,0.0,0.0
2015-02-13,158.67931701801479,162.12050578462345,158.18771862278496,161.60752868652344,9373648,0.0,0.0
2015-02-16,161.75714418769158,167.14334766799053,161.5861552138694,166.5448760986328,12053473,0.0,0.0
2015-02-18,164.57851034820214,171.84561408873452,164.57851034820214,168.10519409179688,14195768,0.0,0.0
2015-02-19,167.9769372240549,168.29754665570954,163.98003408277498,166.39527893066406,7249013,0.0,0.0
2015-02-20,165.64716873919775,170.09293272697587,164.30062553120123,169.30209350585938,9275383,0.0,0.0
2015-02-23,168.8532890077758,170.4777048819652,166.39529665129555,166.82276916503906,6077614,0.0,0.0
2015-02-24,167.57085816637633,170.13572383926018,166.1388099438548,169.15252685546875,8556081,0.0,0.0
2015-02-25,169.9647040861167,170.9906481375175,168.19066799814695,170.86239624023438,16358450,0.0,0.0
2015-02-26,170.09294704506763,171.58911080699895,167.54946052099984,169.13111877441406,12153247,0.0,0.0
2015-02-27,168.76778140242976,169.558620780544,164.17241639634693,168.2975616455078,35742645,0.0,0.0
2015-03-02,153.03664452714168,153.03664452714168,146.19702329203096,146.7313690185547,52676159,0.0,0.0
2015-03-03,146.83824575546075,147.69320102979364,144.91460908944057,146.00466918945312,46726874,0.0,0.0
2015-03-04,147.47943817557524,149.95879887947362,146.58173580734137,147.15882873535156,33411001,0.0,0.0
2015-03-05,148.33438811555047,149.23209045243382,146.06876373059677,148.01377868652344,21288890,0.0,0.0
2015-03-09,146.9237218863955,147.43668885475648,144.16648886802133,144.63671875,16929751,0.0,0.0
2015-03-10,145.34205391452042,146.49623975830445,143.24741846450846,144.7222137451172,13538973,0.0,0.0
2015-03-11,145.49165172072202,145.64126198323922,144.2947188156866,144.57257080078125,13191922,0.0,0.0
2015-03-12,144.9359474399582,148.86873478591912,144.82908440354547,148.1847686767578,28375424,0.0,0.0
2015-03-13,148.89010682304564,149.61682019602316,143.9313854384401,145.0855712890625,16254309,0.0,0.0
2015-03-16,145.76953775597028,146.02603142201875,143.20468238334104,143.37567138671875,8926276,0.0,0.0
2015-03-17,145.12832003338758,145.61991846823915,143.73901922524345,145.34205627441406,11361862,0.0,0.0
2015-03-18,145.87638187197695,145.87638187197695,143.63212624775366,143.9099884033203,9094350,0.0,0.0
2015-03-19,144.70084247345008,145.70541808303557,141.70851467200114,142.4993438720703,10865286,0.0,0.0
2015-03-20,142.648978102979,142.648978102979,139.52839786777398,139.9772491455078,10980106,0.0,0.0
2015-03-23,139.50702033321105,140.98181584205133,138.92992732201117,139.95587158203125,11832346,0.0,0.0
2015-03-24,139.82761373043087,140.9817996200246,139.3573838281629,139.59249877929688,11128170,0.0,0.0
2015-03-25,140.4901863257164,140.4901863257164,139.3573690999594,139.677978515625,7528966,0.0,0.0
2015-03-26,139.35737724630502,140.61843627984922,137.04900557614212,137.81846618652344,25124845,0.0,0.0
2015-03-27,138.50245371703414,139.0368096701883,134.69791736692864,135.72386169433594,22227555,0.0,0.0
2015-03-30,136.64289563384818,140.85354502106367,136.64289563384818,140.01995849609375,17152877,0.0,0.0
2015-03-31,140.5543229112357,140.5543229112357,138.5024345405177,139.29327392578125,12752488,0.0,0.0
2015-04-01,139.2932699560532,142.34972371902526,138.56655654851482,142.11460876464844,11257250,0.0,0.0
2015-04-06,140.7894162869927,146.0473781607032,140.68255325632825,145.76951599121094,20059841,0.0,0.0
2015-04-07,145.8122775029884,146.6244853882163,144.05963014758026,145.59854125976562,10955870,0.0,0.0
2015-04-08,146.1970054700114,148.31300941182428,145.98326923765367,148.01377868652344,12858493,0.0,0.0
2015-04-09,148.29162025553345,149.16794376687565,147.0519401192017,148.3984832763672,7962836,0.0,0.0
2015-04-10,148.33438912091273,148.59087260148036,146.3038694972999,148.1847686767578,5808788,0.0,0.0
2015-04-13,148.33437981747753,150.64275131976862,147.41529882828289,150.25802612304688,11311123,0.0,0.0
2015-04-15,151.32672992939104,153.29312364203346,150.21529133019936,151.7328338623047,18165922,0.0,0.0
2015-04-16,150.83511028419565,152.35265260283774,148.18475082140588,149.6595458984375,8168670,0.0,0.0
2015-04-17,149.83054566597127,151.00611013647435,148.63361265361237,150.4076385498047,9146535,0.0,0.0
2015-04-20,150.51449495608608,150.51449495608608,145.59851155984262,146.15423583984375,11709786,0.0,0.0
2015-04-21,146.13289666941023,149.06111895978916,145.7695399512695,146.17564392089844,11309747,0.0,0.0
2015-04-22,145.34206971582017,147.47945264571536,144.72222947902912,146.7954864501953,11183242,0.0,0.0
2015-04-23,146.7954755894864,148.12066063032367,144.61534556873016,146.23976135253906,9268343,0.0,0.0
2015-04-24,146.1970371729263,149.59547956780156,145.83368041863358,148.7405242919922,17985818,0.0,0.0
2015-04-27,149.14657180731714,150.38625191522425,147.13743122654455,147.415283203125,9732828,0.0,0.0
2015-04-28,147.43668680961207,147.4794340563825,142.60619711964594,144.29473876953125,11098180,0.0,0.0
2015-04-29,143.2260235478042,143.63212743368246,139.91308683823954,140.2764434814453,10479677,0.0,0.0
2015-04-30,140.1268545333502,140.38333804700804,137.3055054001673,137.79710388183594,20809376,0.0,0.0
2015-05-04,138.2459727635568,141.4520475766032,136.83530309733115,141.15281677246094,7487026,0.0,0.0
2015-05-05,140.4688140337806,140.63981318132554,138.3314313797686,139.46424865722656,13976353,0.0,0.0
2015-05-06,139.35739418948828,140.14823360010544,135.16812281171656,136.0872039794922,20990280,0.0,0.0
2015-05-07,136.1512897777359,138.3741667339871,134.9116095707089,137.882568359375,11010190,0.0,0.0
2015-05-08,139.16502860506702,140.76806571853322,137.92533803542852,140.21234130859375,12625098,0.0,0.0
2015-05-11,141.0673015797497,141.38791104625705,138.67343517553056,139.5497589111328,9134733,0.0,0.0
2015-05-12,139.99861492663408,140.21235119129818,138.1177154756251,138.60931396484375,14846868,0.0,0.0
2015-05-13,139.72075643401354,140.9818156706882,137.2200166681928,140.1482391357422,11037270,0.0,0.0
2015-05-14,139.78484776207503,139.78484776207503,137.8184542398781,138.80165100097656,8347876,0.0,0.0
2015-05-15,138.97266707401,140.16960028592254,138.86579386397156,139.52838134765625,5659055,0.0,0.0
2015-05-18,139.9131027550398,142.7344515753237,139.46425157542689,142.34971618652344,7175678,0.0,0.0
2015-05-19,141.8153858742724,143.5894120806407,141.38791335261098,142.15736389160156,8901031,0.0,0.0
2015-05-20,142.13597858714408,142.86269194926595,141.28102348364442,141.90086364746094,5360856,0.0,0.0
2015-05-21,142.3497381350839,142.5207271515901,139.35739986327675,139.95587158203125,7458421,0.0,0.0
2015-05-22,140.63978742051515,142.4565603114532,139.1222452012544,140.7039031982422,12962351,0.0,0.0
2015-05-25,137.4123531687301,138.71615936322422,135.25359192602704,135.42459106445312,24332194,0.0,0.0
2015-05-26,135.72381972604737,135.72381972604737,133.69330024708208,134.22764587402344,11448185,0.0,0.0
2015-05-27,134.65512519981965,136.25816204168729,134.22764261206697,135.80931091308594,9485450,0.0,0.0
2015-05-28,135.98032068420045,137.83984126657566,135.2963545357604,137.41236877441406,20765291,0.0,0.0
2015-05-29,137.64746126612008,141.04589242674794,136.2154134095689,139.8275909423828,20563442,0.0,0.0
2015-06-01,139.14363357198079,142.67031683996856,139.14363357198079,141.943603515625,10448028,0.0,0.0
2015-06-02,140.59707771501874,140.76806671590958,135.76658763494413,136.21543884277344,11266482,0.0,0.0
2015-06-03,136.93137801479023,136.95320124591066,131.17136227578163,132.8295440673828,21470134,4.166667,0.0
2015-06-04,133.0913594675902,133.81136007615643,130.1240744886514,131.6077117919922,11429057,0.0,0.0
2015-06-05,131.54227021792826,134.35682386668316,128.72771656917337,132.78590393066406,17605227,0.0,0.0
2015-06-08,133.96408048752951,134.5095367061627,131.8913406333696,132.80770874023438,10689359,0.0,0.0
2015-06-09,131.73864066945447,132.21864806513094,130.77864662261928,131.17137145996094,10292547,0.0,0.0
2015-06-10,131.17137641134005,132.39319743478248,130.29864414537852,131.38955688476562,9861385,0.0,0.0
2015-06-11,131.78226560104113,131.78226560104113,128.81498064254833,129.62225341796875,11520780,0.0,0.0
2015-06-12,129.51317822007405,130.97500288439937,128.7277285512123,129.8404541015625,8653038,0.0,0.0
2015-06-15,129.60043792408436,132.10953894417372,128.29134489646404,130.25498962402344,8680427,0.0,0.0
2015-06-16,130.03680696055514,130.9749880336706,128.83679898858114,130.45135498046875,8231138,0.0,0.0
2015-06-17,130.25500805069342,132.26228915072716,129.70955168099985,131.38955688476562,10881861,0.0,0.0
2015-06-18,131.4331795705152,132.8295448302396,130.99681866818202,131.73863220214844,11296145,0.0,0.0
2015-06-19,132.13136528677072,133.28772684570671,131.95682092861117,133.09136962890625,8757082,0.0,0.0
2015-06-22,133.61498709753891,136.21136005255832,132.96044583088917,135.44772338867188,7197508,0.0,0.0
2015-06-23,135.4477384689942,137.45501932138473,134.22591759629086,137.25865173339844,7586161,0.0,0.0
2015-06-24,137.54230089580494,138.80775794425608,135.73138750769323,136.86593627929688,7368751,0.0,0.0
2015-06-25,135.53502345724036,137.6513999190362,135.16411147699208,136.2986602783203,10885448,0.0,0.0
2015-06-26,136.2986556405046,136.2986556405046,133.98592202311747,134.37864685058594,5507615,0.0,0.0
2015-06-29,133.1786284289204,135.6877292560458,132.54590000802668,135.25135803222656,9719271,0.0,0.0
2015-06-30,135.36046015521705,138.2622858928954,134.4222687193685,137.5204620361328,11639874,0.0,0.0
2015-07-01,137.56407091915688,138.06589101027106,136.36407356893108,136.8440704345703,8850821,0.0,0.0
2015-07-02,137.06228910869717,138.4586647614304,136.80047256340657,137.47683715820312,6562181,0.0,0.0
2015-07-03,137.14954307058701,138.2840915692473,136.29862391739968,137.71681213378906,5122200,0.0,0.0
2015-07-06,136.53865396111186,139.04775507965877,136.1459291490925,138.93865966796875,4419337,0.0,0.0
2015-07-07,139.0477789099748,139.33141873117313,137.93504286016284,138.48049926757812,7595780,0.0,0.0
2015-07-08,137.5204595986316,137.8913715204386,135.01135869134066,136.56045532226562,11611813,0.0,0.0
2015-07-09,136.49503868326065,137.4114070899559,135.2077582669735,135.5350341796875,6711914,0.0,0.0
2015-07-10,134.83678763167478,136.01497210737432,133.76769853686622,135.22952270507812,7493999,0.0,0.0
2015-07-13,136.5822840167575,138.0659213910932,134.81500688236625,137.2804718017578,6623752,0.0,0.0
2015-07-14,136.99684089953382,138.1095664091669,135.55683952038805,136.27684020996094,5465329,0.0,0.0
2015-07-15,135.86228470293742,137.54228967717208,135.86228470293742,137.01864624023438,5687830,0.0,0.0
2015-07-16,137.3677371535594,139.59319829062508,136.2768246280908,138.74227905273438,5838516,0.0,0.0
2015-07-17,139.00411873212622,141.33866511319601,138.61138354857565,140.64048767089844,6133622,0.0,0.0
2015-07-20,140.42230578343796,141.1423064495697,139.28775707905444,139.8550262451172,4946419,0.0,0.0
2015-07-21,139.8550294947596,140.70593844975426,136.36411112110054,136.7568359375,7069753,0.0,0.0
2015-07-22,136.18954006221486,138.7422664268103,135.57862453975423,137.23681640625,8060271,0.0,0.0
2015-07-23,137.49864196777344,138.5240951522344,136.14591295941827,137.49864196777344,5631003,0.0,0.0
2015-07-24,137.45501932138473,137.71683585719444,136.3641067165862,137.25865173339844,4199466,0.0,0.0
2015-07-27,135.92773526008878,136.73501846942005,135.18592174300483,135.99319458007812,5315522,0.0,0.0
2015-07-28,136.12408978887763,136.97499863356012,135.0768133753234,135.79681396484375,6795594,0.0,0.0
2015-07-29,135.70954056334614,136.14591178218413,131.1713462698752,132.6549835205078,9718356,0.0,0.0
2015-07-30,132.65501281430824,138.69866892147138,130.90955867028364,137.8695831298828,20744023,0.0,0.0
2015-07-31,138.74229379099947,142.86595104334233,137.5859321996292,142.25503540039062,16948958,0.0,0.0
2015-08-03,142.25502064834396,145.52775823301747,141.86229587219574,144.67684936523438,14905871,0.0,0.0
2015-08-04,144.63318200352447,144.67681808032728,141.62226158736436,143.95681762695312,10317915,0.0,0.0
2015-08-05,143.95686883936207,145.33142130602832,142.51686742033573,144.7859649658203,5929897,0.0,0.0
2015-08-06,144.2404929946083,144.4368502026685,141.38229295406717,142.36412048339844,8786024,0.0,0.0
2015-08-07,141.38227624172234,142.0804639330102,140.50955459293291,141.57864379882812,4644064,0.0,0.0
2015-08-10,141.60047289193,142.8004703948531,139.35318862256335,140.05137634277344,5799938,0.0,0.0
2015-08-11,139.68048095703125,140.46594093861202,138.04411204588845,139.68048095703125,5520369,0.0,0.0
2015-08-12,139.6368161016413,139.6368161016413,137.89135214042804,138.2186279296875,12386018,0.0,0.0
2015-08-13,138.50231259721016,139.50595314485716,132.2186527438358,138.04412841796875,6900635,0.0,0.0
2015-08-14,138.54593481246243,139.74593247938515,137.28047782409465,138.82957458496094,7890438,0.0,0.0
2015-08-17,139.33141056689422,139.54959104262383,137.6732182068306,138.2841339111328,4495638,0.0,0.0
2015-08-18,138.1095575280389,139.02592575484405,136.40773971162164,137.38955688476562,9429541,0.0,0.0
2015-08-19,137.01866640738245,138.76413095773793,134.8368409055678,138.2841339111328,7657887,0.0,0.0
2015-08-20,138.80775109542833,144.1532291837092,138.0441143320334,143.71685791015625,18701959,0.0,0.0
2015-08-21,143.54231405052198,144.56776735827205,140.8368453362793,144.32777404785156,18452566,0.0,0.0
2015-08-24,140.0950177512859,143.78230331319708,137.7168251387956,139.72410583496094,17120031,0.0,0.0
2015-08-25,140.53139709890755,142.32049760092292,136.364114043781,139.5932159423828,22094589,0.0,0.0
2015-08-26,138.5895915567183,140.00778025830562,136.84412694364778,138.6114044189453,16777892,0.0,0.0
2015-08-27,141.16411070315965,142.93138778655035,138.04410454935987,142.12411499023438,20810590,0.0,0.0
2015-08-28,143.71684419754,143.71684419754,141.68775064173627,142.69139099121094,10099873,0.0,0.0
2015-08-31,141.70956515117092,143.34593395236377,140.33501286882716,141.8841094970703,10005743,0.0,0.0
2015-09-01,140.72775257295288,141.33865780336814,137.149562249462,137.65138244628906,9835616,0.0,0.0
2015-09-02,139.15683751189138,140.96776115291945,137.52046860074861,139.68048095703125,13515913,0.0,0.0
2015-09-03,139.35320106126034,141.68775770750418,139.24410565477638,139.6368408203125,10476984,0.0,0.0
2015-09-04,139.63684059331212,140.29138191437877,137.34592003893457,138.3713836669922,16321889,0.0,0.0
2015-09-07,138.0222897484934,139.41866536347126,135.77501557045693,136.77865600585938,7386243,0.0,0.0
2015-09-08,136.6258921538557,137.71680451034268,135.40407155926096,136.5386199951172,10634960,0.0,0.0
2015-09-09,137.56407777077996,138.0658978868882,136.51680145769566,137.19317626953125,6359030,0.0,0.0
2015-09-10,135.70956737746297,137.80412059941742,135.42592758501397,136.7350311279297,9313670,0.0,0.0
2015-09-11,137.32410918608375,137.9568376584821,136.21137336563692,136.90956115722656,6970833,0.0,0.0
2015-09-14,136.90957237157937,137.54230089580494,135.97138082911763,136.86593627929688,7762278,0.0,0.0
2015-09-15,136.58228643297738,138.7204755418428,136.36410598763558,138.3495635986328,5374153,0.0,0.0
2015-09-16,139.0477388551271,140.8804648029607,138.41501043457336,140.57501220703125,5804856,0.0,0.0
2015-09-18,141.81867179195368,143.12776486219602,137.34592589867938,138.7641143798828,13322309,0.0,0.0
2015-09-21,138.06592770946736,138.45866289436572,136.75683462840865,137.12774658203125,7060328,0.0,0.0
2015-09-22,137.8477335274889,138.87319710562724,135.27318371210643,136.21136474609375,15513834,0.0,0.0
2015-09-23,133.9640976745266,139.22229297763147,133.9640976745266,137.9350128173828,12103872,0.0,0.0
2015-09-24,137.36773494391747,141.0986565507866,137.23682668763783,140.7495574951172,14665105,0.0,0.0
2015-09-28,141.0114140049749,141.8186869410942,138.93867358111012,139.30958557128906,6603226,0.0,0.0
2015-09-29,139.1786576399761,141.81866692087934,138.32774872938364,139.81138610839844,8618175,0.0,0.0
2015-09-30,140.50960746756945,143.93506715873048,139.63687511810912,143.4768829345703,13981834,0.0,0.0
2015-10-01,142.7132236707049,145.68050904531418,142.7132236707049,143.45504760742188,6445786,0.0,0.0
2015-10-05,144.0004680033362,144.6550195926321,142.60410303472844,143.78228759765625,9680157,0.0,0.0
2015-10-06,144.87322576544176,149.95687679711432,143.47685017621882,149.6077880859375,11133386,0.0,0.0
2015-10-07,150.08778979020457,152.72779918226004,149.36778911460001,151.52780151367188,11119883,0.0,0.0
2015-10-08,151.30962264706534,151.30962264706534,146.35687933473494,147.971435546875,9729114,0.0,0.0
2015-10-09,148.75689290066416,150.4587213879544,148.4514402288847,149.86962890625,5747871,0.0,0.0
2015-10-12,149.69504657511493,152.02959267601787,147.86231026451256,148.69140625,6302130,0.0,0.0
2015-10-13,148.36416183771487,150.9387121368002,148.2114303220771,150.13143920898438,7275026,0.0,0.0
2015-10-14,150.19688010734578,150.82960858094575,149.4550562256391,150.1532440185547,9432417,0.0,0.0
2015-10-15,150.10958840879957,153.77505050735198,149.9568569317637,152.46595764160156,9861249,0.0,0.0
2015-10-16,151.87689393534242,152.72780290248758,149.8914258489924,152.22598266601562,10008030,0.0,0.0
2015-10-19,151.85508099703355,153.6005455132327,150.6332599845978,153.1641845703125,11618584,0.0,0.0
2015-10-20,152.9459598857035,153.27323570661005,151.76777522824543,152.13868713378906,7671159,0.0,0.0
2015-10-21,152.33506592517577,152.72779071584634,151.70233746518878,152.09506225585938,5676290,0.0,0.0
2015-10-23,152.77144595883692,156.63327652087892,152.77144595883692,156.3714599609375,9060774,0.0,0.0
2015-10-26,156.58964714883467,157.0041952393316,154.90964192537825,155.56419372558594,8200648,0.0,0.0
2015-10-27,154.77869830290177,155.76051540679933,154.14596988087766,155.34597778320312,15515511,0.0,0.0
2015-10-28,154.62599049839858,156.63327147108663,154.47326936281922,154.9969024658203,10086513,0.0,0.0
2015-10-29,154.95329076202987,155.34602602335195,151.46237174247707,152.7278289794922,7932853,0.0,0.0
2015-10-30,153.3605223066385,153.3605223066385,144.39321790573902,146.0295867919922,28847862,0.0,0.0
2015-11-02,145.30958230228381,148.23323128759768,143.97866607239737,147.14231872558594,10723717,0.0,0.0
2015-11-03,146.96777105380474,147.8841392447462,145.22230684512982,146.11685180664062,4061707,0.0,0.0
2015-11-04,146.98959793993032,147.5786903514371,145.7459641668928,146.48777770996094,5171885,0.0,0.0
2015-11-05,145.74595668246914,148.015054030435,145.41868083238109,147.12049865722656,5595613,0.0,0.0
2015-11-06,146.46597430455228,148.1241562330513,146.18233451011855,147.3605194091797,4635192,0.0,0.0
2015-11-09,144.65503839898318,150.10960111140054,144.1532182145505,149.69505310058594,12462025,0.0,0.0
2015-11-10,148.7132305016742,150.56779018296658,146.24777595713195,146.94595336914062,7507146,0.0,0.0
2015-11-13,144.17503980331188,145.65868758918634,142.73503847914714,143.91322326660156,19348452,0.0,0.0
2015-11-16,144.00048809669184,147.92777743595627,143.82594374779254,147.622314453125,9111652,0.0,0.0
2015-11-17,149.32413157719694,152.8368726424073,147.9714026008201,152.33505249023438,12018593,0.0,0.0
2015-11-18,153.16416416184043,153.22961310842808,150.1532429401059,151.78961181640625,10350049,0.0,0.0
2015-11-19,152.72779992963615,154.0368930164376,152.20416684381885,153.62234497070312,17590094,0.0,0.0
2015-11-20,153.7096413500737,153.7096413500737,149.71689203640804,150.3059844970703,10237807,0.0,0.0
2015-11-23,149.82598691892417,150.4805283327141,146.72779311020776,147.16415405273438,9335921,0.0,0.0
2015-11-24,147.9932157572111,148.18958332175563,145.0041180662342,146.5750274658203,13590345,0.0,0.0
2015-11-26,146.68412715114926,150.54595700915044,146.1168476691033,149.58595275878906,9778092,0.0,0.0
2015-11-27,150.28415233209384,150.54596886492266,147.86232347278272,150.2623291015625,5895769,0.0,0.0
2015-11-30,149.7604952080665,151.33141500599393,148.60413377428634,151.0477752685547,17919712,0.0,0.0
2015-12-01,150.63323131627865,151.41869123630647,148.80049496029943,151.09141540527344,10516942,0.0,0.0
2015-12-02,150.98231007112884,152.61867874638094,149.41140070667964,152.46595764160156,4813524,0.0,0.0
2015-12-03,151.02596617268637,151.81141571895017,149.36777416383734,149.82595825195312,5809665,0.0,0.0
2015-12-04,148.93141941523467,149.12777662372827,146.1823147737482,146.59686279296875,14148517,0.0,0.0
2015-12-07,146.18232582469247,146.5750506436261,135.5131926682826,136.82229614257812,52829599,0.0,0.0
2015-12-08,135.70954792620205,138.85137730881505,135.53500357809978,137.34591674804688,19736148,0.0,0.0
2015-12-09,139.41865701951497,139.41865701951497,137.56409738752987,138.50228881835938,15655011,0.0,0.0
2015-12-10,138.5459429740346,140.40049247562487,138.32776251012848,140.18231201171875,8649047,0.0,0.0
2015-12-11,140.07321166992188,140.705940179138,137.62956981555212,140.07321166992188,9358275,0.0,0.0
2015-12-14,139.63684486762443,140.6841213856461,138.39320076114302,139.68048095703125,7573029,0.0,0.0
2015-12-15,139.6368379102425,141.33865568457372,138.7641057933318,140.9241180419922,10478148,0.0,0.0
2015-12-16,140.94595467695424,141.66595542388546,138.80776529732802,139.30958557128906,8099047,0.0,0.0
2015-12-17,139.5059375275401,140.40048255246037,138.02228973332146,139.8550262451172,9018268,0.0,0.0
2015-12-18,140.0295653859521,140.94593360770313,138.06592067823672,138.3713836669922,14774200,0.0,0.0
2015-12-21,139.63685098161721,142.88776571541152,138.3495707293655,142.4950408935547,8352379,0.0,0.0
2015-12-22,141.84049436687744,142.03686197115533,139.41867565132466,139.74594116210938,6326849,0.0,0.0
2015-12-23,140.50957264842873,141.382294409363,139.6368405152368,140.2913818359375,5475581,0.0,0.0
2015-12-24,140.94592070248555,141.70955735993914,139.89864431241136,141.25137329101562,3799114,0.0,0.0
2015-12-28,140.8150420380135,142.71322765253538,140.7059466187729,142.34231567382812,9432149,0.0,0.0
2015-12-29,142.45140745081073,143.12777206493556,141.09867822256106,141.7532196044922,4606143,0.0,0.0
2015-12-30,142.47321766176674,142.90958894719947,141.49140042099546,142.4950408935547,4984557,0.0,0.0
2015-12-31,142.0368412046579,144.00048584356563,141.09866015787475,143.0404815673828,8342404,0.0,0.0
2016-01-01,142.9531819766104,143.56409744328622,142.10227326611133,142.9095458984375,1536435,0.0,0.0
2016-01-04,142.03684904330092,142.2986655770023,140.31320797137997,141.8623046875,6133919,0.0,0.0
2016-01-05,141.86231502094338,142.42958421861704,141.40413086746224,141.7532196044922,6040492,0.0,0.0
2016-01-06,142.69138794827387,142.69138794827387,137.25863831395012,137.49864196777344,15821205,0.0,0.0
2016-01-07,136.93140510295444,136.93140510295444,134.68413046589527,135.0986785888672,12264018,0.0,0.0
2016-01-08,135.79683645998765,138.32776092914858,135.16410793576208,136.86593627929688,10219316,0.0,0.0
2016-01-11,135.27319858707912,138.240483874531,135.16410317408685,137.9132080078125,7141566,0.0,0.0
2016-01-12,137.56409812345663,138.28410912268606,136.3641005359226,137.5204620361328,7222615,0.0,0.0
2016-01-13,138.4804956602927,139.81141216394968,137.30231068074707,137.78231811523438,7126884,0.0,0.0
2016-01-14,136.86591911584995,139.09138028769442,136.25500352824716,138.43682861328125,11933785,0.0,0.0
2016-01-15,137.4986495249782,138.50228990821205,136.27682870457556,136.97500610351562,8287068,0.0,0.0
2016-01-18,136.97499548611333,139.04773540919527,136.6913661259078,137.62954711914062,12285620,0.0,0.0
2016-01-19,137.56411467828414,138.54594231961224,136.12411325104674,137.0404815673828,7099389,0.0,0.0
2016-01-20,135.44776154779683,139.63686832356188,133.09139157949394,134.81503295898438,10015115,0.0,0.0
2016-01-21,135.99317554410348,135.99317554410348,132.5022577767606,133.70225524902344,13042954,0.0,0.0
2016-01-22,134.83685300586038,136.47322227906955,132.0441219213825,134.72776794433594,15828472,0.0,0.0
2016-01-25,133.24409061497187,136.08046754883293,132.67682145155447,135.01136779785156,9688748,0.0,0.0
2016-01-27,135.0331819207445,137.1059115902742,133.94226938472735,136.56045532226562,8839231,0.0,0.0
2016-01-28,136.45136766947903,140.44410581500188,135.99318358337734,139.0041046142578,14425495,0.0,0.0
2016-01-29,140.88046729758412,142.25501956199176,138.26228139874237,139.72410583496094,12977498,0.0,0.0
2016-02-01,139.04774220720157,141.81865961057483,137.38955018766748,141.70956420898438,7634682,0.0,0.0
2016-02-02,141.33867778643136,142.2114100398157,140.2695882959234,141.4914093017578,7338991,0.0,0.0
2016-02-03,140.40047501767214,141.49138757381317,139.46229395340353,140.4877471923828,5111345,0.0,0.0
2016-02-04,140.6841187776812,141.64412309909292,140.0732031650527,140.42230224609375,3309501,0.0,0.0
2016-02-05,140.94592563346183,142.2332057171162,140.50956477743853,141.3604736328125,6754583,0.0,0.0
2016-02-08,141.73141103113673,141.77504712458523,137.12775649715573,137.56411743164062,6509280,0.0,0.0
2016-02-09,136.69139231831778,136.90957278038175,135.1641083393526,136.3204803466797,11915170,0.0,0.0
2016-02-10,136.18957743112506,136.56047904510658,133.96411588594043,134.8368377685547,8168586,0.0,0.0
2016-02-11,135.57865687284814,135.57865687284814,129.79681756071042,130.27682495117188,14580660,0.0,0.0
2016-02-12,130.5604812664842,133.15685523962108,130.4077600971744,130.95321655273438,13703734,0.0,0.0
2016-02-15,132.2186257693827,133.52771871203092,130.21134508360214,132.52407836914062,12478912,0.0,0.0
2016-02-16,132.87317128702574,133.52772296532805,128.13861953706703,128.94589233398438,10988951,0.0,0.0
2016-02-17,129.38223095198356,131.69496391341883,126.13131709378146,130.84405517578125,13598699,0.0,0.0
2016-02-18,131.56407872341282,133.83317600280625,131.28044934268175,133.2877197265625,9751124,0.0,0.0
2016-02-19,133.0913565834827,133.57135352137286,131.3458924284591,132.89498901367188,7194078,0.0,0.0
2016-02-22,132.0658757758458,132.0658757758458,128.0295021132252,130.84405517578125,15270590,0.0,0.0
2016-02-23,130.0149842529071,130.0149842529071,127.70225084745844,128.20407104492188,9198036,0.0,0.0
2016-02-24,127.85500423527445,128.90228089747907,124.80044643948933,125.4986343383789,14353186,0.0,0.0
2016-02-25,124.18949995722707,126.67678789627439,123.927683449619,124.88768768310547,15129076,0.0,0.0
2016-02-26,126.10952501218085,127.41861809467136,124.42951997566207,126.96043395996094,12468580,0.0,0.0
2016-02-29,126.54589784604649,131.62954910854037,116.94586450247768,129.0113525390625,79431944,0.0,0.0
2016-03-01,133.0914010639286,142.69143638047,133.0914010639286,141.971435546875,67402048,0.0,0.0
2016-03-02,143.1277456113599,145.70230568788878,138.96046328037735,139.44046020507812,24680589,0.0,0.0
2016-03-03,140.94594051856603,141.81867269503775,138.21865894975326,138.82957458496094,10227569,0.0,0.0
2016-03-04,139.63681950125087,140.40045611327727,137.3458992929155,137.54226684570312,11818471,0.0,0.0
2016-03-08,137.89139165454108,141.38231020506825,137.89139165454108,139.74594116210938,13109801,0.0,0.0
2016-03-09,138.32775891238157,139.94230467555323,136.45138622707358,139.5932159423828,20903665,0.0,0.0
2016-03-10,139.52774559502248,140.4223009614827,136.516824392538,137.9350128173828,13915900,0.0,0.0
2016-03-11,137.93501938244208,140.5095798254764,137.45502238941063,140.20411682128906,12149994,0.0,0.0
2016-03-14,140.727744000888,142.25501735615393,140.50956357474388,141.84046936035156,7708725,0.0,0.0
2016-03-15,142.2550594350389,142.2550594350389,137.45504715100188,138.10958862304688,16209915,0.0,0.0
2016-03-16,138.13138171088744,141.1204797115019,137.8913780373887,140.53138732910156,9728463,0.0,0.0
2016-03-17,141.05500889526715,141.81864551372257,140.29136190455552,141.22955322265625,13035516,0.0,0.0
2016-03-18,141.99320395531373,142.60411953415715,140.5095666527758,141.70956420898438,14383934,0.0,0.0
2016-03-21,142.58227744580145,146.70592334773028,142.3640970437362,144.63319396972656,16781906,0.0,0.0
2016-03-22,143.34589814061934,144.34953825106135,140.61861748664757,141.0113525390625,19781991,0.0,0.0
2016-03-23,141.81868519330934,141.86232128736557,139.78959126130454,141.4914093017578,16015333,0.0,0.0
2016-03-28,142.69141606698636,143.9132370610068,139.76776667670882,140.70594787597656,17073110,0.0,0.0
2016-03-29,140.13866102007492,142.71321096497115,139.20046956663433,139.6368408203125,18701607,0.0,0.0
2016-03-30,139.8986693370971,143.67322758772852,139.8986693370971,142.84413146972656,14435320,0.0,0.0
2016-03-31,142.1677624066243,145.09141158787128,141.77503759199368,143.2368621826172,28529105,0.0,0.0
2016-04-01,142.29865060210616,146.967763489713,142.0368340959572,146.64048767089844,14850746,0.0,0.0
2016-04-04,142.69140823142175,145.30959445022836,142.27686017852997,144.3059539794922,14209372,0.0,0.0
2016-04-05,143.17141676516823,144.15324445548478,141.46959869756773,142.451416015625,8964083,0.0,0.0
2016-04-06,142.62592799699465,143.52048329460726,141.81865524131965,142.2113800048828,6892514,0.0,0.0
2016-04-07,142.6913962417071,142.6913962417071,139.20046774694737,139.39683532714844,10412846,0.0,0.0
2016-04-08,139.41864799327115,140.70591766522588,139.2004571996879,140.16046142578125,4985755,0.0,0.0
2016-04-11,140.509596029742,143.25869077865974,138.32777051982723,142.80050659179688,14365804,0.0,0.0
2016-04-12,141.8186765562426,142.10231633646356,140.07321215577653,140.6841278076172,6187731,0.0,0.0
2016-04-13,141.81866283467673,145.17867266405878,141.60048239879296,144.5459442138672,12397612,0.0,0.0
2016-04-18,146.1823281917969,147.64415282210848,144.45868701129,146.35687255859375,14746380,0.0,0.0
2016-04-20,146.33504849011706,147.62231828277282,145.13504050191722,146.40049743652344,9345601,0.0,0.0
2016-04-21,146.44411760895454,146.83685273374041,142.95319980303577,143.97865295410156,7212220,0.0,0.0
2016-04-22,142.2332144455022,144.5023117805846,141.57866274904245,142.16775512695312,6515084,0.0,0.0
2016-04-25,140.20409745150982,142.0368337344008,139.8113726932861,140.05137634277344,6324530,0.0,0.0
2016-04-26,136.6695789916007,143.28051489097174,136.36412632257236,142.865966796875,15023308,0.0,0.0
2016-04-27,142.2768532638708,145.96413909719786,142.2768532638708,145.54959106445312,9677599,0.0,0.0
2016-04-28,144.0005069477404,144.87323917874346,140.3132207916401,140.90231323242188,20225037,0.0,0.0
2016-04-29,141.01139488622286,142.2986646883446,139.68047862316558,141.79684448242188,10729330,0.0,0.0
2016-05-02,141.05502481065474,141.3822902753069,139.37501991159357,140.13865661621094,3388196,0.0,0.0
2016-05-03,140.3350266025613,141.1423098397359,137.0186525891474,137.9132080078125,11124246,0.0,0.0
2016-05-04,137.45501378658187,139.41865847060208,135.33863761002692,136.42955017089844,6402669,0.0,0.0
2016-05-05,136.14594939622737,139.76777654025,135.97139463711252,138.6114044189453,6576427,0.0,0.0
2016-05-06,136.5604539487865,139.37501780587957,133.52772003339302,138.63319396972656,16183901,0.0,0.0
2016-05-09,139.63686150925398,142.21141183560195,139.41868103621758,141.73141479492188,8857475,0.0,0.0
2016-05-10,141.81865994292926,142.25502080579915,140.37865872320137,141.1641082763672,8564326,0.0,0.0
2016-05-11,139.63684655079706,140.40048331075025,137.93501829890135,138.7641143798828,11154663,0.0,0.0
2016-05-12,139.22229132594882,140.11683630953877,137.49865030416166,138.85137939453125,5782937,0.0,0.0
2016-05-13,138.76410283920114,140.37865877695248,137.52045882115988,139.3531951904297,9804509,0.0,0.0
2016-05-16,138.89502021943298,144.00049451353146,138.3713871494013,143.73867797851562,13469690,0.0,0.0
2016-05-17,144.00047802639935,145.50593848876173,143.4331985598903,144.21865844726562,12444300,0.0,0.0
2016-05-18,142.9532191105022,146.09504867184611,142.16775912710173,145.17868041992188,7908685,0.0,0.0
2016-05-19,145.74596870943608,145.74596870943608,140.72776625333742,141.7532196044922,8918517,0.0,0.0
2016-05-20,142.58230877520805,147.79687857776483,141.73139983405662,144.15322875976562,21044560,0.0,0.0
2016-05-23,152.5750618197192,154.69143804722904,148.145962524408,151.35324096679688,54852807,0.0,0.0
2016-05-24,151.85506885831262,153.5132610533781,151.26597644633057,151.87689208984375,16271995,0.0,0.0
2016-05-25,152.90230295743896,155.97868280788043,152.66230971077928,155.36776733398438,10338908,0.0,0.0
2016-05-26,155.3459841756611,158.83690225481715,154.29870771468856,158.16053771972656,13074273,0.0,0.0
2016-05-27,158.37874373440127,158.79329181426613,155.433281453529,156.7860107421875,10925400,0.0,0.0
2016-05-30,158.0955650611283,160.37708980987634,157.82715413780662,159.4823760986328,7646107,5.666667,0.0
2016-05-31,159.25868219610356,160.80205014622857,156.2390224352852,157.0442657470703,15054842,0.0,0.0
2016-06-01,157.9166276802785,162.03230445619968,157.9166276802785,161.67442321777344,12409528,0.0,0.0
2016-06-02,160.98102820610927,161.27180140497893,158.0061030982444,160.15341186523438,13708259,0.0,0.0
2016-06-03,160.98102802110841,160.98102802110841,157.71532971812687,158.3192596435547,7381218,0.0,0.0
2016-06-06,158.22978972057274,159.68368761734382,157.17849759707082,159.0797576904297,7694861,0.0,0.0
2016-06-07,159.70603786457477,162.72568707093342,159.70603786457477,162.27833557128906,11008034,0.0,0.0
2016-06-08,162.83753741270363,163.28488893199093,161.3612667655513,162.3007049560547,7611794,0.0,0.0
2016-06-09,162.21124190838066,162.3678202638875,157.7376839813755,158.40872192382812,12065100,0.0,0.0
2016-06-10,157.93897195132078,160.44416143330136,156.5969069169385,156.88768005371094,11163385,0.0,0.0
2016-06-13,155.94824350228873,158.162649235708,154.62854071156232,156.52980041503906,12184759,0.0,0.0
2016-06-14,156.9771681975147,158.36396844235003,155.59035731917595,158.05081176757812,7849407,0.0,0.0
2016-06-15,158.36397432603795,161.0481046179267,158.25213113324935,160.8468017578125,9890057,0.0,0.0
2016-06-16,160.77972018842254,160.77972018842254,157.0666701921246,158.76661682128906,9057747,0.0,0.0
2016-06-17,158.9678998269897,161.36125689249724,158.9678998269897,160.9810028076172,9326214,0.0,0.0
2016-06-20,161.2717825076503,161.49546889619248,158.85606308622943,160.17576599121094,9020745,0.0,0.0
2016-06-21,159.9297130637049,160.9138969930373,159.03499943399328,160.3770751953125,6913784,0.0,0.0
2016-06-22,159.23630342065394,160.66783876264716,157.71529778438008,158.67710876464844,9255264,0.0,0.0
2016-06-23,158.81133575838595,161.71915261763613,158.81133575838595,161.1599578857422,8991200,0.0,0.0
2016-06-24,157.71532172116287,161.09285242662938,156.66402965355408,158.40872192382812,12511364,0.0,0.0
2016-06-27,158.40871359760013,161.6744115633437,158.40871359760013,160.57838439941406,10639592,0.0,0.0
2016-06-28,161.04810146895457,165.14140486912527,160.57837708203297,164.8506317138672,16301081,0.0,0.0
2016-06-29,165.49930405920742,165.49930405920742,162.8375359594427,163.866455078125,11999827,0.0,0.0
2016-06-30,164.62695695882374,166.282178875704,163.7993513171358,164.805908203125,21706947,0.0,0.0
2016-07-01,163.26254475288485,174.30104839039674,162.7928202888626,169.3354034423828,29020448,0.0,1.5
2016-07-04,170.44257256296103,170.44257256296103,163.73223656759293,164.33616638183594,14535927,0.0,0.0
2016-07-05,164.97364589829112,165.7453298636929,162.52437792388247,163.43026733398438,9335877,0.0,0.0
2016-07-07,164.06776189630432,166.85255970500006,163.66514552283826,165.74534606933594,9305981,0.0,0.0
2016-07-08,166.01375357329445,166.01375357329445,162.7256829175693,164.97364807128906,7165465,0.0,0.0
2016-07-11,166.61769865912893,168.8321046789145,165.57759306186364,167.18807983398438,7547920,0.0,0.0
2016-07-12,168.3959427509579,169.0669700573252,165.74535033191714,166.68479919433594,4302932,0.0,0.0
2016-07-13,166.71835435640529,167.22162748194364,165.07431888837598,165.8124542236328,4510416,0.0,0.0
2016-07-14,165.74533090229386,168.42947171362638,164.4703738529015,166.88609313964844,6326605,0.0,0.0
2016-07-15,167.08738158096045,169.46955180764837,166.11438427149668,166.98672485351562,9705885,0.0,0.0
2016-07-18,167.12095092933566,167.7248807351278,166.1479534996429,167.02029418945312,7088259,0.0,0.0
2016-07-19,167.08742297339546,167.75845026675782,164.80590890895473,167.1209716796875,6980063,0.0,0.0
2016-07-20,167.1209347708154,169.10048877443216,166.38279959438273,167.92617797851562,9671252,0.0,0.0
2016-07-21,169.77153245733228,170.10705137934937,165.4098183716197,168.1610565185547,12168179,0.0,0.0
2016-07-22,169.872212444536,171.91886432537325,165.84600609634546,167.65780639648438,16388121,0.0,0.0
2016-07-25,167.42295031464593,169.10053458225443,167.08743133442326,168.93276977539062,9212323,0.0,0.0
2016-07-26,168.86567235944904,170.14062959738834,168.09397764158638,168.93276977539062,7080363,0.0,0.0
2016-07-27,168.42949835538286,170.24128810702743,165.27564330253915,166.01377868652344,9241105,0.0,0.0
2016-07-28,167.35583013344296,171.38203633724245,166.5841461050252,170.64389038085938,11787316,0.0,0.0
2016-07-29,170.57677673746366,172.12015528093332,168.69787927002182,169.4024658203125,12596909,0.0,0.0
2016-08-01,169.10050524680125,171.24781358750676,167.4564699723698,168.1610565185547,9926094,0.0,0.0
2016-08-02,168.42951348837215,175.81088925842383,168.42951348837215,175.00564575195312,17425566,0.0,0.0
2016-08-03,174.4687722507119,174.4687722507119,168.59722810431091,169.5702362060547,11408861,0.0,0.0
2016-08-04,170.44258556227186,171.01296671742074,167.89265003343127,169.16761779785156,8995366,0.0,0.0
2016-08-05,169.20113722052506,172.1201399014069,168.49656136669375,169.4695587158203,4533189,0.0,0.0
2016-08-08,169.77155111769912,170.9458621570812,167.4229396724392,167.7248992919922,8739307,0.0,0.0
2016-08-09,167.75847675251342,167.75847675251342,165.1414433114613,166.18154907226562,9718838,0.0,0.0
2016-08-10,166.41636670248496,166.68477759024302,164.94009618631242,165.40982055664062,5457692,0.0,0.0
2016-08-11,165.74532989676604,169.6373303278604,165.44337030450626,168.8656463623047,11158153,0.0,0.0
2016-08-12,168.1275185061618,171.44913817844957,167.9597643406289,170.5096893310547,8603626,0.0,0.0
2016-08-16,170.61034392844297,173.1267201806735,170.07352209871584,171.18072509765625,10689714,0.0,0.0
2016-08-17,170.81165312749798,172.28792375555508,169.23472575052713,170.24127197265625,8649054,0.0,0.0
2016-08-18,170.7109711005515,171.38200890494295,168.7649763547196,169.20114135742188,6939437,0.0,0.0
2016-08-19,169.10053699585566,169.36894793046292,167.590706880056,168.3959503173828,5531361,0.0,0.0
2016-08-22,168.86566448161807,170.94586504834643,168.76500772889656,170.5096893310547,4345966,0.0,0.0
2016-08-23,170.71100972934116,171.11362612297935,167.95977112238486,168.69790649414062,6694732,0.0,0.0
2016-08-24,168.563656424798,169.10048877443216,167.15448346969816,167.92617797851562,5590189,0.0,0.0
2016-08-25,169.16761674413854,171.1136117670504,167.9262083261094,170.07351684570312,9884849,0.0,0.0
2016-08-26,170.00640988001604,171.0465154414607,169.1340691113711,170.30838012695312,4936367,0.0,0.0
2016-08-29,169.77154981618006,170.40903902324555,168.46303332997212,169.63734436035156,4437169,0.0,0.0
2016-08-30,170.2412781530513,173.05962469093578,169.80510243642507,172.65699768066406,7989072,0.0,0.0
2016-08-31,173.32802361850972,175.47533207973373,172.05305589668805,174.50233459472656,13265582,0.0,0.0
2016-09-01,175.1398162841797,176.4818814381706,173.86484853946118,175.1398162841797,8695602,0.0,0.0
2016-09-02,175.8108650336134,176.95161676321663,174.63655396379792,176.414794921875,9506919,0.0,0.0
2016-09-06,176.4818966449989,178.42789181764053,175.20693942392563,176.21348571777344,9519864,0.0,0.0
2016-09-07,177.15291483414066,177.7903933735629,175.81084971422374,176.34767150878906,6656556,0.0,0.0
2016-09-08,176.81741756594943,178.19304219174643,176.28059570559296,177.75686645507812,8645619,0.0,0.0
2016-09-09,176.4818727399373,177.45487019446236,172.48922617938564,173.32801818847656,10131678,0.0,0.0
2016-09-12,171.75109211213615,172.25436519440453,168.93274583782775,169.2682647705078,7627126,0.0,0.0
2016-09-14,168.42946631172546,169.83863939496703,167.45646888763096,168.99984741210938,13020551,0.0,0.0
2016-09-15,169.43604559988108,173.0596357564997,169.43604559988108,171.71755981445312,8077776,0.0,0.0
2016-09-16,171.78465123776937,175.94506286171264,171.38203487422805,174.70364379882812,14578809,0.0,0.0
2016-09-19,175.47535407636204,176.21348945865446,173.29449663772394,173.69711303710938,6724348,0.0,0.0
2016-09-20,173.93194901915274,173.96549772233016,171.28136753106236,172.422119140625,6944197,0.0,0.0
2016-09-21,172.25435417154384,173.66352721852257,169.77152698879598,170.20770263671875,9139238,0.0,0.0
2016-09-22,171.4155622493373,172.58987312208723,170.27480007766522,171.28135681152344,7988449,0.0,0.0
2016-09-23,171.1136117670504,172.45568756692444,168.96630324745666,170.07351684570312,5143011,0.0,0.0
2016-09-26,169.77154005393996,169.9393048392068,166.0808530136147,166.44992065429688,10060086,0.0,0.0
2016-09-27,166.85254558884628,167.25516192824995,164.40326694867298,164.97364807128906,6900812,0.0,0.0
2016-09-28,165.27561170815218,167.3558119956807,164.7387793101914,165.71177673339844,7646466,0.0,0.0
2016-09-29,166.48347241085605,167.28870506285915,161.71913136907398,164.87298583984375,18104875,0.0,0.0
2016-09-30,164.83943835912547,165.71177905534412,161.38361364312073,161.95399475097656,9912734,0.0,0.0
2016-10-03,163.86642874560619,163.86642874560619,162.08818814943132,162.59146118164062,6714964,0.0,0.0
2016-10-04,163.0611613536915,163.69863972446987,161.28292102099311,161.85330200195312,8002732,0.0,0.0
2016-10-05,162.25596626811455,163.22896377648823,160.5112847474113,161.18231201171875,6470467,0.0,0.0
2016-10-06,162.39018317993313,162.39018317993313,158.1291251920145,159.30343627929688,8986109,0.0,0.0
2016-10-07,159.6389345104074,161.21587251834123,158.86725049248574,160.34352111816406,4164582,0.0,0.0
2016-10-10,162.3901762708691,162.79280327423837,160.74615145212522,161.11521911621094,5241260,0.0,0.0
2016-10-13,161.1152157695897,162.0211052413454,159.00145594631977,160.34352111816406,11089281,0.0,0.0
2016-10-14,160.3770729767793,161.38361915034127,159.73958380892012,160.9810028076172,9579094,0.0,0.0
2016-10-17,160.98103540930407,162.22244402590624,160.0415864525216,161.4507598876953,6379993,0.0,0.0
2016-10-18,161.719136864319,165.44337256526848,161.24941248460436,165.04075622558594,12234489,0.0,0.0
2016-10-19,164.8394584036214,164.8394584036214,159.9744599943308,160.67904663085938,8734555,0.0,0.0
2016-10-20,161.71914141698664,161.95400361345574,159.77314643681626,160.6119384765625,4572220,0.0,0.0
2016-10-21,160.37707394796686,161.81979581001087,160.20930916235494,161.1487579345703,10999941,0.0,0.0
2016-10-24,161.71913256735965,162.3901597823343,160.846791871141,161.95399475097656,9944640,0.0,0.0
2016-10-25,162.99410234683427,162.99410234683427,159.80668847534693,160.2093048095703,6177333,0.0,0.0
2016-10-26,160.94744007239814,162.72568082384876,156.6863826429818,160.2093048095703,24852951,0.0,0.0
2016-10-27,161.85334345562595,164.26906277781367,160.81323794554376,163.12831115722656,15943817,0.0,0.0
2016-10-28,163.9335438422868,163.9335438422868,160.71258120153536,163.12831115722656,9674418,0.0,0.0
2016-11-01,162.92703406521125,162.92703406521125,160.47775485887797,161.01458740234375,5730426,0.0,0.0
2016-11-02,159.035029854383,160.34354652851115,157.76007252415963,159.23634338378906,4867894,0.0,0.0
2016-11-03,159.06856294688185,162.59148532905917,158.3639763437456,161.24942016601562,9210542,0.0,0.0
2016-11-04,168.76500715705794,172.0530674782944,165.77890645945843,167.1209716796875,36621117,0.0,0.0
2016-11-07,170.3083734537481,174.23392270909125,165.7453350243512,172.1201629638672,25202734,0.0,0.0
2016-11-08,172.12016519610125,172.72409504064,169.2347214240268,171.5162353515625,10317962,0.0,0.0
2016-11-09,160.47773454382144,171.11362096517584,160.07511816231917,166.5170440673828,23914156,0.0,0.0
2016-11-10,169.67087228332502,169.7715290212432,164.77232589482858,168.4630126953125,12012673,0.0,0.0
2016-11-11,166.41636560348172,167.05384411607307,161.71913256472305,163.02764892578125,13232720,0.0,0.0
2016-11-15,162.3566143244601,165.6782336638484,158.22976231101057,159.37051391601562,22012736,0.0,0.0
2016-11-16,159.67248877340558,160.44417276679735,153.02924990201717,154.9416961669922,31846924,0.0,0.0
2016-11-17,153.29766739786567,157.0219139760294,153.2641186924059,155.34432983398438,9640577,0.0,0.0
2016-11-18,154.337771976371,155.27722079123686,152.39177693615113,152.89505004882812,8575440,0.0,0.0
2016-11-21,153.12992676699517,153.39833770139705,150.04316912085807,150.44578552246094,7878052,0.0,0.0
2016-11-22,150.98259835239617,153.06279877322748,149.97605216278504,151.72073364257812,9570300,0.0,0.0
2016-11-23,152.4924338766586,152.86150153531824,149.9760576766133,150.74774169921875,10720504,0.0,0.0
2016-11-24,150.98260519519047,151.15035935656067,149.03661013587785,149.97605895996094,18697423,0.0,0.0
2016-11-25,150.64707285249602,154.639730000063,149.67407540929995,153.5325164794922,7890103,0.0,0.0
2016-11-28,153.26412058912226,157.15612137625422,152.52598525884832,156.8206024169922,9472016,0.0,0.0
2016-11-29,156.38442357510743,158.12911574823116,154.5055259476671,155.0423583984375,8945347,0.0,0.0
2016-11-30,155.67983140124392,157.29031806249665,153.76738513694607,156.01535034179688,11507955,0.0,0.0
2016-12-01,156.21667693770934,157.692947639781,155.04236586401387,156.6864013671875,5358757,0.0,0.0
2016-12-02,156.35085622110438,156.35085622110438,152.99568836286628,153.33120727539062,8693600,0.0,0.0
2016-12-05,153.59962125293688,156.48506481859388,152.62662383042493,156.04888916015625,5320355,0.0,0.0
2016-12-06,156.350851694642,156.350851694642,153.76736783985103,154.47195434570312,5100487,0.0,0.0
2016-12-07,155.34433211294856,155.34433211294856,151.98915314613257,152.45887756347656,8419775,0.0,0.0
2016-12-08,153.7003049533409,157.89426559648936,153.19703180286405,156.5522003173828,7648947,0.0,0.0
2016-12-09,157.05544182394863,160.77967727401608,156.04888509229357,158.46461486816406,8648965,0.0,0.0
2016-12-12,157.1561170486777,157.49162536519665,155.64628709032652,155.8811492919922,3155645,0.0,0.0
2016-12-13,157.5587387021949,158.96791195953358,155.81404648356067,158.12911987304688,7727181,0.0,0.0
2016-12-14,158.3639999429427,158.69951894207819,155.67985858336442,156.45155334472656,6556449,0.0,0.0
2016-12-15,155.67982262452696,157.29030919498575,153.33121144007052,154.13644409179688,5538310,0.0,0.0
2016-12-16,154.8746201954436,154.8746201954436,151.6536570594818,151.88851928710938,13422991,0.0,0.0
2016-12-19,151.21747348368316,153.6667417591283,151.21747348368316,152.32467651367188,5665425,0.0,0.0
2016-12-20,153.33124733802208,154.87462623208845,152.6602093376435,154.3042449951172,6145411,0.0,0.0
2016-12-21,153.66670872044693,154.2035410833121,151.31809770423087,151.85491943359375,13379223,0.0,0.0
2016-12-22,151.1503470199832,153.26410670164952,150.4793197957661,152.6937255859375,6668113,0.0,0.0
2016-12-23,152.6601780264648,152.6601780264648,150.17735069450788,150.78128051757812,11177602,0.0,0.0
2016-12-26,150.91551218792054,151.55300145835653,148.9695169347069,150.9826202392578,9071721,0.0,0.0
2016-12-27,151.6536455077783,157.62584686953448,150.54643187129787,157.0554656982422,16206836,0.0,0.0
2016-12-28,156.1495547208147,158.63238210368087,156.1495547208147,157.99490356445312,14711711,0.0,0.0
2016-12-29,157.89428915906495,159.03504109481332,155.88118562323714,158.364013671875,14593942,0.0,0.0
2016-12-30,159.3369832682858,162.65860298406434,158.56528857631983,162.1553192138672,10821396,0.0,0.0
2017-01-02,162.3901839322853,162.55794873610557,160.10866979506847,161.68560791015625,5075736,0.0,0.0
2017-01-03,161.65204603889129,164.8730089998676,160.54484301172883,163.29608154296875,7798116,0.0,0.0
2017-01-04,162.96055380744426,165.7453408957105,161.11521552811215,164.7052459716797,9668664,0.0,0.0
2017-01-05,164.06779118133588,166.31575692648653,163.79938021778224,165.57762145996094,9532162,0.0,0.0
2017-01-06,165.74535310707043,167.08742900928524,162.52440071556825,162.8599090576172,8404984,0.0,0.0
2017-01-09,162.96054510726393,165.47692115391948,162.4572720246335,164.97364807128906,5041639,0.0,0.0
2017-01-10,165.0742895634205,167.65777341137547,164.87297609556617,167.0538330078125,12438618,0.0,0.0
2017-01-11,167.6242142515675,168.09393858804646,165.4769060372359,166.11439514160156,7931415,0.0,0.0
2017-01-12,166.2150630031321,166.2150630031321,163.83290294218924,164.1684112548828,5816779,0.0,0.0
2017-01-13,165.07429175737616,168.4294595541946,162.72567004620223,167.5235595703125,4553691,0.0,0.0
2017-01-16,167.25517617463143,168.32883047132916,165.81245421033492,166.95321655273438,4813933,0.0,0.0
2017-01-17,166.9531913726233,169.30180248189458,166.9531913726233,169.0669403076172,4996927,0.0,0.0
2017-01-18,168.8321153235402,170.64390508127852,167.62425548504797,168.32884216308594,7534139,0.0,0.0
2017-01-19,167.59069149800357,170.9458597731605,167.45648604301778,170.54324340820312,9538148,0.0,0.0
2017-01-20,170.6103548390834,171.98597947436372,170.24128714916785,171.38204956054688,11261533,0.0,0.0
2017-01-23,171.1807387941513,174.56945610757822,171.1471900854851,174.23394775390625,11101905,0.0,0.0
2017-01-24,174.20038399762086,174.97207871192452,172.69056454383934,174.36814880371094,8341113,0.0,0.0
2017-01-25,174.4352486060891,178.76342541326323,174.20038638115332,178.15948486328125,18123606,0.0,0.0
2017-01-27,176.81740955192222,179.13248296192012,171.851765034667,172.72410583496094,25440485,0.0,0.0
2017-01-30,173.39512415980806,175.13980556314596,171.44911864046526,171.85174560546875,9253765,0.0,0.0
2017-01-31,171.91883427797268,174.43521014741182,170.84518014833853,173.1938018798828,10380649,0.0,0.0
2017-02-01,174.46878011425392,181.24622462745256,173.4622338971916,180.97781372070312,35144107,0.0,0.0
2017-02-02,181.85016921448923,187.82237050847326,180.84360170774377,184.0645751953125,30867395,0.0,0.0
2017-02-03,183.86326288214394,184.86980912838564,181.51464079624097,183.2257843017578,9356904,0.0,0.0
2017-02-06,184.46721500019473,187.21844299754758,183.93037187033696,185.74217224121094,8538188,0.0,0.0
2017-02-07,186.95001239017967,196.04250882811795,184.93691998286724,185.94346618652344,25251605,0.0,0.0
2017-02-08,184.86982516593724,187.21844745558442,182.5212028762901,184.4001007080078,11114871,0.0,0.0
2017-02-09,185.20534275469086,186.81580827694242,182.957377371163,186.3125457763672,5070408,0.0,0.0
2017-02-10,187.01709777152644,187.28550865743853,182.2192186269628,183.4270782470703,7975779,0.0,0.0
2017-02-13,184.802714896822,185.4401934881787,180.2396867372593,181.5817413330078,9312915,0.0,0.0
2017-02-14,181.17913580266548,183.52775793177196,180.60875462366755,181.71595764160156,6911954,0.0,0.0
2017-02-15,181.98434655337903,184.86979017247975,181.98434655337903,183.4606170654297,7827599,0.0,0.0
2017-02-16,181.21267101551126,182.18567919185804,178.29367838698383,178.93116760253906,10982700,0.0,0.0
2017-02-17,179.40089179326512,180.4409973803476,177.15292645566944,179.93771362304688,9700816,0.0,0.0
2017-02-20,178.49498060835197,179.4679673982285,178.1930103906637,178.5285186767578,5934404,0.0,0.0
2017-02-21,178.4949916870937,178.66274584055282,175.00560746691002,176.58253479003906,10251239,0.0,0.0
2017-02-22,177.42133783584336,178.6627569291017,175.5759994992489,176.7838592529297,8815003,0.0,0.0
2017-02-23,177.1528984940659,179.9712445560885,175.54241199190938,178.26010131835938,12837302,0.0,0.0
2017-02-27,178.19301589035908,178.4949861173673,173.02604776279858,177.55552673339844,5270544,0.0,0.0
2017-02-28,176.48190549954867,177.55555989582322,175.0727427441614,175.94508361816406,8558167,0.0,0.0
2017-03-01,176.07929264291417,180.97784026020668,176.07929264291417,180.172607421875,15139871,0.0,0.0
2017-03-02,180.1725911754053,181.34689161712672,176.81741211754348,177.6562042236328,10453722,0.0,0.0
2017-03-03,175.8108508517589,176.75029963183025,173.22736670656263,175.50888061523438,10371862,0.0,0.0
2017-03-06,176.28056773940318,177.85749499590835,175.50887314568584,177.2200164794922,9927375,0.0,0.0
2017-03-07,177.35423805006593,177.82396246282235,175.240478192662,177.3206787109375,7183529,0.0,0.0
2017-03-08,177.45487341168976,178.15945998812057,176.81739487594436,177.25357055664062,5993605,0.0,0.0
2017-03-09,178.56213059669463,178.69632544384874,176.0121945636318,177.79043579101562,9847115,0.0,0.0
2017-03-10,177.79040550316225,177.85751354881307,176.24702678823584,176.7838592529297,5880374,0.0,0.0
2017-03-14,178.62919852457983,182.28633714434352,177.95817123208033,179.23313903808594,18508020,0.0,0.0
2017-03-15,177.95816463036812,181.6488518194673,177.95816463036812,179.9712677001953,14475482,0.0,0.0
2017-03-16,181.3468825488374,182.0179204535553,179.50154426111925,180.13902282714844,9020039,0.0,0.0
2017-03-17,185.74214062091346,193.86164966552911,185.74214062091346,188.72824096679688,54015422,0.0,0.0
2017-03-20,189.83543601350323,190.70778730639077,186.41317077787653,189.16439819335938,16509511,0.0,0.0
2017-03-21,190.0367582859583,193.66033716211965,189.90254220891248,193.19061279296875,13734401,0.0,0.0
2017-03-22,191.24465909242235,193.1570950498411,186.95004144027632,187.78883361816406,12874461,0.0,0.0
2017-03-23,186.21187903068858,189.56704725585385,184.60139232784707,186.2789764404297,17547913,0.0,0.0
2017-03-24,187.11773826913335,189.90252489411643,187.05064087023138,188.5604705810547,7398317,0.0,0.0
2017-03-27,188.19144607526823,189.83547096031467,185.40663754566557,188.96311950683594,12623097,0.0,0.0
2017-03-28,188.96314154755194,189.36576861412146,187.92305707060024,188.22500610351562,6532115,0.0,0.0
2017-03-29,188.02364486775198,190.3722667151983,188.02364486775198,190.03675842285156,8828112,0.0,0.0
2017-03-30,190.57357897981882,191.00974401048416,187.92300819299768,189.7347869873047,14948411,0.0,0.0
2017-03-31,188.56051422997874,189.90256885370593,187.05068416965247,188.09078979492188,9929324,0.0,0.0
2017-04-03,189.76834214494465,190.30516390425282,186.98355534315195,188.92955017089844,7507187,0.0,0.0
2017-04-05,190.0367504033259,190.23806387704107,186.34605300822682,187.18484497070312,10685034,0.0,0.0
2017-04-06,186.68159246983961,187.31907099246322,183.32642444170975,183.9303436279297,16243974,0.0,0.0
2017-04-07,183.19223378854966,183.96392849688573,181.78306046911365,182.95738220214844,9480161,0.0,0.0
2017-04-10,184.53427206034345,184.53427206034345,182.58827728283364,183.56126403808594,5687364,0.0,0.0
2017-04-11,183.2593660614071,189.6341739121797,182.3870145322017,189.26510620117188,11355730,0.0,0.0
2017-04-12,189.03020338953382,191.1103929848728,187.58747101287426,189.16439819335938,7507416,0.0,0.0
2017-04-13,189.16438393657145,189.23150260043104,186.21184327086962,187.3190460205078,4085766,0.0,0.0
2017-04-17,185.5744153981355,189.56706250452734,184.90337744572295,187.28553771972656,5017073,0.0,0.0
2017-04-18,188.0236570182441,190.57359251268332,186.61450508572025,187.25198364257812,4497780,0.0,0.0
2017-04-19,188.66118187118494,188.89603346876,186.44675439699273,187.0171356201172,5143709,0.0,0.0
2017-04-20,187.68812537088795,188.8959849250389,186.782236022026,187.5539093017578,4400814,0.0,0.0
2017-04-21,189.23155402636755,189.23155402636755,182.9909202137066,184.09814453125,9041742,0.0,0.0
2017-04-24,185.4737360885529,186.24543070334073,181.95081385053177,185.70858764648438,7392939,0.0,0.0
2017-04-25,186.54741332045023,189.23156528791836,183.79618520090946,188.7618408203125,13211107,0.0,0.0
2017-04-26,190.10385545176783,196.54578053472855,189.23152538658977,195.20370483398438,19671557,0.0,0.0
2017-04-27,195.53924348751758,195.8747517948055,190.90911825850628,191.7814483642578,14075606,0.0,0.0
2017-04-28,191.7814598138466,192.2511842322972,186.11122871991276,186.54739379882812,12851433,0.0,0.0
2017-05-02,188.22494536316196,188.76178836768557,185.54081540856362,187.3526153564453,7298698,0.0,0.0
2017-05-03,187.5539371344568,187.5539371344568,184.86980675657907,186.04412841796875,6271881,0.0,0.0
2017-05-04,186.48026599068456,189.36570944312587,185.305965769472,188.69467163085938,8070845,0.0,0.0
2017-05-05,188.5269714318041,188.5269714318041,185.47377296953232,185.97703552246094,4192254,0.0,0.0
2017-05-08,186.24543338403404,186.8829119270315,182.89024398166563,183.15867614746094,11038927,0.0,0.0
2017-05-09,183.52777545538393,185.64152493990048,181.85019109827277,182.18569946289062,7008749,0.0,0.0
2017-05-10,182.65538112850672,185.004002931468,182.52116505390637,183.82968139648438,4754549,0.0,0.0
2017-05-11,184.86981531279463,187.31909423195782,183.86326903288116,185.64151000976562,9778012,0.0,0.0
2017-05-12,186.07764437014598,186.07764437014598,183.89679800168278,184.50071716308594,4672675,0.0,0.0
2017-05-15,185.13820465689685,187.15131824908778,184.86979376467275,186.5138397216797,5673245,0.0,0.0
2017-05-16,186.8829048772213,190.7748946633404,186.54737531613804,190.2045135498047,11635819,0.0,0.0
2017-05-17,190.64068303172465,190.84199651966844,187.38617168865196,188.9966583251953,8617269,0.0,0.0
2017-05-18,186.54736778844867,188.59401934054463,185.90988929522288,186.4802703857422,8229448,0.0,0.0
2017-05-19,189.39927966352138,198.39111881031081,189.19796618156977,192.0498504638672,37099971,0.0,0.0
2017-05-22,196.24382931038093,204.53109333390046,195.4721559114033,203.72586059570312,37323445,0.0,0.0
2017-05-23,202.5851128641274,203.92718879150476,200.13585513382816,201.4108123779297,20546707,0.0,0.0
2017-05-24,201.3101546669248,202.61867124646906,199.90098132995328,201.24305725097656,9822098,0.0,0.0
2017-05-25,201.31011437129314,204.46396876068968,198.1897980496526,201.3436737060547,23646915,0.0,0.0
2017-05-26,202.65222324159853,210.57041984776973,201.0081771078919,207.41656494140625,22579834,0.0,0.0
2017-05-29,203.9942591853002,214.63014463648346,203.65875088140453,211.94601440429688,20422509,0.0,0.0
2017-05-30,209.96647139081452,211.50986071242073,208.05403567531215,208.9934844970703,8876322,0.0,0.0
2017-05-31,208.99348095158,210.3019974120441,206.0073803760085,209.22833251953125,12782086,0.0,0.0
2017-06-01,209.36256592919972,212.54998026503688,208.5573118764352,210.83883666992188,8570891,0.0,0.0
2017-06-02,212.11369834816765,214.66363292158917,211.5097793476468,214.19390869140625,11500232,0.0,0.0
2017-06-05,214.69351197102543,216.90861195580206,213.53484362203992,216.36334228515625,9847609,4.75,0.0
2017-06-06,216.3974663257324,217.41981203607372,210.8086186282586,212.00137329101562,10220219,0.0,0.0
2017-06-07,212.1717442793904,214.52314571207867,211.5242594328042,212.81922912597656,11978598,0.0,0.0
2017-06-08,213.33039413195598,213.50080307361824,210.87675594163807,212.376220703125,8081100,0.0,0.0
2017-06-09,211.79689424020225,213.05777788932633,207.6734037961617,208.5594482421875,10453119,0.0,0.0
2017-06-12,209.24097585378286,209.58175047731552,206.17391783868683,207.46888732910156,6507632,0.0,0.0
2017-06-13,207.91193181556864,208.55941659676054,205.96945587116625,208.04823303222656,5303687,0.0,0.0
2017-06-14,207.84376613836483,208.5594231512035,203.89068511782347,204.36778259277344,15135338,0.0,0.0
2017-06-15,206.4806258152096,206.4806258152096,204.12922477511688,205.7649688720703,7713717,0.0,0.0
2017-06-16,206.17395482087323,211.01308062783698,206.17395482087323,209.1046905517578,12798297,0.0,0.0
2017-06-19,210.60411766196523,212.54659369868162,209.9907189562001,211.89910888671875,7251573,0.0,0.0
2017-06-20,212.64887538636262,212.78517663832238,209.99076336399148,210.39968872070312,8579082,0.0,0.0
2017-06-21,210.87674165297307,211.96725944190553,209.37729859391519,210.57005310058594,8598645,0.0,0.0
2017-06-22,210.3655995467156,214.14829365805053,210.05888936451365,212.1717529296875,9289243,0.0,0.0
2017-06-23,211.28571415558739,213.2622549369277,210.3315190748258,211.96728515625,7453263,0.0,0.0
2017-06-27,212.4784127648644,215.71585829262182,211.96725079784596,212.88735961914062,10061814,0.0,0.0
2017-06-28,212.37620233667587,212.37620233667587,209.30914406360532,210.16110229492188,8224059,0.0,0.0
2017-06-29,210.67230409313592,213.50080307361824,210.3315078106406,212.376220703125,10311615,0.0,0.0
2017-06-30,211.45606331422744,221.3047009326621,211.45606331422744,220.5890655517578,24090343,0.0,0.0
2017-07-03,235.82207169632076,241.81986505855926,231.93714153230312,233.43658447265625,48892799,0.0,0.0
2017-07-04,233.64107694149988,234.08408831886277,229.17681225911798,229.85838317871094,11664585,0.0,0.0
2017-07-05,229.85841134646296,230.26735826849827,225.087435925486,225.63270568847656,12439637,0.0,0.0
2017-07-06,227.8477290698517,230.88070093585435,225.80303815829217,229.75611877441406,13946670,0.0,0.0
2017-07-07,230.36955794859452,230.50585916679796,226.99578958606853,227.84774780273438,10301830,0.0,0.0
2017-07-10,226.58684043658621,228.32482119078165,225.5985595051062,227.16615295410156,1316454,0.0,0.0
2017-07-11,228.3248914706895,228.35897758255132,224.9170579144354,225.18968200683594,8657755,0.0,0.0
2017-07-12,223.82653591898634,227.37067031525797,223.14496496560213,224.1332244873047,10643992,0.0,0.0
2017-07-13,226.28015627383476,231.3919056209398,225.59858537405532,230.88072204589844,18165609,0.0,0.0
2017-07-14,231.69865817267112,231.69865817267112,228.1885879171613,229.79026794433594,5801768,0.0,0.0
2017-07-17,228.32484880086898,228.32484880086898,218.57844751544306,221.61141967773438,21102802,0.0,0.0
2017-07-18,199.46051585874446,199.46051585874446,188.38505830673148,193.9398193359375,155236591,0.0,0.0
2017-07-19,196.15491501085188,199.6308986380913,195.06439721356764,198.64263916015625,40641441,0.0,0.0
2017-07-20,200.38063562243116,200.99405598085264,196.5638554389097,197.3135986328125,15896377,0.0,0.0
2017-07-21,198.67668425610412,198.84707157005099,195.3029376769834,196.9046173095703,13681787,0.0,0.0
2017-07-24,197.6543458378041,201.30071656976392,196.3593762845214,199.86944580078125,18479650,0.0,0.0
2017-07-25,201.06217359588888,201.16441030551135,198.23367503159452,198.60853576660156,9927828,0.0,0.0
2017-07-26,199.01749232501567,200.55099984259653,198.67669607602107,200.14207458496094,9564282,0.0,0.0
2017-07-27,200.85771730974525,201.33481479507105,195.43925764086532,196.66607666015625,19620418,0.0,0.0
2017-07-28,200.58507330172907,200.89178342623936,195.71186221504053,198.7107696533203,19206912,0.0,0.0
2017-07-31,197.313586969043,197.85883507707786,193.90575389258262,194.4169158935547,22065527,0.0,0.0
2017-08-01,194.45099908414153,196.6660775901209,194.24652564648818,196.18898010253906,14063559,0.0,0.0
2017-08-02,197.51806897335064,197.58624119788732,193.76946065709842,194.5532684326172,10247374,0.0,0.0
2017-08-03,194.24653056841055,194.51915462524693,191.28170884896866,191.7928924560547,10592033,0.0,0.0
2017-08-04,191.11133081338525,193.83759311524253,190.60014718142406,191.34986877441406,11717562,0.0,0.0
2017-08-07,191.92921378657928,192.8834088858625,190.4638566274998,190.73648071289062,8776750,0.0,0.0
2017-08-08,190.90684996954494,191.79289436369749,186.40852058576,186.85153198242188,13231816,0.0,0.0
2017-08-09,186.7493076014466,187.70350267333757,184.29566930253554,185.9654998779297,10291858,0.0,0.0
2017-08-10,185.82916937732733,187.19228955050158,184.5341782117783,186.13587951660156,10380837,0.0,0.0
2017-08-11,184.70462019338075,187.0560218136938,184.09119980503962,185.04539489746094,14964550,0.0,0.0
2017-08-14,187.0219126339215,187.0219126339215,184.36380114731418,184.87498474121094,10066349,0.0,0.0
2017-08-16,185.38615900744577,192.03143816390312,184.94314759729176,190.29345703125,19412233,0.0,0.0
2017-08-17,192.09958915725554,192.81522455619307,189.4073916833292,190.83868408203125,14231781,0.0,0.0
2017-08-18,190.32753566003893,193.5649818073094,188.65770502025273,192.09962463378906,15442589,0.0,0.0
2017-08-21,192.44035224171856,194.24650528388256,191.4861573665819,191.92916870117188,13592218,0.0,0.0
2017-08-22,192.20181740678225,194.2465084001199,191.07721359953786,192.81521606445312,12417415,0.0,0.0
2017-08-23,193.22419078725048,194.65548332946426,191.9291994771547,192.5767059326172,9084531,0.0,0.0
2017-08-24,192.20183243886052,193.22417801548684,191.58841213238807,191.8269500732422,11235986,0.0,0.0
2017-08-28,192.2700069513684,192.88340573326428,190.36161678399375,192.508544921875,10358573,0.0,0.0
2017-08-29,192.4404021812047,192.81526300794243,190.42977520105177,191.0091094970703,6377756,0.0,0.0
2017-08-30,191.6225090288151,192.81524200190384,191.24764824291617,192.20184326171875,6785885,0.0,0.0
2017-08-31,192.88338489661274,192.98562161602277,191.11131776155221,192.37222290039062,11654017,0.0,0.0
2017-09-01,192.3381177360075,193.8034961684704,191.3157722440333,193.2923126220703,7526993,0.0,0.0
2017-09-04,193.19007600715676,193.4627000317613,192.2018166180685,192.9515380859375,8807199,0.0,0.0
2017-09-05,192.644826718675,193.49678489039337,191.9291697579691,192.7811279296875,8121365,0.0,0.0
2017-09-06,191.17946921744144,191.52026548392075,187.60124882479207,187.907958984375,14710804,0.0,0.0
2017-09-07,188.79398361167372,189.16886598873538,183.7163200789094,184.295654296875,19958290,0.0,0.0
2017-09-08,184.8068379168375,186.27219491466283,184.02303025707323,185.6247100830078,10090288,0.0,0.0
2017-09-11,185.6587971411641,187.02191742509632,185.0453768127732,186.47666931152344,9672742,0.0,0.0
2017-09-12,187.77165132679414,189.6459553409477,187.15825255890294,189.23703002929688,11906324,0.0,0.0
2017-09-13,189.06664872992667,189.1347993505766,184.67053408264047,185.04539489746094,12593161,0.0,0.0
2017-09-14,185.59062762057,185.7269504513565,184.29565793182815,185.3861541748047,7312288,0.0,0.0
2017-09-15,185.38613127924864,185.89731483052975,182.7961922216276,183.54591369628906,13653947,0.0,0.0
2017-09-18,184.70461650099494,185.1817140376681,181.46717047362947,181.97833251953125,10543289,0.0,0.0
2017-09-19,182.65989969107335,184.02304165326902,180.00179878578749,182.5576629638672,35187337,0.0,0.0
2017-09-20,183.61410426682895,185.38617162892044,182.48952181006908,185.07948303222656,9974675,0.0,0.0
2017-09-21,185.3861389287931,185.6587845679439,182.0464782587069,183.71630859375,8058682,0.0,0.0
2017-09-22,183.68224927438632,184.67053045815115,182.0124186958377,182.96661376953125,7142399,0.0,0.0
2017-09-25,183.00069286153123,183.78447895564045,177.82078157459355,178.7408905029297,18260404,0.0,0.0
2017-09-26,179.45653149256623,179.76324165991664,177.9230022566428,178.877197265625,9950366,0.0,0.0
2017-09-27,180.68333741624062,180.95596145599774,175.0263291890056,176.18499755859375,18208892,0.0,0.0
2017-09-28,177.4799818548649,179.52468379887978,176.59393750552968,178.26377868652344,22436773,0.0,0.0
2017-09-29,179.11575386040988,179.1839152784992,175.46937180238024,176.0487060546875,12640792,0.0,0.0
2017-10-03,178.9112969837573,179.08169514456156,176.18503441504728,178.1615753173828,11940746,0.0,0.0
2017-10-04,180.0017858678336,183.00068284886532,179.35429024213417,182.25096130371094,11194466,0.0,0.0
2017-10-05,182.25094670415572,183.61406685850105,180.206234071398,180.7855682373047,7204474,0.0,0.0
2017-10-06,181.16044252982516,182.31911094830164,180.37664568234885,181.3990020751953,8158755,0.0,0.0
2017-10-09,182.65985107421875,183.4436585739041,181.5693550753731,182.65985107421875,6323114,0.0,0.0
2017-10-10,182.0464952954272,182.59174342310143,180.71742868328855,181.43307495117188,5683301,0.0,0.0
2017-10-11,181.63753891944324,182.48949717478075,180.2403217644745,180.8878173828125,7959877,0.0,0.0
2017-10-12,180.99007293695635,183.47779734966838,179.9336411342637,181.97833251953125,9518815,0.0,0.0
2017-10-13,181.46715349327062,182.38726237046097,180.06993632363628,181.26268005371094,12504487,0.0,0.0
2017-10-16,181.29676148505945,183.98893743429068,180.9559652276395,182.31910705566406,9504724,0.0,0.0
2017-10-17,182.65990472506962,183.13700226490366,181.26269821585223,182.14874267578125,11038203,0.0,0.0
2017-10-18,182.65988635393447,184.53419021447658,182.0464876363153,184.26156616210938,7508323,0.0,0.0
2017-10-19,184.7046000868405,184.90905192653403,183.34145821724704,183.7844696044922,1283342,0.0,0.0
2017-10-23,184.0230321253545,185.8973360257079,181.16044711345367,182.0124053955078,10144269,0.0,0.0
2017-10-24,182.96661370293637,182.96661370293637,181.36493374428306,181.97833251953125,8723712,0.0,0.0
2017-10-25,182.93250662071034,185.04536998386791,182.79620539776144,183.5118408203125,6169387,0.0,0.0
2017-10-26,184.56827629073678,184.56827629073678,182.08055211215972,182.93251037597656,9616793,0.0,0.0
2017-10-27,184.43196012564331,188.11243896699574,182.2850321355452,183.5800018310547,23852749,0.0,0.0
2017-10-30,183.34145871092912,184.43195492887762,179.55876485357422,180.71742248535156,18266520,0.0,0.0
2017-10-31,181.3308491854163,181.94426956674218,179.8654812532177,181.09230041503906,8452918,0.0,0.0
2017-11-01,181.9783004527242,184.84088516834046,181.5012030001215,183.9207763671875,7516426,0.0,0.0
2017-11-02,183.8185605990564,183.98894793707893,180.81966352679325,181.05821228027344,10056813,0.0,0.0
2017-11-03,181.97831358124705,182.5917338934875,180.5470319205947,180.8878173828125,6210456,0.0,0.0
2017-11-06,181.46714723375658,182.59172951171536,180.13809152329117,180.54702758789062,9368140,0.0,0.0
2017-11-07,181.09228042228486,182.45541147377156,179.69507406462483,180.8196563720703,9872847,0.0,0.0
2017-11-08,180.8537420767149,181.63753891944324,180.41071989579038,180.8878173828125,6186540,0.0,0.0
2017-11-09,181.56942387399226,181.63757449953712,176.7302974436632,177.24147033691406,21026098,0.0,0.0
2017-11-10,177.58224613749613,180.75153086252953,176.79843838375646,178.3660430908203,17438746,0.0,0.0
2017-11-13,179.25206589617366,179.45653935002676,175.84423260083437,176.0487060546875,7681031,0.0,0.0
2017-11-14,176.1850128408651,177.78669271388475,174.48109624396517,174.85595703125,8656529,0.0,0.0
2017-11-15,175.16265326875558,175.40120200536168,170.66431337876466,172.64085388183594,17666898,0.0,0.0
2017-11-16,173.59503650010444,174.20844595061297,172.02743217093536,173.86766052246094,10343428,0.0,0.0
2017-11-17,174.82187740971304,176.525793964569,174.481091938659,175.84422302246094,10383570,0.0,0.0
2017-11-20,176.25317328215485,177.68445500732008,175.33305357273522,176.662109375,8221147,0.0,0.0
2017-11-21,176.8665872341521,176.8665872341521,173.93585149460887,174.34478759765625,17266541,0.0,0.0
2017-11-22,174.4811042593348,176.28725766308676,174.2084801834064,175.94647216796875,8941555,0.0,0.0
2017-11-23,176.08278420593294,177.6844641525311,174.75372833526322,175.94647216796875,7814131,0.0,0.0
2017-11-24,176.1850071689462,178.1956338727591,175.87830780759336,177.71853637695312,7630740,0.0,0.0
2017-11-27,177.20733975717,177.54812520062947,175.36711132298495,176.6961669921875,5022804,0.0,0.0
2017-11-28,176.59395573840953,176.66211715709352,174.48110296501525,175.1626739501953,18183221,0.0,0.0
2017-11-29,175.84425556110193,176.32135314877803,175.16269529329057,175.8783416748047,9032800,0.0,0.0
2017-11-30,175.7760877681561,175.98055042832345,173.56098741295213,174.5151824951172,22967997,0.0,0.0
2017-12-01,175.1285850552537,176.93473841688083,173.56098045460402,173.93585205078125,6847473,0.0,0.0
2017-12-04,174.48106997296944,174.68554338994326,172.81122893531347,173.86766052246094,6347174,0.0,0.0
2017-12-05,173.79952870935796,174.03807746964057,172.09561207888623,173.01573181152344,9337698,0.0,0.0
2017-12-06,172.60677075622974,172.60677075622974,170.97100497921184,171.482177734375,8562019,0.0,0.0
2017-12-07,170.39170625366847,173.18613013686482,170.39170625366847,172.67495727539062,5635445,0.0,0.0
2017-12-08,172.94757201761362,179.3883778052909,172.7090232550917,178.70681762695312,13638732,0.0,0.0
2017-12-11,180.37664085090356,182.3191060648268,179.45652120202888,181.46714782714844,17842707,0.0,0.0
2017-12-12,180.27440532492201,180.75150280520594,177.54813246609754,178.26377868652344,9599026,0.0,0.0
2017-12-13,176.93475401149144,178.843144267512,175.57162274308348,176.52581787109375,8986735,0.0,0.0
2017-12-14,177.82076406421243,181.39899510098232,175.5375134217612,180.10400390625,8353203,0.0,0.0
2017-12-15,181.29678093547963,182.01241643143152,179.55877815841086,180.3425750732422,12742052,0.0,0.0
2017-12-18,180.95595582083666,180.95595582083666,176.55985281510144,179.3883514404297,9650962,0.0,0.0
2017-12-19,179.52468051969893,180.88781152400546,179.3202070889082,180.10400390625,6107682,0.0,0.0
2017-12-20,180.41073803875264,180.41073803875264,179.04760685321247,179.45654296875,7728106,0.0,0.0
2017-12-21,181.22858721450166,181.22858721450166,178.29785175828394,179.2861328125,7032195,0.0,0.0
2017-12-22,179.59284500911332,180.06994251755404,178.6727361002737,179.32022094726562,6652053,0.0,0.0
2017-12-26,179.42246385258628,180.6152076647842,179.01351694530993,180.03587341308594,9917650,0.0,0.0
2017-12-27,180.06990510157001,180.1380665030762,178.33191356790292,178.67269897460938,6325599,0.0,0.0
2017-12-28,179.52467810428118,179.96768946448245,177.92298758532635,178.46824645996094,16501935,0.0,0.0
2017-12-29,178.9112712255834,179.93362764197104,178.74088388972592,179.42245483398438,6818477,0.0,0.0
2018-01-01,179.42245903122296,181.50122561888702,178.05931711081803,178.77496337890625,10863895,0.0,0.0
2018-01-02,178.97943072991794,180.06993774884384,177.5140629357751,177.71853637695312,5907460,0.0,0.0
2018-01-03,178.09338661688486,179.01349544692775,177.61628914930205,177.99114990234375,11443370,0.0,0.0
2018-01-04,177.854842617886,179.08166162421216,177.61629387774403,178.26377868652344,9729737,0.0,0.0
2018-01-05,178.50234320949755,179.5928502893651,178.50234320949755,179.1839141845703,9566733,0.0,0.0
2018-01-08,179.93361717835873,181.84200707097307,179.4224444000981,181.0241241455078,14989106,0.0,0.0
2018-01-09,180.95598400990585,185.38616300957324,180.44481117154652,184.3979034423828,26728897,0.0,0.0
2018-01-10,186.3744383268881,186.74929911661158,183.37555200910046,183.6140899658203,17074502,0.0,0.0
2018-01-11,183.68223005383987,184.70459724069525,182.72803507999348,183.88670349121094,11722150,0.0,0.0
2018-01-12,184.19343473664114,184.94315635895643,181.3990217081624,182.3531951904297,8494789,0.0,0.0
2018-01-15,182.65987684579326,184.77274014269173,181.97830594993954,182.3872528076172,10944192,0.0,0.0
2018-01-16,182.79623312393522,183.13700783382328,177.75263349244014,178.3660430908203,13433905,0.0,0.0
2018-01-17,178.57048844767553,181.97831061302708,176.90064727033467,181.33082580566406,17006334,0.0,0.0
2018-01-18,182.6598751488249,187.60123709682384,181.73976632842536,186.34033203125,27461089,0.0,0.0
2018-01-19,188.11242656876382,189.134772134723,184.7727442258581,187.1241455078125,26700710,0.0,0.0
2018-01-22,187.43083567991866,187.77161029863996,185.1816713543775,186.51072692871094,8660321,0.0,0.0
2018-01-23,186.74929511855328,188.96439530184261,186.4425849514833,188.5213623046875,18947034,0.0,0.0
2018-01-24,188.55543990787237,192.20183243886052,188.14649303689075,191.8269500732422,17971710,0.0,0.0
2018-01-25,191.52025598617107,193.01969900200163,189.8844901503436,191.69064331054688,13629982,0.0,0.0
2018-01-29,191.62250013545062,193.08785710292744,187.43085946887908,187.87387084960938,9938281,0.0,0.0
2018-01-30,187.4308527111204,188.41911215570707,185.3520755060485,187.56715393066406,13560150,0.0,0.0
2018-01-31,186.68111971438216,188.1124120364842,183.9207717789587,184.97720336914062,19675610,0.0,0.0
2018-02-01,185.3861440207986,197.85882912186665,182.25095669354775,187.6353302001953,61648368,0.0,0.0
2018-02-02,187.02191823838484,194.68954277164346,184.56828011580836,187.66940307617188,36356576,0.0,0.0
2018-02-05,186.44258402076412,191.9973667047079,185.28393717455378,190.3275146484375,20465290,0.0,0.0
2018-02-06,183.9889498911353,188.9984629670084,182.76213080318328,186.4085235595703,16432103,0.0,0.0
2018-02-07,189.47556618635411,189.9867498220773,186.74930386443336,187.53311157226562,13455081,0.0,0.0
2018-02-08,187.9079463269847,188.7258184299528,185.82916916455076,186.8174285888672,10156564,0.0,0.0
2018-02-09,184.70460779527474,185.72695343972208,182.5235936734001,184.94314575195312,14751166,0.0,0.0
2018-02-12,185.69284336221483,186.64703826742024,183.54591562591585,183.9207763671875,6972242,0.0,0.0
2018-02-14,184.02299929132158,184.70457011552236,180.6833173733151,181.63751220703125,11738542,0.0,0.0
2018-02-15,181.63753119171037,183.95486791603514,180.478862829548,182.72802734375,12188244,0.0,0.0
2018-02-16,183.92079143543327,184.53419015284757,181.02413117886044,181.60345458984375,6401588,0.0,0.0
2018-02-19,181.2967810936288,182.52360023120931,178.91128263657674,180.00180053710938,6303342,0.0,0.0
2018-02-20,179.93362764197104,181.1604467013048,178.67273327554867,179.42245483398438,9659227,0.0,0.0
2018-02-21,179.93363376920317,183.30738089704917,179.55877297722026,182.7962188720703,10961665,0.0,0.0
2018-02-22,182.11461361636202,183.34143248648888,180.92187004806848,182.0464630126953,19855003,0.0,0.0
2018-02-23,182.28501630283168,184.0230188491334,181.36490747282585,183.3755340576172,6780714,0.0,0.0
2018-02-26,183.0347818977455,183.6822668452259,181.2968005336312,181.67166137695312,8701511,0.0,0.0
2018-02-27,182.65989322313482,182.79621605485912,180.95597663114032,181.56939697265625,7716072,0.0,0.0
2018-02-28,180.61518616986325,181.50120889574399,179.28613048021504,180.64926147460938,13969189,0.0,0.0
2018-03-01,180.06993629379062,181.36491674343046,179.14981661633865,179.93362426757812,8081243,0.0,0.0
2018-03-05,179.45650841097614,179.45650841097614,177.20733320760368,177.3777313232422,6878708,0.0,0.0
2018-03-06,177.9230072205703,178.84312694787792,174.1403131868667,174.82188415527344,8495423,0.0,0.0
2018-03-07,174.8218948772799,177.54815731728195,172.8112679574565,177.13922119140625,15736814,0.0,0.0
2018-03-08,177.41180840714523,178.50231531660947,175.6738167328286,176.4235382080078,6259151,0.0,0.0
2018-03-09,176.52577967066443,177.82076003564507,176.01460690568194,176.6961669921875,6345666,0.0,0.0
2018-03-12,179.93361683544518,184.60235484234855,179.21797062707867,184.09117126464844,20666810,0.0,0.0
2018-03-13,183.78447933426426,185.38615923537586,182.1146488163135,183.64817810058594,8647577,0.0,0.0
2018-03-14,182.6939697265625,183.37554064769407,180.81965509365762,182.6939697265625,8211627,0.0,0.0
2018-03-15,181.9783107337956,183.95487286397952,180.75150252975283,180.99005126953125,5771710,0.0,0.0
2018-03-16,181.56939496043196,181.56939496043196,176.4235591333384,177.5481414794922,21477001,0.0,0.0
2018-03-19,177.58224687043446,178.7068293387037,176.04871746794697,176.6280517578125,13423983,0.0,0.0
2018-03-20,175.94646311221015,177.17328219116004,175.50344091131706,176.662109375,7769207,0.0,0.0
2018-03-21,177.2414464543877,178.33195351990918,176.32132673018546,176.55987548828125,13418488,0.0,0.0
2018-03-22,177.2073637588871,178.19564491890057,175.74199587390783,176.0487060546875,8319663,0.0,0.0
2018-03-23,174.48109436035156,176.3894843844101,173.6291360710989,174.48109436035156,11616470,0.0,0.0
2018-03-26,172.36822395191763,177.20733832854137,172.09558911909997,175.91236877441406,12981125,0.0,0.0
2018-03-27,176.38949098410447,177.5481486846243,175.09451044783899,176.4576416015625,9107151,0.0,0.0
2018-03-28,175.84422110167336,176.49171672972759,173.3565077109398,174.1403045654297,12743051,0.0,0.0
2018-04-02,175.16264447323562,176.4917001103883,174.1062128641109,176.0146026611328,7299774,0.0,0.0
2018-04-03,175.84421210869056,177.20734310788976,175.50342665878736,176.18499755859375,5294559,0.0,0.0
2018-04-04,176.86658336950006,177.07104601634876,175.23081739222357,176.253173828125,8716184,0.0,0.0
2018-04-05,174.1403164425495,177.20736425689117,174.1403164425495,176.9688262939453,9464602,0.0,0.0
2018-04-06,177.54814862584158,178.57050509110684,177.24144924655235,177.7866973876953,6333848,0.0,0.0
2018-04-09,177.9911767981715,181.7057095851736,177.82078944846518,181.16046142578125,9572467,0.0,0.0
2018-04-10,181.53532043699312,183.13700038985922,180.68336209607156,181.7738800048828,15248015,0.0,0.0
2018-04-11,181.91016622425045,182.35317761268848,179.52468954686685,180.71742248535156,5433736,0.0,0.0
2018-04-12,180.68336163124064,180.71743694067362,178.1615619244843,178.5364227294922,6360898,0.0,0.0
2018-04-13,179.25205478454586,179.59284025303788,177.20735277400806,177.71853637695312,5183544,0.0,0.0
2018-04-16,177.54813907473243,180.5470360909391,177.20735360464303,180.24032592773438,5412918,0.0,0.0
2018-04-17,180.8878097972352,182.93250088396937,179.04758133892636,182.3872528076172,13716437,0.0,0.0
2018-04-18,183.13698761083398,190.08897669201974,182.65989010917585,187.66940307617188,24733011,0.0,0.0
2018-04-19,188.96438112876461,190.8386848966753,187.60123933346932,189.03253173828125,13317329,0.0,0.0
2018-04-20,188.11246279015432,190.32754167611205,186.40854598518763,188.24876403808594,11206130,0.0,0.0
2018-04-23,188.11243323083147,188.93030539239854,187.4308622957781,187.77163696289062,12198602,0.0,0.0
2018-04-24,188.11245727539062,190.05491200770786,187.19232667508462,188.11245727539062,8774762,0.0,0.0
2018-04-25,187.77162350940998,188.31687157805538,185.86323366832437,186.8174285888672,5118640,0.0,0.0
2018-04-26,187.12413138071298,190.22525395030397,186.06769978867462,189.6459197998047,21064135,0.0,0.0
2018-04-27,190.5660560928189,191.4861649011817,189.74816239576174,190.4297332763672,10107682,0.0,0.0
2018-04-30,190.56606655576175,193.462715956341,190.56606655576175,191.8269500732422,6146923,0.0,0.0
2018-05-02,192.26994502522,196.76827331307334,191.00904015628078,195.78001403808594,16690653,0.0,0.0
2018-05-03,195.95045286061284,197.44989601752263,192.9174804383802,194.2465362548828,9727173,0.0,0.0
2018-05-04,195.60969200831798,195.60969200831798,188.01021736128916,188.896240234375,11324148,0.0,0.0
2018-05-07,189.68002529063975,193.1560089480968,188.72583031003143,192.37222290039062,6725168,0.0,0.0
2018-05-08,192.9856041734776,194.89399396220895,192.20181819661207,192.67889404296875,6842664,0.0,0.0
2018-05-09,191.86109329632407,193.5650102982319,191.86109329632407,192.40634155273438,4376684,0.0,0.0
2018-05-10,192.84932321672136,193.53087255500495,188.99845713111122,190.94093322753906,5890656,0.0,0.0
2018-05-11,192.13369183025486,193.56498451329398,190.66833463624926,193.32644653320312,4042002,0.0,0.0
2018-05-14,192.88336481147778,195.81410006078633,192.20181555415203,194.1101837158203,6728839,0.0,0.0
2018-05-15,194.1443160947857,194.92812384852783,191.31581688004692,192.09962463378906,8077078,0.0,0.0
2018-05-16,190.804613219601,196.83649343902763,190.5319891600923,194.82586669921875,18758524,0.0,0.0
2018-05-17,196.29118121165905,196.76827861268936,189.78222649825003,190.1230010986328,11169294,0.0,0.0
2018-05-18,189.8504660498726,194.62144229554823,188.11248453246048,192.40634155273438,16016090,0.0,0.0
2018-05-21,192.40629780254503,193.5649662845794,189.8163583730908,192.4403839111328,8909610,0.0,0.0
2018-05-22,192.2018402861235,192.9515618463145,189.50964261028966,189.9867401123047,4913188,0.0,0.0
2018-05-23,190.1571293715962,190.42975343252914,186.0336607488457,186.3744354248047,8195839,0.0,0.0
2018-05-24,186.7492943161169,188.65768432413614,185.21576508818507,187.32862854003906,6524303,0.0,0.0
2018-05-25,189.3432677945755,191.15050232262453,186.80617372572422,189.27374267578125,9600297,5.15,0.0
2018-05-28,190.4554110010102,192.88823949347216,189.34327342131672,191.35903930664062,7266559,0.0,0.0
2018-05-29,191.01144896755963,193.06197708242235,189.37798339253405,190.49014282226562,9171106,0.0,0.0
2018-05-30,189.412774883825,190.24687806142225,188.12684654254494,188.99571228027344,8313920,0.0,0.0
2018-05-31,189.20421465782852,189.5517520879885,187.3969803678922,188.82191467285156,13721531,0.0,0.0
2018-06-01,188.4743685714854,188.85666853887375,187.04941230258208,187.64024353027344,6862252,0.0,0.0
2018-06-04,187.84878433897362,189.03044685442046,185.9372844048699,186.91041564941406,8291604,0.0,0.0
2018-06-05,186.97995140172634,187.57078276268837,185.48549171879182,185.93731689453125,6011246,0.0,0.0
2018-06-06,186.28482057959354,188.4743768797933,186.14581441959814,187.9530487060547,7577818,0.0,0.0
2018-06-07,188.02256144631258,189.27372709806548,187.74452708253452,188.4048614501953,7059595,0.0,0.0
2018-06-08,188.43961358922292,188.71764793763037,185.5897229664174,186.21531677246094,7030323,0.0,0.0
2018-06-11,186.63239559453905,188.99569877696499,186.38910175001485,187.15370178222656,8903144,0.0,0.0
2018-06-12,187.18846626362003,190.87246029095752,187.15370370561527,187.8488006591797,8774931,0.0,0.0
2018-06-13,188.71763554537142,188.92616680035925,185.72873895938108,186.1805419921875,8118945,0.0,0.0
2018-06-14,185.24220631572146,186.91043462278307,184.89466884860664,185.76353454589844,9522749,0.0,0.0
2018-06-15,185.93731553637258,186.11108428138476,183.22645261976274,183.85203552246094,11231098,0.0,0.0
2018-06-18,183.81726568105282,184.54711420775183,183.15693125845723,183.88677978515625,6522996,0.0,0.0
2018-06-19,184.13006123180566,185.69401290737613,182.56609854148257,184.92941284179688,7618626,0.0,0.0
2018-06-20,185.20744127987598,185.58974130039056,182.84413807019627,183.33070373535156,9907628,0.0,0.0
2018-06-21,183.78249053884196,184.0605248900509,181.00212499724958,181.31491088867188,7412366,0.0,0.0
2018-06-22,181.10638551222897,185.45071343235958,180.7240745216866,184.30380249023438,17468481,0.0,0.0
2018-06-25,184.3038090644538,184.4775887963084,180.55031225111185,182.5313262939453,14142177,0.0,0.0
2018-06-26,182.42705085135378,184.99890703244085,182.21853060498918,184.06051635742188,10475574,0.0,0.0
2018-06-27,184.1300533814292,184.19956748204203,181.7667391818747,182.63560485839844,10423520,0.0,0.0
2018-06-28,182.1142854225444,183.50446828498704,180.02900562150447,181.07164001464844,15200725,0.0,0.0
2018-06-29,181.97526091728167,185.9720296018024,180.9326155513292,185.03366088867188,11327082,0.0,0.0
2018-07-02,185.5897191128913,185.65924422067627,180.75883661167734,182.8441162109375,18794988,0.0,0.0
2018-07-03,183.1569130901845,185.41596153554576,181.52344746068871,184.51234436035156,10784961,0.0,0.0
2018-07-04,185.10316997308175,185.10316997308175,182.25330118542183,183.78250122070312,8184810,0.0,0.0
2018-07-05,183.92151112481002,190.3163563949493,183.1569111374321,189.41275024414062,16069118,0.0,0.0
2018-07-06,189.58653189505,190.9767258012015,187.77929744065662,189.51702880859375,13434995,0.0,0.0
2018-07-09,191.15049152626617,191.84558846841156,189.2042289000607,190.73342895507812,10158808,0.0,0.0
2018-07-10,191.49801207477304,192.8882058363203,189.82980599631887,192.57540893554688,11928591,0.0,0.0
2018-07-11,192.43642076703796,194.8344865048137,190.28162684404913,191.6717987060547,11800272,0.0,0.0
2018-07-12,191.67180882978388,193.34003718180728,189.96883994781555,192.67970275878906,10284221,0.0,0.0
2018-07-13,193.23574540542896,193.44427667492442,187.1189456575753,187.9530487060547,19306087,0.0,0.0
2018-07-16,187.88356419238636,189.9688330343987,187.46650161218207,188.78717041015625,10676970,0.0,0.0
2018-07-17,188.40484275465928,189.76027391201657,187.1884397801469,187.57073974609375,10419746,0.0,0.0
2018-07-18,188.43960795914268,188.57861411444213,186.00677994638605,186.6671142578125,7321779,0.0,0.0
2018-07-19,186.91041121318005,190.8724391777865,185.068414403262,189.96881103515625,9301711,0.0,0.0
2018-07-20,189.93403990066017,191.01143670641238,188.12680572654412,190.4553680419922,6825663,0.0,0.0
2018-07-23,194.2783836571995,199.24830558246515,192.64491805241354,197.5105743408203,27059765,0.0,0.0
2018-07-24,197.75388209006908,199.49161345403445,197.09352566697856,198.55322265625,12577993,0.0,0.0
2018-07-25,197.5800813447948,199.45684081601192,196.8502439017957,198.90077209472656,13814116,0.0,0.0
2018-07-26,199.49162431300272,202.37625589066445,197.5453615546995,199.63063049316406,21495638,0.0,0.0
2018-07-27,208.52781425029136,213.4977366806793,205.05235141377,210.30030822753906,78783846,0.0,0.0
2018-07-30,209.91800107463914,211.03013857043115,208.52780717539486,209.2576446533203,17738557,0.0,0.0
2018-07-31,209.0491082503249,209.46614874234277,205.4346177993276,206.9290771484375,15124149,0.0,0.0
2018-08-01,207.1723846707996,210.57834444857474,205.81695327154762,209.63995361328125,15187911,0.0,0.0
2018-08-02,208.8753622656695,210.96065329054585,206.65106505683843,207.9717559814453,10226827,0.0,0.0
2018-08-03,208.52776701177459,212.2812633813845,207.24183900412578,211.2733917236328,12950643,0.0,0.0
2018-08-06,212.00325807876575,213.32392678879214,208.52779555385166,209.77896118164062,7979881,0.0,0.0
2018-08-07,210.5783170589331,211.44718266263357,208.35402023227977,209.29238891601562,7465742,0.0,0.0
2018-08-08,208.70154476238415,210.19600408253947,208.52777605828493,209.1881103515625,6690368,0.0,0.0
2018-08-09,209.74420524028662,211.72523039730308,208.56256468697381,210.26553344726562,9576528,0.0,0.0
2018-08-10,209.91797169092595,213.3239088171639,209.3271404679252,211.8642120361328,15347074,0.0,0.0
2018-08-13,211.3081582304843,213.94951764332257,210.7173269659217,212.66358947753906,10341087,0.0,0.0
2018-08-14,213.39342547072,215.6177220923552,213.28915984552611,214.0189971923828,12790249,0.0,0.0
2018-08-16,214.01901944228035,214.43608198641456,212.0727569423242,213.7062225341797,19393491,0.0,0.0
2018-08-17,213.9495001466471,219.1626934352174,213.9495001466471,218.08529663085938,26392504,0.0,0.0
2018-08-20,218.3981311079171,218.9541998673333,216.38236533290487,217.7725372314453,19958265,0.0,0.0
2018-08-21,218.60666640464788,220.34439783178487,216.86893497751086,217.4945068359375,14143291,0.0,0.0
2018-08-23,218.25909887483473,219.92732715179704,213.63673609218264,216.86892700195312,11745180,0.0,0.0
2018-08-24,216.1738374933193,216.8689344684435,213.3934716223276,215.75677490234375,5655583,0.0,0.0
2018-08-27,216.31283418440168,218.84992811906534,215.82626852610323,217.84205627441406,5482067,0.0,0.0
2018-08-28,218.2591066463795,219.51027239127538,216.17383774805478,216.62564086914062,6864300,0.0,0.0
2018-08-29,216.66037257836368,219.2669693448733,215.4787100904655,217.4249725341797,10748094,0.0,0.0
2018-08-30,217.91157712301444,222.8467371938997,217.91157712301444,222.32540893554688,25934792,0.0,0.0
2018-08-31,223.8198685898211,224.23690916699744,220.48341179537468,222.32540893554688,18781195,0.0,0.0
2018-09-03,224.48019027316656,224.48019027316656,216.2085959074286,217.70303344726562,9463966,0.0,0.0
2018-09-04,216.86891175341546,217.00791791617763,213.3934492713224,215.20068359375,11615187,0.0,0.0
2018-09-05,215.7567619793894,218.57189024084934,214.9573994043999,215.65249633789062,10529696,0.0,0.0
2018-09-06,216.45188316937356,216.69515500713027,214.12332029745838,216.03482055664062,7902786,0.0,0.0
2018-09-07,216.59089703544396,217.70303455638353,214.15806867150764,215.79153442382812,7465327,0.0,0.0
2018-09-10,215.6177672462999,216.0000672755706,212.38557624741625,213.08067321777344,10006954,0.0,0.0
2018-09-11,213.15012110660143,213.21962417678648,205.43459740158264,206.5814971923828,27008217,0.0,0.0
2018-09-12,206.96384912310313,213.81050906781056,205.33038337159454,213.2544403076172,20171661,0.0,0.0
2018-09-14,213.39344554663754,214.5403455021693,212.03801432109955,213.49771118164062,13317349,0.0,0.0
2018-09-17,212.00325265862364,212.76785263219648,209.57042454748162,209.91798400878906,6049990,0.0,0.0
2018-09-18,210.05699052625326,211.93374993789195,208.04122495345766,210.78684997558594,8515415,0.0,0.0
2018-09-19,211.65569662642545,212.4550370552309,207.1375782330005,208.2845001220703,6387203,0.0,0.0
2018-09-21,208.8058013321716,213.11538837207564,208.8058013321716,211.2733917236328,16966413,0.0,0.0
2018-09-24,212.0032719495263,212.94164072438699,203.3146150687674,207.10287475585938,15009283,0.0,0.0
2018-09-25,206.37299221002456,210.1612514743449,203.21032674546444,209.3271484375,13785151,0.0,0.0
2018-09-26,210.61304678312894,210.61304678312894,201.4030850739286,203.76638793945312,20657879,0.0,0.0
2018-09-27,204.0096946951704,205.12183210727292,201.22932913541146,203.87066650390625,12550275,0.0,0.0
2018-09-28,205.05232153547286,208.5277838655825,202.82802476302263,206.9638214111328,25554548,0.0,0.0
2018-10-01,209.1186670978013,210.5783642829078,203.94021283955288,206.51206970214844,9373133,0.0,0.0
2018-10-03,206.44252609685296,208.52779479238555,204.8090384489654,205.1913604736328,7861709,0.0,0.0
2018-10-04,204.25296158388898,205.53888971154072,198.20566498454426,199.56109619140625,8417940,0.0,0.0
2018-10-05,198.4489275512494,198.79648699014803,191.21996879387152,192.19309997558594,18301682,0.0,0.0
2018-10-08,193.9308382794254,194.20887262316305,187.08417923006772,189.89930725097656,17063274,0.0,0.0
2018-10-09,191.49803520685276,191.49803520685276,186.1110722817655,186.6324005126953,10946626,0.0,0.0
2018-10-10,187.60551593128227,188.4743815560693,185.728756488761,187.74452209472656,11921765,0.0,0.0
2018-10-11,184.19954484233162,187.188441521032,183.26116518052999,184.33856201171875,11018554,0.0,0.0
2018-10-12,185.9372601122866,192.99244969872456,185.79823194001457,191.28945922851562,13942941,0.0,0.0
2018-10-15,193.8960872334478,197.12827797654992,191.84558107299395,196.36367797851562,18623988,0.0,0.0
2018-10-16,196.71121308543655,197.23254127313413,192.08885059602906,196.4679412841797,12325066,0.0,0.0
2018-10-17,197.33679650279396,202.7237586970383,195.70333097349732,199.10926818847656,15896854,0.0,0.0
2018-10-19,198.10141740263214,202.65427705156588,197.92764867402101,201.194580078125,8341467,0.0,0.0
2018-10-22,202.96708439534592,203.73168446407107,199.70013079410495,200.5342559814453,12965700,0.0,0.0
2018-10-23,198.7965087890625,202.41097754934336,197.09351801957123,198.7965087890625,11261603,0.0,0.0
2018-10-24,200.67325860293982,201.33359301154368,199.03979284602346,200.01292419433594,9024700,0.0,0.0
2018-10-25,198.79653481513952,201.2293633546974,197.75390030661654,199.87393188476562,9953333,0.0,0.0
2018-10-26,201.36834812359717,201.43785120890502,191.84558831526957,195.25152587890625,22302628,0.0,0.0
2018-10-29,195.94660220126528,198.2751645943344,193.89607414967432,197.0587615966797,11779416,0.0,0.0
2018-10-30,196.88502208581184,197.30206264512708,193.23576849264472,193.89610290527344,7110853,0.0,0.0
2018-10-31,194.31314983000286,195.32104366190117,189.65602472861653,194.69544982910156,14021856,0.0,0.0
2018-11-01,194.62596006631543,195.87712578803936,191.01146907605482,192.8187255859375,9816770,0.0,0.0
2018-11-02,193.4442427057843,198.76170102615382,193.4442427057843,196.8849639892578,12093152,0.0,0.0
2018-11-05,198.27516577801435,198.27516577801435,193.5137753317091,194.347900390625,7665505,0.0,0.0
2018-11-06,195.390535338289,195.91186350185512,191.9150729931868,192.74917602539062,10142476,0.0,0.0
2018-11-07,195.32103991312997,195.32103991312997,193.79183994608496,194.66070556640625,994001,0.0,0.0
2018-11-09,193.93083474808546,194.41740034814183,191.7760410864785,192.7144317626953,15613827,0.0,0.0
2018-11-12,193.09674507722494,193.3747794351151,189.93405744353043,190.3511199951172,7318920,0.0,0.0
2018-11-13,190.4206138188622,193.1662387674762,189.86454513011822,192.4364013671875,6958821,0.0,0.0
2018-11-14,193.30527773797144,193.51378698575564,190.9071900786693,192.15835571289062,7182329,0.0,0.0
2018-11-15,192.43640508313752,194.10461118158247,190.10784262086787,190.80291748046875,12621945,0.0,0.0
2018-11-16,191.70653136169378,193.44426244028128,191.32423140558456,192.2278594970703,13122152,0.0,0.0
2018-11-19,192.78395361709832,198.10141318224012,192.19312232880438,197.75387573242188,17364041,0.0,0.0
2018-11-20,198.10142560840868,199.24832570015406,195.87712851334047,197.30206298828125,8096904,0.0,0.0
2018-11-21,197.7538835886462,197.96239284911846,194.6259582980034,195.8423614501953,5867663,0.0,0.0
2018-11-22,196.01612125101806,197.75385235367955,194.34789322420272,194.9734649658203,6937634,0.0,0.0
2018-11-26,195.49482250511235,199.0397883193405,195.11252248622014,198.55322265625,9292657,0.0,0.0
2018-11-27,198.86599693064295,199.10926871971833,196.57219707863848,197.99713134765625,7146777,0.0,0.0
2018-11-28,198.37946376333466,200.15195777309836,195.18203525153828,196.15516662597656,9197861,0.0,0.0
2018-11-29,197.16306894490202,201.09033513979136,197.024040729996,199.87393188476562,14183469,0.0,0.0
2018-11-30,201.22932699285835,201.57686442306436,197.96237381321052,198.657470703125,8972623,0.0,0.0
2018-12-03,199.66536469859176,201.22932719509555,196.39843354516307,196.6764678955078,8895477,0.0,0.0
2018-12-04,195.32103398694247,196.91973698684652,195.28627143256332,195.911865234375,6548740,0.0,0.0
2018-12-05,195.321071794279,195.87714059496787,190.59444292941055,191.39378356933594,11894383,0.0,0.0
2018-12-06,190.80293103984852,191.08098743885176,188.7176622538518,189.79505920410156,10055005,0.0,0.0
2018-12-07,191.11571460251892,191.98458020751136,189.9688146474692,190.49014282226562,8415885,0.0,0.0
2018-12-10,189.06521374585472,189.27374504583798,187.08421045502493,187.9878387451172,6940479,0.0,0.0
2018-12-11,186.5628498558025,191.88030896532683,186.4238436995872,190.9419403076172,10633126,0.0,0.0
2018-12-12,191.63703826907997,193.0272099866628,189.4822445699492,191.88031005859375,10473073,0.0,0.0
2018-12-13,193.9308739818113,194.20890837673466,190.1078735147325,191.35903930664062,16430755,0.0,0.0
2018-12-14,190.69868941740287,192.71445513943908,190.38589248738757,191.6717987060547,8925774,0.0,0.0
2018-12-17,192.54065761494536,195.59907966289222,191.7760576103345,194.5216827392578,12703296,0.0,0.0
2018-12-18,193.9656054069667,195.0430022827927,192.54064907114707,193.3400115966797,9172963,0.0,0.0
2018-12-19,193.930839688081,197.40630205429923,193.58330226326,197.0240020751953,13639278,0.0,0.0
2018-12-20,195.32104130074802,197.68434434947002,195.32104130074802,196.4679412841797,5155693,0.0,0.0
2018-12-21,196.71121039732205,197.40630729491912,191.88031669885106,192.36688232421875,7079146,0.0,0.0
2018-12-24,193.82659954862,195.11252784269874,191.32426807817305,191.84559631347656,8869498,0.0,0.0
2018-12-26,192.0888625108144,193.7918533432567,191.01146554241325,192.29739379882812,8821251,0.0,0.0
2018-12-27,193.9308442693423,195.7728411293119,192.74918174983296,195.14724731445312,11881735,0.0,0.0
2018-12-28,194.0351170420167,197.4063139785236,194.0351170420167,196.18991088867188,13702437,0.0,0.0
2018-12-31,196.5722049438187,197.30204236974873,195.39054241659602,195.77284240722656,5662393,0.0,0.0
2019-01-01,196.1551633332723,197.09353213233413,194.4869350008806,196.50270080566406,2586466,0.0,0.0
2019-01-02,196.18992990290053,196.8850268913986,192.92299828941577,195.04302978515625,10316782,0.0,0.0
2019-01-03,195.04299361518227,196.32889967445652,193.06196866681157,193.82656860351562,6350450,0.0,0.0
2019-01-04,194.03511973677993,196.6764792619597,194.03511973677993,195.28628540039062,8105747,0.0,0.0
2019-01-07,197.61483927921992,198.27517362399058,195.3210393354367,195.77284240722656,10133320,0.0,0.0
2019-01-08,196.01615276356756,198.44895907480304,195.56432762417714,197.58009338378906,7768619,0.0,0.0
2019-01-09,198.51846985523497,202.75853235882502,197.82337294671956,201.8549041748047,12651287,0.0,0.0
2019-01-10,202.09817532275912,204.14868123290373,200.81224728781208,201.29881286621094,10684824,0.0,0.0
2019-01-11,202.89755794049697,205.74744892929905,202.619523556383,205.29562377929688,17419014,0.0,0.0
2019-01-14,204.70479357346892,204.91330281812895,201.57686852003116,204.56576538085938,6646635,0.0,0.0
2019-01-15,205.22610203624708,206.72056149821128,204.35723640380363,206.12973022460938,7490965,0.0,0.0
2019-01-16,205.74741419439482,206.12971416169864,202.75851753288296,204.39198303222656,8083821,0.0,0.0
2019-01-17,204.42673811488703,205.46939449042773,201.68113507130442,204.32249450683594,11009380,0.0,0.0
2019-01-18,203.83592819018614,205.12183433319612,202.02867183165372,202.5847625732422,11418250,0.0,0.0
2019-01-21,203.55787616857995,203.8011700037725,200.67324487960371,201.5073699951172,8519267,0.0,0.0
2019-01-22,201.47264030149304,202.27200299107832,198.2057084781971,201.40313720703125,10727385,0.0,0.0
2019-01-23,202.61949437256132,204.63525988918036,191.1504730396245,192.74917602539062,41735950,0.0,0.0
2019-01-24,194.13937773926259,196.9545058789985,193.13148392485604,193.86134338378906,29105831,0.0,0.0
2019-01-25,194.62593869270435,196.5026760544366,193.58330437735285,194.0698699951172,9240591,0.0,0.0
2019-01-28,193.86136184257253,194.24366187143772,190.59443031781447,190.9767303466797,9338450,0.0,0.0
2019-01-29,191.35901906988354,193.93085347307544,190.97671906360497,193.54855346679688,7267917,0.0,0.0
2019-01-30,194.69544445688595,194.76494753766704,190.59441021875986,191.49801635742188,10852162,0.0,0.0
2019-01-31,192.1931168375181,194.3479106474353,190.1773512212581,193.6875762939453,15937442,0.0,0.0
2019-02-01,195.07775341875103,198.24041910855163,194.00035648432356,195.21678161621094,19060690,0.0,0.0
2019-02-04,195.94660259090554,195.94660259090554,191.8803090333857,192.61016845703125,6289877,0.0,0.0
2019-02-05,192.78395888152033,193.09675581260063,189.41276181411098,190.55966186523438,10205529,0.0,0.0
2019-02-06,191.15048423988793,193.5137873176917,190.83768732342025,193.0272216796875,8409442,0.0,0.0
2019-02-07,193.16621425463654,195.32100768695304,192.5406205370611,194.83444213867188,6177040,0.0,0.0
2019-02-08,194.2783819131942,195.4600444339858,190.87244457138684,191.49801635742188,4575570,0.0,0.0
2019-02-11,191.70654032330404,193.37476840499207,186.59761247579235,192.61016845703125,10335615,0.0,0.0
2019-02-12,192.57544253811864,194.97350847015042,190.87247360814825,191.35903930664062,7624089,0.0,0.0
2019-02-14,192.54068111002786,194.76497831200197,192.54068111002786,193.16627502441406,10378675,0.0,0.0
2019-02-15,193.93084983090418,195.2862811058001,191.4285185587122,194.69544982910156,38998388,0.0,0.0
2019-02-18,193.79183086405266,196.3289024952492,190.38587162375234,190.9419403076172,42232590,0.0,0.0
2019-02-19,190.45534779040833,194.06983778380385,190.45534779040833,191.77601623535156,35777932,0.0,0.0
2019-02-20,192.71443370013037,192.88820240986144,190.62914309485248,191.74130249023438,6208106,0.0,0.0
2019-02-21,191.77607302837373,192.3669043575287,190.59443239956897,191.18524169921875,7264425,0.0,0.0
2019-02-22,191.56752273311346,191.8107945068075,189.82979167701157,190.6638946533203,9100951,0.0,0.0
2019-02-25,190.80293124218875,192.64492821789094,189.76029684808472,192.3321533203125,31204722,0.0,0.0
2019-02-26,191.11571636887194,192.54065068714866,190.49014458283693,191.49801635742188,12233273,0.0,0.0
2019-02-27,191.84559509910738,193.8613608803464,190.3858980790023,191.22000122070312,13634026,0.0,0.0
2019-02-28,192.74917564314623,192.74917564314623,190.62914449801826,191.88031005859375,44873000,0.0,0.0
2019-03-01,192.15834607152152,193.93083981002815,192.01933991330654,193.37477111816406,9170950,0.0,0.0
2019-03-05,194.6259436976697,197.40630928660718,191.88031863478585,196.3984375,14103324,0.0,0.0
2019-03-06,198.10139827542775,201.0207919404345,197.92762956359448,198.6227264404297,20817638,0.0,0.0
2019-03-07,199.28308953521895,202.27198671059003,198.692258206081,201.64639282226562,14837761,0.0,0.0
2019-03-08,201.78542411564374,203.66216175030962,200.46473322992847,202.9670867919922,13169854,0.0,0.0
2019-03-11,203.6621514171218,204.9828422358293,202.3414826279187,203.62741088867188,15287916,0.0,0.0
2019-03-12,204.35721351746332,205.50411338030486,203.76638231002968,204.70477294921875,14686757,0.0,0.0
2019-03-13,205.05230641794412,206.44250005929638,204.46147522184444,204.98280334472656,11496644,0.0,0.0
2019-03-14,205.33041450435283,205.74747715248645,201.88971374577486,205.39991760253906,10503481,0.0,0.0
2019-03-15,205.7126626509729,206.12972519380793,201.12506279779797,202.1329345703125,22219476,0.0,0.0
2019-03-18,202.96705874543048,204.4962586896285,202.48049312414,204.04443359375,9519926,0.0,0.0
2019-03-19,204.77431072720395,208.52780783156953,203.9054450448183,208.1455078125,16363247,0.0,0.0
2019-03-20,208.5277988577743,209.8832301451464,206.1644737292266,207.76319885253906,16221492,0.0,0.0
2019-03-22,208.52776149275851,208.52776149275851,206.12969626699018,207.27659606933594,8378083,0.0,0.0
2019-03-25,206.44254380396376,206.44254380396376,203.80118413749693,205.0871124267578,8324586,0.0,0.0
2019-03-26,205.05234507552723,205.99071384412125,202.3067198265614,203.940185546875,11178168,0.0,0.0
2019-03-27,204.3572154125176,206.23397467879875,202.68898740132337,203.7316436767578,8757278,0.0,0.0
2019-03-28,204.42673008420286,209.91798001465617,203.66213012517812,208.5277862548828,18436077,0.0,0.0
2019-04-01,206.4425642559823,207.97176451929943,206.12976728498367,206.6163330078125,6442182,0.0,0.0
2019-04-02,206.72057776584978,208.52781225528952,204.80905560044667,207.068115234375,10228747,0.0,0.0
2019-04-03,207.1376060098137,207.83270293505203,205.15660290386322,205.85169982910156,9413878,0.0,0.0
2019-04-04,205.74743996483994,206.65104616646374,204.1834773465241,204.91331481933594,7233298,0.0,0.0
2019-04-05,205.0871072194025,206.02547598610212,203.41887894454425,204.7395477294922,8107661,0.0,0.0
2019-04-08,204.80901081214972,205.05230461051696,202.75850494905458,203.48834228515625,5492542,0.0,0.0
2019-04-09,203.31461872369937,206.2340127751966,203.14084998886128,205.9559783935547,6413515,0.0,0.0
2019-04-10,205.78213380507998,206.12969321335382,204.00966233203036,204.84376525878906,5540095,0.0,0.0
2019-04-11,204.73956904602858,206.75533499116503,203.66217196529038,206.02549743652344,11179559,0.0,0.0
2019-04-12,206.19925839755024,213.67151255759916,205.46942087047148,212.5246124267578,22658578,0.0,0.0
2019-04-15,214.01904315117545,215.47874018784688,211.5514742271984,212.35081481933594,13098155,0.0,0.0
2019-04-16,213.25442108929548,215.44395540367833,212.80261801604257,213.53245544433594,10121522,0.0,0.0
2019-04-18,214.2623189222067,214.2623189222067,210.99536562280412,211.58619689941406,9178504,0.0,0.0
2019-04-22,211.20389552977466,212.35079551945594,209.25763299110227,209.77896118164062,6929432,0.0,0.0
2019-04-23,210.02223248443647,211.86420715790769,209.6051699767445,210.89109802246094,7784732,0.0,0.0
2019-04-24,210.8911077862631,213.53244504526523,207.48514855125842,213.01113891601562,11888770,0.0,0.0
2019-04-25,213.56719282644704,215.3396864140954,209.91796205611237,211.4123992919922,24135743,0.0,0.0
2019-04-26,211.72522276079084,212.97638838290962,210.3002884191145,211.69046020507812,4834044,0.0,0.0
2019-04-30,211.69046823607744,213.775759038388,208.18026506753594,209.46617126464844,11593138,0.0,0.0
2019-05-02,209.29240275569506,213.04589976834475,208.94486530303456,212.00326538085938,7781859,0.0,0.0
2019-05-03,211.48193359375,213.7062305298486,210.82159922716662,211.48193359375,6112578,0.0,0.0
2019-05-06,211.30815718265438,213.74098531011225,209.04911980176706,213.39344787597656,6997113,0.0,0.0
2019-05-07,214.26231824846775,215.13118388260264,209.11862752612842,209.8484649658203,8989234,0.0,0.0
2019-05-08,208.52778069363316,210.8911056163197,207.58941204703774,208.97958374023438,8179360,0.0,0.0
2019-05-09,208.11075651712903,209.43144740589145,205.99072501855622,208.42355346679688,10617358,0.0,0.0
2019-05-10,208.5277838655825,208.84058076237284,206.37299017147393,206.9638214111328,7170576,0.0,0.0
2019-05-13,205.1218326882155,210.9606202067982,199.97816409841957,201.09030151367188,37262425,0.0,0.0
2019-05-14,202.2719473394315,207.31137190629505,200.77748802788193,204.6005096435547,21959611,0.0,0.0
2019-05-15,206.82485443843393,208.04125767262514,202.96709140232014,206.477294921875,18583184,0.0,0.0
2019-05-16,206.44254852171642,206.44254852171642,203.83595135440703,204.8785858154297,7637614,0.0,0.0
2019-05-17,205.12182505144213,210.1612498467531,205.12182505144213,209.50091552734375,11626049,0.0,0.0
2019-05-20,213.2891822398353,213.77574786532688,209.98748849753557,213.39344787597656,11437612,0.0,0.0
2019-05-21,213.39347581121598,215.47874474801705,212.21181313325945,212.62887573242188,10923996,0.0,0.0
2019-05-22,214.2036847448003,214.6644829790218,210.4108899560508,212.5022430419922,14266773,5.75,0.0
2019-05-23,216.224198804554,216.6495649855643,203.46343805530404,204.31414794921875,32589058,0.0,0.0
2019-05-24,206.65356310077482,206.75990461828707,203.67604554663177,205.90919494628906,11298665,0.0,0.0
2019-05-27,206.47634945190362,208.10688205653497,204.91670370796885,206.19277954101562,9371741,0.0,0.0
2019-05-28,206.8662933143878,207.00808952610933,204.24325437643364,204.81039428710938,16199349,0.0,0.0
2019-05-29,204.7394780653847,206.7953767979449,203.88874585322054,204.24322509765625,7534947,0.0,0.0
2019-05-30,204.88126345730356,206.33456777838498,204.38501046131194,204.63314819335938,8989691,0.0,0.0
2019-05-31,205.12940921270385,206.6536004590855,196.69310795087222,197.47293090820312,27294002,0.0,0.0
2019-06-03,199.49339763809073,199.56428450654698,195.16891670449056,197.47293090820312,20323304,0.0,0.0
2019-06-04,197.9691467285156,200.02504527231036,197.65014464634564,197.96914672851562,14384170,0.0,0.0
2019-06-06,198.78444216137552,198.78444216137552,195.16889766928125,195.48789978027344,11071548,0.0,0.0
2019-06-07,196.23228554315892,196.23228554315892,194.3890699125699,195.13343811035156,7995725,0.0,0.0
2019-06-10,197.29570802669576,198.89080865429577,196.30320196810487,198.07553100585938,8947150,0.0,0.0
2019-06-11,199.13888415239737,199.49336336999588,197.93371772324315,198.39451599121094,8787243,0.0,0.0
2019-06-12,199.49338421389533,199.49338421389533,197.26023456080674,198.46542358398438,8565517,0.0,0.0
2019-06-13,197.72106518927862,199.45793947873287,197.47292745186874,198.92625427246094,7475823,0.0,0.0
2019-06-14,198.85531272883844,198.85531272883844,196.48038961479622,197.11843872070312,8212601,0.0,0.0
2019-06-17,197.68558725707095,197.68558725707095,194.56629584943627,194.95620727539062,10398919,0.0,0.0
2019-06-18,195.7714902867953,196.97665679387774,194.2472767355739,195.027099609375,14378973,0.0,0.0
2019-06-19,195.4524762976692,197.7210581810896,195.38158943296625,196.515869140625,9394923,0.0,0.0
2019-06-20,196.3740692138672,197.04757305411513,195.20433486201938,196.3740692138672,10973042,0.0,0.0
2019-06-21,196.12594140005456,196.12594140005456,193.71556351923707,194.42449951171875,19311989,0.0,0.0
2019-06-24,194.42451983460217,196.7285564339796,194.42451983460217,195.84239196777344,9279182,0.0,0.0
2019-06-25,194.99166710716196,198.5008929062185,194.42452721959268,197.4375,12856683,0.0,0.0
2019-06-26,197.40202201459152,197.57925040000987,195.91326313449437,196.65765380859375,7707084,0.0,0.0
2019-06-27,197.04758396983257,197.22481237209354,193.39658451722113,193.89283752441406,24205884,0.0,0.0
2019-06-28,194.3181585573944,195.2752322606875,193.1838789405893,194.14093017578125,8775151,0.0,0.0
2019-07-01,194.53084966544807,195.84238018632752,194.35362127648918,194.92076110839844,5236646,0.0,0.0
2019-07-02,195.20432293356131,195.41700597873756,193.68013188996682,194.14093017578125,10360661,0.0,0.0
2019-07-03,194.45996548342495,196.7640019759496,192.93575188754815,196.16140747070312,18818695,0.0,0.0
2019-07-04,196.69308845259442,197.2602282802317,195.0979880277755,196.8348846435547,10071080,0.0,0.0
2019-07-05,196.83488605865367,199.81240387730827,189.99368600875215,198.1109619140625,38474130,0.0,0.0
2019-07-08,198.60719427656448,200.55675128836316,195.5233352509286,196.6930694580078,12637923,0.0,0.0
2019-07-09,196.33860208076922,196.76396812142735,192.93571869170117,193.60922241210938,8003290,0.0,0.0
2019-07-10,193.92828431404118,195.1334734890531,191.94327213592868,193.64471435546875,8477115,0.0,0.0
2019-07-11,194.24728832458877,196.30318715709456,193.9637183961159,195.41702270507812,8727346,0.0,0.0
2019-07-12,195.23979116837035,195.9841594101276,193.60925848884833,194.9916534423828,10872126,0.0,0.0
2019-07-15,194.95621349050495,195.3815795935069,191.80146731881126,192.0850372314453,8865479,0.0,0.0
2019-07-16,192.12047926455043,193.3611003592689,191.8368869024602,192.79396057128906,6602372,0.0,0.0
2019-07-17,193.1484436619362,193.64469666111904,191.90782239803082,193.46746826171875,6536611,0.0,0.0
2019-07-18,193.50289788369298,195.02708888298295,193.04207714317235,193.538330078125,9447100,0.0,0.0
2019-07-19,194.31817273514352,194.42451426549047,189.99369206137638,190.2063751220703,8294444,0.0,0.0
2019-07-22,189.993695416289,190.1354916152897,187.1579736492033,187.44154357910156,14037538,0.0,0.0
2019-07-23,188.22134601011035,192.61673561522824,187.86688925335602,191.87234497070312,14951457,0.0,0.0
2019-07-24,191.62423347018978,193.78647365198452,189.9227915747788,192.01414489746094,12537555,0.0,0.0
2019-07-25,192.12049395696536,193.1838867577756,189.21386300210847,189.88734436035156,18350433,0.0,0.0
2019-07-26,190.52539505740128,192.1204955055248,189.21386452723942,191.69512939453125,4972441,0.0,0.0
2019-07-29,191.411537028635,192.22681448972622,188.93027245233534,189.81643676757812,5738104,0.0,0.0
2019-07-30,189.99366477673482,191.48242351969157,188.96572675513818,190.6317138671875,13743007,0.0,0.0
2019-07-31,190.4190498180362,192.19137862182697,188.57583415316228,191.55332946777344,14175457,0.0,0.0
2019-08-01,191.73055778346028,191.90778614938466,188.93026871669827,189.6746368408203,6153824,0.0,0.0
2019-08-02,189.42654973212254,189.42654973212254,186.51992995490744,187.51243591308594,9233326,0.0,0.0
2019-08-05,187.44152271363353,187.5124208052417,182.65623293456642,184.18043518066406,12001827,0.0,0.0
2019-08-06,183.43609315032677,185.38566187523162,183.01073821615518,183.5424346923828,9770895,0.0,0.0
2019-08-07,183.64872259707994,183.8614056190748,179.43058422117775,179.82049560546875,8816780,0.0,0.0
2019-08-08,180.77758898168074,183.40063900774172,179.3597280498282,182.72715759277344,6616227,0.0,0.0
2019-08-09,183.50694958607835,183.50694958607835,179.71416577363325,180.21041870117188,10309668,0.0,0.0
2019-08-13,179.92684931933113,180.06863426559394,172.97931954815246,174.60986328125,21801393,0.0,0.0
2019-08-14,174.60986667167404,179.78506786397995,173.01476633565738,176.34674072265625,14340858,0.0,0.0
2019-08-16,176.34674948345162,179.64328060547868,175.38969822153618,179.35971069335938,10735480,0.0,0.0
2019-08-19,179.71418929623667,182.40812608830285,177.9064169573286,178.33177185058594,13006987,0.0,0.0
2019-08-20,178.36719215828805,178.61531862236535,174.00726855698682,174.75164794921875,15577976,0.0,0.0
2019-08-21,174.89343634113177,175.03522128996235,170.7461844601489,171.17153930664062,15303762,0.0,0.0
2019-08-22,171.70326022562813,174.39719693046712,169.4346784002739,170.17904663085938,10917955,0.0,0.0
2019-08-23,169.43470982238802,169.75372323265066,166.35084986354744,167.37879943847656,17073495,0.0,0.0
2019-08-26,170.6398482589641,172.5894166427669,166.56349434235915,171.91592407226562,13352257,0.0,0.0
2019-08-27,172.9438771553193,174.60987566871214,172.05771275277138,174.042724609375,15089362,0.0,0.0
2019-08-28,174.50352506124733,175.5669177953422,172.34128493028422,174.3617401123047,9237042,0.0,0.0
2019-08-29,172.94388096540405,174.00728501231967,170.24994426784312,170.99432373046875,11532941,0.0,0.0
2019-08-30,172.0931795069743,175.2479259003906,169.47012954562834,174.14907836914062,12225631,0.0,0.0
2019-09-03,173.298330180621,173.298330180621,170.60439377531418,171.242431640625,9913882,0.0,0.0
2019-09-04,171.27788231360427,173.369235603623,171.065199271487,172.44761657714844,7303230,0.0,0.0
2019-09-05,171.5614548039201,175.0352254520464,171.5614548039201,173.15655517578125,8777107,0.0,0.0
2019-09-06,173.1919866328482,174.29083397901553,172.44760725970738,172.90841674804688,9039911,0.0,0.0
2019-09-09,173.4401301194702,174.7516606250337,172.41218076060073,174.042724609375,9435127,0.0,0.0
2019-09-11,173.4046573763226,174.00725176436396,172.2703666834414,172.80206298828125,9314093,0.0,0.0
2019-09-12,173.1920166682163,173.68826966970488,170.1436117928161,170.67530822753906,8395088,0.0,0.0
2019-09-13,170.85253098833437,171.88048032302513,169.15108908439402,170.0727081298828,14572355,0.0,0.0
2019-09-16,169.78913332207262,170.7461958329886,168.93842357242622,169.71824645996094,7357494,0.0,0.0
2019-09-17,170.00183096206433,170.2145140347489,167.87503393737458,168.1586151123047,11083300,0.0,0.0
2019-09-18,168.51306047018815,171.77414827083734,165.92546527592276,169.61190795898438,20724917,0.0,0.0
2019-09-19,170.10814802251724,170.10814802251724,167.37875684063903,167.8041229248047,8810026,0.0,0.0
2019-09-20,168.0168052326252,176.16952462469612,166.10269143641318,168.7611846923828,66016326,0.0,0.0
2019-09-23,177.23292192158826,184.67670547361476,177.16203505736925,180.67124938964844,54044544,0.0,0.0
2019-09-24,180.77756000237247,182.90435667624394,179.926850320064,181.4864959716797,17828419,0.0,0.0
2019-09-25,180.8484623363366,181.6637286095241,172.05770554048235,175.49603271484375,21390350,0.0,0.0
2019-09-26,175.31881492026733,178.22543484988458,174.57443541260358,177.51651000976562,18534981,0.0,0.0
2019-09-27,177.23291117978678,182.90436550588123,177.23291117978678,179.3242645263672,18211017,0.0,0.0
2019-09-30,180.60034095080098,184.8893779482214,176.80755691070527,184.2158966064453,21381205,0.0,0.0
2019-10-01,183.6841853306034,186.05910854568697,180.77756573869308,181.4156036376953,16035574,0.0,0.0
2019-10-03,182.69171075809538,185.84645717062003,181.5219651195934,185.4919891357422,12832216,0.0,0.0
2019-10-04,186.4490504571127,187.08708846044007,180.9193915062929,182.37269592285156,18781574,0.0,0.0
2019-10-07,182.54987645543676,182.9043444163307,177.72914364261757,178.57986450195312,22082491,0.0,0.0
2019-10-09,178.15455054416495,178.79258852647075,174.6098925904544,175.17703247070312,22332047,0.0,0.0
2019-10-10,175.10612238384954,175.5669319305514,172.02227421944804,172.4121856689453,25230638,0.0,0.0
2019-10-11,172.412151352223,174.53894780238005,170.92339271370813,172.94384765625,26037798,0.0,0.0
2019-10-14,174.0072945046216,174.68077590723823,172.2704089970794,173.05023193359375,15280471,0.0,0.0
2019-10-15,173.72373689703522,176.6658004513886,173.72373689703522,175.53150939941406,10373904,0.0,0.0
2019-10-16,175.3897098090363,175.5314947744633,171.66781233888418,172.73121643066406,16681940,0.0,0.0
2019-10-17,172.97932853173864,174.89344225677027,172.87298700800622,174.2908477783203,14175284,0.0,0.0
2019-10-18,174.39717996710115,175.67325571548443,173.75914209290949,174.75164794921875,13327812,0.0,0.0
2019-10-22,173.68825969970652,178.01275149788117,173.65281626850663,176.45309448242188,18979485,0.0,0.0
2019-10-23,177.51651183835304,178.61534816036942,176.55944925176902,177.97731018066406,13325639,0.0,0.0
2019-10-24,179.07612576017922,180.0686316033955,175.77959491466802,176.55941772460938,17438024,0.0,0.0
2019-10-25,182.1245308170672,182.33721385112707,175.10610303359158,175.60235595703125,33846376,0.0,0.0
2019-10-27,177.19748540617326,178.01276301487482,177.02025700465646,177.51651000976562,3252338,0.0,0.0
2019-10-29,177.90642800276794,180.8484914737404,176.91392195616223,179.53697204589844,12397313,0.0,0.0
2019-10-30,181.48648417464256,187.15793785829226,180.28129535197036,183.8968505859375,35611812,0.0,0.0
2019-10-31,184.32223735091557,186.34269272488908,181.62830059696807,182.65625,17296427,0.0,0.0
2019-11-01,183.86143332482598,186.44902846813625,183.43606721673865,185.2438507080078,13055757,0.0,0.0
2019-11-04,186.41358867370354,187.83144951553527,184.35768989134496,184.85394287109375,8199342,0.0,0.0
2019-11-05,185.03118449454973,187.15798152640352,183.32975360949794,186.37815856933594,10674212,0.0,0.0
2019-11-06,186.41358778989786,187.01618229588604,184.32223435172165,185.279296875,9198544,0.0,0.0
2019-11-07,186.378155353167,188.78851105120856,185.74011737802613,188.46949768066406,15351749,0.0,0.0
2019-11-08,187.76054056334755,188.18589539564144,184.32221354128484,184.6766815185547,12357632,0.0,0.0
2019-11-11,184.74758952661617,185.98822189664452,183.47151372717286,183.93231201171875,7524183,0.0,0.0
2019-11-13,183.54241193674264,183.7905384260931,179.46605781231472,179.96231079101562,10664859,0.0,0.0
2019-11-14,180.13951137902419,181.4155870604243,179.53692819850988,179.9977264404297,9222757,0.0,0.0
2019-11-15,180.24586181631787,181.30926575950517,177.23290082836226,177.69371032714844,17386229,0.0,0.0
2019-11-18,178.26084433769233,178.82799533583844,176.34673078279243,177.7646026611328,8167820,0.0,0.0
2019-11-19,178.47354921815193,178.50899264923513,176.38220703942508,176.73666381835938,12621028,0.0,0.0
2019-11-20,176.73665062548966,178.15452257159114,174.89343507003807,177.72915649414062,10362358,0.0,0.0
2019-11-21,178.22541984499685,178.22541984499685,173.72371097857422,174.18450927734375,10793493,0.0,0.0
2019-11-22,175.21244181681996,179.11156705413035,174.85798507765068,175.56690979003906,17000856,0.0,0.0
2019-11-25,175.63783264160156,176.09863096110982,174.57442857201423,175.63783264160156,10994413,0.0,0.0
2019-11-26,176.27584209270182,177.5164743562988,175.6023495872923,176.63031005859375,20539741,0.0,0.0
2019-11-27,177.05567518951693,177.26835822824933,174.82253698497738,175.07066345214844,9182137,0.0,0.0
2019-11-28,175.31880275052194,175.77961229015105,174.14906841998385,174.89344787597656,11416080,0.0,0.0
2019-11-29,174.92888208748792,175.38969160283034,173.6882497262202,174.68075561523438,10185713,0.0,0.0
2019-12-02,174.39718090992807,175.03521878756908,173.36923162006477,173.65280151367188,10356741,0.0,0.0
2019-12-03,173.65280841079505,174.25540288418148,172.02226460671733,173.0147705078125,8442322,0.0,0.0
2019-12-04,172.6248507064017,173.0147621151966,171.56144676364747,172.37672424316406,12406762,0.0,0.0
2019-12-05,172.37672697575562,175.46057486712434,172.34128354731695,175.07066345214844,11699738,0.0,0.0
2019-12-06,175.10613479828567,175.21247633460624,171.91594487892914,172.51853942871094,10773814,0.0,0.0
2019-12-09,172.27038670264042,172.48306974291145,170.8525259802844,171.17153930664062,6981671,0.0,0.0
2019-12-10,171.2778855096013,171.34878360298015,166.59893713406638,167.0242919921875,15972570,0.0,0.0
2019-12-11,167.0243122808398,169.29289426782125,167.0243122808398,168.4421844482422,14331297,0.0,0.0
2019-12-12,168.76117836132968,170.28538065487666,168.44216502428762,169.1156463623047,10704007,0.0,0.0
2019-12-13,170.1436324761291,171.91596163002464,169.57649253922804,171.27792358398438,8521473,0.0,0.0
2019-12-16,172.27040353254995,172.5539734579144,167.55601139567355,167.9459228515625,12476974,0.0,0.0
2019-12-17,168.37126184407464,171.34877948145493,168.37126184407464,170.88796997070312,16534369,0.0,0.0
2019-12-18,170.5689533704224,175.35423182802745,169.96635892193655,173.79458618164062,17794641,0.0,0.0
2019-12-19,174.4326559103355,175.7441865652424,172.4476438276995,173.22747802734375,9699414,0.0,0.0
2019-12-20,173.22744388513118,173.75914023559923,170.2499263480301,170.9588623046875,14495913,0.0,0.0
2019-12-23,171.56145311988476,172.12860415717626,169.1865411512498,169.36376953125,19817033,0.0,0.0
2019-12-24,169.43465537271976,170.28536501607084,168.86750437643607,169.25741577148438,8200254,0.0,0.0
2019-12-26,169.36375873972264,169.7182267111875,167.55598668951643,167.875,15017235,0.0,0.0
2019-12-27,168.37127773960916,169.0447703549139,167.62689825998896,167.9459228515625,9048085,0.0,0.0
2019-12-30,168.7257229910243,170.78162152351615,168.37125501513435,168.8675079345703,13680470,0.0,0.0
2019-12-31,169.11565603615992,169.39922595954062,168.30038969792764,168.5130615234375,7417112,0.0,0.0
2020-01-01,169.15110291258225,169.15110291258225,168.0877100612246,168.79664611816406,4370931,0.0,0.0
2020-01-02,168.8675124629419,170.81708076559153,168.79662560629293,170.03724670410156,8726602,0.0,0.0
2020-01-03,170.85254435618046,170.85254435618046,168.72574742687547,169.08021545410156,9642051,0.0,0.0
2020-01-06,168.37127635328352,168.938427433394,166.59894748327164,166.6698455810547,7930726,0.0,0.0
2020-01-07,167.3433141014318,168.6548333202311,166.31536478387824,166.84706115722656,8740894,0.0,0.0
2020-01-08,165.89001436199712,167.16609018573007,165.35830674039943,166.03179931640625,7314466,0.0,0.0
2020-01-09,167.0243109748613,167.73324705301923,166.63439950208996,167.16610717773438,9816703,0.0,0.0
2020-01-10,168.44218384533497,169.25745022802647,167.87503273359363,168.7257537841797,10357864,0.0,0.0
2020-01-13,169.080211547456,170.49807238954875,168.9029719209124,169.61190795898438,12715178,0.0,0.0
2020-01-14,170.32083109217734,172.8375392323802,168.93841378651592,172.44761657714844,12299570,0.0,0.0
2020-01-15,171.95140379480688,172.27041717759715,170.92344307434905,171.84506225585938,5687654,0.0,0.0
2020-01-16,171.9159407312605,172.90844673423763,170.21450989333664,170.67530822753906,9730522,0.0,0.0
2020-01-17,170.67530942760916,171.6323720040813,169.71825808518886,170.10816955566406,7677106,0.0,0.0
2020-01-20,170.17903958466198,172.44762131608647,170.17903958466198,171.49057006835938,8329721,0.0,0.0
2020-01-21,171.17155494795975,171.17155494795975,168.72574469755102,169.04476928710938,9939680,0.0,0.0
2020-01-22,169.8600321664133,169.8600321664133,168.0877033291002,168.7611846923828,7949731,0.0,0.0
2020-01-23,168.79662711528312,169.25742538977138,167.94590618953902,168.6548309326172,6356150,0.0,0.0
2020-01-24,168.3003958508662,169.5055736863202,168.01681468306668,168.83209228515625,7063834,0.0,0.0
2020-01-27,168.01678391855475,168.3003650344295,166.10267036516106,166.3153533935547,7100949,0.0,0.0
2020-01-28,166.42171615887412,167.23698248173855,163.40875488610786,163.5859832763672,15144538,0.0,0.0
2020-01-29,164.11770375954504,168.47762810122433,163.86957725333227,167.76869201660156,21258057,0.0,0.0
2020-01-30,167.98134409504598,168.01678752252198,165.18106617534562,165.92544555664062,10794458,0.0,0.0
2020-01-31,167.13061604412513,169.00928613069408,165.92543845507396,166.70526123046875,19166671,0.0,0.0
2020-02-03,152.42030908501926,153.767283004754,145.33099395093242,147.17420959472656,82836335,0.0,0.0
2020-02-04,149.44280640976473,154.26354028845847,148.27307199082844,152.88113403320312,37145337,0.0,0.0
2020-02-05,153.34193117072684,154.19265221148524,149.93905824174507,153.44827270507812,22072147,0.0,0.0
2020-02-06,154.5471107346043,155.89407346266808,150.1517320676435,151.39236450195312,28443398,0.0,0.0
2020-02-07,151.56956534998318,152.9165390673344,150.82518602466138,151.28599548339844,17793265,0.0,0.0
2020-02-10,151.71135859899573,151.746813259799,148.91108073636983,149.2655487060547,9987781,0.0,0.0
2020-02-11,153.48370686009835,153.80273144386646,150.15173223345957,150.7188720703125,30951617,0.0,0.0
2020-02-12,151.28601404546004,152.27851993433143,150.1517232058999,151.0378875732422,10310789,0.0,0.0
2020-02-13,151.03790332647839,151.3214732574321,149.72638397027868,150.22262573242188,9505645,0.0,0.0
2020-02-14,150.47071920313036,150.93152866532404,146.6070488482955,147.24508666992188,14260540,0.0,0.0
2020-02-17,147.4578217202353,147.9186201109765,144.622088330356,145.18923950195312,16161290,0.0,0.0
2020-02-18,145.01195420011595,145.04740886059213,142.14077827642146,144.5157012939453,21741128,0.0,0.0
2020-02-19,145.50822919405925,146.8552031772824,144.51572323105813,146.5361785888672,9403278,0.0,0.0
2020-02-20,146.74882729648337,147.84767453173535,145.6499800612314,147.06784057617188,16193373,0.0,0.0
2020-02-24,146.74884914112738,147.06786246830336,143.06240675990864,143.91311645507812,17233132,0.0,0.0
2020-02-25,144.4802537799725,145.61454449997908,142.84971016783493,143.06239318847656,15903285,0.0,0.0
2020-02-26,142.24712737774794,143.16874638639868,139.16327949694028,140.7938232421875,18557438,0.0,0.0
2020-02-27,140.65204822955934,141.18374462807463,138.87971941180774,140.04945373535156,17936226,0.0,0.0
2020-02-28,138.24168148677919,141.71544102658993,136.1503280894878,140.04945373535156,33885063,0.0,0.0
2020-03-02,141.43187893273011,144.23215727153953,137.28462657368704,138.45436096191406,19274852,0.0,0.0
2020-03-03,139.65952975569934,139.97854307254747,136.5047838446068,137.4263916015625,18638624,0.0,0.0
2020-03-04,138.20622977729957,138.6315958924486,132.25120527167437,132.92469787597656,28729502,0.0,0.0
2020-03-05,132.96012248633795,135.54771730631794,132.25118655081076,133.31459045410156,20797182,0.0,0.0
2020-03-06,131.0460225242147,131.0460225242147,127.43046685275249,128.84832763671875,27795285,0.0,0.0
2020-03-09,126.89877176491795,126.89877176491795,123.70858215975197,125.62269592285156,22633662,0.0,0.0
2020-03-11,123.35412271923568,125.3036800483416,122.18437708772043,124.52385711669922,29032759,0.0,0.0
2020-03-12,119.8094580934416,119.91578838661823,106.72966369140778,110.4515609741211,54043896,0.0,0.0
2020-03-13,106.33976107168927,116.26481008178841,95.42221727122698,115.02417755126953,63962722,0.0,0.0
2020-03-16,112.01120148720923,112.08208834599682,102.9723181401536,104.39019012451172,34535653,0.0,0.0
2020-03-17,104.92190096564929,110.45157101159819,103.53948345416207,105.73716735839844,49492914,0.0,0.0
2020-03-18,107.82851211539521,109.63628439211834,104.46108281560892,106.83600616455078,52178352,0.0,0.0
2020-03-19,106.83600754264344,115.94577837461496,102.6178684311954,114.7406005859375,93204936,0.0,0.0
2020-03-20,117.04460407530975,125.12642400705332,117.04460407530975,124.41748809814453,64384067,0.0,0.0
2020-03-23,112.01119498470526,114.84691632070037,105.77259007103618,109.38814544677734,53330913,0.0,0.0
2020-03-24,115.52042751099673,116.05212394315485,104.496531231723,106.1270751953125,54576761,0.0,0.0
2020-03-25,107.04867321816567,107.7575979098979,98.5414870449833,104.46106719970703,64913270,0.0,0.0
2020-03-26,106.33974409509949,113.00370402798283,101.55445437507449,110.87690734863281,60694283,0.0,0.0
2020-03-27,114.84692612766364,117.68265893985641,109.88440774888983,115.69764709472656,33893412,0.0,0.0
2020-03-30,110.6287849374877,116.90283368645207,110.6287849374877,112.86192321777344,29203338,0.0,0.0
2020-03-31,116.26479304749837,123.24776639525659,114.527907759248,121.72356414794922,44272500,0.0,0.0
2020-04-01,121.72356517723996,122.46794459278458,116.6547054529556,117.96622467041016,18840671,0.0,0.0
2020-04-03,119.0296377741797,129.55728167971387,118.39159977087937,126.11896514892578,65288649,0.0,0.0
2020-04-07,131.64860606799985,131.64860606799985,123.10598668086578,128.70654296875,37509626,0.0,0.0
2020-04-08,128.2102958377658,130.44343426201596,125.23278917281691,126.65065002441406,39007671,0.0,0.0
2020-04-09,130.44342546699414,132.03851460472436,127.60769272094504,131.32958984375,44268652,0.0,0.0
2020-04-13,130.7978836140739,132.32208577794378,128.35206247926897,128.74197387695312,18427550,0.0,0.0
2020-04-15,130.47888042903912,137.35552423961815,129.52182910862115,134.23622131347656,50983406,0.0,0.0
2020-04-16,134.44891624477034,135.54775262690416,131.4713980205438,132.10943603515625,28122965,0.0,0.0
2020-04-17,135.01603919578747,135.68952056160822,132.53477432057767,133.3500518798828,27694463,0.0,0.0
2020-04-20,134.66157740247215,134.66157740247215,127.25324833397464,128.1039581298828,37141676,0.0,0.0
2020-04-21,126.18984386805636,130.65612083671286,124.80742641119386,127.32413482666016,24232310,0.0,0.0
2020-04-22,126.89876424140134,130.1243970859263,124.7719675526996,129.20278930664062,26132520,0.0,0.0
2020-04-23,129.69903080588887,130.443410143003,127.35955128438016,127.99758911132812,34237726,0.0,0.0
2020-04-24,128.31662400691772,129.5926997638918,127.11143510641432,127.64314270019531,18744844,0.0,0.0
2020-04-27,127.78493557319293,129.23823979553677,127.11144299064624,127.5013656616211,13589672,0.0,0.0
2020-04-28,127.60770014602528,128.17485122185602,126.22528273912368,127.21778869628906,18488267,0.0,0.0
2020-04-29,127.9621475530697,129.66358927245642,127.35955314270151,129.1318817138672,22287597,0.0,0.0
2020-04-30,131.0814443145495,131.0814443145495,127.9266986931568,129.0609893798828,31326446,0.0,0.0
2020-05-04,128.84833619723707,128.84833619723707,120.97919765106059,123.38956451416016,31461042,0.0,0.0
2020-05-05,124.06303359833652,125.79991889969394,121.93624810905852,123.28321075439453,18389548,0.0,0.0
2020-05-06,121.51087153557513,121.51087153557513,113.78351938725153,116.19388580322266,68112675,0.0,0.0
2020-05-07,116.26479727285337,117.57631652688166,113.78353248517743,114.13800048828125,25183509,0.0,0.0
2020-05-08,116.22934125970424,116.37112621249001,111.37316449910202,112.18843078613281,26281664,0.0,0.0
2020-05-11,113.42906287796835,115.91032763055442,112.01120211965512,112.33021545410156,18792383,0.0,0.0
2020-05-12,112.33021457325341,117.61175737145629,111.65673324599717,117.00916290283203,22211224,0.0,0.0
2020-05-13,122.92878012683357,123.07056512027893,116.61928613121896,117.25732421875,20785966,0.0,0.0
2020-05-14,116.61926171822778,119.27775506542234,114.81148938766988,116.12300872802734,15525762,0.0,0.0
2020-05-15,114.98870824527182,117.32818803844432,114.24434005576978,116.72559356689453,15526021,0.0,0.0
2020-05-18,117.68265792001966,118.60426573982153,115.66220266203625,116.79649353027344,21602419,0.0,0.0
2020-05-19,118.03712188156453,121.68812083977008,117.04461600158045,121.0500717163086,20917906,0.0,0.0
2020-05-20,121.90080151361886,125.48091387454804,121.22732014637826,124.5947494506836,26295911,0.0,0.0
2020-05-21,124.48838449777297,135.01601407488246,122.39703145863184,133.95262145996094,60630670,0.0,0.0
2020-05-22,133.27917052293702,136.04400566427523,130.86880344172852,132.10943603515625,40516307,0.0,0.0
2020-05-26,134.69702862383224,138.2062317188011,133.13737156979474,135.90220642089844,55283582,0.0,0.0
2020-05-27,136.46936368649625,137.46185846796058,132.49933962443131,136.2212371826172,25491463,0.0,0.0
2020-05-28,136.32755597450014,136.75292207898326,133.98808733604673,135.15782165527344,25524647,0.0,0.0
2020-05-29,135.01603747601285,140.36846737115866,133.98808810767696,139.9076690673828,37214719,0.0,0.0
2020-06-01,142.4952523332454,145.5082133254732,141.07739164103523,142.17623901367188,29606349,0.0,0.0
2020-06-02,143.1332611721977,143.1332611721977,139.4468196266173,139.83673095703125,23502975,0.0,0.0
2020-06-03,141.78634893960927,142.42438690881576,138.66704596012667,139.44686889648438,19710133,0.0,0.0
2020-06-04,140.191242928999,143.55867227810478,138.2416856641807,141.89268493652344,22843181,0.0,0.0
2020-06-05,143.0623915591872,143.20417649331714,140.82925357003035,141.78631591796875,15193091,0.0,0.0
2020-06-08,143.84224347240212,144.3739398916826,139.65954774851687,140.12034606933594,20304292,0.0,0.0
2020-06-09,140.54570252531647,146.1817021565297,140.1203364319075,140.72293090820312,41451482,0.0,0.0
2020-06-10,141.39643516764005,144.0194738682782,140.58115757723914,141.11285400390625,28247205,0.0,0.0
2020-06-11,141.78631011275488,142.67247434032117,137.2491474701676,137.70994567871094,20611505,0.0,0.0
2020-06-12,133.95264991229774,138.38347213901875,133.17281576379165,137.46185302734375,23431727,0.0,0.0
2020-06-15,137.4618249723765,137.49727963147126,132.07395253537845,132.7119903564453,25404661,0.0,0.0
2020-06-16,135.26413635958684,135.37047786462097,128.95464524535143,131.15232849121094,28700454,0.0,0.0
2020-06-17,130.44343169338353,131.15235648819663,128.10395178537257,128.4584197998047,24952658,0.0,0.0
2020-06-18,128.45840907792112,132.92468546569222,128.10394109307495,132.28663635253906,30000032,0.0,0.0
2020-06-19,132.64112223092408,133.24371676304867,130.15986847037556,130.4788818359375,31707306,0.0,0.0
2020-06-22,132.21573230750326,132.92466818503144,129.84080947523734,131.15232849121094,32605144,0.0,0.0
2020-06-23,131.43591529395147,132.92467396102268,130.97510583012965,131.7549285888672,27569189,0.0,0.0
2020-06-24,132.8537837811818,138.02898476459703,131.96761946006376,136.00852966308594,56757828,0.0,0.0
2020-06-25,136.29208273993146,144.26756064632895,135.86672796251437,143.27505493164062,78484846,0.0,0.0
2020-06-26,146.039923849098,148.45029062991594,137.03649466092364,138.3834686279297,74727243,0.0,0.0
2020-06-29,143.5586271574113,143.9130838330256,139.09235171695525,139.83673095703125,95027403,0.0,0.0
2020-06-30,141.36094768326808,141.36094768326808,137.5327208191443,137.9935302734375,42797633,0.0,0.0
2020-07-01,137.9935418277376,144.51570541264115,137.9935418277376,143.84222412109375,46004000,0.0,0.0
2020-07-02,144.94104233258332,146.57158570944353,143.59406878629505,145.9335479736328,40835235,0.0,0.0
2020-07-03,147.45780328705163,147.81226008668065,146.03993115232865,147.13877868652344,39352660,0.0,0.0
2020-07-06,149.63399440863932,150.82897533369285,148.58838461982663,149.2232208251953,36046969,10.15,0.0
2020-07-07,149.37256414902663,149.74598600253603,144.89138355566718,145.07809448242188,32467210,0.0,0.0
2020-07-08,145.07810198371538,147.8414972203398,145.07810198371538,146.6091766357422,22093693,0.0,0.0
2020-07-09,147.05728414222142,147.13197561489287,145.00341658281707,145.97433471679688,19492371,0.0,0.0
2020-07-10,145.75030133303125,146.75857132290258,144.89141431842964,145.15281677246094,16815128,0.0,0.0
2020-07-13,146.31043454119524,148.43899365983398,145.71293824089958,147.54275512695312,21079233,0.0,0.0
2020-07-14,147.43071401989283,148.99912838927986,143.95780325060693,146.3104248046875,19185879,0.0,0.0
2020-07-15,146.6465315155611,149.3725872118755,145.26483967292154,148.4016571044922,24692471,0.0,0.0
2020-07-16,148.40163997736875,148.51367127183926,143.39766622697857,144.77935791015625,22997164,0.0,0.0
2020-07-17,144.36859676980657,145.93701135666782,144.1445341616475,144.92874145507812,15455455,0.0,0.0
2020-07-20,145.63822587792427,145.89962823148505,143.65903832026737,143.92044067382812,19643434,0.0,0.0
2020-07-21,143.472349805969,145.040764301371,143.0242364509079,143.58438110351562,29089491,0.0,0.0
2020-07-22,144.14453430052563,147.80416834006112,143.77111240006892,146.7958984375,33826583,0.0,0.0
2020-07-23,147.61742850990575,150.49285492324094,146.98260425135427,149.89537048339844,32700809,0.0,0.0
2020-07-24,150.11941633343358,150.6422211188027,147.35602130150022,149.0738067626953,62500933,0.0,0.0
2020-07-27,149.74597497573924,149.74597497573924,145.75025965534778,146.683837890625,23517850,0.0,0.0
2020-07-28,147.13199257335302,148.36431325103314,145.6756092869579,145.93701171875,20029937,0.0,0.0
2020-07-29,144.4805969459137,148.02819891352203,144.44325713097402,146.90789794921875,15402845,0.0,0.0
2020-07-30,148.17757906464908,148.17757906464908,143.7710900733725,144.40591430664062,16943579,0.0,0.0
2020-07-31,144.51795297955763,147.09463720204022,144.51795297955763,145.00341796875,17294202,0.0,0.0
2020-08-03,144.89137368303585,144.89137368303585,143.32295939871645,143.84576416015625,13776301,0.0,0.0
2020-08-04,143.84578238252047,146.23574392754134,143.84578238252047,144.62998962402344,17849565,0.0,0.0
2020-08-05,145.26481990264398,145.33949954066262,143.1736006761237,143.99514770507812,50646546,0.0,0.0
2020-08-06,145.04072916915138,146.08633857948195,144.21918229964095,145.89962768554688,18574935,0.0,0.0
2020-08-07,146.01169651904664,147.13199776704153,145.00343841449046,146.42247009277344,21717194,0.0,0.0
2020-08-10,146.683885148084,149.1111988099166,146.683885148084,148.51370239257812,17108987,0.0,0.0
2020-08-11,149.37255224427597,155.12339271850897,149.37255224427597,151.65048217773438,57266693,0.0,0.0
2020-08-12,151.23973892235836,153.03220427391895,149.67132434278903,152.5093994140625,22106836,0.0,0.0
2020-08-13,151.98659885361508,152.50940372826065,147.20667533407055,150.45553588867188,23573090,0.0,0.0
2020-08-14,150.5675337642872,151.87453382557626,146.01166203463035,146.683837890625,29858596,0.0,0.0
2020-08-17,147.9161905307487,148.99914001262738,147.01995198759462,148.43899536132812,12192938,0.0,0.0
2020-08-18,149.29785437468877,149.29785437468877,147.31866671917086,148.2895965576172,12969115,0.0,0.0
2020-08-19,148.32695133161346,150.64222121463214,147.95351765109444,148.2149200439453,16070316,0.0,0.0
2020-08-20,147.13195615131036,147.28132724176865,145.30213958173087,146.2357177734375,17561721,0.0,0.0
2020-08-21,147.87881629284874,148.77505469914138,146.6091560661308,146.9825897216797,17897538,0.0,0.0
2020-08-24,147.31867141892621,148.62568329305157,146.6464955743937,146.90789794921875,15304895,0.0,0.0
2020-08-25,147.3187035238647,148.10291081924103,145.712949110035,145.93701171875,15784633,0.0,0.0
2020-08-26,146.7585473126901,146.79588713283502,144.6299882024256,145.6009063720703,23502769,0.0,0.0
2020-08-27,148.25226308312443,148.5510171351065,144.8166920838905,145.07809448242188,49030500,0.0,0.0
2020-08-28,145.33948373569996,146.60915579519514,144.92871026589236,146.04901123046875,35979788,0.0,0.0
2020-08-31,148.6257068248524,148.6257068248524,141.90394731527576,142.72549438476562,100730476,0.0,0.0
2020-09-01,142.72550547094224,143.65908391062814,140.59694615505327,142.05332946777344,41311165,0.0,0.0
2020-09-02,142.87486110803138,144.14452149405923,141.64254054170652,142.91220092773438,21378178,0.0,0.0
2020-09-03,142.9495516042106,144.33125522453568,141.90395372723958,143.0989227294922,16295787,0.0,0.0
2020-09-04,141.90392263445852,141.90392263445852,138.69240272164458,139.43927001953125,42983034,0.0,0.0
2020-09-07,139.85005885396285,142.27736008619775,135.03279620795442,141.23175048828125,33918419,0.0,0.0
2020-09-08,141.6051660748036,142.3146935456089,137.87085332258505,140.522216796875,26574542,0.0,0.0
2020-09-09,138.54306751555814,139.10321221650432,136.15310574540302,137.27340698242188,28901363,0.0,0.0
2020-09-10,137.49744388574305,138.6924246502254,136.82526794541704,138.09494018554688,18469229,0.0,0.0
2020-09-11,138.09492216212547,139.28990277064526,136.48916807896987,137.38540649414062,19997552,0.0,0.0
2020-09-14,138.76708762691717,138.8044274395097,136.67586875977076,136.93727111816406,32185628,0.0,0.0
2020-09-15,137.422769092005,137.57214021344282,135.03280747874837,135.7796630859375,31956903,0.0,0.0
2020-09-16,135.81699957204233,137.04932006259992,134.47264779413868,134.92076110839844,52591750,0.0,0.0
2020-09-17,135.03281904310347,135.55562393047228,132.79222835939808,133.3897247314453,35240133,0.0,0.0
2020-09-18,134.0992317235541,134.32329432766832,132.19473509396113,133.7631378173828,30929813,0.0,0.0
2020-09-21,134.43531121825418,134.88343641789464,130.73834933197463,131.2611541748047,24811451,0.0,0.0
2020-09-22,131.2611566322433,132.00801225375034,129.76742171897737,130.103515625,19242719,0.0,0.0
2020-09-23,130.66364860753163,132.60549671993633,128.23634734336937,128.83383178710938,64164525,0.0,0.0
2020-09-24,128.23634385577284,128.27368367370985,124.09125717590322,124.38999938964844,32698988,0.0,0.0
2020-09-25,126.14511060237015,127.86289589226261,124.72606749286163,127.52680206298828,27650738,0.0,0.0
2020-09-28,127.71351971023488,130.55159398097697,127.34008608208185,129.43130493164062,24087933,0.0,0.0
2020-09-29,130.5142465330288,130.5142465330288,126.21978964832086,126.5185317993164,26602326,0.0,0.0
2020-09-30,126.9666712273582,128.53508559643473,125.99575311869752,128.23634338378906,19193371,0.0,0.0
2020-10-01,130.32759553898518,130.4022751934918,127.04139486250683,127.6015396118164,20517295,0.0,0.0
2020-10-05,127.7882162465907,129.0578883833179,126.03309098062898,126.40652465820312,25234767,0.0,0.0
2020-10-06,126.59325183890466,128.16166638508662,125.54765397657586,126.89200592041016,22728054,0.0,0.0
2020-10-07,126.96667251773098,127.63884842057736,126.21981697852645,126.5932388305664,16913783,0.0,0.0
2020-10-08,127.04138561027814,127.2654363926082,124.65142380782885,124.838134765625,26484289,0.0,0.0
2020-10-09,125.09952135821744,126.14513099370704,124.24063449199392,125.36092376708984,23234939,0.0,0.0
2020-10-12,127.34011473293934,130.8503655900958,126.96668102076569,128.6097869873047,68801924,0.0,0.0
2020-10-13,129.09523255881385,130.5889554844144,126.5932398532362,127.07870483398438,37058708,0.0,0.0
2020-10-14,127.37743764306155,127.71353148993583,124.76342567513156,125.32357025146484,39688050,0.0,0.0
2020-10-15,125.24888698643232,125.32357845789217,122.89627724475433,123.26969909667969,28161148,0.0,0.0
2020-10-16,123.60580161124926,124.57671979739096,122.33612935349628,123.75517272949219,21006060,0.0,0.0
2020-10-19,124.5767109328103,126.14512531544452,124.09125779184585,125.65966033935547,19748904,0.0,0.0
2020-10-20,125.47297604552057,125.69703867206167,124.50205772238763,125.06220245361328,16770677,0.0,0.0
2020-10-21,125.58498919279894,126.14513384299913,124.42734823662661,125.21155548095703,17113482,0.0,0.0
2020-10-22,125.1368648748323,126.29449389444463,124.72607954321252,125.88372039794922,22893091,0.0,0.0
2020-10-23,126.18245041613734,127.71352480207065,125.28622387498554,127.52680206298828,20921450,0.0,0.0
2020-10-26,128.086970820174,128.1616504549235,125.65965782345197,125.88372039794922,16699886,0.0,0.0
2020-10-27,125.84639120202071,126.44387567094199,124.5393791323487,124.87547302246094,47652264,0.0,0.0
2020-10-28,125.8463794032078,125.8463794032078,123.23235550894337,123.60578918457031,17468592,0.0,0.0
2020-10-29,123.23238401025176,123.94191170858053,122.07474289860508,122.37349700927734,21816186,0.0,0.0
2020-10-30,122.48551948035234,124.57672709335235,122.00005444128702,123.41909790039062,16976909,0.0,0.0
2020-11-02,124.57669222950855,124.87544623500783,122.82156718464336,124.53935241699219,14924105,0.0,0.0
2020-11-03,124.87548271529276,127.52683504583557,124.80079123331737,127.0413818359375,23473408,0.0,0.0
2020-11-04,127.00403692784903,128.31103721151865,125.62233333006849,126.81731414794922,19533203,0.0,0.0
2020-11-05,127.90027305582926,130.70100844383458,127.11606572697258,130.51429748535156,28037401,0.0,0.0
2020-11-06,131.8213023014842,132.3441071580456,129.50602026953337,129.9167938232422,35571152,0.0,0.0
2020-11-09,129.9167786755541,132.41877136378793,128.34837612386428,129.05789184570312,36645472,0.0,0.0
2020-11-10,130.7009948114791,134.09922621541625,128.34838490541728,133.20298767089844,59672371,0.0,0.0
2020-11-11,134.13657348756308,138.84181723131684,133.38971785491447,138.39369201660156,65757234,0.0,0.0
2020-11-12,138.31899468718032,140.97035847314675,137.3107249181017,140.4102020263672,48153554,0.0,0.0
2020-11-13,139.81274385346993,141.0077247724761,138.5804231093742,139.73805236816406,29284742,0.0,0.0
2020-11-14,141.19443475486383,141.90396243741014,140.44757908261337,140.8583526611328,8066280,0.0,0.0
2020-11-17,141.15707951209032,141.45582174836025,139.21523130608495,139.9247589111328,21757459,0.0,0.0
2020-11-18,139.51396216954072,140.74628256550358,136.48916498388328,137.4600830078125,27620283,0.0,0.0
2020-11-19,136.52653561009947,143.24830733575644,136.45185596416366,140.33554077148438,50871154,0.0,0.0
2020-11-20,141.00771542826007,143.39767710789584,138.95383582241234,143.17361450195312,47052232,0.0,0.0
2020-11-23,143.39767131433635,143.7711050307781,140.89567843281483,142.5387725830078,24073204,0.0,0.0
2020-11-24,142.35203816707678,146.72118707516515,142.35203816707678,146.04901123046875,47160760,0.0,0.0
2020-11-25,146.38511218227495,147.84149534014134,143.77109993017189,144.77935791015625,43263598,0.0,0.0
2020-11-26,145.7129542181322,146.2730989244299,143.80845748266944,145.4888916015625,25155854,0.0,0.0
2020-11-27,145.22748592784131,146.19840410702938,144.2939075691652,144.62998962402344,32594141,0.0,0.0
2020-12-01,145.63824966823805,146.64650760015735,143.6964016052784,145.19012451171875,16505446,0.0,0.0
2020-12-02,145.6382473551362,148.43898219840088,144.5552861341644,146.34776306152344,29520716,0.0,0.0
2020-12-03,147.28135227765344,147.28135227765344,145.30216428117984,146.53448486328125,29087754,0.0,0.0
2020-12-04,147.0199285623996,148.88708499264692,146.75852618876004,148.0281982421875,23005484,0.0,0.0
2020-12-07,148.02822727333907,152.17331441460868,147.58010206771476,151.72518920898438,37068111,0.0,0.0
2020-12-08,152.28536936191088,152.88285394868237,149.03650845717584,151.20240783691406,32042241,0.0,0.0
2020-12-09,153.10689739250267,155.1981050191727,152.84549495977814,153.4056396484375,41212760,0.0,0.0
2020-12-10,154.33920639012428,159.56724281369318,151.72518226077713,158.85772705078125,67739601,0.0,0.0
2020-12-11,160.1647407753573,162.77875309667,159.34319370765544,161.5464324951172,62645643,0.0,0.0
2020-12-14,162.77872800725467,163.2641929429462,160.57548955938253,161.24766540527344,28029531,0.0,0.0
2020-12-15,160.7621986645204,161.62109724609053,158.03615549655,159.49253845214844,24151252,0.0,0.0
2020-12-16,159.64191762248973,160.98626936719236,159.4551948698163,159.82862854003906,20304621,0.0,0.0
2020-12-17,159.97802756481695,160.6502035544947,157.77478864564452,159.119140625,23248344,0.0,0.0
2020-12-18,159.1564928545433,161.28505229363563,156.65449965093657,160.2021026611328,24690701,0.0,0.0
2020-12-21,160.20207314390953,160.35144425516827,148.73773087989687,151.5758056640625,43445980,0.0,0.0
2020-12-22,151.68786364565705,154.04048569095517,147.05731104139454,151.91192626953125,42564860,0.0,0.0
2020-12-23,151.6131489061271,155.53418504691388,150.8662933329714,155.16075134277344,24608258,0.0,0.0
2020-12-24,156.8412029382245,157.32665612008387,153.55500278851008,155.79559326171875,23645158,0.0,0.0
2020-12-28,156.09430926463565,156.9905476702979,155.23542250908855,156.46774291992188,16347233,0.0,0.0
2020-12-29,157.2146634585369,159.45524247859814,156.9159093320848,157.99887084960938,27568853,0.0,0.0
2020-12-30,158.85772946659577,159.45521394231827,156.50510771440608,157.70008850097656,19654130,0.0,0.0
2020-12-31,157.25200151128826,157.81214625998132,155.75827823639767,156.0943603515625,18947950,0.0,0.0
2021-01-01,156.76650758945306,159.97801618220277,156.31839423992702,159.71661376953125,20279389,0.0,0.0
2021-01-04,159.8286370085768,161.3223599334888,158.40960555571652,159.38052368164062,27927482,0.0,0.0
2021-01-05,158.67103130830117,159.26851583215344,157.2893276354215,157.92416381835938,18718244,0.0,0.0
2021-01-06,157.92416065117507,157.9615004743854,152.733463655021,153.4056396484375,50957586,0.0,0.0
2021-01-07,153.92842857889752,155.04871784024158,150.9409708234384,151.46377563476562,36298522,0.0,0.0
2021-01-08,152.62140249657696,153.85372293760332,149.55926538440232,150.4928436279297,58600546,0.0,0.0
2021-01-11,152.36002014038917,153.92843463608904,150.30615246872895,151.23973083496094,44625924,0.0,0.0
2021-01-12,151.61316530090303,154.52593193899682,150.56756738541873,154.18984985351562,36989137,0.0,0.0
2021-01-13,154.9367084873755,159.08180774562814,153.29361418202876,157.77479553222656,66387977,0.0,0.0
2021-01-14,158.3349346627836,161.69581463943732,158.036192405998,159.94068908691406,50164605,0.0,0.0
2021-01-15,160.50083550713518,163.18955135256485,157.7374518493937,162.70408630371094,60567280,0.0,0.0
2021-01-18,163.1148532882028,165.803557190015,160.27677826241498,164.1231231689453,70211602,0.0,0.0
2021-01-19,165.05670927994018,165.57950232071144,162.44268490045167,163.45094299316406,33009228,0.0,0.0
2021-01-20,163.18955420754122,163.562976121518,161.09833468066358,162.55471801757812,46392916,0.0,0.0
2021-01-21,163.56294765342332,163.93638133753066,158.48428268791238,159.60458374023438,30116008,0.0,0.0
2021-01-22,159.82865500015055,160.38879968065626,156.20637265307076,157.364013671875,25663922,0.0,0.0
2021-01-25,158.3349029134507,158.70833657711486,154.4885586644451,155.1980743408203,25929487,0.0,0.0
2021-01-27,155.34746881968542,158.8203796631308,154.67529290918387,157.32664489746094,50338134,0.0,0.0
2021-01-28,156.2810526062683,157.58805281933553,153.66702850988355,154.30186462402344,22984352,0.0,0.0
2021-01-29,155.75824152808474,155.94495245527017,151.12768981561413,151.79986572265625,24679902,0.0,0.0
2021-02-01,152.3600094208445,162.77874183475117,150.71691539911896,161.28501892089844,59968324,0.0,0.0
2021-02-02,164.30983659029806,166.92386088706314,162.06924602666032,162.96548461914062,50324035,0.0,0.0
2021-02-03,165.43011318608674,165.80354689039115,161.09831535450613,161.8825225830078,55709225,0.0,0.0
2021-02-04,161.39702260042105,172.82402283155983,161.32233114169978,171.74107360839844,109894300,0.0,0.0
2021-02-05,173.38420388673765,178.38818945700945,169.72458201089154,175.0272979736328,130323308,0.0,0.0
2021-02-08,177.3799194884373,177.7906930097986,172.89875057309817,174.09371948242188,43093963,0.0,0.0
2021-02-09,175.21405556909502,178.649627374688,170.43413163698784,171.0316162109375,73377134,0.0,0.0
2021-02-10,171.03158840659154,172.60000291092584,166.6250989671229,169.94863891601562,49104142,0.0,0.0
2021-02-11,171.0316024328406,171.25566504758524,167.67072238730344,169.12710571289062,45311749,0.0,0.0
2021-02-12,168.60428926051785,168.60428926051785,161.17300201128708,162.40533447265625,114826417,0.0,0.0
2021-02-15,163.15217464353464,165.0566828876889,162.44265892617787,163.2642059326172,33000365,0.0,0.0
2021-02-16,163.60030389554439,165.65417146306058,162.25595206314748,163.0028076171875,30271502,0.0,0.0
2021-02-17,162.517363225166,163.11485957923853,161.73316775283072,162.62939453125,20615018,0.0,0.0
2021-02-18,162.96548977634936,164.75795518290832,162.74142716235707,163.45094299316406,24997592,0.0,0.0
2021-02-19,163.45091773774112,163.4882693910528,159.82863582523277,161.28501892089844,29208388,0.0,0.0
2021-02-22,162.23590335218623,162.23590335218623,157.64431729214076,158.44784545898438,53531490,5.0,0.0
2021-02-23,159.17487300557852,161.12629185630135,158.40960452893054,159.5574951171875,27703323,0.0,0.0
2021-02-24,160.01665581786065,160.55234130864272,158.02696511971078,159.82533264160156,13667471,0.0,0.0
2021-02-25,160.3227438442075,161.62369766890586,159.78705840188624,160.05490112304688,26953713,0.0,0.0
2021-02-26,158.60090382905761,159.17486120735873,155.34853123444574,155.99900817871094,45101885,0.0,0.0
2021-03-01,157.22346837683497,158.9835764667255,156.15209718066535,158.33309936523438,16850430,0.0,0.0
2021-03-02,158.40959894695615,161.31759722766054,158.02696472211525,160.6288604736328,26590262,0.0,0.0
2021-03-03,162.2359140457144,162.2359140457144,159.78706960250685,160.66712951660156,21648963,0.0,0.0
2021-03-04,159.78706284792895,161.70022173039143,158.86874318886706,160.47579956054688,25858155,0.0,0.0
2021-03-05,159.17487014358213,160.70539494264392,158.56265294792854,159.59576416015625,17990773,0.0,0.0
2021-03-08,160.47580752137623,161.31759553114463,158.94528276482325,159.17486572265625,23874105,0.0,0.0
2021-03-09,159.7105415670813,160.51406980529654,156.68775179096565,159.0218048095703,23463213,0.0,0.0
2021-03-10,160.01665294267244,160.09317251042947,157.49127679911658,158.02696228027344,20358192,0.0,0.0
2021-03-12,159.1748616311007,159.1748616311007,155.7311658589829,157.03211975097656,31973696,0.0,0.0
2021-03-15,157.52956438867028,157.64434375172988,154.27719139414097,157.22344970703125,42699297,0.0,0.0
2021-03-16,157.95044310359938,159.8636020762639,156.8408002279453,159.06007385253906,50641203,0.0,0.0
2021-03-17,162.38897306131744,163.68992703932688,159.5957661772309,161.16455078125,81604999,0.0,0.0
2021-03-18,163.00121645441874,167.6693233576109,162.15941614866284,166.5596923828125,95536034,0.0,0.0
2021-03-19,167.5927799425978,173.06441485092603,164.95262408787147,170.61557006835938,139352860,0.0,0.0
2021-03-22,170.883378002776,173.25570272345496,169.5059046092847,172.94960021972656,47823778,0.0,0.0
2021-03-23,172.18436820875655,174.55668130388847,169.3528891343167,170.0416259765625,43165463,0.0,0.0
2021-03-24,169.12331843218487,170.50079211798618,164.7230424687859,165.25872802734375,28672557,0.0,0.0
2021-03-25,164.6464967207125,165.25870176077854,159.97839084670926,161.9298095703125,42248040,0.0,0.0
2021-03-26,163.95778607861988,164.11083736299213,160.97325571657072,161.39414978027344,27083832,0.0,0.0
2021-03-30,163.19249289174041,164.53170658620238,161.01149119696362,164.1873321533203,28862387,0.0,0.0
2021-03-31,163.80470497828782,167.82233381023428,162.7715938384283,167.2101287841797,37890481,0.0,0.0
2021-04-01,168.3580109713894,168.81716471829418,166.29180092024785,168.39627075195312,30182056,0.0,0.0
2021-04-05,166.52139244074635,168.35803191021654,161.08802998312458,162.6568145751953,32586507,0.0,0.0
2021-04-06,163.6134005183798,164.49346050234212,160.82019354591165,162.7333526611328,26663018,0.0,0.0
2021-04-07,162.77160005519087,164.6847590247519,162.58028900892052,163.61338806152344,15790468,0.0,0.0
2021-04-08,164.4169271896153,165.37350673784513,162.8864023377906,163.1925048828125,14660557,0.0,0.0
2021-04-09,163.57515404755284,165.25873032545175,162.65683420200963,163.07772827148438,16994483,0.0,0.0
2021-04-12,160.7054365082901,161.47069304239332,156.87911745762017,157.1086883544922,35840817,0.0,0.0
2021-04-13,158.40962922797755,160.47583988503027,157.64436063200978,159.7105712890625,21027436,0.0,0.0
2021-04-15,159.94014643502325,161.04977735595634,157.64435288663367,158.18003845214844,18205903,0.0,0.0
2021-04-16,159.17488385361776,160.13146345126276,158.02698106041427,159.13661193847656,13824608,0.0,0.0
2021-04-19,156.87910295791332,157.72089113098272,155.92252328365868,157.3382568359375,16400507,0.0,0.0
2021-04-20,157.79739345725733,158.40961068772106,154.96592666234852,155.7694549560547,22187707,0.0,0.0
2021-04-22,154.5832800987093,157.873912586091,153.4736493414959,157.56781005859375,24030915,0.0,0.0
2021-04-23,156.30513880790437,158.4096089878505,156.30513880790437,157.1469268798828,20381213,0.0,0.0
2021-04-26,157.49132268490277,158.21833155069822,156.64953443403024,157.1086883544922,20652091,0.0,0.0
2021-04-27,157.10866421783987,158.37135852687845,156.9173531453847,157.18519592285156,11885588,0.0,0.0
2021-04-28,157.6443255773961,158.02695979029545,157.10864010467986,157.26170349121094,13197445,0.0,0.0
2021-04-29,158.4861256797009,158.83048798257397,156.15206061927597,156.3433837890625,13601150,0.0,0.0
2021-04-30,156.03727074527032,157.41474411728498,154.58326568516,155.04241943359375,17130954,0.0,0.0
2021-05-03,153.9710351345809,154.46846074704467,153.05272771778786,153.77972412109375,21405441,0.0,0.0
2021-05-04,153.97106532223688,154.85112526093232,152.36402096441486,152.74664306640625,18962501,0.0,0.0
2021-05-05,154.16240529683733,154.58329935625846,152.67014013099293,154.1241455078125,14396547,0.0,0.0
2021-05-06,154.81284902317321,157.60605555511864,154.65978564658602,155.15721130371094,14872429,0.0,0.0
2021-05-07,155.31028733491587,157.98871495186125,155.31028733491587,157.1469268798828,20213092,0.0,0.0
2021-05-10,158.52439481150648,158.75396565138877,156.8790785132281,157.2999725341797,16922951,0.0,0.0
2021-05-11,156.0372804826707,158.0269589767616,155.9224890067204,156.11380004882812,14277000,0.0,0.0
2021-05-12,156.0373122627999,157.07041150333546,155.23378389420748,155.53988647460938,17174525,0.0,0.0
2021-05-14,156.87906218354314,163.15422418581633,156.11379379235328,162.42721557617188,64021335,0.0,0.0
2021-05-17,165.90921236950155,166.06226366056814,161.96810221270766,162.69509887695312,39465392,0.0,0.0
2021-05-18,163.84298936074762,164.22562362283887,160.43756504355238,160.74366760253906,31653409,0.0,0.0
2021-05-19,160.7436434059008,161.776754545362,158.83048451014693,158.98353576660156,25345241,0.0,0.0
2021-05-20,159.51922238720292,160.16969932689932,158.25654041723743,158.4095916748047,21688686,0.0,0.0
2021-05-21,158.86876583198583,160.5906139222978,158.71571455478053,159.97840881347656,23509878,0.0,0.0
2021-05-24,160.32274681794547,162.2741654644753,158.98353318730196,161.853271484375,29977506,0.0,0.0
2021-05-25,163.00120645625623,163.30730902500073,160.89672401102655,161.39414978027344,26310600,0.0,0.0
2021-05-26,162.0828705229793,162.58029624281497,160.93497994085388,161.16455078125,18253046,0.0,0.0
2021-05-27,161.47064248410848,163.88122709686766,160.93496914132055,161.58543395996094,49385674,0.0,0.0
2021-05-28,162.61854957342172,163.38380588889083,161.89155304204746,162.92465209960938,26583388,0.0,0.0
2021-05-31,164.53172692380795,166.75098867654322,164.07256095654148,165.7561492919922,75852502,0.0,0.0
2021-06-01,166.8275201038779,167.89889119010536,163.95778132007536,164.72303771972656,40247686,0.0,0.0
2021-06-02,161.08805792853158,162.58032320883484,159.63405244018773,159.94015502929688,100377464,0.0,0.0
2021-06-03,161.27935073307944,161.27935073307944,159.7105539199728,159.97840881347656,48454441,0.0,0.0
2021-06-04,160.3227703917066,160.47582166818276,159.17487975477775,159.7488250732422,31286264,0.0,0.0
2021-06-07,161.0115046750448,162.54202954252787,160.85845340096802,161.81503295898438,32643869,0.0,0.0
2021-06-08,162.38896544692474,163.95776210409815,161.62370913696216,163.49859619140625,22080199,0.0,0.0
2021-06-09,163.76646677325687,164.34041213498296,161.85330748302562,162.6185760498047,25846432,0.0,0.0
2021-06-10,164.32832399838225,166.4542880114318,163.38346496740442,164.80076599121094,31902690,5.75,0.0
2021-06-11,165.58816839405145,165.70626642019633,163.58031478948354,163.69842529296875,22249404,0.0,0.0
2021-06-14,163.7377934769193,164.13149100132011,161.57247580872559,163.2259979248047,18358717,0.0,0.0
2021-06-15,163.42282651916474,164.09211100586631,162.9897630224377,163.0291290283203,15426377,0.0,0.0
2021-06-16,163.02913909746297,164.84013768532822,163.02913909746297,163.6590576171875,20878518,0.0,0.0
2021-06-17,162.95040434779463,163.7771653725626,161.41499279855987,161.92678833007812,22304032,0.0,0.0
2021-06-18,162.20238304020225,162.5567145579304,159.4465253041258,161.0606689453125,24475206,0.0,0.0
2021-06-21,159.91895153991112,162.20237968242094,159.36777750863766,160.98193359375,19809308,0.0,0.0
2021-06-22,162.28113900663973,162.3992495208972,160.9032038025386,161.49374389648438,18737552,0.0,0.0
2021-06-23,161.92681360112508,162.08430261099838,160.31266978467212,160.5882568359375,13059519,0.0,0.0
2021-06-24,160.98191980931153,161.13939630799965,159.48587435576582,160.03704833984375,23299321,0.0,0.0
2021-06-25,160.6275999261074,161.88742448390704,160.43075740787063,161.45436096191406,14411660,0.0,0.0
2021-06-28,162.1236358025854,162.1236358025854,160.11578234528454,160.31263732910156,15190488,0.0,0.0
2021-06-29,160.3126522860979,161.65120890517827,159.95832076857215,160.07643127441406,13839294,0.0,0.0
2021-06-30,160.8638285235203,160.94256054359553,159.4858933987964,159.60400390625,16556397,0.0,0.0
2021-07-01,159.76146269081218,160.47011317953536,159.17092269643274,159.84019470214844,10583793,0.0,0.0
2021-07-02,160.07643315882655,160.3913861932189,159.24967208554114,159.36778259277344,13187847,0.0,0.0
2021-07-05,159.8402122245221,160.7063517855465,159.60400368727977,160.35202026367188,10642939,0.0,0.0
2021-07-06,160.03705796928392,160.47012148606845,159.24966295112662,159.44651794433594,11515716,0.0,0.0
2021-07-07,159.4465332455449,161.57248502577758,159.2890567222693,160.43077087402344,18568033,0.0,0.0
2021-07-08,160.23390601841587,161.02130106376384,158.89534941413285,159.05282592773438,21730892,0.0,0.0
2021-07-09,159.05283895291234,159.32842599361848,158.18671181850482,158.54103088378906,12289809,0.0,0.0
2021-07-12,159.0528278043318,159.4858913411806,158.226066740164,158.34417724609375,13589278,0.0,0.0
2021-07-13,159.05281814035501,159.2102946462463,158.5410101382034,158.93470764160156,11247522,0.0,0.0
2021-07-14,158.93469693838912,161.5330903039604,158.81658644758966,160.70632934570312,21269167,0.0,0.0
2021-07-15,160.9425514174911,164.1708510363546,159.76147136460884,162.39923095703125,29963443,0.0,0.0
2021-07-16,163.5409487807686,165.07636037139565,163.147251261598,163.69842529296875,30137464,0.0,0.0
2021-07-19,162.83229049013835,164.95824201970493,162.47795899654074,163.58030700683594,17099088,0.0,0.0
2021-07-20,163.93463866078753,164.80076567619818,162.51733763969014,162.83229064941406,24567907,0.0,0.0
2021-07-22,162.9897918701172,163.97402953275946,162.0842987105166,162.9897918701172,19016769,0.0,0.0
2021-07-23,162.98975080557804,168.18652485411891,162.5960533442431,167.2416534423828,46241640,0.0,0.0
2021-07-26,168.5014775725626,169.5644594687948,165.9818287967085,166.25741577148438,49084040,0.0,0.0
2021-07-27,166.9267306907738,167.71412575602244,163.73779689705972,164.28897094726562,25378089,0.0,0.0
2021-07-28,164.01339196830548,165.35196114942738,163.34410737774454,164.643310546875,15304399,0.0,0.0
2021-07-29,164.64329893074955,165.50942599750084,161.92679474817265,162.24176025390625,16204679,0.0,0.0
2021-07-30,162.28113119115508,163.06852626338937,161.1000510601445,161.37562561035156,15515733,0.0,0.0
2021-08-02,162.55671338105736,163.38347443909691,161.76931833225575,163.2259979248047,10046707,0.0,0.0
2021-08-03,163.3834779289524,166.06060368378436,162.5567168532533,165.27320861816406,19179805,0.0,0.0
2021-08-04,166.06058649428675,166.21806299564176,163.85589052063813,164.2495880126953,11421835,0.0,0.0
2021-08-05,164.24960721866907,170.66684090529424,162.91103808462148,169.48574829101562,48995450,0.0,0.0
2021-08-06,169.60385735812034,170.0762869134104,167.3991611454184,168.6983642578125,24489836,0.0,0.0
2021-08-09,169.2888962008004,170.9817842893946,167.47789760971403,168.34402465820312,21142199,0.0,0.0
2021-08-10,168.50150672481868,168.85583824397807,164.21023734926786,165.2338409423828,18855165,0.0,0.0
2021-08-11,165.23384253009587,165.82438259036198,163.34409936443538,164.28897094726562,16012451,0.0,0.0
2021-08-12,165.54879418913586,168.65898345953536,164.05276104587622,164.48582458496094,28758718,0.0,0.0
2021-08-13,165.23384298110693,167.16295216209318,164.72203493956422,166.49366760253906,19576945,0.0,0.0
2021-08-16,166.45430545298632,167.91097263638235,165.74565486682863,166.06060791015625,11621038,0.0,0.0
2021-08-17,165.9818706036851,166.5330446920648,164.407092841461,164.7220458984375,8161139,0.0,0.0
2021-08-18,165.0369696893035,166.5330025702152,164.05273227719277,164.52516174316406,11149120,0.0,0.0
2021-08-20,162.98977896436065,165.9031257087546,162.7535579512815,164.48582458496094,20168965,0.0,0.0
2021-08-23,164.95823225487712,165.50940622739756,162.20236239227495,162.43858337402344,10319044,0.0,0.0
2021-08-24,162.98977651031956,162.98977651031956,161.1787778844413,162.0055389404297,12971124,0.0,0.0
2021-08-25,162.517333984375,163.6984139829449,162.20236850439548,162.517333984375,10994627,0.0,0.0
2021-08-26,162.51733764221314,162.8716566588231,160.90318163200843,161.10003662109375,15407558,0.0,0.0
2021-08-27,161.41497625713836,162.87164316444998,161.3362317725605,162.12362670898438,10879860,0.0,0.0
2021-08-30,162.20238576783393,163.93465242140078,162.20238576783393,163.7771759033203,12550267,0.0,0.0
2021-08-31,163.81654920710614,166.6117856015037,163.18663062939757,166.3755645751953,26802390,0.0,0.0
2021-09-01,166.13933204822632,167.1629481064773,164.80077543893418,164.958251953125,16867486,0.0,0.0
2021-09-02,164.56453509507128,166.53301000720035,164.56453509507128,165.1550750732422,14872714,0.0,0.0
2021-09-03,165.1550868255795,166.33617934330618,165.1550868255795,165.82437133789062,10622796,0.0,0.0
2021-09-06,166.13932252376608,166.29681150626882,164.60392347909217,164.80076599121094,11041632,0.0,0.0
2021-09-07,166.0606195528036,168.7771115773067,165.4700794358258,166.7299041748047,38933378,0.0,0.0
2021-09-08,167.12356418597767,167.71411669166727,165.1157230986533,166.336181640625,17897021,0.0,0.0
2021-09-09,166.17871298818963,168.42277518388516,165.78501545822996,167.43853759765625,19784972,0.0,0.0
2021-09-13,167.98970759657496,169.40700868840878,166.76924902630796,168.61961364746094,16661794,0.0,0.0
2021-09-14,169.21012737258155,171.06050418328942,168.65895342510916,170.15499877929688,20377545,0.0,0.0
2021-09-15,170.94241821200308,171.0211502287393,169.5251171373494,170.07627868652344,21028598,0.0,0.0
2021-09-16,170.82431295965313,183.97373302871077,170.31250492577715,181.69029235839844,154986538,0.0,0.0
2021-09-17,183.46193146136088,186.84770786057976,180.39110810454815,182.00526428222656,82563658,0.0,0.0
2021-09-20,181.88712701334362,188.46183631236283,181.2965745490359,184.0524444580078,73101936,0.0,0.0
2021-09-21,184.99734547545646,190.9027712431659,182.43833013825062,190.15475463867188,58854434,0.0,0.0
2021-09-22,191.72950744628906,193.5405059437902,189.52481145327206,191.72950744628906,54648494,0.0,0.0
2021-09-23,192.91056769410054,193.38300963125928,190.31218694908054,190.9420928955078,22630330,0.0,0.0
2021-09-24,192.1232337623867,192.1232337623867,187.1626670339593,187.7532196044922,25779310,0.0,0.0
2021-09-27,188.81616976878303,190.43032583256678,185.4303936084641,187.95004272460938,23772123,0.0,0.0
2021-09-28,188.85553596345167,190.23347102478863,186.06029983255104,187.2020263671875,16319138,0.0,0.0
2021-09-29,185.82409326540423,190.07599651893244,185.58787225887255,187.4776153564453,16045073,0.0,0.0
2021-09-30,188.8948968137236,189.28858181391658,185.2335339796202,185.9421844482422,16987893,0.0,0.0
2021-10-01,185.19416062390127,186.6114616003761,183.38316215899692,185.31227111816406,16570661,0.0,0.0
2021-10-04,185.82407928887267,187.67444376129035,185.35163731134347,186.2965087890625,11098123,0.0,0.0
2021-10-05,186.13904513313076,186.9658061735164,184.64299956328915,184.80047607421875,9578825,0.0,0.0
2021-10-06,184.8792360102755,186.13906068027865,181.5721915725142,182.08399963378906,18179336,0.0,0.0
2021-10-07,183.46191239359283,184.9973239124191,182.91073838799676,183.42254638671875,10770973,0.0,0.0
2021-10-08,184.83987816713753,184.87924418056258,182.04464166712245,182.43833923339844,10114327,0.0,0.0
2021-10-11,182.67453613069122,188.5799618158465,182.4383275878769,187.43824768066406,22000303,0.0,0.0
2021-10-12,187.87130177561045,191.33582249501308,187.39887223642205,189.99725341796875,30347455,0.0,0.0
2021-10-13,190.98149547787875,197.5561926521574,189.09175244542632,196.21763610839844,52091422,0.0,0.0
2021-10-14,199.40657792601294,206.17813037151106,197.12313729423073,202.0049591064453,88696178,0.0,0.0
2021-10-18,205.50883531332843,208.89461136276043,202.63486726293698,206.7292938232422,62614961,0.0,0.0
2021-10-19,205.82380025946435,206.72930581202263,192.94997981912402,193.65863037109375,61336411,0.0,0.0
2021-10-20,193.65866030213508,195.66650176348253,190.82404517880985,194.1704559326172,49663940,0.0,0.0
2021-10-21,195.27275843238885,195.5483454293724,191.41455295195846,192.67437744140625,23385990,0.0,0.0
2021-10-22,192.67437566699164,193.54050265600935,184.01308082213595,186.2965087890625,36905793,0.0,0.0
2021-10-25,184.328029444551,186.3358703693466,181.4934275560539,183.77685546875,23194065,0.0,0.0
2021-10-26,184.32802478548965,188.18624251857662,183.1469448542484,186.375244140625,19663381,0.0,0.0
2021-10-27,189.17052081908815,189.99726946315127,185.9815868475765,187.7532196044922,26909428,0.0,0.0
2021-10-28,185.11544728429377,185.78473183439743,176.4935175841915,177.24154663085938,48064941,0.0,0.0
2021-10-29,177.1627843758006,179.7217993361874,175.03683290975596,175.7454833984375,27668175,0.0,0.0
2021-11-01,176.49353963242024,179.17066568993081,175.19434885686556,178.61949157714844,24090945,0.0,0.0
2021-11-02,179.52495102346612,180.50918847465022,176.76908116921504,177.6352081298828,14896284,0.0,0.0
2021-11-03,177.95017360287585,178.6194455869254,174.56438529153962,175.15493774414062,18530527,0.0,0.0
2021-11-04,177.04468594762358,178.97379503947474,176.375401418994,178.3832550048828,7295341,0.0,0.0
2021-11-08,180.86353150438808,181.65092656091036,177.71397623298014,180.94227600097656,21051238,0.0,0.0
2021-11-09,180.98165141275842,181.80841252185562,179.40687369524335,180.1155242919922,11964518,0.0,0.0
2021-11-10,179.09190212387588,183.34380526459802,178.89504713120877,181.76902770996094,13948380,0.0,0.0
2021-11-11,181.41468444033944,182.2808238926723,179.95801748033549,181.0997314453125,8448263,0.0,0.0
2021-11-12,182.04462210226785,184.20993976806014,180.43046599721686,183.3831787109375,12312123,0.0,0.0
2021-11-15,184.209937183005,188.18626589870001,183.54065264939214,187.4776153564453,40247848,0.0,0.0
2021-11-16,188.22562377506563,188.6980532903774,185.036690234027,185.39102172851562,15241184,0.0,0.0
2021-11-17,185.8240832697439,193.10744329840165,185.5484962693945,188.57994079589844,48496295,0.0,0.0
2021-11-18,188.9736169990709,191.33578923912677,186.06027082042408,187.00514221191406,21005037,0.0,0.0
2021-11-22,187.32010739483832,189.56416929758274,180.74541065990203,181.80838012695312,23443628,0.0,0.0
2021-11-23,180.43046424965607,183.22570042218587,180.43046424965607,182.3595733642578,13950744,0.0,0.0
2021-11-24,183.02888077587363,183.2257233218805,178.69823246764528,179.2887725830078,14684422,0.0,0.0
2021-11-25,178.73756086726274,182.8319872767649,177.75332338967073,182.1233367919922,24825493,0.0,0.0
2021-11-26,180.23363040218916,181.13912351250804,175.6667614078644,176.3754119873047,28067913,0.0,0.0
2021-11-29,174.80063418432684,176.09982483282278,173.3833330264511,174.4069366455078,22985358,0.0,0.0
2021-11-30,174.80063221697557,177.32028146424997,173.22585455676426,174.13134765625,24408641,0.0,0.0
2021-12-01,174.800640593582,175.82424425017024,173.6982924354063,174.72190856933594,13496307,0.0,0.0
2021-12-02,174.72189935988953,178.06829719281234,174.24945732994973,177.5171356201172,16517389,0.0,0.0
2021-12-03,177.162799344781,178.10767090197103,174.28883114155934,174.52503967285156,14325920,0.0,0.0
2021-12-06,174.52503935329582,174.95810288343574,171.2573736341164,171.57232666015625,13644352,0.0,0.0
2021-12-07,172.35970542538814,174.76124385749264,171.72978695545592,173.73764038085938,9246755,0.0,0.0
2021-12-08,174.0132242296594,177.674587058173,174.0132242296594,177.1234130859375,10241656,0.0,0.0
2021-12-09,175.58805173558832,186.17844576444784,175.58805173558832,185.3516845703125,39714672,0.0,0.0
2021-12-10,185.98157652873255,188.14689424274292,184.0524673524883,185.90283203125,36517117,0.0,0.0
2021-12-13,187.3988663148101,187.98940633947024,184.3674092214562,184.72174072265625,22903720,0.0,0.0
2021-12-14,185.03670446614183,186.6902266129234,179.1706449324686,179.99740600585938,38953007,0.0,0.0
2021-12-15,181.09974640239682,182.83200049545155,175.90297164589242,176.41477966308594,35987634,0.0,0.0
2021-12-16,177.950179023833,178.0682770406119,173.85574012198424,175.50926208496094,25131188,0.0,0.0
2021-12-17,175.4305466037897,175.46991261309196,170.66683524864052,171.6116943359375,30827201,0.0,0.0
2021-12-20,170.27311016958936,170.27311016958936,165.1944466071828,167.2416534423828,38778895,0.0,0.0
2021-12-21,168.50151473564628,169.6432288894266,166.17872041653217,167.3204345703125,20142586,0.0,0.0
2021-12-22,168.50148951330252,168.65896601328555,166.21806154753946,166.9267120361328,17903428,0.0,0.0
2021-12-23,168.4227585619641,172.0053770331392,167.87158456988493,171.09988403320312,23065082,0.0,0.0
2021-12-24,171.6510772705078,173.5801739817325,170.43061865444832,171.6510772705078,17220191,0.0,0.0
2021-12-27,171.96605283834828,172.00541885382825,169.80073482681325,171.29676818847656,8467106,0.0,0.0
2021-12-28,171.65106941262357,173.69827653843848,171.65106941262357,173.2652130126953,12014352,0.0,0.0
2021-12-29,173.22583937404133,173.46206036943826,170.31249284772494,170.6668243408203,11923119,0.0,0.0
2021-12-30,170.54872069630147,171.5723242552535,169.68259364816203,170.07627868652344,10116360,0.0,0.0
2021-12-31,170.7849366577326,172.28096970494306,170.1943841629497,171.6904296875,7875890,0.0,0.0
2022-01-03,171.6904356113912,173.1077366930921,170.9030405760728,172.51719665527344,8064567,0.0,0.0
2022-01-04,172.8321589052642,174.5644131026343,172.4778398545935,173.42269897460938,9398805,0.0,0.0
2022-01-05,172.95025451167805,174.40692155418895,172.1628595021728,173.65890502929688,11663111,0.0,0.0
2022-01-06,172.43844851396216,173.5407965491586,171.80854248090134,172.20223999023438,9295303,0.0,0.0
2022-01-07,173.06835135334967,173.73763581087934,171.25735295627229,171.96600341796875,9196075,0.0,0.0
2022-01-10,173.14710827087404,176.92658210275536,172.35972568757003,175.82423400878906,16451394,0.0,0.0
2022-01-11,175.86360905874932,176.57225960854288,174.1707209410569,174.76126098632812,8329596,0.0,0.0
2022-01-12,175.19433178559703,176.09982489559673,174.48568120640655,175.39117431640625,13665682,0.0,0.0
2022-01-13,176.296663045805,177.79270855985848,175.39115754505113,176.33602905273438,11944029,0.0,0.0
2022-01-14,176.33604088888322,177.00532543830553,175.03685027695096,175.2730712890625,10976796,0.0,0.0
2022-01-17,175.2730618070464,177.63522189101,174.28882427961491,176.84783935546875,12792728,0.0,0.0
2022-01-18,176.84784821764137,178.97379988614793,173.4620719517968,173.81639099121094,14948456,0.0,0.0
2022-01-19,173.81638734957264,175.11557792910602,172.2022437466385,173.50143432617188,11915686,0.0,0.0
2022-01-20,173.65890873146816,174.9187332871304,171.65106763496712,172.24160766601562,17997322,0.0,0.0
2022-01-21,172.04477223263598,173.61954987272554,170.0762845858482,170.90304565429688,17225050,0.0,0.0
2022-01-24,170.90303391393533,171.4542079217043,166.06059081978196,166.7692413330078,18023332,0.0,0.0
2022-01-25,166.92670304771758,169.05265439902257,164.99759419145724,168.73770141601562,19028606,0.0,0.0
2022-01-27,166.33619345871244,169.68260382690696,166.21808294918284,168.9739532470703,24041247,0.0,0.0
2022-01-28,169.36761513794596,172.63529303763193,169.36761513794596,171.33609008789062,15865353,0.0,0.0
2022-01-31,172.0447897939781,173.81641014091295,170.94244159019186,173.3833465576172,15618203,0.0,0.0
2022-02-01,174.0132518873715,180.1548860897589,172.5565722389359,179.328125,44871108,0.0,0.0
2022-02-02,181.0997449851291,183.69813858171662,180.31234996135345,182.79263305664062,42714702,0.0,0.0
2022-02-03,182.79262395389603,185.1941624362773,182.5170369570323,184.60362243652344,28918394,0.0,0.0
2022-02-04,186.80832597353665,187.79256350541536,182.3202018299825,184.4855194091797,58889867,0.0,0.0
2022-02-07,184.2493239589054,184.8398640244644,179.9186760159046,181.25723266601562,25101983,0.0,0.0
2022-02-08,181.33598302506076,182.9107607432294,180.3517453915377,182.08399963378906,16825239,0.0,0.0
2022-02-09,182.91076855186043,183.46194264835077,180.11553205604275,181.21788024902344,12351873,0.0,0.0
2022-02-10,180.07613243407573,183.77686141067338,179.32810345568086,182.87136840820312,20317032,0.0,0.0
2022-02-11,182.67455332411245,183.6981695229015,180.94229895284204,183.0288848876953,18793513,0.0,0.0
2022-02-14,182.22432189577324,182.22432189577324,176.17705601787924,176.9430389404297,23621214,5.25,0.0
2022-02-15,178.1928030590604,180.20855825834957,176.21735938618892,179.80540466308594,13371177,0.0,0.0
2022-02-16,180.45045484525502,181.17612626483762,178.8781646399877,179.6038360595703,11664158,0.0,0.0
2022-02-17,179.84574168807907,180.89393096275387,178.07188094985545,179.52322387695312,14564261,0.0,0.0
2022-02-18,179.523226907946,180.16826254108844,178.59597221401498,178.9185028076172,9004891,0.0,0.0
2022-02-21,177.62839159080303,178.4346860088846,175.08853542553078,175.77389526367188,16750193,0.0,0.0
2022-02-22,173.35500193319785,174.88698062987757,171.74240017602617,173.2340545654297,26741024,0.0,0.0
2022-02-23,174.8063468458605,175.37075938405545,173.3953155003731,174.12098693847656,11438476,0.0,0.0
2022-02-24,169.32348982181588,171.9842807836957,166.90458081654236,168.11402893066406,42933709,0.0,0.0
2022-02-25,170.53293328412147,174.56444392392865,169.7669503512076,172.5083770751953,24543858,0.0,0.0
2022-02-28,171.90365676725256,174.52413618462094,169.96852446299005,174.0403594970703,20806226,0.0,0.0
2022-03-02,172.87119392297308,174.6450671649544,171.29891664169264,173.5968780517578,20039140,0.0,0.0
2022-03-03,174.20162512039306,177.547776086827,174.16130081210073,176.90274047851562,29631546,0.0,0.0
2022-03-04,175.53199170414678,183.35311743906755,174.96757925141762,181.82115173339844,69409780,0.0,0.0
2022-03-07,178.99908839930814,183.03059859353402,177.46712270280045,181.377685546875,47001716,0.0,0.0
2022-03-08,180.53108799331105,184.19975656628327,180.41014062901002,182.9499969482422,37424203,0.0,0.0
2022-03-09,183.5950304753054,186.5783519123669,182.30494656552446,184.8448028564453,43923809,0.0,0.0
2022-03-10,186.25583930867114,187.4652874177732,183.71598294712075,187.0621337890625,37523806,0.0,0.0
2022-03-11,186.98147416994777,191.17424297928102,185.57044313386746,190.56951904296875,43305144,0.0,0.0
2022-03-14,190.48889946801484,193.06906707488895,189.72291660182765,192.70623779296875,36465969,0.0,0.0
2022-03-15,192.70624626148398,194.6413656631645,190.20670159540308,191.77899169921875,34269168,0.0,0.0
2022-03-16,193.51254142306126,195.9314502671168,192.78687004754755,195.6089324951172,22462538,0.0,0.0
2022-03-17,197.74564620201505,197.86659356756599,195.68956654170944,197.46343994140625,35541798,0.0,0.0
2022-03-21,198.2697246450044,199.76139171057582,196.5764999418318,197.14089965820312,29052540,0.0,0.0
2022-03-22,197.18122353310247,202.18030013074568,196.37491632227864,201.37399291992188,38368305,0.0,0.0
2022-03-23,202.74469349074622,204.55887826971855,200.36610901432374,203.18817138671875,42051087,0.0,0.0
2022-03-24,203.14782898301226,206.81650974024564,202.74467542615847,205.48611450195312,39712133,0.0,0.0
2022-03-25,205.84896243372904,206.21180450092265,200.9708333404203,204.27667236328125,30412482,0.0,0.0
2022-03-28,204.80078926430573,208.02599270887956,203.63165269622195,207.260009765625,25876007,0.0,0.0
2022-03-29,207.26003574011582,207.62286510401213,204.59923170440652,205.2845916748047,18820674,0.0,0.0
2022-03-30,205.6876929673896,206.7358820347403,200.48704637776763,200.93051147460938,18281803,0.0,0.0
2022-03-31,201.25305164629907,205.08299184798207,201.1724285889963,202.09967041015625,26644916,0.0,0.0
2022-04-01,201.57557023616474,205.88928713001454,200.60801688248176,204.2363739013672,14856664,0.0,0.0
2022-04-04,204.07511695312473,207.94536873581413,202.4625152379283,205.9699249267578,16520039,0.0,0.0
2022-04-05,206.45371769082197,211.13027708392553,205.6877346912658,209.1951446533203,28230046,0.0,0.0
2022-04-06,207.62283304780362,212.33970348940832,207.46157415796623,209.31607055664062,20352716,0.0,0.0
2022-04-07,208.02598543545855,211.41246043318327,206.2521248806672,206.93748474121094,16679649,0.0,0.0
2022-04-08,208.0259750341858,216.77435556386058,206.41337344891176,215.92774963378906,39283623,0.0,0.0
2022-04-11,216.6937449553715,220.24146609129272,214.47641924542074,215.6858673095703,47924937,0.0,0.0
2022-04-12,215.20210306618588,216.61314726800077,212.1381582416775,213.5088653564453,24460888,0.0,0.0
2022-04-13,213.9119891605937,218.18538159443972,212.58159376450095,217.33877563476562,22239115,0.0,0.0
2022-04-18,216.08901947983708,219.71738941664793,215.48430819307558,217.78225708007812,25339139,0.0,0.0
2022-04-19,219.31421740068245,219.71738380228194,208.67104092963092,210.88836669921875,24280577,0.0,0.0
2022-04-20,211.9768874164656,214.03295436155142,207.66317031863906,209.27577209472656,25454589,0.0,0.0
2022-04-21,209.39672331569048,213.22665100721966,209.31608747573918,209.9611358642578,24313956,0.0,0.0
2022-04-22,209.6385849089521,212.05749377102563,208.46944839397293,210.52552795410156,16274820,0.0,0.0
2022-04-25,208.671044213293,208.8323031102524,203.59133146243536,205.8086700439453,25140992,0.0,0.0
2022-04-26,206.89715627408512,210.2029953723481,206.61495002995184,208.79197692871094,21327644,0.0,0.0
2022-04-27,206.57461371495526,208.42910984286877,206.21178446005243,207.622802734375,17219401,0.0,0.0
2022-04-28,209.23544407946432,212.62190626474379,208.14693061957095,210.52552795410156,28999835,0.0,0.0
2022-04-29,212.0575104779033,212.0575104779033,208.4291532874488,209.27577209472656,21206335,0.0,0.0
2022-05-02,208.02599346363607,213.26696505137113,207.26001051760238,212.17845153808594,19696250,0.0,0.0
2022-05-04,212.86381367164174,214.51672694674448,208.5097851266085,209.43702697753906,26951488,0.0,0.0
2022-05-05,211.25119238003424,213.83136004436236,209.9611085478702,211.29150390625,18623544,0.0,0.0
2022-05-06,208.83232005746154,215.5649466312936,208.751684213923,215.0005340576172,35818441,0.0,0.0
2022-05-09,214.5973773569641,214.5973773569641,210.08207710029316,212.01719665527344,22228031,0.0,0.0
2022-05-10,211.25121192648461,215.12146378107974,208.9129259801252,209.43702697753906,18727774,0.0,0.0
2022-05-11,208.8322795180187,211.41244713194274,202.98658447274707,206.13116455078125,18012072,0.0,0.0
2022-05-12,205.60708895978848,206.73591402717284,200.89023103826133,203.9138641357422,20816708,0.0,0.0
2022-05-13,205.56675589659076,210.32393762723868,205.2039266069546,208.509765625,12380764,0.0,0.0
2022-05-16,209.59829479661943,209.59829479661943,203.99449359145518,204.8814239501953,8502159,0.0,0.0
2022-05-17,205.60708323996352,214.0732582327937,205.4458243458276,213.42822265625,18483427,0.0,0.0
2022-05-18,214.47640917210526,215.92775189173136,212.1784349594968,215.12144470214844,20978307,0.0,0.0
2022-05-19,211.73499053184108,225.15991838895616,211.73499053184108,222.25723266601562,81302807,0.0,0.0
2022-05-20,223.34572670510656,227.65945640647539,223.34572670510656,225.7646484375,33617466,0.0,0.0
2022-05-23,225.76464837799926,226.1274904708716,220.16084753074523,221.32997131347656,22535903,0.0,0.0
2022-05-24,221.73312880083532,221.73312880083532,217.70161829733135,218.38697814941406,16146766,0.0,0.0
2022-05-25,220.08019702560142,220.84617986787484,218.10474069125786,219.87860107421875,15877459,0.0,0.0
2022-05-26,221.56419960504192,221.56419960504192,217.92997753619923,220.2839813232422,19129574,6.25,0.0
2022-05-27,222.18362740582583,223.58776783884613,218.92108197967306,222.3488311767578,13986762,0.0,0.0
2022-05-30,223.42258963929734,223.83558602533859,221.02730483788181,222.22496032714844,12274291,0.0,0.0
2022-05-31,222.22495270655295,226.72642206707778,220.0361530846581,223.54647827148438,24102167,0.0,0.0
2022-06-01,223.5464882961431,226.39605082828868,223.17479939791943,224.53765869140625,15265925,0.0,0.0
2022-06-02,223.58778625686693,226.68514125578938,221.2337828455851,225.90048217773438,14789457,0.0,0.0
2022-06-03,227.13941071497763,227.71758467425326,224.33112971932005,225.23968505859375,12968807,0.0,0.0
2022-06-06,224.9919243166268,227.80017920581665,222.7618172241413,226.97421264648438,11345943,0.0,0.0
2022-06-07,225.65269149342043,227.13942085836277,224.86803240874488,226.23086547851562,11245578,0.0,0.0
2022-06-08,226.2721398858574,226.64382876002753,219.87094493154248,221.27508544921875,14915091,0.0,0.0
2022-06-09,221.1925041323462,224.41375546325983,219.4992765736481,223.71168518066406,10239939,0.0,0.0
2022-06-10,222.2249438117044,223.83556939019513,221.9771512339188,223.1334991455078,8693455,0.0,0.0
2022-06-13,220.03613305797234,222.26621379010152,217.2278522224148,218.5906982421875,11519902,0.0,0.0
2022-06-14,217.39307700825677,220.90341551485864,217.26919379480339,219.25149536132812,7708043,0.0,0.0
2022-06-15,219.70576319369067,220.77949612937883,217.26917107835615,217.55825805664062,5254329,0.0,0.0
2022-06-16,220.53172377409734,221.27510157661789,214.33702655012465,215.3281707763672,14843837,0.0,0.0
2022-06-17,213.9240295926705,218.17773249664828,213.55234071513075,217.4756622314453,17296080,0.0,0.0
2022-06-20,217.4756529971805,219.82965627786217,215.86502744001368,218.1364288330078,17738981,0.0,0.0
2022-06-21,218.87979946406426,223.71167626793147,218.13643480874302,222.92701721191406,14417711,0.0,0.0
2022-06-22,220.5317061546247,223.2573983689782,218.797197353,219.12757873535156,11756920,0.0,0.0
2022-06-23,219.2927703857422,220.73821838910845,216.73229502848073,219.2927703857422,9416459,0.0,0.0
2022-06-24,219.78836159028685,221.64677983019354,219.04499691203588,219.5818634033203,7283228,0.0,0.0
2022-06-27,220.5317152505209,223.54648148235842,220.1187450498274,222.9683074951172,8487729,0.0,0.0
2022-06-28,222.10106637254168,224.86804009745464,221.81196628155058,224.53765869140625,11673046,0.0,0.0
2022-06-29,222.39010768254926,227.13939532459344,222.30751888742472,226.354736328125,16635367,0.0,0.0
2022-06-30,226.27214488299626,226.8916263536275,224.66151923647192,225.90048217773438,20003893,0.0,0.0
2022-07-01,225.90045434035235,235.39900326446553,224.00072884926152,234.8621368408203,36520000,0.0,0.0
2022-07-04,235.9359312649216,242.25453842735064,235.23386089386054,241.0981903076172,41417701,0.0,0.0
2022-07-05,242.00671536934345,242.00671536934345,236.01851657460995,236.96835327148438,19283789,0.0,0.0
2022-07-06,236.30759098476878,239.5288423233504,235.64682819150005,238.95066833496094,18997440,0.0,0.0
2022-07-07,240.354791042405,242.13059418949203,238.28988783404802,241.1394500732422,14326277,0.0,0.0
2022-07-08,241.9241536172907,243.204398030371,239.85925002899856,242.0480499267578,11538313,0.0,0.0
2022-07-11,242.00668218208244,245.2692405572816,241.22202320221663,243.6586151123047,12828405,0.0,0.0
2022-07-12,242.00669278258547,243.9476996632051,240.27217098300977,241.75892639160156,14616684,0.0,0.0
2022-07-13,242.00668842959823,243.4934176343334,241.75892204307092,242.87396240234375,9634877,0.0,0.0
2022-07-14,243.08045825000076,244.7736726070882,238.8267555246535,240.23089599609375,13930984,0.0,0.0
2022-07-15,241.18079559167012,242.83270271256686,239.11589205770966,242.4610137939453,11450042,0.0,0.0
2022-07-18,243.65864052238285,244.73239965671624,242.62618887760257,243.90643310546875,11751684,0.0,0.0
2022-07-19,243.658643718511,244.1542288911835,241.75894418512763,243.32826232910156,9542292,0.0,0.0
2022-07-20,243.57604603998567,247.3754711454252,242.5022869306933,246.3017120361328,16397373,0.0,0.0
2022-07-21,246.96247038894765,249.60554753792005,246.13650387168468,247.416748046875,16660697,0.0,0.0
2022-07-22,247.78845911775784,249.85336250745388,246.2191409182665,248.24273681640625,10351425,0.0,0.0
2022-07-25,246.96249944716914,250.22505841224836,246.79732183055046,248.697021484375,11050533,0.0,0.0
2022-07-26,248.61439780512052,250.88578604342695,248.16012015745923,249.81202697753906,10114261,0.0,0.0
2022-07-27,250.14241218227392,251.91824149038004,248.28402025328944,251.21617126464844,9706094,0.0,0.0
2022-07-28,251.8356865347256,252.0834791391199,249.7707830675979,250.63803100585938,11256515,0.0,0.0
2022-07-29,251.91822737345942,252.66160504508807,248.90346155593252,250.30760192871094,17584873,0.0,0.0
2022-08-01,251.0922844864949,255.0569134199065,250.34893292217774,253.983154296875,16501510,0.0,0.0
2022-08-02,256.0480213504635,261.5406601247745,254.56129225498916,256.0067138671875,40483892,0.0,0.0
2022-08-03,256.79143405649836,256.79143405649836,250.80320937351948,254.52001953125,18376724,0.0,0.0
2022-08-04,254.39615353326226,256.33718690964423,253.6941093778855,255.63511657714844,16514348,0.0,0.0
2022-08-05,255.63508166023612,257.53478110618533,255.30470028603258,256.7501220703125,10477269,0.0,0.0
2022-08-08,256.8327305228681,259.310630284681,256.08937891830647,258.64984130859375,8627072,0.0,0.0
2022-08-10,258.6498407677098,259.43452603910265,256.6675523749457,257.0392150878906,9267241,0.0,0.0
2022-08-11,258.5259427159437,258.89763160348264,252.16605502237957,252.95071411132812,11305242,0.0,0.0
2022-08-12,252.95071848353612,255.55248838704557,251.50529657650148,254.8504180908203,6669853,0.0,0.0
2022-08-16,254.8504773163475,257.28707017353264,254.8504773163475,256.5024108886719,8941455,0.0,0.0
2022-08-17,257.4521656758656,258.73240972917205,256.87399178653726,258.15423583984375,8283028,0.0,0.0
2022-08-18,258.52592219628764,261.00382173942165,258.1955408259595,260.7147216796875,10264507,0.0,0.0
2022-08-19,261.1277178536069,261.1277178536069,257.03919277211645,257.6999816894531,10823811,0.0,0.0
2022-08-22,257.03920423823575,261.8297997613308,256.87402663436967,259.6822814941406,11793184,0.0,0.0
2022-08-23,258.4846722969165,261.003853456777,257.7826019832349,260.9212646484375,9698555,0.0,0.0
2022-08-24,260.79737295362673,263.8534206873481,258.567265672125,259.4345397949219,11783894,0.0,0.0
2022-08-25,260.5495940571549,261.3342532343233,257.36964985284914,257.9891052246094,8057930,0.0,0.0
2022-08-26,259.9713962713317,260.5082627799378,257.7000077613236,258.443359375,7224507,0.0,0.0
2022-08-29,256.0481077700973,260.1366076182965,255.09824475105745,258.98028564453125,11798961,0.0,0.0
2022-08-30,259.5584180737679,265.46405479077004,259.5584180737679,264.720703125,18516092,0.0,0.0
2022-09-01,263.8947228350569,265.877011292771,261.0038527794927,262.32537841796875,13765474,0.0,0.0
2022-09-02,263.2339252895259,267.8180359140448,262.6970587884709,266.9094543457031,26750910,0.0,0.0
2022-09-05,268.4374878117214,272.2369131163737,267.4050361368849,271.617431640625,18144801,0.0,0.0
2022-09-06,272.56729513005047,272.56729513005047,269.5938363939382,270.21331787109375,12431779,0.0,0.0
2022-09-07,269.26345001530615,271.16314954823065,268.6439685496152,269.3460388183594,8397233,0.0,0.0
2022-09-08,271.74130247453473,273.06285410660143,270.5023658162386,272.48468017578125,11331350,0.0,0.0
2022-09-09,273.0628744473392,275.2929553629705,272.56728927625824,272.98028564453125,9770432,0.0,0.0
2022-09-12,274.2191936948809,274.5495750486511,272.56726074891606,273.3106384277344,9048240,0.0,0.0
2022-09-13,273.9714309836329,276.69709708202555,273.062875617502,276.2015380859375,10925371,0.0,0.0
2022-09-14,273.3932356660749,280.0009152997951,273.35192817916004,276.9861755371094,12739464,0.0,0.0
2022-09-15,277.8534655447925,278.3903582477678,274.9625954495669,275.9537658691406,8742900,0.0,0.0
2022-09-16,274.5082695161938,276.36668754934885,272.31947012691785,273.6410217285156,12973988,0.0,0.0
2022-09-19,271.82391455711326,278.26641652426684,271.82391455711326,277.1926574707031,14918717,0.0,0.0
2022-09-20,279.7944289996032,280.4964992114063,276.6970742765917,277.5230407714844,9892945,0.0,0.0
2022-09-21,277.52310305502147,285.12195463003417,277.11013280345094,281.6116027832031,21800547,0.0,0.0
2022-09-22,281.65283865063464,288.0540329847797,281.5702498567482,284.99798583984375,25111230,0.0,0.0
2022-09-23,287.0216230226694,288.7148636938839,283.5526052286243,286.1130676269531,23718397,0.0,0.0
2022-09-26,284.8328187184961,285.7413740994733,274.0127429512819,274.7148132324219,16829922,0.0,0.0
2022-09-27,276.6970774368484,280.4552211049659,275.87111093252213,276.57318115234375,10375837,0.0,0.0
2022-09-28,274.1779234589476,275.29296395155023,267.85931703900366,268.3962097167969,16151900,0.0,0.0
2022-09-29,271.74133906460094,276.6145237344205,270.70888734748166,275.08648681640625,18985406,0.0,0.0
2022-09-30,275.08646967922056,277.31657676720016,272.6911849859782,274.3843994140625,12906555,0.0,0.0
2022-10-03,274.9625709433268,275.0451859223406,266.9920578666383,267.94189453125,9462192,0.0,0.0
2022-10-04,271.49361905558715,275.8711930957798,270.91544494807147,274.9213562011719,9142294,0.0,0.0
2022-10-06,276.69707307490677,280.2487054281175,274.67347742175554,278.0599060058594,23091432,0.0,0.0
2022-10-07,278.1838469589442,278.22515445213264,273.64106979296014,275.9537658691406,10910698,0.0,0.0
2022-10-10,272.5673072579149,273.7649627746661,269.3047744720419,270.79150390625,9750594,0.0,0.0
2022-10-11,271.74128052051356,272.9389357722804,268.52002976292,269.5111999511719,11018577,0.0,0.0
2022-10-12,270.87409895119845,273.7649690779184,268.2310214320715,272.64990234375,10735673,0.0,0.0
2022-10-13,272.5259991002834,273.6410395218355,270.91537352376776,271.4522399902344,7546587,0.0,0.0
2022-10-14,274.46705317095393,275.78857890822945,273.2693975665678,274.3018493652344,6672357,0.0,0.0
2022-10-17,273.4758269066539,276.49059287339514,272.2368902363991,274.4256896972656,7195922,0.0,0.0
2022-10-18,275.82985973080156,281.65288102967787,275.49947832843105,281.07470703125,21691854,0.0,0.0
2022-10-19,283.38736232391483,286.9803020964805,280.66169651298895,286.0717468261719,16923690,0.0,0.0
2022-10-20,286.60866833905885,289.8712273837353,284.7915574492113,288.8387756347656,19186222,0.0,0.0
2022-10-21,291.72959990597735,291.72959990597735,284.54374564177084,285.4523010253906,28426343,0.0,0.0
2022-10-24,288.21931094010114,288.83879249649436,286.60868507059917,287.1868591308594,3292671,0.0,0.0
2022-10-25,288.63222623013723,288.6735337184043,283.8416570300089,286.03045654296875,17906260,0.0,0.0
2022-10-27,286.31956734460533,287.723708001335,284.0068974229033,285.6175231933594,19273344,0.0,0.0
2022-10-28,287.062945166563,287.9301931150614,285.03934916865416,285.6175231933594,13572499,0.0,0.0
2022-10-31,287.43458242684625,289.49948554729417,284.7501978994183,288.01275634765625,14358449,0.0,0.0
2022-11-01,288.4670683655667,289.49952004883465,286.7738538875155,288.6735534667969,20422565,0.0,0.0
2022-11-02,287.8476066512364,294.24880229164387,287.8476066512364,292.9272766113281,17427813,0.0,0.0
2022-11-03,292.39037070096987,296.1071808091715,291.56440417344214,292.142578125,11149636,0.0,0.0
2022-11-04,292.3904051502257,294.04231222279236,291.1514421244024,292.05999755859375,8709851,0.0,0.0
2022-11-07,293.2163538758691,294.33142063059,289.08654681218417,291.9774169921875,10437370,0.0,0.0
2022-11-09,291.97733897672464,298.5437367359707,291.72954643077384,297.92425537109375,21404869,0.0,0.0
2022-11-10,296.5201663378375,297.2635178614976,292.47294882466497,294.0422668457031,20071989,0.0,0.0
2022-11-11,297.3461303799853,298.1308156302202,292.92724984100755,294.3313903808594,11372654,0.0,0.0
2022-11-14,294.33140821252437,294.82696723881736,286.27827954268247,286.77386474609375,18319254,0.0,0.0
2022-11-15,288.21925534997126,288.21925534997126,280.1248200675382,285.1632080078125,16046491,0.0,0.0
2022-11-16,285.53484323995815,286.48470595952506,282.18969615648984,284.21331787109375,7897812,0.0,0.0
2022-11-17,284.21337701643785,286.98035078256225,282.97444018102414,283.88299560546875,10379179,0.0,0.0
2022-11-18,283.8830137598103,284.750261746925,280.66176207546425,281.6942138671875,8140173,0.0,0.0
2022-11-21,280.0835655895584,280.8269172079522,276.20155135197825,278.51422119140625,9553090,0.0,0.0
2022-11-22,278.3490276469138,281.6528676912749,277.27526850722194,281.03338623046875,6746019,0.0,0.0
2022-11-23,282.4788540067165,282.4788540067165,278.7620173361109,280.6617431640625,8067471,0.0,0.0
2022-11-24,280.66175198764506,282.8918331184242,278.80333359391636,281.4464111328125,8454385,0.0,0.0
2022-11-25,281.65288102967787,282.39625881784985,279.00980363359594,281.07470703125,7200274,0.0,0.0
2022-11-28,280.8268565792947,282.2723043661323,279.7944050931731,280.8681640625,10284123,0.0,0.0
2022-11-29,280.82692817476186,284.95673517212254,280.82692817476186,282.7266540527344,10582296,0.0,0.0
2022-11-30,281.85935595842886,284.2546406719797,280.00093773220857,280.826904296875,23425220,0.0,0.0
2022-12-01,282.2310338897691,282.2310338897691,278.1838162038997,280.4552307128906,17270904,0.0,0.0
2022-12-02,280.29004166922135,281.4876971310472,278.14254951321044,278.4729309082031,8711914,0.0,0.0
2022-12-05,278.88589919678276,279.87706955208654,275.99502928900836,278.1425476074219,10090597,0.0,0.0
2022-12-06,275.9537548902143,279.34018388337773,275.9537548902143,278.5968322753906,6571118,0.0,0.0
2022-12-07,279.5879636603009,282.06583714281305,278.0599268457191,280.9095153808594,10191144,0.0,0.0
2022-12-08,280.9921003986574,282.6027259937334,278.7619933527383,279.50537109375,6439244,0.0,0.0
2022-12-09,280.62041282855523,282.89180119697886,279.1749910060446,281.9832458496094,8445424,0.0,0.0
2022-12-12,281.65286003696474,284.1307596357325,280.9095084813154,283.469970703125,11646572,0.0,0.0
2022-12-13,284.54374564177084,285.78268242151444,282.809223679283,285.4523010253906,11105261,0.0,0.0
2022-12-14,285.7827251494183,286.8977658001876,283.92430661338875,285.2871398925781,7664099,0.0,0.0
2022-12-15,284.7502646066627,285.8653052233285,279.1750353462136,279.8771057128906,8469001,0.0,0.0
2022-12-16,278.762012546044,279.9183605491572,273.64106151591244,276.77972412109375,12907968,0.0,0.0
2022-12-19,278.18379484570767,282.7678786461262,276.98616571590406,281.2398681640625,8113695,0.0,0.0
2022-12-20,280.86821685923945,281.6115684568815,278.1425507060231,280.9508056640625,5693354,0.0,0.0
2022-12-21,281.652891678751,281.85937679089994,276.284147877286,276.8210144042969,7316532,0.0,0.0
2022-12-22,277.23395834350976,278.67938003214726,272.48467077722,274.59088134765625,6838031,0.0,0.0
2022-12-23,273.3106884016703,274.1366550256779,268.7266037421143,269.8416442871094,10461859,0.0,0.0
2022-12-26,269.6764640453593,276.77975669054103,268.8505235263316,276.36676025390625,9934633,0.0,0.0
2022-12-27,277.19269381349454,277.85345662057523,272.69119810816125,275.1690979003906,6986433,0.0,0.0
2022-12-28,274.92129383990306,276.69709708202555,273.80622720019244,276.2015380859375,8035558,0.0,0.0
2022-12-29,276.1602090386157,277.3165569010839,273.8475133136792,276.9861755371094,8417520,0.0,0.0
2022-12-30,277.02744708326475,278.1425135966331,272.98025588438105,273.8475036621094,7228324,0.0,0.0
2023-01-02,273.31073020002987,275.8711930957798,272.27827830640354,274.9213562011719,6181118,0.0,0.0
2023-01-03,273.8062725577751,275.33430964354,272.77382072731143,273.47589111328125,6228015,0.0,0.0
2023-01-04,274.09529587176786,274.63216229648236,269.26341951799634,270.0893859863281,6947412,0.0,0.0
2023-01-05,271.45223693585825,275.7885284616498,271.08054807381785,275.4168395996094,8486143,0.0,0.0
2023-01-06,276.4493032448786,278.80330662983584,275.1277776917996,276.7384033203125,8603181,0.0,0.0
2023-01-09,278.30775312834186,281.90069367244115,277.64699027661214,279.21630859375,11027747,0.0,0.0
2023-01-10,279.09239021384553,279.5053865963529,274.67350954312764,275.3755798339844,7217255,0.0,0.0
2023-01-11,276.77970835225443,276.77970835225443,273.6410459258907,274.05401611328125,4760847,0.0,0.0
2023-01-12,275.3755672187192,275.5407448224612,270.9979680628125,272.4433898925781,6894087,0.0,0.0
2023-01-13,272.4433758617799,274.42569024440866,269.59381366137814,271.5348205566406,14967746,0.0,0.0
2023-01-16,272.8564097297577,274.38442049284765,270.5437136614806,272.7325134277344,8571826,0.0,0.0
2023-01-17,272.732475375347,275.4581412853304,271.8239200720192,274.4256896972656,14240647,0.0,0.0
2023-01-18,275.87115782063177,277.97736883807625,274.54963213079003,276.4080505371094,13039078,0.0,0.0
2023-01-19,275.87111972660165,277.23397889959773,273.93011277697354,274.3431091308594,8667564,0.0,0.0
2023-01-20,274.21926778561647,276.86234550701965,271.94787900404833,276.36676025390625,13608325,0.0,0.0
2023-01-23,277.5230231826006,279.2988523429268,275.08643133908396,278.96844482421875,7399204,0.0,0.0
2023-01-24,279.00979290572695,281.4463851037806,278.84461529945156,279.95965576171875,12776694,0.0,0.0
2023-01-25,279.9183584089669,281.652880400375,276.90359212553494,280.20745849609375,12978859,0.0,0.0
2023-01-27,282.313610230943,288.1366570138262,282.0658176643802,285.78265380859375,21850457,0.0,0.0
2023-01-30,286.52605636311534,290.5319667310704,282.3549422107496,284.7915344238281,14634225,0.0,0.0
2023-01-31,285.7827096716558,293.2163572360525,281.6942100555176,291.0275573730469,17794183,0.0,0.0
2023-02-01,291.56447014748824,302.0541662715992,271.82398870522036,298.5025329589844,67003785,0.0,0.0
2023-02-02,298.66769190565753,317.7474075810031,297.676547703515,312.70904541015625,57892084,0.0,0.0
2023-02-03,315.4347038656046,315.7237777677234,307.257679322767,314.4022521972656,23153980,0.0,0.0
2023-02-06,315.9302934201292,320.6382741400663,313.5349824805341,316.67364501953125,26783409,0.0,0.0
2023-02-07,317.0866418304203,317.0866418304203,304.32555785670064,308.2901611328125,21438758,0.0,0.0
2023-02-08,309.5290913583647,311.63530234613074,306.8860138388054,310.18988037109375,10821785,0.0,0.0
2023-02-09,308.90960377475056,313.86537687881804,307.38156697190806,309.1160888671875,12318006,0.0,0.0
2023-02-10,307.42289549933633,311.3461910554725,305.8535510997639,306.7208251953125,10674456,0.0,0.0
2023-02-13,308.0836239591265,309.8594270901421,305.60572442525455,309.07476806640625,10282470,0.0,0.0
2023-02-14,309.7355973927891,320.18401098988426,308.7031194861325,319.1928405761719,30246745,0.0,0.0
2023-02-15,320.4781768449944,321.4016217851001,317.79178430847446,320.85595703125,12679568,6.0,0.0
2023-02-16,320.6880273125074,323.41640413620297,319.84852470474647,321.1497497558594,10151755,0.0,0.0
2023-02-17,319.8904953577429,322.828741055192,318.3794013713562,321.8633117675781,7967611,0.0,0.0
2023-02-20,322.9546879209602,325.3052846255775,320.10038432075044,322.40899658203125,8105569,0.0,0.0
2023-02-21,323.20652694797917,323.96206065154666,320.43616575193863,320.89788818359375,8577674,0.0,0.0
2023-02-22,320.6880408252716,323.12257986608466,319.0090621451135,322.2411193847656,9306194,0.0,0.0
2023-02-23,322.74478297864596,330.76197494151535,321.6114425897609,325.3891906738281,19555814,0.0,0.0
2023-02-24,326.5645077421095,326.5645077421095,319.8485137168499,323.29046630859375,13407431,0.0,0.0
2023-02-27,323.29049611026613,324.71764796537934,317.41400412221884,320.85595703125,8455904,0.0,0.0
2023-02-28,321.1077513280003,322.57686075128794,314.8115224748693,316.2386474609375,16997837,0.0,0.0
2023-03-01,314.1819602445149,319.3448765254144,313.6362954673701,317.917724609375,8065784,0.0,0.0
2023-03-02,318.58931513515984,318.7991841560192,314.5597394738751,315.2733154296875,5212922,0.0,0.0
2023-03-03,316.49054096598246,323.5423309457619,315.73500724306933,323.16455078125,8495772,0.0,0.0
2023-03-06,323.9620778799033,329.50277396052957,323.41641314241326,325.8509521484375,11126980,0.0,0.0
2023-03-08,325.72501321339706,330.0484263258889,323.29047429863346,329.4187927246094,9261146,0.0,0.0
2023-03-09,329.1669887938517,330.42622947791915,323.7522192644157,325.3052978515625,10005328,0.0,0.0
2023-03-10,324.84360655706104,327.57195720003915,321.9473181177918,325.7250671386719,8684320,0.0,0.0
2023-03-13,326.7323898332363,328.15954154604185,321.1077784696601,322.07318115234375,9130473,0.0,0.0
2023-03-14,323.7941602979254,324.42376725249073,316.6584285700909,318.7571716308594,10623744,0.0,0.0
2023-03-15,319.8485234584673,322.61888471389494,317.3300422511081,318.5053405761719,8748113,0.0,0.0
2023-03-16,319.5127424430228,320.9818787200227,316.364627485881,320.226318359375,16315136,0.0,0.0
2023-03-17,323.20656662463193,323.20656662463193,310.32026818561775,315.2733154296875,50787703,0.0,0.0
2023-03-20,313.38439325220804,318.46333984958386,312.29303726156525,318.0016174316406,10512002,0.0,0.0
2023-03-21,318.00165648015326,318.00165648015326,314.0140387776578,316.4485778808594,12057999,0.0,0.0
2023-03-22,316.4485906178158,318.04365372668224,314.13997815169614,317.1202087402344,4958761,0.0,0.0
2023-03-23,316.4905454279664,321.3176655373776,314.3078599013099,319.5547180175781,10127917,0.0,0.0
2023-03-24,320.26832150494266,321.5275622401073,317.3300753854831,317.917724609375,10317108,0.0,0.0
2023-03-27,317.2880666567205,322.70283599148394,315.9448837369688,319.17694091796875,11232922,0.0,0.0
2023-03-28,319.1769745492156,320.9819067196904,317.45601127465636,318.7991943359375,9523719,0.0,0.0
2023-03-29,319.1769601490683,322.3670596848559,316.6164942736706,321.31768798828125,10551626,0.0,0.0
2023-03-31,320.6880250253946,322.78676822677375,319.00904642795757,321.947265625,9877493,0.0,0.0
2023-04-03,322.3670265271102,322.3670265271102,317.7497755734311,318.0855712890625,7331070,0.0,0.0
2023-04-05,318.0856095595966,324.9275312328671,318.0856095595966,324.3818664550781,12055499,0.0,0.0
2023-04-06,324.5916721790728,327.65581783263286,322.5348869910549,325.1793212890625,13394394,0.0,0.0
2023-04-10,325.1793194769324,327.4039891947738,322.9966075913583,326.18670654296875,7044256,0.0,0.0
2023-04-11,326.1867039479889,334.2038957924476,325.72498155396534,332.4409484863281,18939829,0.0,0.0
2023-04-12,333.9101112023239,333.95209564371703,329.1669601754004,330.38421630859375,10122932,0.0,0.0
2023-04-13,332.02125181138524,332.9446967142466,330.51015773342004,332.1051940917969,6292395,0.0,0.0
2023-04-17,329.83859597233095,337.4780093303229,329.83859597233095,335.9249572753906,11466474,0.0,0.0
2023-04-18,335.7990011265133,337.47797976938756,333.2804932530353,334.53973388671875,9860308,0.0,0.0
2023-04-19,332.4830096454216,336.93235007240105,332.4410251976923,334.7496643066406,10119480,0.0,0.0
2023-04-20,335.7990193411143,338.0236894439417,333.8681605394353,336.0508728027344,6924577,0.0,0.0
2023-04-21,336.0508698714704,343.3544871641832,335.00149819461507,342.724853515625,14801099,0.0,0.0
2023-04-24,344.1939867275371,344.1939867275371,339.3248819701276,343.1026306152344,6212135,0.0,0.0
2023-04-25,343.10259721867857,347.1741567634121,342.0112412126051,345.49517822265625,9180650,0.0,0.0
2023-04-26,345.87292911070205,346.712431677691,343.3964324563322,346.08282470703125,7914219,0.0,0.0
2023-04-27,346.04088799669665,350.40628598350224,345.03350074102445,349.2309875488281,13100076,0.0,0.0
2023-04-28,350.9099245244589,359.51476613463143,347.30008736382564,357.2481384277344,13208557,0.0,0.0
2023-05-02,357.6259320928701,358.4654081012991,353.59633018552336,356.32470703125,10648421,0.0,0.0
2023-05-03,355.94696141224307,359.72471024128765,354.30994046713886,358.59136962890625,7607609,0.0,0.0
2023-05-04,357.0382717097041,358.46539684287774,355.9469156844678,356.45062255859375,8292456,0.0,0.0
2023-05-05,357.58394314626037,362.57894772161086,356.2407602648026,359.9345397949219,12890455,0.0,0.0
2023-05-08,361.8233878281575,363.88014644389597,360.4382206045652,362.2011413574219,7522610,0.0,0.0
2023-05-09,363.33451927997135,363.62833056708234,353.8481901134796,355.7790222167969,10377820,0.0,0.0
2023-05-10,355.9049628239586,357.9197638931349,354.43585311887716,357.08026123046875,10130159,0.0,0.0
2023-05-11,358.6752776907943,358.80120440414595,351.66547260735814,352.9247131347656,16597954,0.0,0.0
2023-05-12,352.92472088152385,354.855552851783,349.2728993263859,352.9667053222656,11564770,0.0,0.0
2023-05-15,352.5889408216,359.89255764989645,351.79142265487985,359.13702392578125,9503538,0.0,0.0
2023-05-16,360.98391120139394,360.98391120139394,355.5271841877558,355.9049377441406,8302077,0.0,0.0
2023-05-17,356.07288506748245,360.1024607249822,354.7716598908181,358.9691467285156,9844782,0.0,0.0
2023-05-18,360.9839237326619,363.040682567462,350.99391424061633,352.33709716796875,24919291,0.0,0.0
2023-05-19,353.38645758005697,355.19138951321884,345.327280453651,352.4630126953125,26759905,0.0,0.0
2023-05-22,354.2259718716724,357.4160446310784,351.83339069600646,356.5765686035156,16015615,0.0,0.0
2023-05-23,357.6259471532527,361.99131836291735,356.11485302589,360.2703552246094,9068926,0.0,0.0
2023-05-24,359.5567823233287,364.9715518454359,358.4654262086875,363.92218017578125,11921823,0.0,0.0
2023-05-25,366.8184044789324,371.43562871411757,365.01347261947217,370.34429931640625,18905572,0.0,0.0
2023-05-26,372.233150853127,373.3664913098744,368.95913601863043,372.40106201171875,13496209,0.0,0.0
2023-05-29,373.57638433239805,379.2849650000539,372.8208239793013,377.018310546875,20589822,0.0,0.0
2023-05-30,378.5340810421522,387.5038840272775,378.5340810421522,386.1734313964844,19627897,9.5,0.0
2023-05-31,385.65842153341305,387.97598863487576,379.7786896234105,382.39666748046875,14821960,0.0,0.0
2023-06-01,383.6842103628602,383.6842103628602,376.8173641905987,377.418212890625,9142172,0.0,0.0
2023-06-02,377.67572763758034,381.8816685853723,377.5040449197469,380.5941162109375,9558309,0.0,0.0
2023-06-05,381.96745917563834,383.5554221471092,377.7615186370993,378.2336120605469,7427630,0.0,0.0
2023-06-06,378.36241367322003,380.76580856133046,378.01907543259387,380.0791320800781,6703067,0.0,0.0
2023-06-07,381.1090928986342,382.525373142299,380.0361508470345,381.0661926269531,7833952,0.0,0.0
2023-06-08,382.56831160941937,382.6112390860571,379.3065578855012,380.1649169921875,7294955,0.0,0.0
2023-06-09,373.5127150558858,381.7099867726844,373.5127150558858,376.34527587890625,7329661,0.0,0.0
2023-06-12,377.6757170059225,378.49114868429234,372.39683403052095,375.0577392578125,9054977,0.0,0.0
2023-06-13,378.5341041230648,383.16921127173345,376.21653694686665,382.31085205078125,16732376,0.0,0.0
2023-06-14,383.04040760452125,384.32793267131706,380.8945234252868,381.5382995605469,9039402,0.0,0.0
2023-06-15,381.9675125536211,385.18633921886635,381.7529295500169,384.62841796875,7787525,0.0,0.0
2023-06-16,385.40093181236045,391.0660810300958,384.45674481002595,388.9201965332031,12181426,0.0,0.0
2023-06-19,390.3364491318434,391.32356354688983,388.19056478835836,389.3493347167969,4350517,0.0,0.0
2023-06-20,390.37932999535724,390.37932999535724,386.3879994608957,388.70556640625,4644353,0.0,0.0
2023-06-21,387.97594935404305,389.86432306581673,382.0103902898175,383.7270812988281,6292873,0.0,0.0
2023-06-22,384.5425372089923,385.95884478597384,382.697090857317,384.24212646484375,6892713,0.0,0.0
2023-06-23,384.11336642917564,384.24212166183725,379.99328059518047,381.7528991699219,6325479,0.0,0.0
2023-06-26,383.59837410939156,387.460976969883,381.1091514318163,382.568359375,5688287,0.0,0.0
2023-06-27,382.9116733684778,383.8558602828028,380.3795233692762,382.0533142089844,5052984,0.0,0.0
2023-06-28,381.96750739402796,386.7742971877239,381.5383413926168,385.70135498046875,12548096,0.0,0.0
2023-06-30,386.2592797284209,387.933070675078,383.34086384041257,387.6326599121094,9456776,0.0,0.0
2023-07-03,387.6326586414976,399.95001675366007,386.30220594419177,397.6324768066406,11111199,0.0,0.0
2023-07-04,399.1345650454297,401.70964255111215,394.67114089487524,400.2933349609375,8022597,0.0,0.0
2023-07-05,400.2933594993313,412.5678446751099,398.5337407783372,407.803955078125,16878943,0.0,0.0
2023-07-06,409.73521112545217,409.7781386030594,403.8555068794989,406.7738952636719,9835812,0.0,0.0
2023-07-07,406.0014089058079,408.147293213273,401.3662748624045,402.052978515625,7605499,0.0,0.0
2023-07-10,403.42633094153337,404.1988623491033,398.0186926997213,399.8641662597656,6772454,0.0,0.0
2023-07-11,399.9929153943561,407.3318276357208,399.9929153943561,406.1301574707031,8783282,0.0,0.0
2023-07-12,410.0785810019085,410.0785810019085,403.81261058479845,405.40057373046875,12816220,0.0,0.0
2023-07-13,406.7739298418112,409.22025219887996,404.28470720721316,405.14306640625,8214385,0.0,0.0
2023-07-14,406.00144334517023,407.7181346145263,404.58513564282515,405.91558837890625,5277090,0.0,0.0
2023-07-17,407.2889551029162,408.404797590093,403.9413732339311,405.4434814453125,6325310,0.0,0.0
2023-07-18,405.61513206815613,407.0314124077616,404.28467948145015,405.57220458984375,5558415,0.0,0.0
2023-07-19,405.7868136998256,412.3961495805734,401.7954828864581,411.0227966308594,14401395,0.0,0.0
2023-07-20,411.92403489665855,423.76932589488507,408.83396371516045,422.4388732910156,21030102,0.0,0.0
2023-07-21,422.1384758137602,427.20277624896994,418.0183895780417,420.9797058105469,14510084,0.0,0.0
2023-07-24,423.55470269148583,428.9194404210098,401.8383501304543,404.5850830078125,40477929,0.0,0.0
2023-07-25,401.6237788744661,402.13879980516936,390.89435750965157,396.8170166015625,45211370,0.0,0.0
2023-07-26,399.0487678099579,406.0014422422148,396.6024453526449,405.357666015625,18842179,0.0,0.0
2023-07-27,407.203106248586,407.8468552185177,395.78698105932125,399.177490234375,14528232,0.0,0.0
2023-07-28,401.4521677172749,402.95427599280464,397.7612474481721,402.0959167480469,10362522,0.0,0.0
2023-07-31,402.5679733624371,403.16882205833537,397.847038754469,399.73541259765625,8510403,0.0,0.0
2023-08-01,399.99293585258584,402.4392309902516,398.1045619490417,398.9629211425781,6686176,0.0,0.0
2023-08-02,398.79125281075716,398.96293553714946,393.1261036919994,394.92864990234375,10715605,0.0,0.0
2023-08-03,394.92861065300184,398.0616092694034,389.9501657308603,391.4523010253906,11026824,0.0,0.0
2023-08-04,391.6668842384768,396.0444804861132,389.9072384807844,390.5080871582031,7097614,0.0,0.0
2023-08-07,389.77853349008217,391.8814903834742,387.07470068003323,390.4652099609375,9513953,0.0,0.0
2023-08-08,392.26775569479224,392.26775569479224,387.160528038295,388.2763977050781,6638681,0.0,0.0
2023-08-09,388.2763827929899,394.75696314088793,383.5983485127932,393.68402099609375,10134166,0.0,0.0
2023-08-10,393.89862551816555,394.2419637588224,385.4009156497953,387.7613830566406,13702317,0.0,0.0
2023-08-11,389.6068336069002,389.6068336069002,381.75290040770386,385.1863098144531,12028396,0.0,0.0
2023-08-14,385.18630510626537,387.3321893597199,382.01040620449373,385.57257080078125,7854074,0.0,0.0
2023-08-16,387.11759205167533,392.6110577135574,384.7141974241364,386.47381591796875,15494896,0.0,0.0
2023-08-17,386.25926638958845,386.25926638958845,377.6757289500683,378.5340881347656,16896158,0.0,0.0
2023-08-18,378.5340892680003,380.5512183960282,376.38820490169604,379.0920104980469,20068497,0.0,0.0
2023-08-21,379.392435101255,384.97172881651846,378.83448668712066,384.3708801269531,9940689,0.0,0.0
2023-08-22,385.400905386339,390.67978850377847,383.6842142287713,389.9072570800781,10234488,0.0,0.0
2023-08-23,391.0660623589204,391.10896263642394,385.0575751730007,386.6455383300781,8770272,0.0,0.0
2023-08-24,386.7742888396267,389.26351144228437,385.6584191748243,387.03179931640625,6322751,0.0,0.0
2023-08-25,387.03175786980785,387.117585618301,379.43530843320985,380.5511779785156,9628041,0.0,0.0
2023-08-28,381.96751283082983,383.5554760253628,378.53410315948867,378.87744140625,7176903,0.0,0.0
2023-08-29,380.2078578243325,381.1091172355908,376.9890314639849,377.76153564453125,9845106,0.0,0.0
2023-08-30,378.5340963953967,381.1091468019567,378.1049031918186,380.0791320800781,7648569,0.0,0.0
2023-08-31,380.25077367486637,381.88166426278127,374.3281416344115,377.418212890625,20666732,0.0,0.0
2023-09-01,377.67570592546565,381.9674743835826,376.21649812081193,378.57696533203125,11879159,0.0,0.0
2023-09-04,380.5512188793833,380.5512188793833,374.8002422414889,375.52984619140625,14128562,0.0,0.0
2023-09-05,376.73154710205716,381.5383368383768,376.388208864281,380.3366394042969,8701612,0.0,0.0
2023-09-06,381.06618810686894,384.9716905994724,379.3923974380785,384.0704040527344,13358433,0.0,0.0
2023-09-07,385.229212574637,385.40086807191096,381.62412068719937,382.739990234375,8401953,0.0,0.0
2023-09-08,384.456699370507,384.456699370507,379.26367147143907,379.9503479003906,10322317,0.0,0.0
2023-09-11,382.82588123110634,384.62842747263056,379.95039274132205,383.85589599609375,9679540,0.0,0.0
2023-09-12,385.3150671054277,389.9501739098533,382.4825063700108,387.2463684082031,14961276,0.0,0.0
2023-09-13,388.147619169723,392.26773215076497,387.2034322790102,389.26348876953125,12268130,0.0,0.0
2023-09-14,391.3235667416479,391.3235667416479,383.81297147813405,386.2163391113281,14986708,0.0,0.0
2023-09-15,384.58547658403967,388.0618136094338,383.68421711999105,384.8429870605469,15657801,0.0,0.0
2023-09-18,384.8429610100351,389.6926506435505,382.9974875224736,388.01885986328125,8513132,0.0,0.0
2023-09-20,387.7184701849169,390.6368587375678,385.8729965971384,388.7914123535156,10343224,0.0,0.0
2023-09-21,388.6626827680115,389.30643178942125,381.5383528272174,384.1134033203125,11132308,0.0,0.0
2023-09-22,384.1133872235612,384.88591866135266,379.607035447625,380.3366394042969,7795399,0.0,0.0
2023-09-25,380.33663337876266,381.79581406526216,376.2594476637083,379.9074401855469,6005673,0.0,0.0
2023-09-26,380.76580094782963,381.538332376587,377.4182191640011,379.7786865234375,5533023,0.0,0.0
2023-09-27,379.7786864629706,386.08758431524456,376.6457148790023,385.5296630859375,10894817,0.0,0.0
2023-09-28,386.21632194812275,386.21632194812275,377.3323741461521,378.3194885253906,10610213,0.0,0.0
2023-09-29,379.39245469202604,382.4825260540032,376.98905980966003,381.4524841308594,8474326,0.0,0.0
2023-10-03,378.5340933176777,380.1649567483239,377.0319579229584,377.4611511230469,7770032,0.0,0.0
2023-10-04,377.46112359689323,379.13491438660606,371.9247303066969,374.328125,13912656,0.0,0.0
2023-10-05,377.6757265216054,378.1048925093312,373.4268853097046,374.28521728515625,10416552,0.0,0.0
2023-10-06,375.8302893717635,380.76583472785967,374.80027457910154,379.5212097167969,8742804,0.0,0.0
2023-10-09,378.49117772859574,380.42247918035736,375.3152785260447,378.06201171875,5827256,0.0,0.0
2023-10-10,378.0620020104501,381.8387498520383,378.0620020104501,381.4524841308594,5207891,0.0,0.0
2023-10-11,383.85588493420624,385.78718636616406,381.7958282598694,384.7571716308594,7946195,0.0,0.0
2023-10-12,385.95884797824914,388.4051430421808,382.95460449328624,386.860107421875,12227957,0.0,0.0
2023-10-13,386.1305122393563,387.8043031329266,383.68421711999105,384.8429870605469,7926432,0.0,0.0
2023-10-16,384.54251235914415,387.117589674433,382.9974768514605,385.35797119140625,4377288,0.0,0.0
2023-10-17,386.08758228347983,390.12186771668456,385.40090581968064,389.2205810546875,7203352,0.0,0.0
2023-10-18,389.90727986406307,393.29778930443706,387.11764636860767,387.6755676269531,7160492,0.0,0.0
2023-10-19,386.04467887581023,390.4652027817204,383.5554563119322,386.60260009765625,9830006,0.0,0.0
2023-10-20,381.96749884790717,385.40090839355935,375.4010905101237,376.2165222167969,13521824,0.0,0.0
2023-10-23,375.9590097457904,377.632800630929,371.7530959964487,374.1564636230469,7555671,0.0,0.0
2023-10-25,375.0148212342857,375.9590081702813,366.56003908686273,371.40972900390625,11308597,0.0,0.0
2023-10-26,368.7059364802493,374.75732402155757,368.7059364802493,372.8260498046875,19525305,0.0,0.0
2023-10-27,372.8260255716831,374.92898237526947,370.98055203087665,372.3110046386719,13638258,0.0,0.0
2023-10-30,372.99769185716616,375.2294039584859,367.6759084759495,369.47845458984375,7911426,0.0,0.0
2023-10-31,369.09219117015067,371.9676794741852,367.28964504506666,367.71881103515625,8952141,0.0,0.0
2023-11-01,369.09219766402157,370.03638462181203,365.22959487034984,367.4613342285156,8297973,0.0,0.0
2023-11-02,369.13506734045535,371.4096794162283,367.93337009077,370.0792541503906,8465990,0.0,0.0
2023-11-03,371.49559741604463,372.86895038950234,370.03638947895035,371.8818359375,14334179,0.0,0.0
2023-11-06,372.0964512103112,374.9290121594388,371.2810194707497,373.68438720703125,7589690,0.0,0.0
2023-11-07,373.2981300796239,373.2981300796239,370.93763553590844,371.40972900390625,5321353,0.0,0.0
2023-11-08,371.79598534060756,375.5298327139069,371.0663814168752,375.0577392578125,7248663,0.0,0.0
2023-11-09,375.7873426930893,375.958998202141,372.43976102559816,372.8689270019531,8085620,0.0,0.0
2023-11-10,372.86894287880256,375.9590142105664,371.23807945474016,374.71441650390625,4236307,0.0,0.0
2023-11-13,376.3023389149238,376.3023389149238,373.3839504081949,374.2423095703125,3888975,0.0,0.0
2023-11-15,376.04486354266163,379.8216112907805,375.52984259383584,379.3495178222656,7722827,0.0,0.0
2023-11-16,379.349497918328,381.5383096322674,375.61565064270343,376.5169372558594,11276031,0.0,0.0
2023-11-17,377.03192138671875,378.96322259064704,376.21648975041495,377.03192138671875,6911592,0.0,0.0
2023-11-20,377.54696335478775,377.93322905786397,372.9547840084122,374.9289855957031,4502356,0.0,0.0
2023-11-21,375.22938283673597,377.07485632698126,373.81310251348316,374.4568786621094,6228803,0.0,0.0
2023-11-22,375.10067305032794,378.0190615906513,373.21227199044085,377.418212890625,5074887,0.0,0.0
2023-11-23,378.4911256402476,379.6069951974984,376.1735859800582,377.9761047363281,6611803,0.0,0.0
2023-11-24,378.53405583244916,379.6069979208294,374.97189136347384,375.7873229980469,7084608,0.0,0.0
2023-11-28,375.95897789207413,376.8173370021395,373.2981000157129,373.5985107421875,9082513,0.0,0.0
2023-11-29,374.24232415474165,376.38820854179903,372.6543610031265,375.2723388671875,14316126,0.0,0.0
2023-11-30,374.8431796444481,376.3452878610397,372.95480570231217,374.0706481933594,15710110,0.0,0.0
2023-12-01,375.87318455434155,387.074699876353,375.4440185618797,386.08758544921875,20081576,0.0,0.0
2023-12-04,390.5510579725975,391.752755460777,387.1176482365395,389.7356262207031,13293194,0.0,0.0
2023-12-05,390.55104366710236,392.95443855542743,386.3451026125334,387.7613830566406,12603697,0.0,0.0
2023-12-06,389.6068603446522,398.705419020116,388.06182464539677,397.6324768066406,21203900,0.0,0.0
2023-12-07,398.9199628127044,398.962890290366,392.6110653938614,393.2119140625,11746535,0.0,0.0
2023-12-08,394.7998770071899,396.2161846263528,384.97174185663044,385.5296630859375,19386851,0.0,0.0
2023-12-11,387.5467814518858,389.3493275315955,385.65840761706403,388.3622131347656,6854157,0.0,0.0
2023-12-12,389.8643835355376,394.8428290394338,388.276420302644,388.9201965332031,10549319,0.0,0.0
2023-12-13,391.66692673487756,393.8557114943193,388.92019351204266,391.1089782714844,11718443,0.0,0.0
2023-12-14,394.8428221410115,395.7011813655176,385.7871908104874,394.92864990234375,14924265,0.0,0.0
2023-12-15,396.47362823907736,397.3749148156606,390.55099669356895,393.2977294921875,16397959,0.0,0.0
2023-12-18,390.5510560880987,391.4094153189034,386.55969790653415,387.6755676269531,12490839,0.0,0.0
2023-12-19,389.1347414653695,393.1260720931,388.0188718428308,391.4952087402344,10664235,0.0,0.0
2023-12-20,393.98443362414525,394.19901661338577,385.6584068932969,387.11761474609375,10766954,0.0,0.0
2023-12-21,385.40089173377436,389.47807729462164,381.49538888446534,387.5038757324219,11584223,0.0,0.0
2023-12-22,388.8342554597867,391.3235048642219,386.73129891187114,390.72265625,11450973,0.0,0.0
2023-12-26,391.45231606874586,393.898611145563,390.29351894461826,391.795654296875,6097422,0.0,0.0
2023-12-27,392.26771839290313,393.55524345292497,389.4780580930857,392.3535461425781,7833901,0.0,0.0
2023-12-28,392.43937126686006,398.8770237276259,391.495184415579,398.3620300292969,21493169,0.0,0.0
2023-12-29,398.3620736168077,401.6238004767668,396.0015790266033,396.6453552246094,13384631,0.0,0.0
2024-01-01,397.8470301222474,403.3834235003086,397.1174262070781,401.7525329589844,9706230,0.0,0.0
2024-01-02,403.4263381690342,404.5851080974229,397.93287207365034,403.7267761230469,10924918,0.0,0.0
2024-01-03,403.6409269336043,412.6107301461247,402.86842270487585,409.6494140625,24961710,0.0,0.0
2024-01-04,412.00987104917436,413.25449592440776,407.03142595569284,408.9197998046875,12240910,0.0,0.0
2024-01-05,411.49486773368767,411.49486773368767,405.14304267730904,406.81683349609375,9564086,0.0,0.0
2024-01-08,407.71809516963697,408.1472883482497,398.7482923424567,399.5637512207031,8311403,0.0,0.0
2024-01-09,401.2804409887197,403.3834249883553,397.9757868226536,398.748291015625,5916180,0.0,0.0
2024-01-10,398.74829615510856,400.63669719235435,394.8857207330158,397.67535400390625,6123200,0.0,0.0
2024-01-11,398.3620565020552,400.4650133189814,395.7869790243903,397.117431640625,6786448,0.0,0.0
2024-01-12,397.6324644529848,401.45213970243634,395.1432418595045,400.5937805175781,9714589,0.0,0.0
2024-01-15,403.426328510034,403.8555216906725,400.0787468381923,401.36627197265625,7167978,0.0,0.0
2024-01-16,401.5379709667349,407.71811362572754,398.4908271181607,405.40057373046875,12531058,0.0,0.0
2024-01-17,404.6280512168097,409.43484103698813,399.306267632846,400.5079650878906,11536527,0.0,0.0
2024-01-18,399.349141029534,401.5808802693785,390.1647552149102,399.5637512207031,9495938,0.0,0.0
2024-01-19,402.1816836597356,406.0013583394424,400.3362103273759,404.71380615234375,12673308,0.0,0.0
2024-01-23,406.6450927222465,406.6450927222465,391.75266019083494,394.24188232421875,8728196,0.0,0.0
2024-01-24,394.9286178877544,401.1946152353453,393.2119267816324,397.932861328125,22459072,0.0,0.0
2024-01-25,397.88999716827067,399.09166744976585,388.0618342792077,391.1089782714844,20435547,0.0,0.0
2024-01-29,391.3235683388679,392.48233828149625,384.1133837986769,386.08758544921875,18557346,0.0,0.0
2024-01-30,383.68420026968823,389.43514944296885,375.4440014019763,376.0019226074219,45190319,0.0,0.0
2024-01-31,377.6757423653789,379.82162680148224,376.5598726652632,379.0061950683594,20648695,0.0,0.0
2024-02-01,379.3924128387767,384.32793009570554,377.07484597109624,380.1649169921875,19903526,0.0,0.0
2024-02-02,381.9674763724285,383.85585015123644,377.2465419254087,377.76153564453125,17816750,0.0,0.0
2024-02-05,379.39243172632115,380.8087120811852,374.71439748515684,376.0019226074219,12505666,0.0,0.0
2024-02-06,377.6757242063142,378.44822842023024,368.66299368578547,370.29388427734375,19487043,0.0,0.0
2024-02-07,373.3839399508634,373.3839399508634,369.7788478931724,370.63720703125,13376903,0.0,0.0
2024-02-08,373.8535172676072,373.9406548583127,356.07587448707574,361.2610168457031,50039587,6.25,0.0
2024-02-09,357.3830233416138,369.67052751049914,356.07584909868194,362.0888671875,33527317,0.0,0.0
2024-02-12,363.87536246137586,364.2675230445882,353.8536558100145,354.5508117675781,11326971,0.0,0.0
2024-02-13,354.5943737512555,357.99304337034437,351.4571445057712,354.4636535644531,16207766,0.0,0.0
2024-02-14,353.810073006866,359.2566552825192,352.4157335824784,358.6466369628906,12618012,0.0,0.0
2024-02-15,359.91022136351324,361.2609781597971,351.3264100788086,351.9800109863281,21169031,0.0,0.0
2024-02-16,352.93863534518886,356.9037408495518,348.0584884974271,352.5900573730469,38963810,0.0,0.0
2024-02-19,352.9385779137792,359.6923337151701,352.5899999983591,356.6422424316406,17602580,0.0,0.0
2024-02-20,357.68804696525905,357.68804696525905,352.3286021787309,353.897216796875,14626643,0.0,0.0
2024-02-21,354.6815166984585,357.3830304413687,349.714232381529,351.500732421875,20162369,0.0,0.0
2024-02-22,354.5943771137186,361.7838769804783,351.5878680265273,361.1738586425781,19321180,0.0,0.0
2024-02-23,362.43745298945976,362.43745298945976,357.73160904171374,358.51593017578125,11576964,0.0,0.0
2024-02-26,358.25450719886294,359.95384211966285,354.9429749478744,356.5987548828125,8289561,0.0,0.0
2024-02-27,357.29588340568495,359.69237410510254,356.03226415387263,358.29803466796875,8083518,0.0,0.0
2024-02-28,358.29802027340105,359.34378171395946,354.50721790803016,355.81439208984375,8949664,0.0,0.0
2024-02-29,356.42440777306143,358.21088006238347,352.50285763753504,354.07147216796875,15468800,0.0,0.0
2024-03-01,356.337315293301,360.04098051981117,355.11727854645085,356.86016845703125,12873024,0.0,0.0
2024-03-04,359.25666246476044,359.86668079658443,355.94513043216057,356.5115661621094,7103794,0.0,0.0
2024-03-05,356.9908877579181,358.5159474971022,352.0236031921604,353.9407958984375,10108373,0.0,0.0
2024-03-06,354.2457567606503,357.25226548806404,349.1913354908276,355.4222106933594,11534613,0.0,0.0
2024-03-07,355.422242231896,361.60956300525106,351.7621323177054,360.3895263671875,23907135,0.0,0.0
2024-03-11,363.22177159770035,364.5289458598365,355.55297357754284,356.77301025390625,18298683,0.0,0.0
2024-03-12,354.245792445932,354.245792445932,348.0148889968415,352.4593200683594,36226074,0.0,0.0
2024-03-13,379.08225632312536,381.69660509257994,367.01263623455105,368.1455078125,105525827,0.0,0.0
2024-03-14,367.70974101459535,370.80338754824123,364.2674889159415,365.70538330078125,31949569,0.0,0.0
2024-03-15,363.57038287805614,373.4613697646107,361.87104789588255,365.22613525390625,76074975,0.0,0.0
2024-03-18,365.13893424389084,366.6204111749259,363.3088793794741,363.7881774902344,16547358,0.0,0.0
2024-03-19,364.26749180614473,365.61824861989226,356.16297854254486,356.9037170410156,21803126,0.0,0.0
2024-03-20,357.2958991887677,363.09105972476596,356.9037386154801,362.26318359375,20364534,0.0,0.0
2024-03-21,365.13895628515684,367.75330475277406,362.69888298530844,367.0997314453125,19968509,0.0,0.0
2024-03-22,367.0997346711346,374.419927016119,367.0997346711346,373.5049133300781,40358503,0.0,0.0
2024-03-26,370.8469775031,374.0277893005211,370.8469775031,372.6770324707031,10669833,0.0,0.0
2024-03-27,372.1105664607041,373.7663462493522,371.6312683263577,372.9820251464844,12698464,0.0,0.0
2024-03-28,372.98202537113855,377.55714895063414,372.1105666848334,373.28704833984375,29009002,0.0,0.0
2024-04-01,373.94061930272346,375.90139442993103,371.02124791223844,371.8491516113281,9743648,0.0,0.0
2024-04-02,373.5920573017108,373.5920573017108,370.01911246222807,371.1084289550781,9194659,0.0,0.0
2024-04-03,371.23914520830874,373.679218545448,366.88187928309895,370.5419616699219,13152268,0.0,0.0
2024-04-04,370.8470255103089,372.4156403114754,365.9233233103204,368.4069519042969,19065447,0.0,0.0
2024-04-05,368.1890562257562,376.20643221522545,365.96684064487147,372.58990478515625,16768902,0.0,0.0
2024-04-08,373.24348736865613,375.94500116709133,372.76418920624536,373.9406433105469,8844633,0.0,0.0
2024-04-09,375.1171007216393,376.03211438370613,370.8469725212621,371.54412841796875,6967273,0.0,0.0
2024-04-10,373.24344743864197,381.52226312429957,371.0212320403527,380.7815246582031,14547618,0.0,0.0
2024-04-12,379.0822317625633,379.73583272202484,373.2434885876637,374.8121032714844,18785009,0.0,0.0
2024-04-15,372.9820631978144,373.9842421696475,368.5376593514713,371.1520080566406,9083087,0.0,0.0
2024-04-16,368.84265473222285,372.11060442312856,368.79909974576583,371.1520080566406,10357752,0.0,0.0
2024-04-18,371.23911220469597,372.02340563968835,363.9624754422312,365.0082092285156,22133191,0.0,0.0
2024-04-19,364.26751553828564,371.45701560681107,362.52462568029154,370.14984130859375,17221280,0.0,0.0
2024-04-22,372.11059990884166,372.6334806910874,368.9298154672141,370.629150390625,7386048,0.0,0.0
2024-04-23,370.62913183698697,375.1606729933093,370.45482904533475,374.0278015136719,12484384,0.0,0.0
2024-04-24,374.07135278062805,375.42210964113116,373.243476671,373.766357421875,6070285,0.0,0.0
2024-04-25,375.5964204369422,381.9580166930137,373.8535029761323,381.304443359375,30337038,0.0,0.0
2024-04-26,382.78588270732047,386.31527251993987,380.30225439111325,383.4394836425781,15342965,0.0,0.0
2024-04-29,385.18238148157155,385.5745144039112,378.7336205173507,381.870849609375,12075706,0.0,0.0
2024-04-30,383.3959603223565,383.87525854269387,379.1694139378657,379.6487121582031,12528665,0.0,0.0
2024-05-02,379.9536751869483,385.70525292282576,378.9514962957991,382.5680236816406,24123523,0.0,0.0
2024-05-03,383.4830821961626,383.4830821961626,375.9014215073461,380.3458251953125,23786388,0.0,0.0
2024-05-06,381.6965555614722,383.8316334777261,377.6443127327708,378.8643493652344,10753860,0.0,0.0
2024-05-07,380.73796727495403,388.6682055521619,379.2564902446458,383.7444763183594,26969062,0.0,0.0
2024-05-08,384.52883191122805,387.53534122419063,381.870900586258,384.31097412109375,10916481,0.0,0.0
2024-05-09,383.4830771249932,384.74666881049484,368.9298019173525,370.454833984375,24314298,0.0,0.0
2024-05-10,371.67482453548735,380.2586353621918,371.67482453548735,377.644287109375,14524604,0.0,0.0
2024-05-13,377.55719789702965,379.474418303003,374.2892481138932,376.3371887207031,7584217,0.0,0.0
2024-05-14,375.1606568754472,377.6007301404288,373.4613221101125,374.4635009765625,11423749,0.0,0.0
2024-05-15,375.37853574944563,377.55716877013117,371.8927284401261,372.8077697753906,7856433,0.0,0.0
2024-05-16,374.7249033866709,376.990673637984,368.5375832683046,375.9884948730469,23911954,0.0,0.0
2024-05-17,376.8164487683138,381.260852290136,373.7663570890688,380.2151184082031,11894830,0.0,0.0
2024-05-21,379.9536900005545,380.91228632724113,377.5136165803025,378.9079284667969,11175153,0.0,0.0
2024-05-22,381.1301403386556,385.13882840102065,379.4308054819888,383.35235595703125,11036895,0.0,0.0
2024-05-23,384.659488360078,387.7095797731359,380.4329429801562,384.61590576171875,27244733,0.0,0.0
2024-05-24,384.310951047624,385.5745427258716,379.34366668390487,380.1279602050781,13252938,0.0,0.0
2024-05-27,382.3937588680947,382.48089645524146,375.33497907481865,376.0321350097656,12282545,0.0,0.0
2024-05-28,376.5550602330938,376.9036382417265,373.19994511458566,373.8535461425781,9668761,0.0,0.0
2024-05-29,370.80342960528895,376.81647580985464,370.80342960528895,375.5528564453125,10832067,0.0,0.0
2024-05-30,373.417810468783,375.5528610140028,368.0583651839346,369.36553955078125,21314885,0.0,0.0
2024-05-31,371.8927270015866,374.3328003943377,369.7140939893284,371.63128662109375,29300711,0.0,0.0
2024-06-03,378.2107495176925,378.99507062030193,373.54848835957597,375.0299377441406,16116836,0.0,0.0
2024-06-04,378.0819920118962,378.34825137293643,357.5359728112726,368.4967956542969,47791986,7.5,0.0
2024-06-05,374.5319094827672,386.95715897011706,371.0262361922414,381.8983154296875,28197030,0.0,0.0
2024-06-06,386.95717084482885,388.46592707633255,382.6083333908019,386.4246520996094,32318523,0.0,0.0
2024-06-07,382.8745928945324,391.97162873664547,382.60833352183147,389.7528381347656,29543660,0.0,0.0
2024-06-10,390.50726048759805,391.3947824225192,386.82407117924964,387.7559509277344,11872688,0.0,0.0
2024-06-11,387.84467346968756,388.5546796761091,383.62896591110893,384.2945861816406,13158571,0.0,0.0
2024-06-12,382.1201976859324,385.53712730991356,381.80955237758644,383.67333984375,10751658,0.0,0.0
2024-06-13,387.7559089354638,387.7559089354638,381.4101826375395,381.8983154296875,9641349,0.0,0.0
2024-06-14,382.5195497709312,383.31829967753237,380.78889215733267,382.6526794433594,9572809,0.0,0.0
2024-06-18,384.29460735192566,385.3596448481991,380.0345417507453,380.5226745605469,14641141,0.0,0.0
2024-06-19,381.6320579972225,382.2976782837194,375.4638191590513,375.996337890625,11329972,0.0,0.0
2024-06-20,376.351347889539,378.5257525366393,374.08817136690516,375.6856994628906,15147549,0.0,0.0
2024-06-21,377.1944701000712,377.4607294610519,371.46997822289575,372.4018859863281,26176371,0.0,0.0
2024-06-24,372.7569026415791,376.26257601400545,372.7569026415791,375.6856994628906,9723008,0.0,0.0
2024-06-25,375.41944009223124,376.3069619517722,372.53502920868647,375.6856994628906,10655609,0.0,0.0
2024-06-26,375.41943732662446,378.43700600124004,374.5763014110614,376.2625732421875,11511714,0.0,0.0
2024-06-27,376.2625936563807,379.19141874299106,373.7331857724581,377.7270202636719,38438054,0.0,0.0
2024-06-28,377.63826458694405,379.85705537104633,375.86324883644613,377.10577392578125,18554411,0.0,0.0
2024-07-01,378.3482763390493,381.8539498161556,376.8838497566948,380.7889404296875,13391362,0.0,0.0
2024-07-02,381.6320482400805,382.2089247658896,375.0200345853231,377.6382141113281,11177863,0.0,0.0
2024-07-03,378.1707597480842,381.32143008834834,377.63824099221983,380.123291015625,7435499,0.0,0.0
2024-07-04,381.6320763766379,382.9633451417158,379.0138966576025,380.7889404296875,9478861,0.0,0.0
2024-07-05,380.7445568579234,385.1821381877556,379.5020318353326,384.87152099609375,13427543,0.0,0.0
2024-07-08,386.20276307915896,394.5454064017364,384.871494397807,393.7022705078125,21311436,0.0,0.0
2024-07-09,397.25236004414035,403.8199883358948,394.0573037136591,401.68994140625,27489709,0.0,0.0
2024-07-10,402.6662006020045,404.1306271806451,396.2760880434586,400.6693115234375,12065662,0.0,0.0
2024-07-11,399.38239433526815,407.81380990765183,398.22861309156133,407.0594177246094,19556596,0.0,0.0
2024-07-12,407.0594255817072,411.1420037598132,404.5743755491234,407.4144287109375,19693114,0.0,0.0
2024-07-15,407.41438116146935,413.9820086056492,405.7724672684323,411.27508544921875,16876907,0.0,0.0
2024-07-16,411.31947062570373,414.24829551887325,409.5000691316833,413.1832580566406,13497253,0.0,0.0
2024-07-18,410.9201136086524,417.9314884137471,410.60946830322706,417.3545837402344,21907158,0.0,0.0
2024-07-19,418.0202585325393,425.47540879743394,416.6002178558093,421.1709289550781,25939326,0.0,0.0
2024-07-22,421.2152745186909,425.51972582046176,413.4495078011498,414.0707702636719,18762384,0.0,0.0
2024-07-23,414.07078883419376,441.4506680930601,413.93765914854197,436.8355712890625,56125835,0.0,0.0
2024-07-24,440.20813578403585,453.210261927794,435.4599375014016,438.47747802734375,43693692,0.0,0.0
2024-07-25,434.8830418921205,440.20814495659073,430.13484351054876,434.83868408203125,18567567,0.0,0.0
2024-07-26,438.4774780631656,449.43830114712074,432.57549856626446,445.71075439453125,21534703,0.0,0.0
2024-07-29,448.6395936886127,449.26085622757836,438.4775196143826,440.2525634765625,12978187,0.0,0.0
2024-07-30,440.47441788326415,441.8056866583547,433.6849161895334,434.7943115234375,13891052,0.0,0.0
2024-07-31,437.057492794329,441.9388210644049,435.3268349298526,439.63128662109375,11982586,0.0,0.0
2024-08-01,440.1637284983504,440.8737628182259,435.7261476069811,438.1668395996094,12114803,0.0,0.0
2024-08-02,430.26800111466224,443.2701002450131,430.26800111466224,434.0843200683594,22141163,0.0,0.0
2024-08-05,426.0523205208682,436.5693983234633,425.60854546679894,431.3330383300781,25022076,0.0,0.0
2024-08-06,431.5548877403152,436.3918583538408,429.602356369564,431.5992736816406,14251363,0.0,0.0
2024-08-07,434.8830345877464,439.8531344481693,433.19676276137596,437.2349548339844,11320399,0.0,0.0
2024-08-08,438.4331345718136,441.98319394772153,437.1018376938733,439.0987548828125,21349889,0.0,0.0
2024-08-09,441.98320282176905,441.98320282176905,437.6343652317819,440.1194152832031,9556181,0.0,0.0
2024-08-12,436.65810276874254,443.7582217148487,436.65810276874254,438.96563720703125,9425644,0.0,0.0
2024-08-13,440.1637430579755,441.8500429794937,433.3298840108808,434.8830261230469,8056478,0.0,0.0
2024-08-14,436.61369785563306,442.87070869735584,434.7942963223527,436.8355712890625,9609981,0.0,0.0
2024-08-16,438.87691939201966,447.4858232645307,437.2350051859108,446.11016845703125,13643352,0.0,0.0
2024-08-19,447.97390175378985,452.01209380136623,443.40319097362044,445.04510498046875,10591508,0.0,0.0
2024-08-20,444.645738066525,446.7757849749655,441.7169411474016,442.6932067871094,6888634,0.0,0.0
2024-08-21,443.75819937308097,451.7458679452625,442.91506345507685,448.5508117675781,8801221,0.0,0.0
2024-08-22,450.72521402910553,451.3020905746001,445.0451079369473,447.7964172363281,8686423,0.0,0.0
2024-08-23,448.24020479089086,449.9264767710972,443.7138795067736,448.9058532714844,8195369,0.0,0.0
2024-08-26,449.08333702673025,450.85838087482534,445.5332774585128,448.81707763671875,8126402,0.0,0.0
2024-08-27,450.4589492663018,450.5033352031046,443.7581917194657,444.29071044921875,8260450,0.0,0.0
2024-08-28,444.11321976952377,445.79951979911414,440.65193221566744,441.3619384765625,8081932,0.0,0.0
2024-08-29,441.9832074702022,450.5921108617591,441.4063027627872,448.2845764160156,19389694,0.0,0.0
2024-08-30,445.48884633391174,451.8789866621518,443.93570422033514,445.4444885253906,15523349,0.0,0.0
2024-09-02,447.3082737169309,455.20717018302713,446.6870112489918,452.677734375,16497266,0.0,0.0
2024-09-03,452.67773713088366,457.91409626795934,450.76959190714877,452.1008605957031,12481552,0.0,0.0
2024-09-04,443.7582030567318,452.677751368125,443.71384524676586,449.3939514160156,8739052,0.0,0.0
2024-09-05,451.16895891780086,454.319657255503,450.0152058318567,453.6983947753906,11318636,0.0,0.0
2024-09-06,454.40845140363155,454.40845140363155,441.22883630394256,445.26702880859375,14245025,0.0,0.0
2024-09-09,445.5332646679885,454.98530397420916,444.06886619293823,454.1865539550781,14265060,0.0,0.0
2024-09-10,454.3196763029774,457.0709575777058,451.5239809612763,455.8284606933594,11332248,0.0,0.0
2024-09-11,455.29591008277583,461.06475973465473,454.3640023247519,456.4940490722656,15497555,0.0,0.0
2024-09-12,457.1597565673343,461.95234127279457,451.3465202280897,461.0648193359375,19085324,0.0,0.0
2024-09-13,461.06481208270264,461.5085589801638,454.40843985294913,456.05035400390625,9165077,0.0,0.0
2024-09-16,457.8697151318346,458.84598072220786,452.3671247017335,453.6096496582031,7821668,0.0,0.0
2024-09-17,453.56527143027444,455.78406201482926,449.30517775626555,450.636474609375,10889862,0.0,0.0
2024-09-18,450.72523863670733,454.76343093157726,448.2845745094767,450.2814636230469,5638729,0.0,0.0
2024-09-19,452.63337290269794,456.89346666395045,450.4145822727039,451.0802307128906,14461616,0.0,0.0
2024-09-20,454.4084053209533,459.15663177722325,450.8583460271267,456.5384521484375,24725118,0.0,0.0
2024-09-23,457.4703669208341,461.0204264871007,455.8284808966198,458.8016357421875,8105508,0.0,0.0
2024-09-24,458.8460194599906,459.5560257442093,456.3166115244718,457.2928771972656,7015487,0.0,0.0
2024-09-25,457.51473537232573,460.88730730174024,454.67468220228506,459.3341369628906,8802667,0.0,0.0
2024-09-26,459.4228959190351,464.836771186585,458.84601932926836,463.9492492675781,16086557,0.0,0.0
2024-09-27,461.730441478933,469.0524337523458,461.730441478933,463.90484619140625,17916386,0.0,0.0
2024-09-30,462.041012159613,465.369197801959,456.2277767371736,459.8666076660156,10936940,0.0,0.0
2024-10-01,459.8666441244711,461.28665660969307,456.1834550969594,458.135986328125,5285319,0.0,0.0
2024-10-03,451.3464911442906,457.6922177343659,450.9471020792447,455.0740661621094,16481353,0.0,0.0
2024-10-04,452.6333999628257,459.15667068272745,445.13389168557245,446.908935546875,18930962,0.0,0.0
2024-10-07,449.97085980040646,457.0266211371439,449.74898635096883,452.8109130859375,17114457,0.0,0.0
2024-10-08,452.63336638342724,454.8965429194943,449.08330705216247,450.81396484375,9868331,0.0,0.0
2024-10-09,452.4558677197935,452.4558677197935,435.37116365980967,436.3918151855469,24874940,0.0,0.0
2024-10-10,439.63128105582945,439.8975404359125,434.39492158878744,436.7024841308594,13292273,0.0,0.0
2024-10-11,437.5456162489988,438.38875219322694,432.57551620558445,433.2855224609375,14949380,0.0,0.0
2024-10-14,435.7705826929564,442.8707297967612,433.6849216890066,441.0513000488281,6970606,0.0,0.0
2024-10-15,441.98318067862937,443.2257056420901,438.8768682699775,442.4713134765625,8347216,0.0,0.0
2024-10-16,440.2081640936547,442.73760011362725,436.9687218016791,437.7231140136719,6939430,0.0,0.0
2024-10-17,439.3206155181232,439.3206155181232,433.10801882331054,433.9067687988281,7669729,0.0,0.0
2024-10-18,433.77365572961855,436.25870575391593,424.58787595548876,431.9542541503906,22616838,0.0,0.0
2024-10-21,431.95423781408044,432.7530159179544,423.65595210991864,429.247314453125,7680088,0.0,0.0
2024-10-22,429.2472911251276,433.46299859008997,426.71785539496267,427.6053771972656,12772970,0.0,0.0
2024-10-23,426.8954190593147,428.9366941192119,425.56415026999287,426.31854248046875,10553961,0.0,0.0
2024-10-24,427.7829319671288,428.1379350949523,417.13272562053703,418.6415100097656,13596626,0.0,0.0
2024-10-25,422.2803462228627,437.9893975946249,420.8603336004072,428.0492248535156,32154050,0.0,0.0
2024-10-28,427.73856969915084,431.24427148836685,422.4578521725881,429.69110107421875,8946214,0.0,0.0
2024-10-29,430.44547989302475,434.173055017219,427.1616797853139,433.06365966796875,7131161,0.0,0.0
2024-10-30,433.0636412897533,437.76748187143,431.7767303629288,436.2586975097656,6640080,0.0,0.0
2024-10-31,436.6581074335961,437.5456293433338,430.17922280768573,433.81805419921875,8111694,0.0,0.0
2024-11-01,435.7705544719371,436.74682006469067,434.26177014569237,435.1492919921875,1517892,0.0,0.0
2024-11-04,437.9449959595894,437.9449959595894,425.60851720016433,430.0904846191406,8754385,0.0,0.0
2024-11-05,428.6260890085853,430.48987661737266,423.3009855731891,426.1854248046875,7610046,0.0,0.0
2024-11-06,426.1853808967422,429.91295573028174,424.23284973478434,426.984130859375,11749720,0.0,0.0
2024-11-07,427.5610618759079,428.40419782708676,422.54657585220644,424.14410400390625,9267980,0.0,0.0
2024-11-08,424.14409199348466,426.62914196530926,421.21529515296464,424.2772216796875,6325023,0.0,0.0
2024-11-11,424.2772299880931,427.3391565747761,420.771556524025,423.30096435546875,5700343,0.0,0.0
2024-11-12,423.8778783496949,424.1884955450853,418.1533859891892,419.66217041015625,5236095,0.0,0.0
2024-11-13,417.1771207432275,421.30405680700125,415.57959256886795,419.08526611328125,11548660,0.0,0.0
2024-11-14,418.1977517730254,419.7508939310638,410.254469103816,413.53826904296875,12087836,0.0,0.0
2024-11-18,413.58263748083095,415.1801655090349,410.0325783212632,414.0707702636719,8448573,0.0,0.0
2024-11-19,415.35772747288905,420.46092929422525,413.8045570792864,414.78082275390625,7121472,0.0,0.0
2024-11-21,409.14507908254996,411.8520025055283,404.17497910804383,405.7281494140625,20313155,0.0,0.0
2024-11-22,404.8849760938828,422.90155996145944,404.26371361127775,421.2596740722656,20214206,0.0,0.0
2024-11-25,425.1203780003654,427.96043122898016,419.26278403833174,423.1678466796875,14427013,0.0,0.0
2024-11-26,426.0078743501634,428.35979460750633,420.7715432250395,423.3453369140625,6791715,0.0,0.0
2024-11-27,423.78909717178095,426.0966596925035,419.79529089140067,423.30096435546875,7339184,0.0,0.0
2024-11-28,423.3453549185364,429.3804644079403,417.6208626211006,421.4815673828125,14967609,0.0,0.0
2024-11-29,419.9727756769193,425.03161943508326,419.4402569251216,423.12347412109375,8668142,0.0,0.0
2024-12-02,422.45784823353785,425.38664526883133,420.15031373251634,423.5228576660156,5689595,0.0,0.0
2024-12-03,413.5826685185779,420.150296739833,410.69822941298054,419.3959045410156,23073942,0.0,0.0
2024-12-04,421.03778284596376,424.4103263564436,413.93763646943455,414.55889892578125,13957078,0.0,0.0
2024-12-05,414.9583263692382,419.57339521958045,410.4763590816044,414.9139404296875,27432375,0.0,0.0
2024-12-06,417.1327297650406,421.5259532874458,415.09145472778096,418.15338134765625,7842234,0.0,0.0
2024-12-09,418.4639618565727,418.9077368278381,410.8757108172056,412.6507263183594,12154116,0.0,0.0
2024-12-10,413.0057997049072,413.9820653621883,410.5651074337324,413.09454345703125,9163636,0.0,0.0
2024-12-11,414.6476805538857,415.5352024480384,412.4288898824899,412.9170227050781,7005617,0.0,0.0
2024-12-12,413.13890698990156,415.2689256931872,407.5031586682021,408.7900695800781,13380617,0.0,0.0
2024-12-13,408.2575584671943,421.0378115655174,400.84679442097826,417.1327209472656,32976794,0.0,0.0
2024-12-16,417.35459575232846,421.0378129462512,415.3577066901408,417.2214660644531,9354160,0.0,0.0
2024-12-17,417.1327264699478,422.2803140258282,410.96448733951416,416.73333740234375,20608409,0.0,0.0
2024-12-18,419.5290388678347,420.5053045175723,414.38142310888753,417.5765075683594,12841386,0.0,0.0
2024-12-19,416.24517481851433,420.99340109521216,412.9613750183089,414.0707702636719,15161531,0.0,0.0
2024-12-20,414.02640741203714,414.8695714730185,407.63629494293747,412.384521484375,20231570,0.0,0.0
2024-12-23,418.19777009680405,423.96662024396306,415.00268563723716,420.9046936035156,19562956,0.0,0.0
2024-12-24,421.4815623327857,426.22976080207064,419.48464513072406,424.6322326660156,12009880,0.0,0.0
2024-12-26,426.49602063096154,427.64980189132285,422.4578284116542,423.30096435546875,9188830,0.0,0.0
2024-12-27,425.78603247431005,427.6942060097115,422.4578463685404,424.765380859375,16906420,0.0,0.0
2024-12-30,426.67352277317383,427.2947852586601,422.457815059372,423.3453369140625,13578360,0.0,0.0
2024-12-31,424.6322177071176,430.1348363036615,421.1709021796047,429.247314453125,13787501,0.0,0.0
2025-01-01,431.3329818602233,432.08737403819936,427.9160522183077,429.5135803222656,18931186,0.0,0.0
2025-01-02,430.75611694752047,434.8830529409553,428.0491934724373,434.0399169921875,27131131,0.0,0.0
2025-01-03,435.1049437212856,435.7705921957735,425.8747776002328,427.4279479980469,38500784,0.0,0.0
2025-01-06,419.92534197219254,425.5937753688359,406.698978628043,407.9893493652344,22009958,0.0,0.0
2025-01-07,410.6161621050003,412.5517321310893,405.6850757448119,406.5606994628906,14294780,0.0,0.0
2025-01-08,408.31192319196157,416.65327289988676,402.8739144906199,414.3490295410156,13482926,0.0,0.0
2025-01-09,414.21078814534843,424.57988345002826,411.1230963623607,414.8559875488281,19732649,0.0,0.0
2025-01-10,414.71772931211405,416.60719760759747,407.8510728791192,410.0631408691406,9145729,0.0,0.0
2025-01-13,400.93834065834005,409.2336166719609,400.93834065834005,404.67120361328125,17799607,0.0,0.0
2025-01-14,406.468518001142,406.92936666100724,401.72178243012405,402.4130554199219,18048459,0.0,0.0
2025-01-15,402.4130665906223,407.2058759094838,401.2609449089771,403.1043395996094,9786805,0.0,0.0
2025-01-16,403.74953568775027,405.0399345529054,397.34375562074734,398.95672607421875,15774070,0.0,0.0
2025-01-17,399.09496873161544,407.20589448929087,398.63412003792996,405.731201171875,11270061,0.0,0.0
2025-01-20,404.6251362205085,406.65288163954455,401.86004417344355,403.42694091796875,8742771,0.0,0.0
2025-01-21,403.70347138071133,411.99874818990406,401.16880346679136,403.2886962890625,15686500,0.0,0.0
2025-01-22,405.45465494630946,407.34415137338146,402.36696322633964,402.78173828125,9619648,0.0,0.0
2025-01-23,400.9383635063573,407.2519962354426,400.10884148331786,405.731201171875,8888248,0.0,0.0
2025-01-24,404.99380003866463,410.1553106977586,404.6712003484769,407.02154541015625,9665384,0.0,0.0
2025-01-27,406.28420939984284,410.1553497951661,402.36699538494514,405.6390380859375,10480203,0.0,0.0
2025-01-28,405.5467997156879,407.2058435542465,400.4774647192418,401.35308837890625,20813072,0.0,0.0
2025-01-29,401.81396017503766,403.24257977791996,396.4220251969846,399.41754150390625,15158510,0.0,0.0
2025-01-30,399.0949602480921,403.70344708698457,397.66634057922397,402.0444030761719,22496695,0.0,0.0
2025-01-31,402.3209231243453,413.1047941706201,401.0305523642032,412.4595947265625,13546181,0.0,0.0
2025-02-01,412.92045953120305,434.580349707505,405.1321047910878,426.3311462402344,30393007,0.0,0.0
2025-02-03,425.8242034381593,428.77364640147414,416.88372730958895,418.7732238769531,16991730,0.0,0.0
2025-02-04,422.13740225440523,424.30339673436174,413.61170144468196,419.51055908203125,18923681,0.0,0.0
2025-02-05,419.5105361259467,420.1557355112139,411.53785980899255,413.05865478515625,12836283,0.0,0.0
2025-02-06,414.7638001060609,414.7638001060609,403.8877828211345,406.5606994628906,17469129,0.0,0.0
2025-02-07,405.5468681216365,410.616203973157,394.85517233647147,397.11334228515625,18875982,0.0,0.0
2025-02-10,393.5647947742935,399.37147721649563,393.1039460684688,393.7491455078125,12227140,0.0,0.0
2025-02-11,395.22378087499993,396.8367511087239,384.80861290271275,385.54595947265625,14288751,0.0,0.0
2025-02-12,386.80994975406657,387.4185038147077,381.61379694988227,383.76715087890625,13884574,6.5,0.0
2025-02-13,383.81395645691885,387.55893945511997,382.92451156606495,383.57989501953125,12989029,0.0,0.0
2025-02-14,385.4992173663877,389.6655227047761,382.3627881470121,384.0948486328125,14124236,0.0,0.0
2025-02-17,383.6735266720701,385.1715257026187,380.8179883419268,382.550048828125,11975265,0.0,0.0
2025-02-18,381.98828064755554,384.6565868517638,378.243297503952,379.4136047363281,12998403,0.0,0.0
2025-02-19,378.99226598682156,382.73724896523663,378.7114036922215,380.4902648925781,7079032,0.0,0.0
2025-02-20,374.45150926845105,378.1496629377972,370.940587610997,376.4176025390625,15355585,0.0,0.0
2025-02-21,376.41761935814907,377.54112576751635,373.7493416368229,375.3409423828125,8240986,0.0,0.0
2025-02-24,374.49832980990334,377.6815598988965,373.3280225292474,376.2771911621094,7037625,0.0,0.0
2025-02-25,376.3708172507043,381.05204632098673,374.96644852961964,379.03912353515625,15760891,0.0,0.0
2025-02-27,379.03910612899966,380.5839059368619,374.0301855394252,375.9963073730469,19051003,0.0,0.0
2025-02-28,373.5620607013944,376.8389208829856,367.1956009202271,369.81707763671875,31954776,0.0,0.0
2025-03-03,370.70656259549924,373.56210106205316,366.25939472571287,372.1109313964844,10702826,0.0,0.0
2025-03-04,370.19155946983375,371.8768189431307,367.80414426427035,369.6766357421875,13404774,0.0,0.0
2025-03-05,369.3489671413712,386.435452947024,369.3489671413712,379.2263488769531,15665018,0.0,0.0
2025-03-06,383.0649304920634,383.57988278105773,375.013211588438,379.83489990234375,17869996,0.0,0.0
2025-03-07,377.8219664714748,379.97534887092377,376.0899346663798,378.149658203125,11180761,0.0,0.0
2025-03-10,375.48135271072846,380.9115952921479,374.8727986777293,379.1795349121094,9785018,0.0,0.0
2025-03-11,375.9027032097249,382.36279376469145,375.6218408876654,380.3030700683594,11099475,0.0,0.0
2025-03-12,380.4903129094051,386.9504036480261,378.24332855318335,386.1077880859375,13844306,0.0,0.0
2025-03-13,386.66953531662665,387.98027378974945,382.17556667393245,385.78009033203125,8196569,0.0,0.0
2025-03-17,386.66952781576737,389.7123267634701,381.052052835393,381.9414978027344,5257805,0.0,0.0
2025-03-18,383.8607734546159,385.6864641717792,381.7542204295601,383.0181579589844,13861897,0.0,0.0
2025-03-19,383.8607709374216,384.56295527450226,376.9325578592833,377.3538513183594,12830387,0.0,0.0
2025-03-20,379.17954934766647,380.72434920469203,376.27718165061447,378.1965026855469,16994037,0.0,0.0
2025-03-21,380.06900971850354,381.5201793399715,376.08996490330134,379.6944885253906,25302035,0.0,0.0
2025-03-24,381.05201646627233,386.5290597637776,379.74127814367813,384.703369140625,14362572,0.0,0.0
2025-03-25,385.73324448631945,388.77604313821394,382.6436449762537,383.6734924316406,20338110,0.0,0.0
2025-03-26,384.1416074375026,384.9842514429551,380.34982370077415,381.37969970703125,13891436,0.0,0.0
2025-03-27,381.98825745938433,384.51613235664644,379.78807428168614,383.3458251953125,18642328,0.0,0.0
2025-03-28,384.70338591875066,389.10375252075136,382.12871001952664,383.626708984375,12981873,0.0,0.0
2025-04-01,383.67353391685737,387.9802704965241,379.74131853086607,380.724365234375,15206240,0.0,0.0
2025-04-02,381.0988219723193,383.8607583698592,380.1625762201977,382.9713134765625,8001323,0.0,0.0
2025-04-03,381.09882796400086,384.0480249871138,380.77116480316903,383.29901123046875,7059566,0.0,0.0
2025-04-04,381.52014294173955,386.4822339855749,378.7114056930887,383.57989501953125,18627592,0.0,0.0
2025-04-07,365.2762657499408,382.08188802784315,365.2762657499408,380.1625671386719,26762866,0.0,0.0
2025-04-08,385.6396149281719,389.29096760296807,381.28607794776286,386.2481689453125,18600796,0.0,0.0
2025-04-09,386.66949469252165,392.3337700503985,385.0310646302652,389.75909423828125,21785572,0.0,0.0
2025-04-11,393.2232079835811,395.51702145893296,390.4144707836984,394.67437744140625,8939356,0.0,0.0
2025-04-15,401.8366972313636,401.8366972313636,392.2869789172459,393.59771728515625,11685880,0.0,0.0
2025-04-16,391.35075980822495,398.8875273661801,391.35075980822495,397.3895568847656,13034594,0.0,0.0
2025-04-17,397.90449415891055,400.57280059883806,394.67443448342624,400.01104736328125,22410217,0.0,0.0
2025-04-21,400.76000152305585,401.7430767519647,394.6276029884348,395.89154052734375,27388236,0.0,0.0
2025-04-22,398.7939022404639,407.0796545529523,396.5468895062768,405.9561767578125,32031936,0.0,0.0
2025-04-23,408.39042088422286,409.5607281098517,401.5090086831345,403.3815002441406,19566317,0.0,0.0
2025-04-24,404.317736314244,408.2499513547456,401.9302924881275,402.6324768066406,26064089,0.0,0.0
2025-04-25,402.63249298157206,405.11356719755287,396.3128338610747,400.52593994140625,22944377,0.0,0.0
2025-04-28,399.4492659595311,403.05381801388353,397.6704046490059,401.4621887207031,6287095,0.0,0.0
2025-04-29,401.5558052623093,402.21118873045583,397.90445247166593,398.8406982421875,11189930,0.0,0.0
2025-04-30,400.1514719800394,401.93033338689156,395.0957500866863,398.6534729003906,10026546,0.0,0.0
2025-05-02,397.06183232395665,403.990045229964,397.06183232395665,402.1175537109375,9263372,0.0,0.0
2025-05-05,402.8197624517931,410.5437904360518,401.9771469315377,409.0926208496094,11525305,0.0,0.0
2025-05-06,409.60755115118997,411.6204739738847,405.3944449107777,407.7818603515625,15026568,0.0,0.0
2025-05-07,405.76890647461266,407.2669054042834,402.30481430744925,403.662353515625,9710361,0.0,0.0
2025-05-08,401.6494314878609,403.9900458904708,396.54688066139005,403.1474304199219,19937960,0.0,0.0
2025-05-09,398.7939183424925,401.7898878224534,396.031981745509,396.5469055175781,8226512,0.0,0.0
2025-05-12,402.1175715800131,408.3904298762828,400.85363403411344,407.73504638671875,8031891,0.0,0.0
2025-05-13,407.1733194186355,410.0288864391506,398.2321828708248,400.6195983886719,14976369,0.0,0.0
2025-05-14,399.8705809376595,404.3177484214116,398.74707456561424,401.7430725097656,9557309,0.0,0.0
2025-05-15,401.7430807633696,407.64141790790075,398.8407130525867,405.0667419433594,24263510,0.0,0.0
2025-05-16,407.17328847071144,408.3904251412249,404.5518116867584,407.92230224609375,16402035,0.0,0.0
2025-05-19,407.266912756039,410.54377297361634,405.0667294669892,407.5946044921875,7543854,0.0,0.0
2025-05-20,409.13940063587995,412.69712312567145,405.30078727250276,407.17327880859375,9868414,0.0,0.0
2025-05-21,408.7649303606408,410.2629293856914,404.4581938781033,405.3944396972656,5776672,0.0,0.0
2025-05-22,405.3944162358384,405.3944162358384,395.9383282951614,398.934326171875,19451749,0.0,0.0
2025-05-23,406.3306853522196,411.01191444613914,401.6494562583,408.4840393066406,18536884,0.0,0.0
2025-05-26,410.3097014858526,415.27179255079653,408.90533285555307,414.6632385253906,13107662,0.0,0.0
2025-05-27,414.6632418792466,415.88037851185567,403.38149188670627,406.2370300292969,26986022,0.0,0.0
2025-05-28,398.2753781298962,402.9475037342144,393.79393430833676,400.65911865234375,431851622,7.85,0.0
2025-05-29,402.37538231693094,403.1381676108757,397.22650883681956,399.2765197753906,21478547,0.0,0.0
2025-05-30,399.61025828083166,400.5160622005545,397.03580693342064,398.60906982421875,30656239,0.0,0.0
2025-06-02,398.8474376645607,400.8974777159352,395.2718270145734,399.8009338378906,14973380,0.0,0.0
2025-06-03,399.5149278857097,402.0893793944988,396.32070963544066,397.5602722167969,13216486,0.0,0.0
2025-06-04,397.7509287646849,399.5149025311001,396.60675079881145,397.60791015625,12598933,0.0,0.0
2025-06-05,399.0381564747108,401.37423378518696,396.4160419459044,399.6102600097656,13212523,0.0,0.0
2025-06-06,400.7544518057209,401.7079480309055,399.5149183523392,401.4695739746094,8774988,0.0,0.0
2025-06-09,402.375397024289,403.9009967663349,400.94515272206996,403.3765563964844,10473123,0.0,0.0
2025-06-10,404.75914276623337,408.62079079284285,403.3765616168375,407.14288330078125,13041075,0.0,0.0
2025-06-11,408.0963712404173,408.1917266795449,405.09286404746234,406.3323974609375,20789182,0.0,0.0
2025-06-12,407.14288279336307,407.3335936752473,400.03932436990533,401.4219055175781,18508835,0.0,0.0
2025-06-13,395.70092072544685,399.8486349912841,394.27067643366814,394.6520690917969,17873926,0.0,0.0
2025-06-16,395.65324319318955,399.4195355657901,394.0322880819885,398.7521057128906,7006629,0.0,0.0
2025-06-17,398.65677784510535,399.5625818006199,396.3683927227586,397.98931884765625,9028406,0.0,0.0
2025-06-18,397.6079031209599,398.99048420762057,395.60555534311806,396.5590515136719,8036215,0.0,0.0
2025-06-19,396.3206894558478,398.799785393935,395.51021186668925,396.6544189453125,12601006,0.0,0.0
2025-06-20,396.6544118043789,399.9916484421562,396.6544118043789,399.0858154296875,13203184,0.0,0.0
2025-06-23,397.60791311448514,398.08466121174473,392.6020580932596,394.6520690917969,14839890,0.0,0.0
2025-06-24,397.5125498490303,401.0881605080796,394.5090427151077,395.0811462402344,16690068,0.0,0.0
2025-06-25,397.035822351589,398.7044407456806,395.7962888981935,396.9881591796875,9946718,0.0,0.0
2025-06-26,397.7986102268212,401.32652856542074,396.89277723401676,400.7544250488281,13703918,0.0,0.0
2025-06-27,401.4218740876709,402.3753702256464,398.3706748067923,399.18115234375,21409935,0.0,0.0
2025-06-30,400.27768502039476,401.1835180314217,396.46370029757674,397.08349609375,12317124,0.0,0.0
2025-07-01,397.60790154563335,399.3718752738479,395.6055537757248,395.7962646484375,13670465,0.0,0.0
2025-07-02,397.5125694765953,397.5125694765953,392.55440657693595,393.74627685546875,15990899,0.0,0.0
2025-07-03,394.7474217316605,396.65441410717574,392.125307215327,394.1276550292969,14185298,0.0,0.0
2025-07-04,395.60555949045533,395.70091492818915,392.60205234140216,393.3648376464844,8256733,0.0,0.0
2025-07-07,393.79391720822565,397.79861275139564,392.8404210406513,396.79742431640625,6845218,0.0,0.0
2025-07-08,396.7974260625579,398.6567552368677,395.3671818049024,397.7986145019531,6807192,0.0,0.0
2025-07-09,396.84513753591426,400.7544487506528,396.13001537247743,399.9440002441406,9930533,0.0,0.0
2025-07-10,400.75444928229246,400.75444928229246,397.0358198471668,397.46490478515625,6220360,0.0,0.0
2025-07-11,397.6079166905238,398.6090760644153,396.1776723858816,397.4172058105469,8578844,0.0,0.0
2025-07-14,397.6555490287378,400.42071108202924,397.1788009641555,399.8962707519531,6896989,0.0,0.0
2025-07-15,401.3265266149538,402.75677085028747,399.5148897365432,402.4707336425781,8532755,0.0,0.0
2025-07-16,402.4707213505022,405.6649391982031,400.7544108614845,404.8544616699219,9780773,0.0,0.0
2025-07-17,405.99865531946784,406.0940107556235,403.3288776974709,404.2347106933594,7240795,0.0,0.0
2025-07-18,405.4265924462953,405.4265924462953,400.56375604779373,403.09051513671875,6730256,0.0,0.0
2025-07-21,402.3753881438521,403.09051027917883,398.9427960746048,400.5637512207031,4822343,0.0,0.0
2025-07-22,400.5637591824813,400.8497964029397,395.8916336251602,396.6544189453125,9869507,0.0,0.0
2025-07-23,397.7032702848046,398.46605560438246,394.74742624924966,395.65325927734375,12196187,0.0,0.0
2025-07-24,396.5113943772586,396.5113943772586,390.4090246125477,390.8857727050781,9005157,0.0,0.0
2025-07-25,390.93343164953177,391.1718056932205,388.7880652563331,390.361328125,5824089,0.0,0.0
2025-07-28,391.69621446262005,391.74390673009134,389.5985403505162,390.83807373046875,8123337,0.0,0.0
2025-07-29,390.9334127310859,392.2683014914648,389.02642047386115,389.45550537109375,6811772,0.0,0.0
2025-07-30,389.979938885481,390.26597610105154,386.8810762904252,388.6450500488281,10915863,0.0,0.0
2025-07-31,387.07180823457605,394.7474412869076,386.6903864618624,392.79278564453125,19364174,0.0,0.0
2025-08-01,393.22181910286025,399.8486291981142,392.6497155747587,397.08349609375,14324065,0.0,0.0
2025-08-04,400.6591229390907,402.85215260384814,395.79628640159,397.46490478515625,18352458,0.0,0.0
2025-08-05,397.798622737676,398.5137448813091,393.7939270939727,394.89044189453125,8495104,0.0,0.0
2025-08-06,394.8904345378628,395.700912105227,391.4101793233631,392.8404235839844,9080543,0.0,0.0
2025-08-07,392.84042811675334,395.4625426248142,392.5066986324122,394.36602783203125,11514878,0.0,0.0
2025-08-08,394.6520785787631,396.03465973340934,393.74627463123227,395.22418212890625,9814361,0.0,0.0
2025-08-11,395.22418285040254,397.6079233983543,394.74743474081214,397.46490478515625,8514272,0.0,0.0
2025-08-12,397.6079259063852,400.2777036975735,395.9869706841952,396.9881591796875,13635738,0.0,0.0
2025-08-13,397.79861741128474,398.08465462555023,394.3660253481281,394.8427734375,10874910,0.0,0.0
2025-08-14,394.98578714952254,395.7485724437067,391.8869246070097,392.3160095214844,9580361,0.0,0.0
2025-08-18,393.79392311853456,394.4613820852118,386.02293505585004,387.4054870605469,30950814,0.0,0.0
2025-08-19,387.45320272429717,390.36135461529216,385.68922886161675,390.0753173828125,16681331,0.0,0.0
2025-08-20,390.07529508093324,391.17180987394187,386.5950398255606,387.1671142578125,18188129,0.0,0.0
2025-08-21,387.16711674788274,387.9299311597819,384.59269449100873,386.69036865234375,15028966,0.0,0.0
2025-08-22,387.1194592741643,387.5962073767187,379.0147415307397,379.77752685546875,13087624,0.0,0.0
2025-08-25,380.44498754804886,381.92289503325094,377.82287297221643,380.7787170410156,10440286,0.0,0.0
2025-08-26,380.7310049784415,386.5473373730478,379.87286425427845,384.5926818847656,13715752,0.0,0.0
2025-08-28,385.6892144680879,385.6892144680879,381.39848155064317,382.2566223144531,12471719,0.0,0.0
2025-08-29,383.3054728016321,391.3625273394323,383.21011736185324,390.695068359375,25255050,0.0,0.0
2025-09-01,390.69506980769,391.12415473908817,386.1659628361549,386.9764404296875,12268090,0.0,0.0
2025-09-02,387.6438838396435,388.88344640782555,385.6415650189729,387.8345947265625,19808255,0.0,0.0
2025-09-03,389.50321848347613,394.0323256751445,388.35901134306454,392.6020812988281,12936588,0.0,0.0
2025-09-04,404.2347131456668,407.1428648264985,395.7009107798522,396.5590515136719,27274123,0.0,0.0
2025-09-05,397.5125541844266,397.60790962272006,385.59385185760647,388.40667724609375,16000675,0.0,0.0
2025-09-08,388.5020552463618,391.4578703163545,387.88225941065747,388.5973815917969,7419022,0.0,0.0
2025-09-09,389.5032021316832,391.8392794876205,388.4543504800707,390.9811096191406,8825896,0.0,0.0
2025-09-10,391.8869277335158,394.46137904411546,389.9322722150785,393.8415832519531,9252397,0.0,0.0
2025-09-11,393.8416037431192,397.32188823995943,393.26952928734954,395.74859619140625,8274406,0.0,0.0
2025-09-12,396.0346635028067,397.65558962884535,393.65092293651844,394.5090637207031,7803379,0.0,0.0
2025-09-15,393.8415671951324,395.0334373647078,392.60203385813116,393.4601745605469,5707331,0.0,0.0
2025-09-16,393.98463766531836,395.0811524650244,392.84043059703714,393.8892822265625,8239087,0.0,0.0
2025-09-17,394.6997719127026,395.31953863603036,389.0741209359244,390.2659912109375,14113882,0.0,0.0
2025-09-18,392.22066465605855,393.84159072448466,391.02879441527705,392.4113464355469,15647808,0.0,0.0
2025-09-19,392.4113634471354,393.4125519518315,389.9322965175544,391.55322265625,19505321,0.0,0.0
2025-09-22,391.5532176336283,391.8869471309128,387.16712919399254,388.0252990722656,8930779,0.0,0.0
2025-09-23,388.16830584530703,389.1218020379517,383.4008248820839,384.4496765136719,14936357,0.0,0.0
2025-09-24,384.4496930997698,385.83224517971445,382.06595251531786,382.35198974609375,12380865,0.0,0.0
2025-09-25,382.7810611389299,384.2589686096089,379.4914876094897,381.49383544921875,22006368,0.0,0.0
2025-09-26,381.4938409525902,387.02410735314936,381.2077746294194,386.2613220214844,14414044,0.0,0.0
2025-09-29,387.97758033993085,389.02643193197514,384.44966201919163,388.3113098144531,19717660,0.0,0.0
2025-09-30,387.83459589952565,387.83459589952565,381.77988895148263,382.87640380859375,9465490,0.0,0.0
2025-10-01,383.6392049522153,387.1194602903188,381.16010899274613,386.7380676269531,17643039,0.0,0.0
2025-10-03,386.0706081822361,386.6427117258004,383.5915122257209,385.4985046386719,16987141,0.0,0.0
2025-10-06,384.25895278749806,385.1170935125061,381.20775343369894,382.11358642578125,13989077,0.0,0.0
2025-10-07,383.78224573811093,383.8776011840606,380.92175695000077,381.2077941894531,12298968,0.0,0.0
2025-10-08,381.3984692581301,383.0670875611344,379.4914769118394,381.16009521484375,8402463,0.0,0.0
2025-10-09,380.4449903284688,382.73337542805876,380.3973271570088,381.3031311035156,15656267,0.0,0.0
2025-10-10,381.82754463251206,385.0694257205041,380.9217116513056,384.0682373046875,15085738,0.0,0.0
2025-10-13,381.3984717438948,382.3043047536442,380.0158906444655,380.683349609375,9508594,0.0,0.0
2025-10-14,381.3984895951822,382.20896720525104,377.7752155833861,378.3472900390625,10291102,0.0,0.0
2025-10-15,379.49149411210675,382.20896414841775,378.7763719498352,381.3031311035156,16043867,0.0,0.0
2025-10-16,382.35195675188714,387.11943750939196,380.9693756928534,386.3089599609375,22962049,0.0,0.0
2025-10-17,386.49969684539326,394.6044146786696,386.4043414041463,392.98345947265625,21071344,0.0,0.0
2025-10-20,393.3648351646861,395.5578938251509,392.17296494651845,393.8415832519531,13083621,0.0,0.0
2025-10-21,394.27067613010945,394.6997610566706,393.1741613269356,393.6509094238281,1142130,0.0,0.0
2025-10-23,396.65441365825745,400.89748332833454,394.3183363615374,396.60675048828125,24305990,0.0,0.0
2025-10-24,396.6067573166322,398.5137497228218,394.22301680889524,397.4172058105469,14935678,0.0,0.0
2025-10-27,397.60791001997336,403.0428499257912,397.22651736481293,401.0881652832031,11603679,0.0,0.0
2025-10-28,400.9451604443985,402.04167527754,396.559072013437,398.466064453125,17163147,0.0,0.0
2025-10-29,398.7521371748908,402.56612211545064,396.7020969906232,401.9940185546875,11470661,0.0,0.0
2025-10-30,401.9939896699586,402.08934510630013,396.7974239224796,399.2765197753906,12938674,0.0,0.0
2025-10-31,400.9451426303807,406.5707642578344,398.7521130615341,400.8021240234375,18599864,0.0,0.0
2025-11-03,400.42074533071906,402.041671429904,394.07997225072296,394.69976806640625,7635440,0.0,0.0
2025-11-04,394.7474188614159,395.22416695182824,389.36017125943533,389.88458251953125,10085404,0.0,0.0
2025-11-06,390.9334537061446,394.0799796210065,387.64388007828336,388.5497131347656,10095563,0.0,0.0
2025-11-07,387.1671242550703,390.0753051532848,384.3543278958865,385.2601318359375,8411611,0.0,0.0
2025-11-10,385.26012436572665,388.1683052075514,384.8787317089743,386.69036865234375,6650003,0.0,0.0
2025-11-11,387.11945405752516,389.07410961230016,385.7845652080402,387.929931640625,12005318,0.0,0.0
2025-11-12,389.0264331714527,389.1217886071048,386.6903559407471,388.07293701171875,7987236,0.0,0.0
2025-11-13,388.0729379121885,388.5496859931617,385.6891975073225,386.8334045410156,6617185,0.0,0.0
2025-11-14,385.87991971501265,389.74156764498133,381.49383142153096,389.1694641113281,64020258,0.0,0.0
2025-11-17,390.69506352506284,392.8404299507648,387.1194528155595,388.1683044433594,7855399,0.0,0.0
2025-11-18,389.26482550088946,390.74273297855876,385.73687790475674,386.9764404296875,7661681,0.0,0.0
2025-11-19,386.0229487699935,386.6903786619881,384.06826406864894,384.78338623046875,7882450,0.0,0.0
2025-11-20,384.78336574606783,388.07293915467255,384.49732853592553,386.59503173828125,6693410,0.0,0.0
2025-11-21,386.1659529187517,389.5031895489138,385.8799157040955,388.8834228515625,5808131,0.0,0.0
2025-11-24,389.40784869658233,389.78924136320717,384.1159563384741,384.78338623046875,11037491,0.0,0.0
2025-11-25,384.7834000881633,385.6892331651161,381.49385548435896,382.1612854003906,8199785,0.0,0.0
2025-11-26,382.3519887554517,385.16481427717554,382.3043255832445,383.5915222167969,11443953,0.0,0.0
2025-11-27,384.7357193128495,387.07179665807234,383.40083044346284,385.4985046386719,8679529,0.0,0.0
2025-11-28,385.4984993519528,386.1659583266901,383.782217843192,385.4508361816406,6883500,0.0,0.0
2025-12-01,384.0682550618539,386.6427064233897,379.6821958509331,385.4508361816406,13442658,0.0,0.0
2025-12-02,385.45084717768543,386.64271745343586,381.8752363504342,382.3043212890625,8093808,0.0,0.0
2025-12-03,383.01942065902773,383.49616874095415,380.3019507723685,381.8752136230469,10772192,0.0,0.0
2025-12-04,381.493813935015,384.7833581805478,380.49262552241476,384.3066101074219,8057989,0.0,0.0
2025-12-05,384.3066201289768,386.49967878158014,383.3054607886625,386.1182861328125,4419747,0.0,0.0
2025-12-08,386.11831050848593,386.40434773852076,381.92290381200377,383.5915222167969,6056866,0.0,0.0
2025-12-09,383.305460687225,385.68920111438433,381.39846834549746,382.3996276855469,9426717,0.0,0.0
2025-12-10,382.447322017598,385.5938477590759,382.35196658031816,384.4019775390625,6969146,0.0,0.0
2025-12-11,384.40200931761535,385.2124869539056,382.4473536345593,384.16363525390625,6980147,0.0,0.0
2025-12-12,384.1636131699276,385.21246480963276,381.2554613992128,381.49383544921875,12407516,0.0,0.0
2025-12-15,381.49384796695153,384.5927107187102,380.9217444084862,383.5915222167969,7756564,0.0,0.0
2025-12-16,382.7333428800691,386.8810568881978,382.39961341304394,383.0194091796875,12347384,0.0,0.0
2025-12-17,382.35200134405585,384.35434931541226,380.54036426459874,381.2077941894531,8087490,0.0,0.0
2025-12-18,381.3984840446188,383.2578132936943,381.2554654327811,381.7798767089844,7227668,0.0,0.0
2025-12-19,381.63684238821344,383.92522737860764,381.63684238821344,382.3996276855469,10654835,0.0,0.0
2025-12-22,382.92407926981116,384.87873483805475,382.5426866099581,383.9729309082031,6847871,0.0,0.0
2025-12-23,383.78221492360865,389.8845846952617,383.114755953949,388.40667724609375,10081997,0.0,0.0
2025-12-24,388.9787845212552,390.45669198464753,386.7857258129762,387.6915588378906,5777430,0.0,0.0
2025-12-26,387.5961905544338,388.2159572411766,385.0694315402398,385.35546875,3152453,0.0,0.0
2025-12-29,385.30780773012765,385.97523758942174,382.7810487018413,383.8775634765625,6647710,0.0,0.0
2025-12-30,384.258966100121,384.6880510266874,381.68451473751173,381.9705810546875,12340527,0.0,0.0
2025-12-31,382.4473351908261,384.97409432460887,382.2089611386127,384.25897216796875,9945109,0.0,0.0
