Date,open,high,low,close,volume,dividends,stock splits
2011-02-01,92.90666373745738,93.6430441871308,90.67298236612743,90.94298553466797,2117569,0.0,0.0
2011-02-02,91.80210034801763,93.22577232670325,88.21838487155647,88.48838806152344,2940711,0.0,0.0
2011-02-03,88.61114753923717,89.64208052283873,87.62930360613302,89.49480438232422,2977808,0.0,0.0
2011-02-04,90.19356141263786,90.69270178593489,87.47328567768214,88.32180786132812,3748426,2.5,0.0
2011-02-07,88.84591020646326,89.91905209279042,88.24694899352211,89.64453125,2325357,0.0,0.0
2011-02-08,90.76758531364632,90.81749570256774,86.42511643421604,86.92424774169922,2052031,0.0,0.0
2011-02-09,87.24870140547156,87.47331189895868,84.87780677015795,85.52668762207031,2794068,0.0,0.0
2011-02-10,85.82616689359658,86.79947901631765,84.85285477087551,85.05250549316406,1883808,0.0,0.0
2011-02-11,85.27712020032784,89.22027928193367,85.1273798663501,88.27192687988281,3307017,0.0,0.0
2011-02-14,89.64452205707389,90.16861306465256,88.44659975403691,88.89582061767578,1503505,0.0,0.0
2011-02-15,89.34508160705512,90.84248515834976,88.62133046431207,90.2934341430664,2400494,0.0,0.0
2011-02-16,90.44313344890354,90.96722445398825,89.89408268281704,90.64278411865234,2474599,0.0,0.0
2011-02-17,90.76760368268505,90.79255431248363,89.41994065426731,90.26846313476562,602318,0.0,0.0
2011-02-18,90.14364864835844,90.66773962887216,88.52146532657551,89.36998748779297,3297218,0.0,0.0
2011-02-21,88.39669910281638,89.02062014865075,87.02408559717412,88.17208862304688,1744862,0.0,0.0
2011-02-22,87.64799930607737,88.546441243632,87.09895754829887,87.77278900146484,2172444,0.0,0.0
2011-02-23,87.3485210340839,88.24696299605536,85.92598792762908,86.30033874511719,1383036,0.0,0.0
2011-02-24,84.97762772021954,86.72460108693348,84.8528471723912,85.32701873779297,3014625,0.0,0.0
2011-02-25,85.47674364011856,86.54988540411759,84.0043005392906,84.77796173095703,1628618,0.0,0.0
2011-02-28,84.85283187404018,87.74780769344792,84.42856163695451,84.77796173095703,2669386,0.0,0.0
2011-03-01,85.8760491395608,90.84243805606437,85.20221789086328,90.51799774169922,4547804,0.0,0.0
2011-03-03,89.84418449626817,91.69097857555043,87.39842918701078,88.8708724975586,2329243,0.0,0.0
2011-03-04,89.14537667752876,90.4930391929532,88.94572601801374,89.41990661621094,2192590,0.0,0.0
2011-03-07,88.82097002457779,90.49306418100558,87.39843697660031,90.11871337890625,1518444,0.0,0.0
2011-03-08,89.34505067456305,90.64279387677112,89.04557006798846,89.91905212402344,686125,0.0,0.0
2011-03-09,90.1436710148421,90.39324125681732,88.44661713191209,88.72113800048828,930722,0.0,0.0
2011-03-10,88.84592595720923,88.92079612209999,87.2736524945036,87.74783325195312,1105700,0.0,0.0
2011-03-11,87.57311423307249,88.2469455715016,86.40015161635522,87.17381286621094,1693838,0.0,0.0
2011-03-14,87.47330576156314,89.19531942414262,87.34851606987634,88.82096862792969,1550019,0.0,0.0
2011-03-15,87.57312009368079,88.27191124158699,86.35024700912376,87.29859924316406,1741938,0.0,0.0
2011-03-16,87.82270296089443,89.09549575742913,87.42339237040875,88.6213150024414,978834,0.0,0.0
2011-03-17,87.9973900126197,88.54643171129189,87.1488585609131,87.62303924560547,809139,0.0,0.0
2011-03-18,88.29691011565707,88.34682052710627,86.6747166401458,86.97419738769531,984092,0.0,0.0
2011-03-21,87.34850924850119,87.54816908383837,86.1006764050473,86.32528686523438,1122426,0.0,0.0
2011-03-22,87.27364710648084,87.59808751411886,86.67468582433303,87.02408599853516,914296,0.0,0.0
2011-03-23,87.29859995168776,87.82269103201521,86.42511786428304,87.39842987060547,1294640,0.0,0.0
2011-03-24,87.84768718901061,88.14716793040562,87.29863611664413,87.79776763916016,1341760,0.0,0.0
2011-03-25,87.44836360880544,91.74092331644346,87.44836360880544,91.29170227050781,2568351,0.0,0.0
2011-03-28,90.79255357755842,93.33813927729767,90.24351177448607,92.439697265625,4321368,0.0,0.0
2011-03-29,92.33984584621554,94.81056055896539,91.64105480017602,94.06185913085938,2887262,0.0,0.0
2011-03-30,93.83728202713714,95.23485547611881,93.3631012411322,94.26154327392578,1293895,0.0,0.0
2011-03-31,94.66082207084078,97.33118750198538,94.28647134967929,96.3828353881836,6662690,0.0,0.0
2011-04-01,96.33294824750263,96.38286778671893,93.9121521965366,94.26154327392578,1010179,0.0,0.0
2011-04-04,93.93710996206156,95.53434341038225,93.68754880472365,94.58599090576172,1836823,0.0,0.0
2011-04-05,94.68578482686371,95.33466558631396,93.53778189446358,93.86221313476562,1428296,0.0,0.0
2011-04-06,94.16168984748998,96.20814368042195,92.6642868330087,95.73396301269531,2937254,0.0,0.0
2011-04-07,96.00849243135721,96.1582327319315,92.73915644253677,92.91385650634766,4377166,0.0,0.0
2011-04-08,93.33811054368864,93.71246126664384,91.11696596729512,91.71592712402344,3092548,0.0,0.0
2011-04-11,91.89066136540558,93.01371395213884,91.21682981336562,91.74092102050781,1953333,0.0,0.0
2011-04-13,91.41648933605644,94.06190539635166,90.89239807860157,93.73746490478516,2536735,0.0,0.0
2011-04-15,92.9138710738,93.46292197512926,92.09029929151812,92.53952026367188,1573560,0.0,0.0
2011-04-18,92.58941427795088,93.68751588633712,91.59115172050107,92.48959350585938,2775322,0.0,0.0
2011-04-19,92.24005245702526,92.31492262947414,91.09204009966724,91.74092102050781,1120609,0.0,0.0
2011-04-20,92.24000684429512,93.56270952367315,91.84069640888518,93.31314849853516,1026747,0.0,0.0
2011-04-21,92.9388405045745,94.08684368205213,92.53952988577683,93.3880615234375,1621608,0.0,0.0
2011-04-25,92.83901971286745,93.93711259847981,92.83901971286745,93.11354064941406,1143561,0.0,0.0
2011-04-26,93.23829687073282,93.28820725778338,91.99045493966531,92.91385650634766,826138,0.0,0.0
2011-04-27,92.91387469918918,93.43796585381796,92.24004321466644,92.56448364257812,1159488,0.0,0.0
2011-04-28,92.56447022798274,92.88890146945288,91.34158799792952,91.69097900390625,1827498,0.0,0.0
2011-04-29,91.81576680759979,92.24002795898879,90.49305468601848,90.99219512939453,1722074,0.0,0.0
2011-05-02,90.6178563876076,91.516298337561,90.09376525013478,90.3682861328125,1096219,0.0,0.0
2011-05-03,89.99394206824275,91.09203482071476,88.67123881144069,89.0206298828125,2462716,0.0,0.0
2011-05-04,89.19529249992377,89.71938345642137,88.69615216269301,89.12042236328125,2339367,0.0,0.0
2011-05-05,89.19530353138336,89.3699944455406,86.35023798709695,86.82440948486328,4171152,0.0,0.0
2011-05-06,86.35024591086948,87.87259959096365,85.40188454946794,87.24868774414062,2149135,0.0,0.0
2011-05-09,87.59808242321014,87.64799281401388,86.00084938383387,86.25041961669922,1500910,0.0,0.0
2011-05-10,86.79947569324136,91.29168531843342,86.40016512452743,90.11871337890625,5628651,0.0,0.0
2011-05-11,89.84416818684775,90.21851888762629,87.82267440264368,88.22198486328125,1443291,0.0,0.0
2011-05-12,88.04731324475786,88.82097465591164,86.89930101198522,87.09896087646484,1393770,0.0,0.0
2011-05-13,87.29862683189151,88.27193913790745,86.47505488064725,87.37349700927734,1484322,0.0,0.0
2011-05-16,87.34850889608876,87.99738964918217,86.37519690587163,86.92424774169922,2978124,0.0,0.0
2011-05-17,87.07397727063619,87.07397727063619,84.42856247561325,85.42683410644531,2852772,0.0,0.0
2011-05-18,85.7762421970066,86.00085267334973,84.25388839474118,85.30207061767578,1804472,0.0,0.0
2011-05-19,85.85111458438769,85.85111458438769,84.55337122477742,84.85285186767578,1112718,0.0,0.0
2011-05-20,85.35197774569194,87.22373164362378,84.85284641938455,86.25041961669922,1645852,0.0,0.0
2011-05-23,86.00085018175618,86.00085018175618,83.65492470086481,83.75474548339844,2296383,0.0,0.0
2011-05-24,84.05423084894178,85.1273728673591,82.68161732661557,83.28057861328125,3451340,0.0,0.0
2011-05-25,83.4053355917072,83.60498625101847,82.43202377600505,83.45524597167969,3159603,0.0,0.0
2011-05-26,83.80466744205492,85.80120196307483,83.53013743357532,85.30207061767578,7075099,0.0,0.0
2011-05-27,84.90274765191602,86.32528046089872,83.62995513861568,83.92943572998047,4068427,0.0,0.0
2011-05-30,84.47849895180708,84.82788997997793,83.35544656901833,83.72979736328125,4140687,0.0,0.0
2011-05-31,83.4303131433511,84.65318625912104,83.2556130670597,83.97935485839844,22371508,0.0,0.0
2011-06-01,84.6282602182718,87.57314776916428,84.6282602182718,87.37349700927734,4805697,0.0,0.0
2011-06-02,86.79945061128603,88.8458949784635,86.1256193622205,87.47328186035156,4536013,0.0,0.0
2011-06-03,87.74780289225625,88.3218042446795,86.59979104798846,86.87432098388672,1980505,0.0,0.0
2011-06-06,86.89927963076555,87.44833041385627,86.35023798709695,86.82440948486328,803578,0.0,0.0
2011-06-07,86.35023248470596,86.79945333149445,85.95092201886457,86.37518310546875,2685571,0.0,0.0
2011-06-08,86.3502498993948,87.97243357125555,86.3502498993948,87.49825286865234,2080336,0.0,0.0
2011-06-09,87.79772700883906,89.2701793989062,87.34850610463336,88.84590911865234,2864422,0.0,0.0
2011-06-10,88.37174958589029,88.87088094517343,87.44834788876373,87.94747924804688,2381526,0.0,0.0
2011-06-13,87.6230474588756,90.49306418205455,87.6230474588756,89.84419250488281,3158617,0.0,0.0
2011-06-14,90.09373659031759,90.74260807906268,89.81920665554676,90.24347686767578,1672045,0.0,0.0
2011-06-15,89.84419557710146,89.894105972614,88.02235189809106,88.47157287597656,851595,0.0,0.0
2011-06-16,87.7478328122931,89.5447167606677,87.7478328122931,88.34679412841797,1190031,0.0,0.0
2011-06-17,87.52321153595197,89.54470572882683,87.2486906796903,89.29513549804688,1443712,0.0,0.0
2011-06-20,89.34504717892698,90.11869928936025,86.20050093292444,87.17381286621094,2329111,0.0,0.0
2011-06-21,87.49823224804068,88.34676353182574,86.54988020575472,88.0722427368164,1105177,0.0,0.0
2011-06-22,88.296853781274,88.571374578238,87.04901203633665,87.4233627319336,1349418,0.0,0.0
2011-06-23,87.34852265939433,89.34506648276381,87.34852265939433,87.74783325195312,2211873,0.0,0.0
2011-06-24,88.04728745064622,93.06358699077659,87.84763678408011,90.91731262207031,6495902,0.0,0.0
2011-06-27,89.84418021190456,91.91558465364926,89.54469961119821,91.06706237792969,3580068,0.0,0.0
2011-06-28,91.26671673893149,91.84071820024917,90.2185345942678,91.64106750488281,1512681,0.0,0.0
2011-06-29,91.86567942713609,92.96377197826942,91.84071966253426,92.3897705078125,2470478,0.0,0.0
2011-06-30,92.43967658459518,94.13673943102981,91.66602445168967,93.2882080078125,4758492,0.0,0.0
2011-07-01,93.33812492006523,94.33639671484491,92.21507257822184,93.2383041381836,1770510,0.0,0.0
2011-07-04,93.33813860486018,93.83727914514331,91.76586509576015,92.06534576416016,2086365,0.0,0.0
2011-07-05,92.01540919956742,92.78907041940369,91.16687783392189,92.19010925292969,2608054,0.0,0.0
2011-07-06,92.09028050751088,93.33811324027137,91.71592977374051,92.51454162597656,2039581,0.0,0.0
2011-07-07,92.43968478910857,95.23484038352727,92.36481463157435,94.96031951904297,3378967,0.0,0.0
2011-07-08,94.96036115749139,96.0584542363466,94.5111400153105,95.25984191894531,3419328,0.0,0.0
2011-07-11,94.83553899153343,95.83381090156621,93.6126657266245,94.4112777709961,1983331,0.0,0.0
2011-07-12,93.8372676151833,94.83553029424178,91.39150303081577,93.33812713623047,3924948,0.0,0.0
2011-07-13,93.11351375018943,95.33466779138355,92.96377343907177,94.98526763916016,4368988,0.0,0.0
2011-07-14,94.21161252673106,95.83379613355916,93.96204230282558,94.51109313964844,3746907,0.0,0.0
2011-07-15,93.98701364119441,95.78389753997821,93.98701364119441,94.76066589355469,3132978,0.0,0.0
2011-07-18,93.96204267046298,94.68578444137069,92.09028883240595,92.88890075683594,3092478,0.0,0.0
2011-07-19,93.18838714177895,95.03519046931044,93.08856635718303,94.31143951416016,2232801,0.0,0.0
2011-07-20,94.33636820557629,94.73567863069776,92.14017457653908,92.46461486816406,1738600,0.0,0.0
2011-07-21,92.48962913529444,93.13850096154154,90.892395632887,91.2667465209961,1575428,0.0,0.0
2011-07-22,91.591169464753,93.313183220301,91.16689911319023,91.4414291381836,3658702,0.0,0.0
2011-07-25,91.44140519396088,92.3398469181174,90.59287385245021,91.666015625,7181780,0.0,0.0
2011-07-26,92.06535089481036,92.61440186394964,89.69446518432633,90.01890563964844,2944093,0.0,0.0
2011-07-27,90.2933894131249,90.5928699750258,88.84589698413001,90.06877899169922,2418058,0.0,0.0
2011-07-28,88.9707079290934,89.59461982269843,87.77278539490946,88.02234649658203,5296336,0.0,0.0
2011-07-29,88.34679637694481,88.89584731050803,87.59809471273341,87.89757537841797,3249858,0.0,0.0
2011-08-01,88.4466269826651,89.24523905073819,87.92253581374297,88.27192687988281,1179526,0.0,0.0
2011-08-02,88.09721052910047,90.69271526563547,87.89755983376047,90.34331512451172,3289740,0.0,0.0
2011-08-03,89.74437332595306,90.79255569737742,88.84593129330362,90.46812438964844,3805206,0.0,0.0
2011-08-04,90.19356101198021,90.3433012954198,87.72284633522676,88.3717269897461,3271522,0.0,0.0
2011-08-05,87.1239050601227,87.54817538618902,85.22720046384197,85.57659149169922,4148565,0.0,0.0
2011-08-08,84.5034326194401,86.3003160712847,82.35715820954412,85.42683410644531,3918158,0.0,0.0
2011-08-09,83.20570052425913,85.60154544263565,82.85630038071385,84.42857360839844,3509944,0.0,0.0
2011-08-10,86.45006384875259,88.64625797108707,84.40361916646759,87.59807586669922,4474538,0.0,0.0
2011-08-11,87.02410262304639,89.54472878713433,86.62479197885821,88.7461166381836,1848537,0.0,0.0
2011-08-12,89.34504204175406,89.34504204175406,87.02406756506103,87.6978988647461,1856520,0.0,0.0
2011-08-16,88.34676602543398,88.44659592617383,87.09893339358246,87.57310485839844,1001205,0.0,0.0
2011-08-17,86.9242322414323,89.09546629397455,86.84936210168948,87.523193359375,2473766,0.0,0.0
2011-08-18,88.84590899174562,88.84590899174562,86.22545372095541,86.99911499023438,1322197,0.0,0.0
2011-08-19,85.62649933079412,87.64799355771302,85.62649933079412,86.8992919921875,2246275,0.0,0.0
2011-08-22,86.62476206249825,88.29686509692613,85.77623066392819,87.17381286621094,1214882,0.0,0.0
2011-08-23,87.7977484409009,87.7977484409009,85.25216269567284,85.55164337158203,3145651,0.0,0.0
2011-08-24,85.00257038034341,85.60153151246698,84.60325991245385,84.90274047851562,3411334,0.0,0.0
2011-08-25,85.05250007079792,85.35198070485002,83.87953730056839,84.87779998779297,5370679,0.0,0.0
2011-08-26,84.75303620120108,84.75303620120108,81.1343081107995,83.0809326171875,3569570,0.0,0.0
2011-08-29,83.85458221148302,84.62824360574226,83.4802313980389,84.40363311767578,1295444,0.0,0.0
2011-08-30,84.35371578643347,85.20224736554698,83.65493367603352,84.50345611572266,2753792,0.0,0.0
2011-09-02,87.24869028631619,87.24869028631619,82.40708083966906,83.05596160888672,4693891,0.0,0.0
2011-09-05,82.90622793402288,83.30552936611898,81.45873510925871,81.70830535888672,5148044,0.0,0.0
2011-09-06,81.73323917486465,82.20741980979835,80.61018699167069,80.95958709716797,5362542,0.0,0.0
2011-09-07,81.30899709245104,84.02928273041661,81.10934637074295,83.80467224121094,5322658,0.0,0.0
2011-09-08,84.40648846220626,84.40648846220626,83.1025230125446,83.30313873291016,2700772,0.666667,0.0
2011-09-09,83.75451596352187,84.25603693181817,81.64811504022641,81.9239501953125,2820220,0.0,0.0
2011-09-12,81.49765082065127,81.623028756145,80.24383473300011,81.27196502685547,2213281,0.0,0.0
2011-09-13,81.97409532273848,83.07745425271546,81.24688857861908,82.02425384521484,2368801,0.0,0.0
2011-09-14,82.47559905966978,82.80158343557078,81.27194183621786,82.32514190673828,2005693,0.0,0.0
2011-09-15,83.15269551449605,83.15269551449605,81.29705029661167,82.52578735351562,1620182,0.0,0.0
2011-09-16,82.85175083794753,87.03947231645893,82.75144299749768,86.48779296875,6954804,0.0,0.0
2011-09-19,85.63522545419951,86.68842584673594,84.25603140291369,84.55694580078125,1559473,0.0,0.0
2011-09-20,84.90800833665307,86.58811676205006,84.75755113984673,86.26212310791016,2326687,0.0,0.0
2011-09-21,86.26211341197674,87.44070077660457,86.26211341197674,86.91410064697266,2406962,0.0,0.0
2011-09-22,85.96122489447761,86.06153277228861,82.77655308475609,83.12761688232422,1866160,0.0,0.0
2011-09-23,82.65115007756731,84.73248074777672,82.17470841156921,83.75450897216797,2554398,0.0,0.0
2011-09-26,84.38139348578707,84.45662207111859,81.74839299918416,82.07438659667969,1901102,0.0,0.0
2011-09-27,82.5508382515154,83.42850202875104,82.14961606437883,83.07743835449219,2594641,0.0,0.0
2011-09-28,83.47866614736299,85.03339665846441,82.55085287605714,84.55694580078125,2824125,0.0,0.0
2011-09-29,84.48171788129712,85.40954034324955,82.55085354049861,84.33126068115234,3176624,0.0,0.0
2011-09-30,84.00526913972837,84.75755515943692,82.57592570228212,84.08049774169922,2784331,0.0,0.0
2011-10-03,83.00222718167895,83.47866887173238,82.04932543521417,82.42546844482422,1900468,0.0,0.0
2011-10-04,82.24993277476779,83.05236805237877,81.17165319612019,82.224853515625,1554122,0.0,0.0
2011-10-05,82.60099026658659,83.17773971801428,81.4725614378081,82.19976806640625,1932661,0.0,0.0
2011-10-07,84.5068132673162,84.85787707358175,82.87685383261231,83.7043685913086,4020384,0.0,0.0
2011-10-10,83.98018197974578,85.986274563206,82.95205183981162,85.55998229980469,4045412,0.0,0.0
2011-10-11,85.76061170928331,88.76975597978448,85.71046236583481,88.46884155273438,7521440,0.0,0.0
2011-10-12,88.04252381997989,89.57216559484122,87.59115230939585,88.9703369140625,3949242,0.0,0.0
2011-10-13,89.07067122034681,89.39666491368835,86.73858438940867,87.01441955566406,1891143,0.0,0.0
2011-10-14,86.71350860595703,88.71961100724457,86.21198759722515,86.71350860595703,2922464,0.0,0.0
2011-10-17,86.76365377830517,86.86395245470317,83.95511635876834,84.38140869140625,1922998,0.0,0.0
2011-10-18,84.2058785420942,85.63522187217728,83.77957704082777,84.43156433105469,1777351,0.0,0.0
2011-10-19,84.50680263279496,86.4878164412888,84.38141550240874,86.237060546875,1696239,0.0,0.0
2011-10-20,85.33431458921822,86.13674995569339,84.2560348911586,85.91106414794922,1138090,0.0,0.0
2011-10-21,86.11169040542578,86.11169040542578,84.6572765447113,84.98326110839844,1252420,0.0,0.0
2011-10-24,85.86090375664249,86.7636468714325,85.50983086766114,85.81074523925781,2418790,0.0,0.0
2011-10-25,86.18689446290321,88.9452825249803,85.03339541013067,87.06456756591797,7100366,0.0,0.0
2011-10-28,90.27429516190348,91.7788667479352,88.06758710799822,89.54708862304688,4579776,0.0,0.0
2011-10-31,89.67249229782296,91.97949966500711,89.27127003185139,89.89817810058594,5984281,0.0,0.0
2011-11-01,89.79785123149163,90.72567350752529,88.66942245652243,88.94526672363281,1417352,0.0,0.0
2011-11-02,88.31837740456662,90.09878456375807,87.89208506077738,88.24314880371094,872137,0.0,0.0
2011-11-03,87.96730409408183,89.74771105963161,87.5911611307137,89.32141876220703,1458592,0.0,0.0
2011-11-04,89.77280644791047,91.10184209620904,89.37158415383678,89.94833374023438,1778904,0.0,0.0
2011-11-08,89.67249789683089,90.474933295698,88.59421815524432,89.34650421142578,1247601,0.0,0.0
2011-11-09,89.77278856592373,89.84801715712894,87.01440076628154,87.29024505615234,925772,0.0,0.0
2011-11-11,86.78871575947366,87.5660809365215,85.8859726570353,87.08963012695312,1579004,0.0,0.0
2011-11-14,87.29026450134982,88.49392222876548,86.31229259782461,86.76366424560547,1165297,0.0,0.0
2011-11-15,86.66334305120695,86.68842231106592,84.50679301550602,85.25907897949219,2677666,0.0,0.0
2011-11-16,85.66028847563898,86.18688862852852,84.20587512787218,84.73247528076172,3668610,0.0,0.0
2011-11-17,85.18385944718663,85.56000246920368,82.3251724798571,82.75146484375,2430165,0.0,0.0
2011-11-18,82.70130422679696,82.75145356183572,80.49459573742202,81.3973388671875,3590655,0.0,0.0
2011-11-21,81.47257136017257,81.64810781597541,78.01205586380327,78.38819885253906,4280265,0.0,0.0
2011-11-22,78.86464188725402,79.56676927455808,77.5606765944104,77.96189880371094,3104350,0.0,0.0
2011-11-23,78.03712819504725,78.96494136276095,76.25671667592087,78.56372833251953,2966732,0.0,0.0
2011-11-24,79.71722688171343,80.21875694181718,76.95884828385316,79.64199829101562,5260209,0.0,0.0
2011-11-25,79.74232558766468,80.69521824117433,77.96191823466042,78.68912506103516,3437004,0.0,0.0
2011-11-28,79.71724825519088,80.59492150410198,78.83958418945984,80.06832122802734,4262164,0.0,0.0
2011-11-29,80.19367265857932,80.67012343086814,79.1404724548081,79.54169464111328,2780838,0.0,0.0
2011-11-30,79.44140145886612,82.2248596539211,78.78942332108399,81.42242431640625,3427675,0.0,0.0
2011-12-01,83.15267326384364,84.00525784947385,82.57591460413045,83.52881622314453,2193126,0.0,0.0
2011-12-02,83.40344230011848,87.49086616510847,82.95207067759858,86.68843078613281,2224594,0.0,0.0
2011-12-05,85.78569305762647,88.51899304764513,85.7606137937029,88.21807861328125,3236240,0.0,0.0
2011-12-07,87.84193419329515,88.99544256800056,84.45664685977019,85.33432006835938,2888481,0.0,0.0
2011-12-08,84.53186370761264,85.40953679410518,82.04932000838437,83.40343475341797,2456607,0.0,0.0
2011-12-09,81.87379534540399,84.15572340333861,81.57288094803427,83.30313873291016,2344226,0.0,0.0
2011-12-12,83.98019745914455,84.10557539897789,80.24383751041604,82.02425384521484,3548748,0.0,0.0
2011-12-13,81.32212467632803,84.60710414150897,80.39430212312381,83.67929077148438,2473705,0.0,0.0
2011-12-14,83.50374455425813,83.72943035035073,81.84871538291247,82.30008697509766,3366631,0.0,0.0
2011-12-15,81.69826093276608,84.00526830934135,79.79246664061677,83.45359802246094,3585348,0.0,0.0
2011-12-16,83.30313503203648,85.38445646031815,79.9429182885718,80.72028350830078,4420815,0.0,0.0
2011-12-19,80.74536766350805,80.87074560338394,78.51357972473734,80.39429473876953,2975494,0.0,0.0
2011-12-20,80.39429531339167,81.14658132438154,77.28485259008609,77.68606567382812,4742794,0.0,0.0
2011-12-21,78.7392723116922,81.34720347800497,77.81145894693553,80.61998748779297,3816535,0.0,0.0
2011-12-22,80.64506250070738,82.4505489746038,79.81754786683818,81.94902801513672,2596674,0.0,0.0
2011-12-23,82.50070907999643,83.00223928808047,79.04019288684572,79.39126586914062,2771540,0.0,0.0
2011-12-26,79.64200314145045,80.79551133012804,79.59185380565685,80.5196762084961,1791708,0.0,0.0
2011-12-27,80.74537676932418,80.92090406830923,78.01206757963045,78.68912506103516,2104622,0.0,0.0
2011-12-28,79.24079907452385,81.44749866417175,78.81449753081297,80.9208984375,2542332,0.0,0.0
2011-12-29,80.99610118440462,81.04625969305182,79.59183742263181,80.56980895996094,2512920,0.0,0.0
2011-12-30,80.7453870048116,81.47259392336892,79.84264358183799,80.67015838623047,1921291,0.0,0.0
2012-01-02,80.67013183973451,80.67013183973451,78.73925847609955,79.3160171508789,1404067,0.0,0.0
2012-01-03,79.9930802241135,80.9961220914998,79.59185796725181,80.41937255859375,2140398,0.0,0.0
2012-01-04,80.74536277880753,80.74536277880753,79.61693383865266,80.31906127929688,1876118,0.0,0.0
2012-01-05,80.46951035885073,80.69519612412938,77.76128117550692,78.63895416259766,3196855,0.0,0.0
2012-01-06,78.48852466538524,78.99004570403321,77.86161647968987,78.7142105102539,2624210,0.0,0.0
2012-01-09,78.43836613329407,78.99004570403321,78.01207370960232,78.7142105102539,2584994,0.0,0.0
2012-01-10,79.71721762565926,80.3190462813627,78.6138681512618,79.24077606201172,7592079,0.0,0.0
2012-01-11,79.64201216623776,80.46952680808312,78.99003399432843,80.0933837890625,7652688,0.0,0.0
2012-01-12,80.69522847030353,81.44751465611488,80.11847878890849,80.67015838623047,2979742,0.0,0.0
2012-01-13,81.19674408944266,83.67928805541237,80.72029319653012,83.3532943725586,4058114,0.0,0.0
2012-01-16,82.62606077514455,83.20281016550427,81.02118132752993,81.17163848876953,2294924,0.0,0.0
2012-01-17,81.72332679997217,84.15571171887099,81.64809821107474,83.85479736328125,4024894,0.0,0.0
2012-01-18,83.85481681862187,84.85786796436689,81.94903157983967,82.50070190429688,3001603,0.0,0.0
2012-01-19,82.85176803259715,86.51289017911763,82.75146017132991,85.98628997802734,5671336,0.0,0.0
2012-01-20,86.2370516527546,88.16791591986046,85.78568006954713,87.51593780517578,4067755,0.0,0.0
2012-01-23,86.78872537832872,89.02051330660377,86.78872537832872,88.04254150390625,3179276,0.0,0.0
2012-01-24,88.0675928784794,88.84495797659007,86.7385576181273,87.94221496582031,2662366,0.0,0.0
2012-01-25,87.94222602025634,88.81988988554689,87.3905466054914,87.64131164550781,4540281,0.0,0.0
2012-01-27,89.34648709364255,89.72263004966851,86.6131877353056,87.29024505615234,2761042,0.0,0.0
2012-01-30,86.03643378336795,87.71654213984459,85.6352207304617,86.1367416381836,3483304,0.0,0.0
2012-01-31,87.23744377109647,88.33815407956453,86.648696541744,88.15896606445312,2779754,2.916667,0.0
2012-02-01,88.05660481242622,88.90133390019552,87.05828861778977,87.46785736083984,2967338,0.0,0.0
2012-02-02,88.05660181653232,88.64535862230086,87.33986825834599,88.00540924072266,4670977,0.0,0.0
2012-02-03,87.5958227125434,90.8211511916484,87.5958227125434,90.51397705078125,2058243,0.0,0.0
2012-02-06,91.12832875821685,91.28191583442407,89.33648578527334,90.94915008544922,3381099,0.0,0.0
2012-02-07,90.897939915326,91.35870110223705,89.36206929228918,89.9764175415039,1213438,0.0,0.0
2012-02-08,89.84844038297504,91.58909080411895,89.822839411975,90.7443618774414,1397892,0.0,0.0
2012-02-09,90.61636632283529,92.66419068562023,90.3859857304891,92.15223693847656,2875066,0.0,0.0
2012-02-10,92.10103270588833,92.89455950728156,91.4610835723891,92.33141326904297,1741236,0.0,0.0
2012-02-13,92.1522384441983,93.35533398803852,91.79387175276324,92.66419219970703,1652396,0.0,0.0
2012-02-14,92.22902821195116,93.89288488010284,92.20342724424695,92.99696350097656,1704975,0.0,0.0
2012-02-15,93.04816790870844,94.43045160494118,92.04985190587367,93.22735595703125,4870018,0.0,0.0
2012-02-16,94.14885277136266,95.01918243069007,93.48331207552917,94.17445373535156,6475116,0.0,0.0
2012-02-17,95.22398603759851,97.6557782552195,94.6352387110278,96.19670104980469,5197779,0.0,0.0
2012-02-21,95.81270436692525,97.22058857956978,94.63521007014668,95.30075073242188,3069835,0.0,0.0
2012-02-22,94.9680230750381,96.0431328056016,92.76661103719334,93.58573913574219,2046350,0.0,0.0
2012-02-23,93.25294128073465,95.22397198471394,92.25462544541104,94.73760986328125,2431582,0.0,0.0
2012-02-24,94.73765082000224,95.94075616037318,93.32977515460082,94.0465087890625,3188020,0.0,0.0
2012-02-27,94.71203753506687,94.71203753506687,89.84844345412354,92.58740997314453,5148733,0.0,0.0
2012-02-28,92.66417864334272,94.09766394779126,91.94744536532754,92.17782592773438,1719670,0.0,0.0
2012-02-29,92.61301815914733,93.91850846487328,91.94747720645584,92.68981170654297,1726953,0.0,0.0
2012-03-01,92.92018786236488,93.53453621186813,89.4388774237759,90.33480834960938,2036619,0.0,0.0
2012-03-02,91.10273455529428,92.5618117375201,90.28359725614968,91.64028930664062,2100890,0.0,0.0
2012-03-05,91.02592697774118,91.30750010789306,89.25967592435049,89.92521667480469,1164562,0.0,0.0
2012-03-06,89.33645370071658,92.02422656904837,88.56851859547892,89.36204528808594,1240345,0.0,0.0
2012-03-07,88.56854877238332,89.28528219867061,86.82788902463187,87.13506317138672,1594531,0.0,0.0
2012-03-09,88.28698064664125,89.41329228490744,87.0582838588691,88.90132904052734,3090069,0.0,0.0
2012-03-12,89.59245688810482,90.10442005193798,87.21185723633502,88.1077880859375,2557352,0.0,0.0
2012-03-13,88.38936666513418,89.38768270913657,88.36376569311486,88.69654083251953,1294404,0.0,0.0
2012-03-14,89.59246228455025,91.12833312013804,89.23409554765031,90.92355346679688,1986541,0.0,0.0
2012-03-15,90.92354704643039,92.1522436281389,90.61637290100326,91.94746398925781,3122120,0.0,0.0
2012-03-16,91.74268073078935,92.8177903072213,87.64703145099915,88.23577880859375,1998697,0.0,0.0
2012-03-19,88.79893363363192,89.49007549691821,87.62142955662921,88.03099822998047,1449897,0.0,0.0
2012-03-20,87.36542643355769,89.23407191333523,86.64869314959002,88.64532470703125,1902884,0.0,0.0
2012-03-21,88.05657500692932,90.23239474247747,87.87739635904163,90.00201416015625,2545670,0.0,0.0
2012-03-22,90.10443223144755,90.51399156882134,87.05828192978558,87.6726303100586,2566596,0.0,0.0
2012-03-23,87.67261058814289,88.69652744967239,87.26305134289927,87.95419311523438,762777,0.0,0.0
2012-03-26,88.18458003831178,88.18458003831178,84.47288935117471,84.7032699584961,1741135,0.0,0.0
2012-03-27,85.88076033076447,85.93195288841609,83.24417956304114,83.96092224121094,1925884,0.0,0.0
2012-03-28,83.96095082391807,84.24252404817169,82.22029078067949,82.73225402832031,3546476,0.0,0.0
2012-03-29,82.4250578713918,83.80734139819906,81.93869572796365,83.1929931640625,6598052,0.0,0.0
2012-03-30,83.44897762565587,84.44729365303787,82.8602302727062,83.32099151611328,5082229,0.0,0.0
2012-04-02,83.85854716682263,86.05995889445013,83.44897848815712,85.7527847290039,1633851,0.0,0.0
2012-04-03,86.2647479208887,86.44392660125793,85.2408309113307,85.7527847290039,1577121,0.0,0.0
2012-04-04,85.95759691600747,86.64873897448403,85.24085387877523,85.9063949584961,976076,0.0,0.0
2012-04-09,85.08725099116153,85.36882420845258,83.21860486932576,83.4745864868164,997341,0.0,0.0
2012-04-10,83.21857819117629,83.67933933042158,82.52743648230836,83.14178466796875,2181913,0.0,0.0
2012-04-11,82.42504934405432,85.03602906901408,82.42504934405432,84.65206146240234,2074615,0.0,0.0
2012-04-12,85.03604507158617,85.49680628622895,84.08892167230573,84.7032699584961,2519258,0.0,0.0
2012-04-13,85.24081883890155,86.52070788892307,84.85685118647406,85.36880493164062,1876453,0.0,0.0
2012-04-16,84.52408518708256,85.16403446802664,83.96093881909458,84.72887420654297,1527472,0.0,0.0
2012-04-17,84.49849646957283,86.46952757311566,84.319308414992,85.7527847290039,3725292,0.0,0.0
2012-04-18,85.77839249762721,86.90469473543695,85.65040637662065,85.95758056640625,2782255,0.0,0.0
2012-04-19,86.4695160565474,86.77669018108222,85.49680112025732,86.0855484008789,1112271,0.0,0.0
2012-04-20,86.00874496238332,86.46950609611038,83.75613185053686,84.60086059570312,1153986,0.0,0.0
2012-04-23,84.370494714317,85.21522360651626,83.47457325641838,84.9592514038086,2223518,0.0,0.0
2012-04-24,84.95924125725716,86.13673574719222,84.21689758511356,85.65038299560547,1450778,0.0,0.0
2012-04-25,85.95757028922334,85.95757028922334,83.62816317045164,84.42169952392578,1056271,0.0,0.0
2012-04-26,84.01212360692422,84.95924695513945,82.11788628470417,82.5018539428711,3097052,0.0,0.0
2012-04-27,82.73223903921644,83.62816049894938,82.4250648959696,82.88582611083984,979243,0.0,0.0
2012-04-30,82.62983749136728,84.14010710888294,82.62983749136728,83.1929931640625,1607512,0.0,0.0
2012-05-02,82.93703731789253,83.57698671823123,81.5291523868326,81.8363265991211,2213557,0.0,0.0
2012-05-03,81.81071331001587,81.81071331001587,79.73728792672188,80.37722778320312,3596024,0.0,0.0
2012-05-04,79.86528306132018,81.04278715426915,78.86696702305368,79.32772827148438,1792617,0.0,0.0
2012-05-07,78.84135202224492,80.40282354437308,78.07342143194421,79.94206237792969,1848526,0.0,0.0
2012-05-08,80.32605606574133,80.7100238289619,79.12296019905456,79.81410217285156,2709948,0.0,0.0
2012-05-09,79.1741339168931,79.50690902382193,76.89592416874918,77.53587341308594,2126929,0.0,0.0
2012-05-10,77.30550664340251,78.71338679608571,75.89762180361309,76.48637390136719,3231840,0.0,0.0
2012-05-11,76.48637257815523,77.25430804580739,74.79691454932048,75.84642791748047,2377020,0.0,0.0
2012-05-14,75.84643179393886,76.84474795290993,75.00170273634798,75.51365661621094,4292473,0.0,0.0
2012-05-15,75.00169519218811,75.5648462782345,72.9026685597221,73.41462707519531,3087506,0.0,0.0
2012-05-16,72.9026514288748,73.15863297001317,71.08520779715829,72.21150970458984,3723393,0.0,0.0
2012-05-17,72.21151450369796,73.13303686398807,72.18591822272494,72.74906921386719,2849098,0.0,0.0
2012-05-18,72.18592453262787,75.51364289552235,71.6995670289964,74.2081527709961,3615472,0.0,0.0
2012-05-21,74.02897972444794,74.74571793811121,72.56990232323994,73.51702117919922,2252403,0.0,0.0
2012-05-22,73.49140364497124,74.36172870187467,72.05792294497901,72.36509704589844,3123459,0.0,0.0
2012-05-23,72.18591342531792,72.54428477064876,71.16200132207884,72.21150970458984,2071046,0.0,0.0
2012-05-24,72.2371154717761,73.33782117308758,71.6483635125557,72.74906921386719,1496450,0.0,0.0
2012-05-25,72.74908807702934,73.20984937664552,72.21153322747715,72.80028533935547,1659200,0.0,0.0
2012-05-28,72.54429179835462,74.18255225966409,72.54429179835462,73.97776794433594,1184391,0.0,0.0
2012-05-29,74.28496172425059,74.82251659296837,73.67061330285884,74.48974609375,2030589,0.0,0.0
2012-05-30,73.6705982791838,74.97608840841214,73.6705982791838,74.36174011230469,3206365,0.0,0.0
2012-05-31,73.82418239126895,75.76962170895885,73.79858610899329,75.1552734375,4196283,0.0,0.0
2012-06-01,74.8992908904072,75.07847892531815,73.77298886547825,74.28494262695312,2183742,0.0,0.0
2012-06-04,73.72178683739223,74.13135075745386,72.3907005818632,73.74738311767578,2960720,0.0,0.0
2012-06-05,73.74737029428253,75.51362113014122,73.74737029428253,75.23204803466797,2169592,0.0,0.0
2012-06-06,75.51362751836902,78.53417580633487,75.51362751836902,78.20140075683594,3583874,0.0,0.0
2012-06-07,78.38061768267333,80.42844722989656,77.68947573778496,79.3789291381836,3421950,0.0,0.0
2012-06-08,79.09734476529636,80.53082102789149,78.07343247957044,79.86528015136719,2060884,0.0,0.0
2012-06-11,80.01886643016823,81.29875560277871,79.14853654323484,79.4045181274414,1621137,0.0,0.0
2012-06-12,79.19972198360469,81.14515162077507,78.61097008712079,80.70999145507812,1974784,0.0,0.0
2012-06-13,80.63320681591443,80.78679387651619,78.58537777885617,78.99494171142578,1654306,0.0,0.0
2012-06-14,78.32941051215619,79.04615334092612,75.56484308231539,75.89761352539062,4732070,0.0,0.0
2012-06-15,75.76964037097638,77.45909853360072,75.25768178963047,76.89594268798828,3417586,0.0,0.0
2012-06-18,77.33109860855187,78.02224050276931,75.48805355730535,76.38397979736328,1941970,0.0,0.0
2012-06-19,76.02560495616878,77.38229239822657,75.43685291770866,76.6143569946289,3410185,0.0,0.0
2012-06-20,76.79354439049571,77.91985127059164,76.23039329400073,76.56316375732422,2631464,0.0,0.0
2012-06-21,76.69115573089732,77.81745794107826,76.28158702982601,77.45909118652344,1689506,0.0,0.0
2012-06-22,76.99830479301342,78.50857423829305,76.56313994775928,77.89422607421875,2769422,0.0,0.0
2012-06-25,77.58705555328923,78.89255014897151,77.53586299533642,78.07341766357422,3171616,0.0,0.0
2012-06-26,78.12463118924043,79.07175001081985,77.63827363552765,78.68778228759766,2233992,0.0,0.0
2012-06-27,79.35332556028456,80.14685253516592,78.96935787108029,79.4045181274414,1903099,0.0,0.0
2012-06-28,79.86525946545517,81.06835480061517,79.27651228002944,80.68438720703125,4530069,0.0,0.0
2012-06-29,81.3243490095309,82.11788528481706,80.91478038773639,81.63152313232422,3074715,0.0,0.0
2012-07-02,81.91310120606103,82.93701813493296,81.52913352951042,82.57865142822266,1479196,0.0,0.0
2012-07-03,82.68103367406327,83.24418937142352,81.40114458829237,82.45065307617188,2126170,0.0,0.0
2012-07-04,82.57868282595794,82.93704966892504,81.14519670566074,82.37389373779297,1878697,0.0,0.0
2012-07-05,82.16909820560046,83.11622177694461,81.40116270835186,82.73225402832031,1726928,0.0,0.0
2012-07-06,82.42507540595518,82.86023570630498,81.7595250945824,82.34828186035156,732764,0.0,0.0
2012-07-09,81.52915955538535,82.19470999000511,80.63323781550656,81.93872833251953,1666530,0.0,0.0
2012-07-10,81.65714789142815,82.27149631600514,80.63323072572885,81.8363265991211,1582414,0.0,0.0
2012-07-11,81.19636413922002,82.78342733948257,81.19636413922002,81.9898910522461,2470233,0.0,0.0
2012-07-12,81.34995009288293,82.09228443261321,80.37722578652156,81.37554168701172,2101722,0.0,0.0
2012-07-13,81.52913651787391,82.47625994615152,81.24756333615298,81.78511810302734,996847,0.0,0.0
2012-07-16,81.29875183105469,82.3226687461668,81.06837122822026,81.29875183105469,1446993,0.0,0.0
2012-07-17,81.63152530811283,81.98989200285342,80.53081488069525,81.04277801513672,1894132,0.0,0.0
2012-07-18,81.01718800571155,81.24756863511168,79.91647742939588,80.40283966064453,1656078,0.0,0.0
2012-07-19,80.88919751315495,81.42675228598938,80.1212621233915,80.42843627929688,6217933,0.0,0.0
2012-07-20,80.2236615374782,80.60762930069875,79.63491409194432,79.81410217285156,1009934,0.0,0.0
2012-07-23,79.63488595357755,79.81407397117012,78.02222191787348,78.71336364746094,6156342,0.0,0.0
2012-07-24,78.84134919639877,78.91814272138689,77.97102414223502,78.2781982421875,2062909,0.0,0.0
2012-07-25,77.89425488745186,78.30382360640466,76.33278762187481,76.81914520263672,4835923,0.0,0.0
2012-07-26,77.30550015951908,78.02223831924327,76.48636748618729,77.38229370117188,3489912,0.0,0.0
2012-07-27,78.0734145970598,79.58368873944332,77.89422658994872,78.45738220214844,1630782,0.0,0.0
2012-07-30,78.636593148098,81.11958765804559,78.636593148098,80.83800506591797,1524061,0.0,0.0
2012-07-31,80.94038348118032,81.40114467746787,80.07005365234475,80.37722778320312,2175207,0.0,0.0
2012-08-01,80.40282102312361,81.40113685244606,79.96766083764267,80.6332015991211,2556146,0.0,0.0
2012-08-02,80.68439976105023,84.21690217165892,80.65880816696861,83.70494842529297,9671479,0.0,0.0
2012-08-03,83.44898751168051,86.21355529963546,83.03942816294003,85.11285400390625,7677819,0.0,0.0
2012-08-06,85.34321881036992,86.26474123528976,84.37049444570283,84.8056640625,2442314,0.0,0.0
2012-08-07,84.62647868476108,85.98316139495819,84.11452489065506,85.67598724365234,2661046,0.0,0.0
2012-08-08,85.85516847989153,87.5190252094162,85.39440728948067,86.1367416381836,3725376,0.0,0.0
2012-08-09,86.18796723164841,87.28866857249004,86.13676528029788,87.00709533691406,2002569,0.0,0.0
2012-08-10,86.39273291078692,88.31257141991551,86.36713193926137,88.03099822998047,3726680,0.0,0.0
2012-08-13,88.03097998177898,88.46614016223867,87.57021883510066,88.15896606445312,1285842,0.0,0.0
2012-08-14,87.59581705788342,88.54294038915347,86.87908369160199,87.95419311523438,2061458,0.0,0.0
2012-08-16,87.92862898465759,88.05661513063956,86.85351911060938,87.03270721435547,2729293,0.0,0.0
2012-08-17,87.31425970014942,87.64703484954282,85.54800818466707,86.03437042236328,2073260,0.0,0.0
2012-08-21,85.75277776861468,89.49006939433613,85.75277776861468,88.9525146484375,1429356,0.0,0.0
2012-08-22,88.82453750913425,89.02932656122354,87.54464811753363,87.74942779541016,1054640,0.0,0.0
2012-08-23,87.80061367499886,88.26137489654542,86.87909123190573,87.28865051269531,1564212,0.0,0.0
2012-08-24,86.87910429988507,87.6214388104096,85.95758171818049,86.31594848632812,2305279,0.0,0.0
2012-08-27,86.23912801835455,86.9046687726555,85.54798629781564,86.49510955810547,1386114,0.0,0.0
2012-08-28,86.9558972692975,88.23578661062655,86.36714048543196,87.97980499267578,1425577,0.0,0.0
2012-08-29,88.5685506555213,88.5685506555213,86.98147794740305,88.21017456054688,1544942,0.0,0.0
2012-08-30,87.62143731972468,88.6965469800894,86.67431377990404,87.7750244140625,4716608,0.0,0.0
2012-08-31,87.03268649633156,87.237466155998,85.70159527296987,86.03437042236328,2548046,0.0,0.0
2012-09-03,86.13674478874127,87.64702388424637,85.80397905519126,86.41832733154297,1466667,0.0,0.0
2012-09-04,85.7527683900851,87.4422259781383,84.85684703630864,87.21184539794922,3008527,0.0,0.0
2012-09-05,86.52069427591195,86.82786834952371,85.44558501827076,86.29031372070312,1990410,0.0,0.0
2012-09-06,86.05926394457838,88.67801233439806,85.23768955421467,88.06183624267578,2656502,0.416667,0.0
2012-09-07,88.3955985403278,89.44823904268222,88.21588676839545,88.44695281982422,2222132,0.0,0.0
2012-09-10,87.88211805235815,88.72936020711359,87.75375116294414,88.31857299804688,999045,0.0,0.0
2012-09-11,87.62539317219225,89.7049879863746,87.62539317219225,89.52527618408203,1182187,0.0,0.0
2012-09-12,89.85901222204015,90.11575539994838,87.08621974819559,87.62537384033203,1961301,0.0,0.0
2012-09-13,87.80508858816964,88.52396379251564,87.29161167197994,87.88211059570312,885174,0.0,0.0
2012-09-14,89.08879456840417,89.26851573814896,85.776847910302,86.418701171875,3955598,0.0,0.0
2012-09-17,87.03488040124584,87.47133536951904,86.36735937881005,86.77813720703125,4568103,0.0,0.0
2012-09-18,86.77815414286773,87.65107365187704,84.72423639460874,85.41743469238281,6454300,0.0,0.0
2012-09-20,85.54578983092212,86.29034231627239,83.87698247794478,84.26209259033203,4992526,0.0,0.0
2012-09-21,84.31344232314163,87.00921326498191,84.2107525553306,86.6497802734375,5585490,0.0,0.0
2012-09-24,86.77813960184523,87.75375812552375,85.13500943941142,85.46876525878906,6174492,0.0,0.0
2012-09-25,86.59843018084972,86.88084112849808,84.26209237107881,84.69854736328125,5490320,0.0,0.0
2012-09-26,85.08365322786383,85.18635238647461,84.36478732389398,84.7242202758789,2600833,0.0,0.0
2012-09-27,84.67286984104638,85.1863467962001,83.5688845152596,84.39044952392578,4061846,0.0,0.0
2012-09-28,84.72423917823221,86.59844517893686,84.51885021728933,86.31602478027344,4339984,0.0,0.0
2012-10-01,86.26464426692655,87.75373947461519,85.95655625168753,87.3686294555664,2144904,0.0,0.0
2012-10-03,87.29160826753349,88.06182831282908,86.77812196926966,87.31727600097656,3038714,0.0,0.0
2012-10-04,87.77944853037262,88.7807350512594,87.31731628996333,87.72810363769531,1628727,0.0,0.0
2012-10-05,87.9078096854596,88.19022064957534,87.80511051573438,87.8307876586914,5077770,0.0,0.0
2012-10-08,87.47134817939204,89.39689891273721,87.31730412072443,88.0875244140625,3971575,0.0,0.0
2012-10-09,88.31855667208062,89.01175467055883,86.59840494392328,87.18890380859375,4318512,0.0,0.0
2012-10-10,86.7267981726844,86.82949733771048,84.98096877985574,85.49444580078125,3494575,0.0,0.0
2012-10-11,86.13630007646921,86.47005591279776,85.28905781146166,86.1876449584961,3171740,0.0,0.0
2012-10-12,86.1362999613516,87.4199972271284,82.25952161988822,86.72679901123047,3493448,0.0,0.0
2012-10-15,86.3160205482232,86.62410867558401,85.57147737446903,86.3416976928711,1736847,0.0,0.0
2012-10-16,87.16323428812032,87.2659334308986,85.64847129316792,86.11060333251953,2685001,0.0,0.0
2012-10-17,86.49572206241639,87.00919902373681,85.64847990508194,86.8038101196289,2057521,0.0,0.0
2012-10-18,86.90648947002666,87.08620119438355,85.82818151548848,86.62406921386719,2597175,0.0,0.0
2012-10-19,86.2646582099023,86.5214013981323,85.26337199853737,85.39173889160156,2697148,0.0,0.0
2012-10-22,85.49443681129094,87.1889211444877,84.85258355104622,86.85515594482422,7669023,0.0,0.0
2012-10-23,86.77813720703124,87.31729133341064,86.59842543297265,86.77813720703125,3873270,0.0,0.0
2012-10-25,86.26466128136845,88.03616771839654,86.26466128136845,86.93218231201172,6127437,0.0,0.0
2012-10-29,86.95785654508428,87.26594461078874,85.67415940534956,86.13629150390625,6255356,0.0,0.0
2012-10-30,85.75117686235617,86.70110874636897,85.13500076370954,85.31471252441406,1727032,0.0,0.0
2012-10-31,85.31471610841047,85.80252534103185,84.72421712310147,84.90393829345703,1363566,0.0,0.0
2012-11-01,84.72423328665961,85.41743155900501,84.5188443399991,84.9552993774414,2032327,0.0,0.0
2012-11-02,85.28906639175611,86.64978582023191,85.28906639175611,86.3416976928711,2905269,0.0,0.0
2012-11-05,86.21331244532293,86.54706824427335,85.31471599682193,85.98224639892578,766225,0.0,0.0
2012-11-06,85.85385167294395,86.90649192638288,85.62278567615483,86.59840393066406,4041392,0.0,0.0
2012-11-07,86.59842649774104,87.49701358538799,86.03359522436477,86.93218231201172,1919007,0.0,0.0
2012-11-08,86.5213906508581,87.72806562165867,86.08492634487244,87.29161071777344,1124715,0.0,0.0
2012-11-09,87.39432714684554,87.49702632116303,85.28906458911177,85.59715270996094,996217,0.0,0.0
2012-11-12,85.75119311921058,86.39303707558193,85.69983883318679,86.00792694091797,492702,0.0,0.0
2012-11-15,86.26465268928625,86.3673518384262,84.90393362316152,85.69982147216797,3604822,0.0,0.0
2012-11-16,85.28904069952026,86.41869369218189,85.13499668224364,85.44308471679688,1615603,0.0,0.0
2012-11-19,85.494447899236,86.67545541866507,85.44310301651392,86.44438934326172,1715472,0.0,0.0
2012-11-20,86.57275625111825,86.98354351920285,86.00792493276474,86.44438934326172,1722382,0.0,0.0
2012-11-21,86.36737247735641,86.49573939288103,82.87570399531612,83.18379211425781,1422200,0.0,0.0
2012-11-22,83.31214351187194,84.74989406720331,82.97838771325338,84.15938568115234,2491532,0.0,0.0
2012-11-23,84.95529000650747,85.69983308286587,81.28391010308899,81.8487319946289,5589343,0.0,0.0
2012-11-26,82.31085987398374,82.56760306730655,80.6420526226399,81.87440490722656,1546052,0.0,0.0
2012-11-27,82.38788636592494,82.51626267060884,81.15553401441417,81.41227722167969,2755759,0.0,0.0
2012-11-29,81.77170661771598,82.9270368967831,80.74475263772425,82.46490478515625,5650854,0.0,0.0
2012-11-30,82.87569080317796,83.69725585554481,82.0541257508111,83.38916778564453,2863034,0.0,0.0
2012-12-03,83.3891723290942,83.3891723290942,81.74604213483471,82.38788604736328,1932320,0.0,0.0
2012-12-04,81.92576533020595,82.72166279905446,81.1555450061924,81.4379653930664,4846658,0.0,0.0
2012-12-05,81.64333999720323,82.3108610266684,81.25822990287679,81.48929595947266,2524453,0.0,0.0
2012-12-06,81.84872226360787,83.28647276701655,80.41098116230032,82.72164154052734,3501546,0.0,0.0
2012-12-07,82.87568547141383,83.44051669726015,81.66901040930243,82.07978820800781,2357289,0.0,0.0
2012-12-10,82.15681823905393,82.15681823905393,80.10290083876076,80.56503295898438,2455482,0.0,0.0
2012-12-11,81.02715527130009,81.2838984410476,76.86796669273525,79.17862701416016,6035736,0.0,0.0
2012-12-12,79.0759360359855,79.58942242853408,77.9976324756271,78.66515350341797,4750851,0.0,0.0
2012-12-13,78.71649724648769,78.92188614701753,76.94499094837691,77.3301010131836,4176156,0.0,0.0
2012-12-14,77.48417139833917,78.66517443182661,76.68827856066854,78.45978546142578,6661347,0.0,0.0
2012-12-17,78.79354076941037,79.71780517726269,78.25438653149651,79.33269500732422,3585450,0.0,0.0
2012-12-18,79.56374478143545,80.35964210334436,79.12728981244119,79.82048797607422,3748833,0.0,0.0
2012-12-19,80.05155270923511,80.077220446804,78.74217372071305,79.46104431152344,3176259,0.0,0.0
2012-12-20,79.53807089259682,79.74346921754459,78.74217823920534,79.10161590576172,2750454,0.0,0.0
2012-12-21,78.79351698289771,79.1016050258416,78.33138491848189,78.63947296142578,2311826,0.0,0.0
2012-12-24,78.35705827445551,79.51239315010179,78.35705827445551,79.22997283935547,960300,0.0,0.0
2012-12-26,79.589417580925,79.92317337344119,79.10160835834576,79.74346160888672,1804845,0.0,0.0
2012-12-27,79.97453719536189,80.35964731122704,79.48672791456524,79.84616088867188,3842102,0.0,0.0
2012-12-28,79.84615238377202,81.1041817622986,79.84615238377202,80.43666076660156,2341050,0.0,0.0
2012-12-31,80.38531399695229,80.74475636844873,80.10290304972135,80.33396911621094,1004433,0.0,0.0
2013-01-01,80.56503623898763,81.00149123626731,79.48672791456524,79.84616088867188,3199340,0.0,0.0
2013-01-02,80.2569394211542,81.1298587229165,80.2312622821872,80.87311553955078,1543059,0.0,0.0
2013-01-03,81.00150111568576,81.84874347392372,80.5137011774966,80.89881134033203,2398482,0.0,0.0
2013-01-04,81.10417840124157,81.84872138105277,80.92445723972808,81.59198760986328,1718414,0.0,0.0
2013-01-07,81.64335973684862,81.77172666529322,80.48802917453472,80.92448425292969,1578249,0.0,0.0
2013-01-08,80.87311213544479,81.12985530800368,80.35963519242802,80.8474349975586,3392466,0.0,0.0
2013-01-09,80.92446932934946,81.77171158546992,79.69211695681062,79.94886016845703,2654666,0.0,0.0
2013-01-10,80.28261798826401,80.53935177409532,78.74217296381897,78.9732437133789,2174938,0.0,0.0
2013-01-11,79.07593009630328,79.6664384631687,78.20301551727097,78.40840911865234,2170936,0.0,0.0
2013-01-14,78.56246175645272,79.30700482860726,78.45976729502995,79.10161590576172,3964070,0.0,0.0
2013-01-15,79.15295187052578,80.35963633684631,78.61380248299518,79.92317199707031,3461724,0.0,0.0
2013-01-16,80.07722824447053,80.48801550869264,79.76914014682961,80.20560455322266,4860046,0.0,0.0
2013-01-17,80.17990781059599,80.77040671935593,79.76912064679325,80.66771697998047,3404166,0.0,0.0
2013-01-18,80.74475132068676,84.72421908297439,80.64205216352198,84.46747589111328,6943551,0.0,0.0
2013-01-21,84.51882619988316,86.00791219725285,82.5162538429159,82.97838592529297,5915312,0.0,0.0
2013-01-22,83.97967172064331,84.98095789455886,83.74860568050894,84.39044952392578,7570783,0.0,0.0
2013-01-23,84.72420386282721,85.00661474166995,82.74730890672791,83.49185180664062,3527212,0.0,0.0
2013-01-24,83.05543094223418,83.51756315260438,82.02846734071022,82.33655548095703,6844473,0.0,0.0
2013-01-25,82.41355039307061,83.18377049020211,81.64333029593911,81.82305145263672,3140762,0.0,0.0
2013-01-28,81.66903261184696,82.38789865606287,80.20561397612381,80.95015716552734,2397241,0.0,0.0
2013-01-29,81.02717475002261,81.38660775239516,80.5393654308645,80.77043151855469,2255316,0.0,0.0
2013-01-30,81.07851433234389,81.10419147444216,79.58942813269537,80.00020599365234,2663178,0.0,0.0
2013-01-31,79.6920986412115,81.2325387528464,79.48670976036028,80.66771697998047,4363621,0.0,0.0
2013-02-01,80.87312445233151,81.43795575714384,80.10290421945216,80.59071350097656,4770735,0.0,0.0
2013-02-04,80.38531079453398,81.10418610678575,79.58942286528938,79.87183380126953,2970045,0.0,0.0
2013-02-05,79.15295755043378,80.97581824879593,79.07593553225233,79.82048797607422,4846429,0.0,0.0
2013-02-06,79.56375158257164,79.56375158257164,77.20174125608484,77.9462890625,8673577,0.0,0.0
2013-02-07,76.55988317178496,77.45847491687447,75.76399058108044,76.0207290649414,38729497,0.0,0.0
2013-02-08,75.48157495809785,77.40712533968197,75.22483647423688,76.0207290649414,63758158,0.0,0.0
2013-02-11,76.4828792507768,76.58557372840642,75.53294240481029,75.81535339355469,11176224,0.0,0.0
2013-02-12,75.9437044173448,76.2261200305384,75.43022276637024,75.68696594238281,10261694,0.0,0.0
2013-02-13,75.89235467805004,76.58555278989604,75.68696577894418,76.12342071533203,7550848,0.0,0.0
2013-02-14,76.50853074328057,77.25307843009561,76.09774824420187,76.6625747680664,8997776,0.0,0.0
2013-02-15,76.50853627224534,77.74088855958917,76.48286383327599,76.99634552001953,8293090,0.0,0.0
2013-02-18,77.02202640075535,77.74089708014526,77.02202640075535,77.58685302734375,5849097,0.0,0.0
2013-02-19,77.66386831266759,78.92189306766862,77.612523433558,78.81919860839844,7641879,0.0,0.0
2013-02-20,79.20428984952306,79.20428984952306,77.92058833574008,78.25434875488281,7359352,0.0,0.0
2013-02-21,78.17734467460923,78.4340831557848,77.8435841789759,78.0489730834961,9864001,0.0,0.0
2013-02-22,77.99764570760287,78.25438424638084,76.81663808691039,77.81792449951172,6687661,0.0,0.0
2013-02-25,78.0489727002191,78.53678192342309,76.61123157143537,76.94499206542969,6820570,0.0,0.0
2013-02-26,76.5085362002334,78.10032613690457,76.25179770762871,77.5354995727539,15489027,0.0,0.0
2013-02-27,78.04899500664303,79.33269717520082,77.38147382787665,78.99893188476562,17892289,0.0,0.0
2013-02-28,79.2299909048249,80.20560954278243,76.97067961525765,77.48416137695312,52061134,0.0,0.0
2013-03-01,78.43196400723612,79.35345562434269,77.40516085306284,79.01118469238281,13675105,3.125,0.0
2013-03-04,78.93220897888224,79.2218217654346,77.80009415648364,78.6426010131836,7401386,0.0,0.0
2013-03-05,78.9848488336102,79.09016035843749,77.77374942511238,78.74789428710938,9228073,0.0,0.0
2013-03-06,78.95854223162357,79.45877812779626,77.9843923011112,78.16869354248047,4036280,0.0,0.0
2013-03-07,77.98438017047714,78.58993234490988,77.80008377862939,78.01071166992188,2665459,0.0,0.0
2013-03-08,78.45829526857513,79.2481438948388,76.37836215969855,78.48462677001953,10352704,0.0,0.0
2013-03-11,78.5899421715342,79.01119318593794,78.19501783901393,78.77423858642578,4646602,0.0,0.0
2013-03-12,78.7742343628553,79.37978658053689,77.5631347483455,77.826416015625,8030983,0.0,0.0
2013-03-13,77.66844325950073,77.82641297787318,76.77328312900796,77.29985046386719,5181219,0.0,0.0
2013-03-14,77.37883768574429,77.72110381238429,77.03656673825091,77.32617950439453,5177648,0.0,0.0
2013-03-15,77.51048531601032,78.0633794143059,76.61532504953068,76.85227966308594,7339272,0.0,0.0
2013-03-18,76.35202868873374,76.93124935619626,75.85178805602006,76.79960632324219,4130010,0.0,0.0
2013-03-19,76.87858901980862,77.45781449185735,75.69381621905376,75.98342895507812,6481281,0.0,0.0
2013-03-20,76.11508139569024,76.11508139569024,73.21896813991124,73.37693786621094,7130020,0.0,0.0
2013-03-21,73.3769226571543,74.24575597171695,71.69191419949878,72.63973236083984,11669824,0.0,0.0
2013-03-22,72.53444380782636,74.95664831066149,72.45545893078668,73.35062408447266,8164497,0.0,0.0
2013-03-25,74.19309738437953,76.24670338910761,73.92981617021135,75.00927734375,17176969,0.0,0.0
2013-03-26,74.24576247807016,75.50952013727137,74.24576247807016,75.14092254638672,9908035,0.0,0.0
2013-03-28,74.79866801088055,75.06194929027528,73.98249267015936,74.74600982666016,12897687,0.0,0.0
2013-04-01,74.79868035030181,76.29939305004388,74.79868035030181,75.56220245361328,6271503,0.0,0.0
2013-04-02,75.40421128333573,76.27304470488625,75.29889492742755,75.87812042236328,6370066,0.0,0.0
2013-04-03,76.06242435014401,77.37884036260131,75.5885151641618,76.56266021728516,9689164,0.0,0.0
2013-04-04,76.35204336469387,77.14189207253258,75.93078750661061,76.2467269897461,4413603,0.0,0.0
2013-04-05,76.08875971593586,76.08875971593586,73.35062065385925,74.24578094482422,8237944,0.0,0.0
2013-04-08,73.7455200269363,74.95661940082066,73.7191885308426,74.1667709350586,4069069,0.0,0.0
2013-04-09,74.56171944504362,75.43055304027187,74.1141368950959,74.53539276123047,10948111,0.0,0.0
2013-04-10,74.03514201287474,75.40421616142527,73.79818742803177,75.19358825683594,5051772,0.0,0.0
2013-04-11,74.77234471722451,75.03562600854885,73.45592861889519,73.8508529663086,5210389,0.0,0.0
2013-04-12,73.71921674278683,74.50906551081974,73.40327723557367,74.03515625,3156195,0.0,0.0
2013-04-15,73.7192187530598,74.4300826636742,73.29796767223979,74.2194595336914,1725936,0.0,0.0
2013-04-16,73.7981804485566,76.29936910341095,73.7981804485566,75.79913330078125,7185793,0.0,0.0
2013-04-17,75.82546460392821,76.90492595003242,75.66749488600335,75.90444946289062,5234630,0.0,0.0
2013-04-18,76.24671233402927,77.11554574564956,75.95710441072451,76.79960632324219,3661954,0.0,0.0
2013-04-22,76.37836968766719,78.72158911681855,76.37836968766719,78.43197631835938,5182513,0.0,0.0
2013-04-23,78.45829526857513,78.82689290111598,77.95805941222594,78.48462677001953,6070285,0.0,0.0
2013-04-25,78.22132205688057,82.09158422495037,78.22132205688057,81.74931335449219,22359763,0.0,0.0
2013-04-26,81.61771123139707,83.039439048476,80.74887274454997,81.56504821777344,9053696,0.0,0.0
2013-04-29,81.61769405831583,82.67081912527793,81.61769405831583,82.14425659179688,5796454,0.0,0.0
2013-04-30,82.64450232929029,83.19739639791824,81.95996038794598,82.8551254272461,6730076,0.0,0.0
2013-05-02,82.40754990503355,84.77709597602454,82.40754990503355,84.38217163085938,11285049,0.0,0.0
2013-05-03,84.0398895780919,85.77755646786447,83.67129678507257,83.88191986083984,12211286,0.0,0.0
2013-05-06,83.59232616040745,84.77709924153902,82.30223670260597,82.7761459350586,7553244,0.0,0.0
2013-05-07,83.67130992976088,84.51381200689269,82.24958225114025,83.11841583251953,8094973,0.0,0.0
2013-05-08,83.11841100212115,83.46067232890823,81.85465313901234,82.30223083496094,3415879,0.0,0.0
2013-05-09,82.14426110207233,83.14473286313103,81.61769853967944,82.30223083496094,2189985,0.0,0.0
2013-05-10,82.40752422545015,84.25049750078072,80.72251099725496,81.61767578125,9048691,0.0,0.0
2013-05-13,81.09113850378473,82.11794192163856,80.45926429826753,81.01215362548828,4008868,0.0,0.0
2013-05-14,81.14378894320551,81.61769813954797,80.48557851216079,81.06480407714844,6171589,0.0,0.0
2013-05-15,81.1964306771166,83.19738354454024,81.17009917829986,82.82878112792969,8046690,0.0,0.0
2013-05-16,82.82879566474374,83.72396072285288,82.06527848211711,82.38121795654297,6904082,0.0,0.0
2013-05-17,82.1969002701253,84.77707855617207,82.1969002701253,84.1978530883789,8793200,0.0,0.0
2013-05-20,84.3294968661647,84.75075265617703,83.48699492784634,84.01355743408203,7932806,0.0,0.0
2013-05-21,83.75030051733714,84.0135770109506,79.72206699876973,80.19597625732422,5568141,0.0,0.0
2013-05-22,80.56455899741262,82.09160287205015,80.09064982683961,81.48604583740234,3607292,0.0,0.0
2013-05-23,80.74884151224978,81.61767966304481,77.90538697789253,78.19499969482422,6475280,0.0,0.0
2013-05-24,79.51144600392412,79.69574244689942,78.51096926879883,78.98487854003906,4042612,0.0,0.0
2013-05-27,79.4851123694925,80.5119157630272,79.24815774021525,80.19597625732422,5049696,0.0,0.0
2013-05-28,80.06432516505758,82.24957466918823,80.06432516505758,81.67034912109375,6506010,0.0,0.0
2013-05-29,81.22277335878441,81.64401954761432,80.45925138418278,81.09112548828125,6831055,0.0,0.0
2013-05-30,80.30129431382711,82.90779046935985,80.30129431382711,82.46021270751953,7456255,0.0,0.0
2013-05-31,82.4075229044683,82.72346227708388,80.3802436565675,81.19641876220703,6589592,0.0,0.0
2013-06-03,81.09112409719008,81.11745559918046,79.43244676849854,80.143310546875,3084902,0.0,0.0
2013-06-04,80.19597039366107,81.93364236882898,80.1696437103955,81.11746215820312,3852181,0.0,0.0
2013-06-05,80.61722156254045,81.82832123513109,80.61722156254045,81.06480407714844,3213481,0.0,0.0
2013-06-06,80.38026012221574,80.66986805920384,79.1954872322102,79.3797836303711,2024972,0.0,0.0
2013-06-07,80.03799215916234,80.40658979003638,76.8785976683947,77.826416015625,2976812,0.0,0.0
2013-06-10,77.95805485915615,80.0379878465561,77.95805485915615,79.01118469238281,4559923,0.0,0.0
2013-06-11,78.56360929270781,80.24861803826624,78.56360929270781,79.09017181396484,7900899,0.0,0.0
2013-06-12,79.74839332657855,80.09065949524795,78.24768077193387,79.59042358398438,4622372,0.0,0.0
2013-06-13,78.27401017856025,79.3534717307928,77.93174399798345,78.826904296875,3067269,0.0,0.0
2013-06-14,79.56408519797256,80.19596411369665,78.72158319090948,80.03799438476562,3247035,0.0,0.0
2013-06-17,79.69571550210553,79.9853282324536,78.6162542534016,79.32711791992188,3494604,0.0,0.0
2013-06-18,78.9322010064803,79.24814044322518,77.16820742493907,77.29985046386719,2014850,0.0,0.0
2013-06-19,77.29985387451555,77.29985387451555,75.69382511963184,76.35203552246094,3829286,0.0,0.0
2013-06-20,75.77279843541673,75.77279843541673,73.19262986191337,73.82450866699219,6945070,0.0,0.0
2013-06-21,73.82454589893845,75.82549485054273,72.66609923177012,75.2989273071289,4564035,0.0,0.0
2013-06-24,74.77234649658203,76.69431009277967,74.03515114996472,74.77234649658203,5461852,0.0,0.0
2013-06-25,74.56173151326095,75.9571327565836,72.32382804301369,72.69242095947266,3104718,0.0,0.0
2013-06-26,73.40326340458724,74.71967937688159,73.21896700039031,74.40373992919922,4420333,0.0,0.0
2013-06-27,75.11461327517287,75.27258301917955,72.9293635427959,73.87718200683594,7682696,0.0,0.0
2013-06-28,73.90350443640305,76.14140726140896,73.48224862354415,75.6938247680664,6238158,0.0,0.0
2013-07-01,76.03609025422061,78.27399291839768,75.69381932826369,78.01071166992188,4106786,0.0,0.0
2013-07-02,77.87908377219644,78.08971170442754,76.37837120457804,76.66798400878906,2199507,0.0,0.0
2013-07-03,76.06241918081548,76.79960959084704,75.66749488600335,75.90444946289062,2415169,0.0,0.0
2013-07-04,76.8522756003028,77.35251148441212,75.4305479941307,75.85179901123047,5206243,0.0,0.0
2013-07-05,76.40469146747921,76.64164606350604,75.19359180584881,75.64117431640625,1406809,0.0,0.0
2013-07-08,75.37787890790577,75.5621801181766,73.16630295147965,73.92982482910156,3593552,0.0,0.0
2013-07-09,75.00930561585234,75.48321487248984,74.03515559663911,74.9303207397461,3879142,0.0,0.0
2013-07-10,75.56218147923961,75.72015119325835,73.90349948204303,74.29842376708984,2820000,0.0,0.0
2013-07-11,75.69382466737044,76.74695937726327,75.21991549417469,75.7464828491211,3935263,0.0,0.0
2013-07-12,75.87811417015006,77.24718329646994,74.6670099229703,76.93124389648438,3788784,0.0,0.0
2013-07-15,76.87859007724374,77.4051573806618,74.69334565080729,74.95662689208984,3253920,0.0,0.0
2013-07-16,74.7723416511041,75.87812977851762,74.43007068347842,75.40422058105469,2046444,0.0,0.0
2013-07-17,76.16773454516806,78.45829557013673,75.85179509344825,77.69477844238281,6237286,0.0,0.0
2013-07-18,77.82641611002535,78.11602887898148,76.24671886272543,77.14188385009766,3095780,0.0,0.0
2013-07-19,77.43148151644611,77.66843607207704,75.21990566389074,75.66748809814453,2725862,0.0,0.0
2013-07-22,75.66750726005807,76.06243161945295,74.69336211383539,75.32524108886719,3454150,0.0,0.0
2013-07-23,75.95711939349707,76.19407400704262,75.11461249393935,75.45687866210938,2947651,0.0,0.0
2013-07-24,74.9039835684648,76.08875662044854,73.71921051648107,74.35108947753906,3835554,0.0,0.0
2013-07-25,74.77234471722451,74.8513295867072,73.24530069332341,73.8508529663086,5287524,0.0,0.0
2013-07-26,74.7723507463135,75.00930537386782,73.08733684757999,74.27210998535156,2027745,0.0,0.0
2013-07-29,74.7460149922253,75.24625572475576,74.50906037813844,74.77234649658203,4503955,0.0,0.0
2013-07-30,74.5617088035301,74.79866338659217,71.87622352882669,72.50810241699219,2955787,0.0,0.0
2013-07-31,71.63928787451601,72.0605389709795,67.24246117567026,68.82215881347656,11718688,0.0,0.0
2013-08-01,69.50667656405894,71.29700165826608,67.92697936942123,69.26972198486328,5328572,0.0,0.0
2013-08-02,70.71779530998114,71.27068947798396,66.63691299814906,68.37458038330078,12243422,0.0,0.0
2013-08-05,68.5588736868106,71.849911857069,68.5588736868106,71.21803283691406,4082802,0.0,0.0
2013-08-06,70.82310408346243,72.1395154137328,70.40184821542435,71.00740051269531,5535063,0.0,0.0
2013-08-07,71.03372158733269,73.40326757972912,69.87528009384134,71.82357025146484,3382635,0.0,0.0
2013-08-08,71.11269269163539,73.03466061630982,70.69144175923888,72.19215393066406,8062657,0.0,0.0
2013-08-12,72.00787784165875,73.69288686689066,70.84943142508138,72.85037994384766,3215958,0.0,0.0
2013-08-13,71.84989801648953,76.06242239910459,71.82356651515246,75.6938247680664,7877853,0.0,0.0
2013-08-14,75.79913257080055,76.79960416642497,75.06193739198451,75.98342895507812,5916610,0.0,0.0
2013-08-16,75.61485320498775,76.08876246216565,72.66608610061007,73.53491973876953,7385864,0.0,0.0
2013-08-19,73.4032774448171,73.71921695293089,70.87576137990686,72.00788116455078,7231168,0.0,0.0
2013-08-20,71.56027439527286,72.61340412600073,70.53347134103605,71.6919174194336,4212328,0.0,0.0
2013-08-21,71.74460494543516,72.13952938517306,67.92700363492035,68.79583740234375,8885953,0.0,0.0
2013-08-22,68.63784629220491,69.8752774257129,66.39994343623417,69.05909729003906,6463108,0.0,0.0
2013-08-23,69.53300534791168,69.76995993427812,67.1897909855236,67.95330810546875,6045550,0.0,0.0
2013-08-26,68.55886176858166,70.29652877193281,68.45355022381457,69.7173080444336,5208382,0.0,0.0
2013-08-27,69.92792556145892,69.92792556145892,64.97821103904283,65.5311050415039,6612222,0.0,0.0
2013-08-28,65.03087089205715,67.13713557589931,64.55696169975668,66.50525665283203,6510321,0.0,0.0
2013-08-29,66.82118776303913,69.42768799493072,65.82071131960448,68.87479400634766,7207062,0.0,0.0
2013-08-30,68.34822660055539,69.48034607521346,67.13712709134872,68.92745208740234,4771605,0.0,0.0
2013-09-02,68.98012857725719,69.0064600851237,67.26879268353677,68.82215881347656,3644349,0.0,0.0
2013-09-03,68.6114999056047,69.26970530458891,66.16296984352687,67.42672729492188,4505785,0.0,0.0
2013-09-04,67.08446306579589,68.82212973314334,65.8207054895432,68.45353698730469,5532195,0.0,0.0
2013-09-05,70.86011704564038,71.12751698401541,68.96160392254609,69.7637939453125,14049868,1.666667,0.0
2013-09-06,69.95096372718757,72.14361462786088,68.72094076771408,71.82273864746094,6917160,0.0,0.0
2013-09-10,72.19710411963524,74.60367425695642,72.19710411963524,74.12236022949219,6076485,0.0,0.0
2013-09-11,74.6036715475054,75.37912352898368,72.35753950091383,73.58756256103516,6099210,0.0,0.0
2013-09-12,73.37364976848406,75.35238191329137,73.37364976848406,74.57693481445312,3425737,0.0,0.0
2013-09-13,74.01540091844159,75.67325703140139,73.80148194740383,75.45934295654297,4770879,0.0,0.0
2013-09-16,76.3684885799572,77.81243059092279,75.61977953966444,76.4487075805664,3363045,0.0,0.0
2013-09-17,76.7428394894743,77.19741052625265,74.06886974948696,74.95127868652344,3253344,0.0,0.0
2013-09-18,75.0849916446283,78.02635690949059,74.60367759562428,77.49156188964844,3385705,0.0,0.0
2013-09-19,79.20290386433827,81.07468409832589,77.91939965642905,78.6681137084961,6172186,0.0,0.0
2013-09-20,78.61464232545175,80.21902278107322,77.35787600315474,79.30987548828125,7444515,0.0,0.0
2013-09-23,78.0798370539027,79.47030319873159,75.61979060599917,76.36849975585938,3949818,0.0,0.0
2013-09-24,75.4325890283826,78.18677763033419,75.4325890283826,77.78568267822266,5242308,0.0,0.0
2013-09-25,77.78569850219952,80.11204969769699,77.17068448512308,79.68421173095703,6482338,0.0,0.0
2013-09-26,79.4168187907798,80.21900887957555,78.1600526862732,80.0585708618164,5339222,0.0,0.0
2013-09-27,80.21900101391793,80.21900101391793,78.42744495666686,79.12267303466797,3507892,0.0,0.0
2013-09-30,78.53440960935512,80.0853088139798,76.8498104246805,78.85528564453125,3204026,0.0,0.0
2013-10-01,78.9889713838678,79.36332342662918,76.74283954258416,76.93001556396484,2797074,0.0,0.0
2013-10-03,77.81245838692732,78.21355353325168,76.71613002158038,76.956787109375,3279723,0.0,0.0
2013-10-04,76.47545737766515,77.59852355892686,76.04762427400641,76.26154327392578,3612411,0.0,0.0
2013-10-07,76.20804841231465,76.31500544469328,75.00476343738336,76.07434844970703,3224995,0.0,0.0
2013-10-08,76.52893572274876,77.46482580704357,75.45935055225455,77.19742584228516,3346064,0.0,0.0
2013-10-09,76.82306179270682,78.18678475413843,75.94065281766284,77.62525177001953,4318908,0.0,0.0
2013-10-10,77.67873556985006,79.39007762258326,77.54504049110932,79.09593963623047,2296868,0.0,0.0
2013-10-11,79.68421462323592,79.68421462323592,76.84981124755714,77.0369873046875,2701158,0.0,0.0
2013-10-14,76.90329335165438,77.0904694115406,75.99414129808169,76.82307434082031,3127916,0.0,0.0
2013-10-15,77.01025485291021,78.56115418663794,76.6626407512592,77.59852600097656,2091946,0.0,0.0
2013-10-17,77.27763670132629,78.56114072900881,76.47544668402469,76.76958465576172,2833284,0.0,0.0
2013-10-18,76.9032952854268,78.77507061989519,76.87655235035639,77.99961853027344,3187678,0.0,0.0
2013-10-21,77.54503541955624,79.14941542895272,77.33111645291031,78.96223449707031,1621572,0.0,0.0
2013-10-22,78.21352918427223,79.95160924264921,78.21352918427223,79.5505142211914,2660610,0.0,0.0
2013-10-23,79.6842100385339,80.08530506372146,76.58241177453651,77.73221588134766,3086637,0.0,0.0
2013-10-24,77.70550034179284,78.80182379725207,75.99415780808417,76.63591003417969,3471686,0.0,0.0
2013-10-25,77.01022565857438,78.82852428535014,76.26151676339767,77.6519775390625,2065893,0.0,0.0
2013-10-28,77.54504429660957,78.42745340279238,76.87654928538153,77.0369873046875,1760308,0.0,0.0
2013-10-29,77.01023942559671,78.32048145043082,76.50218739477923,78.1065673828125,3765444,0.0,0.0
2013-10-30,78.34723411575281,79.52377632237784,77.38460600332517,78.74832916259766,4905508,0.0,0.0
2013-10-31,78.61462767695038,80.19226979640484,77.83917563583213,79.7376937866211,6810687,0.0,0.0
2013-11-01,78.88199850044428,79.73766928648338,77.94611362739778,78.21350860595703,3012600,0.0,0.0
2013-11-05,77.83917712562949,79.20290028490196,77.43808207878465,78.74832916259766,3613442,0.0,0.0
2013-11-06,78.50766827378848,82.01056157985492,78.2135302885069,81.60946655273438,8141023,0.0,0.0
2013-11-07,82.67904503551387,83.10688296095093,81.18162698502157,81.6629409790039,6367130,0.0,0.0
2013-11-08,81.18163810437409,82.2779613100432,80.37944800452848,81.58273315429688,2839766,0.0,0.0
2013-11-11,81.021207706657,81.28860279970138,78.40071816857301,80.37945556640625,3062167,0.0,0.0
2013-11-12,80.21899549553171,81.39554239485915,79.30984851197533,79.76441955566406,4151676,0.0,0.0
2013-11-13,79.2563737695726,81.02119180897604,78.69484075703515,79.95160675048828,5285791,0.0,0.0
2013-11-14,80.05857701708855,82.73254744944806,80.00509604166372,81.71643829345703,6291426,0.0,0.0
2013-11-18,82.090762965932,83.88231873715115,81.98380594704949,83.4544906616211,5252539,0.0,0.0
2013-11-19,83.42774986221328,83.69514976050611,82.67903602240769,82.91969299316406,2224850,0.0,0.0
2013-11-20,82.35818392819807,84.22996417396169,82.11753178388106,82.70580291748047,4429058,0.0,0.0
2013-11-21,82.49186051072826,82.5453365705942,79.76441009132328,80.32594299316406,2906565,0.0,0.0
2013-11-22,80.53989162244247,81.23512472269094,79.92487753775421,80.67359161376953,1809681,0.0,0.0
2013-11-25,80.7538008520456,81.28859096024368,79.79117278187358,80.29922485351562,3740748,0.0,0.0
2013-11-26,80.21900429156126,80.67358028127326,79.06920019544204,79.5505142211914,3962067,0.0,0.0
2013-11-27,79.20288574722915,79.68419971509788,78.24025781149167,78.40069580078125,3264091,0.0,0.0
2013-11-28,78.61462560193291,79.89812969339305,78.4541875905004,79.09593963623047,4352876,0.0,0.0
2013-11-29,78.74832916259766,80.96771849101927,78.48092920058124,78.74832916259766,3303144,0.0,0.0
2013-12-02,78.69483838685137,79.68420441374968,78.02634835745296,78.641357421875,2954820,0.0,0.0
2013-12-03,78.37396378734253,78.5344017889543,77.35785481174167,77.91938781738281,3767403,0.0,0.0
2013-12-04,77.86591585513668,78.50766789543675,77.11720187733357,77.73221588134766,7639952,0.0,0.0
2013-12-05,78.9889713838678,78.9889713838678,76.47543963069306,76.93001556396484,4989733,0.0,0.0
2013-12-06,77.01025095591012,80.11205436258314,76.95676998290855,79.65747833251953,6979000,0.0,0.0
2013-12-09,81.8768498696649,82.91969183216258,80.67356503273079,82.06402587890625,8053626,0.0,0.0
2013-12-10,77.57177670446225,77.97287172361665,72.1971034477932,72.75863647460938,70340673,0.0,0.0
2013-12-11,74.33626801701338,75.05823894952911,73.61429708449764,74.46996307373047,17877327,0.0,0.0
2013-12-12,74.52346851746327,74.89782557085259,73.98867342636143,74.68390655517578,4172881,0.0,0.0
2013-12-13,74.49671396862762,74.49671396862762,73.07950998414931,73.4271240234375,4479121,0.0,0.0
2013-12-16,74.14910186460408,74.14910186460408,73.13299768809163,73.77474975585938,4046638,0.0,0.0
2013-12-17,73.37364942013922,73.82822050456095,71.95644540733299,72.17036437988281,7933232,0.0,0.0
2013-12-18,72.17036435595,72.7318973745501,71.87622638081396,72.43775939941406,3735968,0.0,0.0
2013-12-19,72.46448514704747,72.7586230723063,71.47511924743652,72.19709014892578,5380558,0.0,0.0
2013-12-20,72.2238404031608,72.78537342157607,71.66230738474553,72.70515441894531,6570934,0.0,0.0
2013-12-23,72.54472259533226,73.74800773732734,72.19710851970471,73.15973663330078,6055507,0.0,0.0
2013-12-24,73.26669630515774,74.12236740217793,73.18647729281773,73.69453430175781,4551934,0.0,0.0
2013-12-26,73.4806085429951,74.81759359104831,72.9190755082779,73.34690856933594,13055290,0.0,0.0
2013-12-27,73.69451329299844,73.85495127194098,73.2934183456421,73.40037536621094,1860684,0.0,0.0
2013-12-30,73.45386947320348,73.80148352441083,72.67841747077848,72.75863647460938,1614116,0.0,0.0
2013-12-31,73.02602088002321,73.37363977675206,72.73188783962647,73.26667785644531,2409212,0.0,0.0
2014-01-01,73.53410273534126,74.14911195317572,73.05278861902887,73.90845489501953,1455872,0.0,0.0
2014-01-02,74.2293174768694,74.2293174768694,72.00992827483593,72.14362335205078,5717758,0.0,0.0
2014-01-03,72.19707909593566,72.46447405312061,70.32530460328549,70.45899963378906,8674634,0.0,0.0
2014-01-06,71.02054950316193,71.12751142862946,69.71030753370582,70.67293548583984,3642922,0.0,0.0
2014-01-07,70.67293215621737,71.02054615716227,69.25572832806263,69.44290924072266,4134439,0.0,0.0
2014-01-08,69.87074167606869,71.07402654993899,69.04181372835093,69.282470703125,7126702,0.0,0.0
2014-01-09,69.41617964185183,71.66231185564558,69.25574162658084,71.47513580322266,8778927,0.0,0.0
2014-01-10,71.52861666911575,71.60883567663394,70.05793160049576,70.2718505859375,2977110,0.0,0.0
2014-01-13,69.7905351024563,71.34143425045104,69.7370541331532,70.99382019042969,2740131,0.0,0.0
2014-01-14,70.43227685546874,70.86010985882581,69.950962890625,70.19161987304688,3258642,0.0,0.0
2014-01-15,70.72642517089844,71.04730119451509,70.29858720862318,70.72642517089844,6699776,0.0,0.0
2014-01-16,70.88685715795184,71.7692661479007,70.88685715795184,71.20773315429688,6285789,0.0,0.0
2014-01-17,71.23447810661706,71.52861609722528,70.13815004724063,70.3788070678711,11623734,0.0,0.0
2014-01-20,70.592731219781,71.39492134727851,70.32533614267516,70.51251220703125,2745912,0.0,0.0
2014-01-21,70.37881892647523,71.12753304760123,69.38945264034929,69.92424774169922,10881428,0.0,0.0
2014-01-22,69.79052652796616,71.23446845613098,69.79052652796616,70.9403305053711,5326298,0.0,0.0
2014-01-23,70.45901844571334,70.80663736866045,69.92422838855931,70.11140441894531,4757301,0.0,0.0
2014-01-24,69.95098322412798,70.53925438676622,69.87076420666912,70.3253402709961,3696074,0.0,0.0
2014-01-27,69.65685233662525,69.89750941367636,69.041843070504,69.22901916503906,3239786,0.0,0.0
2014-01-28,69.41616765153088,70.59271452568524,68.53375871995982,68.72093963623047,4517826,0.0,0.0
2014-01-29,69.3894351368219,69.79053013761278,68.05245016879257,68.34658813476562,4822945,0.0,0.0
2014-01-30,67.94549474682277,69.60335575483809,67.46418073444859,68.56050872802734,7202320,0.0,0.0
2014-01-31,69.38852334163933,70.0785427721889,68.17408449431575,69.80253601074219,5243067,3.333333,0.0
2014-02-03,69.55413055419922,69.71973562694731,69.05731533595494,69.55413055419922,3485053,0.0,0.0
2014-02-04,69.49894463856735,72.12102730043473,69.22293779926916,71.87261962890625,12610135,0.0,0.0
2014-02-05,72.09342080646137,73.25265648912493,70.16135796611108,73.08705139160156,10196260,0.0,0.0
2014-02-06,72.86622206485264,74.02545741588438,72.20380186426307,73.74945068359375,9847101,0.0,0.0
2014-02-07,73.80466143845882,75.12950206295692,73.2802470425503,75.04669952392578,14496663,0.0,0.0
2014-02-10,74.60509889320733,75.40552524224057,73.58386910944306,74.63269805908203,12770959,0.0,0.0
2014-02-11,74.19108146814699,74.35668656070982,71.78980762598599,72.94904327392578,4323632,0.0,0.0
2014-02-12,72.97664502810025,73.14225012654062,71.78981017389978,72.17622375488281,7385424,0.0,0.0
2014-02-13,72.42462773344688,72.5626286059116,71.56899806560759,71.8174057006836,8281903,0.0,0.0
2014-02-14,72.53504102081608,73.36306660324549,71.56900949002608,73.00425720214844,2701371,0.0,0.0
2014-02-17,73.031841850223,74.10827489336688,73.031841850223,73.88746643066406,1433607,0.0,0.0
2014-02-18,73.74946556360761,74.27387997692747,73.41825539648643,73.88746643066406,2029621,0.0,0.0
2014-02-19,74.1910770288823,74.1910770288823,72.89383553013921,73.05944061279297,1336074,0.0,0.0
2014-02-20,72.86625353640768,73.19746377975498,72.09343131988638,72.36943817138672,2206638,0.0,0.0
2014-02-21,72.61783164381846,73.97027152154799,72.14861553960499,73.1146469116211,2003629,0.0,0.0
2014-02-24,70.93417668964928,70.98937501301626,64.22717103742296,64.53077697753906,36210670,0.0,0.0
2014-02-25,64.83439308161613,65.57961599060022,62.847131990991876,63.95116424560547,19414470,0.0,0.0
2014-02-26,64.06156445697874,64.44797292694773,63.15073655026277,63.73035430908203,13113314,0.0,0.0
2014-02-28,64.03396435360243,64.28237198047485,61.82589992842497,62.04670333862305,12666675,0.0,0.0
2014-03-03,62.37790775967688,62.571117043128645,61.08067141923832,61.38427734375,13692330,0.0,0.0
2014-03-04,61.54988456737128,63.01273108219755,61.163476094674394,62.84712600708008,13353066,0.0,0.0
2014-03-05,63.205950090164194,63.26115347939333,62.129516850331584,62.957542419433594,7578528,0.0,0.0
2014-03-06,62.59871624551886,64.75158214814252,62.59871624551886,64.42037200927734,9094195,0.0,0.0
2014-03-07,64.1995762613489,64.66879240215404,63.95116860807558,64.22718048095703,8511816,0.0,0.0
2014-03-10,64.58601379394531,65.8832559265662,63.31637589116581,64.58601379394531,11137770,0.0,0.0
2014-03-11,64.5859695360234,65.19318636840705,64.03395101776049,64.80677795410156,4559572,0.0,0.0
2014-03-12,64.58598255347961,65.082797803891,64.25477238653869,64.66878509521484,4020171,0.0,0.0
2014-03-13,64.61359376517396,65.30361844421996,63.86837075058852,64.17198181152344,5828080,0.0,0.0
2014-03-14,64.1167635684251,64.80678808761569,63.50954664109395,64.61357879638672,4629595,0.0,0.0
2014-03-18,64.75157645033819,65.46920003935413,64.03395286132226,65.0827865600586,5970177,0.0,0.0
2014-03-19,65.13800706834934,65.63482236364895,63.647561182450495,64.0063705444336,6197394,0.0,0.0
2014-03-20,63.75797106925761,64.3099898194147,63.619965118251535,63.89597702026367,6169582,0.0,0.0
2014-03-21,64.19956576925081,64.25476914557858,62.6815209319626,62.84712600708008,10357064,0.0,0.0
2014-03-24,63.37154718111626,63.61995482039834,62.2675149133736,62.90233612060547,10494283,0.0,0.0
2014-03-25,63.42673820347758,63.86835001374511,62.84712049143536,63.537139892578125,9248385,0.0,0.0
2014-03-26,63.868365918039025,64.25477950691243,63.20594551075127,63.426753997802734,8384493,0.0,0.0
2014-03-27,63.64755292338607,65.02759186200781,63.61994870798485,64.47557830810547,13665529,0.0,0.0
2014-03-28,65.05517748303338,67.34604369006034,64.80676993861856,66.76642608642578,6616512,0.0,0.0
2014-03-31,67.34606417312777,68.36729886890319,65.52440829336896,66.18682861328125,10660725,0.0,0.0
2014-04-01,66.68365257501608,67.59448063402604,65.99363300281257,67.31847381591797,6046722,0.0,0.0
2014-04-02,67.45647934616417,68.61571505065875,67.18046747584962,67.84288787841797,13108323,0.0,0.0
2014-04-03,68.50530352341352,68.53290774084786,67.20806702771905,67.89808654785156,12946982,0.0,0.0
2014-04-04,67.92567566164973,67.92567566164973,66.02121741829632,66.40763092041016,5541157,0.0,0.0
2014-04-07,66.79406422398337,67.12527445145128,65.46922331411174,65.91083526611328,6490387,0.0,0.0
2014-04-09,66.46284412291449,66.6836475391796,65.71762122182068,66.54564666748047,9281888,0.0,0.0
2014-04-10,66.57323841108568,68.53290009868729,66.57323841108568,68.28449249267578,10141159,0.0,0.0
2014-04-11,67.89806720132188,69.11250586027607,67.5116537521399,68.78129577636719,6236364,0.0,0.0
2014-04-15,69.00211482136744,69.49893006021057,67.8980826418936,69.2229232788086,5485220,0.0,0.0
2014-04-16,69.00212507449776,69.49894038716342,67.0148638238351,67.67728424072266,5616406,0.0,0.0
2014-04-17,67.73249270873148,68.17410466850183,66.65605945052425,67.87049865722656,6867484,0.0,0.0
2014-04-21,67.89809085162862,68.89172144945734,67.89809085162862,68.75371551513672,4605685,0.0,0.0
2014-04-22,68.78131573409946,68.9745199878186,67.92568606648699,68.3396987915039,3041050,0.0,0.0
2014-04-23,68.17409774939546,68.94692491789185,67.2356705349259,67.40127563476562,13376614,0.0,0.0
2014-04-24,67.40127563476562,67.40127563476562,67.40127563476562,67.40127563476562,0,0.0,0.0
2014-04-25,67.62205493560627,68.17406832759588,65.24838117768493,65.41398620605469,12876661,0.0,0.0
2014-04-28,65.57962111371441,65.91083132135942,64.91720069842435,65.11040496826172,6154653,0.0,0.0
2014-04-29,65.19320133333173,65.60721405359817,64.8619911571186,64.94479370117188,5773446,0.0,0.0
2014-04-30,65.1380085429592,65.66242301524733,63.67516178906077,64.22718048095703,9712130,0.0,0.0
2014-05-02,64.58599585536892,64.58599585536892,62.985148070071894,63.17835235595703,3966110,0.0,0.0
2014-05-05,63.178336157315016,63.56474968387772,62.65392177073163,62.84712600708008,3026912,0.0,0.0
2014-05-06,63.09551239013671,63.86833412936654,62.819505709096944,63.09551239013672,4540122,0.0,0.0
2014-05-07,63.20595231910051,64.47559493907511,62.92994547095556,63.89597702026367,10973022,0.0,0.0
2014-05-08,64.06156863704733,64.42037796939277,63.42674746086744,63.78555679321289,4068682,0.0,0.0
2014-05-09,63.75795575031358,65.41400654902303,63.75795575031358,65.2208023071289,7282917,0.0,0.0
2014-05-12,65.2760024898854,67.3460660472165,65.2760024898854,66.84925079345703,9694725,0.0,0.0
2014-05-13,68.45010190429636,71.98300693348718,67.51166974171812,67.78768157958984,31052673,0.0,0.0
2014-05-14,68.61570923124933,69.66453807711859,68.00848721115011,69.27812957763672,11972526,0.0,0.0
2014-05-15,69.74733427301074,72.50742216768519,69.05731482627498,71.37578582763672,27813334,0.0,0.0
2014-05-16,72.86624764361274,76.53715919255126,72.03822210220805,72.64543914794922,33854530,0.0,0.0
2014-05-19,73.97026524504085,82.14011730696882,73.97026524504085,80.37366485595703,37340962,0.0,0.0
2014-05-20,82.91294101683786,83.63056470886262,77.58597933881612,78.52440643310547,27876390,0.0,0.0
2014-05-21,79.65604512993511,81.47770104766751,78.99362479621423,80.4012680053711,19178840,0.0,0.0
2014-05-22,81.53289419134123,86.55624944272773,81.03607900341943,85.12100219726562,21883489,0.0,0.0
2014-05-23,86.97026408460927,89.75794600011704,85.61781933959504,88.43310546875,31643096,0.0,0.0
2014-05-26,90.39277463682137,92.51804669026149,82.94055066423337,86.25264739990234,30787939,0.0,0.0
2014-05-27,85.75583468426672,87.82589836434825,82.52654039720592,85.09341430664062,15720531,0.0,0.0
2014-05-28,84.5138019618777,86.55626648794888,83.13375781681704,83.60297393798828,16776397,0.0,0.0
2014-05-29,83.87898579335004,85.50743262542429,82.80255260942748,83.98938751220703,19643784,0.0,0.0
2014-05-30,84.43101243536623,90.42039595274167,84.403408212656,88.59873962402344,73948783,0.0,0.0
2014-06-02,89.97876267155243,89.97876267155243,85.83863539973663,87.90869903564453,23162924,0.0,0.0
2014-06-03,88.59873746711601,91.02761588218821,88.26752723359408,90.64119720458984,17474580,0.0,0.0
2014-06-04,90.64116968022066,91.57960175947709,89.28873504251325,91.0827865600586,15352701,0.0,0.0
2014-06-05,91.35882611571014,91.82803724395482,89.42676305092084,90.64119720458984,15279402,0.0,0.0
2014-06-06,91.60722570742115,93.23567250929827,89.70276703271966,91.35881805419922,19315740,0.0,0.0
2014-06-09,92.18683659894509,92.43524423339638,90.19957552333477,91.27600860595703,25865088,0.0,0.0
2014-06-10,91.63481399346018,92.13162926831822,89.31634271078936,90.28237915039062,14224449,0.0,0.0
2014-06-11,90.53075964463012,90.69636468659729,86.556238637418,87.27385711669922,14206075,0.0,0.0
2014-06-12,87.24628731449431,89.09554771499809,86.69427365948235,88.46073150634766,12429926,0.0,0.0
2014-06-13,88.9575395539682,89.4267506169735,83.63057233624373,84.65180206298828,10967294,0.0,0.0
2014-06-16,85.72823469532506,86.0870389701142,82.83014068806604,84.40338897705078,12481705,0.0,0.0
2014-06-17,84.12738437551162,86.11464542375207,83.24415555833826,85.5074234008789,10358026,0.0,0.0
2014-06-18,85.45224101755879,86.52867428619084,82.83015829396093,83.63058471679688,8380605,0.0,0.0
2014-06-19,84.07217991053314,85.06581547570116,83.10615361601148,84.18258666992188,5728864,0.0,0.0
2014-06-20,83.90659082060657,85.28663514511757,83.40977547024667,83.71338653564453,6774481,0.0,0.0
2014-06-23,83.68576779406226,84.56899150776756,83.35455763795629,84.2101821899414,4848633,0.0,0.0
2014-06-24,84.2101780134506,86.16983463730908,84.2101780134506,85.47982025146484,7600201,0.0,0.0
2014-06-25,85.61785102113552,87.02549460658939,85.61785102113552,86.58387756347656,6841432,0.0,0.0
2014-06-26,86.77706650245283,87.02547413557053,83.85137828591078,84.07218170166016,8401051,0.0,0.0
2014-06-27,84.37578105456724,85.20380638385642,83.40974981910801,84.04457092285156,5560653,0.0,0.0
2014-06-30,84.62419185079882,86.55625439471842,84.43098761795316,86.22504425048828,6654506,0.0,0.0
2014-07-01,86.30786391006573,86.9426801098775,85.20382650767995,85.34182739257812,6297392,0.0,0.0
2014-07-02,86.08705476105843,88.40552634904992,85.86625131239913,88.18472290039062,7988010,0.0,0.0
2014-07-03,88.57111238211648,88.62632081318856,86.4182463713324,86.85986328125,8342023,0.0,0.0
2014-07-04,87.21868711790157,88.10191092585886,85.45222939425408,87.52229309082031,5265894,0.0,0.0
2014-07-07,88.01909574634688,89.37154053659133,87.21867460112094,89.06792449951172,8956964,0.0,0.0
2014-07-08,89.04034747787587,89.39915179748124,84.04459014593385,84.45860290527344,12156387,0.0,0.0
2014-07-09,84.45857237166314,85.12099254712717,82.25050343549478,83.16133117675781,9043510,0.0,0.0
2014-07-10,83.35456012939702,85.50742115456819,80.40126779789058,83.43736267089844,13559970,0.0,0.0
2014-07-11,83.35455604888432,84.29298312200574,80.89807908664008,82.63693237304688,10351554,0.0,0.0
2014-07-14,82.6369536019033,83.02336722721594,80.40128451648107,81.58811950683594,11540643,0.0,0.0
2014-07-15,82.38852491979232,82.80253760783148,78.7176141038004,80.37366485595703,10179867,0.0,0.0
2014-07-16,80.62208265440397,81.2845030389554,79.2420385019663,80.95329284667969,7859427,0.0,0.0
2014-07-17,80.42887785176544,83.40976974947644,80.37367951920046,83.02336120605469,9859254,0.0,0.0
2014-07-18,82.77493828674872,82.85774082419665,81.2568883976259,82.63693237304688,6878970,0.0,0.0
2014-07-21,82.91294312118423,83.38215920717066,81.53290413347409,81.6985092163086,5186373,0.0,0.0
2014-07-22,81.89172393065674,83.16136137674236,81.80892137865405,82.7197494506836,5630430,0.0,0.0
2014-07-23,82.80254216734824,82.99574641445002,81.28449724556889,82.58173370361328,6522207,0.0,0.0
2014-07-24,82.69213574930077,83.24414929637652,82.14011714835922,82.63693237304688,4997533,0.0,0.0
2014-07-25,82.55414876332816,83.0785632694458,81.14650530397351,82.22293853759766,5286123,0.0,0.0
2014-07-28,81.75372525789412,82.58175085150502,81.33971246108867,82.27814483642578,5082846,0.0,0.0
2014-07-30,82.25052934261723,83.02335649332552,81.47770724577539,82.69214630126953,9857760,0.0,0.0
2014-07-31,82.30572943702232,82.69214299693559,79.54564629813595,80.07006072998047,15144315,0.0,0.0
2014-08-01,79.15925824525895,79.15925824525895,77.31000250225523,77.6964111328125,12284623,0.0,0.0
2014-08-04,77.88959828759454,78.5796178343949,77.39278300097034,78.0,7652047,0.0,0.0
2014-08-05,78.02758676451602,78.24839520810255,76.78554874533978,77.66877746582031,6931879,0.0,0.0
2014-08-06,77.9447896795442,78.35880238154934,77.33757273455868,77.53077697753906,3887728,0.0,0.0
2014-08-07,77.28236324156569,78.02758604621107,76.95115310616774,77.75157928466797,6392932,0.0,0.0
2014-08-08,77.08915328090947,77.28235749423487,75.62630694040223,76.15072631835938,7064228,0.0,0.0
2014-08-11,76.84077150143044,77.25478427891659,74.54989911471807,74.99151611328125,10713357,0.0,0.0
2014-08-12,75.40552294892059,77.88959941809587,75.40552294892059,77.0063705444336,9039367,0.0,0.0
2014-08-13,77.03431644934376,78.45984259299736,76.69889853318998,78.2362289428711,11213353,1.458333,0.0
2014-08-14,78.37598329570652,79.6338004039575,77.76104707518098,79.41018676757812,6022137,0.0,0.0
2014-08-18,79.35429377355032,80.55621148838841,78.87912176356473,79.71766662597656,4284195,0.0,0.0
2014-08-19,79.9971899544953,80.72393063285234,79.74562646407236,80.44441223144531,4693840,0.0,0.0
2014-08-20,80.64004663018687,81.45063639068783,80.08101514999241,81.2270278930664,5256523,0.0,0.0
2014-08-21,81.5903958932977,81.5903958932977,79.38222998179103,79.6617431640625,5082678,0.0,0.0
2014-08-22,79.71764784774497,80.19281974579943,78.9629576493486,79.6617431640625,2244943,0.0,0.0
2014-08-25,79.54995751364288,79.88537545801795,78.37599470833015,79.27043914794922,3546333,0.0,0.0
2014-08-26,79.15863725378158,79.38225092944897,77.87287013435568,78.8232192993164,4221902,0.0,0.0
2014-08-27,79.07476540021999,79.10271518426366,76.72684023457188,77.98465728759766,6853485,0.0,0.0
2014-08-28,77.70515662471115,78.26418310416483,76.50323894593558,76.81070709228516,9693754,0.0,0.0
2014-09-01,77.53745479234625,78.51575378045013,76.81071416049517,78.09648132324219,8027535,0.0,0.0
2014-09-02,78.26418243190153,79.10272726195072,77.59334656786217,78.37599182128906,9808087,0.0,0.0
2014-09-03,78.79527216397008,79.01888072909966,77.56540458346946,78.09648132324219,8610758,0.0,0.0
2014-09-04,78.54370363213613,79.9412749874569,77.53744979963076,79.6338119506836,8089474,0.0,0.0
2014-09-05,79.49403135122033,80.22077174048276,78.8231956436151,79.8573989868164,7229092,0.0,0.0
2014-09-08,79.94127330299074,80.47235511544798,78.32008831302758,78.5157470703125,7560633,0.0,0.0
2014-09-09,78.599609375,79.15864103181366,78.09648241928932,78.599609375,5354294,0.0,0.0
2014-09-10,78.26418227460728,78.65550490053425,77.59334641191616,77.92876434326172,5533008,0.0,0.0
2014-09-11,78.79526485300222,79.04682830398585,77.64925187027526,78.2641830444336,5190961,0.0,0.0
2014-09-12,77.87285491066514,78.34802684121624,76.86660124398635,77.00635528564453,7044129,0.0,0.0
2014-09-15,76.75480816968889,77.56540327935294,75.80445898868653,75.97216796875,7995969,0.0,0.0
2014-09-16,76.02807575333061,76.30758902542166,73.68014993716379,73.87580871582031,7761553,0.0,0.0
2014-09-17,74.09940907475043,74.79819468831106,73.62423199140932,74.71434020996094,5975778,0.0,0.0
2014-09-18,74.07146895564985,76.72686300614902,74.07146895564985,76.53120422363281,5870170,0.0,0.0
2014-09-19,76.44733623955327,77.70515344394407,76.19577279867511,77.28588104248047,14600485,0.0,0.0
2014-09-22,76.72685478824145,76.72685478824145,76.08396868872774,76.27963256835938,5239893,0.0,0.0
2014-09-23,76.30759053070558,77.25793976901997,75.80446356017345,76.53120422363281,12491337,0.0,0.0
2014-09-24,76.05602501578953,78.04058305261879,76.05602501578953,77.14613342285156,12957994,0.0,0.0
2014-09-25,77.5374498599699,77.6492541354225,75.77650565171517,76.27963256835938,14047449,0.0,0.0
2014-09-26,75.80443343869837,78.34801707298527,75.80443343869837,77.90079498291016,4189016,0.0,0.0
2014-09-29,78.20825827063413,78.26415782968448,76.81068228718749,77.70513153076172,7595924,0.0,0.0
2014-09-30,77.64925072213784,77.9846686518231,77.14612382760994,77.76105499267578,7381887,0.0,0.0
2014-10-01,77.90082513835952,78.48780659795965,77.42564796504013,77.73311614990234,5986074,0.0,0.0
2014-10-07,77.53744756010624,79.13068274888876,77.20202962562571,78.62755584716797,6849505,0.0,0.0
2014-10-08,79.27042939754303,80.5002967483329,78.93501149442497,80.16487884521484,7143752,0.0,0.0
2014-10-09,80.61211144871135,80.86367490862557,79.6617623061704,79.8853759765625,6538282,0.0,0.0
2014-10-10,79.41018908669393,79.52199334911332,77.76104934613488,78.96296691894531,7176824,0.0,0.0
2014-10-13,78.99093502269072,78.99093502269072,77.34179489970317,78.4039535522461,6121364,0.0,0.0
2014-10-14,78.79526149216734,79.21453389259024,77.5653940782364,78.65550231933594,5801583,0.0,0.0
2014-10-15,78.65550231933594,78.65550231933594,78.65550231933594,78.65550231933594,0,0.0,0.0
2014-10-16,79.38224304979846,79.49404731749831,76.81070394813129,77.28588104248047,9212728,0.0,0.0
2014-10-17,78.15235641274116,78.96295122891095,77.53742541451547,78.79524230957031,5521873,0.0,0.0
2014-10-20,79.35428734862272,81.03137693766068,78.87911537710947,80.22078704833984,4201047,0.0,0.0
2014-10-21,81.0872943282291,82.7923339714026,80.94753513456595,82.48487091064453,9211314,0.0,0.0
2014-10-22,82.79232932446608,83.18365197391569,81.36680303055824,81.92583465576172,7053908,0.0,0.0
2014-10-27,83.01593866600663,83.01593866600663,81.11523533395976,81.53450775146484,3982344,0.0,0.0
2014-10-28,81.11522605425257,82.84822022104021,80.9195673211577,82.5966567993164,4233316,0.0,0.0
2014-10-29,82.90413060392707,82.93208039112581,81.33884527744391,81.75811767578125,6073100,0.0,0.0
2014-10-30,81.6742828094403,82.59668230728818,81.19910560452479,82.23331451416016,7233876,0.0,0.0
2014-10-31,82.23331047687549,84.3576226616008,81.75813329528904,83.910400390625,6155059,0.0,0.0
2014-11-03,83.65881853169273,83.85447727263852,82.00967877264047,82.56871032714844,4335784,0.0,0.0
2014-11-05,82.54076077363314,83.23955154158712,80.94752560216668,81.19908905029297,4020102,0.0,0.0
2014-11-07,81.05932969479848,82.00967873071214,80.52824792696255,80.75186157226562,3223794,0.0,0.0
2014-11-10,81.11522056562401,82.06557461765591,80.5561941894447,81.70220184326172,3246072,0.0,0.0
2014-11-11,82.23328647705719,82.42894520386747,81.28293239124552,81.50654602050781,2340984,0.0,0.0
2014-11-12,81.42270216157165,81.7581200901466,79.35428989600226,79.49404907226562,4937146,0.0,0.0
2014-11-13,80.22080221611887,80.22080221611887,79.18659336195452,79.77357482910156,4270273,0.0,0.0
2014-11-14,79.68970897901838,80.47235423574551,78.43189172864065,79.99717712402344,15135165,0.0,0.0
2014-11-17,79.88537967207785,81.78607804508646,79.66176599134133,81.56246948242188,7888070,0.0,0.0
2014-11-18,82.06558990478516,83.071843711037,81.50655830639919,82.06558990478516,13447417,0.0,0.0
2014-11-19,82.12148698675826,82.5407593932905,80.22078882252633,80.61210632324219,5766080,0.0,0.0
2014-11-20,80.86365547770731,80.86365547770731,79.04681211583708,79.6617431640625,4545574,0.0,0.0
2014-11-21,79.8853646326579,80.61210000160865,79.38223778427462,79.74560546875,6864394,0.0,0.0
2014-11-24,79.38224167061013,80.30464093780427,79.38224167061013,79.96922302246094,3173155,0.0,0.0
2014-11-25,80.36055315788686,80.36055315788686,77.92877288896156,78.3480453491211,13297497,0.0,0.0
2014-11-26,78.3200900115771,79.60585709232429,78.26418531482403,79.27043914794922,8072104,0.0,0.0
2014-11-27,79.38222809123394,79.91330466032282,78.73934215744295,78.90705108642578,4327850,0.0,0.0
2014-11-28,78.96298478651809,80.08104301791694,78.73937109300942,79.77357482910156,9783045,0.0,0.0
2014-12-01,79.43815374553589,80.89163501947029,78.01262738099346,78.3480453491211,4072693,0.0,0.0
2014-12-02,78.37599300856822,79.27043742878922,78.32008831302758,78.5157470703125,1309962,0.0,0.0
2014-12-03,78.5157279872993,80.30462662909792,78.5157279872993,80.02510833740234,3013027,0.0,0.0
2014-12-04,79.99716808476191,80.3325859802955,79.0468190867737,79.41018676757812,2677798,0.0,0.0
2014-12-05,79.18658371183535,79.46610207417557,78.62755722329813,78.85116577148438,15389958,0.0,0.0
2014-12-08,78.85117880941664,79.54996971273967,78.04058873158624,78.20829772949219,3148736,0.0,0.0
2014-12-09,78.12442140281216,78.12442140281216,75.07770538004927,75.44107818603516,5846587,0.0,0.0
2014-12-10,75.4131201740254,76.22371511004212,75.105657188489,75.5528793334961,4026793,0.0,0.0
2014-12-11,75.692643963657,75.692643963657,74.4627765784103,74.63048553466797,4008484,0.0,0.0
2014-12-12,75.07770356715919,75.07770356715919,73.95964562652337,74.32301330566406,4555370,0.0,0.0
2014-12-15,74.04349930168671,75.30131639061683,73.20495457573328,74.35096740722656,13114453,0.0,0.0
2014-12-16,74.01557535218485,74.32303844697472,70.85705407591286,71.72354888916016,12018054,0.0,0.0
2014-12-17,72.50618978226078,72.59004427887939,70.8290998498883,71.61174011230469,6434833,0.0,0.0
2014-12-18,72.42231531839023,75.02180399687349,72.11484720953526,74.32301330566406,11566800,0.0,0.0
2014-12-19,74.91000555761032,76.22372754027256,74.26712457896271,75.74855041503906,6249310,0.0,0.0
2014-12-22,76.19575131114449,78.37596718392493,76.1118968544991,77.70513153076172,11170360,0.0,0.0
2014-12-23,78.09646615169743,80.41644167024467,77.2579214001829,79.91331481933594,8724402,0.0,0.0
2014-12-24,80.2207701311946,80.36052415542859,77.48152267406779,77.90079498291016,13971313,0.0,0.0
2014-12-26,78.15236168915776,78.51572933290507,77.28586725342018,77.87284851074219,2238376,0.0,0.0
2014-12-29,77.90081881047315,78.79526838227933,77.90081881047315,78.3200912475586,2363034,0.0,0.0
2014-12-30,78.40393714657951,79.60584962854257,78.18032349860476,79.35428619384766,2466861,0.0,0.0
2014-12-31,79.35430722235954,80.97549764315966,78.85118021964348,80.50032043457031,4589858,0.0,0.0
2015-01-01,80.6121108757938,80.64006578318894,79.43814807120422,79.6338119506836,1478980,0.0,0.0
2015-01-02,79.66175663888869,81.05933302278771,79.66175663888869,80.72391510009766,2383093,0.0,0.0
2015-01-05,80.80778864225431,81.00344743728638,79.96924363772753,80.50032043457031,2197057,0.0,0.0
2015-01-06,80.22080137136548,80.77982792214205,77.28589406653592,77.81697082519531,5923512,0.0,0.0
2015-01-07,78.5436970932323,79.94126833220275,77.9008110477403,79.68970489501953,5848555,0.0,0.0
2015-01-08,80.10898039429512,81.22704357047839,80.05308081813595,81.03137969970703,7564225,0.0,0.0
2015-01-09,81.14320212034508,81.33886090446921,77.98468107335708,78.4039535522461,3778993,0.0,0.0
2015-01-12,78.82321464153213,79.04682830398585,77.42563820782155,78.2641830444336,3190536,0.0,0.0
2015-01-13,77.84489399007548,78.45983015088873,77.20201316477582,77.67718505859375,4515434,0.0,0.0
2015-01-14,78.09646342454654,78.403931528722,76.69889229953988,77.00635528564453,2736211,0.0,0.0
2015-01-15,78.18033859500729,78.57166127500862,77.36974856095962,77.81697082519531,7016253,0.0,0.0
2015-01-16,77.50948146564049,79.270425367485,77.34177252260767,78.48778533935547,6225934,0.0,0.0
2015-01-19,78.76730794502305,79.88537111081153,78.18032657430906,79.24248504638672,5186906,0.0,0.0
2015-01-20,79.80149942322949,80.22077174048276,79.43812666956313,79.8573989868164,6449028,0.0,0.0
2015-01-21,80.08102787656293,80.58415475327432,79.54995121272465,80.22078704833984,6947634,0.0,0.0
2015-01-22,80.2207904473973,80.33259471871338,77.90081471157069,78.37599182128906,6729064,0.0,0.0
2015-01-23,79.15864598473837,79.49406397619913,78.51575979508112,79.32635498046875,9045246,0.0,0.0
2015-01-27,79.66174069988246,80.33257641103935,78.65548713314709,80.02510833740234,17981989,0.0,0.0
2015-01-28,79.94125345026706,81.03136147512556,79.13066371562425,79.8573989868164,6764469,0.0,0.0
2015-01-29,79.77355757872174,79.77355757872174,78.87911323424781,79.29838562011719,17553748,0.0,0.0
2015-01-30,79.82946463288947,82.40100371504272,79.43814202180253,80.30464172363281,22309884,0.0,0.0
2015-02-02,80.75185834971249,80.75185834971249,79.1306735606571,79.41018676757812,10364854,0.0,0.0
2015-02-03,79.63382563591682,80.94754273096041,79.46611663501147,80.50032043457031,7781553,0.0,0.0
2015-02-04,80.47220567222236,80.97796673061299,79.82595371598957,80.24742126464844,4036543,0.625,0.0
2015-02-05,79.91024510068743,80.41600614562849,78.14008144339373,78.75823211669922,6143088,0.0,0.0
2015-02-06,78.75824371521637,79.0954177948318,77.71862535135816,78.6739501953125,5976495,0.0,0.0
2015-02-09,78.11199042266023,78.8987281623143,77.60622934469669,77.99959564208984,3114468,0.0,0.0
2015-02-10,77.55003742547697,78.84253633427889,76.8475931492602,77.07237243652344,4506774,0.0,0.0
2015-02-11,76.98806845940551,79.23589704076602,76.87567883104107,78.75823211669922,3522442,0.0,0.0
2015-02-12,78.98303355771807,80.1631429171717,78.7020568537567,79.85406494140625,5162803,0.0,0.0
2015-02-13,79.85405319239847,80.75318571560047,79.5730765297775,80.50030517578125,3614205,0.0,0.0
2015-02-16,79.91025362014771,81.28704600764857,79.91025362014771,80.9217758178711,1945558,0.0,0.0
2015-02-18,80.94985943581291,83.05719702217448,80.69697892544953,82.07377624511719,4976054,0.0,0.0
2015-02-19,82.1580768043449,82.72003011239069,79.79785850492333,82.41095733642578,3709054,0.0,0.0
2015-02-20,82.27046657762615,82.80432376464259,80.97796779307014,81.8489990234375,3178180,0.0,0.0
2015-02-23,81.8489918542829,82.49524376238949,81.09035032319274,82.07377624511719,6031716,0.0,0.0
2015-02-24,82.18616751658956,83.84394149940131,82.04567662639178,82.38285064697266,5885637,0.0,0.0
2015-02-25,82.60763338537306,83.50676580384304,81.82089573475379,82.07377624511719,7538304,0.0,0.0
2015-02-26,82.66385201308812,87.01901919242582,81.90521028703456,86.17607879638672,25489447,0.0,0.0
2015-02-27,85.97939277745158,89.63211550836662,85.41743424695657,89.04206085205078,12085627,0.0,0.0
2015-03-02,87.66525841920635,89.91308212824835,87.4966713837848,89.63211059570312,7853508,0.0,0.0
2015-03-03,89.63210207914638,89.91307358499458,88.73296444917393,89.18253326416016,5796930,0.0,0.0
2015-03-04,89.35111374627976,89.80068252837374,87.52475793294964,88.5081787109375,4580594,0.0,0.0
2015-03-05,87.80571915703626,89.18251631711064,87.21566470125198,88.87344360351562,4307704,0.0,0.0
2015-03-09,88.50819206991686,88.84536613494511,85.08025402717362,85.30503845214844,3058852,0.0,0.0
2015-03-10,86.1479490631002,86.1479490631002,83.73153390410472,84.26539611816406,3849673,0.0,0.0
2015-03-11,84.01253396930673,86.96280169624744,82.38285600068184,86.40084838867188,4759294,0.0,0.0
2015-03-12,86.54131595836002,92.58235647677887,85.97936276886666,89.74446868896484,23732349,0.0,0.0
2015-03-13,90.08164837434082,90.64361188921163,89.12632892058105,89.60398864746094,16271358,0.0,0.0
2015-03-16,89.51970620472002,89.63210097952147,86.93470870216643,87.5809555053711,12014666,0.0,0.0
2015-03-17,87.72144855135257,89.0701448021856,87.2718899942321,88.70487976074219,6403596,0.0,0.0
2015-03-18,88.78916991180368,89.54781152414897,84.96786058267122,85.78269958496094,19386136,0.0,0.0
2015-03-19,86.26035488655764,87.58095489476138,84.3778015877345,86.96279907226562,24922042,0.0,0.0
2015-03-20,80.80936960467454,83.33817458036116,80.19121384737322,81.76469421386719,20606029,0.0,0.0
2015-03-23,81.59613640753778,84.57450606282913,81.59613640753778,84.37782287597656,8907972,0.0,0.0
2015-03-24,84.29351536838854,86.2041700983613,84.06873094578354,85.81079864501953,7701613,0.0,0.0
2015-03-25,86.82232156676152,87.04710084640752,82.32666909055831,82.80432891845703,19117210,0.0,0.0
2015-03-26,82.18617856502533,83.05720985366449,80.33172120253246,80.9217758178711,26353953,0.0,0.0
2015-03-27,81.9894946241151,82.41096220246924,80.64079837338184,81.82090759277344,5357637,0.0,0.0
2015-03-30,82.10188146141486,83.2819906405317,81.87709704567479,82.94481658935547,4959049,0.0,0.0
2015-03-31,83.45057455341468,83.45057455341468,81.42753032181675,82.52334594726562,8397256,0.0,0.0
2015-04-01,82.60763859627816,84.2373113842421,82.60763859627816,83.02910614013672,3645848,0.0,0.0
2015-04-06,83.4505808000734,85.95129015516625,83.28199376815405,85.47362518310547,4071922,0.0,0.0
2015-04-07,85.95127856612899,88.22719804530395,85.13643964009641,87.83383178710938,5508952,0.0,0.0
2015-04-08,87.83383795353062,88.7610665691629,86.23226125380214,87.72144317626953,3068680,0.0,0.0
2015-04-09,87.74953353052712,88.78915679413342,86.20415441161181,88.42388153076172,3480921,0.0,0.0
2015-04-10,88.22720852599927,89.35112548401194,86.68183428468448,87.46856689453125,3200816,0.0,0.0
2015-04-13,87.4966552112249,89.18252525383039,86.26034879835852,88.39578247070312,3189088,0.0,0.0
2015-04-15,87.77763751705164,89.07013103111119,86.20415708606527,86.7380142211914,4110085,0.0,0.0
2015-04-16,86.54133402910118,88.00242497455467,86.26035737568361,87.72144317626953,3141138,0.0,0.0
2015-04-17,87.41237185370059,89.26682911578489,87.41237185370059,88.78916931152344,3831186,0.0,0.0
2015-04-20,89.57588189507568,89.91305586744075,86.4289316794904,86.76610565185547,2855564,0.0,0.0
2015-04-21,87.04709758365487,87.83384046753051,84.85547139248058,85.05215454101562,3864529,0.0,0.0
2015-04-22,85.36123494467742,86.23226622186148,84.46210239912531,85.81079864501953,3322204,0.0,0.0
2015-04-23,86.54133530293022,86.54133530293022,83.67536104820377,84.01253509521484,2880820,0.0,0.0
2015-04-24,84.54639965670782,84.8554776083617,83.11340983201785,84.1811294555664,4004778,0.0,0.0
2015-04-27,84.77118013751888,86.17606862710586,83.00101631895028,83.31008911132812,4911789,0.0,0.0
2015-04-28,83.16958333470068,85.50169992993784,82.55142760896716,85.02404022216797,3926425,0.0,0.0
2015-04-29,85.08024743570031,85.83888902323919,84.51829413410174,85.19264221191406,4480990,0.0,0.0
2015-04-30,85.02405561724242,85.36122965783312,83.9563361070827,84.46209716796875,6908986,0.0,0.0
2015-05-04,84.85546367726423,86.00747148591387,83.92823511939794,85.61410522460938,2244895,0.0,0.0
2015-05-05,85.1364365412094,85.4736105473132,83.39436912805076,84.57447814941406,2478207,0.0,0.0
2015-05-06,84.0687077468951,84.3215882232175,80.41599147052686,81.25892639160156,5876370,0.0,0.0
2015-05-07,81.37132555341054,81.56801382133247,79.7978502792375,80.07882690429688,3870685,0.0,0.0
2015-05-08,80.50031110198735,81.25895277729404,79.5449862628535,79.79786682128906,2922648,0.0,0.0
2015-05-11,80.02264525497685,81.76471302054237,79.68547118066533,81.45563507080078,2935518,0.0,0.0
2015-05-12,81.28703589121132,81.73660468638337,78.84252421760726,79.60116577148438,5078632,0.0,0.0
2015-05-13,79.82593541722082,80.13501326367555,75.44267391595842,77.77479553222656,12966652,0.0,0.0
2015-05-14,78.33678939934326,80.72510963152118,77.38146439339351,78.14010620117188,11796906,0.0,0.0
2015-05-15,78.67395432542456,79.46069731574065,76.11705246906833,76.4823226928711,3487633,0.0,0.0
2015-05-18,77.381422232527,77.381422232527,75.89223555812208,76.51039123535156,3840517,0.0,0.0
2015-05-19,76.65090974152906,77.49384498481885,75.77987837175242,76.4823226928711,3091772,0.0,0.0
2015-05-20,76.9318586767052,77.381422232527,76.1170199084661,76.51039123535156,4418476,0.0,0.0
2015-05-21,76.98805190290167,77.04424927743219,75.30218211564933,75.83604431152344,4420716,0.0,0.0
2015-05-22,75.639369271636,76.25752506473654,75.44268614375883,76.06083679199219,5611028,0.0,0.0
2015-05-25,75.89225163936365,76.34182043531337,75.30219709643855,75.44268798828125,1798695,0.0,0.0
2015-05-26,75.58318357745362,75.58318357745362,74.17829000631748,74.45926666259766,8415657,0.0,0.0
2015-05-27,74.45926203511696,76.34182043531337,73.7849139860597,75.44268798828125,8322991,0.0,0.0
2015-05-28,75.7517587080987,76.17322619878756,75.30218995478604,75.66746520996094,9531386,0.0,0.0
2015-05-29,75.7236767392288,78.47726676160976,75.33031041093733,76.73519897460938,55394842,0.0,0.0
2015-06-01,76.76328480717154,78.28056785511431,76.76328480717154,77.85910034179688,5682194,0.0,0.0
2015-06-02,77.83099962859197,78.0557840189081,76.31371656990909,77.52192687988281,4976767,0.0,0.0
2015-06-03,77.38143471235315,78.53344761946805,76.48230231083417,77.80290222167969,8343859,0.0,0.0
2015-06-04,77.85912117239064,78.33678105203313,76.51042476894176,76.93189239501953,6126315,0.0,0.0
2015-06-05,76.20133246650775,79.15160529430396,76.20133246650775,78.70204162597656,6811179,0.0,0.0
2015-06-08,78.7582268611975,78.9549151287946,77.57811783508319,77.80290222167969,5851057,0.0,0.0
2015-06-09,77.9433972402578,78.36486477193752,76.84758165789054,78.11198425292969,5823418,0.0,0.0
2015-06-10,78.33677611569706,79.0954177948318,77.99960203608163,78.6739501953125,4557562,0.0,0.0
2015-06-11,78.81444084006993,78.898734359685,76.53851581046365,76.73519897460938,5646832,0.0,0.0
2015-06-12,76.42611564009317,77.26905072014983,76.20133123712225,76.70709228515625,4680678,0.0,0.0
2015-06-15,76.4261285442108,76.79139875895335,75.63938557340921,76.34183502197266,2415729,0.0,0.0
2015-06-16,76.08894510020502,77.55003092440458,76.08894510020502,77.35334777832031,2201316,0.0,0.0
2015-06-17,77.18474825666237,77.52192224956389,76.73517950288245,76.9880599975586,4718553,0.0,0.0
2015-06-18,77.04425939569968,77.49382301638633,76.56659451162409,76.7632827758789,3119080,0.0,0.0
2015-06-19,76.87568356683262,77.15666022748648,76.20133546536917,76.45421600341797,3558112,0.0,0.0
2015-06-22,76.53849638864551,77.26904175488775,76.42610677263394,76.9880599975586,2489085,0.0,0.0
2015-06-23,76.93185455342655,78.67391645440898,76.36989628011864,78.25244903564453,4895708,0.0,0.0
2015-06-24,78.61775435900965,78.75824012252882,76.56660870500338,76.87568664550781,1151251,0.0,0.0
2015-06-25,76.76329821924395,77.18476580620015,75.86416565211474,76.20133972167969,13284873,0.0,0.0
2015-06-26,76.22941871911382,77.66240819280993,76.0889329849372,77.38143157958984,3012900,0.0,0.0
2015-06-29,76.79138672318263,78.39296339468699,76.08894252958392,77.91529846191406,2735258,0.0,0.0
2015-06-30,77.43764129019466,77.887204971902,76.51041265957679,77.35334777832031,5584984,0.0,0.0
2015-07-01,77.18474793657934,78.30865952663464,76.93186744295188,77.7186050415039,2692186,0.0,0.0
2015-07-02,77.8310075823632,78.02769587331512,77.1847607545716,77.35334777832031,2130937,0.0,0.0
2015-07-03,76.84758555362049,78.50535449902182,76.4823102444025,78.02769470214844,1848141,0.0,0.0
2015-07-06,76.81950317493275,77.88722295346467,76.81950317493275,77.550048828125,1829578,0.0,0.0
2015-07-07,77.55004026073294,77.71862730477801,75.30221129184255,75.55509185791016,11870942,0.0,0.0
2015-07-08,74.2063872901713,75.21790944245626,73.81302099419452,74.74024963378906,6979066,0.0,0.0
2015-07-09,74.45926887581969,74.82454419919573,73.44774670930349,73.67253112792969,3690094,0.0,0.0
2015-07-10,73.75683058471843,74.03780727198986,72.01476277595187,72.9700927734375,6700296,0.0,0.0
2015-07-13,73.0543851180522,74.96503479252878,72.5486240021846,74.79644775390625,3433429,0.0,0.0
2015-07-14,74.85264514840313,75.33031013945634,74.68405810978061,74.79644775390625,2489889,0.0,0.0
2015-07-15,74.74023805554354,75.3021912898472,74.74023805554354,74.82453155517578,2469536,0.0,0.0
2015-07-16,75.04931237755441,75.92034865541328,74.74023963561342,75.69556427001953,1189351,0.0,0.0
2015-07-17,75.72367182294985,76.31372642194653,75.35840164328881,76.1732406616211,1445403,0.0,0.0
2015-07-20,76.22942894590354,76.5385068633177,76.11703931451089,76.25753021240234,886364,0.0,0.0
2015-07-21,76.14514232846287,76.45422027385341,76.03275268689721,76.20133972167969,1367409,0.0,0.0
2015-07-22,76.08894438104605,77.46573668035842,76.08894438104605,77.29714965820312,1659378,0.0,0.0
2015-07-23,77.04429021615246,78.05581262599254,77.04429021615246,77.74673461914062,2745640,0.0,0.0
2015-07-24,77.49385142561209,78.0558100161345,76.93189797995855,77.550048828125,3777370,0.0,0.0
2015-07-27,77.55003830956544,78.28058386366956,74.93693919261268,75.41460418701172,3031380,0.0,0.0
2015-07-28,75.10549733074185,77.26903189061574,74.57164029175631,77.01615142822266,3351928,0.0,0.0
2015-07-29,76.98806133972248,77.21284572053119,75.58317310805204,76.14512634277344,3799195,0.0,0.0
2015-07-30,76.34183502197266,77.94341194449747,76.1451467068381,76.34183502197266,8104052,0.0,0.0
2015-07-31,76.42611235201433,76.93187337828897,75.77986043681875,75.89225006103516,5377446,0.0,0.0
2015-08-03,75.92035132573967,76.70708898498894,75.69556693243965,75.89225006103516,2878239,0.0,0.0
2015-08-04,75.9484634399414,76.36993105059591,75.1055282186324,75.9484634399414,4383127,0.0,0.0
2015-08-05,75.97654364662802,77.10046046946233,75.63936962875117,76.84757995605469,2769999,0.0,0.0
2015-08-06,76.98806950494249,77.55002794413114,76.00464866744667,76.36991882324219,12025086,0.0,0.0
2015-08-07,75.92033704603307,76.65087718333469,74.90881518373892,75.21788787841797,4762880,0.0,0.0
2015-08-10,75.30221628212465,75.63939039255933,73.56015347479116,73.81303405761719,4761007,0.0,0.0
2015-08-11,73.67252377851294,74.34687182225218,72.82958872383887,73.50393676757812,6722565,0.0,0.0
2015-08-12,73.05439593032031,73.22298299389422,71.42471755252652,71.95858001708984,5033044,0.0,0.0
2015-08-13,71.98666706433805,72.60481783783452,71.14373185281184,71.84617614746094,6023696,0.0,0.0
2015-08-14,71.95856155863335,73.0262759241374,71.70568102814015,72.8576889038086,2001253,0.0,0.0
2015-08-17,72.85770759290482,73.05439593032031,71.76189167967435,71.95858001708984,1299099,0.0,0.0
2015-08-18,72.49241335387856,72.52050947355612,71.31230429928054,71.50898742675781,2115512,0.0,0.0
2015-08-19,71.3684998359448,71.59327907728064,70.72224794115338,70.8065414428711,2073483,0.0,0.0
2015-08-20,70.35698247570097,71.76187083414291,70.24458770272109,70.77845001220703,3895869,0.0,0.0
2015-08-21,70.24458628080927,70.49746679759403,68.44632654307344,69.345458984375,8286668,0.0,0.0
2015-08-24,67.99675482206445,68.55870802940217,63.33251130298802,64.7936019897461,21259096,0.0,0.0
2015-08-25,66.31089129636186,68.78349902342467,60.18556164549658,66.95713806152344,12442059,0.0,0.0
2015-08-26,66.9852651858904,69.1206997225242,65.35558672186934,67.37863159179688,10884993,0.0,0.0
2015-08-27,68.2215406171011,68.39012762451145,66.31089129636186,66.95713806152344,12451533,0.0,0.0
2015-08-28,68.50254855862198,70.27271281258052,67.46292485257484,68.3339614868164,4771845,0.0,0.0
2015-08-31,67.99677611130925,69.3173711924006,67.49101497943553,68.2496566772461,4827870,0.0,0.0
2015-09-01,67.49101622987726,68.83971260652848,67.09764473839788,67.57530975341797,3799548,0.0,0.0
2015-09-02,67.99676166508084,67.99676166508084,65.04648902261674,65.46795654296875,6875404,0.0,0.0
2015-09-03,66.03847557752826,68.12089655350665,65.92436674094822,67.09394836425781,5062188,1.458333,0.0
2015-09-04,66.75162833938607,67.09394438215216,64.55509865719429,65.32530975341797,10292604,0.0,0.0
2015-09-07,65.4394317695223,65.61058982539434,64.12721652561704,64.24132537841797,8050246,0.0,0.0
2015-09-08,65.04006922010669,66.26670036341099,64.55511959446082,65.29680633544922,5787757,0.0,0.0
2015-09-09,66.75165237918976,69.23344458303144,65.72470388104838,68.9767074584961,12015592,0.0,0.0
2015-09-10,68.8340521941354,68.97668562595199,67.29362993449874,68.03531646728516,2798323,0.0,0.0
2015-09-11,68.3776534510636,68.89112769475118,67.72154573190831,68.2635498046875,2404740,0.0,0.0
2015-09-14,68.46323095933961,72.11460501828105,68.29207288194125,71.82933807373047,5742222,0.0,0.0
2015-09-15,71.68670562117748,73.88323067010181,71.03059795518037,72.371337890625,5089286,0.0,0.0
2015-09-16,72.34281075561539,73.42681363035138,71.42997117793973,72.94186401367188,3290786,0.0,0.0
2015-09-18,72.94184946424932,74.16848556353168,71.5155359498835,72.3427963256836,7200021,0.0,0.0
2015-09-21,71.37291588416466,72.8562840974818,71.31586145249983,72.31428527832031,2233722,0.0,0.0
2015-09-22,72.45692355441861,72.65660624350271,68.49175781548594,68.9767074584961,6530800,0.0,0.0
2015-09-23,67.92121734766786,70.34595450893431,67.92121734766786,69.20490264892578,3839610,0.0,0.0
2015-09-24,69.49017902853586,69.8324951813858,68.6058640414502,69.6328125,3772704,0.0,0.0
2015-09-28,69.63280150252002,70.174800251155,68.8340604564663,69.00521850585938,2310477,0.0,0.0
2015-09-29,67.97828320394373,70.03218018927477,67.89270416288826,69.23344421386719,3975267,0.0,0.0
2015-09-30,70.11775728222887,70.9735476690068,69.03375960786347,70.60270690917969,3470785,0.0,0.0
2015-10-01,71.42997465904452,71.82934003499179,70.23186808454243,70.46007537841797,3822145,0.0,0.0
2015-10-05,70.6882845655493,73.1700766386739,70.6882845655493,72.85628509521484,4026033,0.0,0.0
2015-10-06,73.883219412516,74.11143187533567,71.20174517353266,71.74374389648438,8623933,0.0,0.0
2015-10-07,71.91491221329665,73.02743964059607,71.45849244577087,72.88481140136719,3385142,0.0,0.0
2015-10-08,72.97038581209657,73.17006846836635,71.48701252077174,71.88638305664062,3521266,0.0,0.0
2015-10-09,72.39985722133092,72.45691164740627,71.60112137292245,71.88638305664062,3262202,0.0,0.0
2015-10-12,73.59794898127525,73.59794898127525,71.7152107515217,72.59952545166016,2117947,0.0,0.0
2015-10-13,72.68513136425493,73.25566005281684,72.39986963163908,72.71366119384766,2506449,0.0,0.0
2015-10-14,72.6851190153828,73.08448955185791,71.42996342645412,71.8008041381836,2665834,0.0,0.0
2015-10-15,72.1716472376902,72.34280529850948,71.05911984236481,71.31585693359375,2725071,0.0,0.0
2015-10-16,71.48700612773257,72.99890388522233,71.4299569300884,72.3427963256836,19650850,0.0,0.0
2015-10-19,72.4568937452044,72.82773436474594,71.9434197073801,72.6280517578125,4176244,0.0,0.0
2015-10-20,72.65658529981499,74.05437416714318,72.28574463460433,72.9989013671875,5440894,0.0,0.0
2015-10-21,72.99891681382387,75.13839268761706,72.51396720798749,74.13996887207031,4227984,0.0,0.0
2015-10-23,74.79607447540765,76.42207609443825,74.79607447540765,75.68038940429688,3888451,0.0,0.0
2015-10-26,75.88008129539207,76.16534301125309,74.88165745488365,75.79450225830078,2554590,0.0,0.0
2015-10-27,75.4236523065552,76.0227055346191,74.79607447540765,75.68038940429688,8433085,0.0,0.0
2015-10-28,75.10985894890196,75.88007016979462,73.62648570792629,73.85469818115234,4449216,0.0,0.0
2015-10-29,74.19700760299128,74.85311513989815,72.62806070197684,72.9989013671875,9820096,0.0,0.0
2015-10-30,73.0559691106713,78.53302718757712,73.0559691106713,75.7659683227539,10949250,0.0,0.0
2015-11-02,75.56628987002478,76.05123948874532,73.99734259533582,75.70892333984375,11462052,0.0,0.0
2015-11-03,75.88007908618953,78.61860819338037,75.88007908618953,77.42050170898438,11192800,0.0,0.0
2015-11-04,77.73427664684269,77.87691009141648,76.76438280439623,77.04964447021484,4315034,0.0,0.0
2015-11-05,77.02112333586922,78.16217527380938,76.82144068314521,77.5916519165039,7694065,0.0,0.0
2015-11-06,79.01797365796284,79.47439865873328,76.67881511650093,77.33492279052734,7245621,0.0,0.0
2015-11-09,76.16534593875008,76.7073447867173,75.39513457532452,76.1938705444336,3002449,0.0,0.0
2015-11-10,76.10828203513962,76.87849330274035,74.3681768383367,74.93870544433594,2695531,0.0,0.0
2015-11-13,74.68197050590203,75.73744349523422,74.05438745423025,74.62491607666016,2186415,0.0,0.0
2015-11-16,74.33965992377384,75.30955395327419,74.05439297960963,74.85313415527344,3069470,0.0,0.0
2015-11-17,75.02429910969798,76.02271783580487,74.62492848525693,75.36661529541016,2031129,0.0,0.0
2015-11-18,75.36659359722871,77.10669863250939,75.30953917492593,75.82301330566406,8835048,0.0,0.0
2015-11-19,76.3935487621932,76.7643894823508,75.30954598045562,76.42207336425781,1697204,0.0,0.0
2015-11-20,76.45058431583529,76.99258822159233,76.10826825886389,76.53616333007812,4503478,0.0,0.0
2015-11-23,76.59323381427065,76.8499709108548,75.4521817927843,75.93712615966797,1590408,0.0,0.0
2015-11-24,75.7659695924706,76.30797362263394,74.65344215195492,74.82460021972656,2367228,0.0,0.0
2015-11-26,74.96722308776718,76.2223838151256,74.56785257830563,75.82301330566406,5874213,0.0,0.0
2015-11-27,76.16534313060255,76.45060484691058,75.45218622816756,75.70892333984375,4532130,0.0,0.0
2015-11-30,75.88006735879695,76.27943264298655,74.22553613002658,74.68196105957031,8954815,0.0,0.0
2015-12-01,74.79607447540765,75.82302286637434,74.73902004591073,75.68038940429688,1776526,0.0,0.0
2015-12-02,75.7374434923235,76.13681405034204,75.02428663181072,75.93712615966797,1556103,0.0,0.0
2015-12-03,75.79448070261114,76.96405706134875,75.53774366435239,76.16532135009766,2710232,0.0,0.0
2015-12-04,75.93712046197113,76.07975391270348,74.16849074487017,74.39669799804688,2029555,0.0,0.0
2015-12-07,74.16848914930382,74.76754231683154,73.02743201465067,74.2825927734375,3599509,0.0,0.0
2015-12-08,73.85469016456824,74.7390049144211,73.76911114931382,74.19700622558594,2817922,0.0,0.0
2015-12-09,74.42523980517902,75.4521882798078,73.54091958091753,74.25408172607422,4174069,0.0,0.0
2015-12-10,74.28262054168427,76.25093882792704,74.28262054168427,75.99420166015625,4689330,0.0,0.0
2015-12-11,76.13680489721345,76.13680489721345,75.10985663433607,75.73743438720703,7819576,0.0,0.0
2015-12-14,75.30955264034013,76.10828857874893,74.96723649197496,75.79450225830078,3892008,0.0,0.0
2015-12-15,75.59480752113701,76.02270266790445,74.45375553753367,75.19544219970703,2294697,0.0,0.0
2015-12-16,75.19545188887979,76.96408190785915,75.19545188887979,76.1938705444336,2827382,0.0,0.0
2015-12-17,76.73586954742967,77.81986717176751,76.5932360817727,77.33492279052734,5617645,0.0,0.0
2015-12-18,77.53461286335771,78.78977390026901,77.13524225540178,77.50608825683594,7227156,0.0,0.0
2015-12-21,77.02113404978496,78.39039865511447,77.02113404978496,77.81986999511719,2724703,0.0,0.0
2015-12-22,78.04808202697491,78.96092683272786,77.87692395235435,78.16218566894531,5186119,0.0,0.0
2015-12-23,78.27627447173738,79.75964233047941,78.27627447173738,79.30322265625,2906598,0.0,0.0
2015-12-24,79.44585829921164,79.8167042160896,79.18912122906337,79.4743881225586,2214117,0.0,0.0
2015-12-28,79.47440712376205,82.55525270212759,79.47440712376205,82.12735748291016,6195141,0.0,0.0
2015-12-29,82.41259915341539,84.9229154204402,82.21291650751436,82.6122817993164,11830292,0.0,0.0
2015-12-30,82.15588290540977,83.86746379927247,82.09882846783756,82.75493621826172,7060556,0.0,0.0
2015-12-31,82.75491251627605,83.81038535741469,82.18438397395114,83.43954467773438,6167425,0.0,0.0
2016-01-01,83.46808768992597,83.46808768992597,82.21293193258153,82.4411392211914,1087959,0.0,0.0
2016-01-04,81.72796801448949,83.86744361696303,81.49975554244928,81.7564926147461,1660154,0.0,0.0
2016-01-05,82.5552266466547,83.09722534549171,81.01480434364868,81.15743255615234,2183413,0.0,0.0
2016-01-06,81.01481844060477,81.52829263095367,79.90229102818212,80.7010269165039,2555581,0.0,0.0
2016-01-07,80.38723037277792,80.38723037277792,78.19070551121837,78.64712524414062,4397205,0.0,0.0
2016-01-08,78.84682352205674,79.98788091546602,78.21924561201283,79.61703491210938,5000222,0.0,0.0
2016-01-11,78.30481391842082,81.55681711940443,78.30481391842082,80.78660583496094,9595707,0.0,0.0
2016-01-12,81.87061349938148,83.2398780862794,81.44271831597588,82.84050750732422,5331380,0.0,0.0
2016-01-13,83.23986164924463,83.83891478771989,80.61543663481478,82.29849243164062,6335397,0.0,0.0
2016-01-14,81.52828957480229,82.49818349021648,80.04491626495779,81.69944763183594,2617408,0.0,0.0
2016-01-15,82.09881817246261,82.44113430830795,77.39197130458928,77.84839630126953,5813482,0.0,0.0
2016-01-18,77.53457891080676,79.04647641434167,76.02268140727183,76.79289245605469,7094769,0.0,0.0
2016-01-19,77.2493305237448,78.81827748390731,76.67880198217259,77.10669708251953,3276105,0.0,0.0
2016-01-20,76.62175135990452,76.90701825649853,74.62490920039211,75.42364501953125,4893918,0.0,0.0
2016-01-21,75.82302674434285,77.19229133566282,75.48071059651286,75.88008117675781,3672420,0.0,0.0
2016-01-22,77.04965559110991,79.47439838219263,76.53618138452717,78.81829071044922,4081641,0.0,0.0
2016-01-25,79.58849270090117,79.7025963256709,77.79133318830019,78.70417785644531,3248101,0.0,0.0
2016-01-27,79.75965015199664,82.49817891258022,78.98943893808251,82.01322937011719,6462206,0.0,0.0
2016-01-28,81.64238487220096,82.92607016893368,81.64238487220096,82.29849243164062,10947943,0.0,0.0
2016-01-29,82.15586793243595,83.69629045616912,80.10197123412506,81.27155303955078,9604422,0.0,0.0
2016-02-01,81.01482708264581,82.2414582604393,79.75966607568098,80.01640319824219,4772776,0.0,0.0
2016-02-02,79.87375725153017,80.15902415872341,75.73743933052108,76.4791259765625,5540090,0.0,0.0
2016-02-03,75.05280332295499,76.33648867055399,72.59953625087833,73.39827728271484,5409084,0.0,0.0
2016-02-04,74.16850194706124,74.79607982307851,71.08765655389095,71.82933807373047,8947989,0.0,0.0
2016-02-05,72.20494384949023,73.1584305029649,71.65596844888988,72.1182632446289,2917293,1.333333,0.0
2016-02-08,72.11827023350664,72.75392630056884,70.93363342207888,71.22257232666016,2578603,0.0,0.0
2016-02-09,70.03794488008884,73.10065852799003,70.03794488008884,72.72504425048828,2829949,0.0,0.0
2016-02-10,72.23383487377085,72.92727970548884,71.4826064997858,72.08937072753906,3106880,0.0,0.0
2016-02-11,72.08936757000606,72.20493994004222,69.48894956496252,69.8934555053711,2946543,0.0,0.0
2016-02-12,69.92234517381071,72.66722702857733,69.43115339459746,71.62705993652344,4086475,0.0,0.0
2016-02-15,72.34941328778055,73.53404469384259,71.33813780087691,72.1182632446289,4458290,0.0,0.0
2016-02-16,73.24511790128602,75.75885567541299,71.7715474819702,73.82299041748047,6067938,0.0,0.0
2016-02-17,74.16970363884327,75.09429320101376,72.69613340290972,73.96744537353516,4187010,0.0,0.0
2016-02-18,74.80534492043888,75.2676396106556,72.37828853831572,73.67849731445312,2623275,0.0,0.0
2016-02-19,73.64962153517891,75.52769775908068,73.38957972350966,75.00761413574219,1806504,0.0,0.0
2016-02-22,76.77013130775406,76.77013130775406,72.84060665989206,73.38958740234375,2703391,0.0,0.0
2016-02-23,71.22257225610909,72.23384254944747,70.90474157761044,71.54039764404297,11574602,0.0,0.0
2016-02-24,70.38465435737002,70.61580441106351,68.36210858188664,68.56436157226562,21683338,0.0,0.0
2016-02-25,67.66866673279283,68.85329824577535,67.55308905550326,68.4776840209961,40502397,0.0,0.0
2016-02-26,68.76662564079204,70.50023809636299,68.24654190412078,70.24019622802734,8436524,0.0,0.0
2016-02-29,70.4424548509187,70.4424548509187,68.04428917999168,69.0555648803711,6291750,0.0,0.0
2016-03-01,69.34449285523505,71.07810517661592,68.93998155005785,70.99142456054688,4792212,0.0,0.0
2016-03-02,71.4826064547616,73.82298276033575,70.6735839578907,73.27400207519531,7180521,0.0,0.0
2016-03-03,73.96744385223634,74.45863568429982,72.78281250808914,73.04285430908203,4161891,0.0,0.0
2016-03-04,73.67851332809559,73.765193932011,71.65596766692417,72.8405990600586,7395987,0.0,0.0
2016-03-08,72.81169974348725,73.96743924573566,71.94489379416002,73.7073974609375,4202145,0.0,0.0
2016-03-09,73.56295019315654,73.79409497225512,72.86950527473107,73.12954711914062,4332384,0.0,0.0
2016-03-10,73.15842970016983,73.96744690647654,73.04285732514437,73.27400207519531,4072078,0.0,0.0
2016-03-11,73.27399904958862,74.40084685389118,72.60945130742721,73.04285430908203,2484648,0.0,0.0
2016-03-14,73.2451209272237,73.85188524259715,72.84060962011974,73.62073516845703,2195317,0.0,0.0
2016-03-15,73.79407960645666,73.90965726250462,72.81170127343162,73.56293487548828,2454310,0.0,0.0
2016-03-16,73.79407805587022,74.05411984066839,73.18731389134116,73.7073974609375,6045006,0.0,0.0
2016-03-17,73.62072758901583,74.11191946203225,72.81171034866327,73.30290222167969,5303053,0.0,0.0
2016-03-18,73.10064695469111,73.90966951893182,73.0139663435628,73.64962768554688,6395342,0.0,0.0
2016-03-21,73.64961087751703,74.37194737521594,72.98505791367344,73.47624969482422,3162202,0.0,0.0
2016-03-22,73.7363165869029,74.42976155389394,73.2740164151987,74.11193084716797,4386978,0.0,0.0
2016-03-23,74.11191866170391,74.14081043372308,73.30290143008786,73.59183502197266,2682230,0.0,0.0
2016-03-28,73.96744312856154,75.26765212080518,73.53404013114698,74.63199615478516,6322756,0.0,0.0
2016-03-29,74.92092736425978,75.15207738579193,73.30289308522603,73.56293487548828,5982391,0.0,0.0
2016-03-30,73.96745066382647,75.32544862425631,73.44736701394667,75.0654067993164,4581528,0.0,0.0
2016-03-31,75.00762414937672,76.19226099087557,74.16971506028978,74.45864868164062,12576144,0.0,0.0
2016-04-01,74.3719400021347,75.70104050749416,74.14079001793888,75.09427642822266,6204711,0.0,0.0
2016-04-04,75.18097762400775,76.10557252373249,75.0654052455038,75.75885009765625,2727397,0.0,0.0
2016-04-05,75.75885100563296,76.19225404342264,73.12954100656383,73.30290222167969,4594977,0.0,0.0
2016-04-06,73.85184826621098,73.85184826621098,72.72500081613968,72.92725372314453,4536128,0.0,0.0
2016-04-07,72.98507766428037,73.302908348747,72.2627409711088,73.12954711914062,9263898,0.0,0.0
2016-04-08,73.79408642831243,76.56786578086374,73.21621925690708,76.01889038085938,9962676,0.0,0.0
2016-04-11,76.01889107564195,78.0125450035094,75.84552986452303,77.7813949584961,4473735,0.0,0.0
2016-04-12,77.83919591224802,78.76379094569992,76.82792025974017,78.3014907836914,4394954,0.0,0.0
2016-04-13,78.8793373484365,79.65946266287158,78.73486793409405,79.25495147705078,4541049,0.0,0.0
2016-04-18,80.55517960714867,80.84411850496176,78.59042261295592,80.61296844482422,5881213,0.0,0.0
2016-04-20,80.61296232187065,81.91317139157825,80.3818122792901,81.65312957763672,3941576,0.0,0.0
2016-04-21,81.91316679610962,82.40435862507498,81.27751082787982,81.56644439697266,5878872,0.0,0.0
2016-04-22,81.13305712641943,83.21339192453276,80.9308041179023,83.01113891601562,5904096,0.0,0.0
2016-04-25,83.09781827488568,83.12671004978942,79.77505782892487,81.10416412353516,3757774,0.0,0.0
2016-04-26,80.55517882707282,81.82649620967116,80.32403405973828,81.0174789428711,6118725,0.0,0.0
2016-04-27,81.19083936063986,81.62424240831132,80.78632808595833,81.30641174316406,2213048,0.0,0.0
2016-04-28,81.39307447272732,81.73979683469848,79.05269852942207,79.25495147705078,7582244,0.0,0.0
2016-04-29,79.6883606825513,81.21971966494198,78.64819351501735,80.49738311767578,4812152,0.0,0.0
2016-05-02,80.49739843024444,81.07526566175632,77.89698001674657,80.06399536132812,2710262,0.0,0.0
2016-05-03,79.86173563587519,81.76870910489117,78.27259284188344,78.90824890136719,5122599,0.0,0.0
2016-05-04,78.76376962188397,80.52627330200181,78.76376962188397,80.20844268798828,7557462,0.0,0.0
2016-05-05,80.55519252171747,81.33531814786578,80.23736708995997,80.72855377197266,4772552,0.0,0.0
2016-05-06,80.75742185667437,81.16192776838122,79.65946590226235,80.90188598632812,3943374,0.0,0.0
2016-05-09,80.90190858355032,83.6756883668785,80.90190858355032,82.7510986328125,8002119,0.0,0.0
2016-05-10,82.86665417756778,82.86665417756778,80.95968096427647,81.27751159667969,5002198,0.0,0.0
2016-05-11,81.27753584459411,82.98225130467561,80.55519376368376,81.76872253417969,5366452,0.0,0.0
2016-05-12,81.50864948714073,82.51992483937981,80.90188533391,81.73979949951172,2931638,0.0,0.0
2016-05-13,81.19084086814014,81.8842857572899,80.95969080823534,81.47977447509766,3152124,0.0,0.0
2016-05-16,81.479777595471,81.710927664228,80.38182138208134,80.9596939086914,6137539,0.0,0.0
2016-05-17,81.19084029057923,81.82649633758982,78.6771025852931,79.16828918457031,8913270,0.0,0.0
2016-05-18,79.11050107864732,79.77504886067965,78.3303756288634,78.64820098876953,6099468,0.0,0.0
2016-05-19,78.47483979026909,78.59041745803918,77.0879501015423,78.21479797363281,5504425,0.0,0.0
2016-05-20,78.2147934550631,79.39943009260067,78.18590168507184,79.1104965209961,5662137,0.0,0.0
2016-05-23,79.3127510152267,79.74615402623887,78.18590318659507,78.41705322265625,2955597,0.0,0.0
2016-05-24,78.64820544770961,81.07526254019434,78.5904219011221,80.03509521484375,5846558,0.0,0.0
2016-05-25,80.38181453425901,82.0576431314929,80.35292276208752,81.97096252441406,2999689,0.0,0.0
2016-05-26,81.53756862203628,82.3465859485353,80.52629299598874,81.59535217285156,9645368,0.0,0.0
2016-05-27,81.76871121349362,81.88428889315453,80.55518261100788,80.9596939086914,3192600,0.0,0.0
2016-05-30,81.10413997004848,84.25353295697677,79.5438893597341,82.98221588134766,11452723,0.0,0.0
2016-05-31,83.27114852160864,85.49594662550795,80.84409219694543,82.72216796875,49654994,0.0,0.0
2016-06-01,82.5777334698164,83.90683445594124,81.79760794285,83.56011199951172,5578209,0.0,0.0
2016-06-02,83.38675300751844,84.3402397882697,83.21339177465458,83.76236724853516,3890110,0.0,0.0
2016-06-03,83.79125435462096,86.27609486993481,83.76235729220183,85.29371643066406,5230866,0.0,0.0
2016-06-06,85.52487494804991,85.72712795219441,84.60027996091178,85.00479125976562,3080890,0.0,0.0
2016-06-07,85.23592380520695,86.21830749134689,84.9758819983871,85.78490447998047,4160961,0.0,0.0
2016-06-08,85.98716358387637,86.47835546195628,85.062568663539,85.6115493774414,3645885,0.0,0.0
2016-06-09,85.69823361181561,88.00971307461182,85.66933654739948,87.2873764038086,7092262,0.0,0.0
2016-06-10,87.25849068614441,88.26976103734336,86.70950991091235,87.54742431640625,2818471,0.0,0.0
2016-06-13,86.68061920051908,87.05623345353294,85.61155999390105,85.95828247070312,1383117,0.0,0.0
2016-06-14,85.72712324844794,86.189418071369,85.00478659565292,85.6693344116211,2696526,0.0,0.0
2016-06-15,85.84271373335042,89.56998603808526,85.84271373335042,89.07878875732422,4583678,0.0,0.0
2016-06-16,89.07877214772905,89.28103043627833,86.73840091229422,87.72077941894531,3753651,0.0,0.0
2016-06-17,87.89413221501536,88.50089644135176,87.34515682137526,88.00970458984375,3636291,0.0,0.0
2016-06-20,87.11400303128774,89.54105983215943,87.11400303128774,89.25212097167969,2779868,0.0,0.0
2016-06-21,89.0498856644573,89.33881398395123,87.34516519681263,87.72077941894531,3185960,0.0,0.0
2016-06-22,87.83635250013113,88.61647801497278,86.79618514700893,88.18307495117188,2958055,0.0,0.0
2016-06-23,85.52486644641044,86.62281726326951,84.5713797793377,86.1605224609375,7649942,0.0,0.0
2016-06-24,84.34024094200153,86.65172584199465,82.7799898248833,86.21832275390625,3570870,0.0,0.0
2016-06-27,84.94700526532527,87.48963495192217,84.94700526532527,86.21832275390625,2847684,0.0,0.0
2016-06-28,87.02733399618336,87.05622576984513,85.03367993053374,85.52487182617188,3265359,0.0,0.0
2016-06-29,85.52486638666205,88.12528456777106,85.52486638666205,87.89413452148438,3666712,0.0,0.0
2016-06-30,88.09638593489557,90.72569584095629,88.03860239227724,90.3211898803711,9291400,0.0,0.0
2016-07-01,89.74331363586612,91.07240904958732,89.56995244441313,90.58122253417969,3022617,0.0,0.0
2016-07-04,90.14784695787188,91.30359211258045,89.13657656070853,90.11894989013672,3504501,0.0,0.0
2016-07-05,90.09005372246065,90.09005372246065,87.98082195158635,88.18307495117188,3307670,0.0,0.0
2016-07-07,88.18307645462941,89.07877437156739,86.68061423802526,88.35643768310547,6193146,0.0,0.0
2016-07-08,87.98080002175121,89.25211183164063,87.05620528591609,88.87650299072266,1792663,0.0,0.0
2016-07-11,89.62774803386655,91.70808261105495,89.62774803386655,91.101318359375,3684830,0.0,0.0
2016-07-12,91.13020631605224,92.08369290198671,90.92794805865991,91.4769287109375,2558658,0.0,0.0
2016-07-13,91.93922737036627,92.11258858513196,90.49455410769505,91.101318359375,3752023,0.0,0.0
2016-07-14,90.5812286564443,91.99701534271054,90.5812286564443,91.70807647705078,3467246,0.0,0.0
2016-07-15,82.54883140244854,90.58123625317329,82.54883140244854,90.29229736328125,24967578,0.0,0.0
2016-07-18,90.14781647325466,90.61011649503165,89.36769113838996,89.91667175292969,3678940,0.0,0.0
2016-07-19,89.85888831116219,90.4945495939736,89.42548529586537,90.2634048461914,3266539,0.0,0.0
2016-07-20,90.26340026866905,91.30356745263144,89.82999727535137,90.92794799804688,3747645,0.0,0.0
2016-07-21,91.30359069216526,91.39027131289164,89.2232557947321,89.5121841430664,3602185,0.0,0.0
2016-07-22,89.56995545776465,90.78348383876153,89.04987186590884,90.49454498291016,4439348,0.0,0.0
2016-07-25,90.1478271484375,91.30357204917819,90.1478271484375,91.01463317871094,2762284,0.0,0.0
2016-07-26,91.18798220089762,91.79474634101766,90.78347630119322,91.36134338378906,2391322,0.0,0.0
2016-07-27,91.82367399393036,92.69048019720493,90.78350655000087,91.91035461425781,3822085,0.0,0.0
2016-07-28,91.93923502958698,92.4593187172109,90.32120041735577,91.65030670166016,9605690,0.0,0.0
2016-07-29,91.39026176261709,92.45931558577279,90.75460041667336,91.50582885742188,3023502,0.0,0.0
2016-08-01,91.65031264676446,92.4593247147936,90.98575417093933,92.11260223388672,4640031,0.0,0.0
2016-08-02,92.40153510976849,92.92161879706549,91.59251251359657,92.08370971679688,2760872,0.0,0.0
2016-08-03,91.82365566734224,92.08369747642428,90.552333102189,91.01463317871094,3387386,0.0,0.0
2016-08-04,90.92797072350315,92.17039647524018,90.92797072350315,91.91035461425781,3007062,0.0,0.0
2016-08-05,92.45930640183248,94.19291846299889,91.91033630321532,93.29722595214844,3142065,0.0,0.0
2016-08-08,93.64394210959804,93.64394210959804,91.82364956695658,92.37261962890625,2541385,0.0,0.0
2016-08-09,92.19925843436896,93.75950918520451,91.96811370202845,92.37261962890625,3574959,0.0,0.0
2016-08-10,92.80603961078245,93.38391741915166,90.58124073383665,91.24578857421875,3919809,0.0,0.0
2016-08-11,91.88144677885276,92.4593139862679,90.84127945682802,92.19927215576172,2147083,0.0,0.0
2016-08-12,92.17038114437418,93.21054841529077,92.02590641377222,92.77714538574219,2793805,0.0,0.0
2016-08-16,92.60378257695066,93.73063043434425,92.28594664001042,93.23943328857422,5136718,0.0,0.0
2016-08-17,92.77715139924535,93.61506045030684,92.51710956466117,93.35501861572266,1653793,0.0,0.0
2016-08-18,93.47058860454356,97.51567994947914,93.38390800014403,96.38883209228516,8815767,0.0,0.0
2016-08-19,96.88002322612193,98.23802647984965,95.83985592426868,96.35993957519531,5195581,0.0,0.0
2016-08-22,97.02449654550125,97.54458018884021,93.7884170154603,94.56854248046875,8943697,0.0,0.0
2016-08-23,94.3084882628243,94.53963299132796,91.15908975396569,91.88143157958984,7852124,0.0,0.0
2016-08-24,91.73700062698471,94.5107806967782,91.36138104882309,93.2105712890625,6789516,0.0,0.0
2016-08-25,92.86381823311108,93.326107705254,91.36135099582718,91.6791763305664,8434987,0.0,0.0
2016-08-26,91.82366638258796,92.34375006144252,90.87017963802126,91.24578857421875,3957362,0.0,0.0
2016-08-29,91.30357957143762,92.4593139862679,90.61013469008779,92.19927215576172,1646781,0.0,0.0
2016-08-30,92.45931545799152,93.78842169544451,91.79476762982969,93.47059631347656,2913315,0.0,0.0
2016-08-31,92.63266600534443,93.7595138256074,91.62139584753575,92.0259017944336,11099280,0.0,0.0
2016-09-01,92.28594673128678,92.83492742016689,91.30357360103204,91.73697662353516,3383041,0.0,0.0
2016-09-02,91.99703809571707,92.92162788092146,91.15911835240519,92.4593276977539,4700020,0.0,0.0
2016-09-06,92.74824826682368,94.7707992638596,92.74824826682368,94.51075744628906,5273948,0.0,0.0
2016-09-07,94.30850381540697,94.53964858202913,92.77714989691799,93.18165588378906,3051766,0.0,0.0
2016-09-08,92.94797987185785,94.64219558071083,92.91877644914923,93.32772064208984,2926024,1.458333,0.0
2016-09-09,93.47375829205849,93.99954820250862,92.53902423922153,92.772705078125,2551233,0.0,0.0
2016-09-12,91.60428299870199,92.42217121930048,88.9461195387012,89.29664611816406,3768448,0.0,0.0
2016-09-14,88.80007213356532,91.48744457443325,88.80007213356532,90.96165466308594,3852837,0.0,0.0
2016-09-15,91.37060106008303,91.72112767629463,89.00455174926641,89.61797332763672,3226718,0.0,0.0
2016-09-16,90.28979672126053,91.69190285890691,89.03373974054536,89.4134750366211,7863216,0.0,0.0
2016-09-19,89.79322960758694,91.13691851033941,89.29665380964987,90.64034271240234,2220804,0.0,0.0
2016-09-20,90.49428451955403,90.55271275373822,89.38428713395842,89.61797332763672,3677742,0.0,0.0
2016-09-21,89.50113117235385,90.78639726659193,89.50113117235385,89.96849822998047,3328227,0.0,0.0
2016-09-22,91.57508117578907,91.89639368434885,90.55271541420889,91.72113037109375,2877253,0.0,0.0
2016-09-23,91.83796012105267,92.30533244058999,91.31217027303138,91.6626968383789,4637128,0.0,0.0
2016-09-26,90.84479243793503,91.42901047619188,88.39111197808623,88.88768768310547,5557129,0.0,0.0
2016-09-27,88.82929186551813,89.58876266417964,88.2158702635005,88.91692352294922,2940974,0.0,0.0
2016-09-28,89.09217448174508,89.73480476424362,88.88769707702328,89.20901489257812,2364836,0.0,0.0
2016-09-29,89.55954741276992,89.82244236603636,86.6092800432426,87.31033325195312,9046064,0.0,0.0
2016-09-30,87.16428718152324,88.71244284035602,86.05428444518456,86.4632339477539,3917944,0.0,0.0
2016-10-03,86.90138915331062,88.59559929228399,86.75533461855701,87.982177734375,2458561,0.0,0.0
2016-10-04,88.09901351660875,89.2966478018925,87.89454145760372,88.94612121582031,3592586,0.0,0.0
2016-10-05,89.53033009056199,89.85164789672257,87.83611476565456,89.06295776367188,3460152,0.0,0.0
2016-10-06,89.50111369146569,89.88084901733116,86.75532407270818,87.01821899414062,5083105,0.0,0.0
2016-10-07,87.0474252180246,87.7192695582843,86.28795458845526,86.63848114013672,2824920,0.0,0.0
2016-10-10,86.93058167792904,87.31031697900143,85.23637185551699,85.67453002929688,5757795,0.0,0.0
2016-10-13,85.87899622151271,85.87899622151271,83.7174142616386,84.56452178955078,7622096,0.0,0.0
2016-10-14,84.88584982667567,85.06111310549976,83.83427015373107,84.71058654785156,3912372,0.0,0.0
2016-10-17,85.87900837276152,86.81374766172992,85.35321852558135,86.17111206054688,9453096,0.0,0.0
2016-10-18,86.4632339477539,86.93060098739622,85.96665279096341,86.4632339477539,10349815,0.0,0.0
2016-10-19,86.72613352073154,87.74849930858574,86.25876110763224,87.07666015625,8062418,0.0,0.0
2016-10-20,87.48559016926725,87.57322181396054,86.66769660166689,87.04743194580078,3200011,0.0,0.0
2016-10-21,86.69692568497189,87.6316652302992,86.69692568497189,87.33956146240234,1824866,0.0,0.0
2016-10-24,87.54400981831243,88.80006156303219,87.45637817685265,88.42032623291016,1329955,0.0,0.0
2016-10-25,87.98217808537088,89.12138955460377,87.3687565250147,88.8000717163086,2033961,0.0,0.0
2016-10-26,88.47875204209896,89.32585437187412,88.27427463950957,88.71243286132812,1938522,0.0,0.0
2016-10-27,88.62480163574219,89.26743726318679,87.92374847751981,88.62480163574219,3302029,0.0,0.0
2016-10-28,88.74164915681527,90.5234908531452,87.77770104511673,88.94612121582031,7337786,0.0,0.0
2016-11-01,88.62478737512869,91.45820831748138,88.04058006968893,90.55268859863281,4078814,0.0,0.0
2016-11-02,89.9392857142337,92.07164870189445,89.47191335525606,91.42902374267578,8157837,0.0,0.0
2016-11-03,91.60427122530402,91.89636953916641,89.0921626124841,89.4134750366211,4332021,0.0,0.0
2016-11-04,89.73480685325015,90.84480415353256,89.26743985042657,89.67638397216797,2394276,0.0,0.0
2016-11-07,90.05612572257873,91.66270960322662,89.58875868656732,90.61112976074219,4567302,0.0,0.0
2016-11-08,90.78638913982,91.48744233781089,89.70560057578787,90.05612182617188,4490103,0.0,0.0
2016-11-09,86.28796441081998,91.1369138115107,85.06112134028042,90.02691650390625,8218180,0.0,0.0
2016-11-10,90.84481146422128,91.34139797046542,89.99770903772162,90.43586730957031,4426790,0.0,0.0
2016-11-11,89.96848507279805,89.96848507279805,88.09901176707541,88.62480163574219,3641463,0.0,0.0
2016-11-15,88.44953835188093,89.12138274475768,87.0474320353459,87.71927642822266,4077310,0.0,0.0
2016-11-16,88.39112082109939,88.68322452084048,87.19348655952201,87.71927642822266,3384367,0.0,0.0
2016-11-17,87.63164022694463,89.20900975102963,87.16427326193788,88.68321990966797,6488716,0.0,0.0
2016-11-18,89.20901150277606,93.47374784515766,88.88769369943078,92.91875457763672,13243760,0.0,0.0
2016-11-21,92.88954655684279,93.38612232804101,90.23138301101616,90.49427795410156,9888339,0.0,0.0
2016-11-22,91.1369138115107,91.19533134436693,88.24506943095314,90.02691650390625,10578529,0.0,0.0
2016-11-23,90.202166138584,94.05795806203457,88.18663319362433,93.3861083984375,10153308,0.0,0.0
2016-11-24,92.77271025062434,93.47376350364473,90.64034707083644,91.72113037109375,5111353,0.0,0.0
2016-11-25,92.2761367051876,94.90508646886816,90.84481604588686,94.35008239746094,5798672,0.0,0.0
2016-11-28,93.53219346099294,96.36560994594987,93.53219346099294,96.01508331298828,4603195,0.0,0.0
2016-11-29,96.10268810253743,96.51164285813837,94.75901018333695,95.22637176513672,6154771,0.0,0.0
2016-11-30,95.34325525958273,95.81062772365573,94.49615269709899,95.31404113769531,9674742,0.0,0.0
2016-12-01,95.3140120424072,96.36559174265032,94.14559728472942,94.58375549316406,3768108,0.0,0.0
2016-12-02,94.61295400916072,95.1971720549664,93.35690767484328,94.43769073486328,3513333,0.0,0.0
2016-12-05,93.7950853010956,95.34324097919553,93.7950853010956,94.90508270263672,3422251,0.0,0.0
2016-12-06,95.22638469866979,96.7161226745854,94.81744058474746,95.2848129272461,5353840,0.0,0.0
2016-12-07,95.72299605521862,96.86220774490113,94.93431103928457,95.31404113769531,3689476,0.0,0.0
2016-12-08,95.78137451284175,96.48242757423492,94.23321923467209,95.25558471679688,4154828,0.0,0.0
2016-12-09,95.48927142121815,96.04427536161518,94.11637932333457,95.83979797363281,2481586,0.0,0.0
2016-12-12,95.75218418216231,98.14745296917498,95.54771745329215,96.65771484375,3724072,0.0,0.0
2016-12-13,97.18350767843035,97.56324842476059,95.25561122313235,96.2779769897461,3550705,0.0,0.0
2016-12-14,96.45322646554786,97.21270784924421,95.25559755664207,95.5477066040039,3354277,0.0,0.0
2016-12-15,95.051107448408,96.13190115167853,93.32768890295135,93.59058380126953,3354172,0.0,0.0
2016-12-16,93.73665747930126,94.75903392726121,93.21086754511279,93.47376251220703,4329195,0.0,0.0
2016-12-19,94.05795689510693,94.20400605192775,93.03558070569844,93.41532135009766,3143113,0.0,0.0
2016-12-20,93.99953857159623,94.93428322588515,93.76585775663501,94.5545425415039,2882146,0.0,0.0
2016-12-21,94.84666932312777,96.33640752874116,94.08718781231276,95.60614013671875,3838824,0.0,0.0
2016-12-22,95.43087832014136,95.86903662280501,93.47376766916904,93.76587677001953,2898685,0.0,0.0
2016-12-23,93.53218775446294,94.55455347248365,92.24691638053737,94.0871810913086,3019249,0.0,0.0
2016-12-26,93.53218120730662,94.72981014728227,93.0940229735079,93.44454956054688,2883518,0.0,0.0
2016-12-27,93.41534179191525,94.32087243568928,93.18166095042201,93.70745086669922,3137931,0.0,0.0
2016-12-28,93.70745191300585,94.81744929402161,93.47376037168006,93.91191864013672,2598544,0.0,0.0
2016-12-29,93.76585960037444,95.95665071253272,93.76585960037444,95.5477066040039,5976016,0.0,0.0
2016-12-30,95.343240996685,96.65771582660253,95.22639522384003,96.24877166748047,4244060,0.0,0.0
2017-01-02,96.4240368829936,97.6508800818196,96.04429613666335,96.2779769897461,3152186,0.0,0.0
2017-01-03,96.33640234322303,97.12508723315389,95.9566616082559,96.65771484375,2448501,0.0,0.0
2017-01-04,96.42402043784234,97.85533012754645,96.01506564316523,96.30717468261719,3729337,0.0,0.0
2017-01-05,95.83980194480921,97.15427657083016,95.83980194480921,96.39480590820312,6652960,0.0,0.0
2017-01-06,96.42403714060261,97.15429381989607,95.57692398861994,95.81061553955078,4947444,0.0,0.0
2017-01-09,95.81058862280673,95.98585188815503,94.11637349203298,95.25558471679688,4569656,0.0,0.0
2017-01-10,95.43086538826032,95.69376033423347,94.46691725302536,94.81744384765625,2423820,0.0,0.0
2017-01-11,95.22638284046425,96.27796256764934,94.55454380272562,96.10269927978516,2763603,0.0,0.0
2017-01-12,96.39480472228688,101.85718055562371,96.10269568769087,101.4774398803711,12138549,0.0,0.0
2017-01-13,102.17850845069215,102.23692598755291,99.69560802437103,99.90008544921875,6432948,0.0,0.0
2017-01-16,98.93614683417447,101.15615251370313,98.73166938953153,99.69561767578125,5560533,0.0,0.0
2017-01-17,100.07536442885113,102.93799533889094,99.46194275546938,102.6458969116211,7873125,0.0,0.0
2017-01-18,102.82114786879023,102.96719706484308,100.48429654860206,100.92245483398438,6211531,0.0,0.0
2017-01-19,101.06850213173884,102.23691694899708,100.33823484803561,101.74034118652344,7877224,0.0,0.0
2017-01-20,101.47745577780182,101.71113662375394,99.19903276379246,99.57877349853516,4372642,0.0,0.0
2017-01-23,99.3158906684044,100.74720073340079,98.8485182221797,99.08219909667969,4522695,0.0,0.0
2017-01-24,99.14062590972951,101.76957582456714,99.14062590972951,100.68878173828125,7209640,0.0,0.0
2017-01-25,100.80560638628799,101.36059967601489,99.57876334993244,100.10455322265625,13115185,0.0,0.0
2017-01-27,100.19219034992112,104.13561461110605,100.13376211827347,103.69745635986328,6091371,0.0,0.0
2017-01-30,103.3177361310118,103.93115780439355,101.94484357061337,102.6458969116211,5516523,0.0,0.0
2017-01-31,102.82115579050219,103.81430751573558,100.33825508296957,100.68878173828125,7441196,0.0,0.0
2017-02-01,100.86400977498171,101.2437504177781,98.90689973518299,99.84164428710938,10397133,0.0,0.0
2017-02-02,100.89322703385088,102.82112302368739,100.33822310739998,100.80559539794922,7142464,0.0,0.0
2017-02-03,100.77639824101621,101.44823733021532,100.16297668650567,100.45508575439453,4129434,0.0,0.0
2017-02-06,100.77639359500047,102.17849994067004,100.54271276979637,101.41902923583984,6082885,0.0,0.0
2017-02-07,100.95165857033584,102.52902823549734,100.68876362614226,101.0685043334961,6618921,0.0,0.0
2017-02-08,101.88638902431431,102.38297547747902,99.46191707830778,100.42586517333984,10220055,0.0,0.0
2017-02-09,100.42588249865582,101.62351162123466,97.79693269502609,98.2643051147461,7504140,0.0,0.0
2017-02-10,98.87773015961814,100.27983677010738,98.52720350699583,99.52035522460938,4783242,0.0,0.0
2017-02-13,99.87088220917498,101.12693961765456,99.87088220917498,100.77641296386719,7380872,0.0,0.0
2017-02-14,101.01006782449343,101.01006782449343,99.25743500684912,99.81243896484375,5174097,0.0,0.0
2017-02-15,100.11501701510683,101.21257785973805,99.84804363639988,100.29299926757812,4591172,2.175,0.0
2017-02-16,100.55996873229627,101.36088883724376,100.32266269262914,101.03459167480469,4049570,0.0,0.0
2017-02-17,101.27188885729564,101.42020376121928,100.17432815137558,100.7082748413086,3268471,0.0,0.0
2017-02-20,100.85661362344099,102.39911924018456,100.55997291414049,101.92450714111328,7358422,0.0,0.0
2017-02-21,102.01350078955778,102.66609515770784,101.18291330088739,102.33979797363281,2167004,0.0,0.0
2017-02-22,103.14073410159641,103.22972524404817,98.45387088686226,98.8988265991211,8138626,0.0,0.0
2017-02-23,99.31410707542739,99.31410707542739,97.32663476438864,98.1868896484375,8046589,0.0,0.0
2017-02-27,98.57251152794892,98.75049380026131,97.05966221329368,98.12755584716797,8850588,0.0,0.0
2017-02-28,98.4835054069945,98.5724965296102,96.25872734160174,96.67402648925781,16850186,0.0,0.0
2017-03-01,96.97064765666047,97.47493788186593,94.33058154271761,94.89419555664062,11781903,0.0,0.0
2017-03-02,95.45781003772191,95.45781003772191,92.1058146086116,92.52110290527344,16388160,0.0,0.0
2017-03-03,92.52110866171793,93.26270503913072,91.77952314748029,92.61009979248047,9776836,0.0,0.0
2017-03-06,93.08471341566606,94.33058912103826,92.61009047827578,93.97462463378906,5028422,0.0,0.0
2017-03-07,94.92384533019843,94.95351265405317,93.14402316236239,93.38134002685547,4820226,0.0,0.0
2017-03-08,93.50002192357115,94.06363610470228,92.6991016539947,93.2033920288086,3653134,0.0,0.0
2017-03-09,92.93639614676931,94.47890164366942,92.31345830985903,93.91529846191406,5600349,0.0,0.0
2017-03-10,93.94497762889142,94.5975829510866,92.78809279505874,93.2033920288086,2902393,0.0,0.0
2017-03-14,95.19082568944309,95.48746636039333,93.79663517600612,94.6865463256836,5506806,0.0,0.0
2017-03-15,94.62722266168046,94.92385246984907,93.91529374099866,94.12293243408203,3038296,0.0,0.0
2017-03-16,94.5975576427371,95.81376595750625,94.36025161777992,95.66545104980469,3935551,0.0,0.0
2017-03-17,95.93242160665055,96.0214127213135,94.1822666393371,94.89419555664062,7716466,0.0,0.0
2017-03-20,94.3899137691437,96.02142130486584,94.3899137691437,95.75444793701172,2691794,0.0,0.0
2017-03-21,95.78412117475038,96.43671553875996,94.92386636092215,96.19940948486328,3637201,0.0,0.0
2017-03-22,95.69513588491156,96.11042422036081,95.07219795014997,95.36882781982422,2992011,0.0,0.0
2017-03-23,95.75443379200287,97.77156198564678,95.57645157305863,97.53425598144531,6384273,0.0,0.0
2017-03-24,97.8012537746034,98.21654210163247,97.0003335890061,97.65293884277344,4581844,0.0,0.0
2017-03-27,97.29696299043836,97.86056618369378,96.70368160582613,96.91133117675781,3264932,0.0,0.0
2017-03-28,97.35628679389886,98.09788309315536,97.23762834432911,97.8309097290039,1686946,0.0,0.0
2017-03-29,98.45385546805397,98.45385546805397,96.9410062833005,97.26730346679688,4597850,0.0,0.0
2017-03-30,97.32663428499035,98.18688916480188,96.46639026835447,96.76303100585938,9615726,0.0,0.0
2017-03-31,97.05964728945598,98.92846086138826,96.76301745666218,98.48350524902344,3814359,0.0,0.0
2017-04-03,98.48351447661679,99.25477818576354,97.3266297760718,97.6825942993164,3542816,0.0,0.0
2017-04-05,98.4241868577562,99.67006264076576,97.71225783889358,98.7801513671875,6131202,0.0,0.0
2017-04-06,98.78013651784717,99.6997149833653,97.89022537804674,99.4920654296875,5319375,0.0,0.0
2017-04-07,99.0767740242767,100.44129715298432,98.48349270789076,99.818359375,7405474,0.0,0.0
2017-04-10,99.69973048003088,100.23367724690428,98.03855551875266,98.928466796875,2686148,0.0,0.0
2017-04-11,99.10645395397249,99.61074427863218,96.88167564863657,99.07679748535156,17414233,0.0,0.0
2017-04-12,99.31410592632332,99.81838539987278,97.47495943763512,97.86058044433594,8425531,0.0,0.0
2017-04-13,97.89024389226748,98.15721728470093,97.41562090688295,97.6825942993164,4090750,0.0,0.0
2017-04-17,97.71225596282443,97.89023821412283,93.97462868555792,94.50857543945312,9580728,0.0,0.0
2017-04-18,95.22050507214605,96.97066026705565,94.92386436363569,95.93243408203125,5073410,0.0,0.0
2017-04-19,95.93242885175775,98.4241802505047,95.57646436622247,97.8309097290039,5434806,0.0,0.0
2017-04-20,97.77158240072073,97.83091706153981,96.82234732253842,97.11898803710938,2381107,0.0,0.0
2017-04-21,97.32662847760528,99.37342445895482,97.26730467891436,99.19544219970703,9538297,0.0,0.0
2017-04-24,99.19542775382583,99.93702401375087,98.33518391379761,98.80980682373047,2517796,0.0,0.0
2017-04-25,99.04713025616174,99.07679758798872,97.03000154495932,98.15721893310547,3704083,0.0,0.0
2017-04-26,98.15720943782641,98.75047997474853,97.53427157194719,98.24620056152344,4119194,0.0,0.0
2017-04-27,98.03856209191618,98.75049116214655,96.70369508523422,97.3563003540039,4868335,0.0,0.0
2017-04-28,97.29695996281308,98.00888891165518,96.94099548839202,97.59358978271484,3063996,0.0,0.0
2017-05-02,97.68260339294658,98.24621756161116,95.69514186192755,96.16975402832031,4025983,0.0,0.0
2017-05-03,96.7037008628943,97.62327958794152,95.72479833284201,96.16975402832031,3870368,0.0,0.0
2017-05-04,96.46638064388955,96.91133627416579,96.19940726572379,96.49604797363281,3344888,0.0,0.0
2017-05-05,96.3180794116293,96.3477358824132,94.59758044229432,94.74589538574219,2507920,0.0,0.0
2017-05-08,94.56788676253383,95.72477124338705,94.56788676253383,95.27981567382812,3692730,0.0,0.0
2017-05-09,95.72477484025062,95.84343328431596,94.8348636676943,95.66545104980469,3186598,0.0,0.0
2017-05-10,95.72477470223576,96.67402052704288,95.63578358510843,96.22906494140625,2730601,0.0,0.0
2017-05-11,96.28838230409401,96.37737341528079,94.77553341391878,95.07217407226562,4567666,0.0,0.0
2017-05-12,94.9535290265106,95.8731075928426,93.73732062317414,94.2416000366211,2748128,0.0,0.0
2017-05-15,94.33059520452795,94.92386576714598,93.61866618411642,94.77555084228516,2060881,0.0,0.0
2017-05-16,94.77553711603231,95.45779870739047,94.56788756076106,94.89419555664062,5617327,0.0,0.0
2017-05-17,95.22049811196258,95.99175086190498,94.03394622782724,94.2712631225586,8423958,0.0,0.0
2017-05-18,93.73731842306584,94.53823851789312,93.32201927992827,93.61865997314453,6185143,0.0,0.0
2017-05-19,94.56792064608656,95.33918448511352,93.7966676702366,94.38993835449219,2852978,0.0,0.0
2017-05-22,94.508585195957,95.07219933764429,93.58900651492523,93.8559799194336,3324104,0.0,0.0
2017-05-23,93.73734077104345,93.97464686428833,92.01684172128233,93.1144027709961,2820800,0.0,0.0
2017-05-24,93.20338087629666,94.24160711008659,92.31346957214097,92.8177490234375,2830014,0.0,0.0
2017-05-25,92.93641275187464,93.23304262795354,91.83885179349076,92.75843048095703,5992188,0.0,0.0
2017-05-26,92.69908090539528,92.90673047579251,92.2541252996683,92.55076599121094,3186957,0.0,0.0
2017-05-29,93.08472580746877,93.61867260942365,90.85994746599006,92.84741973876953,8203143,0.0,0.0
2017-05-30,92.84740262443417,97.00031780863918,92.78806797081475,95.66545104980469,5871019,0.0,0.0
2017-05-31,94.98317957264963,96.52568486941131,94.80519735662541,95.0425033569336,6385513,0.0,0.0
2017-06-01,95.04252064595369,95.87310809288157,94.65688882002748,95.30949401855469,2350266,0.0,0.0
2017-06-02,95.48747490604866,96.9410002016629,95.39848378311665,96.46637725830078,5955807,0.0,0.0
2017-06-05,96.25872768373469,96.76301795579889,95.81377206907463,96.46637725830078,2986412,0.0,0.0
2017-06-06,96.70367019347832,96.70367019347832,93.58898131294879,93.796630859375,5236093,0.0,0.0
2017-06-07,93.55935480789958,94.03396697573439,93.11439911106933,93.64834594726562,10697568,0.0,0.0
2017-06-08,93.79666089181698,93.91531936536379,93.02540797170327,93.64834594726562,1812870,0.0,0.0
2017-06-09,93.73731842306584,94.6568861046404,92.7584160849436,93.61865997314453,2940114,0.0,0.0
2017-06-12,93.73732419045075,94.21193629298944,92.43211375053261,93.70765686035156,3738913,0.0,0.0
2017-06-13,93.88565515797254,95.10186381542138,93.7966640156427,94.92388153076172,4090297,0.0,0.0
2017-06-14,95.10183424873871,95.10183424873871,93.97461708406584,94.89419555664062,2630623,0.0,0.0
2017-06-15,94.65688985154969,96.40705588867817,93.88563705446688,94.36026000976562,6250599,0.0,0.0
2017-06-16,94.36024807218838,95.66544745517022,94.36024807218838,95.27981567382812,5082594,0.0,0.0
2017-06-19,95.57647892791094,95.93244346767969,94.5382526413106,95.48748779296875,3415876,0.0,0.0
2017-06-20,95.07220525935456,95.39850248635234,94.12295918652704,94.30094146728516,2603080,0.0,0.0
2017-06-21,94.47890589969259,95.51714291676207,93.61866199293223,94.80521392822266,4094097,0.0,0.0
2017-06-22,94.95354678445703,95.39850248635234,93.91532043442677,94.30094146728516,5139614,0.0,0.0
2017-06-23,94.27128392282799,95.45782520559119,93.29238138980143,93.64834594726562,4643132,0.0,0.0
2017-06-27,93.44069532246102,94.21194823422265,91.95751330348065,93.6780014038086,3746638,0.0,0.0
2017-06-28,93.6779951786536,94.98320569727062,93.29237417998638,94.71623229980469,5058873,0.0,0.0
2017-06-29,94.33058199033863,94.86452868084999,93.64832039574299,94.12293243408203,10103880,0.0,0.0
2017-06-30,93.91532043442677,94.83488830955952,93.17372397687583,94.30094146728516,6122950,0.0,0.0
2017-07-03,94.2712629106671,94.2712629106671,92.13547604192833,92.99571990966797,8945122,0.0,0.0
2017-07-04,94.38992093786369,94.7755527862212,93.61866810432366,93.76698303222656,5282948,0.0,0.0
2017-07-05,93.85595876516352,94.98318679447128,93.61865274681234,94.33058166503906,5059808,0.0,0.0
2017-07-06,93.79665036307713,94.1229475497335,93.14404512658943,93.76698303222656,5379126,0.0,0.0
2017-07-07,93.67798747467847,94.68655718099788,93.50000522433825,94.36026000976562,4768952,0.0,0.0
2017-07-10,95.16120187331413,95.45783178285532,93.73734354535021,94.95355224609375,1170691,0.0,0.0
2017-07-11,94.95353814189093,97.71226324254569,94.86454700961175,96.88167572021484,5956020,0.0,0.0
2017-07-12,96.94099344948633,97.5342639399856,96.52569432928074,97.32661437988281,4097499,0.0,0.0
2017-07-13,97.89024563951459,98.60217469871107,97.000334315519,97.23764038085938,3014683,0.0,0.0
2017-07-14,97.29697116622623,99.84804657226685,96.91133932014135,99.25477600097656,4127641,0.0,0.0
2017-07-17,100.14468656794364,100.26333416344188,99.34376641404378,99.9963607788086,4854055,0.0,0.0
2017-07-18,99.5514063584429,101.95416684960489,98.60217126694342,99.40309143066406,4280904,0.0,0.0
2017-07-19,99.72939676288817,101.21258961452276,98.95814386699777,99.5514144897461,4443198,0.0,0.0
2017-07-20,99.61074438182247,100.14469117565623,97.80125440388296,98.15721893310547,3079837,0.0,0.0
2017-07-21,98.12754041638289,98.83946939367992,96.0510881413826,97.77157592773438,4679146,0.0,0.0
2017-07-24,97.35628170651849,98.7801395742555,97.17829947305135,97.32661437988281,4095321,0.0,0.0
2017-07-25,97.35629884511724,98.30553396965408,97.08932544791857,97.23764038085938,5238774,0.0,0.0
2017-07-26,97.29697889703216,99.16579275141824,97.29697889703216,98.69116973876953,4710169,0.0,0.0
2017-07-27,99.0768018749512,99.19544948104226,97.4452940910291,98.12755584716797,13313542,0.0,0.0
2017-07-28,97.83092183897334,98.39452510205365,95.99176452726556,97.23764038085938,5825488,0.0,0.0
2017-07-31,98.30552248713991,98.92846034117495,96.08074443701473,97.41561126708984,11319219,0.0,0.0
2017-08-01,97.65292377263046,98.4835002985111,96.76301259263435,98.0088882446289,7131372,0.0,0.0
2017-08-02,98.39453966307934,102.60679084107159,98.39453966307934,101.95418548583984,22272063,0.0,0.0
2017-08-03,102.04313781569967,103.3780044914712,100.88625336336433,102.36944580078125,7242470,0.0,0.0
2017-08-04,102.25079644036167,105.72145010543922,100.6192889596519,105.21717071533203,9251462,0.0,0.0
2017-08-07,105.18751263474967,106.28507349424157,103.11104937341155,103.4966812133789,4356682,0.0,0.0
2017-08-08,102.2211411039065,103.0220612744155,100.50065316492977,101.53887939453125,4508409,0.0,0.0
2017-08-09,101.44987612832882,104.03061859124246,101.1532354425682,103.02204895019531,3248853,0.0,0.0
2017-08-10,103.02205779070245,103.37802229889165,100.50064976647866,102.42878723144531,2957564,0.0,0.0
2017-08-11,100.55996346457464,102.51776806299999,99.34375513812586,100.17433166503906,6021926,0.0,0.0
2017-08-14,100.8566102724864,102.99239723686959,100.0853466265652,101.89483642578125,4955436,0.0,0.0
2017-08-16,101.74651143054365,102.93305238445718,100.64895072815911,100.91592407226562,6909514,0.0,0.0
2017-08-17,101.44988259189942,105.27650097036582,100.44131288659433,104.890869140625,6198212,0.0,0.0
2017-08-18,105.24684201589235,105.98843840496764,102.42879311848677,102.87374877929688,9086977,0.0,0.0
2017-08-21,102.75508084716544,103.88230899280143,101.83551314167342,102.04315185546875,4958263,0.0,0.0
2017-08-22,103.11103377715153,103.14070110286924,99.19542476202966,99.4920654296875,5514501,0.0,0.0
2017-08-23,99.67007674834802,101.50922335300284,99.43277066286309,101.00494384765625,5016500,0.0,0.0
2017-08-24,101.4498650436804,101.80582948243016,99.81835774501984,100.26331329345703,5959692,0.0,0.0
2017-08-28,100.6786354847969,103.22971092687393,100.6786354847969,102.81442260742188,6243884,0.0,0.0
2017-08-29,98.63183170288505,100.20400458959746,98.54284057980371,99.90736389160156,26027901,0.0,0.0
2017-08-30,98.48351145313588,101.65753559674,98.33519652739567,99.64039611816406,24858153,0.0,0.0
2017-08-31,97.29697935167204,100.38200179036458,97.14865354898986,100.11502838134766,100020078,0.0,0.0
2017-09-01,99.34374735769855,100.20399114433359,98.92844826359385,99.818359375,6407655,0.0,0.0
2017-09-04,99.0767740242767,100.38197336661482,98.98778291313609,99.818359375,5787289,0.0,0.0
2017-09-05,99.90737702370316,100.70829723671046,99.40309754768305,100.55998229980469,3431329,0.0,0.0
2017-09-06,100.23367191107313,101.00492468999742,100.11501345924856,100.82694244384766,2789814,0.0,0.0
2017-09-07,100.95913357204861,102.5816910758851,100.86899148850215,102.22112274169922,5341582,1.808333,0.0
2017-09-08,101.68027641447742,102.22112894859698,100.08776984301637,100.80890655517578,3959727,0.0,0.0
2017-09-11,100.65868394490964,102.94228768998737,100.20797340335979,102.4915771484375,13794789,0.0,0.0
2017-09-12,102.4314857414519,103.27280474713498,101.71034887733767,102.37138366699219,4997685,0.0,0.0
2017-09-13,101.98076266974563,103.00236576592029,101.31971695764666,101.5300521850586,5065327,0.0,0.0
2017-09-14,101.53004614604212,102.16104078707237,101.01923362466403,101.34976196289062,7281802,0.0,0.0
2017-09-15,100.95914663548203,101.0793397636536,100.29810093604894,100.56852722167969,6626685,0.0,0.0
2017-09-18,100.95915985107422,102.37138252633741,100.77887563705445,100.95915985107422,3664866,0.0,0.0
2017-09-19,100.95913790041728,101.92064983157795,100.26805223148988,101.5600814819336,2329150,0.0,0.0
2017-09-20,101.56011859120446,101.8005049145845,100.14789570697319,100.83898162841797,4668108,0.0,0.0
2017-09-21,100.41830754434783,101.25963754714134,100.38825650735245,101.07935333251953,3728936,0.0,0.0
2017-09-22,100.62862114773895,100.95913846888304,98.8858704467542,99.75724029541016,6742154,0.0,0.0
2017-09-25,100.35820407216612,100.89905664919515,99.03611265920149,99.9074935913086,5028435,0.0,0.0
2017-09-26,100.2981044835539,100.62863284679797,98.64550668203003,100.32815551757812,4261666,0.0,0.0
2017-09-27,100.50843481584029,100.62862794240513,98.8558260911864,99.15630340576172,3760716,0.0,0.0
2017-09-28,99.15634334464276,100.05776464777587,98.61549056276289,99.78733825683594,6199570,0.0,0.0
2017-09-29,100.05774314672176,100.92911321794548,99.30655522097162,100.62864685058594,4245489,0.0,0.0
2017-10-03,100.9591410569992,101.53004462967684,100.71876581761167,101.19951629638672,5038693,0.0,0.0
2017-10-04,101.19953628576364,101.68029786317396,100.47839942148582,100.98921203613281,6354854,0.0,0.0
2017-10-05,100.86900740244818,103.12255984664942,100.83895636863414,102.82208251953125,13895436,0.0,0.0
2017-10-06,102.9122137355122,106.96860770615729,102.8521226779121,105.79676055908203,18944218,0.0,0.0
2017-10-09,105.13572577424874,106.72823232974646,104.65496430307064,105.10567474365234,6961627,0.0,0.0
2017-10-10,105.10569439749433,105.67659806354274,104.74512597760584,105.46626281738281,5929921,0.0,0.0
2017-10-11,105.82683333767928,106.51791915495696,104.71507701973243,105.07564544677734,5036053,0.0,0.0
2017-10-12,105.16577150380866,107.50946592192082,105.16577150380866,106.18738555908203,19542392,0.0,0.0
2017-10-13,106.96861936896593,107.20900563292136,105.04559527936694,105.67658996582031,6797923,0.0,0.0
2017-10-16,105.76673901607049,106.45782481210165,105.10569325225276,105.43621063232422,2658920,0.0,0.0
2017-10-17,105.58646762947633,106.06721824001704,104.41462013530963,105.70664978027344,23635226,0.0,0.0
2017-10-18,105.94702587642715,108.17052749595224,105.165786953173,106.9986801147461,8205376,0.0,0.0
2017-10-19,107.20900854484626,107.26909961063022,104.68502973047848,105.19583129882812,556915,0.0,0.0
2017-10-23,105.1958424618751,106.90854255337092,104.35451243324846,106.33763885498047,6443756,0.0,0.0
2017-10-24,106.36766643193417,109.91325898088968,105.9169559809514,109.16207122802734,14176243,0.0,0.0
2017-10-25,109.3123119970382,111.38558021608166,109.25222093394272,110.1836929321289,10983906,0.0,0.0
2017-10-26,110.12359771927082,111.23535397961119,109.67288720881858,110.96492767333984,11019600,0.0,0.0
2017-10-27,110.8747848045305,112.97810417332096,108.92170960730155,109.34236907958984,7227376,0.0,0.0
2017-10-30,109.43250911641587,110.0635038147807,109.43250911641587,109.73298645019531,5224491,0.0,0.0
2017-10-31,109.97336901524216,110.09356215746743,108.2306179695133,108.92171478271484,9992200,0.0,0.0
2017-11-01,108.89164208376556,110.87476801575467,108.2005564117209,108.6212158203125,9539526,0.0,0.0
2017-11-02,106.42776337667195,108.68131575621521,106.30758125221213,108.32074737548828,7958055,0.0,0.0
2017-11-03,107.56957808529508,110.51421639866211,107.56957808529508,109.34236907958984,10815914,0.0,0.0
2017-11-06,109.31230178148444,109.31230178148444,107.35922687482635,107.71979522705078,4282537,0.0,0.0
2017-11-07,107.99024280872284,108.65128858618377,106.45782700926684,107.20901489257812,10390363,0.0,0.0
2017-11-08,106.90854583674633,107.68977381352987,105.67660729572694,105.9770736694336,7184114,0.0,0.0
2017-11-09,106.09725905227982,108.02029432009957,106.09725905227982,106.9986801147461,5041654,0.0,0.0
2017-11-10,106.87847975894616,107.2090081286608,105.49630822555994,106.09725189208984,6573186,0.0,0.0
2017-11-13,106.99868466344965,107.53953732392202,105.91697934250492,106.33763885498047,5605167,0.0,0.0
2017-11-14,106.66817720995093,109.28229864605208,105.91698922134,106.39775085449219,11136588,0.0,0.0
2017-11-15,106.03718274631323,106.33764913985277,104.29443144834214,104.68505096435547,8244417,0.0,0.0
2017-11-16,105.46625913464847,107.20901010448004,104.62492918306175,106.03716278076172,8639272,0.0,0.0
2017-11-17,107.02873243651713,108.20057983179404,105.8268340042388,106.69820404052734,8639323,0.0,0.0
2017-11-20,106.45780726660318,108.86159264227082,106.45780726660318,108.44093322753906,5624824,0.0,0.0
2017-11-21,108.65127659706877,111.65600579140728,108.53108346797265,109.94330596923828,12956512,0.0,0.0
2017-11-22,110.60436047887339,111.17526413293682,108.86160948477301,109.28227996826172,7199913,0.0,0.0
2017-11-23,109.31231730988229,109.67288571332739,107.539526327502,108.41089630126953,6313909,0.0,0.0
2017-11-24,108.17054583506656,109.22220025168183,107.62969310589122,108.350830078125,4985976,0.0,0.0
2017-11-27,108.1705445360927,112.28703103526841,107.930169216127,111.98656463623047,12239492,0.0,0.0
2017-11-28,111.74614870060506,111.74614870060506,109.5827383831725,109.85316467285156,21490923,0.0,0.0
2017-11-29,110.45411108392719,110.81467944328314,109.13201976384003,109.37240600585938,14803374,0.0,0.0
2017-11-30,108.77147593182667,110.00342543987237,108.14048116066809,108.86161804199219,21081258,0.0,0.0
2017-12-01,109.85316504826729,110.39401762947375,108.47099356541115,108.95174407958984,5247830,0.0,0.0
2017-12-04,109.31232125613876,109.5226565002998,107.96018969440667,108.29071807861328,10381372,0.0,0.0
2017-12-05,107.90011267422807,107.90011267422807,105.94703716533796,106.42778778076172,9543513,0.0,0.0
2017-12-06,105.79677174386055,106.81838585310365,104.98549286396354,105.556396484375,10349719,0.0,0.0
2017-12-07,106.36770340448211,109.04191600862339,105.22590686633761,108.350830078125,13097042,0.0,0.0
2017-12-08,107.02872475717957,109.16208414300496,106.99867372233435,108.41089630126953,13832593,0.0,0.0
2017-12-11,109.13204574721095,109.37243204646414,106.7883508533844,107.17897033691406,8522901,0.0,0.0
2017-12-12,106.78835515950425,106.87849727444014,105.10570601525949,105.70664978027344,9448897,0.0,0.0
2017-12-13,106.18737994266473,106.36766411913786,105.37610114853572,105.79676055908203,8234570,0.0,0.0
2017-12-14,105.82682159991838,106.90852676107598,104.29440595494512,106.54795837402344,8551278,0.0,0.0
2017-12-15,107.02872674535118,107.3291930846873,105.82682837698283,106.63810729980469,6455800,0.0,0.0
2017-12-18,105.40615225166931,107.11885192934189,104.4746803380266,106.81837463378906,6610290,0.0,0.0
2017-12-19,106.87845509819317,108.38083042337672,106.33760262200832,108.20054626464844,7419950,0.0,0.0
2017-12-20,108.2907016173252,108.41088373542705,106.7883261079938,107.2390365600586,5873828,0.0,0.0
2017-12-21,107.47940655349791,108.38082732133917,107.26907137311112,108.23058319091797,6576799,0.0,0.0
2017-12-22,107.87003477254129,108.56113149108963,107.68975058573277,108.02027893066406,3793356,0.0,0.0
2017-12-26,108.47098579815112,108.47098579815112,106.30757562824012,107.2390365600586,11741056,0.0,0.0
2017-12-27,107.2390444677323,108.35080066602934,106.1272992731092,106.66815185546875,7842159,0.0,0.0
2017-12-28,106.90851898033905,107.38928046264421,105.49629656838863,105.85686492919922,17995456,0.0,0.0
2017-12-29,106.3376094928406,107.11884823358949,105.64652384095272,106.36766052246094,8900653,0.0,0.0
2018-01-01,106.39772922719196,106.57801342751837,105.58645032572313,106.09725189208984,6689762,0.0,0.0
2018-01-02,106.2474862910744,107.7198109453882,106.09725312361667,107.50947570800781,10171537,0.0,0.0
2018-01-03,107.8700647873165,108.35082642046866,106.21746661751969,106.39775085449219,12409998,0.0,0.0
2018-01-04,106.63812305230726,106.90854939986173,106.09727035719835,106.42778778076172,8712321,0.0,0.0
2018-01-05,106.54795872483086,107.11886234076836,106.06719720595328,106.66815185546875,12431070,0.0,0.0
2018-01-08,106.72823449125593,107.26908703090757,106.30757507275125,106.75828552246094,7290126,0.0,0.0
2018-01-09,106.90852230311656,107.20899961435542,105.61648196883023,106.18738555908203,7868696,0.0,0.0
2018-01-10,105.88691387660967,106.24748226779411,104.2042650523069,104.53478240966797,9836607,0.0,0.0
2018-01-11,104.56482820326671,105.10568076293877,103.96388458263336,104.26435089111328,6643371,0.0,0.0
2018-01-12,104.38457384192425,104.62494915812398,103.24277733537976,103.66343688964844,8369301,0.0,0.0
2018-01-15,103.9638965557978,105.40617021435835,103.24275972651753,103.93384552001953,5463837,0.0,0.0
2018-01-16,104.32445570782183,104.92539934430803,102.52161379468939,104.11412048339844,10138000,0.0,0.0
2018-01-17,104.08409307779033,105.07565635510197,102.67187025981433,104.715087890625,7596332,0.0,0.0
2018-01-18,105.07564476418901,105.07564476418901,103.15262050155856,103.45308685302734,8280381,0.0,0.0
2018-01-19,103.39300775439763,104.23433784400528,102.28125131495285,103.81366729736328,3836697,0.0,0.0
2018-01-22,103.9639086053563,104.14419283357155,103.03243642501879,103.60334014892578,5422626,0.0,0.0
2018-01-23,103.42304668806237,105.91697462118003,103.42304668806237,103.78361511230469,6478592,0.0,0.0
2018-01-24,103.75355570562954,104.9854940545151,103.12256101410964,104.56483459472656,11677422,0.0,0.0
2018-01-25,104.29440539735695,105.46625264901266,103.00236501610169,103.33289337158203,13565392,0.0,0.0
2018-01-29,103.36292288371423,103.81363331925903,102.46150201262465,102.79203033447266,12918822,0.0,0.0
2018-01-30,102.79204963148419,103.6634196358943,102.04086176333247,102.34133911132812,9204885,0.0,0.0
2018-01-31,102.16106137398812,102.73195406656204,101.40987345825734,102.31129455566406,7820538,0.0,0.0
2018-02-01,101.71034970139372,102.04086709889883,100.59859335898507,101.59015655517578,11024756,0.0,0.0
2018-02-02,100.65867606672677,101.28967077551094,99.03611824413889,99.27650451660156,4803742,0.0,0.0
2018-02-05,97.3534638652247,100.59857932739885,97.3534638652247,99.9074935913086,7129994,0.0,0.0
2018-02-06,97.35345996226675,99.7572454292464,96.90274949947849,99.33658599853516,4853142,0.0,0.0
2018-02-07,100.51590664998787,101.58523230448598,97.06354020534594,101.09639739990234,11374195,2.275,0.0
2018-02-08,101.09640654272616,101.27971824996591,99.59935720411525,100.02709197998047,7486767,0.0,0.0
2018-02-09,99.2632708557682,100.24092938155646,98.07174498215325,99.75210571289062,4518222,0.0,0.0
2018-02-12,100.0881684445885,101.00472676367814,99.0493986201349,100.76031494140625,10466476,0.0,0.0
2018-02-14,100.82142028822001,101.24914379632087,99.07995939233258,99.56879425048828,4921964,0.0,0.0
2018-02-15,99.87431362669861,100.4242486870875,99.3854899208801,99.7215576171875,2581964,0.0,0.0
2018-02-16,99.90487352113941,100.0881852156736,99.0188707270434,99.4771499633789,7340724,0.0,0.0
2018-02-19,99.81319838465906,99.99651004376771,98.65222827312287,99.5382308959961,2634882,0.0,0.0
2018-02-20,99.2021811819981,100.8825309019262,99.04941397948988,100.33259582519531,6225978,0.0,0.0
2018-02-21,100.82142842234613,100.82142842234613,98.68278833238628,99.17162322998047,9316350,0.0,0.0
2018-02-22,98.92721246372908,99.17162432098624,97.85788681275655,98.2245101928711,5934736,0.0,0.0
2018-02-23,98.40779742012924,100.21036938323675,98.28559711610677,99.9354019165039,4571212,0.0,0.0
2018-02-26,99.9659620835617,99.99651775858912,98.68278037080253,99.56879425048828,3486711,0.0,0.0
2018-02-27,100.21039068575438,101.43246111649349,99.32437675674271,101.1574935913086,3844933,0.0,0.0
2018-02-28,100.21038489505023,100.94363158650557,99.32437101723727,99.75210571289062,5257828,0.0,0.0
2018-03-01,100.0270693960891,100.057613881427,98.98829956010876,99.59933471679688,2576112,0.0,0.0
2018-03-05,98.6827912769261,100.88253159905045,97.79678848777863,99.78266143798828,3945470,0.0,0.0
2018-03-06,100.39370024852758,100.7908680953224,99.11051849143698,99.8132095336914,6137704,0.0,0.0
2018-03-07,99.59934587279642,100.63811582512811,98.92721048169129,99.90486907958984,3130801,0.0,0.0
2018-03-08,100.21038338366537,101.43245372535515,99.14105784911628,101.00473022460938,5446693,0.0,0.0
2018-03-09,100.88251934080117,101.00473085111076,99.32437013529402,100.45479583740234,4485285,0.0,0.0
2018-03-12,100.69921416463127,105.55697376571275,100.27149063364442,104.57931518554688,3493401,0.0,0.0
2018-03-13,103.5099868774414,104.33488934054495,102.22680526816922,103.5099868774414,3752316,0.0,0.0
2018-03-14,103.44888294812289,103.9682734766507,102.7461919364433,103.69330596923828,4448883,0.0,0.0
2018-03-15,103.2655785572419,103.96828080692192,102.22681980386173,103.81551361083984,4383296,0.0,0.0
2018-03-16,102.53232018010871,103.54053433059042,99.9965125614128,100.7297592163086,14854449,0.0,0.0
2018-03-19,100.82142878288484,102.59344550310018,99.99652618375214,102.04351043701172,6026004,0.0,0.0
2018-03-20,101.67686462402344,102.22679956876554,100.60753921694375,101.67686462402344,3780434,0.0,0.0
2018-03-21,102.34902355783399,104.39600783306628,101.21860892437866,104.09048461914062,6866022,0.0,0.0
2018-03-22,103.26558155983773,104.60987474446932,102.96006953570497,104.45710754394531,4472313,0.0,0.0
2018-03-23,103.2044744926697,104.97649110568844,102.83785113745596,103.90716552734375,10827793,0.0,0.0
2018-03-26,103.84605041059932,104.48764118983514,103.11280380575836,103.78495025634766,6600055,0.0,0.0
2018-03-27,104.02936890382183,104.79317123025153,102.92949892422196,104.51820373535156,4195293,0.0,0.0
2018-03-28,104.30434114511371,104.487652816722,101.70742206784418,103.69330596923828,10138818,0.0,0.0
2018-04-02,103.8155323441893,104.39602317944379,102.7156620385235,104.12105560302734,3367125,0.0,0.0
2018-04-03,104.36544146638634,105.03758799280077,103.02115960201401,103.47943878173828,4460793,0.0,0.0
2018-04-04,103.35721772052906,103.47942921998172,101.1269333775925,101.76852416992188,3998232,0.0,0.0
2018-04-05,102.0434976710735,103.7238471482666,101.92128616441256,103.23502349853516,3916746,0.0,0.0
2018-04-06,102.89895172824797,103.8766214718533,102.1351605273489,103.54054260253906,3134724,0.0,0.0
2018-04-09,103.26557122636339,104.15158509767748,102.92950355806359,103.66275024414062,3930802,0.0,0.0
2018-04-10,103.81549933667972,104.12102249837852,102.74618505341753,102.89894104003906,2607237,0.0,0.0
2018-04-11,103.44889145453627,104.24324955579512,102.47123285505317,102.96006774902344,6787894,0.0,0.0
2018-04-12,102.71564766506837,103.78497332713641,102.25736843517001,103.57110595703125,6867020,0.0,0.0
2018-04-13,103.63220493956314,104.91538676860208,103.35723740476908,104.45710754394531,3483164,0.0,0.0
2018-04-16,103.63217660027537,106.87068596506523,103.63217660027537,106.38185119628906,3694548,0.0,0.0
2018-04-17,106.59575069183241,108.6427350164324,106.38188331808078,108.12334442138672,6699236,0.0,0.0
2018-04-18,107.84837582050021,109.98701597165727,107.75671997385716,109.10101318359375,4948994,0.0,0.0
2018-04-19,109.37597363590407,109.74259699871888,108.15389203036901,108.48995971679688,3141238,0.0,0.0
2018-04-20,108.73436194842773,108.73436194842773,105.86247575966188,106.53462219238281,3495886,0.0,0.0
2018-04-23,106.3513301300025,107.23733285429878,105.80139508972404,106.07636260986328,3569025,0.0,0.0
2018-04-24,106.04579598968846,106.71794247681511,105.15979335682833,105.61807250976562,2003576,0.0,0.0
2018-04-25,105.58754034633519,105.618096026153,103.57111162444336,105.00704956054688,5424140,0.0,0.0
2018-04-26,105.49587288775326,106.22911961503564,103.60165590509281,105.09869384765625,5347538,0.0,0.0
2018-04-27,105.46532987579765,105.55698572771418,103.51001249388408,104.33491516113281,9327048,0.0,0.0
2018-04-30,104.60988142694141,105.80140748716359,103.75442309011629,105.19036102294922,2290147,0.0,0.0
2018-05-02,105.55699366149345,105.55699366149345,103.75443216780542,104.12105560302734,2610385,0.0,0.0
2018-05-03,104.33490480490913,107.66505963502134,103.90717007944971,106.50408935546875,3549040,0.0,0.0
2018-05-04,106.4429724136655,106.4429724136655,104.24323253270654,104.42654418945312,3371295,0.0,0.0
2018-05-07,104.57930026296309,105.28199121827139,103.8766093076548,104.18212127685547,5823535,0.0,0.0
2018-05-08,104.51820713832043,105.09868663192708,104.02937229087492,104.73206329345703,3453937,0.0,0.0
2018-05-09,104.21271146183282,105.3431374499202,103.8155323441893,104.12105560302734,10928712,0.0,0.0
2018-05-10,104.73207326130795,104.91538494798962,102.562888698394,102.96006774902344,9844190,0.0,0.0
2018-05-11,102.65453384761054,104.02937135449818,101.98238733698005,102.31846618652344,15561708,0.0,0.0
2018-05-14,102.34902275891761,105.64863316511092,101.37136414582768,104.88484191894531,7046984,0.0,0.0
2018-05-15,104.02936181904356,106.2902017825421,103.44887119541404,103.93770599365234,5782708,0.0,0.0
2018-05-16,104.21270040758199,104.91539152106704,102.96007419959783,103.87663269042969,3899072,0.0,0.0
2018-05-17,103.93772344400895,104.54875865305358,101.79908342966709,102.10460662841797,6783446,0.0,0.0
2018-05-18,101.73798735758905,102.71564596907703,101.27970813525758,101.79908752441406,5496430,0.0,0.0
2018-05-21,101.43245435450957,102.16570103945412,99.41602597091209,100.45479583740234,3879174,0.0,0.0
2018-05-22,100.36314327645366,102.62398356598099,100.2103872749249,100.91307830810547,4612272,0.0,0.0
2018-05-23,100.6991987237359,102.62397110072405,100.5464427407617,101.76852416992188,3475720,0.0,0.0
2018-05-24,101.82962529749784,102.53231625203377,100.36313204388851,100.85196685791016,2379879,0.0,0.0
2018-05-25,101.06583038515693,102.71563541604891,100.7603183939627,101.00473022460938,7705690,0.0,0.0
2018-05-28,101.46300775463125,103.78495926772159,101.15748457993465,102.47122192382812,11540245,0.0,0.0
2018-05-29,103.17389869468651,103.50997749705752,100.63809137850774,101.40189361572266,7141778,0.0,0.0
2018-05-30,100.5158953748596,102.86840260010246,100.45479521431204,101.00473022460938,5414080,0.0,0.0
2018-05-31,101.12694396351814,104.15158658683211,100.27148575471146,102.37957000732422,29432894,0.0,0.0
2018-06-01,102.349012659318,102.349012659318,100.02707228379674,100.42424011230469,2975864,0.0,0.0
2018-06-04,100.69919390211753,101.0658171944656,98.89663311089119,99.01884460449219,5021538,0.0,0.0
2018-06-05,98.68278535133658,99.32437624009735,97.7662269388212,98.56058502197266,2369418,0.0,0.0
2018-06-06,98.62167673446227,99.62989090182201,97.9189857412424,99.2938232421875,3647491,0.0,0.0
2018-06-07,98.98830006804764,99.90485840201103,98.86608856070043,99.2938232421875,4624826,0.0,0.0
2018-06-08,99.14106828059776,99.29383548072525,98.25506551138027,98.6522445678711,2199740,0.0,0.0
2018-06-11,98.68278883049679,99.35493541952432,98.53003281917772,98.83555603027344,4838494,0.0,0.0
2018-06-12,98.98830855166077,99.32437624009735,98.31616198633043,98.56058502197266,3082809,0.0,0.0
2018-06-13,98.68278228324527,98.77443812164718,97.76622389922609,97.91899108886719,6527995,0.0,0.0
2018-06-14,97.88842894814232,97.88842894814232,96.54414713651711,96.78855895996094,6200254,0.0,0.0
2018-06-15,96.84964531642483,96.97185680495812,94.43604953418728,95.35260772705078,10800649,0.0,0.0
2018-06-18,95.53594523267061,96.4219479961788,95.26097770036212,95.93311309814453,2289944,0.0,0.0
2018-06-19,96.14698119442927,96.14698119442927,94.19165277589241,95.41373443603516,5222522,0.0,0.0
2018-06-20,95.81089757798095,96.36083255542768,95.26096260053423,95.96365356445312,7262452,0.0,0.0
2018-06-21,96.36083375453624,96.36083375453624,94.64991745555206,94.86378479003906,9600354,0.0,0.0
2018-06-22,94.71103489540336,96.66635195082542,93.91667685246007,96.11641693115234,5141889,0.0,0.0
2018-06-25,95.96366291064642,96.36084194030344,93.70281702954327,94.4971694946289,8198617,0.0,0.0
2018-06-26,94.3749573905134,95.50538312111262,93.825027957173,95.0776596069336,6173371,0.0,0.0
2018-06-27,95.59701697928134,95.59701697928134,92.63348076572703,93.97776794433594,7083915,0.0,0.0
2018-06-28,93.48894649960049,96.48303321356647,91.3503123333065,95.56647491455078,15010362,0.0,0.0
2018-06-29,94.92489332602028,98.31615936179793,93.85557893611656,97.5523681640625,6659236,0.0,0.0
2018-07-02,97.15518769502654,97.24684353247468,92.51129006624475,93.82502746582031,15954402,0.0,0.0
2018-07-03,94.09996756036647,94.98598124251954,92.63348009553091,94.71101379394531,7506727,0.0,0.0
2018-07-04,94.68048819583447,95.2304232676399,93.1834445873293,93.4278564453125,11418056,0.0,0.0
2018-07-05,93.39729543800206,93.79446885644352,92.69459884147194,92.96956634521484,4155312,0.0,0.0
2018-07-06,93.12233518434691,93.152885266843,91.56418587516,91.74749755859375,10642270,0.0,0.0
2018-07-09,91.83914686650849,92.81681097334314,91.80859678618586,92.41963195800781,5759994,0.0,0.0
2018-07-10,92.87792631571605,94.25276966261646,92.45020274437108,94.03890228271484,3890373,0.0,0.0
2018-07-11,93.36675456419957,93.94723970904099,92.72516365886953,93.30564880371094,4037034,0.0,0.0
2018-07-12,94.0999985209502,94.5277332628786,93.15288997343228,94.13055419921875,3424965,0.0,0.0
2018-07-13,94.22221670864005,95.01656370367546,92.81682882999877,93.45841979980469,3615536,0.0,0.0
2018-07-16,93.48895468669373,95.93310663529162,92.9084695778917,95.0776596069336,4117044,0.0,0.0
2018-07-17,94.71104408291913,95.32207932345538,93.51951249714709,94.89435577392578,2670880,0.0,0.0
2018-07-18,95.29150827055716,95.38316410127217,93.36674141976982,94.86378479003906,2892637,0.0,0.0
2018-07-19,94.71103317868064,95.23041251391656,93.76391915470322,94.43606567382812,3163729,0.0,0.0
2018-07-20,94.09999344717252,95.3220750620694,94.09999344717252,95.10820770263672,3659896,0.0,0.0
2018-07-23,94.89434989536845,97.52181357421051,94.89434989536845,96.63581085205078,6286406,0.0,0.0
2018-07-24,96.54414769384474,97.12462717643182,95.56647801751336,96.20806884765625,4224482,0.0,0.0
2018-07-25,95.32206098903507,96.02475193991778,91.56417204619811,92.2668685913086,15232765,0.0,0.0
2018-07-26,92.54184956473135,94.00833743025828,91.65584123471953,93.70281982421875,17803995,0.0,0.0
2018-07-27,93.48896259259854,94.86380027778381,92.93902751852443,94.68048858642578,5766367,0.0,0.0
2018-07-30,95.93310642033164,96.17752944656348,94.1305453412697,95.26097106933594,9747265,0.0,0.0
2018-07-31,95.23041230507722,97.03297332567183,94.25275379723114,94.61937713623047,9065227,0.0,0.0
2018-08-01,94.58882094806793,95.32206762208396,93.33618934854783,94.92488861083984,4903117,0.0,0.0
2018-08-02,94.52772083868449,95.16931167879217,94.19164198727624,94.9554443359375,3895179,0.0,0.0
2018-08-03,95.23041491997665,95.99421729335037,94.95544740817691,95.59703826904297,3276529,0.0,0.0
2018-08-06,95.8720055685089,96.5441521031274,95.32207054612739,95.78034973144531,2395237,0.0,0.0
2018-08-07,95.9331042655859,97.70512081791028,95.53593643667921,97.06352996826172,4450873,0.0,0.0
2018-08-08,97.46071709643573,97.61347310576959,96.29973562243461,96.69691467285156,4151246,0.0,0.0
2018-08-09,96.78856879552498,98.591129952067,95.81091021394482,98.19396209716797,4915016,0.0,0.0
2018-08-10,98.37725521625828,98.65222268935796,96.69689470671966,97.49124145507812,4518788,0.0,0.0
2018-08-13,97.1551864853799,97.18574216030107,95.65813742954732,96.54415130615234,2702390,0.0,0.0
2018-08-14,96.42194432099964,97.00243504101101,95.62759743187128,95.87200927734375,2030044,0.0,0.0
2018-08-16,95.8720118613771,97.15519366449304,95.41373264597854,96.8802261352539,2153881,0.0,0.0
2018-08-17,97.1551864853799,97.91898885075678,96.33028395861724,96.54415130615234,4672155,0.0,0.0
2018-08-20,96.72747012627353,97.82734024323005,96.54415844011412,96.8802261352539,3448567,0.0,0.0
2018-08-21,97.52181163416928,98.80499336619783,96.2997300646565,98.28561401367188,5279408,0.0,0.0
2018-08-23,98.49946756529135,100.82141912926912,97.82733223006723,100.42424011230469,7704134,0.0,0.0
2018-08-24,100.57701132448028,102.44067259676497,99.99652061312803,100.3936996459961,5436786,0.0,0.0
2018-08-27,100.76031015334836,101.95183591154444,100.2103751880271,101.52410125732422,2630486,0.0,0.0
2018-08-28,101.8296231288536,106.65682625636184,101.64631147605638,102.83783721923828,8727238,0.0,0.0
2018-08-29,103.54057243687471,103.54057243687471,101.12697543519825,101.46304321289062,3769664,0.0,0.0
2018-08-30,101.15748705301932,104.33489681986727,101.15748705301932,103.69330596923828,13384598,0.0,0.0
2018-08-31,103.54053754369575,105.52642142130249,103.26557003957694,104.79317474365234,8445506,0.0,0.0
2018-09-03,105.40422287662473,105.58753456858408,102.28792411331582,103.57110595703125,4592967,0.0,0.0
2018-09-04,103.57109541189527,104.18213059339436,102.28791369882754,102.71563720703125,3016566,0.0,0.0
2018-09-05,102.4712292864316,104.12103440911116,101.73798256524067,102.62398529052734,2837060,0.0,0.0
2018-09-06,102.89673096590906,105.81007603430197,102.67978758579716,104.69432830810547,7658860,1.991667,0.0
2018-09-07,105.68608055343599,105.71707732336857,102.83472956872967,105.09722137451172,3585828,0.0,0.0
2018-09-10,105.31416996244708,106.2129741855476,104.22941916039649,104.8802719116211,5871138,0.0,0.0
2018-09-11,104.78730854960723,106.4609301590952,104.60135059299746,105.22120666503906,9709410,0.0,0.0
2018-09-12,105.62410742819007,106.36793917064212,103.42360897342667,105.37616729736328,7109565,0.0,0.0
2018-09-14,105.62410745899123,108.53745223443518,105.62410745899123,108.44447326660156,7340733,0.0,0.0
2018-09-17,108.47545796754846,108.72340944676961,106.05800481995759,106.7708511352539,2792490,0.0,0.0
2018-09-18,107.35971009811668,108.13453860633545,104.81829256710904,105.1902084350586,3646318,0.0,0.0
2018-09-19,105.99601801069404,106.58488856074382,104.13643874734854,104.84927368164062,5092003,0.0,0.0
2018-09-21,104.88028297386799,107.73163440141732,103.42361616033286,104.29141235351562,9597428,0.0,0.0
2018-09-24,104.26041318525293,105.87204096013367,103.08267209979668,104.07445526123047,6216532,0.0,0.0
2018-09-25,104.84927891314531,105.68608962340386,101.90494871592986,105.37616729736328,6496965,0.0,0.0
2018-09-26,106.36795296262586,106.36795296262586,102.89673393110391,104.01248168945312,3591889,0.0,0.0
2018-09-27,104.2294445160973,105.3761891400689,103.20667565822302,104.10546875,6718629,0.0,0.0
2018-09-28,104.10546041536016,105.19022274442447,102.89673368009707,103.42362213134766,5444684,0.0,0.0
2018-10-01,103.82649893844513,105.56211371476941,102.98968831949357,105.12820434570312,4950123,0.0,0.0
2018-10-03,104.63234006075126,104.66332548470666,102.95871856816207,103.73353576660156,5780126,0.0,0.0
2018-10-04,103.14466090918528,104.50834850613161,102.12189237398293,103.3926010131836,6563494,0.0,0.0
2018-10-05,103.26862830342381,104.07445352741055,99.51848446475994,100.97515106201172,13292940,0.0,0.0
2018-10-08,100.04537694242198,102.2148901389957,98.8366502693258,101.31608581542969,4637569,0.0,0.0
2018-10-09,102.15288471582592,102.27686045121173,99.73543165061547,100.2313232421875,5756458,0.0,0.0
2018-10-10,100.23133007939994,103.29963610223871,99.95239316823277,101.87395477294922,3411681,0.0,0.0
2018-10-11,100.41727678443665,102.71075401409097,99.98337875449414,101.13011169433594,3668989,0.0,0.0
2018-10-12,101.59502501731593,102.49382936102928,101.06814793132631,101.7809829711914,4147903,0.0,0.0
2018-10-15,101.8119734953017,102.61778746262543,101.47105438412092,102.0599136352539,2191491,0.0,0.0
2018-10-16,102.05992811221854,102.49383760614906,100.47928537712207,101.62602996826172,3857880,0.0,0.0
2018-10-17,101.99791962709655,102.71075454065027,100.54125302984477,100.97515106201172,5369029,0.0,0.0
2018-10-19,100.78920523836997,102.43182995370326,99.36352389017354,100.07637023925781,6202959,0.0,0.0
2018-10-22,101.06813607463195,104.07445975959308,100.47926550645134,102.18388366699219,6407974,0.0,0.0
2018-10-23,101.74999366166071,102.8967267668061,100.75821037886665,102.27687072753906,7316558,0.0,0.0
2018-10-24,102.89672070821076,103.36161554778096,98.9916040558212,101.0681381225586,12856915,0.0,0.0
2018-10-25,100.72721670448517,102.24586557880278,97.5039383243604,100.60324096679688,94631476,0.0,0.0
2018-10-26,98.52669766073848,99.33252285479826,95.95428363347457,98.74365234375,9339921,0.0,0.0
2018-10-29,98.89861872860087,99.14657019374248,97.50393429957028,98.52670288085938,6963919,0.0,0.0
2018-10-30,98.61968324779639,99.82840977017655,97.2249987988962,98.8056411743164,3257071,0.0,0.0
2018-10-31,99.17756042047785,99.73543421912423,96.23323026650131,98.96061706542969,6069514,0.0,0.0
2018-11-01,99.02260378056826,99.33253746617886,97.16302436684867,97.31798553466797,2992327,0.0,0.0
2018-11-02,97.87586503084502,98.77466936621128,96.7291318925776,97.93785858154297,11487762,0.0,0.0
2018-11-05,97.62790886452956,97.62790886452956,94.03272048769779,95.14846801757812,18263054,0.0,0.0
2018-11-06,95.42741195985722,95.89230677072048,94.43563447168708,95.55137634277344,6223800,0.0,0.0
2018-11-07,96.0782694941607,96.10925491645199,95.76833582144705,95.98529052734375,212175,0.0,0.0
2018-11-09,96.41920008514494,96.45019686110348,95.14848549547862,95.73735046386719,8098182,0.0,0.0
2018-11-12,95.64436072057926,96.35720703758012,94.52861878631668,94.7145767211914,3916333,0.0,0.0
2018-11-13,94.528624026372,97.81387916627693,94.43564505378048,97.19402313232422,7903864,0.0,0.0
2018-11-14,97.31797268189263,99.5494676836428,96.94605684826759,97.53492736816406,3853852,0.0,0.0
2018-11-15,97.90684872018448,98.65068042935968,95.08648871455708,95.33443450927734,4538966,0.0,0.0
2018-11-16,94.96252004612835,96.38819570314074,94.83854997703605,95.4894027709961,5166086,0.0,0.0
2018-11-19,95.45840325260288,95.76833692890055,94.1567033770988,94.80755615234375,6879644,0.0,0.0
2018-11-20,94.46661805542725,94.90052173605743,92.04916523117419,92.45207214355469,4600113,0.0,0.0
2018-11-21,92.45207698955743,92.88598069293127,91.21235941918475,91.6462631225586,7625524,0.0,0.0
2018-11-22,91.58427577521496,91.98718271099067,90.25157923766042,90.49951934814453,3684871,0.0,0.0
2018-11-26,90.7474777601836,91.0884025532671,87.83413849424413,89.69371795654297,6534517,0.0,0.0
2018-11-27,89.56973782386733,90.99541912515468,88.79491497750567,90.34456634521484,4866687,0.0,0.0
2018-11-28,91.08840512397258,91.4603210269286,88.02009892458545,88.91889190673828,17823474,0.0,0.0
2018-11-29,89.16684176462702,90.3445774022245,87.30726216578182,88.17506408691406,30727317,0.0,0.0
2018-11-30,88.02009696686223,88.39201286154618,85.26171885629425,86.9663314819336,29840662,0.0,0.0
2018-12-03,86.9973276967364,90.28258285364502,86.78037297624255,89.81768798828125,12013041,0.0,0.0
2018-12-04,89.72469671399215,89.72469671399215,88.02008433302196,88.763916015625,6785000,0.0,0.0
2018-12-05,88.60896422666887,89.81769091601483,86.2844898240805,87.43122863769531,8833965,0.0,0.0
2018-12-06,87.21426106727174,88.14405063088871,85.66460990291507,86.65638732910156,5460772,0.0,0.0
2018-12-07,86.7803743558726,87.46222395257024,84.64185794120121,85.44767761230469,13240540,0.0,0.0
2018-12-10,84.23893070641068,86.31545874754137,83.49509908869403,84.42488861083984,34436070,0.0,0.0
2018-12-11,83.09219640687873,85.57163147518429,83.09219640687873,85.13773345947266,13406569,0.0,0.0
2018-12-12,85.50965903231106,87.77214535060469,84.85880625958411,87.21427154541016,12274362,0.0,0.0
2018-12-13,87.61718658990239,88.02009926967526,86.62541462812224,87.43122863769531,10636545,0.0,0.0
2018-12-14,87.4002311275845,89.35278948256246,86.53242930592295,88.94988250732422,13732576,0.0,0.0
2018-12-17,92.97896900216166,93.81577972318112,89.72470508708601,90.56151580810547,21749589,0.0,0.0
2018-12-18,90.49952591236159,91.98718938311266,90.03463107775188,91.55329132080078,13037010,0.0,0.0
2018-12-19,91.95618961102618,93.16491606698507,91.27434580958291,92.85498809814453,8182075,0.0,0.0
2018-12-20,92.11116875407656,92.94797948936767,90.90244213643383,92.5450668334961,13909968,0.0,0.0
2018-12-21,92.66904010654076,93.8467699192588,91.89421158897875,93.31989288330078,18956932,0.0,0.0
2018-12-24,92.97896213218813,93.31988688500132,90.00363534395811,90.74746704101562,8506178,0.0,0.0
2018-12-26,90.62350132260501,91.95619795198637,89.4147747570076,90.22058868408203,10358386,0.0,0.0
2018-12-27,90.9334314865466,92.82400196048768,89.38378011488213,91.92520904541016,32905857,0.0,0.0
2018-12-28,91.39832288343031,93.97074281487679,90.80945799490055,92.885986328125,11010662,0.0,0.0
2018-12-31,92.85499338902046,93.0099545447778,91.8012280199457,92.39009857177734,5010889,0.0,0.0
2019-01-01,92.32811594843125,92.73102292126394,90.7474734800291,92.17314910888672,4011082,0.0,0.0
2019-01-02,91.70825732495798,92.17315218411625,90.59250966297815,91.11939239501953,5201079,0.0,0.0
2019-01-03,91.11938109457742,91.36732688037412,88.546961301266,88.88788604736328,7035283,0.0,0.0
2019-01-04,89.22881872246086,90.68548544662133,88.17505329542483,90.34456634521484,7988112,0.0,0.0
2019-01-07,90.65448798148589,92.79300410822863,90.59250011513588,92.11116027832031,14121843,0.0,0.0
2019-01-08,91.73924691690735,92.66903656243349,90.49952360621542,91.08839416503906,6656692,0.0,0.0
2019-01-09,91.11939101282626,92.01818961856034,90.12761343667091,90.8404541015625,4636543,0.0,0.0
2019-01-10,91.08838885155187,92.70002225145673,90.96441312272322,91.80122375488281,15340801,0.0,0.0
2019-01-11,91.73924255371094,93.16491805071612,91.24335098302492,91.73924255371094,13579929,0.0,0.0
2019-01-14,91.73924892161799,91.95619795198637,90.00363965371365,90.22058868408203,5010679,0.0,0.0
2019-01-15,90.49953465140041,90.77847157910163,89.35279584029084,90.37556457519531,14730974,0.0,0.0
2019-01-16,90.68547204277179,92.04916527179338,90.31355622349183,90.71646881103516,5679378,0.0,0.0
2019-01-17,91.05740573758926,91.52230060295304,89.41478099662802,89.81768798828125,7529166,0.0,0.0
2019-01-18,90.0656242808545,90.74746811959947,89.25980470780276,89.44576263427734,3100312,0.0,0.0
2019-01-21,90.80945311857059,90.96441426908132,88.42299124586033,88.88788604736328,13187677,0.0,0.0
2019-01-22,89.1978044372909,89.1978044372909,88.02007485004417,88.51596069335938,7074433,0.0,0.0
2019-01-23,88.57796445636055,89.01186251904991,86.9663252449876,87.2452621459961,5323552,0.0,0.0
2019-01-24,87.24526127859033,88.08207197329612,86.22249265172769,86.81136322021484,4250377,0.0,0.0
2019-01-25,87.09031719671978,87.95811915863104,85.57165666964156,85.72662353515625,5463236,0.0,0.0
2019-01-28,85.85057164394362,86.4704332723246,84.70383302267496,85.91255950927734,7303346,0.0,0.0
2019-01-29,85.912566178251,86.40845211445775,85.16873443644795,85.85057830810547,9728281,0.0,0.0
2019-01-30,86.40845404499365,87.0283157353404,85.60264009002744,85.97455596923828,13777792,0.0,0.0
2019-01-31,87.09030538974768,87.52420347438563,86.16051567268627,86.59441375732422,44034840,0.0,0.0
2019-02-01,86.78038069882882,87.09031441997644,86.03654884805319,86.87335968017578,7099405,0.0,0.0
2019-02-04,86.8423525784185,87.02831050685195,84.76582426924024,85.07575225830078,6716304,0.0,0.0
2019-02-05,84.92078725114517,85.78859471914002,84.42490132299507,85.57164001464844,8526399,0.0,0.0
2019-02-06,86.4180044151595,87.65891098656235,85.90891648173593,87.24527740478516,12810810,2.983333,0.0
2019-02-07,87.1816310211817,87.81799524760822,85.97254656486322,86.5134506225586,5193513,0.0,0.0
2019-02-08,86.16347231696587,87.43619519584209,83.71347509470907,84.03165435791016,5597162,0.0,0.0
2019-02-11,83.96801076405033,84.82709990319194,81.83619309028116,82.9498291015625,13126864,0.0,0.0
2019-02-12,82.7589154501375,85.24072837021082,82.72709927780116,84.79527282714844,14900754,0.0,0.0
2019-02-14,83.36345997203887,84.82709715686738,81.51801123046874,83.52255249023438,37913966,0.0,0.0
2019-02-15,83.99983053504495,87.43618723875133,83.99983053504495,86.7043685913086,25855830,0.0,0.0
2019-02-18,86.41801198860136,89.34528097098521,85.87710783258272,87.46800994873047,13001166,0.0,0.0
2019-02-19,87.24527602944615,87.75436395484442,84.28619117505575,85.0816421508789,9029095,0.0,0.0
2019-02-20,85.39982718218226,88.39072821056648,84.19073680531278,87.30891418457031,14955330,0.0,0.0
2019-02-21,87.69073129915267,88.13618104754347,86.22709405137957,86.8316421508789,4719134,0.0,0.0
2019-02-22,87.02254590224634,89.24981199576774,85.90890994245022,88.89981079101562,11678731,0.0,0.0
2019-02-25,88.83618952229828,89.72709490557804,86.70437168127408,89.31346130371094,27557787,0.0,0.0
2019-02-26,87.30890788109386,89.85435314978928,86.73618182172679,89.44071960449219,15501729,0.0,0.0
2019-02-27,88.64528170848467,90.96800245955184,87.91346302754171,88.29528045654297,18258775,0.0,0.0
2019-02-28,89.21800421884032,90.80890622417962,88.0089138008825,89.88618469238281,50183582,0.0,0.0
2019-03-01,90.1725496982466,91.47708867164606,90.14072769572462,90.99981689453125,6789074,0.0,0.0
2019-03-05,90.99980644080217,94.30889232401945,90.99980644080217,93.54525756835938,12988303,0.0,0.0
2019-03-06,93.99071240763313,95.13616453246792,93.6088950326882,94.78616333007812,10313295,0.0,0.0
2019-03-07,94.88161192174383,95.83615530123824,92.59070781095726,93.03616333007812,8337421,0.0,0.0
2019-03-08,93.86344043530602,98.50888732210602,92.49526338674491,96.8543472290039,34663172,0.0,0.0
2019-03-11,97.36343464141473,102.0088756781669,95.13616847072629,96.34525299072266,30007645,0.0,0.0
2019-03-12,95.96344619047079,99.49526327075563,95.58162875758288,96.24980926513672,23315044,0.0,0.0
2019-03-13,96.09069210178876,96.12250826908992,92.27251898285769,94.30887603759766,20943115,0.0,0.0
2019-03-14,94.75435368592699,98.57252187237036,94.24525993354425,97.7770767211914,14675396,0.0,0.0
2019-03-15,98.38159950319778,101.3406839517792,97.14069894760497,100.5770492553711,20356743,0.0,0.0
2019-03-18,100.44981864427851,102.32708402562578,99.11345747230206,101.02254486083984,19289406,0.0,0.0
2019-03-19,102.28887728643004,104.84705848119114,99.57797146484933,103.01432800292969,25950621,0.0,1.2
2019-03-20,103.70160888907512,103.85433351970502,97.82162321875559,98.69979858398438,28098992,0.0,0.0
2019-03-22,100.03615539918648,104.00705389376397,99.04342786250662,102.82341766357422,53779933,0.0,0.0
2019-03-25,102.21252657669355,104.99978904316406,102.13615843289595,103.35797882080078,31535535,0.0,0.0
2019-03-26,103.85432625132634,108.43613476241427,103.85432625132634,107.519775390625,23510777,0.0,0.0
2019-03-27,107.59612885666637,107.59612885666637,104.00704795407576,104.61795806884766,20849776,0.0,0.0
2019-03-28,104.99977477128115,106.41250367451487,103.16705609067526,103.66341400146484,41232946,0.0,0.0
2019-04-01,104.15977671944584,104.99977961724046,101.98342464230082,103.16706085205078,26716877,0.0,0.0
2019-04-02,103.89252433232765,104.38888232712077,102.3270705494632,103.20524597167969,14343829,0.0,0.0
2019-04-03,103.81614068415371,104.99977686285416,102.32705526998151,102.9379653930664,12596804,0.0,0.0
2019-04-04,102.93799157627234,104.46526144638871,102.67071468814422,103.58707427978516,12939086,0.0,0.0
2019-04-05,103.51069144868197,104.19795805456408,102.63250450545324,102.9379653930664,7742848,0.0,0.0
2019-04-08,103.01434200013568,104.46525528242181,102.74707677992193,103.51071166992188,13409083,0.0,0.0
2019-04-09,103.47251248043248,104.19796318953479,103.12887916055686,103.77796173095703,7506763,0.0,0.0
2019-04-10,104.0452482732969,104.61797441058111,102.5561626467866,102.7852554321289,9502300,0.0,0.0
2019-04-11,103.0525120644071,104.15978017393799,102.6325106015803,103.81614685058594,8703097,0.0,0.0
2019-04-12,103.8543309203233,104.23614831341273,103.2434207609518,103.81614685058594,7212573,0.0,0.0
2019-04-15,104.04523797183411,105.61069158917817,103.39614375298791,104.42705535888672,11013801,0.0,0.0
2019-04-16,104.92341166157665,105.49613773320564,104.23614503647855,105.0379638671875,7469500,0.0,0.0
2019-04-18,104.99978904316406,105.26706589431286,103.12888604155079,103.35797882080078,6634192,0.0,0.0
2019-04-22,103.16707289546919,104.15978887875099,102.59434675797135,103.85433959960938,5541225,0.0,0.0
2019-04-23,103.85435362442209,103.93072178059204,101.75435750334003,102.05980682373047,8790522,0.0,0.0
2019-04-24,102.05977901120212,102.67068913764723,101.02887909670865,102.28887176513672,9255095,0.0,0.0
2019-04-25,102.32704810502824,103.35795959380827,101.02887146695973,101.48704528808594,29354749,0.0,0.0
2019-04-26,101.90704994076451,103.16705420629016,101.83069346088298,102.4034194946289,4789673,0.0,0.0
2019-04-30,102.5179589853321,102.93796040285102,100.37977948426013,102.365234375,7527996,0.0,0.0
2019-05-02,101.79252566170065,102.25069957063072,100.87616619169766,101.63980102539062,6401386,0.0,0.0
2019-05-03,101.63980646670048,104.35070094972455,101.56343831838565,103.43434143066406,9226969,0.0,0.0
2019-05-06,103.0906982421875,103.54888378412083,102.09797066942684,103.0906982421875,6080575,0.0,0.0
2019-05-07,103.434319364087,104.00704539783293,102.02160213879829,102.4034194946289,9137799,0.0,0.0
2019-05-08,102.21251886535417,102.32705942026635,99.42524495702445,99.88343048095703,8742473,0.0,0.0
2019-05-09,99.8452396550008,99.88342372143477,96.52342978771584,97.51615142822266,14395488,0.0,0.0
2019-05-10,98.08888121521444,98.31797397042823,96.40888709721602,96.98161315917969,9724014,0.0,0.0
2019-05-13,96.90525168290762,96.98161399327871,93.92707496986837,94.34707641601562,11507204,0.0,0.0
2019-05-14,94.46161420344178,96.59979378766823,93.46889254553501,95.91252136230469,6908544,0.0,0.0
2019-05-15,96.44707321529165,96.90525290938798,93.92707615865547,94.65252685546875,9384447,0.0,0.0
2019-05-16,95.33979665674084,96.48524877314398,94.11798223112497,96.02706909179688,6519422,0.0,0.0
2019-05-17,95.26344028792057,96.67616348769756,94.69071419400522,95.83616638183594,10003051,0.0,0.0
2019-05-20,97.89797970799934,99.34889282933949,95.91253037945452,98.69979858398438,12330905,0.0,0.0
2019-05-21,99.04343677027585,99.08162084284042,97.55435115740164,98.20344543457031,8095621,0.0,0.0
2019-05-22,98.20344432847929,99.61616178031255,97.2870790318944,98.96707916259766,9540723,0.0,0.0
2019-05-23,99.73069261657804,101.90704443596616,98.77614927856385,99.15796661376953,11017547,0.0,0.0
2019-05-24,99.65433226165392,100.0361496266411,98.16524686863217,98.62342071533203,9371443,0.0,0.0
2019-05-27,101.1052534011274,104.31252921725566,99.38707492197736,101.7161636352539,19948676,0.0,0.0
2019-05-28,102.28887264060185,102.89978277227559,100.5706944495991,101.25797271728516,15628186,0.0,0.0
2019-05-29,100.79979605211162,101.75433957533238,99.42525104824522,99.95979309082031,5397986,0.0,0.0
2019-05-30,100.07433774016917,103.54887823247711,100.07433774016917,103.16706085205078,30257040,0.0,0.0
2019-05-31,103.28160304200135,103.89251319079277,101.02888279221602,101.75433349609375,11325445,0.0,0.0
2019-06-03,102.6325169874772,102.93797791224009,101.33434010062773,101.63980102539062,7302092,0.0,0.0
2019-06-04,101.67796271030545,104.12160324184013,101.67796271030545,103.12887573242188,10439893,0.0,0.0
2019-06-06,103.20525712374892,104.61798641872821,101.41072201223258,104.27435302734375,12191883,0.0,0.0
2019-06-07,104.61797511400343,104.9997925414268,102.70888797688657,103.20524597167969,9310029,0.0,0.0
2019-06-10,103.24342287211782,104.69433598681181,102.59434028187836,103.0906982421875,7295669,0.0,0.0
2019-06-11,103.39615782708528,104.35070142464753,102.13616493916051,103.3198013305664,4554162,0.0,0.0
2019-06-12,103.09070050560636,103.62524254816987,101.7925236444828,102.63251495361328,3660802,0.0,0.0
2019-06-13,102.7088787492905,103.73979037157146,101.79251933623084,103.01432800292969,5113806,0.0,0.0
2019-06-14,103.05249142122723,103.47249279992056,101.10522077611442,101.37249755859375,4761596,0.0,0.0
2019-06-17,101.9070668732853,102.2125277999887,100.34161312384126,100.99070739746094,3655275,0.0,0.0
2019-06-18,101.25799906811956,101.83072528083032,100.72344528120715,101.10526275634766,5172138,0.0,0.0
2019-06-19,101.18160756024587,103.28160318885475,101.18160756024587,102.82341766357422,5278372,0.0,0.0
2019-06-20,102.78525438502524,103.28161237142444,102.02161954309234,102.7470703125,6963441,0.0,0.0
2019-06-21,102.97616309550847,103.2434282988992,102.36525289153356,102.7470703125,9456244,0.0,0.0
2019-06-24,102.8615880753049,103.85431548017583,102.13613746671705,103.54886627197266,5918107,0.0,0.0
2019-06-25,103.81617047368026,106.6798015734626,103.20526017529774,105.72525787353516,18761799,0.0,0.0
2019-06-26,106.52705814693478,108.35977706710023,106.37433351227811,106.94705963134766,24643824,0.0,0.0
2019-06-27,107.71067757950628,108.43612821956108,106.18340816796317,107.02339935302734,38789825,0.0,0.0
2019-06-28,106.98525283449872,108.32161389305598,106.52706723927874,107.9397964477539,10648757,0.0,0.0
2019-07-01,108.58884047107928,111.37611382119213,105.87793524370797,108.85611724853516,31289422,0.0,0.0
2019-07-02,109.19978991011351,110.26887410152285,108.85615653802792,109.16160583496094,8847109,0.0,0.0
2019-07-03,109.84885625722923,110.26884602052183,108.93248529550513,109.39067077636719,6947927,0.0,0.0
2019-07-04,110.30702301777714,110.30702301777714,108.70339724179755,109.54338836669922,5792826,0.0,0.0
2019-07-05,109.04703038781983,109.81066503808168,103.39612698459814,104.23612976074219,21459265,0.0,0.0
2019-07-08,104.31252300142624,104.31252300142624,98.16526025634481,98.96707916259766,20404790,0.0,0.0
2019-07-09,98.08888350886212,100.79978926264185,97.43979512200627,98.92888641357422,19374808,0.0,0.0
2019-07-10,98.50888929379299,100.03615889524714,98.24161245268158,98.54707336425781,9141198,0.0,0.0
2019-07-11,99.46343838152939,99.9597963690253,98.20344555041328,98.47071075439453,6669919,0.0,0.0
2019-07-12,99.15798295970733,101.14342643878786,96.5616176610204,97.592529296875,21467991,0.0,0.0
2019-07-15,97.74525346703666,98.47070418968389,97.21071144256724,97.70706939697266,5852788,0.0,0.0
2019-07-16,98.35615298589195,100.34159624075805,97.7452428874174,99.99796295166016,11313969,0.0,0.0
2019-07-17,100.4943455060213,100.91433532917694,98.27979756905971,98.58525848388672,10958942,0.0,0.0
2019-07-18,99.34889443235232,99.9979770360381,96.52344211154019,97.01980590820312,18049102,0.0,0.0
2019-07-19,97.70708129549199,100.03617002732015,96.25617967351046,99.1961669921875,33840376,0.0,0.0
2019-07-22,99.65433115780445,101.29614114820683,97.47797336669869,99.9216079711914,15870663,0.0,0.0
2019-07-23,100.37979552359283,101.90706517523257,99.65434476949251,101.60161590576172,9840729,0.0,0.0
2019-07-24,101.98341065479434,101.98341065479434,99.80704722400608,100.68523406982422,10421947,0.0,0.0
2019-07-25,100.79978986971639,101.4488840865524,98.05070003059464,99.08161163330078,29337351,0.0,0.0
2019-07-26,99.57798714275611,99.57798714275611,97.93617675470442,98.3561782836914,11411885,0.0,0.0
2019-07-29,97.7452659697967,98.35617621253668,96.7907223568104,97.21072387695312,22168687,0.0,0.0
2019-07-30,96.71434275984643,98.24160644178401,96.2943413147158,97.13433837890625,16228044,0.0,0.0
2019-07-31,96.37070839151423,97.24888956726913,95.83616636770051,96.63798522949219,14557889,0.0,0.0
2019-08-01,96.52344733239231,97.55435322671667,95.56890375874538,96.86708068847656,11138203,0.0,0.0
2019-08-02,96.37069970340971,96.90524750510346,93.50706949242007,94.00343322753906,21851409,0.0,0.0
2019-08-05,93.46889295845729,94.27070593653143,91.97980172591272,92.3998031616211,8713907,0.0,0.0
2019-08-06,91.63616836524557,95.37797973870723,91.4452596811513,94.19434356689453,13232442,0.0,0.0
2019-08-07,93.92707929671926,95.41616480879979,93.23980681957782,93.96526336669922,13132981,0.0,0.0
2019-08-08,94.04163570406136,95.56890544890662,93.31617907961683,95.18708801269531,8227791,0.0,0.0
2019-08-09,95.14888370242083,96.71433718837592,94.04161570333,94.61434173583984,10566552,0.0,0.0
2019-08-13,95.86131167622973,95.86131167622973,89.43158955160456,91.30205535888672,25954194,2.5,0.0
2019-08-14,91.38001129098505,92.74389205652214,90.83446136318952,91.65278625488281,8641527,0.0,0.0
2019-08-16,91.49690944515982,92.97769535060706,90.87341876516693,91.80865478515625,10992249,0.0,0.0
2019-08-19,92.23729638880745,93.87395193735743,91.65277612532192,92.66594696044922,9653434,0.0,0.0
2019-08-20,92.74389082442872,93.71809135829876,91.4579449305106,91.9255599975586,7758935,0.0,0.0
2019-08-21,91.96453153415086,93.21150704370936,91.53588091553,91.8865966796875,12842739,0.0,0.0
2019-08-22,91.96450799015354,92.27625327424475,88.73016181654472,89.43158721923828,16991585,0.0,0.0
2019-08-23,89.62644842606556,92.70491971097638,88.92502285786934,92.35420989990234,9284204,0.0,0.0
2019-08-26,92.74389448264826,93.99087002597838,91.73072350904029,93.56222534179688,11965007,0.0,0.0
2019-08-27,93.64014361799508,97.7317852971555,93.64014361799508,96.0171890258789,22238086,0.0,0.0
2019-08-28,96.48482710564942,97.18624676120574,93.09460435556795,93.44532012939453,11905383,0.0,0.0
2019-08-29,92.54903853823527,96.75758547992028,91.88658345159212,95.93925476074219,38336134,0.0,0.0
2019-08-30,95.78339699911986,96.367917315291,90.09406354330154,94.80919647216797,18833819,0.0,0.0
2019-09-03,95.04299562730321,95.04299562730321,91.30206938412856,91.6917495727539,7635093,0.0,0.0
2019-09-04,91.96451159418902,93.4452972921184,90.91237642193947,93.0945816040039,7299231,0.0,0.0
2019-09-05,93.40633996567995,101.0440680903159,93.40633996567995,96.2120361328125,19432303,0.0,0.0
2019-09-06,96.21202827564727,99.60225039453606,96.09512898551785,98.978759765625,11891983,0.0,0.0
2019-09-09,99.21257915920347,99.71915865144226,97.5759175976547,98.47218322753906,5303272,0.0,0.0
2019-09-11,98.58907796101398,99.40740865452429,96.52377197657381,97.03035736083984,5473674,0.0,0.0
2019-09-12,96.64069040372573,97.22521070858697,94.77022423896014,95.27680969238281,8444053,0.0,0.0
2019-09-13,95.35472572644514,96.87448178680334,94.4974306377042,96.67964172363281,7509999,0.0,0.0
2019-09-16,96.13410245195224,96.75759313935339,94.96506187261099,96.05616760253906,5593727,0.0,0.0
2019-09-17,95.74442076110725,95.97823125173714,93.95189546845322,94.22467041015625,5663425,0.0,0.0
2019-09-18,94.73125159679532,95.74441647000506,93.25046576328376,95.47164154052734,8627190,0.0,0.0
2019-09-19,95.82235259756999,95.82235259756999,93.60117679058945,94.84815216064453,6031946,0.0,0.0
2019-09-20,94.34157758836756,97.73179409567409,92.35420621543895,93.40634155273438,34008081,0.0,0.0
2019-09-23,94.38053700489937,94.77021717911121,88.8860501161409,90.44477081298828,33355557,0.0,0.0
2019-09-24,90.63960507082986,91.02928521998038,89.11984892151452,89.74333953857422,20864605,0.0,0.0
2019-09-25,90.09406025071495,92.43214142995174,89.66541560215029,91.10723114013672,18851203,0.0,0.0
2019-09-26,91.38000730143838,92.51007750798367,90.36683639856827,90.83445739746094,21458595,0.0,0.0
2019-09-27,91.88659149718681,92.82182159009567,90.63961605795905,91.22413635253906,9325734,0.0,0.0
2019-09-30,91.26309141670602,92.12038657136083,90.21095618390022,91.57483673095703,12045142,0.0,0.0
2019-10-01,91.96452634725456,92.66595188996016,90.60064565990122,91.22413635253906,9718865,0.0,0.0
2019-10-03,91.61380893918856,91.61380893918856,89.31469240385044,90.99031829833984,10477900,0.0,0.0
2019-10-04,91.41898286906998,93.91293392262065,90.79549213265814,91.49691772460938,20289650,0.0,0.0
2019-10-07,91.53586169873238,91.92554183528901,89.39262094767095,90.3668212890625,14111765,0.0,0.0
2019-10-09,90.40580440431769,91.96452516990938,89.93818936384976,91.3800048828125,8413122,0.0,0.0
2019-10-10,91.34103448525357,91.57484497851145,90.67857934908668,91.3800048828125,6885340,0.0,0.0
2019-10-11,91.34103517480845,92.23730081099936,90.32787023715395,90.95135498046875,9176578,0.0,0.0
2019-10-14,90.8344613211971,92.08143683133059,90.56168041137718,91.76969146728516,12146203,0.0,0.0
2019-10-15,91.18515990769838,93.36737124117342,91.18515990769838,93.05562591552734,7630007,0.0,0.0
2019-10-16,92.58802354030593,93.36738398779654,91.10723750086406,91.49691772460938,10206387,0.0,0.0
2019-10-17,91.73071045386297,92.89975097424039,91.14619019367426,92.51007080078125,10163035,0.0,0.0
2019-10-18,92.587999806421,94.69227009682051,92.27625451812746,94.34156036376953,16961782,0.0,0.0
2019-10-22,94.80919069068321,94.80919069068321,93.48427448719343,94.22467041015625,12091476,0.0,0.0
2019-10-23,93.71806978718244,94.84813976794388,93.71806978718244,94.34156036376953,6580501,0.0,0.0
2019-10-24,95.08195087050632,95.08195087050632,92.89973978358415,93.6791000366211,8009018,0.0,0.0
2019-10-25,94.18570570026884,94.18570570026884,92.12039939515422,92.35420989990234,8505881,0.0,0.0
2019-10-27,92.743882388134,92.82181723454475,92.3931726062618,92.5880126953125,312098,0.0,0.0
2019-10-29,92.5100840119054,93.79602995717268,91.6527886970767,93.44532012939453,8581053,0.0,0.0
2019-10-30,94.3025964921311,94.88711671832199,92.93871596435234,94.26362609863281,12119474,0.0,0.0
2019-10-31,94.69228935001985,96.79656006826774,94.14673944411796,95.39371490478516,16511583,0.0,0.0
2019-11-01,95.86132416901765,96.01719386241813,94.38053829752248,94.6922836303711,4170369,0.0,0.0
2019-11-04,94.80919959966286,95.54958964615048,93.44531881693953,93.951904296875,7894331,0.0,0.0
2019-11-05,93.67911464630929,94.6922855116847,93.17253515966937,93.99085998535156,6156847,0.0,0.0
2019-11-06,93.6011803456703,94.88712616046314,93.48427509958952,94.02983093261719,5317553,0.0,0.0
2019-11-07,94.41949875258953,94.4584631988133,92.821807806239,93.17252349853516,6794239,0.0,0.0
2019-11-08,92.8218281069241,93.01666821879677,91.18517235640346,91.49691772460938,9771715,0.0,0.0
2019-11-11,92.70492034242734,94.88713191477994,91.7696902091609,92.15937042236328,22943443,0.0,0.0
2019-11-13,91.8866036116037,92.93873909135267,91.6138286273797,92.19834899902344,12220298,0.0,0.0
2019-11-14,92.35420282128631,92.86078824538053,91.61381285641237,92.39317321777344,5208393,0.0,0.0
2019-11-15,92.39315975413842,92.62696426084788,91.14617860083406,91.45792388916016,4650424,0.0,0.0
2019-11-18,91.2241188139603,91.84760344068023,91.02927875322655,91.53585815429688,4727251,0.0,0.0
2019-11-19,91.76966917748625,92.19831969219047,91.02927932050274,91.45792388916016,7577320,0.0,0.0
2019-11-20,91.41897645073239,91.65278100093565,90.44477595976572,91.22413635253906,10033434,0.0,0.0
2019-11-21,91.49691572450939,91.49691572450939,89.47057979453862,89.86026000976562,15099980,0.0,0.0
2019-11-22,91.14619370789589,92.89975455607211,91.14619370789589,91.80865478515625,13934099,0.0,0.0
2019-11-25,91.96452273356105,92.27626806763013,91.26309721841758,92.0424575805664,10863475,0.0,0.0
2019-11-26,92.04245413762847,92.66594478244433,90.56166831572641,90.91238403320312,14426269,0.0,0.0
2019-11-27,91.02929113297492,91.41897130743791,89.97714990508676,90.2109603881836,5455521,0.0,0.0
2019-11-28,90.52270688408525,90.60064173077316,89.66541167842296,90.05509185791016,10014250,0.0,0.0
2019-11-29,90.40581389378663,91.65278944793951,90.01613366148582,90.6785888671875,7014266,0.0,0.0
2019-12-02,90.21096982505065,90.63962044021963,89.7043843560459,89.86026000976562,6609154,0.0,0.0
2019-12-03,89.70437858931888,90.24993442319406,89.15882870149153,89.2757339477539,6614178,0.0,0.0
2019-12-04,89.6654058730271,89.86024595015574,88.84707517066782,89.47056579589844,4444594,0.0,0.0
2019-12-05,89.43159607470655,89.82127623189481,88.7301706025582,88.92501068115234,2537275,0.0,0.0
2019-12-06,89.39263768395419,89.39263768395419,87.4442366363872,87.79495239257812,3836996,0.0,0.0
2019-12-09,88.22358825168234,88.22358825168234,86.89867804996732,87.83390808105469,7866941,0.0,0.0
2019-12-10,87.67804579301314,88.1846312468046,85.4958342748567,85.72964477539062,18958648,0.0,0.0
2019-12-11,86.11933257516506,88.69122452370253,85.807587195638,88.06773376464844,8746687,0.0,0.0
2019-12-12,88.49637247639133,89.58747223859461,88.22359158979275,89.19779205322266,3850652,0.0,0.0
2019-12-13,89.66541109988889,90.52270630001979,89.23676052679963,90.13302612304688,4293299,0.0,0.0
2019-12-16,90.56167145835211,90.63961225119435,89.31469607149594,89.58747100830078,3659151,0.0,0.0
2019-12-17,89.5874708856874,90.36683124466178,88.53533559028149,90.05509185791016,6241009,0.0,0.0
2019-12-18,89.62643671054732,90.60063710957502,88.69120670589969,88.96398162841797,8626400,0.0,0.0
2019-12-19,88.84707696864797,89.15882228757201,87.95081140650915,88.88604736328125,5995825,0.0,0.0
2019-12-20,88.88604446394287,89.93817967820084,88.69120438922668,89.39262390136719,5813877,0.0,0.0
2019-12-23,89.00295953099582,89.93819562306696,88.69122011302036,89.31470489501953,13980109,0.0,0.0
2019-12-24,89.23676061595177,90.24993145551264,89.23676061595177,89.78231048583984,7929835,0.0,0.0
2019-12-26,89.74334413291433,92.19833038745314,88.84707855477508,90.71754455566406,12763347,0.0,0.0
2019-12-27,90.63960035992318,91.34101983510075,90.21094983971743,91.06824493408203,4474934,0.0,0.0
2019-12-30,91.06826195085927,91.6917526520175,90.67858174914738,90.83445739746094,4193724,0.0,0.0
2019-12-31,90.83444382600557,93.28942397315672,90.67856820098119,92.78284454345703,12438719,0.0,0.0
2020-01-01,92.78286114103759,95.08197202049085,92.15937042150034,94.73126220703125,9953746,0.0,0.0
2020-01-02,94.69227657673471,95.19886196162216,93.9908511165865,94.61434173583984,8731299,0.0,0.0
2020-01-03,94.30260071264364,94.57537564119798,92.82181488414469,93.01665496826172,7392962,0.0,0.0
2020-01-06,92.7438818063711,92.86078704827773,90.795480928086,92.66594696044922,6596841,0.0,0.0
2020-01-07,92.93873333700405,94.73126474414548,92.93873333700405,93.951904296875,8959942,0.0,0.0
2020-01-08,93.28944333508203,94.10777418467244,91.61382312714186,93.48428344726562,6372683,0.0,0.0
2020-01-09,93.91292054440957,94.45847040151826,92.66594519527006,93.01665496826172,8309627,0.0,0.0
2020-01-10,93.48426868971274,94.92609004910209,92.78284915341753,93.75704956054688,5588344,0.0,0.0
2020-01-13,93.83498781912643,95.08196319642742,93.60117733448665,94.88712310791016,3534313,0.0,0.0
2020-01-14,94.8871113703801,96.6406719501202,94.57536607810582,96.25099182128906,8631692,0.0,0.0
2020-01-15,95.86132569617688,97.42004643920414,95.35474026548346,96.5237808227539,6537916,0.0,0.0
2020-01-16,96.17306894212946,96.17306894212946,94.2636325058246,94.65331268310547,8806007,0.0,0.0
2020-01-17,94.65330565033562,94.84814572449939,93.99085058738828,94.45846557617188,6811534,0.0,0.0
2020-01-20,94.30261159497637,94.88713191477994,91.8086606089004,92.15937042236328,10655638,0.0,0.0
2020-01-21,92.27625568079962,93.17252116616886,91.14617973975253,91.30205535888672,5150830,0.0,0.0
2020-01-22,89.58748689433902,90.210977671351,86.89869555382839,87.40528106689453,19388739,0.0,0.0
2020-01-23,87.7559644057839,89.19777970281552,87.52215989456217,88.45738983154297,22793170,0.0,0.0
2020-01-24,88.84706704133477,90.63959796532426,88.49635731301134,89.43158721923828,9898052,0.0,0.0
2020-01-27,89.62643915900136,89.86024963957429,87.75597315256053,88.18462371826172,5597365,0.0,0.0
2020-01-28,88.65224953423586,88.65224953423586,86.43107348236795,87.32733917236328,12128081,0.0,0.0
2020-01-29,87.36629941703075,89.54851090961115,87.09352446697018,88.22359466552734,18501507,0.0,0.0
2020-01-30,88.41843465571533,89.47057594843805,87.32733485682175,88.57431030273438,18545239,0.0,0.0
2020-01-31,88.65223109933255,89.82127150943364,86.89867048418093,87.9508056640625,64518347,0.0,0.0
2020-02-03,85.3009935534008,87.01559000408125,83.54743265027979,85.92448425292969,14889516,0.0,0.0
2020-02-04,86.0024148084319,87.5221710828607,85.92447996139526,87.28836059570312,9743806,0.0,0.0
2020-02-05,86.7428043738075,87.75596920325017,86.11931375103721,86.66486358642578,10671590,0.0,0.0
2020-02-06,86.11932005201068,87.67804077693395,86.11932005201068,87.28836059570312,11852617,0.0,0.0
2020-02-07,87.60010443683029,90.60064059195655,87.522169591122,90.09405517578125,18446803,0.0,0.0
2020-02-10,90.24992081447759,90.3278556515515,87.32731982885392,88.45738983154297,31637511,0.0,0.0
2020-02-11,89.23674951747425,91.61380068216634,88.92500422514706,91.06824493408203,20937033,0.0,0.0
2020-02-12,91.18515893373988,92.6659447552067,90.71754392328917,91.02928924560547,13679292,0.0,0.0
2020-02-13,91.02928521998038,91.26308974184238,89.39262383671044,89.74333953857422,20903696,0.0,0.0
2020-02-14,89.47056955452886,90.01611941498857,87.21042337567894,87.83390808105469,23827224,0.0,0.0
2020-02-17,88.1456607703813,88.65224622372648,85.10615399635822,85.96345520019531,22137354,0.0,0.0
2020-02-18,85.41789245605469,86.431063280996,80.89760603150683,85.41789245605469,34458578,0.0,0.0
2020-02-19,87.52217928122974,88.65224953423586,86.04139326463505,87.32733917236328,17935374,0.0,0.0
2020-02-20,87.05455902320222,87.60011490042059,86.4700386914993,86.78178405761719,19663654,0.0,0.0
2020-02-24,86.31414975229157,86.31414975229157,84.83336405265912,85.49581909179688,11370193,0.0,0.0
2020-02-25,86.4310697403252,87.63907479536753,85.45686923817105,85.80757904052734,10775289,0.0,0.0
2020-02-26,85.72964670168543,86.9376577381739,84.36576595870406,85.0282211303711,14998071,0.0,0.0
2020-02-27,85.10616476079619,85.96346607306687,83.11879904083388,84.98926544189453,22610691,0.0,0.0
2020-02-28,83.11877498765678,85.88550041191311,82.10560424601263,83.04084014892578,25696761,0.0,0.0
2020-03-02,85.22305161714097,85.72963702513536,80.04030418959374,80.97554016113281,15614944,0.0,0.0
2020-03-03,81.5600634181655,85.69066978664262,81.28728847951899,84.87234497070312,17194661,0.0,0.0
2020-03-04,84.67751388920122,86.50900975332777,83.78124818452916,84.1319580078125,17095867,0.0,0.0
2020-03-05,84.24884091486238,85.45685166757629,83.43051622893563,84.05400085449219,11579256,0.0,0.0
2020-03-06,81.63799223651979,83.54742261208153,80.19617685639692,81.94973754882812,13533444,0.0,0.0
2020-03-09,81.05348516890953,81.36523053184575,77.58533361462067,80.1961898803711,47383195,0.0,0.0
2020-03-11,80.27412469265867,81.67697585211472,79.10508404179471,80.31309509277344,28434577,0.0,0.0
2020-03-12,77.15667291438751,77.93603324685607,72.67535100269329,73.53264617919922,47225243,0.0,0.0
2020-03-13,70.14242262253524,78.52054532467139,63.32302042312208,76.41627502441406,49533058,0.0,0.0
2020-03-16,74.81858594386614,74.81858594386614,68.77854384943944,70.76591491699219,34649740,0.0,0.0
2020-03-17,70.92179013137367,74.74065694304174,67.2977634024841,68.6616439819336,21241388,0.0,0.0
2020-03-18,69.36307813617356,70.41521352543397,58.374097283584916,62.77748489379883,88654467,0.0,0.0
2020-03-19,61.2187647542761,66.20666679827114,58.4910032225702,61.062889099121094,33846928,0.0,0.0
2020-03-20,61.17980233999399,64.18033922733166,59.50417599115377,63.32304382324219,58499591,0.0,0.0
2020-03-23,58.3740922402395,62.3488288929559,57.049176058635574,59.54313278198242,37653540,0.0,0.0
2020-03-24,60.86805204320377,62.03709275829494,58.491006156814194,60.43940734863281,13742927,0.0,0.0
2020-03-25,60.79010299970191,62.73850373687184,58.68583258197725,62.115013122558594,16472741,0.0,0.0
2020-03-26,64.31102277467616,64.46787653435017,59.91905168434258,62.46796417236328,39959613,0.5,0.0
2020-03-27,64.70315082963691,66.19328519697609,62.93851944337408,65.09529113769531,39345541,0.0,0.0
2020-03-30,62.66400405211696,65.48741224563085,62.115004191643614,64.11492156982422,17043895,0.0,0.0
2020-03-31,64.89921827698545,66.50699586640559,63.644370540250364,66.03642272949219,28293281,0.0,0.0
2020-04-01,66.11485402714202,66.15406446524301,63.21301234630583,63.52672576904297,14355207,0.0,0.0
2020-04-03,64.35021613395874,64.38942656802485,61.840514993902914,62.3895149230957,18310156,0.0,0.0
2020-04-07,63.99729072851163,64.35022056089774,62.820869921062574,63.95808029174805,47686619,0.0,0.0
2020-04-08,63.95807502742173,68.07554751458831,62.9777244352392,66.82069396972656,38072700,0.0,0.0
2020-04-09,69.29118750939617,69.29118750939617,66.899135349082,68.31083679199219,9322342,0.0,0.0
2020-04-13,68.31082922133848,69.91860661313095,66.46777127359593,69.5264663696289,33266662,0.0,0.0
2020-04-15,69.7617656843474,73.87923934829743,69.56569550987358,70.5068359375,24127975,0.0,0.0
2020-04-16,68.42846756588696,75.52620785583983,68.23239745824833,74.58506774902344,20876392,0.0,0.0
2020-04-17,79.21233931137006,79.21233931137006,74.50665578792233,74.89879608154297,16969641,0.0,0.0
2020-04-20,76.07521155755283,77.87905917348574,73.25180284079376,77.56534576416016,17639066,0.0,0.0
2020-04-21,75.68307425541268,77.17320852037113,74.93801011472637,76.31050109863281,15085097,0.0,0.0
2020-04-22,76.31050341093457,77.3692810053132,74.42822880782477,76.54578399658203,10342633,0.0,0.0
2020-04-23,76.42814459166426,76.62421474811654,74.15373556368687,74.66351318359375,14078729,0.0,0.0
2020-04-24,74.31057028497912,75.56541776853622,72.11458270106561,73.25179290771484,10148964,0.0,0.0
2020-04-27,74.03609187671978,74.03609187671978,72.07539032269429,72.42831420898438,22675928,0.0,0.0
2020-04-28,72.27145627047574,72.85966670243796,69.52647425465203,70.85974884033203,19815445,0.0,0.0
2020-04-29,71.72244653402699,72.42830015321219,70.38917212946559,70.74209594726562,21550996,0.0,0.0
2020-04-30,71.64402632400504,76.0752125835802,70.89896220244547,74.54586791992188,15151435,0.0,0.0
2020-05-04,71.40875043519529,73.44787878168047,70.9773937153142,71.72245788574219,10305663,0.0,0.0
2020-05-05,72.31064579449857,74.46741675455078,71.644008694472,72.62435913085938,10628539,0.0,0.0
2020-05-06,72.89887140477501,74.85957269036427,72.31066101909822,74.2713623046875,10232281,0.0,0.0
2020-05-07,73.80078063700671,74.03606713830564,70.70287561021505,70.93815612792969,8449705,0.0,0.0
2020-05-08,71.3695367396563,72.5067412503152,67.2520634662146,68.23241424560547,28174665,0.0,0.0
2020-05-11,69.1735398529395,70.15389050835861,67.33048181746864,67.9579086303711,12243824,0.0,0.0
2020-05-12,67.84026474706164,73.13415823888438,67.17362750406774,71.87931060791016,18124894,0.0,0.0
2020-05-13,74.46743849208372,77.25163693758327,72.66359675272827,72.97731018066406,19037031,0.0,0.0
2020-05-14,73.17338191128914,73.33023563686405,68.624552066584,70.07546997070312,39115884,0.0,0.0
2020-05-15,70.585247211282,71.99695454894186,69.95782039819194,71.25188446044922,16925981,0.0,0.0
2020-05-18,70.97738948727809,70.97738948727809,68.89904484148596,69.72254180908203,11368562,0.0,0.0
2020-05-19,70.27152694288559,72.07537436668883,69.17353311898731,71.40873718261719,12262118,0.0,0.0
2020-05-20,70.50682324680032,73.2518051953575,70.0362561094791,72.85966491699219,10126022,0.0,0.0
2020-05-21,72.27146067579825,72.66360098767608,70.4284024066898,70.78132629394531,20143324,0.0,0.0
2020-05-22,70.5068160959394,71.526377126133,69.29117896286357,71.33030700683594,9392095,0.0,0.0
2020-05-26,70.7028892055731,73.25180086423956,70.7028892055731,72.9380874633789,12350762,0.0,0.0
2020-05-27,72.93808782392098,74.66350256180534,71.48717006930201,74.2713623046875,11684730,0.0,0.0
2020-05-28,74.70270975055786,75.68306027221871,74.11449943756134,75.05563354492188,12156645,0.0,0.0
2020-05-29,74.27136683924817,77.52613236875976,73.95765940126918,76.74185180664062,19891080,0.0,0.0
2020-06-01,77.17319950041977,78.15355008862737,76.19284891221216,76.78105926513672,10106253,0.0,0.0
2020-06-02,77.44769606479379,77.60454976465553,75.33014119873474,75.87913513183594,18170659,0.0,0.0
2020-06-03,76.6634202665406,76.70263668568657,74.03608174056806,74.2713623046875,23102350,0.0,0.0
2020-06-04,73.84000996951835,74.89878744346811,72.74201607729495,74.6242904663086,12827335,0.0,0.0
2020-06-05,74.50665661772689,77.01635213141589,73.84001930786445,76.82028198242188,11744302,0.0,0.0
2020-06-08,77.60456286037626,78.58491360890848,76.66342853521977,77.29085540771484,14168383,0.0,0.0
2020-06-09,77.64376223817163,78.19275614339145,76.23205507677096,76.85948181152344,14232434,0.0,0.0
2020-06-10,76.97713470458984,78.54569575416443,76.27128103556417,76.97713470458984,12104423,0.0,0.0
2020-06-11,76.97713901835975,78.19277030975225,75.91836144728052,76.89871215820312,10258905,0.0,0.0
2020-06-12,74.11451347021155,76.82027902886429,73.95765975048143,75.99678802490234,10925477,0.0,0.0
2020-06-15,75.83992985066367,76.0359999960724,72.62438066267764,73.0949478149414,10980359,0.0,0.0
2020-06-16,74.46744088062144,74.585084167819,72.34988564540976,72.78124237060547,8757035,0.0,0.0
2020-06-17,72.8988774196713,73.01652070323051,71.25188940060019,71.76167297363281,17081311,0.0,0.0
2020-06-18,71.99694930222878,73.95765047076895,70.50681521742123,72.70279693603516,16520026,0.0,0.0
2020-06-19,72.97730388233103,73.76158439268994,72.46752035388064,72.9380874633789,13836691,0.0,0.0
2020-06-22,73.80080305191873,75.17329409798795,73.21259260360335,74.741943359375,18868376,0.0,0.0
2020-06-23,74.58509394240036,79.32999460704085,74.5066670685193,79.01628112792969,20331626,0.0,0.0
2020-06-24,79.99661979705576,81.40832724573232,75.87914671926612,76.11443328857422,24055051,0.0,0.0
2020-06-25,76.11442430721497,77.290845047768,73.99686338406833,75.36935424804688,69278017,0.0,0.0
2020-06-26,75.60463587299155,76.38891631569149,74.93799869341358,76.07520294189453,15572219,0.0,0.0
2020-06-29,76.58500193996014,76.89871537730508,74.07530042478666,74.42823028564453,18130595,0.0,0.0
2020-06-30,76.0752132447559,76.66342365644216,74.6635058632746,75.13407897949219,18496305,0.0,0.0
2020-07-01,74.27136832757357,74.27136832757357,72.38909972763749,73.40866088867188,21639137,0.0,0.0
2020-07-02,74.1145001786863,74.1145001786863,73.05572280142202,73.25179290771484,14333457,0.0,0.0
2020-07-03,73.40865591358795,74.78114683178275,72.74201866432472,74.11450958251953,15274841,0.0,0.0
2020-07-06,75.21251321181192,75.60465352471648,74.38901616127782,74.66351318359375,11830916,0.0,0.0
2020-07-07,74.82037315503727,74.85958359631017,72.34988797856415,72.58517456054688,18786009,0.0,0.0
2020-07-08,72.82044753827894,72.82044753827894,71.25188644544112,71.3695297241211,26256635,0.0,0.0
2020-07-09,71.6048152867099,72.15380926814194,71.21267501894825,71.52638244628906,11910945,0.0,0.0
2020-07-10,71.52637709011164,71.60480992465911,70.38917279219547,70.89895629882812,12213053,0.0,0.0
2020-07-13,71.40875993679691,72.82046160285623,70.19312246162453,70.5068359375,17508551,0.0,0.0
2020-07-14,70.42839959998803,70.50682646252088,68.54612498126939,68.74219512939453,14240946,0.0,0.0
2020-07-15,69.2519706991714,70.38917503329466,68.8206140297672,69.05590057373047,11582839,0.0,0.0
2020-07-16,69.17353547158079,69.3303951566639,67.33047755284674,68.03633117675781,10152592,0.0,0.0
2020-07-17,68.38925507382477,69.52646535351171,68.23240137215045,69.25196838378906,12238969,0.0,0.0
2020-07-20,69.72252729226597,69.72252729226597,68.2323933668478,68.35003662109375,12349129,0.0,0.0
2020-07-21,69.01669408268987,69.52647767888152,68.07555973863313,69.29119110107422,20118152,0.0,0.0
2020-07-22,69.60490111552981,72.6243801362187,69.56568469329795,70.85974884033203,31321718,0.0,0.0
2020-07-23,71.29109854037347,71.8400924961204,70.78131501941684,71.0166015625,11161294,0.0,0.0
2020-07-24,70.82053877741036,70.97739249999807,69.44804776221703,70.11468505859375,11352904,0.0,0.0
2020-07-27,70.23232945186288,70.27153989133627,68.42848169567708,68.74219512939453,10071266,0.0,0.0
2020-07-28,68.93826027836724,69.64411395714905,68.15397974273982,69.44804382324219,13888285,0.0,0.0
2020-07-29,69.40883540129013,70.31075931791116,68.93826822240543,69.13433837890625,10732504,0.0,0.0
2020-07-30,69.44803638388491,69.80096019367738,67.52654568727876,67.91868591308594,10668042,0.0,0.0
2020-07-31,68.15398737997145,68.70298142299583,67.68342020258109,68.23241424560547,7906179,0.0,0.0
2020-08-03,68.3892701428926,68.3892701428926,66.66385510995197,67.1344223022461,14158505,0.0,0.0
2020-08-04,67.84027608248053,68.23241640665672,66.938352140158,67.1344223022461,19621505,0.0,0.0
2020-08-05,67.36968231201172,67.91867615583891,66.97754214253969,67.36968231201172,9478990,0.0,0.0
2020-08-06,67.84026235552305,68.5853264272652,67.1344087181127,67.56576538085938,12208873,0.0,0.0
2020-08-07,67.60497479930096,67.99711503823794,66.93833758982514,67.29126739501953,10339288,0.0,0.0
2020-08-10,68.07554277862317,69.56567078820538,67.5657593094365,69.17353057861328,12215464,0.0,0.0
2020-08-11,69.8009790523194,70.27154625370761,68.85984464954299,69.2127685546875,11180265,0.0,0.0
2020-08-12,69.0166799041397,69.91860362233126,68.27161586679038,69.565673828125,14803880,0.0,0.0
2020-08-13,70.6570862609657,70.73792837410738,69.92949490697472,70.53582000732422,13723113,2.65,0.0
2020-08-14,70.61665004484846,72.63773336706997,70.09116714749949,71.46550750732422,25402282,0.0,0.0
2020-08-17,72.27394314546078,78.01381873039513,72.27394314546078,77.043701171875,115111358,0.0,0.0
2020-08-18,77.77127655967267,79.06477470022486,76.03314999803612,76.84158325195312,52023697,0.0,0.0
2020-08-19,77.60958732351736,78.01380392416067,76.19482922126573,76.51820373535156,21840924,0.0,0.0
2020-08-20,76.47779569609152,82.37936177408574,76.19484524969062,81.73261260986328,112338263,0.0,0.0
2020-08-21,83.0261174480758,87.18955117983025,82.13684183737534,85.65352630615234,107862545,0.0,0.0
2020-08-24,86.58320405888314,87.31079525289525,83.87495377303594,85.20886993408203,49154455,0.0,0.0
2020-08-25,85.6939254586126,86.82573325484478,83.43030986614824,83.91537475585938,50940674,0.0,0.0
2020-08-26,84.56212514689999,84.56212514689999,82.13682515510827,83.10694885253906,30828711,0.0,0.0
2020-08-27,83.43031786258392,83.99622489886791,82.46020032589264,82.94525909423828,19363725,0.0,0.0
2020-08-28,83.3898970906487,84.27917249733704,81.85387256935611,82.09640502929688,21358972,0.0,0.0
2020-08-31,82.94524380571984,83.02608589090043,77.20536940791705,77.9329605102539,40298594,0.0,0.0
2020-09-01,78.82224914085222,81.77303200892727,78.01381581633066,80.68164825439453,44304572,0.0,0.0
2020-09-02,80.68165728479545,81.24755820815703,79.46900716228564,79.9944839477539,20904846,0.0,0.0
2020-09-03,80.0348982729143,80.60079912689324,78.3371895431208,78.98393249511719,19004282,0.0,0.0
2020-09-04,77.65001406027767,78.7818156458303,75.9927234748018,76.55862426757812,27339411,0.0,0.0
2020-09-07,76.63947505470362,77.60959249373279,74.41628360306024,74.69923400878906,28474893,0.0,0.0
2020-09-08,75.38640250446127,75.38640250446127,73.00152682266913,73.28447723388672,31186005,0.0,0.0
2020-09-09,72.83983450151626,73.7695339714399,71.54634253668418,73.08236694335938,28307198,0.0,0.0
2020-09-10,73.56743634658598,73.97165302980899,72.15267795530549,73.20364379882812,27263673,0.0,0.0
2020-09-11,72.9206782137314,73.48658520132561,72.31435326350241,72.83983612060547,18190992,0.0,0.0
2020-09-14,73.08235927665363,74.33542698044005,72.55687648635681,73.44615173339844,22533738,0.0,0.0
2020-09-15,73.48658546648505,74.9821857822085,73.20363505559517,73.64826965332031,26866105,0.0,0.0
2020-09-16,74.05248610644229,74.05248610644229,72.19309329097672,72.47604370117188,20778500,0.0,0.0
2020-09-17,71.99098470799507,72.31435307967678,71.38465975930737,71.66761016845703,21804215,0.0,0.0
2020-09-18,71.99099374915913,73.64827844965916,71.70803713661735,73.20364379882812,44757908,0.0,0.0
2020-09-21,73.68868447874736,73.85036864516557,70.61663597395653,71.38465118408203,17714694,0.0,0.0
2020-09-22,71.38465439536097,72.39519590057357,68.95935478285071,70.89958953857422,25113194,0.0,0.0
2020-09-23,70.85919143115312,71.26340814648444,68.0700923946524,68.79768371582031,24107408,0.0,0.0
2020-09-24,67.98924247420906,69.24231661491972,66.41279993266964,66.8170166015625,17724521,0.0,0.0
2020-09-25,67.38290579686166,68.83808801991016,66.57447259913602,68.55513763427734,15999517,0.0,0.0
2020-09-28,69.201875580045,71.34422463553292,68.797659009872,70.73789978027344,22735756,0.0,0.0
2020-09-29,71.54633900620395,71.869713523419,68.433872384703,68.83808898925781,21328822,0.0,0.0
2020-09-30,69.20190043115164,69.40400878881731,67.42334935083684,68.79768371582031,18475452,0.0,0.0
2020-10-01,69.36358521996672,69.36358521996672,68.3126193777811,68.63599395751953,18244405,0.0,0.0
2020-10-05,68.71683471812797,69.08062725831644,67.74671716572071,68.2721939086914,15677842,0.0,0.0
2020-10-06,68.27217406081527,68.43386438444836,67.6254312698485,68.02964782714844,13094249,0.0,0.0
2020-10-07,68.0700876168376,68.11051175267642,66.4936450048384,66.93828582763672,19056844,0.0,0.0
2020-10-08,67.1808127600315,67.38292110537928,66.57448772398816,66.77659606933594,11961568,0.0,0.0
2020-10-09,66.97870275687794,67.22123523243519,66.00858519036308,67.01912689208984,18016087,0.0,0.0
2020-10-12,67.62544117995616,68.35303232329123,66.61489963861747,66.8978500366211,11714109,0.0,0.0
2020-10-13,66.93828283580174,67.42334160490181,66.61490826711606,66.8170166015625,11503196,0.0,0.0
2020-10-14,66.9382898850559,67.14039824078631,63.1386490966096,63.94708251953125,47114322,0.0,0.0
2020-10-15,63.94706446749101,65.07887217364734,63.462005784239956,63.8662223815918,20107413,0.0,0.0
2020-10-16,63.86622489021938,65.07887472990708,63.4215841485248,64.91719055175781,16578267,0.0,0.0
2020-10-19,65.44268359734062,67.22124084150006,65.0788910215063,66.00859069824219,21839955,0.0,0.0
2020-10-20,66.00859059307794,66.25111692062858,64.91720669945614,65.20015716552734,14238188,0.0,0.0
2020-10-21,65.84688443408685,67.74670746803886,65.20014154767978,66.5340576171875,38563701,0.0,0.0
2020-10-22,66.5340665459441,69.44442534498127,65.80647530422057,68.43388366699219,34256481,0.0,0.0
2020-10-23,69.52527050073596,70.01032929391384,68.31262043386266,69.72737884521484,46258872,0.0,0.0
2020-10-26,70.41453993134094,71.14213114250609,68.15093036842975,69.4848403930664,34724632,0.0,0.0
2020-10-27,71.7888772486877,72.7994188418964,70.37411901819554,72.3143539428711,95412168,0.0,0.0
2020-10-28,72.3143372312657,73.28446063726756,70.73789517731328,71.22295379638672,44763206,0.0,0.0
2020-10-29,70.33369048895864,71.54634032497516,69.52525726494761,69.92947387695312,41912944,0.0,0.0
2020-10-30,70.25286282703324,71.74846336501419,69.7678040265877,70.81876373291016,40735912,0.0,0.0
2020-11-02,71.38466621183105,72.43562585050643,71.10170960924836,72.11225128173828,31922062,0.0,0.0
2020-11-03,73.93122358947303,74.37586437625637,67.14038873288278,69.4848403930664,118128168,0.0,0.0
2020-11-04,69.64654128515913,70.41455057714562,68.31262489099424,68.79768371582031,47519427,0.0,0.0
2020-11-05,69.40399699971412,70.33369652062706,69.20188867637899,70.17201232910156,41267817,0.0,0.0
2020-11-06,70.49536178006579,71.7484355153634,70.2528355579099,70.57621002197266,46143960,0.0,0.0
2020-11-09,71.66761102393139,72.63772848626915,70.89959571237894,72.3143539428711,42703600,0.0,0.0
2020-11-10,72.59731498582013,74.17375750098724,72.39520665475477,73.97164916992188,43483223,0.0,0.0
2020-11-11,74.37587094382508,75.58852101356136,74.13333846273494,75.10346221923828,51801855,0.0,0.0
2020-11-12,74.69923851260667,74.86092270624115,73.08237190483534,73.40574645996094,33374610,0.0,0.0
2020-11-13,72.75901023598648,74.65882760302125,72.11226101119017,73.93123626708984,24025139,0.0,0.0
2020-11-14,73.20364470561894,74.69924521849897,73.00153636150387,73.4865951538086,12521960,0.0,0.0
2020-11-17,74.17374682244738,74.69922964113671,71.34423059488807,71.70802307128906,55324429,0.0,0.0
2020-11-18,71.70801951691847,72.39519264383486,71.22296084980823,71.38465118408203,37574681,0.0,0.0
2020-11-19,71.46550507180234,74.29502162648343,71.14213051769603,72.5973129272461,55196018,0.0,0.0
2020-11-20,72.96109089949562,74.45669097522168,72.67814053401047,74.21416473388672,47670803,0.0,0.0
2020-11-23,75.1034528726202,76.3161027914423,74.37586168775564,75.70977783203125,54262598,0.0,0.0
2020-11-24,76.19484051162242,76.63948130535813,75.7906238510833,76.11399841308594,35713773,0.0,0.0
2020-11-25,76.35654065854877,76.72033942974069,75.06304830820183,75.95232391357422,32464332,0.0,0.0
2020-11-26,75.95229640892056,76.63946956081728,75.50766185117918,76.07356262207031,30825401,0.0,0.0
2020-11-27,77.40748162459865,78.45844728873301,74.21417283934248,76.55862426757812,216981706,0.0,0.0
2020-12-01,76.55862032745407,77.7712701077275,75.54807884389287,75.79061126708984,35330973,0.0,0.0
2020-12-02,76.51821436021784,76.96284898195131,75.83104727727941,76.63948059082031,27650080,0.0,0.0
2020-12-03,77.48833823398586,80.15617085494137,77.04370357573141,79.67111206054688,43841111,0.0,0.0
2020-12-04,80.19658882322419,80.68165378547589,78.8222545444636,79.67111206054688,34813873,0.0,0.0
2020-12-07,80.03489512966988,81.77302792413805,79.79236267728587,80.64122009277344,27049393,0.0,0.0
2020-12-08,81.28798420864952,81.53051053799413,79.06479226644024,79.3881607055664,30386160,0.0,0.0
2020-12-09,80.23700329189349,80.76248615911446,79.14561959403852,79.468994140625,24061383,0.0,0.0
2020-12-10,79.5498252156281,80.31783426050775,78.0138009580132,78.5392837524414,25985382,0.0,0.0
2020-12-11,79.14562685993239,83.18779364370977,78.94351852074352,82.78357696533203,63463638,0.0,0.0
2020-12-14,83.63241903926028,85.16844348077902,83.26862653609948,84.56211853027344,45802433,0.0,0.0
2020-12-15,84.96633738714515,86.01730312932992,83.1473624880337,85.57266235351562,52215593,0.0,0.0
2020-12-16,86.4619415971048,86.70447406162268,84.52170655238888,84.80465698242188,25184934,0.0,0.0
2020-12-17,85.41098060827505,85.41098060827505,84.07706441049869,84.44085693359375,16840984,0.0,0.0
2020-12-18,84.52170332575285,84.72381164918329,83.14736302571193,83.87495422363281,33596568,0.0,0.0
2020-12-21,83.83452647447658,84.03663478918637,76.59905127500876,78.8222427368164,34210970,0.0,0.0
2020-12-22,78.70098168545657,80.68164700046557,78.01381460386433,79.95405578613281,29181188,0.0,0.0
2020-12-23,80.07532875051848,80.35827919992717,79.06478702558945,79.67111206054688,17602151,0.0,0.0
2020-12-24,80.27744827401412,82.0559994904068,80.034915759116,80.80292510986328,23052394,0.0,0.0
2020-12-28,81.53048969766459,82.0963966571969,80.84332268838453,81.20711517333984,15454893,0.0,0.0
2020-12-29,81.24756507405503,81.6922059570264,79.18605722443581,79.71154022216797,23647197,0.0,0.0
2020-12-30,80.0348881978038,80.5603710205525,79.38813915936603,80.11573028564453,30281285,0.0,0.0
2020-12-31,79.30730656692602,81.04543941895882,79.22646446940612,80.3178482055664,50363279,0.0,0.0
2021-01-01,80.8029100859029,81.00501842145329,79.87321667665664,80.07532501220703,13493039,0.0,0.0
2021-01-04,80.64122588460535,80.84333422015574,79.6306842068534,80.07532501220703,22325584,0.0,0.0
2021-01-05,79.54983286705826,79.54983286705826,78.4180250858561,78.90308380126953,23510160,0.0,0.0
2021-01-06,79.2264603156472,80.03489358417421,78.62013536425194,79.10519409179688,21952878,0.0,0.0
2021-01-07,79.30729746210123,79.63067198291267,78.29675593947543,78.41802215576172,24999580,0.0,0.0
2021-01-08,78.90309957628702,81.24755769867602,78.70099122380275,80.96460723876953,43240591,0.0,0.0
2021-01-11,81.44965512824781,81.85387177900834,79.79236439298697,80.03489685058594,22036573,0.0,0.0
2021-01-12,80.0349075837704,81.65177440364455,79.46900666395743,80.96460723876953,24262426,0.0,0.0
2021-01-13,81.04543202012523,84.36000705869878,80.9645899299856,82.90483093261719,49236964,0.0,0.0
2021-01-14,83.83453725117275,83.95580348915831,82.21767052565076,82.62188720703125,29301114,0.0,0.0
2021-01-15,82.86440575559415,83.75368107159517,80.76248059926736,81.20711517333984,24067229,0.0,0.0
2021-01-18,81.20711467843333,81.57091332902756,78.25633835257526,78.86266326904297,23613664,0.0,0.0
2021-01-19,79.2264703619273,81.53050423582008,78.86267781210212,80.56038665771484,22934496,0.0,0.0
2021-01-20,80.51995370721049,80.60079580189299,79.22646168872103,79.468994140625,25599184,0.0,0.0
2021-01-21,79.7923626205887,80.15616129890621,77.2862206751127,77.69043731689453,22667011,0.0,0.0
2021-01-22,77.85213234579766,78.01381654506956,75.10345778317719,76.03315734863281,26029669,0.0,0.0
2021-01-25,76.84159203762914,77.04370037421643,74.94176873942308,75.34598541259766,18599824,0.0,0.0
2021-01-27,75.18429349218518,75.26513558494959,73.40574277994268,73.8099594116211,22812859,0.0,0.0
2021-01-28,73.40574728471394,74.90134768013496,73.04194859316394,74.052490234375,32227832,0.0,0.0
2021-01-29,74.37587296315745,74.86093177065004,71.26340559990113,71.91014862060547,36962884,0.0,0.0
2021-02-01,72.23349786632626,74.69922134359355,71.4654888712982,74.37584686279297,29033297,0.0,0.0
2021-02-02,75.10345676173816,77.08411593123711,75.10345676173816,76.11399841308594,29279584,0.0,0.0
2021-02-03,76.88200881881531,79.30730882046788,76.23526585242206,78.37760925292969,31420256,0.0,0.0
2021-02-04,78.6605666633543,81.00501842145329,78.41803419355107,80.07532501220703,39264443,0.0,0.0
2021-02-05,81.16670097372712,82.46019296310655,79.34772612895271,80.4391098022461,54911202,0.0,0.0
2021-02-08,77.77127247538616,81.61133022982493,77.69043038781126,81.08585357666016,53737961,0.0,0.0
2021-02-09,81.16672388221046,81.81346697550869,80.43913250537416,80.80292510986328,28074809,0.0,0.0
2021-02-10,80.84332738187065,81.24754401878,79.75194369578666,80.72206115722656,19070866,0.0,0.0
2021-02-11,81.59722128673361,81.59722128673361,80.22198596975561,81.09713745117188,18452535,3.0,0.0
2021-02-12,81.51387322059182,81.59721946483933,79.0134477397014,79.97193908691406,21660998,0.0,0.0
2021-02-15,80.38867621996724,80.59704500888256,79.18013978782268,79.34683227539062,12574055,0.0,0.0
2021-02-16,79.88857710810214,82.63904713892332,79.59686213123554,81.68054962158203,32865663,0.0,0.0
2021-02-17,81.55553536493966,83.47253059388403,80.8470828182116,82.80574798583984,28774857,0.0,0.0
2021-02-18,83.09747344763892,86.88978808508472,82.97245725694746,86.18133544921875,50705280,0.0,0.0
2021-02-19,86.38969887610824,88.97347051868609,84.5143798253631,86.84810638427734,61069583,0.0,0.0
2021-02-22,86.93145607288983,88.59840628438216,84.51437699444385,85.05613708496094,30636415,0.0,0.0
2021-02-23,85.13949146738321,86.80644183832008,83.80593244241591,86.18133544921875,31233104,0.0,0.0
2021-02-24,87.09816114582864,87.26485364751927,85.09781933098428,86.01464080810547,16153025,0.0,0.0
2021-02-25,86.34801310764871,91.84894711486521,85.8479293540672,90.01530456542969,68361756,0.0,0.0
2021-02-26,89.26518592283767,92.47406392929351,87.34819692261333,89.431884765625,67331805,0.0,0.0
2021-03-01,91.26552463995519,91.51556971677951,89.30685940119942,90.39037322998047,27205189,0.0,0.0
2021-03-02,90.39038653114278,94.7661315070968,89.93197896805633,93.8076400756836,53649872,0.0,0.0
2021-03-03,95.39121373495136,95.59958249047456,93.34920247438804,93.93263244628906,31702057,0.0,0.0
2021-03-04,92.93249018886056,94.18270306135643,92.09901494052997,92.34906005859375,28057179,0.0,0.0
2021-03-05,92.51572708131924,93.64091708485063,90.34869330434957,90.5987319946289,24778407,0.0,0.0
2021-03-08,92.22403228349306,94.43274283842968,91.26553453034194,92.14068603515625,28163362,0.0,0.0
2021-03-09,92.84912982073955,93.22419108190631,89.55689927497687,91.2655258178711,20611697,0.0,0.0
2021-03-10,91.97398642795014,92.18235522654491,90.8071198840372,91.39055633544922,13207045,0.0,0.0
2021-03-12,92.5157405740088,93.43256195656369,90.51539896549134,90.93213653564453,21763020,0.0,0.0
2021-03-15,91.64058517251686,92.51573657557975,89.76526618787673,92.0989990234375,20350674,0.0,0.0
2021-03-16,92.1406726509216,92.89079513590218,91.09882880077056,91.30719757080078,15360040,0.0,0.0
2021-03-17,91.43222739055567,91.59892624680322,88.47339422991215,88.8067855834961,18850429,0.0,0.0
2021-03-18,89.51522616177694,90.22367871826764,86.01462695967118,86.51471710205078,20023557,0.0,0.0
2021-03-19,85.30617923392649,91.30720405211706,85.01446420695925,90.43205261230469,72249183,0.0,0.0
2021-03-22,90.68210581730058,92.14068744164835,89.05682533482346,91.5572509765625,31980425,0.0,0.0
2021-03-23,91.68226567103245,91.84895815596096,90.09866162856885,90.55707550048828,14060206,0.0,0.0
2021-03-24,90.01530830815153,91.18217468763183,88.0149668517439,88.34835815429688,15196366,0.0,0.0
2021-03-25,88.34836393189661,88.7651014976131,85.55622351337823,85.84793853759766,22543755,0.0,0.0
2021-03-26,88.13999538502158,88.13999538502158,86.43136881744509,86.84810638427734,17402475,0.0,0.0
2021-03-30,88.22333874335203,90.59874152488248,87.18149486032021,89.76526641845703,36129962,0.0,0.0
2021-03-31,89.76527698154709,90.84879729096713,88.43171792612247,88.8067855834961,23063667,0.0,0.0
2021-04-01,89.5985849629939,90.64042897419151,89.14017105450247,89.93197631835938,13753303,0.0,0.0
2021-04-05,89.51522525084636,89.84861655606998,86.4730399239099,88.59840393066406,15666099,0.0,0.0
2021-04-06,89.80694267328509,90.0986576886088,88.18166876011695,88.3900375366211,17393454,0.0,0.0
2021-04-07,89.09849641798222,89.47355769870029,87.7232611238312,87.88995361328125,15692013,0.0,0.0
2021-04-08,88.34836774553571,88.72342902730618,87.26484748433742,87.514892578125,11394998,0.0,0.0
2021-04-09,88.30668540723246,88.30668540723246,85.3478525805275,85.68124389648438,19751417,0.0,0.0
2021-04-12,84.59773689288546,84.59773689288546,81.72224985733226,82.55572509765625,20221362,0.0,0.0
2021-04-13,83.01412010066257,84.30600907120758,82.72240508248126,83.84759521484375,19192856,0.0,0.0
2021-04-15,84.34767186865083,85.84792949069293,82.76407437294075,84.47269439697266,13865351,0.0,0.0
2021-04-16,84.93111885114386,85.76459399912582,83.76425237218697,85.3895263671875,14654851,0.0,0.0
2021-04-19,83.34752403239946,83.68091540031135,82.22233372974436,82.55572509765625,11652043,0.0,0.0
2021-04-20,82.68074129657569,84.09765302047335,81.80559610958237,82.55572509765625,16528675,0.0,0.0
2021-04-22,81.72225131981587,83.13915671015872,80.88877606457618,82.47237396240234,18614270,0.0,0.0
2021-04-23,81.68056310063346,85.84793876903314,81.68056310063346,85.4728775024414,29484794,0.0,0.0
2021-04-26,86.63974499575095,86.63974499575095,84.05597313264258,85.34786224365234,24369413,0.0,0.0
2021-04-27,85.05613708496094,86.3063497435802,84.76441571082145,85.05613708496094,17763436,0.0,0.0
2021-04-28,85.72290853735866,86.63972983038029,85.139478539684,86.34801483154297,15160578,0.0,0.0
2021-04-29,87.18151609295596,87.51490748850408,85.5562417831628,85.88963317871094,11588556,0.0,0.0
2021-04-30,85.2228338811554,88.0566506560762,85.0561413951233,85.3895263671875,15321193,0.0,0.0
2021-05-03,84.51437540236041,87.18149314694078,84.22266039262666,86.88977813720703,12186212,0.0,0.0
2021-05-04,86.93145921742769,88.39004070524419,86.26467656514731,86.4730453491211,12992684,0.0,0.0
2021-05-05,87.30652083386417,88.05664973094919,85.68124685593884,86.59806823730469,14956169,0.0,0.0
2021-05-06,87.51490748850408,87.59825374766312,85.5562417831628,85.88963317871094,13547274,0.0,0.0
2021-05-07,86.68141290717762,87.93162559333882,86.13965280472564,87.55656433105469,13229291,0.0,0.0
2021-05-10,88.34836128109794,90.01531149394884,88.01496996674567,89.76526641845703,23980945,0.0,0.0
2021-05-11,90.01530238601704,94.51606877709985,88.93178231373255,93.93263244628906,45613487,0.0,0.0
2021-05-12,95.18286182331241,97.30822604932455,93.14085020138774,94.4327392578125,62158914,0.0,0.0
2021-05-14,94.97448644281599,94.97448644281599,91.80728483342996,92.84912872314453,16227312,0.0,0.0
2021-05-17,92.68244544489478,93.55759700273892,91.64060138027631,92.97416687011719,12832920,0.0,0.0
2021-05-18,93.84930136003231,95.18286033879103,93.14084874871463,93.43256378173828,14892142,0.0,0.0
2021-05-19,94.30773031548084,94.30773031548084,92.47408086251875,93.30755615234375,12610425,0.0,0.0
2021-05-20,93.34921503600391,93.97432138669144,92.432393660111,93.1408462524414,10303689,0.0,0.0
2021-05-21,93.5992554781092,94.30770803530632,92.72410408698254,94.05766296386719,12171685,0.0,0.0
2021-05-24,93.64092848649855,94.9744874070907,93.39088976577469,94.0993423461914,11341268,0.0,0.0
2021-05-25,94.93282308778274,95.72462195532637,94.22437046541566,94.4327392578125,15289982,0.0,0.0
2021-05-26,95.01616202444443,95.01616202444443,92.432390469246,92.59908294677734,17466748,0.0,0.0
2021-05-27,93.01583361567414,93.05750992038895,91.09884441810739,91.93231964111328,34169451,0.0,0.0
2021-05-28,91.93232561758543,92.51575576805351,90.30704501171854,90.80712890625,13383166,0.0,0.0
2021-05-31,90.80711006823236,92.80745159029725,89.8486187854335,92.0989990234375,14754293,0.0,0.0
2021-06-01,92.4740595705093,92.89079711946862,91.2655232220914,91.84895324707031,10271211,0.0,0.0
2021-06-02,91.76560333833534,92.80744716905873,91.72393340045245,92.64075469970703,6492771,0.0,0.0
2021-06-03,93.01581917130969,93.51590295567328,92.05732154191512,93.1825180053711,12140851,0.0,0.0
2021-06-04,92.9324774688789,94.18269017025395,92.55741620203064,93.1408462524414,8930671,0.0,0.0
2021-06-07,93.47424057560386,97.30822504432619,93.3492180296748,97.01651000976562,28407410,0.0,0.0
2021-06-08,97.93333566854967,98.76681086572883,96.68312287278096,96.84981536865234,43191813,0.0,0.0
2021-06-09,97.09985172100343,100.85048977031258,96.51642167911956,98.43341064453125,49807823,0.0,0.0
2021-06-10,99.47525249411281,99.9336663453539,97.76663234448138,98.76679992675781,22144392,0.0,0.0
2021-06-11,99.10019194241998,99.64195203620304,97.97500181466161,99.016845703125,13871562,0.0,0.0
2021-06-14,99.01684429687909,99.10019053499038,96.8914802510342,98.51675415039062,14179055,0.0,0.0
2021-06-15,98.51674980590731,99.141856102541,98.01666604038236,98.18336486816406,8148417,0.0,0.0
2021-06-16,98.1833687189564,100.51709516923921,97.39156356348607,99.8503189086914,21585917,0.0,0.0
2021-06-17,98.5167671968275,100.51710897095273,97.47492318519053,97.84999084472656,14466025,0.0,0.0
2021-06-18,97.84999158974155,98.47509800148319,94.09935311929166,94.64111328125,43927941,0.0,0.0
2021-06-21,94.39105287648864,98.72512075197746,94.22436040393531,98.35005950927734,34597018,0.0,0.0
2021-06-22,98.76682068627402,99.10021207007753,97.47493145862725,98.60012817382812,16712010,0.0,0.0
2021-06-23,99.05851928157898,99.05851928157898,97.47491524116928,97.72496032714844,12590251,0.0,0.0
2021-06-24,97.68327690124359,98.7667970495709,96.43306428036294,98.35005950927734,14046692,0.0,0.0
2021-06-25,99.26687218072642,99.26687218072642,96.43305588175281,96.72477722167969,12768348,0.0,0.0
2021-06-28,97.43323464461214,98.22503339877431,96.68310582761589,96.8081283569336,10709748,0.0,0.0
2021-06-29,96.89148765864323,98.80848307631406,96.18303504216865,98.01667785644531,33488455,0.0,0.0
2021-06-30,98.22504644962119,98.72513027442656,96.80814121952082,97.01651000976562,16739618,0.0,0.0
2021-07-01,97.34988114614477,98.18335613418056,96.43305357217778,97.80828857421875,12479506,0.0,0.0
2021-07-02,97.97500302080718,99.2252157023543,97.5165891606757,97.9333267211914,17215972,0.0,0.0
2021-07-05,98.26671341890406,99.2668809735295,97.72495334393601,98.85014343261719,16409169,0.0,0.0
2021-07-06,98.43341853018296,99.14187116891448,97.55827339724793,98.05835723876953,14979094,0.0,0.0
2021-07-07,97.55826999149313,98.51676133806903,97.39157114419802,97.89165496826172,14545289,0.0,0.0
2021-07-08,97.80830872406958,98.93349891794058,97.68328617832594,97.89165496826172,12037089,0.0,0.0
2021-07-09,97.51658227485741,98.68344863368901,96.89147597822371,98.18336486816406,9585144,0.0,0.0
2021-07-12,98.35006679361824,98.97517315035734,97.6416141944294,98.22504425048828,7651672,0.0,0.0
2021-07-13,98.47508855644502,101.68396655716353,98.43341225609502,99.93367004394531,30663035,0.0,0.0
2021-07-14,99.97534530312035,100.80882048316775,99.85032911324203,100.64212799072266,9539611,0.0,0.0
2021-07-15,100.64212058603388,101.01718184589589,99.35023160844605,100.26705932617188,11278872,0.0,0.0
2021-07-16,100.14203525493785,100.68379534560508,98.60010758066218,99.26688385009766,17198632,0.0,0.0
2021-07-19,99.26689577871525,101.55895259558231,98.7668119268174,101.18389129638672,14364285,0.0,0.0
2021-07-20,101.68395961786169,101.68395961786169,98.51675177472487,98.7251205444336,11360716,0.0,0.0
2021-07-22,98.97518891392622,99.76698788167295,98.80849640247797,99.35025024414062,9520328,0.0,0.0
2021-07-23,99.51692879292033,100.10035882276317,98.60010744934854,98.76679992675781,10442400,0.0,0.0
2021-07-26,98.51675262344101,100.0170103218326,98.39173644766693,99.47525024414062,5370055,0.0,0.0
2021-07-27,99.4335774198295,99.68361612303232,98.51674976468894,99.05850982666016,5280342,0.0,0.0
2021-07-28,99.6419559363259,99.6419559363259,96.51642414859812,97.34989929199219,11010096,0.0,0.0
2021-07-29,98.10002641872816,98.55844031258366,96.05801476554136,97.3082275390625,11897018,0.0,0.0
2021-07-30,97.47491027672359,99.97533557352448,96.8914802510342,98.51675415039062,14546264,0.0,0.0
2021-08-02,98.8501533635723,98.9751759101884,97.5165943704593,98.1417007446289,11742555,0.0,0.0
2021-08-03,98.76680987750103,98.76680987750103,97.09985949982169,98.05835723876953,21122697,0.0,0.0
2021-08-04,98.39174309429845,99.05851939280707,97.14153038082026,98.22504425048828,9432176,0.0,0.0
2021-08-05,97.55825971938617,98.18336602337479,96.64143205307475,97.09984588623047,11045322,0.0,0.0
2021-08-06,97.09985949982169,98.93350237170455,97.05818319681529,98.05835723876953,8434733,0.0,0.0
2021-08-09,98.76681372809884,99.26689758911708,97.14153959006173,97.26655578613281,7816050,0.0,0.0
2021-08-10,97.43324063935162,97.68327935446109,94.72444655941491,95.30787658691406,9774255,0.0,0.0
2021-08-11,95.59959549595203,97.76663593532764,95.47457931275859,97.47491455078125,8056886,0.0,0.0
2021-08-12,97.47490663846818,99.51692436998339,97.09984540151137,99.30855560302734,8640167,0.0,0.0
2021-08-13,99.55860113916548,99.55860113916548,97.6832821078876,98.55843353271484,9744939,0.0,0.0
2021-08-16,98.55842606134445,99.51692365423044,98.43340353028799,99.05850982666016,8768804,0.0,0.0
2021-08-17,99.47526495931575,99.60028751249443,96.84981677820835,97.84999084472656,8758578,0.0,0.0
2021-08-18,97.84998551549546,99.10019826136914,96.7664652588406,97.14153289794922,9357721,0.0,0.0
2021-08-20,96.93315464508296,97.51658465930961,94.5577455726639,95.14118194580078,11684504,0.0,0.0
2021-08-23,96.2663870679746,96.47475587115204,93.51591632246799,94.5160903930664,6271685,0.0,0.0
2021-08-24,95.18285608452132,96.93315892225375,94.72444858423324,94.9744873046875,11791078,0.0,0.0
2021-08-25,95.59958139342856,96.057995193883,94.84945896928089,95.01615142822266,9491958,0.0,0.0
2021-08-26,95.09951731511454,95.43290866082101,93.30754439598941,93.97432708740234,11668986,0.0,0.0
2021-08-27,93.93265392882286,95.09952049839873,93.43257007297926,94.5160903930664,8095717,0.0,0.0
2021-08-30,94.39107041237759,96.2663896920937,94.39107041237759,95.80797576904297,9915170,0.0,0.0
2021-08-31,96.05801128229234,96.9748326778466,95.59959740505984,96.64144134521484,11386659,0.0,0.0
2021-09-01,96.68312830823335,97.26655843549432,95.64128425318773,96.18304443359375,7508413,0.0,0.0
2021-09-02,95.9329795136697,97.26653835706337,95.84963327825325,97.09984588623047,5700524,0.0,0.0
2021-09-03,97.51658630371094,98.26671516244463,97.09984875540448,97.51658630371094,9364904,0.0,0.0
2021-09-06,98.05833266582725,98.05833266582725,96.5997514508712,97.05815887451172,7005043,0.0,0.0
2021-09-07,97.26654278159259,97.43324161891856,96.05800641580392,96.55809020996094,7723357,0.0,0.0
2021-09-08,97.5433788133795,98.18595707504424,96.3010634554853,97.71473693847656,10508654,3.15,0.0
2021-09-09,97.62905957659486,98.31447903858043,97.24351521463075,98.14312744140625,5757417,0.0,0.0
2021-09-13,98.22879509673625,98.95704912932023,97.80040960266993,98.5286636352539,6322443,0.0,0.0
2021-09-14,98.74287163428671,99.51396695003963,98.35732724473272,99.29977416992188,7369292,0.0,0.0
2021-09-15,99.3854447611551,106.96786747224189,99.3854447611551,106.41096496582031,48721413,0.0,0.0
2021-09-16,106.66798662370252,107.69610918132165,105.3828301583567,106.2396011352539,17684303,0.0,0.0
2021-09-17,106.36813088188305,106.83935105386331,104.1405273813679,106.02542114257812,15763396,0.0,0.0
2021-09-20,104.95445711478055,106.19677256393032,104.35471997449677,105.12580871582031,7431359,0.0,0.0
2021-09-21,104.78310288463751,107.43909185398023,104.6117447512527,106.32528686523438,8629222,0.0,0.0
2021-09-22,106.75367276432743,108.80992461557265,106.23961143567723,106.58232116699219,11698183,0.0,0.0
2021-09-23,106.92502230176049,108.80991586748455,106.79650534576932,108.12449645996094,11053966,0.0,0.0
2021-09-24,108.38152336258763,108.55287493506476,106.19675486196503,106.45378875732422,8598140,0.0,0.0
2021-09-27,107.35341293601068,109.49534051624518,106.66799349567795,108.68140411376953,8490460,0.0,0.0
2021-09-28,109.238320145476,114.50745741729469,109.1098031673876,113.05094909667969,35900138,0.0,0.0
2021-09-29,112.57972659569144,123.5892413680164,111.89432011779417,120.5048599243164,75859390,0.0,0.0
2021-09-30,121.44729953598653,122.68961497654692,119.17686142300681,121.5329818725586,34614825,0.0,0.0
2021-10-01,120.76185571178831,123.67488461507139,117.97735028744673,119.86224365234375,22452069,0.0,0.0
2021-10-04,122.90377887068183,127.95873485521462,120.37630741505845,124.7030029296875,58612212,0.0,0.0
2021-10-05,124.70303980905979,126.67361601043795,123.54639356145155,124.57451629638672,24390676,0.0,0.0
2021-10-06,125.47414615150407,126.20240693869879,122.34693633816802,122.77532196044922,14421296,0.0,0.0
2021-10-07,123.54637510597216,124.78869043649428,121.87567427711221,122.3469009399414,10035682,0.0,0.0
2021-10-08,122.98948250193078,123.2893445148756,120.20497668769437,120.89039611816406,10686586,0.0,0.0
2021-10-11,121.66147123175624,125.73113312155091,121.19024460880686,124.06043243408203,17449923,0.0,0.0
2021-10-12,125.0885909123489,125.30278370500703,123.20369695161546,123.84627532958984,16030831,0.0,0.0
2021-10-13,124.66018240273317,126.15953167561828,123.97476297761378,125.38844299316406,19100941,0.0,0.0
2021-10-14,126.37371211831834,129.0297072294418,125.81681624338287,128.00157165527344,29263867,0.0,0.0
2021-10-18,129.5866198482202,129.97216420170594,127.40185108074951,128.13011169433594,25346029,0.0,0.0
2021-10-19,129.3295948387913,130.31488944706754,126.88780504949352,128.21578979492188,20234486,0.0,0.0
2021-10-20,129.0725443891369,129.0725443891369,124.48882743749911,125.3027572631836,16129487,0.0,0.0
2021-10-21,126.54508669104555,127.27334734290594,125.00289612276369,126.71643829345703,20818539,0.0,0.0
2021-10-22,126.67358761509026,126.88778034824172,123.37501429524295,124.14610290527344,11379569,0.0,0.0
2021-10-25,123.97477189139322,125.30276967180347,122.64677411098295,123.28935241699219,14079380,0.0,0.0
2021-10-26,124.48883005874113,124.78869206752417,122.04702745698516,122.68960571289062,16224116,0.0,0.0
2021-10-27,123.37502377098988,123.84625043477278,120.67620035531466,121.0617446899414,15072448,0.0,0.0
2021-10-28,121.06174057787865,121.53296722565555,116.77788573133863,117.67749786376953,19999659,0.0,0.0
2021-10-29,112.23700592981993,117.29194982253458,110.1379195022787,113.65067291259766,29217522,0.0,0.0
2021-11-01,114.12190056418085,115.92112498775728,112.15132454628491,115.0643539428711,10043407,0.0,0.0
2021-11-02,115.66409932271742,120.63337435272172,115.66409932271742,117.07776641845703,21525811,0.0,0.0
2021-11-03,118.19155180181072,119.04832276532262,116.13530671869708,117.1634292602539,9808728,0.0,0.0
2021-11-04,118.49143619213908,118.49143619213908,117.33479007106955,117.50614166259766,1026849,0.0,0.0
2021-11-08,118.83412497143814,120.46199757686361,116.99207270752933,120.20496368408203,12765483,0.0,0.0
2021-11-09,120.59050771389627,121.14740358592458,118.27722883066717,118.66277313232422,9556650,0.0,0.0
2021-11-10,118.40574869416679,118.44858985850193,117.16343336817461,117.72032928466797,5479056,0.0,0.0
2021-11-11,117.80602708795293,118.02021986447649,115.10720333307202,117.07776641845703,11418813,0.0,0.0
2021-11-12,118.40575959402315,118.40575959402315,115.36421967226825,116.90641021728516,9306659,0.0,0.0
2021-11-15,117.63466516121007,117.93452717806215,116.52086020634468,117.50614166259766,3991733,0.0,0.0
2021-11-16,117.97737026616863,118.06305259997272,114.80732001474752,115.0643539428711,5762128,0.0,0.0
2021-11-17,114.80732370450977,118.23440799419663,114.80732370450977,116.90641021728516,15264066,0.0,0.0
2021-11-18,117.0349323147482,117.89170337686703,115.44990062051279,115.92112731933594,9942974,0.0,0.0
2021-11-22,115.66407214482426,117.29193163458496,111.12318373485164,111.50872802734375,15990636,0.0,0.0
2021-11-23,111.42308665080996,114.59313717674226,109.79521368058705,114.37894439697266,11510010,0.0,0.0
2021-11-24,115.23570575081018,117.6346672955963,114.42177587131721,115.9639663696289,7570759,0.0,0.0
2021-11-25,116.09246022246909,117.120582716793,113.35079587984305,115.8354263305664,13919886,0.0,0.0
2021-11-26,114.12188906298503,114.85014960705969,109.66668269323003,110.39494323730469,13323593,0.0,0.0
2021-11-29,109.49533566878924,110.82333332440068,107.13921543483883,108.38153076171875,16077669,0.0,0.0
2021-11-30,109.49534321001553,110.90901021843351,106.83934771586739,109.02411651611328,22883512,0.0,0.0
2021-12-01,111.380236366654,113.90770834647034,107.82463520608195,109.40966033935547,17010938,0.0,0.0
2021-12-02,109.40965507864735,111.6372649281865,108.46720827741989,110.26642608642578,12916313,0.0,0.0
2021-12-03,110.26641394403637,111.59441147451325,108.29584476512886,108.80990600585938,12827354,0.0,0.0
2021-12-06,108.80991898607523,109.32398028812945,106.23960593916007,106.53947448730469,8158812,0.0,0.0
2021-12-07,107.18204749097312,108.29585237132042,106.2396007273336,107.396240234375,8701301,0.0,0.0
2021-12-08,106.96786468117205,109.36682624471088,106.96786468117205,109.02411651611328,12093435,0.0,0.0
2021-12-09,109.02411722369214,109.36682695451398,107.65328483704927,107.9959945678711,11518172,0.0,0.0
2021-12-10,108.03881624720934,108.5528775134946,106.5823082366272,108.08165740966797,8389566,0.0,0.0
2021-12-13,109.3239755259971,110.18075304095852,107.52475777885891,107.78179168701172,13223189,0.0,0.0
2021-12-14,107.09637407812488,109.19546039539856,107.09637407812488,108.25301361083984,11649242,0.0,0.0
2021-12-15,108.08167441432074,110.05224400122083,107.86748164161565,108.55289459228516,11916145,0.0,0.0
2021-12-16,109.28115827089276,109.83805426601084,108.16735320736687,109.15264129638672,10758513,0.0,0.0
2021-12-17,109.15263688479598,109.409664286775,106.32528970651458,107.56761169433594,13041775,0.0,0.0
2021-12-20,106.66798695401734,107.48191676993264,102.04142235711674,104.3118667602539,14185935,0.0,0.0
2021-12-21,105.85406434332872,106.83934580756224,103.54077861909681,104.69741821289062,10168470,0.0,0.0
2021-12-22,105.42567707677448,106.15393113956185,104.22619633631307,104.9972915649414,7885198,0.0,0.0
2021-12-23,105.4685163567864,107.43909241277208,105.211488960339,106.7108383178711,9836979,0.0,0.0
2021-12-24,106.92503926092087,107.09639087165753,103.58363055839617,103.88349914550781,8509575,0.0,0.0
2021-12-27,103.883483569064,104.65457877504976,103.32658111270517,104.39754486083984,5097217,0.0,0.0
2021-12-28,104.5260689528825,106.7536723937298,104.48322778537518,106.32528686523438,6511374,0.0,0.0
2021-12-29,106.75366790480284,106.88218486527629,104.69741614716008,105.5113525390625,8960770,0.0,0.0
2021-12-30,105.59702765045253,109.53817301405338,104.74025663503305,108.7242431640625,32394253,0.0,0.0
2021-12-31,108.63857301823741,108.63857301823741,106.23961143567723,106.58232116699219,9155163,0.0,0.0
2022-01-03,107.43908658652106,108.4243745610833,106.8393429540447,107.9531478881836,9034081,0.0,0.0
2022-01-04,108.80990957932815,114.20756912587349,108.59571684393576,113.86485290527344,33986738,0.0,0.0
2022-01-05,113.60784838560997,113.82204115174176,111.97997551903511,113.09378051757812,16122852,0.0,0.0
2022-01-06,113.39366527793433,113.39366527793433,110.78051069388995,112.15133666992188,8037648,0.0,0.0
2022-01-07,112.49403170033604,113.26512034898835,110.90900016631038,112.53687286376953,8820039,0.0,0.0
2022-01-10,113.05092498890151,113.35080005270864,112.02280245672858,112.96525573730469,7324926,0.0,0.0
2022-01-11,113.22227607377874,114.80730756424175,112.2369947083259,113.35079956054688,11971883,0.0,0.0
2022-01-12,114.25040939340792,114.97865684407,113.39363845854407,114.67879486083984,10439580,0.0,0.0
2022-01-13,115.15002726133375,117.07776218026203,114.37893852307808,115.62125396728516,15114699,0.0,0.0
2022-01-14,115.15002341684728,116.64937274817751,114.2075831096986,115.9639663696289,9344382,0.0,0.0
2022-01-17,115.36422092949769,117.67751330887764,115.19286932780379,117.0349349975586,9803141,0.0,0.0
2022-01-18,117.03492422209949,118.02020564609104,115.15001755714313,115.6640853881836,6473378,0.0,0.0
2022-01-19,114.89299212362286,115.92111467133054,113.90769766571708,115.49272918701172,21136414,0.0,0.0
2022-01-20,115.23570410322317,116.82073574585428,114.93582901192913,115.57840728759766,8466412,0.0,0.0
2022-01-21,114.85015657651498,116.60653976276386,113.5650000607165,114.89299774169922,12437749,0.0,0.0
2022-01-24,113.95055231980764,115.87828722747356,112.23701017966016,113.60784912109375,14284658,0.0,0.0
2022-01-25,112.40836073533316,116.22098934710418,112.2798503053309,115.92112731933594,10007486,0.0,0.0
2022-01-27,114.97866597122565,116.52085639105903,114.07905380354885,115.6640853881836,18760325,0.0,0.0
2022-01-28,119.94793611667885,123.37502000572681,118.23439417215486,120.07644653320312,34009553,0.0,0.0
2022-01-31,121.66150453053363,122.8609789233495,118.70564664779495,121.704345703125,27928927,0.0,0.0
2022-02-01,123.37499910814725,123.50350950290411,120.3334600571435,120.93319702148438,17413984,0.0,0.0
2022-02-02,121.66145745386743,122.30403557422237,120.59049391994255,120.93319702148438,10783943,0.0,0.0
2022-02-03,121.24185583732176,122.21179606584988,120.18374778638355,120.49235534667969,9571728,4.0,0.0
2022-02-04,120.80096643168662,121.1977552363506,118.06750852476097,118.33203887939453,7213085,0.0,0.0
2022-02-07,118.3320475755919,120.22783737764307,118.3320475755919,119.16971588134766,10562489,0.0,0.0
2022-02-08,119.43424151583179,119.61059060669159,117.09758578914959,119.0374526977539,8721631,0.0,0.0
2022-02-09,119.30196740825609,119.56649773712458,118.02341984905844,119.08152770996094,5144026,0.0,0.0
2022-02-10,119.16970504895419,120.66870588092394,118.42021808754183,120.31599426269531,6081460,0.0,0.0
2022-02-11,118.55246624579452,121.41818230413817,118.55246624579452,120.93321228027344,8426925,0.0,0.0
2022-02-14,118.77292822304639,120.31600639008003,116.21583264236304,116.83306121826172,7705072,0.0,0.0
2022-02-15,116.48036043303514,119.74286579427381,115.20179921650538,119.34607696533203,12674466,0.0,0.0
2022-02-16,118.9492820831091,120.536450952207,117.14168692161573,117.4502944946289,12946623,0.0,0.0
2022-02-17,118.59655997353534,118.94925811579152,116.78895172168608,117.05348205566406,5811964,0.0,0.0
2022-02-18,117.05348856714961,118.2438684089835,116.30398815494718,116.70079040527344,6760078,0.0,0.0
2022-02-21,116.74487996331456,118.28795813064086,115.6426812723672,116.34809112548828,12212740,0.0,0.0
2022-02-22,115.55451235593063,116.83306013441133,112.7769703355797,116.48036193847656,13578566,0.0,0.0
2022-02-23,116.39219214073901,117.67074004530939,114.49641560512518,114.80502319335938,9263264,0.0,0.0
2022-02-24,111.98338300719205,113.746900849825,109.0294919662392,109.69081115722656,18045779,0.0,0.0
2022-02-25,110.21985590365857,115.51040898703418,110.21985590365857,114.93727111816406,10424521,0.0,0.0
2022-02-28,113.70282228243073,118.11161735700792,113.57056381202334,117.71482849121094,13262687,0.0,0.0
2022-03-02,117.09757544224718,119.0374421794422,115.02543680766512,115.46631622314453,12587947,0.0,0.0
2022-03-03,116.48036193847656,117.6707284406867,114.84910250948735,116.48036193847656,15628119,0.0,0.0
2022-03-04,116.39219214073901,117.5825722149175,114.40823432015823,114.80502319335938,15883138,0.0,0.0
2022-03-07,113.74689523835448,115.06953355507953,111.89520294039667,114.67274475097656,14985637,0.0,0.0
2022-03-08,115.06954043379454,119.74286545650321,115.06954043379454,117.93525695800781,28572640,0.0,0.0
2022-03-09,118.11159276168797,118.11159276168797,115.59858816522687,115.95128631591797,14286413,0.0,0.0
2022-03-10,117.18576013023049,119.03745932376304,116.34809181108916,117.22985076904297,13101323,0.0,0.0
2022-03-11,117.1857594396935,117.62663891607244,115.951302287662,116.34809112548828,8669803,0.0,0.0
2022-03-14,116.34808785600235,117.18575614666834,115.28997983334145,116.5244369506836,5670284,0.0,0.0
2022-03-15,115.77493647149731,117.22983315164845,115.20178516221662,115.55449676513672,6895190,0.0,0.0
2022-03-16,116.74486109026113,117.2739217582171,115.9953741743238,117.05348205566406,5561866,0.0,0.0
2022-03-17,117.71481359247022,118.42022340603634,116.30399396533797,117.18575286865234,13995384,0.0,0.0
2022-03-21,117.18575286865234,117.62663232030954,116.12764487558971,117.18575286865234,9172207,0.0,0.0
2022-03-22,117.53847433460737,118.287961392374,116.17174522923098,117.14168548583984,10343712,0.0,0.0
2022-03-23,117.18574527571688,117.9352456768002,116.56851677430414,117.67071533203125,11892811,0.0,0.0
2022-03-24,117.7148154171025,119.65468234354833,117.58255696138453,119.39015197753906,11276181,0.0,0.0
2022-03-25,119.9192152713358,120.05147372987916,118.33204649594752,118.8170166015625,7266868,0.0,0.0
2022-03-28,119.47832776579978,119.47832776579978,117.97934036666369,118.86109924316406,7778682,0.0,0.0
2022-03-29,119.03744757666362,119.30197792885963,118.06750743680252,118.46430969238281,5116935,0.0,0.0
2022-03-30,119.03744871022636,119.87511695468007,117.67071975634255,119.3019790649414,24047012,0.0,0.0
2022-03-31,118.42022415245798,119.56651342490653,118.42022415245798,119.0374526977539,11615450,0.0,0.0
2022-04-01,121.68274281622708,126.48832670754719,120.62463470004438,126.04744720458984,32589741,0.0,0.0
2022-04-04,125.07749417698189,128.73678790336524,124.76887320771357,127.23780059814453,15437496,0.0,0.0
2022-04-05,128.2077418458504,132.79289900279613,127.63460392851887,131.4702606201172,23958626,0.0,0.0
2022-04-06,132.57246282875684,136.93716691777087,130.76485429968977,134.90911865234375,52737388,0.0,0.0
2022-04-07,134.86503596402133,139.31792159189231,134.20371671595856,135.35000610351562,37738903,0.0,0.0
2022-04-08,136.58443086438297,136.58443086438297,133.32192604005527,134.07142639160156,17585569,0.0,0.0
2022-04-11,134.42416300417906,136.31995301358836,133.89511565273884,134.997314453125,15583159,0.0,0.0
2022-04-12,134.64457955925477,135.4381706315083,133.0133336885616,134.55641174316406,11306524,0.0,0.0
2022-04-13,134.95318759522897,137.73072244501478,134.6886572632085,135.74676513671875,19454061,0.0,0.0
2022-04-18,136.5844298209091,144.3880004160638,136.2317316902709,143.9030303955078,82098517,0.0,0.0
2022-04-19,145.40203145050515,146.68059256835895,140.64053896153607,141.65455627441406,38522118,0.0,0.0
2022-04-20,142.97718978749526,143.90303925563933,140.19965483763508,141.5222930908203,20047692,0.0,0.0
2022-04-21,142.49226187917154,144.07941733887318,141.3900631129483,143.46218872070312,21966151,0.0,0.0
2022-04-22,142.1836049134728,143.7266827962547,140.94914798907587,141.4781951904297,9922564,0.0,0.0
2022-04-25,139.8469755103807,141.8750103412718,137.0253360934343,137.642578125,12008027,0.0,0.0
2022-04-26,138.965187352121,139.71467423289835,137.55436794013733,138.43612670898438,11735823,0.0,0.0
2022-04-27,138.25980416685584,140.72873188412666,136.84898448425147,137.2457733154297,17873048,0.0,0.0
2022-04-28,139.31789198630742,141.16959086921992,136.89305525869761,140.81687927246094,29123808,0.0,0.0
2022-04-29,141.43414392552154,141.9632047287008,137.2898791492012,137.7307586669922,28941216,0.0,0.0
2022-05-02,136.31994891946633,139.62654522131714,134.9091291155134,138.87704467773438,13368198,0.0,0.0
2022-05-04,139.31789911328784,142.7567532665337,138.70067060559913,139.8910369873047,24511385,0.0,0.0
2022-05-05,140.72872999554792,141.74274737879233,138.4361514057256,139.6706085205078,33396072,0.0,0.0
2022-05-06,137.95117343063527,141.39004111906468,137.59847526213758,140.1996612548828,22604305,0.0,0.0
2022-05-09,140.15557062017743,140.90507104645084,137.51029399272682,140.1996612548828,22958742,0.0,0.0
2022-05-10,140.15556824449297,142.18361631541023,136.23174400453257,137.0694122314453,20322427,0.0,0.0
2022-05-11,135.8349829215063,138.3920787579087,132.307946758427,134.51234436035156,13794764,0.0,0.0
2022-05-12,133.2337784689006,134.9091150385301,130.50032042942783,130.98529052734375,11818556,0.0,0.0
2022-05-13,132.2638163762645,132.2638163762645,126.53238433329304,127.10552215576172,22913410,0.0,0.0
2022-05-16,126.44422787662855,131.29390209504916,124.90114971622197,130.72076416015625,16286682,0.0,0.0
2022-05-17,130.0594203099856,132.9251363507141,129.0013124627847,132.70469665527344,13925542,0.0,0.0
2022-05-18,132.70474130135995,133.0574395508954,129.79493365167744,130.94122314453125,17611218,0.0,0.0
2022-05-19,130.05942576640362,130.985275217011,128.51634783358188,130.50030517578125,11701170,0.0,0.0
2022-05-20,133.10149921857598,133.10149921857598,130.19169224610252,131.9111328125,17841739,0.0,0.0
2022-05-23,136.14356280712593,136.98124448904497,130.85300963916137,132.39608764648438,26055890,0.0,0.0
2022-05-24,132.39609674528126,133.89509767621328,129.0013329686122,129.53038024902344,16581141,0.0,0.0
2022-05-25,130.85301895726462,135.04137384682457,129.97126003314673,134.60049438476562,19926619,0.0,0.0
2022-05-26,135.04136733907788,136.76080792190533,132.7928929545917,135.92312622070312,22698086,0.0,0.0
2022-05-27,136.6726508437061,136.6726508437061,131.82297613634879,132.66064453125,10245727,0.0,0.0
2022-05-30,132.30793179609037,134.4682385107583,131.20573311977267,133.0574188232422,12513990,0.0,0.0
2022-05-31,133.23379884590395,139.31793095515326,132.5724795533953,137.55441284179688,124665699,0.0,0.0
2022-06-01,137.95120559982314,141.25780215521,137.774856474451,138.25982666015625,16084988,0.0,0.0
2022-06-02,137.11351229303858,140.4641988856481,136.0113136411653,140.24375915527344,17646975,0.0,0.0
2022-06-03,140.19964245211693,140.59643120210498,136.40807710369268,136.672607421875,14063328,0.0,0.0
2022-06-06,137.37801387092682,139.89101819781888,136.31990607778437,136.8489532470703,18485464,0.0,0.0
2022-06-07,136.84899233467138,139.05338980608866,135.3500047450225,138.65660095214844,14911957,0.0,0.0
2022-06-08,137.64257159239048,140.8609862404686,137.64257159239048,138.48023986816406,16416591,0.0,0.0
2022-06-09,136.9371730435242,139.3179196117983,136.40811227076358,136.80490112304688,13821409,0.0,0.0
2022-06-10,135.87904907395875,138.08344627856826,135.79086780394525,136.89306640625,7908849,0.0,0.0
2022-06-13,135.7908596877943,136.58443725219288,130.2798670056598,131.29388427734375,19208167,0.0,0.0
2022-06-14,131.29389378317035,134.42414054417054,131.29389378317035,133.498291015625,17034328,0.0,0.0
2022-06-15,134.51231537549535,135.52633267204905,130.1035211216579,130.632568359375,15172295,0.0,0.0
2022-06-16,132.35203216962466,132.39610935626067,125.20977883988583,126.04744720458984,18494040,0.0,0.0
2022-06-17,124.41619951491491,127.37008407396209,123.04947038242466,123.84304809570312,21387729,0.0,0.0
2022-06-20,123.8430338481319,124.68070210568362,119.03745057152919,121.02140808105469,16578770,0.0,0.0
2022-06-21,121.85906743551604,124.54843455396743,121.46227865351514,123.40214538574219,51398446,0.0,0.0
2022-06-22,123.40215552438896,123.40215552438896,120.40418064232372,121.37410736083984,8317317,0.0,0.0
2022-06-23,121.59453384969179,122.6967323561414,119.6105765380825,120.36007690429688,11257409,0.0,0.0
2022-06-24,121.59456393049017,121.59456393049017,118.9933775026862,120.44828796386719,21879039,0.0,0.0
2022-06-27,121.02139010928597,122.60855857212523,120.58051072819569,122.12358856201172,12872030,0.0,0.0
2022-06-28,122.12363358981163,122.82904355055966,120.93325344013833,122.2118148803711,14272044,0.0,0.0
2022-06-29,121.50639627961856,126.1797218008683,120.6246372550271,124.98934173583984,53487394,0.0,0.0
2022-06-30,125.47429440651298,126.92919121253152,124.46026359678433,126.00334167480469,19270932,0.0,0.0
2022-07-01,125.20976621125716,126.26787422071932,123.22580864805062,124.0193862915039,9592229,0.0,0.0
2022-07-04,122.8731072407253,125.3861120154724,122.8731072407253,124.68070220947266,17526429,0.0,0.0
2022-07-05,124.68069635127043,127.19371446251473,123.62258841927316,124.19573974609375,11370649,0.0,0.0
2022-07-06,124.76889673956074,125.20977623334011,120.00740358857334,122.5204086303711,15929985,0.0,0.0
2022-07-07,123.44625923906389,125.87109647411692,123.00537974178151,123.84304809570312,18144208,0.0,0.0
2022-07-08,124.32800158810338,127.14962730202522,124.32800158810338,126.70874786376953,15375888,0.0,0.0
2022-07-11,126.97330101870328,129.6185781232596,126.62060278659249,127.6787109375,16779135,0.0,0.0
2022-07-12,127.01738890298661,130.58851560750026,127.01738890298661,129.70675659179688,19138561,0.0,0.0
2022-07-13,130.27988792081038,131.69070765575879,130.05944817813557,131.02938842773438,13644449,0.0,0.0
2022-07-14,131.3820446756345,131.64657497327792,129.61852729743805,130.7648162841797,9775869,0.0,0.0
2022-07-15,130.8971067289192,132.39609417619062,130.63257636656,132.04339599609375,11518139,0.0,0.0
2022-07-18,133.49828472726733,133.6305566277278,131.64659921197173,132.0874786376953,8286352,0.0,0.0
2022-07-19,132.08750252896428,133.32195976244327,131.60253238203515,132.9251708984375,6798359,0.0,0.0
2022-07-20,134.1155234331634,134.2477818758428,132.39608295089894,132.74879455566406,7271345,0.0,0.0
2022-07-21,133.1455793615808,133.36601906251056,132.26382055786172,133.01332092285156,7521568,0.0,0.0
2022-07-22,133.14559056841884,133.49828873776437,130.6325723844706,131.33798217773438,6800124,0.0,0.0
2022-07-25,131.5584139896963,132.66061252086763,129.92716823630587,132.3520050048828,7996687,0.0,0.0
2022-07-26,132.26382446289062,133.1014926602412,131.5143240757721,132.26382446289062,5774871,0.0,0.0
2022-07-27,131.86703964908858,132.7487985053786,131.42616022094356,131.99929809570312,5403197,0.0,0.0
2022-07-28,132.30793361239537,133.10151128840877,131.42617465923658,132.5724639892578,6030744,0.0,0.0
2022-07-29,133.1015029560346,136.187659098892,132.660623507055,134.86502075195312,11771461,0.0,0.0
2022-08-01,134.82093230927117,139.05337777923936,133.14559575772512,137.99526977539062,14221965,0.0,0.0
2022-08-02,138.52430976802972,141.16958610895017,138.0393397479467,140.6846160888672,18278835,0.0,0.0
2022-08-03,141.1255388416782,141.91911660596296,138.6125201638176,140.7728271484375,10147608,0.0,0.0
2022-08-04,140.81690647411372,141.52231634932429,134.95321463648546,136.40811157226562,15754128,0.0,0.0
2022-08-05,136.14356922668378,138.5684062096722,134.9091121444462,137.20169067382812,33864055,0.0,0.0
2022-08-08,137.11352860180668,141.08144422050847,136.62855844638366,140.55238342285156,16964235,0.0,0.0
2022-08-10,141.00169901229907,141.22636712016612,139.2942268775707,139.96823120117188,14055597,3.0,0.0
2022-08-11,140.372657299977,140.9568027172479,137.36211231923232,138.08103942871094,15810624,0.0,0.0
2022-08-12,138.12595973567366,142.88892670159083,137.13742821878967,142.43959045410156,17998843,0.0,0.0
2022-08-16,142.8889289916031,143.6078697416389,141.0466476048409,142.6642608642578,8309725,0.0,0.0
2022-08-17,142.8889379400606,147.06775988532107,142.8889379400606,145.09068298339844,19674110,0.0,0.0
2022-08-18,145.09067768178107,146.16908197863802,143.69773251337412,144.5065460205078,9585888,0.0,0.0
2022-08-19,144.73118547811254,145.27038066338292,141.22635506692146,141.76556396484375,9599472,0.0,0.0
2022-08-22,141.3611831546526,142.84398725433363,140.19290619383986,140.64224243164062,11400211,0.0,0.0
2022-08-23,140.5972947926147,143.06864390237277,139.87835412724547,142.57437133789062,14362373,0.0,0.0
2022-08-24,142.79905998055088,146.483622850188,141.99026018607182,144.5065460205078,20602844,0.0,0.0
2022-08-25,145.0008156365261,145.54001091739883,142.39465711801782,142.79905700683594,12889454,0.0,0.0
2022-08-26,142.8889251630141,148.01135558670458,142.79905242942235,146.84307861328125,30724938,0.0,0.0
2022-08-29,145.40520396562286,146.84307164629388,144.41665879363077,144.64132690429688,10928330,0.0,0.0
2022-08-30,145.4052168940529,148.68536611636475,145.18054876341085,147.38229370117188,24663153,0.0,0.0
2022-09-01,145.13559717935533,147.60694635733196,144.05719300785978,144.41665649414062,14554158,0.0,0.0
2022-09-02,146.48361665358163,149.53909765086468,144.91093978766895,145.40521240234375,25106698,0.0,0.0
2022-09-05,146.12414707846114,148.3708282222711,145.76466986785945,147.8316192626953,15226001,0.0,0.0
2022-09-06,148.99987152328276,151.74082480731659,148.10119921459307,151.38134765625,27866331,0.0,0.0
2022-09-07,151.4263045648769,152.9091085903916,149.7637550831093,150.347900390625,19415892,0.0,0.0
2022-09-08,150.97697907999932,152.0553833308971,149.13469772369473,149.89857482910156,11595205,0.0,0.0
2022-09-09,150.66242133732467,152.19017537692508,149.13468101037677,149.7188262939453,16415150,0.0,0.0
2022-09-12,150.48271720549374,151.06686259621733,148.730308458633,149.5391082763672,15469466,0.0,0.0
2022-09-13,150.0333595481692,151.83070440939352,148.8650826458428,150.43775939941406,15644741,0.0,0.0
2022-09-14,148.2809666643943,155.51528323509714,148.2809666643943,154.88621520996094,38751148,0.0,0.0
2022-09-15,156.72844709252442,158.30112365221922,155.15577053282962,157.35752868652344,29483891,0.0,0.0
2022-09-16,156.32407148035057,156.99807582451362,153.94259494936924,155.2906036376953,26126152,0.0,0.0
2022-09-19,155.91968549761856,156.45889450601516,153.26860425042054,153.67300415039062,13304030,0.0,0.0
2022-09-20,154.48178100585938,155.60512151262873,153.5831086004439,154.48178100585938,15395199,0.0,0.0
2022-09-21,153.6729671465432,154.6165758276926,151.11174554237357,151.5161590576172,7370283,0.0,0.0
2022-09-22,150.0783224216174,152.45979929833538,149.94352701827697,151.56112670898438,7447846,0.0,0.0
2022-09-23,150.21309032552395,151.42630358410767,146.1690644137822,147.33734130859375,12264388,0.0,0.0
2022-09-26,145.98934563696852,147.24749537106334,140.7321197123907,142.5294647216797,21951865,0.0,0.0
2022-09-27,143.2483795016723,145.27039246415757,141.54090737396817,142.888916015625,8367800,0.0,0.0
2022-09-28,141.81050187158635,143.29330578806508,139.29421650826154,141.94529724121094,14261815,0.0,0.0
2022-09-29,142.66423807574193,145.3153188124143,141.99023380136836,143.3831787109375,17623352,0.0,0.0
2022-09-30,143.7876091173108,145.18055432316575,141.4510549840925,143.4730682373047,12015533,0.0,0.0
2022-10-03,143.65279086817898,147.47214862781772,142.84397746795793,144.1021270751953,10528629,0.0,0.0
2022-10-04,145.5399994230815,147.38228067403762,145.00080418479283,146.07920837402344,9013773,0.0,0.0
2022-10-06,147.60695109525136,148.37082816893354,145.9444015643683,146.39373779296875,6456408,0.0,0.0
2022-10-07,146.57348179098565,148.146158575384,145.0008050065873,147.65188598632812,8825983,0.0,0.0
2022-10-10,146.21400077755436,148.8201590371575,145.45013744403937,147.33734130859375,10484521,0.0,0.0
2022-10-11,147.74173008301952,147.74173008301952,144.0571816449834,144.73118591308594,13805741,0.0,0.0
2022-10-12,145.49502497703176,148.55051871154626,144.82102082109247,148.28091430664062,12496248,0.0,0.0
2022-10-13,148.14616240505893,149.89857098187304,147.60695343712212,148.05628967285156,9447511,0.0,0.0
2022-10-14,149.40431759943675,150.5276583332671,148.14618146260892,148.370849609375,9588164,0.0,0.0
2022-10-17,148.37080364973022,151.9205565265243,147.38225862511106,151.38134765625,13426449,0.0,0.0
2022-10-18,151.8307005281697,152.28003673198947,149.53908314615833,150.03335571289062,20635735,0.0,0.0
2022-10-19,149.62896029747802,151.0668416772898,147.2474838318587,147.42721557617188,6947654,0.0,0.0
2022-10-20,147.38227485288454,150.88709175761764,145.1355938337857,150.03335571289062,12020720,0.0,0.0
2022-10-21,150.5276265894726,151.3813626246137,147.8316093968253,148.3258819580078,7414335,0.0,0.0
2022-10-24,150.03335571289062,150.93202812053016,149.4042877700735,150.03335571289062,685185,0.0,0.0
2022-10-25,150.4826845693477,152.5046973878113,148.68533984182451,152.19017028808594,8131380,0.0,0.0
2022-10-27,152.68445508520657,154.12233659682764,150.57258289879016,153.35845947265625,16225577,0.0,0.0
2022-10-28,153.3584459157622,156.9980720287782,152.6844415878945,156.4139404296875,16185760,0.0,0.0
2022-10-31,152.68446326315842,156.36902626362777,151.92059981072802,155.5602264404297,24233760,0.0,0.0
2022-11-01,156.36901391546144,164.41212999214545,155.91967766857792,163.378662109375,41101936,0.0,0.0
2022-11-02,163.46851269381082,164.18745339424746,161.76104052884543,162.61477661132812,22146420,0.0,0.0
2022-11-03,161.1769287820432,163.42361017731753,159.28971092495075,160.0985107421875,16719953,0.0,0.0
2022-11-04,160.90729811673307,161.3116979596166,158.48088534677913,159.02008056640625,14881752,0.0,0.0
2022-11-07,159.82890006848208,161.31170411989893,157.13288272943083,158.03155517578125,12799401,0.0,0.0
2022-11-09,159.73901862135517,159.73901862135517,154.79632043616556,155.8297882080078,14929008,0.0,0.0
2022-11-10,155.91968083153927,156.54874884740653,153.26859966367795,154.6615447998047,10668583,0.0,0.0
2022-11-11,155.4703376522219,156.00954662047027,152.45977938603357,154.077392578125,16963169,0.0,0.0
2022-11-14,154.88620603049756,155.82980115595169,153.76286544052488,154.077392578125,10224241,0.0,0.0
2022-11-15,154.8412765596733,156.5038124792758,154.0324630712831,154.6615447998047,13899999,0.0,0.0
2022-11-16,154.66152398554624,155.4253872903511,152.0104294618134,152.7293701171875,9781274,0.0,0.0
2022-11-17,152.72935533028928,153.49323227378983,150.5276109279039,151.24655151367188,12778124,0.0,0.0
2022-11-18,151.4712431785318,151.9205794005312,148.3708259892665,149.04483032226562,11134908,0.0,0.0
2022-11-21,148.28096926356292,149.35937357022152,147.51709211865844,147.74176025390625,12788632,0.0,0.0
2022-11-22,148.5056168875743,150.52762982552917,148.1461534058879,150.12322998046875,15198091,0.0,0.0
2022-11-23,150.84216462864381,151.2016280959656,149.40428333405217,151.0218963623047,12004998,0.0,0.0
2022-11-24,151.60605616701744,152.77433322242578,150.61752459140644,152.3249969482422,10986350,0.0,0.0
2022-11-25,152.99897303180947,153.89764541378779,151.51616908660617,152.5496368408203,12358833,0.0,0.0
2022-11-28,152.77431032330546,154.48178242421068,152.23510139004443,153.13377380371094,5471921,0.0,0.0
2022-11-29,153.67299575372502,154.21220473265933,151.92058714116948,152.90911865234375,7693168,0.0,0.0
2022-11-30,152.86416961575844,155.3355185361548,152.54962881355647,154.75137329101562,9133076,0.0,0.0
2022-12-01,155.9196500686424,156.0544454337852,153.53817386677565,154.75137329101562,9214914,0.0,0.0
2022-12-02,154.9311195207224,155.33553307931686,153.8077789971886,154.70645141601562,6376672,0.0,0.0
2022-12-05,155.51524692672297,157.85178671923563,154.03242937868194,157.40245056152344,9861212,0.0,0.0
2022-12-06,157.80688014447088,158.1663436221875,156.23420343231842,157.44740295410156,7008295,0.0,0.0
2022-12-07,156.45887205319306,157.26767173706546,153.94258656286948,154.43685913085938,7718718,0.0,0.0
2022-12-08,154.43689134233745,154.97608667316342,152.77434155214888,153.08888244628906,4225180,0.0,0.0
2022-12-09,153.85273753793547,154.3470101820684,150.97698812569138,152.3249969482422,6174919,0.0,0.0
2022-12-12,152.77432710906015,152.77432710906015,150.57258219619573,151.78578186035156,7153044,0.0,0.0
2022-12-13,152.5496467301686,152.77431484022776,151.02190632429696,152.0553741455078,5166993,0.0,0.0
2022-12-14,152.72938615099187,156.0994079712373,152.28004990829248,154.2122039794922,8562333,0.0,0.0
2022-12-15,154.57167206354325,156.41395345566866,154.3020675674132,154.6615447998047,10644546,0.0,0.0
2022-12-16,154.48180865372447,155.56022670335142,151.9206000674982,152.5946044921875,9433166,0.0,0.0
2022-12-19,152.59457718619092,154.79632183698766,152.3249727220285,154.3919219970703,7706855,0.0,0.0
2022-12-20,153.80777269052905,154.077377147653,151.47123272497677,152.5496368408203,7387632,0.0,0.0
2022-12-21,152.774303199367,153.71791193224647,149.71882262044053,150.93202209472656,8454254,0.0,0.0
2022-12-22,151.4263060245454,151.56110140538135,147.87655263178254,149.08975219726562,6979001,0.0,0.0
2022-12-23,147.65188900969545,149.49417030881588,145.8994804422994,146.48361206054688,5313321,0.0,0.0
2022-12-26,145.58493291935787,150.75229936556963,145.49506019175385,148.86508178710938,8321609,0.0,0.0
2022-12-27,150.07830659212027,151.15671084306578,147.87656172297028,148.460693359375,9244387,0.0,0.0
2022-12-28,148.28095325980533,150.61750709926358,148.10122151353622,149.04483032226562,9652984,0.0,0.0
2022-12-29,148.2809608379404,150.4377693287034,147.38228834801347,149.8536376953125,19571340,0.0,0.0
2022-12-30,149.85361934907993,150.79722809051015,149.17961506415156,149.58401489257812,8626291,0.0,0.0
2023-01-02,150.1232535585129,151.4712623955316,149.5391081682118,150.97698974609375,7322962,0.0,0.0
2023-01-03,150.97698672430775,152.05539102980757,149.89858241880793,150.61752319335938,9629995,0.0,0.0
2023-01-04,150.84216678620885,151.4262983571249,148.01134051811323,149.7188262939453,11995082,0.0,0.0
2023-01-05,150.97697602223562,153.08886182665577,150.21309893229972,152.6844482421875,18887530,0.0,0.0
2023-01-06,153.17869776211123,154.70643799909328,151.47122579948154,151.87562561035156,13216749,0.0,0.0
2023-01-09,152.99897842672206,153.67298273697196,152.2800377532583,153.13377380371094,6012344,0.0,0.0
2023-01-10,153.13376666301053,153.40337111706927,150.21308145478733,150.93202209472656,7557693,0.0,0.0
2023-01-11,151.3813565219528,151.69589733347584,148.73027579858692,149.22454833984375,8463293,0.0,0.0
2023-01-12,149.98842541027702,150.2580298859928,148.7752258385358,149.1346893310547,7628932,0.0,0.0
2023-01-13,149.3593597929235,151.11176834367882,148.73029181478742,150.7972412109375,5090393,0.0,0.0
2023-01-16,151.5611021871904,151.5611021871904,147.96641241138838,149.1346893310547,10321015,0.0,0.0
2023-01-17,149.71882031842378,151.156687863542,148.99987968953872,150.7073516845703,13015434,0.0,0.0
2023-01-18,150.5276360132642,152.5047126691167,150.16817251680138,152.28004455566406,5536057,0.0,0.0
2023-01-19,153.1337736847106,153.1337736847106,150.347897432101,151.6060333251953,6812613,0.0,0.0
2023-01-20,152.68443747822653,152.68443747822653,150.6624245490482,151.6060333251953,8545359,0.0,0.0
2023-01-23,152.23506938954546,152.32494209708156,149.17958931041616,149.94346618652344,7787735,0.0,0.0
2023-01-24,150.25801607030184,150.57255688182488,148.64040307739404,149.22454833984375,7033092,0.0,0.0
2023-01-25,149.17962492625838,149.71883387490854,147.7417435382934,149.08975219726562,9257370,0.0,0.0
2023-01-27,149.4042976429071,150.1232383590578,147.38228459210083,149.44923400878906,13756671,0.0,0.0
2023-01-30,150.61750419323778,154.7963254921445,150.1681679799079,151.7408447265625,30768122,0.0,0.0
2023-01-31,152.63949152819356,155.15576293028835,150.3928108387156,153.80775451660156,24990701,0.0,0.0
2023-02-01,154.79632014106303,156.1892650967642,150.25802180078293,152.77430725097656,13878016,0.0,0.0
2023-02-02,152.77432405573325,153.53820116107352,148.73029783072855,149.98843383789062,19898080,0.0,0.0
2023-02-03,151.69442411321828,153.4926226790914,149.89622554734513,152.66268920898438,11730514,4.25,0.0
2023-02-06,151.69440657187442,153.86147515128528,151.279439884806,153.12374877929688,7588936,0.0,0.0
2023-02-07,153.53874061111242,154.64532331483787,151.51000330912206,152.38604736328125,8699758,0.0,0.0
2023-02-08,152.70881349930198,152.847131066452,151.32558154394945,152.61659240722656,8839686,0.0,0.0
2023-02-09,153.03152618265474,153.67703147510807,151.83272259897856,153.07763671875,5507650,0.0,0.0
2023-02-10,152.24770813563444,152.89321344836588,151.32555366860083,152.15548706054688,9468345,0.0,0.0
2023-02-13,152.2477206373054,155.10639127727023,151.97107146028642,154.7836456298828,9829152,0.0,0.0
2023-02-14,155.38302436085615,155.38302436085615,152.01716625679438,153.12374877929688,12916373,0.0,0.0
2023-02-15,153.07764708004487,153.53872433028596,151.4177661649847,152.89321899414062,11855678,0.0,0.0
2023-02-16,153.07762658551493,154.6452862122591,152.7087704630901,154.36863708496094,7923121,0.0,0.0
2023-02-17,153.9997983351985,156.44350208159432,153.49261055642936,154.9680633544922,10182025,0.0,0.0
2023-02-20,154.64531433688714,156.76627260395654,154.23034760595135,154.82974243164062,6679716,0.0,0.0
2023-02-21,155.89024375509578,160.6854450396473,155.89024375509578,159.76329040527344,26883881,0.0,0.0
2023-02-22,159.486631864802,159.71717050990028,155.38304679624494,157.22735595703125,12225021,0.0,0.0
2023-02-23,157.64231534396396,158.28782070590916,155.84411681034462,156.3974151611328,11184381,0.0,0.0
2023-02-24,156.99683005349678,157.8728741617759,156.212992968163,157.68844604492188,8338893,0.0,0.0
2023-02-27,157.8267531683869,159.9938220931342,157.227358310544,158.9794464111328,17669762,0.0,0.0
2023-02-28,159.34831430612792,159.53274240801412,156.62796110816058,157.22735595703125,19044910,0.0,0.0
2023-03-01,157.64230658337934,159.57883663255862,156.7201520972865,158.8411102294922,9318790,0.0,0.0
2023-03-02,158.7949931428543,158.7949931428543,156.99679478331672,157.5039825439453,7725981,0.0,0.0
2023-03-03,158.61056583583772,161.37702919343954,158.14948860957074,159.1638641357422,12962719,0.0,0.0
2023-03-06,159.44050018147735,163.6824163172378,159.25607210404436,163.0369110107422,12402804,0.0,0.0
2023-03-08,162.0225275442706,165.20395745481795,161.7919889410286,164.9273223876953,22099710,0.0,0.0
2023-03-09,164.51237147331244,168.01656169213746,164.14351526963074,165.4806365966797,18874546,0.0,0.0
2023-03-10,164.14351821836098,166.90998200855807,163.959090113207,166.679443359375,12399692,0.0,0.0
2023-03-13,167.18661925960086,167.41715789231654,165.48062774912026,165.71116638183594,13669178,0.0,0.0
2023-03-14,164.74290068556363,166.90996945325844,163.4057794350751,164.05128479003906,9217542,0.0,0.0
2023-03-15,165.48063510937922,165.5728561949519,163.91297515137842,164.32794189453125,8548173,0.0,0.0
2023-03-16,164.3279478880261,165.98782899214,163.17525463113623,165.6189727783203,9405016,0.0,0.0
2023-03-17,167.55546570048827,167.55546570048827,162.20696691829863,163.17523193359375,47276890,0.0,0.0
2023-03-20,163.7285520388726,163.7285520388726,161.3309444505655,162.29920959472656,5627841,0.0,0.0
2023-03-21,163.0830447267258,163.7285501249667,161.65370229928806,163.31358337402344,12894327,0.0,0.0
2023-03-22,163.95906369898998,163.95906369898998,160.27044590630612,160.7776336669922,7893205,0.0,0.0
2023-03-23,160.50100614071317,162.16088718522872,160.17824641198774,161.00819396972656,5759884,0.0,0.0
2023-03-24,161.5614901156513,161.5614901156513,158.9333578341992,159.256103515625,4977283,0.0,0.0
2023-03-27,159.20997126290342,160.40877494566604,157.41177277424012,157.91896057128906,12077986,0.0,0.0
2023-03-28,158.01118562336697,159.532734981803,157.22734863813534,158.61058044433594,8750986,0.0,0.0
2023-03-29,159.20996558249007,161.7458904062949,158.33392163936782,160.4548797607422,20272070,0.0,0.0
2023-03-31,161.19258915183337,163.45186457864395,161.0081610892087,161.46923828125,8125121,0.0,0.0
2023-04-03,161.93032373465329,164.23570981247605,161.79199212740795,163.9590606689453,9098662,0.0,0.0
2023-04-05,164.42014944777705,164.42014944777705,161.51535434285728,162.20697021484375,10829323,0.0,0.0
2023-04-06,162.66804496634705,162.85248711948154,161.23871677627983,161.56146240234375,7159274,0.0,0.0
2023-04-10,162.1608725879006,164.14349911170825,161.56146372721955,163.77464294433594,10968456,0.0,0.0
2023-04-11,164.2357177734375,165.75726703017025,162.80637552171123,164.2357177734375,9208605,0.0,0.0
2023-04-12,164.1434984062898,164.42014756611056,161.65368410982475,162.11476135253906,7591360,0.0,0.0
2023-04-13,162.299195177147,162.39141625733672,158.88722627454695,159.57884216308594,9944382,0.0,0.0
2023-04-17,158.93334013881594,160.40877895598192,156.07465544467942,156.3974151611328,17401126,0.0,0.0
2023-04-18,156.76623840991402,157.45785416760484,155.8440840663263,156.85845947265625,16199789,0.0,0.0
2023-04-19,155.61357508483647,156.72015769346973,153.8153765869373,154.09202575683594,16314641,0.0,0.0
2023-04-20,154.09201561556299,156.95068599381415,153.8153664638715,156.48960876464844,15498083,0.0,0.0
2023-04-21,156.4434982275398,156.7201473792313,155.29080515462553,156.48960876464844,6672391,0.0,0.0
2023-04-24,155.38304287483268,157.91896790691453,155.10639369350412,157.64231872558594,8088991,0.0,0.0
2023-04-25,157.9650524565334,159.0255243943416,157.08900858561017,157.78062438964844,9175412,0.0,0.0
2023-04-26,157.78063805283827,158.3339223014054,156.30518524807098,156.62794494628906,9032416,0.0,0.0
2023-04-27,156.7662747105137,158.01118899101132,155.65969205616125,157.64231872558594,9054900,0.0,0.0
2023-04-28,158.51835936220462,159.07165771306947,156.3974151827996,158.61058044433594,21552892,0.0,0.0
2023-05-02,159.20999146757885,162.29921511085823,159.11778444702549,161.93035888671875,8893428,0.0,0.0
2023-05-03,161.9303171880128,164.74287683248028,161.469239991089,162.62193298339844,11194149,0.0,0.0
2023-05-04,162.71413998020756,163.63629437405513,161.19259085874288,162.62193298339844,4671155,0.0,0.0
2023-05-05,162.62193947870932,162.66803594347533,159.5327165075491,160.68540954589844,5958697,0.0,0.0
2023-05-08,161.19260844219886,163.7285333019072,160.91595927967487,163.2674560546875,6287186,0.0,0.0
2023-05-09,163.4057923004981,164.74291365626215,161.561483100558,162.29920959472656,7918748,0.0,0.0
2023-05-10,162.29919102133394,163.5441052172115,161.3309259879804,163.2674560546875,6231734,0.0,0.0
2023-05-11,163.7746469746116,165.9878121752302,163.17523809917992,165.57284545898438,12125975,0.0,0.0
2023-05-12,165.15786674819518,165.29618428657813,160.91595067228943,161.33091735839844,8920297,0.0,0.0
2023-05-15,160.45486871587423,162.99079336511937,160.31655118157204,162.25306701660156,7980565,0.0,0.0
2023-05-16,163.12910378199422,164.1434792258183,161.83809328163548,163.63629150390625,7874923,0.0,0.0
2023-05-17,163.63633095049062,164.00520123305614,161.42316553894753,162.29920959472656,6639494,0.0,0.0
2023-05-18,163.22132598262328,163.86683123728926,161.05425755164543,161.46923828125,6921939,0.0,0.0
2023-05-19,161.37701631950796,161.69977598053063,159.48659702843045,159.80935668945312,6657753,0.0,0.0
2023-05-22,159.80936227987314,163.26744132197533,159.67103067561328,160.54708862304688,13339834,0.0,0.0
2023-05-23,161.33091176953093,161.9764170445565,159.34828540960385,160.5931854248047,8359389,0.0,0.0
2023-05-24,160.45487344973273,161.65367704257218,159.94768569072832,161.33091735839844,8507023,0.0,0.0
2023-05-25,161.33093658419338,161.884234945582,159.90159420974095,160.9159698486328,7986243,0.0,0.0
2023-05-26,161.37704712613606,163.45189487490066,160.54711365501495,160.9159698486328,6926193,0.0,0.0
2023-05-29,161.33093715835565,163.95908327786222,161.19261960299715,162.5758514404297,9943211,0.0,0.0
2023-05-30,163.22133908817517,164.14349354630045,161.9303284751839,163.0369110107422,9727639,0.0,0.0
2023-05-31,163.22135529990342,163.22135529990342,158.56447200964038,160.3165740966797,41785992,0.0,0.0
2023-06-01,160.08603335423527,161.10039490300878,158.4722629134505,160.82374572753906,11602551,0.0,0.0
2023-06-02,162.20696675080404,162.20696675080404,159.9015805600822,160.96206665039062,7262018,0.0,0.0
2023-06-05,162.11474830794126,162.4836044440483,160.03990088267997,160.54708862304688,12239684,0.0,0.0
2023-06-06,160.915977135826,162.06867038178464,160.03993308308995,161.74591064453125,4889564,0.0,0.0
2023-06-07,162.25308836169373,164.1435079812885,161.74590055093,163.5441131591797,6270083,0.0,0.0
2023-06-08,164.83510712038535,169.9991776431703,164.23571235924075,167.8782196044922,27382635,0.0,0.0
2023-06-09,169.6764373833314,169.9069760210805,166.4950069965863,168.56985473632812,10235269,0.0,0.0
2023-06-12,168.5698372970017,171.93569543154018,168.4315056860862,171.24407958984375,17450400,0.0,0.0
2023-06-13,171.52075104687557,172.12014589257925,170.59859647135474,170.92135620117188,8332566,0.0,0.0
2023-06-14,170.92134195598342,173.73390192014355,170.92134195598342,172.6273193359375,15061573,0.0,0.0
2023-06-15,172.4428783912087,172.71952753437054,170.92132921025848,172.16622924804688,9840499,0.0,0.0
2023-06-16,172.3506502117314,174.01053093128553,171.56682742121927,173.54945373535156,8562558,0.0,0.0
2023-06-19,173.5494549056221,173.5494549056221,170.78299171136365,171.3824005126953,5363723,0.0,0.0
2023-06-20,171.52072949218748,173.36503841145833,170.18360833990823,172.90396118164062,6035600,0.0,0.0
2023-06-21,172.90396118164062,174.01054371901105,171.98180672200522,172.90396118164062,5906854,0.0,0.0
2023-06-22,172.9039758201537,173.31894254792977,169.07704011705226,170.13751220703125,6683123,0.0,0.0
2023-06-23,170.1836028521469,172.90395560615846,169.4458764940353,172.16622924804688,15255365,0.0,0.0
2023-06-26,172.81174918523138,172.81174918523138,170.09139620059668,170.50636291503906,7231775,0.0,0.0
2023-06-27,170.5063777942635,172.39679751498073,170.41417077798604,171.56686401367188,6787438,0.0,0.0
2023-06-28,171.56685095366097,175.76265682635676,170.87523506489666,174.37942504882812,32476741,0.0,0.0
2023-06-30,173.45725568715235,176.73089269039826,173.36503461482428,174.42550659179688,9579059,0.0,0.0
2023-07-03,175.20933702256946,177.60694410494634,174.010533481381,176.36203002929688,7352149,0.0,0.0
2023-07-04,176.22373871053185,179.6357077037908,174.2872085427829,178.944091796875,13258826,0.0,0.0
2023-07-05,178.89797913348696,179.58959503219887,177.3764297847053,178.3446807861328,6558910,0.0,0.0
2023-07-06,178.436896783424,181.8027550995331,177.74528090441848,181.43389892578125,16276609,0.0,0.0
2023-07-07,181.4338996963612,182.35605420561842,177.19198332539347,177.60696411132812,12652336,0.0,0.0
2023-07-10,177.65304858289426,178.29856795255054,175.02491685156878,176.63868713378906,10238356,0.0,0.0
2023-07-11,177.6530544885501,177.9297036460336,175.94707714749646,177.42251586914062,11236383,0.0,0.0
2023-07-12,178.6674354974289,179.5895900032221,175.4398947271528,175.94708251953125,9191559,0.0,0.0
2023-07-13,176.86922261173652,176.86922261173652,172.3967679947285,173.27281188964844,10612659,0.0,0.0
2023-07-14,173.31894164633806,173.68781190207918,170.36804995521675,172.8578643798828,12369394,0.0,0.0
2023-07-17,173.77999453740594,174.24107173918784,171.3362909963457,171.98179626464844,9058800,0.0,0.0
2023-07-18,172.4428653455686,174.42549159147902,171.79736010766464,172.765625,7177677,0.0,0.0
2023-07-19,176.1315097594833,181.2955805954756,175.39378334420425,177.56085205078125,31761232,0.0,0.0
2023-07-20,177.69917786237403,179.12852022015056,176.91535494234031,177.88360595703125,8936996,0.0,0.0
2023-07-21,177.79139529322845,181.06504667225775,177.1458899397064,179.912353515625,11031250,0.0,0.0
2023-07-24,180.28118354462225,181.66441513192115,177.9296870320223,180.65003967285156,9981788,0.0,0.0
2023-07-25,181.203353275845,185.6758080817755,180.65005496570248,185.03028869628906,18028061,0.0,0.0
2023-07-26,185.81413573116316,186.41353054062108,184.43090395152672,185.90635681152344,13857423,0.0,0.0
2023-07-27,186.0446826198272,187.19737582069354,184.98421050341494,186.22911071777344,16013422,0.0,0.0
2023-07-28,186.13689679906793,194.0674172842487,183.96982803344727,193.65245056152344,39630520,0.0,0.0
2023-07-31,195.68117387146904,201.9057164851741,193.3296771809884,201.35243225097656,43494779,0.0,0.0
2023-08-01,202.45903558043503,209.00632448534287,201.81353020543875,207.6230926513672,63510580,0.0,0.0
2023-08-02,207.53088413703114,207.62309114938535,199.96921964685876,202.0440673828125,22647784,0.0,0.0
2023-08-03,202.04407770338753,206.1937733872648,200.98359147493028,202.9662322998047,29868065,0.0,0.0
2023-08-04,204.44166110864597,204.9027383840696,200.66083589274928,200.98358154296875,12879897,0.0,0.0
2023-08-07,202.59735200695147,204.1189154584265,200.7069323635222,200.98358154296875,12929354,0.0,0.0
2023-08-08,203.15062501576836,203.24283201677,197.34104925618402,200.6147003173828,15314866,0.0,0.0
2023-08-09,201.4446475324307,202.59734065641,199.6003385340638,201.67518615722656,12554174,0.0,0.0
2023-08-10,202.1362602815902,203.6578236242946,199.64644598648215,200.47637939453125,10970619,0.0,0.0
2023-08-11,200.9439013509316,202.43999943263094,198.8400214492068,199.16729736328125,7970536,3.0,0.0
2023-08-14,199.44781753708097,200.10235509738118,198.0452309359311,199.16729736328125,9283695,0.0,0.0
2023-08-16,199.1205481638009,203.79583698787627,198.279001882607,203.32830810546875,9687712,0.0,0.0
2023-08-17,205.19843481970477,205.52571076236833,201.17768335827384,201.7387237548828,11865239,0.0,0.0
2023-08-18,201.78546945054418,202.58025999366888,199.44782502750232,201.17767333984375,14101163,0.0,0.0
2023-08-21,203.0945391097384,205.2919305149156,201.69195249396972,204.59063720703125,13336739,0.0,0.0
2023-08-22,205.0114335099118,207.86336280455478,204.63741607723915,207.3023223876953,16930149,0.0,0.0
2023-08-23,208.42438895356375,208.42438895356375,206.69454049263965,207.3023223876953,13507905,0.0,0.0
2023-08-24,207.58284869320238,207.95686613686058,205.38545697512046,206.50753784179688,11182959,0.0,0.0
2023-08-25,207.44257411644563,207.44257411644563,203.0945468804902,203.74908447265625,7413549,0.0,0.0
2023-08-28,203.74908227844404,205.0581717165277,203.09454469332684,204.49713134765625,4851793,0.0,0.0
2023-08-29,204.9646537063636,207.3490537963742,204.0763517071417,206.74127197265625,8799235,0.0,0.0
2023-08-30,207.58282912634292,207.58282912634292,205.47894910141378,206.08673095703125,5490930,0.0,0.0
2023-08-31,207.25555985124544,207.25555985124544,204.5438978835859,205.9932403564453,18532999,0.0,0.0
2023-09-01,203.70235014371727,216.60613654088908,202.11274044831646,215.71783447265625,29859815,0.0,0.0
2023-09-04,218.5230062028901,221.14117091079504,215.5308240800772,220.48663330078125,21895573,0.0,0.0
2023-09-05,221.51516908013835,221.51516908013835,216.65287176952975,219.3645477294922,13952922,0.0,0.0
2023-09-06,220.2061031802107,220.53337910439103,213.56718735596067,216.8398895263672,14623019,0.0,0.0
2023-09-07,217.86846441834294,222.54375335435887,214.4555092021911,218.89703369140625,30334731,0.0,0.0
2023-09-08,220.67363326978733,227.78007801442865,219.738575501695,224.6476287841797,28856420,0.0,0.0
2023-09-11,227.7800593633421,228.060565256522,222.68398353023645,227.31253051757812,22493483,0.0,0.0
2023-09-12,228.34109376980507,229.0423870641029,218.89701930063674,219.8320770263672,21174310,0.0,0.0
2023-09-13,220.76714788740105,222.964525112899,218.00871601809496,221.7489471435547,9151928,0.0,0.0
2023-09-14,222.49700927734375,223.66583157263116,220.62689360488386,222.49700927734375,7568464,0.0,0.0
2023-09-15,220.29961538059192,223.75932626128258,220.29961538059192,220.8606414794922,14098284,0.0,0.0
2023-09-18,221.6086796193881,226.4242211698008,220.72037763904044,225.53591918945312,11163399,0.0,0.0
2023-09-20,225.8164369884913,230.02419668392903,224.74112632901878,226.05020141601562,18936709,0.0,0.0
2023-09-21,224.46065253060692,227.1255589941809,221.70223456956666,223.4320831298828,10134737,0.0,0.0
2023-09-22,223.10480543160338,223.75934306339428,220.6736493502654,222.49700927734375,7209300,0.0,0.0
2023-09-25,223.61906473300988,224.6476340089733,221.74894915333059,224.0865936279297,8027642,0.0,0.0
2023-09-26,224.18008747694904,227.40603374452834,223.52554992912616,224.60086059570312,10681642,0.0,0.0
2023-09-27,224.32037980523577,224.8814202406272,222.4035225646588,223.7593536376953,9679279,0.0,0.0
2023-09-28,224.03985681019813,225.53594074433335,220.34636704926933,221.65545654296875,32887087,0.0,0.0
2023-09-29,223.9930926853006,235.16703023452425,223.94633694301612,229.6034393310547,35038887,0.0,0.0
2023-10-03,228.4813595678883,230.6787366489748,224.92813737864907,225.53591918945312,14885044,0.0,0.0
2023-10-04,225.34890800536505,225.34890800536505,216.46585976448966,219.87881469726562,25424437,0.0,0.0
2023-10-05,221.84244432874837,221.98269727977254,216.98014703264687,218.6632537841797,22472389,0.0,0.0
2023-10-06,219.03727547863073,222.0762131320162,218.47623512778927,220.2528533935547,8825123,0.0,0.0
2023-10-09,218.6632630529594,220.95415171316876,215.530813847387,219.4580535888672,10659145,0.0,0.0
2023-10-10,219.64506612430696,221.4684402038539,218.56975538782746,220.5801239013672,11665907,0.0,0.0
2023-10-11,220.9073992694575,224.13334573855272,220.6736348257861,223.1982879638672,14313043,0.0,0.0
2023-10-12,223.43204628996122,226.98526859004878,223.10478463849134,225.9099578857422,13170027,0.0,0.0
2023-10-13,224.92814760926498,227.96708533720516,224.03984558851386,226.3307342529297,11880728,0.0,0.0
2023-10-16,227.0787749493063,229.08914335734354,225.3489124453869,227.63980102539062,6936948,0.0,0.0
2023-10-17,228.94892294109744,231.14630035343095,227.49958040317918,229.97747802734375,10084205,0.0,0.0
2023-10-18,229.9307009349481,230.77226149231439,225.90996392075675,226.2839813232422,6987265,0.0,0.0
2023-10-19,224.60090302792526,226.09700136375176,223.01130746351654,223.9463653564453,11485237,0.0,0.0
2023-10-20,223.43206657505985,226.42424879021385,222.12299131463317,225.34893798828125,9040953,0.0,0.0
2023-10-23,225.16193846141664,225.25543568791872,219.73859994951795,221.1879425048828,7058625,0.0,0.0
2023-10-25,220.67362348200368,220.954143653559,213.52043758051036,216.9801483154297,23949207,0.0,0.0
2023-10-26,215.8580748764538,218.14896337859057,212.9593903110738,216.60610961914062,17410264,0.0,0.0
2023-10-27,216.93342357043016,222.96454391526208,216.93342357043016,221.2346954345703,10519462,0.0,0.0
2023-10-30,222.0294536818423,222.91775566595902,215.67105830588557,219.3645477294922,8812268,0.0,0.0
2023-10-31,219.27105530055576,221.79570852080883,218.38275323926206,220.48663330078125,6583581,0.0,0.0
2023-11-01,221.32817414627934,221.32817414627934,217.02691690978028,217.49444580078125,6718059,0.0,0.0
2023-11-02,218.9905223237889,220.3931089496046,218.569749189614,219.9723358154297,6057787,0.0,0.0
2023-11-03,220.2555773688219,222.09654478452845,220.2555773688219,221.2468719482422,6825146,2.25,0.0
2023-11-06,222.19096596350104,223.93751893632157,221.43569319428923,222.6630096435547,5338605,0.0,0.0
2023-11-07,223.08783272842814,226.15611646521924,222.0493309321857,225.77847290039062,7002346,0.0,0.0
2023-11-08,226.43935310960444,227.4306332870592,222.7574038589527,223.46546936035156,9777991,0.0,0.0
2023-11-09,223.93750337677335,226.2977216130497,222.8046015044865,224.64556884765625,13987058,0.0,0.0
2023-11-10,224.55116319247395,229.64922869414184,222.61578140560113,229.17718505859375,9589671,0.0,0.0
2023-11-13,231.25416905940793,236.58827066650812,229.696430858802,231.9622344970703,18792969,0.0,0.0
2023-11-15,235.03051651064783,235.03051651064783,232.19825477867224,233.4727783203125,10965645,0.0,0.0
2023-11-16,234.8889350319712,240.03420819675404,233.8032259385392,238.24044799804688,22145147,0.0,0.0
2023-11-17,238.85408031289975,238.9484948025476,236.9659057649717,237.53236389160156,5618928,0.0,0.0
2023-11-20,236.96591531186795,241.119893722414,236.30505707459415,237.01312255859375,6283832,0.0,0.0
2023-11-21,238.47645275932177,238.66526733425073,233.47278729274683,236.02182006835938,6851869,0.0,0.0
2023-11-22,236.77710270170198,239.79817924412416,235.40817896903263,239.46774291992188,5275418,0.0,0.0
2023-11-23,239.798181671535,241.40312725041545,237.62677793275347,238.61807250976562,8200025,0.0,0.0
2023-11-24,239.137322117958,242.48883500023175,238.85409303955205,239.70376586914062,7149443,0.0,0.0
2023-11-28,240.60065502953347,243.85773893945168,239.46773874097008,243.14967346191406,6151585,0.0,0.0
2023-11-29,245.0378583786089,245.0378583786089,241.78077433164938,243.95216369628906,8637363,0.0,0.0
2023-11-30,243.5273179405054,247.02042348274637,241.68633627639747,246.6899871826172,21687673,0.0,0.0
2023-12-01,247.68131049843882,260.04885996964435,247.11485235257098,253.91229248046875,29121320,0.0,0.0
2023-12-04,260.5680969579481,263.4003588814041,257.97185686144684,259.4351806640625,20464526,0.0,0.0
2023-12-05,259.81282131612767,270.52818849653744,257.54698887940503,269.4897155761719,18883076,0.0,0.0
2023-12-06,271.89719343595243,272.1332153052545,263.3532132917239,265.38299560546875,13415314,0.0,0.0
2023-12-07,266.0910232869557,272.1331765176366,265.571757961745,267.9319763183594,25133786,0.0,0.0
2023-12-08,270.4338364205108,275.5790952576272,265.28854877213445,269.1120910644531,20815064,0.0,0.0
2023-12-11,270.05618836128576,272.3692140082169,268.49844991863824,271.2362976074219,8071675,0.0,0.0
2023-12-12,271.3778609903521,272.4635554433936,265.14688007946825,267.5542907714844,8640883,0.0,0.0
2023-12-13,268.82882637308353,278.411305554421,268.5928045764434,277.60882568359375,23629670,0.0,0.0
2023-12-14,281.1020033282137,281.810068827781,277.1840466595265,278.8833923339844,24900443,0.0,0.0
2023-12-15,281.3380204304729,289.83480628239994,278.50575847983055,288.0410461425781,28843558,0.0,0.0
2023-12-18,288.89068607981795,289.40992252049205,284.8783154398205,286.24725341796875,13307504,0.0,0.0
2023-12-19,287.9466690898074,295.0273248870978,285.58645049071066,292.336669921875,15650536,0.0,0.0
2023-12-20,295.027237951503,295.8297178009819,278.64731993818486,281.0075378417969,23497233,0.0,0.0
2023-12-21,279.2610092977928,286.2000566524847,276.80640538892885,285.0671691894531,17868637,0.0,0.0
2023-12-22,287.002514575974,291.6757578345257,282.8485365746254,285.8695983886719,15207726,0.0,0.0
2023-12-26,289.315529323317,293.32789985895073,287.56896226908435,292.2893981933594,9917180,0.0,0.0
2023-12-27,294.1776294215177,294.7912804480286,286.57770882777487,288.93792724609375,12630732,0.0,0.0
2023-12-28,291.81736143690193,297.85951379926354,290.5428379452405,296.3489685058594,37591916,0.0,0.0
2023-12-29,296.77386818431887,296.77386818431887,290.9205150119167,293.7527770996094,12682889,0.0,0.0
2024-01-01,294.55522661924937,295.7825285389935,290.59004858256446,292.4310302734375,8024960,0.0,0.0
2024-01-02,293.4222931151272,293.4222931151272,285.16153003405657,288.89068603515625,13506040,0.0,0.0
2024-01-03,290.0236466801943,290.7789050389084,286.34168295049915,289.0795593261719,14259987,0.0,0.0
2024-01-04,293.5167040021131,303.76005585938935,291.3453149719092,299.37005615234375,40057506,0.0,0.0
2024-01-05,304.84574684412166,307.441986607725,295.21607482587285,297.34027099609375,27456415,0.0,0.0
2024-01-08,298.7564392089844,300.5501993263362,295.1216973222731,298.7564392089844,10136462,0.0,0.0
2024-01-09,300.0781272595298,303.47684699815403,298.37875298459005,301.87188720703125,12229517,0.0,0.0
2024-01-10,301.77751165059,301.87192614658585,290.7788999316605,295.82977294921875,14455000,0.0,0.0
2024-01-11,297.3403341749945,299.5589164862929,294.88570120559433,295.4049377441406,10316319,0.0,0.0
2024-01-12,297.5763549104669,297.67074059984236,292.383874299354,295.1689147949219,12341629,0.0,0.0
2024-01-15,297.29306480443324,300.219740997795,292.28941397897233,299.5588684082031,9706124,0.0,0.0
2024-01-16,299.5116928370003,299.5116928370003,292.80866731385765,294.08319091796875,10162832,0.0,0.0
2024-01-17,292.43107644668424,296.53786245927733,289.9292505621771,292.0062255859375,13502940,0.0,0.0
2024-01-18,291.67580429841433,293.8943865674794,279.96909786893536,282.5653381347656,32481018,0.0,0.0
2024-01-19,286.81370641571635,292.147822639055,284.83114616098817,291.2037353515625,28651237,0.0,0.0
2024-01-23,295.92420101102726,297.67073961635,283.5094289055577,285.68084716796875,21652362,0.0,0.0
2024-01-24,286.0112507179851,293.3279270795942,281.57402901289345,291.58135986328125,23922028,0.0,0.0
2024-01-25,292.6670443509854,299.4644840023494,291.91178608361434,297.1514587402344,32525422,0.0,0.0
2024-01-29,300.030944405874,307.5364502653257,298.4732060608724,306.4035339355469,24694773,0.0,0.0
2024-01-30,303.85450031107416,305.83708938403726,296.915452961332,297.8123474121094,20918448,0.0,0.0
2024-01-31,300.73896068191436,302.10789862204723,295.12165922866325,299.7476806640625,20931224,0.0,0.0
2024-02-01,302.15511209253935,308.66933715047304,299.3700719986643,303.99609375,24020951,0.0,0.0
2024-02-02,305.88428505345394,315.0419433835698,305.0346122461126,313.9090270996094,32346639,0.0,0.0
2024-02-05,319.1014686300459,321.9809230206969,314.42822553832895,317.3077087402344,19651482,0.0,0.0
2024-02-06,320.3106342341467,320.3106342341467,313.6374960209353,318.5946960449219,12024661,3.25,0.0
2024-02-07,322.12189932359104,322.12189932359104,314.2571295176651,315.25811767578125,8080437,0.0,0.0
2024-02-08,318.35636000353634,319.5956454255773,312.6841810576863,315.4487609863281,17754869,0.0,0.0
2024-02-09,317.4031006706812,319.3573654490851,304.67646551262766,309.7289733886719,18304439,0.0,0.0
2024-02-12,310.9205667072858,311.4449021603439,299.814564033004,301.38751220703125,11714289,0.0,0.0
2024-02-13,303.67548362470063,308.8233570774267,301.1492296333164,306.535400390625,15426888,0.0,0.0
2024-02-14,305.915729230849,313.9711723454955,303.48481184208947,312.6842041015625,14085723,0.0,0.0
2024-02-15,315.54410453464675,324.9818226886184,314.73378908213067,323.40887451171875,21973316,0.0,0.0
2024-02-16,325.9351241109213,326.9361122784451,321.0732605485046,321.9789123535156,20307449,0.0,0.0
2024-02-19,324.5051686294212,325.9351268011953,321.74058864917265,322.9322204589844,8496898,0.0,0.0
2024-02-20,324.69584508189797,330.3203414702357,322.0265723417457,329.5577087402344,19340526,0.0,0.0
2024-02-21,330.79699918053814,331.7979582903083,319.07135349791184,320.4059753417969,17751633,0.0,0.0
2024-02-22,323.17054837451985,324.36218019006014,315.162788392604,323.6948547363281,16083122,0.0,0.0
2024-02-23,324.12384959347247,324.12384959347247,319.214332396086,321.9789123535156,9665454,0.0,0.0
2024-02-26,322.2172233216846,322.69387601890605,318.9283080738281,321.8359069824219,7711995,0.0,0.0
2024-02-27,320.4059753417969,322.21724992225325,318.49936439551135,320.4059753417969,8882923,0.0,0.0
2024-02-28,320.0246814236382,320.7873142186282,316.3067665434771,317.7367248535156,12977628,0.0,0.0
2024-02-29,317.7367012543099,320.31063765823603,315.1627939429578,319.9293212890625,13149469,0.0,0.0
2024-03-01,319.92931154227966,328.2707341438379,319.3573224596582,327.4604187011719,13027254,0.0,0.0
2024-03-04,331.7503055854369,341.5693403493554,329.60536826484133,337.3271484375,38075510,0.0,0.0
2024-03-05,338.32811873000367,343.14232899752415,337.0411504766042,341.5216979980469,15918221,0.0,0.0
2024-03-06,342.6656601088789,342.6656601088789,328.89038453968016,335.515869140625,13120921,0.0,0.0
2024-03-07,335.5635386872243,337.37481333321415,333.3709476566958,335.75421142578125,9172926,0.0,0.0
2024-03-11,335.8019002289673,336.6598694571687,330.5110657445771,331.70269775390625,10664917,0.0,0.0
2024-03-12,331.7503119476296,333.132616551108,326.55478536774166,328.6520690917969,9637912,0.0,0.0
2024-03-13,327.79415189882866,328.41379474965174,304.58115362123,307.4410705566406,23722232,0.0,0.0
2024-03-14,306.0586883189086,311.68321347659827,301.72116036771286,306.82135009765625,20859127,0.0,0.0
2024-03-15,307.5839821826642,310.8252147314332,291.4731267049756,301.5304870605469,43285007,0.0,0.0
2024-03-18,302.29316667660964,307.8223266982901,300.24356575956807,302.3408203125,13690352,0.0,0.0
2024-03-19,299.6239155744839,303.05582129106284,295.62004981562166,298.8136291503906,13388060,0.0,0.0
2024-03-20,301.24454626592393,302.6268509158834,293.9040820774771,299.0042724609375,10026655,0.0,0.0
2024-03-21,302.4361921339769,311.11127864096886,302.1978657414363,309.8243103027344,23370426,0.0,0.0
2024-03-22,309.34761114318707,311.96920106812934,306.1540321433792,309.5859375,14709219,0.0,0.0
2024-03-26,305.1530995321445,314.87679827740845,305.1530995321445,313.73284912109375,11208959,0.0,0.0
2024-03-27,316.49743577803116,318.4993832083954,311.06358262312494,316.1161193847656,45209520,0.0,0.0
2024-03-28,316.40204892882326,324.12382830399144,314.8767545065255,320.11993408203125,19868037,0.0,0.0
2024-04-01,323.1705263580144,328.3183696319286,320.45360018516277,326.3641052246094,8580656,0.0,0.0
2024-04-02,326.9837688608464,329.4623688456532,324.8388316015551,328.69970703125,9745257,0.0,0.0
2024-04-03,328.27076935311544,337.56549839177484,326.03049550989766,334.84857177734375,21679943,0.0,0.0
2024-04-04,338.42347599910545,345.7639404958352,336.1832021000326,338.0898132324219,28962927,0.0,0.0
2024-04-05,339.75803607789135,341.4740032399819,335.13449910562395,337.9944152832031,11208130,0.0,0.0
2024-04-08,338.99544263881677,348.90981405014185,336.755168888559,346.52655029296875,11447140,0.0,0.0
2024-04-09,347.9564453016762,349.76771960939016,343.5235813375798,345.9544982910156,10010148,0.0,0.0
2024-04-10,347.09856745139535,351.15011616586867,344.4769771067361,345.5732727050781,12886638,0.0,0.0
2024-04-12,345.5732249356832,357.01289031286444,344.14326676353556,344.8582458496094,30924494,0.0,0.0
2024-04-15,338.9001149891209,348.90982302677423,336.32617842812255,344.2862854003906,18126999,0.0,0.0
2024-04-16,344.14326008774793,345.04891188290276,338.0421111567844,342.4749755859375,15328939,0.0,0.0
2024-04-18,342.760933092999,344.3815638540465,332.8942458178811,334.753173828125,22966560,0.0,0.0
2024-04-19,327.0791052421847,335.9448342773795,326.9837688788074,334.18121337890625,12867942,0.0,0.0
2024-04-22,338.4234925014776,338.4234925014776,325.93518315685105,326.88848876953125,37382916,0.0,0.0
2024-04-23,329.84370692188617,332.36996070840866,327.93709589921633,330.94000244140625,14651106,0.0,0.0
2024-04-24,333.4662071260624,336.6597859373049,331.0829436986532,335.2298278808594,11132307,0.0,0.0
2024-04-25,334.61025094929886,343.7619901271113,332.79897620712,342.4273681640625,19865014,0.0,0.0
2024-04-26,343.8573176652465,344.52461408333477,338.42346448576853,339.37677001953125,10986589,0.0,0.0
2024-04-29,342.9039997296259,346.66953899625423,340.28240960659383,346.0498962402344,13652173,0.0,0.0
2024-04-30,347.908854697365,348.38550744850943,342.5226553353725,346.2405700683594,14566548,0.0,0.0
2024-05-02,346.2405388828888,355.2016039787771,346.2405388828888,351.8173522949219,27892188,0.0,0.0
2024-05-03,354.9156159463444,362.63739609584326,343.52363300000525,347.9088439941406,26844664,0.0,0.0
2024-05-06,350.6257022972743,351.62669038802903,337.8514161997481,340.13934326171875,15319437,0.0,0.0
2024-05-07,341.52170475923015,341.7123775014994,330.6540275791264,332.84661865234375,10028071,0.0,0.0
2024-05-08,329.0810662530613,341.76001761253553,329.0810662530613,338.8524475097656,9595776,0.0,0.0
2024-05-09,339.8533801184299,341.28333823954534,328.74737786294804,329.8913269042969,9043486,0.0,0.0
2024-05-10,331.41666173663793,339.71043148593594,331.3213253651082,338.9001159667969,11699095,0.0,0.0
2024-05-13,338.9001036762768,339.3767564240634,330.3203542161179,334.514892578125,10691781,0.0,0.0
2024-05-14,334.18121208787534,340.5683702060254,333.9428857266395,339.1860656738281,10891985,0.0,0.0
2024-05-15,340.80669692553244,346.5265296012057,339.99638147796406,344.4769287109375,8538183,0.0,0.0
2024-05-16,346.86022360062486,346.86022360062486,336.5645064005505,344.5722961425781,13114162,0.0,0.0
2024-05-17,345.52555135012926,349.3864265549768,343.52360420619755,348.3854675292969,8509179,0.0,0.0
2024-05-21,349.8631112703713,356.63158599902147,348.29016304639,354.629638671875,10939593,0.0,0.0
2024-05-22,357.48954496442826,359.7298185980534,353.2950067886937,356.39324951171875,14001806,0.0,0.0
2024-05-23,357.5372089689184,358.06154443894985,352.246375187036,354.9156188964844,15370357,0.0,0.0
2024-05-24,355.5829372437504,360.4924545534,351.4837353951282,357.44189453125,13317821,0.0,0.0
2024-05-27,362.2084379272739,362.7327443175096,350.8164255160146,352.3893737792969,21891930,0.0,0.0
2024-05-28,355.2016409393539,355.82128370599327,347.09854405656506,348.33782958984375,10200096,0.0,0.0
2024-05-29,344.6199424083257,349.2434799576302,343.1899841410712,347.5751953125,18146672,0.0,0.0
2024-05-30,347.0031936131131,347.76582635765067,340.4730452774284,342.90399169921875,14425073,0.0,0.0
2024-05-31,346.47888479798434,349.5294448472274,338.90009467249797,342.2366638183594,30515612,0.0,0.0
2024-06-03,367.02263044395676,374.83974745667666,356.0119631676685,373.5050964355469,39261174,0.0,0.0
2024-06-04,373.6003756120576,373.6003756120576,299.2902380981873,315.78240966796875,84042244,0.0,0.0
2024-06-05,324.1238734449459,326.26881084274333,300.57721570765057,325.0771789550781,46418629,0.0,0.0
2024-06-06,331.5596521958134,342.95166493348347,328.8904083448278,333.4186096191406,33171039,0.0,0.0
2024-06-07,335.5635299206399,345.0965847479308,331.4643279819346,343.761962890625,23930193,0.0,0.0
2024-06-10,347.9565119068318,352.8183758369218,344.9059226311664,347.8611755371094,16072588,0.0,0.0
2024-06-11,351.53141408441905,354.5820034165549,347.8611819764801,350.24444580078125,11235777,0.0,0.0
2024-06-12,352.29402621183687,356.53624720734973,348.3378143140135,353.9623107910156,12134524,0.0,0.0
2024-06-13,358.8241875960236,358.8241875960236,350.7687735044039,352.6753845214844,11243702,0.0,0.0
2024-06-14,352.7230342481014,353.53334973988905,349.0051486245418,351.24542236328125,10298434,0.0,0.0
2024-06-18,354.43897479463897,354.8679739085229,351.48375100592835,352.3893737792969,10228382,0.0,0.0
2024-06-19,352.53239180114247,353.58103375752165,344.66762076716486,345.5732727050781,8337334,0.0,0.0
2024-06-20,345.57324453527144,347.8611719219554,340.3777179114352,340.94970703125,14338604,0.0,0.0
2024-06-21,343.14231719094073,346.0022336145044,340.09172803544317,342.9992980957031,17931844,0.0,0.0
2024-06-24,340.90203667815894,347.6228285018691,338.9477430389954,345.8115539550781,9335598,0.0,0.0
2024-06-25,347.24153814849427,347.67053727259895,341.0450522240874,344.00030517578125,14983828,0.0,0.0
2024-06-26,346.04991615921074,349.76780200191007,342.8563367342674,348.0041809082031,15918394,0.0,0.0
2024-06-27,348.00418152601213,363.30475315295075,347.0985587035007,359.5391845703125,55378829,0.0,0.0
2024-06-28,360.30181961092967,371.3124863231485,359.11018775495035,360.6831359863281,25141039,0.0,0.0
2024-07-01,363.92434525248007,364.16267160824464,350.62572296378863,352.48468017578125,23389211,0.0,0.0
2024-07-02,355.20162326666025,355.20162326666025,348.0994858916041,353.1043395996094,13702830,0.0,0.0
2024-07-03,353.2472899833556,356.77453145710075,351.4360156154476,355.2492370605469,9207317,0.0,0.0
2024-07-04,356.4409010399906,363.0663855378561,354.39130014616035,355.5352783203125,14916930,0.0,0.0
2024-07-05,356.8699019100951,363.4477037128757,353.67632282616887,362.0653991699219,15946104,0.0,0.0
2024-07-08,363.06639760599194,363.44771397919294,358.5858502163006,359.8251647949219,8898299,0.0,0.0
2024-07-09,361.4934164891174,362.49437551425825,357.5371758360089,359.44378662109375,8355819,0.0,0.0
2024-07-10,361.11212852619127,365.8786562474587,352.7230513737911,363.5907287597656,17715196,0.0,0.0
2024-07-11,364.54399276752855,365.4019618410836,357.10822200662074,359.4914855957031,19873143,0.0,0.0
2024-07-12,361.2551520263886,361.68412207097504,354.62966677620034,359.5391845703125,16151583,0.0,0.0
2024-07-15,360.92145061952294,370.7881678846579,359.3008197110679,367.6422424316406,22951140,0.0,0.0
2024-07-16,368.59553474086556,370.59748194092595,362.25605951781824,362.68505859375,11893034,0.0,0.0
2024-07-18,365.0206624223283,365.0206624223283,356.7269222030353,360.11114501953125,15709153,0.0,0.0
2024-07-19,360.1111407071692,360.34946707428185,345.9545486821648,347.6228332519531,13330099,0.0,0.0
2024-07-22,347.71817778519676,359.6344964207415,345.4302504256871,356.0596008300781,18715538,0.0,0.0
2024-07-23,359.1101685601744,367.6422347373944,344.6675679636162,364.5916748046875,49882257,0.0,0.0
2024-07-24,366.1646342747801,376.5556580063129,363.87670698135776,374.2677307128906,36868466,0.0,0.0
2024-07-25,372.6947959754538,377.79495711426136,368.2142484990822,373.8387451171875,25973101,0.0,0.0
2024-07-26,376.5079828471622,380.84551082022597,371.50312945090144,377.794921875,20381410,0.0,0.0
2024-07-29,385.1354101143421,389.2346120008067,374.3153872047437,375.50701904296875,27751449,0.0,0.0
2024-07-30,378.4622615418234,393.4291686604816,378.4622615418234,387.9476623535156,34447139,0.0,0.0
2024-07-31,390.3786177635193,397.90972569428806,389.47296586549896,396.5751037597656,29727771,0.0,0.0
2024-08-01,400.29299394149524,404.5352152687665,396.1937917205405,403.67724609375,28803487,0.0,0.0
2024-08-02,396.813409864805,406.3941183938803,394.0488297647423,400.1023254394531,24233263,0.0,0.0
2024-08-05,388.6149746827281,396.2414185537202,385.75505823110603,393.9534912109375,42489503,0.0,0.0
2024-08-06,393.9534805849374,405.1071660824479,393.9534805849374,395.62176513671875,18230579,0.0,0.0
2024-08-07,404.50947401123557,404.50947401123557,398.74449338399705,399.9935607910156,15556736,3.25,0.0
2024-08-08,400.04161262124416,400.66614631340633,389.9048376091993,391.7304382324219,16447385,0.0,0.0
2024-08-09,397.59148936514947,400.04162374868645,392.2108641855873,394.56488037109375,10954753,0.0,0.0
2024-08-12,393.940300811881,393.940300811881,384.428089656718,385.1487121582031,26254763,0.0,0.0
2024-08-13,387.21454134053346,388.65578653162726,379.5279003213666,380.680908203125,11355664,0.0,0.0
2024-08-14,383.275117208749,384.3320361726653,378.2307592339828,380.82501220703125,9424614,0.0,0.0
2024-08-16,382.4584045410156,385.2448352520981,377.8944616261004,382.4584045410156,13844122,0.0,0.0
2024-08-19,386.54195671619846,391.5382852134501,385.72527454836717,387.3106384277344,10677045,0.0,0.0
2024-08-20,388.7038267664588,392.2108802835712,387.31064063757884,390.3372497558594,10126083,0.0,0.0
2024-08-21,391.5382726387141,393.65211062478795,389.32837509871626,392.9314880371094,9726854,0.0,0.0
2024-08-22,393.7481480804777,393.98835559622273,386.4938928338584,387.5508117675781,10445288,0.0,0.0
2024-08-23,387.55081419112753,390.00091913816664,383.8996423356456,386.2056579589844,11513586,0.0,0.0
2024-08-26,386.6860553494873,399.65726068897834,386.2056403369135,398.600341796875,13772637,0.0,0.0
2024-08-27,399.22489622794086,399.89748900943385,393.07558961137426,393.6040344238281,8441188,0.0,0.0
2024-08-28,393.98832632949745,398.167942657428,391.3941029454816,393.0274963378906,15884745,0.0,0.0
2024-08-29,393.02755731481136,396.438521907538,387.9351692981098,393.8442687988281,19014705,0.0,0.0
2024-08-30,396.53458617146043,402.779981698179,395.38157834533723,399.8974914550781,22633988,0.0,0.0
2024-09-02,401.4348322295288,402.6839290405328,391.7304709961047,393.94036865234375,11107165,0.0,0.0
2024-09-03,394.420763104668,395.4296229988296,389.7127013949004,390.4813537597656,7538160,0.0,0.0
2024-09-04,384.3320300396623,392.25887815923033,384.235941167711,389.2322692871094,11052003,0.0,0.0
2024-09-05,389.47249153007215,392.40301164103147,386.1095861400889,387.4547424316406,14246871,0.0,0.0
2024-09-06,387.4547502103688,388.79990652892644,377.31800406022086,379.3357238769531,17956121,0.0,0.0
2024-09-09,375.87674686081084,377.366021786975,370.2078258128648,374.5796203613281,12293356,0.0,0.0
2024-09-10,374.8197881092318,383.75549536234575,374.4834917454685,380.77691650390625,15852309,0.0,0.0
2024-09-11,383.3711874271179,383.6594247113386,372.32164192483253,374.3874206542969,11492592,0.0,0.0
2024-09-12,375.68456289986716,390.3372216830461,375.3482665059757,388.9920654296875,24028069,0.0,0.0
2024-09-13,388.99202975619244,391.34604565313725,383.70746477804096,385.6771545410156,12017217,0.0,0.0
2024-09-16,386.6861089308205,395.86202521356176,386.25372363070835,394.9972839355469,11479712,0.0,0.0
2024-09-17,395.7178844191384,401.2906872965858,394.03643173619383,399.9935607910156,14432501,0.0,0.0
2024-09-18,402.10738153280846,403.3084191120582,396.8228161841097,397.9277648925781,10303840,0.0,0.0
2024-09-19,407.3919628816425,414.9344850400012,404.07708730384036,407.34393310546875,59601773,0.0,0.0
2024-09-20,411.28331306236,413.01282483772934,400.2337668992966,407.34393310546875,36084164,0.0,0.0
2024-09-23,410.75488275899704,413.6373731643233,408.3528074212251,411.57159423828125,14139629,0.0,0.0
2024-09-24,414.550146470297,414.550146470297,410.2744409191886,411.33135986328125,12539885,0.0,0.0
2024-09-25,411.3313347436495,419.8827160014345,408.97728948112103,419.0179748535156,19443168,0.0,0.0
2024-09-26,420.79550753524273,420.79550753524273,413.6853421229934,417.57672119140625,20041825,0.0,0.0
2024-09-27,418.92191041299037,425.16730586639505,416.51983523860395,419.7866516113281,53885913,0.0,0.0
2024-09-30,419.7866576650844,430.88426272411255,416.6159301180519,425.83990478515625,20903229,0.0,0.0
2024-10-01,428.5302197868873,430.21167244300176,421.61223141570485,422.861328125,15984996,0.0,0.0
2024-10-03,415.0786070693809,425.16732321342835,415.0786070693809,418.2973937988281,13563784,0.0,0.0
2024-10-04,415.9433103926612,422.1406757594696,409.60182638708625,413.58929443359375,18347292,0.0,0.0
2024-10-07,413.73345014674265,416.03943654026097,393.0275437371532,399.1768798828125,23431004,0.0,0.0
2024-10-08,397.7836151167672,410.94699768405394,395.1893624197327,404.4613952636719,18706355,0.0,0.0
2024-10-09,407.82433714055463,408.112574434227,400.6661413515542,402.0593566894531,13916492,0.0,0.0
2024-10-10,404.22122315613063,413.0608422281992,404.02904541278286,406.14288330078125,15866037,0.0,0.0
2024-10-11,407.34389885212545,409.93812231372095,403.16428239920435,405.95068359375,8639087,0.0,0.0
2024-10-14,407.96843383749297,409.3135900059353,403.5486098650066,407.8723449707031,8483177,0.0,0.0
2024-10-15,409.9381359749074,410.46661009702905,406.9595569481505,409.8901062011719,9365964,0.0,0.0
2024-10-16,408.64100091809127,412.5804099140927,404.74965101701764,407.63214111328125,6219440,0.0,0.0
2024-10-17,407.05567158853614,408.92930203814,400.28183101942926,401.38677978515625,11968387,0.0,0.0
2024-10-18,401.3387305522277,409.26557860176706,398.2160328357425,408.30474853515625,8828971,0.0,0.0
2024-10-21,409.36164305627346,411.9558959960937,402.6838916066289,408.352783203125,9139781,0.0,0.0
2024-10-22,406.2869870179006,409.60183305229253,397.2551905343637,399.465087890625,14242323,0.0,0.0
2024-10-23,397.7836585427471,398.50428111257094,385.9654601265195,392.3069152832031,22522821,0.0,0.0
2024-10-24,393.21970583914117,398.9846862546203,390.86566044060453,395.7658996582031,9400171,0.0,0.0
2024-10-25,386.73411014558394,391.53826058217504,376.2610680582568,383.2751159667969,19642277,0.0,0.0
2024-10-28,383.2751340052749,390.5774488770113,382.2182149950405,388.07928466796875,11716022,0.0,0.0
2024-10-29,392.97946440557433,398.07185160419766,388.6076996966923,396.0060729980469,20284308,0.0,0.0
2024-10-30,397.92773757618477,398.55227121008124,389.9048012331028,392.4990539550781,12264297,0.0,0.0
2024-10-31,395.3993161041669,396.9944419189493,390.08221038638476,394.57757568359375,12204072,2.5,0.0
2024-11-01,398.2995829771342,401.63487041239284,396.7044570526572,397.67120361328125,2145479,0.0,0.0
2024-11-04,400.08805930992804,400.52307754891115,380.6081225351178,387.6170349121094,13866505,0.0,0.0
2024-11-05,386.6986363086798,390.6623032313967,383.94340262442756,389.695556640625,6665326,0.0,0.0
2024-11-06,393.1758485510919,397.1394859537363,389.74388046717985,395.30267333984375,9700643,0.0,0.0
2024-11-07,397.2361289158033,397.2361289158033,388.63209101040394,390.3722229003906,7589295,0.0,0.0
2024-11-08,389.74383287162277,390.75893436519493,382.3965538105384,384.4267272949219,7536509,0.0,0.0
2024-11-11,384.9100933968323,387.5686461359201,378.77124753511384,379.4963073730469,12243693,0.0,0.0
2024-11-12,380.07638509680186,381.67151094022915,366.4452533840589,367.6536865234375,10549517,0.0,0.0
2024-11-13,371.23069584158293,374.7109895156508,366.7353300346793,368.6688232421875,20602407,0.0,0.0
2024-11-14,367.4119918274149,372.3907598545337,359.00131506369064,360.1130676269531,15086601,0.0,0.0
2024-11-18,367.3636674887354,367.3636674887354,350.5906099278422,354.5059509277344,16383636,0.0,0.0
2024-11-19,355.76270956803853,365.91354774864834,352.9107956114292,354.5059509277344,17055094,0.0,0.0
2024-11-21,351.6057165275293,352.2340958567601,343.0016490098256,344.3067626953125,21276150,0.0,0.0
2024-11-22,345.1767919509593,354.8926110185528,343.8717079069956,353.2974853515625,15949254,0.0,0.0
2024-11-25,361.5632005053791,364.6568011878135,355.27934809017864,356.1494140625,18388844,0.0,0.0
2024-11-26,357.6962101411859,358.0829028461915,348.2704316307087,349.6238708496094,11222231,0.0,0.0
2024-11-27,351.7023945343867,359.24303557144066,349.333883111466,357.0195007324219,14225274,0.0,0.0
2024-11-28,357.4062245834408,359.48472384242814,347.64207816597803,350.0105895996094,16837860,0.0,0.0
2024-11-29,351.1706803317835,353.24917949031783,348.2221151886026,351.557373046875,14280017,0.0,0.0
2024-12-02,351.55735540847627,351.79904203112784,345.1284971464958,346.2886047363281,12510350,0.0,0.0
2024-12-03,347.0619982289922,357.6962098738917,346.288612819559,355.23101806640625,14205760,0.0,0.0
2024-12-04,356.6811418553563,362.6749526029096,355.76272085638834,360.3547668457031,22035954,0.0,0.0
2024-12-05,360.35480547906064,361.51491323341946,352.28246523712545,356.87451171875,18758283,0.0,0.0
2024-12-06,357.16453457969027,358.8563410889947,355.8110657700354,357.2128601074219,9736086,0.0,0.0
2024-12-09,358.56628054715935,360.8864663087112,355.5210348911999,357.55120849609375,10878679,0.0,0.0
2024-12-10,356.72950562514654,358.8563600072158,354.2159584925463,356.87451171875,7913822,0.0,0.0
2024-12-11,356.9711551901091,358.42127498099643,352.5724702921891,353.3458557128906,9998662,0.0,0.0
2024-12-12,353.829212444821,354.79595892691066,341.26150817765523,343.7750549316406,22538216,0.0,0.0
2024-12-13,343.9200593672219,346.385251083718,336.47609968944107,345.27349853515625,14269143,0.0,0.0
2024-12-16,345.27349796196665,346.9653042947663,340.00474737004714,341.1648254394531,12168143,0.0,0.0
2024-12-17,340.2947852141214,342.083272230146,335.7027391068286,337.44287109375,15646176,0.0,0.0
2024-12-18,337.92626231559433,339.3280566870599,328.6938440843316,330.3856506347656,14672392,0.0,0.0
2024-12-19,325.7935746296352,329.27386797430245,323.9084071296348,326.1802673339844,14513129,0.0,0.0
2024-12-20,326.56695873791665,332.46411833973616,319.99309428187127,322.16827392578125,20375797,0.0,0.0
2024-12-23,324.7301724953429,327.00203287410466,319.5097468289478,322.55499267578125,8884187,0.0,0.0
2024-12-24,323.95675385338063,325.64856020646164,320.71814721978757,324.15008544921875,7755462,0.0,0.0
2024-12-26,324.1501078754055,326.1802815401117,321.2015426857165,323.521728515625,9030212,0.0,0.0
2024-12-27,325.45520272581047,328.69380939540576,323.08669150682414,323.8600769042969,9090597,0.0,0.0
2024-12-30,323.8600537879231,325.60018555941105,316.5127750253168,320.3797607421875,36657549,0.0,0.0
2024-12-31,319.12305768943594,323.4734173775607,315.3527518602808,322.2649841308594,8580998,0.0,0.0
2025-01-01,321.9266132951274,323.5217392622531,317.86626583083984,322.55499267578125,7843971,0.0,0.0
2025-01-02,322.5549617923477,327.3403687383043,319.0263429901304,326.76031494140625,16543382,0.0,0.0
2025-01-03,326.80866659517034,333.04419378055627,325.84192002396406,328.548828125,8689629,0.0,0.0
2025-01-06,330.3372781249801,330.3372781249801,315.5943945679444,316.6094665527344,10538077,0.0,0.0
2025-01-07,316.1261122640077,319.3647190088551,314.28929977525866,317.67291259765625,13891401,0.0,0.0
2025-01-08,319.50972839261175,319.50972839261175,311.14737680270713,314.5793151855469,8993608,0.0,0.0
2025-01-09,313.27421018643054,315.11105224806533,309.16553731666653,309.697265625,12403467,0.0,0.0
2025-01-10,309.6972733274018,310.3256527049118,297.37125441155246,297.9996337890625,15941143,0.0,0.0
2025-01-13,291.08737238103646,299.64308466934125,286.9786998219463,288.2838134765625,29630336,0.0,0.0
2025-01-14,290.4589849327554,302.30162903614274,290.2172983184006,300.0780944824219,22732888,0.0,0.0
2025-01-15,302.15661434988056,313.51588600969205,302.15661434988056,310.66400146484375,21894626,0.0,0.0
2025-01-16,313.90260945172975,316.41612682239185,310.95401483958733,314.6759948730469,14865186,0.0,0.0
2025-01-17,314.48264185371033,318.0596159005053,312.59750377723475,315.30438232421875,7129232,0.0,0.0
2025-01-20,315.3527230752912,325.79357357265724,313.7575677330373,324.8751525878906,17991880,0.0,0.0
2025-01-21,326.5669465156276,327.0019942292321,313.0324959045138,313.515869140625,12774630,0.0,0.0
2025-01-22,316.12608615934096,316.12608615934096,306.7969889056494,311.6790466308594,11068145,0.0,0.0
2025-01-23,310.3256397730092,314.28930649309245,308.923845486948,312.88751220703125,6477347,0.0,0.0
2025-01-24,313.99926482902987,318.9296780904621,311.3890668690456,312.88751220703125,7492600,0.0,0.0
2025-01-27,312.8874824233018,314.2409215518039,304.52513153719747,311.4857177734375,13803855,0.0,0.0
2025-01-28,311.77575650031605,313.0808702187769,297.90293786866414,307.6670837402344,22008929,0.0,0.0
2025-01-29,309.35888861867704,312.16244764623127,302.8816750871184,310.56732177734375,16056888,0.0,0.0
2025-01-30,311.53409531537227,315.9327805931954,310.4706681429902,312.2591552734375,10375720,0.0,0.0
2025-01-31,314.15899478937325,317.8612751430935,309.3849625794539,315.66912841796875,13195557,2.5,0.0
2025-02-01,317.66640417140303,322.2942694568091,308.6055429794492,309.5311279296875,10097627,0.0,0.0
2025-02-03,302.1265541020915,305.97497181609333,296.1833945155622,303.2469787597656,15881217,0.0,0.0
2025-02-04,306.75438968995746,312.210405002783,302.3213642401468,310.8951110839844,12141064,0.0,0.0
2025-02-05,312.7462596154002,314.7435369191641,310.21310639467833,311.38226318359375,12226722,0.0,0.0
2025-02-06,314.3051457001162,314.4025803942938,303.3931140758996,304.7571105957031,13384442,0.0,0.0
2025-02-07,305.4391416737709,311.0412949899565,304.07514507380057,308.8004455566406,8937447,0.0,0.0
2025-02-10,308.36199081347183,308.7029973818034,301.0548346330578,302.5162658691406,6806132,0.0,0.0
2025-02-11,304.31868877557804,304.31868877557804,296.3295198496121,297.74224853515625,13241830,0.0,0.0
2025-02-12,298.3268468341657,299.5934087013712,292.2862523915816,298.37554931640625,7616083,0.0,0.0
2025-02-13,298.2781193836465,300.6651357094654,295.3065543300232,298.8139953613281,9086906,0.0,0.0
2025-02-14,298.96012708820365,300.32412364968485,290.67868328926664,292.62725830078125,7446248,0.0,0.0
2025-02-17,289.8505357861115,295.40398651618,285.27137257129044,294.5758361816406,6464173,0.0,0.0
2025-02-18,293.40669531909595,304.36743046516546,289.85055164050607,303.19830322265625,15793327,0.0,0.0
2025-02-19,303.19827731582916,308.2158519185008,302.61369887807547,306.7056884765625,13079903,0.0,0.0
2025-02-20,304.5135525956993,318.7381563395503,303.4905625924784,316.7895812988281,22888146,0.0,0.0
2025-02-21,314.98710734100865,321.27127302030954,313.28210437577576,317.86126708984375,10809296,0.0,0.0
2025-02-24,313.81799016190746,317.03312681861235,311.23613439420285,311.8694152832031,6034113,0.0,0.0
2025-02-25,311.8694286559077,313.2334251829092,307.63127216641857,310.50543212890625,10686112,0.0,0.0
2025-02-27,307.24157398936904,311.08999183623087,306.4134236545345,307.58258056640625,7302366,0.0,0.0
2025-02-28,305.92625456195884,307.5338228829829,298.66780127871704,303.44183349609375,21127180,0.0,0.0
2025-03-03,303.2956818571158,309.62855050272066,299.7882707012502,306.31597900390625,9779703,0.0,0.0
2025-03-04,303.2956621489558,306.8031028098022,300.08052555403384,305.68267822265625,8734999,0.0,0.0
2025-03-05,305.48783100157,318.8842840068403,305.4391285201632,317.8125915527344,10493615,0.0,0.0
2025-03-06,320.54057839978606,330.08858373555825,314.889722953373,329.21173095703125,26294903,0.0,0.0
2025-03-07,327.2144758676641,330.0399037837353,320.24832591150175,321.0764465332031,8992315,0.0,0.0
2025-03-10,320.97903006649653,326.33761133817166,317.9100006427666,320.9302978515625,11383132,0.0,0.0
2025-03-11,318.59199225372737,324.6812887417573,315.3768556012048,321.80712890625,10299324,0.0,0.0
2025-03-12,322.4891304639199,326.1914107029773,318.0074024625559,321.6609802246094,6984859,0.0,0.0
2025-03-13,323.46343200561176,325.9478530992446,320.0047234661789,323.3659973144531,8965150,0.0,0.0
2025-03-17,324.38902808610794,325.8991617856791,322.00201186895947,323.1224365234375,4353561,0.0,0.0
2025-03-18,323.1224365234375,323.1224365234375,323.1224365234375,323.1224365234375,0,0.0,0.0
2025-03-19,330.28347308113456,335.057476037498,327.7016170699998,332.5243225097656,30582397,0.0,0.0
2025-03-20,335.8368979250275,335.8368979250275,331.5500093329679,332.9627380371094,15002119,0.0,0.0
2025-03-21,333.20628997451047,344.75160158248633,332.9627181251139,342.26715087890625,36406837,0.0,0.0
2025-03-24,347.82062875107556,358.53779098150085,344.5567597615945,357.5148010253906,24588471,0.0,0.0
2025-03-25,359.51207845699406,361.89909466511006,354.78677825427314,357.5148010253906,23189083,0.0,0.0
2025-03-26,357.5147897886035,359.51206715743194,344.21574237979854,345.5310363769531,18668095,0.0,0.0
2025-03-27,344.80035954510913,355.0791110834549,341.97493158401426,351.3768005371094,37930538,0.0,0.0
2025-03-28,352.6920714121557,354.93292074620217,347.28478773532055,348.40521240234375,11327077,0.0,0.0
2025-04-01,343.290175772159,353.56889608181143,341.82874465327615,343.0953063964844,18736320,0.0,0.0
2025-04-02,343.09533649404995,344.36192808126043,338.1264643073824,342.70562744140625,13593404,0.0,0.0
2025-04-03,342.7056037468002,352.0587690280462,342.7056037468002,349.6717529296875,10317410,0.0,0.0
2025-04-04,349.6230607492348,349.6230607492348,339.5878820777657,341.39031982421875,10872963,0.0,0.0
2025-04-07,319.5663000078693,342.3646215618517,315.66915000777334,340.8057556152344,18025165,0.0,0.0
2025-04-08,347.6745325501768,349.0385292300371,341.0006566099455,343.87481689453125,17506712,0.0,0.0
2025-04-09,344.8977709632871,345.67718906100674,339.24691542258313,340.3673400878906,7462119,0.0,0.0
2025-04-11,341.97489024562117,352.2049083298919,341.97489024562117,350.8409118652344,11246077,0.0,0.0
2025-04-15,357.5634927262931,358.9762214163254,352.25361425177806,353.17919921875,17497327,0.0,0.0
2025-04-16,353.1791940777041,353.66633779367334,348.69746594420843,350.06146240234375,11541484,0.0,0.0
2025-04-17,350.01278982057676,356.05338430771565,348.0642147902604,354.6406555175781,12288196,0.0,0.0
2025-04-21,356.39437310667483,358.73268700780767,352.49722291531526,355.176513671875,7375594,0.0,0.0
2025-04-22,357.6122034398902,357.6122034398902,350.4512143323274,350.987060546875,12077119,0.0,0.0
2025-04-23,353.61761925287595,354.88418096370793,348.6974501053395,354.44573974609375,9719205,0.0,0.0
2025-04-24,354.39705224740277,357.0276401984787,352.3023402219348,353.8612060546875,7491123,0.0,0.0
2025-04-25,353.8612306407874,356.39435434550643,342.0723459859312,347.2847900390625,9785640,0.0,0.0
2025-04-28,344.60552491264144,353.56895270417056,344.60552491264144,352.2049560546875,5315840,0.0,0.0
2025-04-29,354.640626140829,354.9816326894661,344.9951864863246,347.77191162109375,9472828,0.0,0.0
2025-04-30,347.8206405567136,351.7177905909625,342.9492030139025,345.4336242675781,16739088,0.0,0.0
2025-05-02,345.4335969954307,348.7949005277519,338.66231718525614,339.7340393066406,8221620,0.0,0.0
2025-05-05,341.97491124208557,342.94919873850176,336.66503249345936,339.6366271972656,9492646,0.0,0.0
2025-05-06,340.02632574239055,340.5134694755459,331.25773854559543,333.0114440917969,8904223,0.0,0.0
2025-05-07,329.3091526685506,334.8626029351123,328.33486523462,333.2550048828125,8465490,0.0,0.0
2025-05-08,332.2807414512095,334.2780486747787,329.6988855113714,331.25775146484375,14286109,0.0,0.0
2025-05-09,325.606884497334,330.0398805944487,322.09944365735294,326.1427307128906,11322011,0.0,0.0
2025-05-12,331.64745357768135,340.22120127585947,329.40660425783733,339.587890625,7978210,0.0,0.0
2025-05-13,339.63662435942894,340.8057515056229,331.7448897578182,332.71917724609375,14738980,0.0,0.0
2025-05-14,333.64474602649494,335.0087424971646,329.06558316114706,329.8450012207031,22485535,0.0,0.0
2025-05-15,330.7706070173203,334.9113289019259,324.09673168025927,333.1576232910156,43307763,0.0,0.0
2025-05-16,334.18061095816745,338.6623393840688,333.20632346266257,334.2780456542969,6920351,0.0,0.0
2025-05-19,334.27805207883074,338.759780590867,333.59603892571175,336.27532958984375,6218209,0.0,0.0
2025-05-20,337.980317787376,340.708340546268,332.76787387026775,333.7908935546875,9986143,0.0,0.0
2025-05-21,333.74219261773,338.4674932421018,331.11163403890316,337.2496337890625,5930972,0.0,0.0
2025-05-22,337.2496000780954,338.0777503699608,329.5527350508336,332.6217346191406,8717514,0.0,0.0
2025-05-23,333.2063180418661,336.08047800000486,331.4038802579263,335.7394714355469,4045937,0.0,0.0
2025-05-26,341.9748801685317,342.16974954326605,333.742139678725,334.667724609375,16655082,0.0,0.0
2025-05-27,335.15487966671975,335.6420233871655,328.1399981991428,329.8450012207031,24937330,0.0,0.0
2025-05-28,329.89375846278733,331.93976819047697,328.4323271905655,331.30645751953125,10985957,0.0,0.0
2025-05-29,332.23204968856965,333.44990910824913,329.3578895649676,330.6244812011719,15884093,0.0,0.0
2025-05-30,328.8220159790005,331.9884502069465,324.2915852609797,325.3145751953125,19143010,0.0,0.0
2025-06-02,325.31459217484854,326.19144498331383,321.8071512080924,323.9992980957031,29479727,0.0,0.0
2025-06-03,324.43771020637973,326.14271318794476,318.59198569815663,319.8098449707031,14081719,0.0,0.0
2025-06-04,320.5405773026706,321.466162291383,316.4972902528783,320.7841491699219,15654279,0.0,0.0
2025-06-05,320.7354609324231,323.07374501529193,319.1765949662122,320.1995849609375,16270360,0.0,0.0
2025-06-06,321.1738636125753,324.9248763779097,320.5892851747618,324.2915954589844,11402511,0.0,0.0
2025-06-09,325.3145802152433,328.8707235333864,324.19415557156725,328.43231201171875,19416373,0.0,0.0
2025-06-10,330.0885937324766,332.13460343293355,328.1400187287834,330.47833251953125,12061248,0.0,0.0
2025-06-11,332.23204407023434,333.7909100476415,328.7733352699927,329.4066162109375,10807496,0.0,0.0
2025-06-12,329.4553125162716,332.8653187697685,324.0967312607765,325.1197509765625,11881618,0.0,0.0
2025-06-13,318.39712968688724,324.34028913297107,318.2022900348364,323.41473388671875,11711773,0.0,0.0
2025-06-16,323.46345033170604,326.0453062627747,322.09945377688626,325.1197509765625,8065112,0.0,0.0
2025-06-17,325.412019883039,328.23744764203144,324.53516709340613,326.5811767578125,6796992,0.0,0.0
2025-06-18,326.5812029472482,327.26318640147747,322.24561139958263,323.8531799316406,17835507,0.0,0.0
2025-06-19,323.85314962012166,324.58386522383717,320.1021369078034,321.5635681152344,11610604,0.0,0.0
2025-06-20,321.51486994431997,327.36059485239855,321.22259559207384,326.5811767578125,16592862,0.0,0.0
2025-06-23,325.119726266615,327.0683011205164,321.8558574397515,324.0480041503906,8277787,0.0,0.0
2025-06-24,322.4891459351549,323.17115904328085,313.0872779896664,321.4661560058594,100814893,0.0,0.0
2025-06-25,322.97629849133307,325.1197428330004,320.9302888439042,322.343017578125,17963666,0.0,0.0
2025-06-26,323.85318262218647,329.1143295584931,322.7814603476117,328.4810485839844,13754087,0.0,0.0
2025-06-27,330.23475107385036,332.52430285052264,325.85045744259764,329.6014404296875,50845169,0.0,0.0
2025-06-30,327.11699912511415,328.57843024555393,325.07098960991993,326.2888488769531,11858890,0.0,0.0
2025-07-01,326.62985988523155,326.62985988523155,323.60956291510576,324.0480041503906,8903292,0.0,0.0
2025-07-02,324.09670440480113,327.0195666655982,322.78141044086397,325.1684265136719,11326880,0.0,0.0
2025-07-03,325.99658203125,327.7015850442451,322.4891413150814,325.99658203125,15786429,0.0,0.0
2025-07-04,327.06831298913426,327.3605873346684,323.7070093510226,326.8734436035156,5899185,0.0,0.0
2025-07-07,326.8734429886082,330.28344910026277,325.16843993278087,328.7733154296875,9454556,0.0,0.0
2025-07-08,329.50405068818344,335.0574717045421,328.3348937726892,334.37548828125,12092302,0.0,0.0
2025-07-09,334.4241915858069,336.7137732067535,333.98575030819535,335.1549072265625,9079872,0.0,0.0
2025-07-10,335.1548616211773,336.129149009611,332.42686882671967,332.6704406738281,6426072,0.0,0.0
2025-07-11,331.7448918010749,335.1548980310419,330.7706043067986,333.8883361816406,17234194,0.0,0.0
2025-07-14,334.2293272920089,336.129199880142,331.20905971708385,333.30377197265625,11516965,0.0,0.0
2025-07-15,334.3267540387368,335.2523390689663,332.1833393505192,333.2063293457031,8450777,0.0,0.0
2025-07-16,333.20630363300415,334.96000912738907,332.03714681481887,333.6447448730469,6001484,0.0,0.0
2025-07-17,335.349732389899,335.6420067144908,333.20628823325353,333.8395690917969,7562006,0.0,0.0
2025-07-18,334.18062480837307,335.0574776440899,331.8910431524654,333.30377197265625,6370338,0.0,0.0
2025-07-21,333.303759264824,333.98574267420366,330.5757364286209,332.76788330078125,4463318,0.0,0.0
2025-07-22,332.7678598261138,333.79087946735797,331.30642868110164,332.08587646484375,4728372,0.0,0.0
2025-07-23,333.0114497285289,335.15489408385076,332.18332915446274,334.22930908203125,5058422,0.0,0.0
2025-07-24,334.7651984013802,334.7651984013802,327.8477510507583,330.18603515625,9098453,0.0,0.0
2025-07-25,330.1860196500847,331.16030712602645,323.99928823127567,324.6325988769531,7790739,0.0,0.0
2025-07-28,324.87618184054446,327.9451815479893,321.8558846154022,324.3890380859375,4605823,0.0,0.0
2025-07-29,323.46342875107865,326.8734347770689,320.05342272508835,325.99658203125,7551356,0.0,0.0
2025-07-30,326.38631192893257,333.49859877333046,323.95059318319426,330.0885925292969,12537358,0.0,0.0
2025-07-31,327.40931480370114,331.35519716693904,324.43774971002597,325.6556091308594,8935384,0.0,0.0
2025-08-01,324.4377025916701,326.1427055332179,321.70970977835026,322.3916931152344,7107542,0.0,0.0
2025-08-04,322.39171777815415,324.7300017588626,318.7868719799893,323.46343994140625,8193399,0.0,0.0
2025-08-05,323.9018532849996,325.7529933713421,322.7813990050766,325.02227783203125,9855535,0.0,0.0
2025-08-06,325.02231380874684,326.7760194040539,323.07373882156355,323.5608825683594,13872826,0.0,0.0
2025-08-07,323.560882827887,323.9018893974965,320.19957907914187,321.27130126953125,8731389,0.0,0.0
2025-08-08,321.51486522854043,328.8220212564618,321.1738586673253,326.1427307128906,11247218,0.0,0.0
2025-08-11,326.3863196816912,330.3809044661656,325.3633296773396,327.5067443847656,11993280,0.0,0.0
2025-08-12,327.604181163862,333.0601972651404,327.1170374000495,331.3551940917969,7221182,0.0,0.0
2025-08-13,331.55002224667015,334.1806103730856,330.42959757538017,331.20904541015625,5417151,0.0,0.0
2025-08-14,331.20905966919725,331.696203437069,327.6528863774163,330.6244812011719,5689423,0.0,0.0
2025-08-18,332.6704780324939,333.01145487042396,326.8247530454211,327.4093017578125,6511340,0.0,0.0
2025-08-19,330.18601017996497,331.89101321396157,325.55814480197415,326.43499755859375,10316115,0.0,0.0
2025-08-20,329.11430989917676,334.5703259169135,327.8477480258161,333.2063293457031,10824544,0.0,0.0
2025-08-21,333.54733098798215,335.4959059845728,328.2374522291147,330.0885925292969,11135121,0.0,0.0
2025-08-22,329.79633120754704,330.1860402756887,326.8734685971404,328.33489990234375,8534844,0.0,0.0
2025-08-25,328.38357709319916,332.6217334984358,328.38357709319916,329.16302490234375,7142387,0.0,0.0
2025-08-26,327.50672909124484,328.72458843617204,323.21987014367994,324.6325988769531,13113388,0.0,0.0
2025-08-28,322.73272225755545,324.34029062561814,320.24830111899445,322.2942810058594,10486948,0.0,0.0
2025-08-29,322.4891416859791,322.976285404538,318.59199193750806,319.1278381347656,11813425,0.0,0.0
2025-09-01,319.56628091046656,323.07372164752593,319.56628091046656,322.1968688964844,6897558,0.0,0.0
2025-09-02,322.5866156168497,329.55276569305033,322.5866156168497,327.65289306640625,9224639,0.0,0.0
2025-09-03,327.8477560883596,329.3091873933597,324.9248934783593,325.6556091308594,10778333,0.0,0.0
2025-09-04,328.21439461647896,329.5922001613107,324.0809479480754,324.8190612792969,7934237,3.35,0.0
2025-09-05,324.8190278303053,326.54129209246787,320.7840327289342,323.4904479980469,5678244,0.0,0.0
2025-09-08,323.5396533737569,325.70479766845176,321.1776968920301,321.52215576171875,5239184,0.0,0.0
2025-09-09,322.40787692411345,322.94914796612073,318.52046842055296,318.9633483886719,9735495,0.0,0.0
2025-09-10,320.3411833904529,322.85075668455676,319.9967244983052,320.4888000488281,6509477,0.0,0.0
2025-09-11,321.27612134900113,328.21437421770185,320.8332413642303,325.8031921386719,10309925,0.0,0.0
2025-09-12,326.7381654455649,328.2143920966744,323.1952154761205,326.44293212890625,5257048,0.0,0.0
2025-09-15,325.75399588091045,328.5096067932287,325.40953700839407,325.8524169921875,6566824,0.0,0.0
2025-09-16,325.9508495004629,330.47792043843276,325.9508495004629,329.73980712890625,8784889,0.0,0.0
2025-09-17,330.1826904366309,332.1017970741923,329.2477348882994,331.06842041015625,7936518,0.0,0.0
2025-09-18,331.6589367547557,332.2494334501217,328.80490443338095,331.6097412109375,6497322,0.0,0.0
2025-09-19,331.6097369696617,334.1193103504831,331.1176614021352,333.28277587890625,10646331,0.0,0.0
2025-09-22,333.77484058661287,334.95583392381485,331.5113050632019,333.8240661621094,6966213,0.0,0.0
2025-09-23,334.0701182218535,338.6464150398427,332.7415081691703,337.5638427734375,10738268,0.0,0.0
2025-09-24,337.859074459081,344.8465535621512,336.82572777530635,342.0909423828125,14653575,0.0,0.0
2025-09-25,343.7639410802479,345.2401676180112,334.6113485596779,335.1034240722656,13228081,0.0,0.0
2025-09-26,335.103415304507,335.3494530543635,331.11761577039425,332.54461669921875,6337702,0.0,0.0
2025-09-29,333.72564016283786,338.301936718208,332.64306795855805,335.54632568359375,16922231,0.0,0.0
2025-09-30,335.6939524740484,337.61302913447474,333.77484577971336,335.05426025390625,8308029,0.0,0.0
2025-10-01,334.906586895859,337.6130022558381,332.692247055876,334.8573913574219,6022078,0.0,0.0
2025-10-03,334.85738658347327,338.0558774178488,333.3811600445307,336.57965087890625,8506827,0.0,0.0
2025-10-06,335.2018429831596,336.3828061852815,330.33028342692836,333.7256164550781,8436245,0.0,0.0
2025-10-07,333.7256386054779,335.98917408521186,331.511298666383,332.64306640625,16130172,0.0,0.0
2025-10-08,333.873279363479,333.873279363479,327.03341682205604,328.5096435546875,13223442,0.0,0.0
2025-10-09,328.50963282216907,331.06843174858204,325.9508639296648,330.52716064453125,6824759,0.0,0.0
2025-10-10,330.67476060726113,336.5304715065776,330.62556506716226,334.3161315917969,8970962,0.0,0.0
2025-10-13,332.59385741224963,336.67807823903706,330.87159308484115,336.284423828125,6663149,0.0,0.0
2025-10-14,336.5796673787888,337.5638184529958,329.88745208774424,331.314453125,7545848,0.0,0.0
2025-10-15,331.6097249828098,336.3336382467429,331.4128827493509,333.8732604980469,8121744,0.0,0.0
2025-10-16,334.8082010906468,337.1701576170371,334.26689998978424,336.08758544921875,6788416,0.0,0.0
2025-10-17,336.0875955620819,338.7448155054184,334.75898559041366,335.59552001953125,7032129,0.0,0.0
2025-10-20,335.98915545641324,338.9908341166594,334.9065833172082,336.53045654296875,6896835,0.0,0.0
2025-10-21,337.5146063671322,338.0558774178488,335.6446953906803,336.57965087890625,346988,0.0,0.0
2025-10-23,338.3511280827413,339.7289636169493,335.64471262240147,337.2193603515625,8710859,0.0,0.0
2025-10-24,337.0225797576888,337.809888679138,332.7907117116462,334.2177429199219,7584711,0.0,0.0
2025-10-27,335.30027158487513,337.4653858541025,335.0542338246966,336.3336181640625,6752390,0.0,0.0
2025-10-28,336.9733324003672,337.46540795294777,331.9541557572641,333.77484130859375,13186584,0.0,0.0
2025-10-29,333.8732464467879,344.45287032093074,333.77482533420056,341.99249267578125,15423201,0.0,0.0
2025-10-30,343.4687054454625,343.4687054454625,338.00667930652526,339.6797180175781,6721032,0.0,0.0
2025-10-31,339.5321459358775,339.5321459358775,330.28113115484126,331.6097412109375,18651312,0.0,0.0
2025-11-03,331.51129443302676,332.1509866227039,328.11596122287625,329.887451171875,10242245,0.0,0.0
2025-11-04,330.0842647112706,330.6747613633437,324.4746216013439,325.3603515625,11887651,0.0,0.0
2025-11-06,326.78737153452323,327.6731315809044,319.45546361771085,321.47296142578125,11587302,0.0,0.0
2025-11-07,321.96918999917244,324.6489703926429,318.4458030826677,323.6564636230469,8578167,2.75,0.0
2025-11-10,323.6564759060022,325.79035948383523,321.5722055529706,323.0113525390625,5246998,0.0,0.0
2025-11-11,323.50759497478134,324.9963551352011,320.43081791879985,324.20233154296875,6103758,0.0,0.0
2025-11-12,325.045991852091,325.7903719861034,323.1105913880966,324.6986083984375,6850550,0.0,0.0
2025-11-13,324.6986052641234,327.4776425776202,323.11058826911164,324.5001220703125,7276001,0.0,0.0
2025-11-14,324.5497141503254,327.4279777287404,323.75572084900506,325.9888610839844,9169855,0.0,0.0
2025-11-17,326.53474872536896,328.96640258675814,326.0881085340428,327.72576904296875,6283156,0.0,0.0
2025-11-18,326.58434091552317,327.2791077708557,324.6985841082101,325.9888610839844,6776200,0.0,0.0
2025-11-19,326.4851376137269,326.4851376137269,322.6143367009101,324.1527404785156,6935056,0.0,0.0
2025-11-20,325.5422439987782,327.52725768169756,323.7557437997128,324.1527404785156,5155775,0.0,0.0
2025-11-21,324.4008450132526,325.93921839679183,322.5647014242876,324.20233154296875,6142545,0.0,0.0
2025-11-24,324.25198377087,324.64898043320596,319.6368029183904,321.0263366699219,13719726,0.0,0.0
2025-11-25,321.02634838852583,323.16023202926664,320.08345477826816,321.27447509765625,8074651,0.0,0.0
2025-11-26,321.8699332644323,325.3437069580184,321.5721933491146,323.6564636230469,7101095,0.0,0.0
2025-11-27,324.6985812585232,326.2865981361298,322.5646977771625,324.8970947265625,6755179,0.0,0.0
2025-11-28,325.5422185834422,325.6910885402578,321.8203182185401,324.00384521484375,8930988,0.0,0.0
2025-12-01,324.64898681640625,325.79036360140253,323.0113566215068,324.64898681640625,6936186,0.0,0.0
2025-12-02,324.99637953010756,327.4776466503896,324.3016126208665,326.13775634765625,5806943,0.0,0.0
2025-12-03,326.5347444905355,326.5347444905355,318.8924298443442,320.53009033203125,8546132,0.0,0.0
2025-12-04,320.48044681758057,321.86995031082324,318.69394665325495,320.53009033203125,5965357,0.0,0.0
2025-12-05,319.8353213653072,321.72107825739164,318.54507462043483,320.87744140625,6574010,0.0,0.0
2025-12-08,320.7782138345562,320.7782138345562,315.4682963312413,317.1059265136719,7906928,0.0,0.0
2025-12-09,315.0712978277346,318.99168153992724,313.1855106643288,317.45330810546875,7152584,0.0,0.0
2025-12-10,317.45329868709297,321.2744558363941,317.1059152573559,319.190185546875,5484712,0.0,0.0
2025-12-11,319.2398151381619,321.0263456017354,316.7585480683971,320.1827087402344,6317942,0.0,0.0
2025-12-12,320.48043531438657,323.5075991866605,320.48043531438657,322.61431884765625,4261023,0.0,0.0
2025-12-15,320.6293026760478,322.8624429276532,319.1405425083109,321.5225830078125,10219819,0.0,0.0
2025-12-16,319.63681611268436,321.3737030848919,316.6592955889,318.5946960449219,5241263,0.0,0.0
2025-12-17,317.6021704766537,319.984180697448,317.1555303088596,318.8428039550781,5043027,0.0,0.0
2025-12-18,319.5871769831731,319.7360469395152,314.62464317908655,316.1134033203125,5554193,0.0,0.0
2025-12-19,316.56006636988315,318.1976965858744,315.12091934706694,317.5029296875,10833662,0.0,0.0
2025-12-22,317.55255595115347,321.224812858892,317.1059157851905,318.29693603515625,8925871,0.0,0.0
2025-12-23,318.6442927709519,322.3165800090179,317.8502994546204,320.82781982421875,6024641,0.0,0.0
2025-12-24,321.4729468801477,324.202340583696,319.8353167157995,320.133056640625,5678004,0.0,0.0
2025-12-26,320.1330440988337,323.3090778540973,319.88491740823196,321.67144775390625,4174183,0.0,0.0
2025-12-29,321.6714706127625,323.35871405541303,320.6293202648354,323.06097412109375,14043845,0.0,0.0
2025-12-30,322.5647108396016,323.11057746546095,320.9270806731198,322.4654541015625,8035909,0.0,0.0
2025-12-31,322.316576499899,328.1723604385753,322.2669632765072,327.0805969238281,8497983,0.0,0.0
