Date,open,high,low,close,volume,dividends,stock splits
2011-02-01,426.35051384001906,426.35051384001906,417.82645023937397,419.18536376953125,2314025,0.0,0.0
2011-02-02,424.3244926630143,424.3244926630143,416.56638517535214,419.53125,800823,0.0,0.0
2011-02-03,420.0254662973257,423.4350819141548,417.6288702932362,419.9266357421875,565111,0.0,0.0
2011-02-04,420.0006769449713,423.3855776866068,417.604055826812,419.2841491699219,814164,0.0,0.0
2011-02-07,422.4467379994847,422.9902931251819,415.6275077997938,417.2087707519531,959120,0.0,0.0
2011-02-08,416.81353659943744,421.43380752398775,416.81353659943744,419.87725830078125,425986,0.0,0.0
2011-02-09,418.5430164034508,421.9526318796968,417.08527219784025,418.8395080566406,564358,0.0,0.0
2011-02-10,417.15939295012527,420.51960603031216,416.8134988630159,418.6912536621094,854958,0.0,0.0
2011-02-11,418.64182061343195,418.64182061343195,415.6028134723157,417.1346740722656,409017,0.0,0.0
2011-02-14,419.5312699518826,419.5312699518826,413.2556202683784,416.3687438964844,1216769,0.0,0.0
2011-02-15,415.1827630694915,416.68990955923897,413.6509025218036,414.1697692871094,374141,0.0,0.0
2011-02-16,413.6509225209101,416.96173297518345,413.6509225209101,414.88629150390625,358410,0.0,0.0
2011-02-17,412.86029934140464,419.77836043272464,412.86029934140464,416.56640625,931646,0.0,0.0
2011-02-18,414.9110128118814,419.9266053186084,414.9110128118814,417.6041259765625,898193,0.0,0.0
2011-02-21,417.06060521598585,419.531317738691,416.24524670532674,417.43121337890625,606286,0.0,0.0
2011-02-22,416.813435391428,417.55465157395787,414.58978684383845,415.973388671875,483850,0.0,0.0
2011-02-23,414.04625847680455,419.35834271133507,414.04625847680455,417.0605773925781,808143,0.0,0.0
2011-02-24,417.55465712995755,417.80174632094713,414.1450420927215,416.0227966308594,691739,0.0,0.0
2011-02-25,417.50533322461246,418.048888442553,413.6015647615181,414.7628173828125,661406,0.0,0.0
2011-02-28,413.8485829457959,420.9890192526353,413.8485829457959,418.7159423828125,579746,0.0,0.0
2011-03-01,420.5196254988427,422.24914739504317,417.1841263248254,420.1490173339844,529910,0.0,0.0
2011-03-03,420.0254112839221,423.97860728138227,418.5182647831845,423.2126770019531,819343,0.0,0.0
2011-03-04,423.7316182918803,424.47283468848394,420.09965281046334,422.1256408691406,533439,0.0,0.0
2011-03-07,420.51961949769446,424.17632435120817,418.8642398103235,423.1880187988281,399242,0.0,0.0
2011-03-08,422.0021265163835,424.448150927878,421.75503725463335,423.6822204589844,278504,0.0,0.0
2011-03-09,423.97868591437674,424.96696582931577,422.1997358249575,423.533935546875,314436,0.0,0.0
2011-03-10,422.89144338525614,424.47270626562425,421.50784157621996,423.60797119140625,279444,0.0,0.0
2011-03-11,422.6939044674144,426.943593038873,422.0268045814571,423.6327819824219,216526,0.0,0.0
2011-03-14,423.63268225875447,424.96688171659696,423.4350211768305,423.9538879394531,564945,0.0,0.0
2011-03-15,420.5195689325148,429.36481264670033,420.5195689325148,427.09173583984375,1289602,0.0,0.0
2011-03-16,427.09171826304345,432.2802573498816,427.06700420564965,430.6248779296875,551888,0.0,0.0
2011-03-17,429.3648771726501,435.3440617184197,427.93184692380015,430.773193359375,545876,0.0,0.0
2011-03-18,432.2803215115545,432.2803215115545,428.92013405763925,429.4884033203125,392671,0.0,0.0
2011-03-21,430.05664882041594,431.6132235366401,427.5117943095322,429.7354431152344,954622,0.0,0.0
2011-03-22,430.89664099602294,434.8498367442339,428.69768083857383,433.8121032714844,729206,0.0,0.0
2011-03-23,433.56508705196444,434.72633962238103,431.415580336183,432.52740478515625,911007,0.0,0.0
2011-03-24,432.87330849004144,434.8499195858474,431.3908758584794,433.1944885253906,1009656,0.0,0.0
2011-03-25,433.8616246270056,434.60284096087713,430.15551726735475,432.4779968261719,1523696,0.0,0.0
2011-03-28,431.02022507132074,435.7393257926655,431.02022507132074,432.8979797363281,1016908,0.0,0.0
2011-03-29,433.1450293219657,434.5533195016077,432.3790990907306,433.0461730957031,840539,0.0,0.0
2011-03-30,432.9226989746094,433.9110044365898,432.132054605025,432.9226989746094,1780691,0.0,0.0
2011-03-31,434.3556938799113,438.308864260981,432.8732614095826,435.36871337890625,2826533,0.0,0.0
2011-04-01,435.3440471072418,436.9253359854765,432.87330892529246,436.45587158203125,983953,0.0,0.0
2011-04-04,439.7913305083004,441.7184618142427,437.320592696456,440.4584045410156,1360849,0.0,0.0
2011-04-05,439.791408415536,441.27384108913407,438.7536747156656,439.96435546875,1944434,0.0,0.0
2011-04-06,439.7914413671964,441.2738741518667,438.95136871956856,440.3597106933594,1200357,0.0,0.0
2011-04-07,440.0384668972344,443.2504216340927,440.0384668972344,442.410400390625,2580329,0.0,0.0
2011-04-08,441.42204847742795,444.7575731801458,439.9643299503506,440.7549743652344,1513790,0.0,0.0
2011-04-11,439.7913279243747,439.7913279243747,412.1684618808521,415.25689697265625,527848,0.0,0.0
2011-04-13,412.63795227645795,443.2503753312972,412.1191111466987,439.9890441894531,1180687,0.0,0.0
2011-04-15,424.9669057751981,436.18408289340994,400.4077847038132,422.17498779296875,2174640,0.0,0.0
2011-04-18,423.87983250675666,426.7211788557855,410.85904173367555,412.8109130859375,422983,0.0,0.0
2011-04-19,410.1424878278986,417.0111467535931,404.2127319622921,410.34014892578125,261151,0.0,0.0
2011-04-20,414.09567308074634,424.9175022956624,412.8603040969848,422.7679443359375,199964,0.0,0.0
2011-04-21,420.09957460673064,422.4467679891317,411.6249386804318,413.15679931640625,355996,0.0,0.0
2011-04-25,410.58725596288036,416.3193509793788,397.29468784997164,413.1321105957031,2504228,0.0,0.0
2011-04-26,407.67171270846256,429.90835298475804,406.1892802994916,427.95648193359375,3358251,0.0,0.0
2011-04-27,428.87075050585383,439.76672387325556,417.06063937736997,423.6327819824219,3678291,0.0,0.0
2011-04-28,424.3245226665904,429.414231619727,419.7536548183384,424.1268615722656,4136209,0.0,0.0
2011-04-29,422.496156497738,433.54038628656076,422.496156497738,428.25299072265625,909329,0.0,0.0
2011-05-02,427.88239862526103,430.89669179202303,424.9916243752974,427.5859069824219,368088,0.0,0.0
2011-05-03,426.64709323789737,430.8967560382976,422.81744105975787,427.2153625488281,460933,0.0,0.0
2011-05-04,425.55989366122037,433.3427414836859,421.5820090772456,429.1424560546875,472250,0.0,0.0
2011-05-05,429.63658153680103,429.63658153680103,409.5494987959921,417.9994201660156,699780,0.0,0.0
2011-05-06,418.04894519530137,428.9202051717105,413.1815845639879,423.78106689453125,618480,0.0,0.0
2011-05-09,423.9786594994037,429.2660299322482,421.11259911308514,422.59503173828125,209901,0.0,0.0
2011-05-10,423.4844892016757,425.3622439666245,419.8277845317626,422.2738342285156,238243,0.0,0.0
2011-05-11,422.49615157231204,426.94350030625503,420.51956640738695,424.3739318847656,345870,0.0,0.0
2011-05-12,426.44930508855015,434.35564496023113,425.01627520649345,427.1905212402344,624395,0.0,0.0
2011-05-13,435.8381144853136,438.3088523287931,429.09302637670936,431.2425842285156,890579,0.0,0.0
2011-05-16,429.93309116524125,434.30632353571605,416.54169354714554,418.32061767578125,418364,0.0,0.0
2011-05-17,418.09826142182607,423.9291864404571,413.25561615180374,418.07354736328125,611463,0.0,0.0
2011-05-18,421.0137915738576,424.34929085317947,414.2686765179608,415.03460693359375,250506,0.0,0.0
2011-05-19,413.1073571465012,422.42203956176763,413.1073571465012,420.371337890625,183240,0.0,0.0
2011-05-20,420.02541122311067,427.93177752659716,417.6535039010936,426.30108642578125,351850,0.0,0.0
2011-05-23,424.96686157960414,428.92005734047336,420.17364479579544,427.8576354980469,442647,0.0,0.0
2011-05-24,428.42596027509825,431.81088731434915,422.1255705725805,429.3648376464844,274773,0.0,0.0
2011-05-25,429.90842591816016,431.8850113622094,422.44680880204373,424.9669494628906,331727,0.0,0.0
2011-05-26,424.96689726415997,434.3556962378864,420.51957413874106,428.6730041503906,753438,0.0,0.0
2011-05-27,422.57034705177557,431.366163705861,422.57034705177557,429.5378112792969,149688,0.0,0.0
2011-05-30,426.474081307746,434.8499128941746,423.7809936891646,425.8316955566406,136178,0.0,0.0
2011-05-31,421.0137364860056,436.8264441478945,421.0137364860056,431.7861633300781,421472,0.0,0.0
2011-06-01,432.3791364084119,440.2607631489496,432.3791364084119,438.8277587890625,263708,0.0,0.0
2011-06-02,436.8264847104604,439.0007569427718,434.8004968476093,437.24652099609375,203189,0.0,0.0
2011-06-03,438.65484458394116,447.05531304403195,436.33233945942345,439.9890441894531,395686,0.0,0.0
2011-06-06,439.29726052766944,444.7329158834882,436.085305717681,443.22576904296875,221008,0.0,0.0
2011-06-07,439.8901577617975,444.6339725469192,438.06183121253497,442.336181640625,160799,0.0,0.0
2011-06-08,438.9265656577793,441.76791171247487,433.6391957282223,434.4298400878906,147586,0.0,0.0
2011-06-09,435.8381365457171,437.29590637214363,425.97992442101435,429.0930480957031,145765,0.0,0.0
2011-06-10,429.9083928214361,430.6249207250461,426.44937498321747,429.3648376464844,153497,0.0,0.0
2011-06-13,430.8472836056155,435.34403519460903,426.69645179441636,434.6275329589844,104562,0.0,0.0
2011-06-14,430.1060643125948,441.7679409377471,430.1060643125948,436.5299987792969,107751,0.0,0.0
2011-06-15,435.6404809811331,436.2581783262512,409.2530330534783,431.4649353027344,206535,0.0,0.0
2011-06-16,430.52605962020664,434.42982749749723,427.0176139112932,431.6872863769531,81460,0.0,0.0
2011-06-17,429.90840211477064,432.37916589589577,428.42596953638696,430.0072326660156,174819,0.0,0.0
2011-06-20,428.42597295078974,430.5261029137648,409.35188193082155,417.900634765625,416487,0.0,0.0
2011-06-21,421.48318430142547,422.8173838675141,412.8356011816672,415.8993225097656,145627,0.0,0.0
2011-06-22,417.30760102999034,421.45843233323177,411.57548108529426,419.5065612792969,92746,0.0,0.0
2011-06-23,420.51964707690996,422.12562443713404,417.0606287973097,418.74072265625,141282,0.0,0.0
2011-06-24,416.0722283504216,436.8264103686868,416.0722283504216,434.45452880859375,290039,0.0,0.0
2011-06-27,432.13203605013155,439.17364151609166,432.13203605013155,436.2828674316406,149592,0.0,0.0
2011-06-28,436.48053232092315,439.22307346149734,432.55207604713434,436.8758544921875,193209,0.0,0.0
2011-06-29,435.4675636071612,442.2621321051082,434.8252035393955,440.8537902832031,357920,0.0,0.0
2011-06-30,441.52087300654574,443.69509361072545,433.3921056578961,439.7913513183594,538566,0.0,0.0
2011-07-01,441.27378425675374,442.2620897053957,438.87713712122456,441.3725891113281,93286,0.0,0.0
2011-07-04,439.8901767957552,445.69643945985695,439.8901767957552,443.7692565917969,174182,0.0,0.0
2011-07-05,440.5819593043544,445.67171968782475,437.41943314482506,439.71722412109375,220427,0.0,0.0
2011-07-06,438.8030617240698,439.24781203671085,433.86158568803165,435.12164306640625,47906,0.0,0.0
2011-07-07,432.87326377416025,445.671703691107,432.87326377416025,441.1749267578125,243327,0.0,0.0
2011-07-08,438.87705857368013,458.5688677040946,438.87705857368013,452.3919982910156,582664,0.0,0.0
2011-07-11,453.1333679772633,459.55732873065665,450.9591470230646,454.1216735839844,320013,0.0,0.0
2011-07-12,454.1215504235404,454.1215504235404,448.2906259961486,450.09423828125,208047,0.0,0.0
2011-07-13,451.0578802814197,457.0865178349905,449.18012561706445,454.0227966308594,327581,0.0,0.0
2011-07-14,456.0487667774813,456.0734808353513,445.22693812336206,448.1918029785156,195061,0.0,0.0
2011-07-15,449.1801597313126,450.81087669249865,440.2855127686241,448.29071044921875,158613,0.0,0.0
2011-07-18,447.6977754039464,451.65094654907523,444.18930325751904,445.49884033203125,90817,0.0,0.0
2011-07-19,443.9668460082703,450.1683784880792,441.5208224185357,449.0812683105469,151085,0.0,0.0
2011-07-20,449.18010324240066,455.0851702077379,447.22825787939746,452.91094970703125,341150,0.0,0.0
2011-07-21,452.0462380805408,462.1515661365436,450.8849854651036,459.0137023925781,631581,0.0,0.0
2011-07-22,457.70422150679826,464.0046117407834,457.70422150679826,460.5702819824219,243967,0.0,0.0
2011-07-25,458.7665973401348,467.95770929007955,457.08650381726653,466.6482238769531,419797,0.0,0.0
2011-07-26,466.47527233185554,469.44018856164405,462.6703350390601,466.005859375,391094,0.0,0.0
2011-07-27,462.1514802527633,465.43757637555126,450.83552494144647,453.8251037597656,237615,0.0,0.0
2011-07-28,453.6274625170488,461.929125315923,442.43502562123797,456.073486328125,648056,0.0,0.0
2011-07-29,466.47529407317563,466.47529407317563,448.0188759371255,456.7652893066406,465884,0.0,0.0
2011-08-01,453.13333254645477,459.3102035700471,451.79913292685023,453.33099365234375,452884,0.0,0.0
2011-08-02,452.1449198855058,457.08639441977357,450.71186452506254,454.64031982421875,206291,0.0,0.0
2011-08-03,449.6742436705711,454.61571887574223,447.3517390204147,450.9590148925781,117495,0.0,0.0
2011-08-04,450.7613592305732,455.60397827177167,443.0526290450127,445.6222229003906,143594,0.0,0.0
2011-08-05,439.8901771129795,444.70813428660404,432.379158114695,442.2373962402344,239569,0.0,0.0
2011-08-08,432.3791578448945,444.2386696317196,428.4259615589952,431.1190490722656,289932,0.0,0.0
2011-08-09,424.99163053342585,439.7913703789019,420.0254404019188,432.4532470703125,352463,0.0,0.0
2011-08-10,434.1332857486288,437.32057697436625,426.6222677333271,434.9733581542969,249792,0.0,0.0
2011-08-11,428.52477592069823,444.2386528504196,428.52477592069823,438.85247802734375,157419,0.0,0.0
2011-08-12,437.4441190547241,443.5962753218183,425.01631330133057,429.9330749511719,233305,0.0,0.0
2011-08-16,430.6743648450189,438.8031076477866,425.0905025055766,427.11651611328125,109572,0.0,0.0
2011-08-17,425.46104190154983,441.7679016149519,425.46104190154983,431.3166809082031,184213,0.0,0.0
2011-08-18,431.36613053114775,434.7263177698817,425.708152327806,429.1424560546875,93286,0.0,0.0
2011-08-19,420.2972522007214,432.2803352189608,420.2972522007214,428.4259948730469,194860,0.0,0.0
2011-08-22,429.908386290783,434.70160362400935,421.8290725173329,431.4649353027344,210892,0.0,0.0
2011-08-23,436.3323425246203,438.4571865602637,426.3011313522642,432.52740478515625,144719,0.0,0.0
2011-08-24,431.39085626063195,434.8004717105617,426.05405792498846,429.3895568847656,203507,0.0,0.0
2011-08-25,426.2763961869857,434.80043407396397,424.96688508628364,430.6990051269531,282293,0.0,0.0
2011-08-26,429.95779236307897,433.8121321415451,415.0839370074592,421.87847900390625,209001,0.0,0.0
2011-08-29,422.49615934000616,431.98381454860004,421.5078795845185,428.6730041503906,260170,0.0,0.0
2011-08-30,429.93305904141573,442.26205948709253,426.943480221549,437.54290771484375,162589,0.0,0.0
2011-09-02,443.49746125272526,444.7328559874262,427.4870917961295,429.9825439453125,206575,0.0,0.0
2011-09-05,430.4025482435716,430.4025482435716,422.7679589257553,428.9942321777344,330754,0.0,0.0
2011-09-06,428.4259020019757,429.7601013883226,422.0513966772391,423.60797119140625,269247,0.0,0.0
2011-09-07,427.3882500057252,431.0943313512017,423.97863461565424,428.2035827636719,245734,0.0,0.0
2011-09-08,430.42726715645847,435.3193151971846,428.9201205239056,430.5508117675781,146778,0.0,0.0
2011-09-09,429.4142493172638,430.97082407665016,419.0865723194651,421.3349609375,170066,0.0,0.0
2011-09-12,418.2959869890105,419.481928008209,412.61326837480135,415.40521240234375,213823,0.0,0.0
2011-09-13,415.6275879888213,426.3752764300476,411.13083607971294,419.45721435546875,218661,0.0,0.0
2011-09-14,422.96563008125185,422.96563008125185,412.6132389353552,418.6912536621094,159908,0.0,0.0
2011-09-15,422.7432587673597,424.966907538686,417.55469358701777,421.63140869140625,177954,0.0,0.0
2011-09-16,419.0371981221128,430.84730849387256,419.0371981221128,429.784912109375,556816,0.0,0.0
2011-09-19,424.9668937232466,425.75753807328067,421.01372335365505,424.2256774902344,124381,0.0,0.0
2011-09-20,422.7432357943698,434.7510053017524,421.11254470317243,432.97210693359375,123494,0.0,0.0
2011-09-21,432.9721557196686,444.73286304336756,430.55082002287014,443.69512939453125,188577,0.0,0.0
2011-09-22,431.5638331157132,436.332362539136,418.0488893024703,422.0762023925781,269787,0.0,0.0
2011-09-23,422.99033412717375,426.1528860283387,416.12167514645796,422.66912841796875,352223,0.0,0.0
2011-09-26,422.6691534110473,423.97866469501577,411.62497369935335,417.8265075683594,211659,0.0,0.0
2011-09-27,418.54299468677334,424.966903101699,418.54299468677334,422.54559326171875,127284,0.0,0.0
2011-09-28,428.4259217250049,428.4259217250049,401.4454668392832,411.82257080078125,310143,0.0,0.0
2011-09-29,413.9474279270666,427.43765664244177,405.201014208947,424.9422302246094,279342,0.0,0.0
2011-09-30,422.0020488648742,422.8420956815998,407.152906678621,413.9721374511719,523564,0.0,0.0
2011-10-03,408.9811722991763,412.0942953802807,401.74190680742936,408.4375915527344,290787,0.0,0.0
2011-10-04,405.22567739352536,414.5403591794752,402.8537701926864,410.61187744140625,217724,0.0,0.0
2011-10-05,408.41297493057647,413.99683648998325,403.5456155537568,408.51177978515625,170960,0.0,0.0
2011-10-07,412.613215807152,423.336214499693,412.613215807152,413.52740478515625,332111,0.0,0.0
2011-10-10,413.5274029317117,419.9760254157988,407.7211661520658,409.30242919921875,276322,0.0,0.0
2011-10-11,413.9968188136274,420.02540472240076,409.6730147730583,410.5130615234375,327870,0.0,0.0
2011-10-12,415.92400651333026,444.73284149062687,414.713351568748,418.37005615234375,199049,0.0,0.0
2011-10-13,419.08653230902655,420.396017720161,408.8082587229727,413.60150146484375,194288,0.0,0.0
2011-10-14,416.8875413958435,422.3478834711594,413.1073184077025,417.455810546875,155703,0.0,0.0
2011-10-17,415.5781049230364,418.88888968379604,407.17761126101595,407.77056884765625,152424,0.0,0.0
2011-10-18,401.7419778943205,405.9175234624236,397.3440571774023,403.1255798339844,263543,0.0,0.0
2011-10-19,405.69514184800005,412.53908633165145,401.7419714917141,411.5260925292969,321419,0.0,0.0
2011-10-20,407.6717593215367,410.01897849117245,398.282959713868,400.7784118652344,236097,0.0,0.0
2011-10-21,404.1385910585421,407.67172516659787,400.75366422950856,406.5351867675781,159173,0.0,0.0
2011-10-24,412.6132501050435,415.0345858512307,402.2361703079336,403.76800537109375,434443,0.0,0.0
2011-10-25,409.1541901900325,418.5429891689514,403.7185616158301,414.63922119140625,361148,0.0,0.0
2011-10-28,420.00075884445795,433.5650785114366,419.01245333797743,420.93963623046875,222685,0.0,0.0
2011-10-31,421.4831859100871,431.04495806698,421.2855248113721,422.44677734375,256177,0.0,0.0
2011-11-01,422.496198252131,427.43767455555115,414.120392321193,417.38177490234375,146848,0.0,0.0
2011-11-02,415.08403400136183,423.4845550093348,414.58990686348886,421.3597106933594,108793,0.0,0.0
2011-11-03,418.12296516175667,424.9669099294383,413.6509278443409,422.79266357421875,217279,0.0,0.0
2011-11-04,422.49624252238965,429.4143049340121,422.49624252238965,425.9305725097656,198182,0.0,0.0
2011-11-08,424.47274158879674,427.2646851859809,417.23350058741727,420.3960266113281,140173,0.0,0.0
2011-11-09,420.79142721864594,422.4715467779405,408.66011056896144,410.2908020019531,234356,0.0,0.0
2011-11-11,407.67176150144996,412.4897187878292,405.6951761561544,409.8213195800781,203608,0.0,0.0
2011-11-14,410.7601700735025,414.5898215912596,401.741979152889,403.3232421875,160414,0.0,0.0
2011-11-15,403.32324551033076,403.7185676948129,382.9643585318212,389.70947265625,399048,0.0,0.0
2011-11-16,386.4233728895559,388.3999579730007,365.7185934021523,370.5118103027344,559714,0.0,0.0
2011-11-17,369.6224193610529,369.6224193610529,353.31553205112004,356.6263427734375,402315,0.0,0.0
2011-11-18,354.30384219703984,365.570397076764,346.89162760266294,361.2960205078125,311235,0.0,0.0
2011-11-21,361.71601893343217,365.6445009919879,354.00731347925495,356.25567626953125,324777,0.0,0.0
2011-11-22,360.6783453323189,363.1984859388132,342.5431312430539,345.68096923828125,745905,0.0,0.0
2011-11-23,345.4091626300039,345.4091626300039,327.5704160122124,337.2557067871094,671728,0.0,0.0
2011-11-24,336.7615913670126,344.29732444279983,322.1842265833399,339.0593566894531,575015,0.0,0.0
2011-11-25,335.77327499256455,345.1620741484403,330.09058279482053,340.51708984375,242589,0.0,0.0
2011-11-28,348.3246089284775,354.37790895726965,336.1191526389375,348.8681640625,556917,0.0,0.0
2011-11-29,350.84474547144305,351.6848179118137,341.45594687418685,344.42083740234375,620359,0.0,0.0
2011-11-30,344.4208779339241,346.5951243930283,332.067187354724,340.4429931640625,535581,0.0,0.0
2011-12-01,348.37403029953117,352.3272264908948,343.4325543280443,346.2986145019531,358800,0.0,0.0
2011-12-02,344.91501873177606,360.72772671051354,344.69264357436435,357.4910583496094,269555,0.0,0.0
2011-12-05,358.20757951745776,363.19845791318653,350.84476799470093,354.9215087890625,236487,0.0,0.0
2011-12-07,355.78623835016117,360.2335872028988,353.31550040543584,359.5170593261719,156972,0.0,0.0
2011-12-08,356.77452216778715,357.1945583828394,348.3987174464733,350.74591064453125,226753,0.0,0.0
2011-12-09,348.0281030460907,354.32849201609116,336.04502238877427,341.2829895019531,503266,0.0,0.0
2011-12-12,345.9033235913691,345.9033235913691,332.24014694660787,336.0945129394531,533756,0.0,0.0
2011-12-13,336.0203931126355,340.96186985973736,325.93980418361843,337.20635986328125,435339,0.0,0.0
2011-12-14,332.68493590354666,335.9215791842942,328.9541140952648,330.9554138183594,203521,0.0,0.0
2011-12-15,328.6080743608292,335.7238212400647,326.73031995477726,330.38702392578125,358494,0.0,0.0
2011-12-16,330.09060870484296,336.02036488912796,317.4157121508229,320.874755859375,489024,0.0,0.0
2011-12-19,319.9358406354884,320.70177091787133,315.26614245683163,318.1568908691406,402022,0.0,0.0
2011-12-20,317.7616380032061,320.6523868122821,309.68232353223124,311.4859619140625,268458,0.0,0.0
2011-12-21,316.2791733857782,325.64328490077565,313.78372116048115,323.1972351074219,272771,0.0,0.0
2011-12-22,324.1114204286268,327.9904746775237,316.74860845270996,321.0476989746094,285390,0.0,0.0
2011-12-23,321.1959627612167,328.60817787932854,320.18296876310825,325.0997314453125,327100,0.0,0.0
2011-12-26,325.6432152297848,331.4741396079414,321.24529504519376,322.75244140625,326017,0.0,0.0
2011-12-27,322.6783246726773,330.7823513041815,319.26870982113707,328.8798828125,189494,0.0,0.0
2011-12-28,330.8318336534003,333.5496354308629,323.4443330236005,324.58087158203125,226136,0.0,0.0
2011-12-29,324.1607912097407,324.1607912097407,312.6471485107975,315.46380615234375,364829,0.0,0.0
2011-12-30,316.2544617845087,322.1348412684506,315.76033470006325,317.2427673339844,260923,0.0,0.0
2012-01-02,319.49110256233905,321.19591021921053,312.17771920308815,315.34027099609375,99182,0.0,0.0
2012-01-03,318.67575108624584,331.07884262771614,316.25441568810396,329.6211242675781,462201,0.0,0.0
2012-01-04,330.5847585905046,332.53662990709256,324.309082675968,328.361083984375,236381,0.0,0.0
2012-01-05,326.18688569226043,329.59650175252875,323.66671905362114,326.3598327636719,266121,0.0,0.0
2012-01-06,326.13740776823676,331.8448143951785,319.7629270220704,329.6952819824219,218281,0.0,0.0
2012-01-09,331.5235755710522,337.453330622677,330.5846983301355,335.47674560546875,301978,0.0,0.0
2012-01-10,336.5145322646223,351.3389619041314,336.5145322646223,349.4364929199219,225252,0.0,0.0
2012-01-11,348.84345010428666,352.17894877363136,345.236173867853,348.10223388671875,114911,0.0,0.0
2012-01-12,349.36234741733864,365.47154729011106,346.64454581852823,354.4273681640625,243271,0.0,0.0
2012-01-13,360.1347206979489,360.1841231205714,349.8564477637334,357.1698303222656,237945,0.0,0.0
2012-01-16,361.29080605040247,364.0726615795643,358.63426731083666,361.4913024902344,200402,6.0,0.0
2012-01-17,362.6941922951543,378.683610073257,362.6941922951543,376.2776794433594,284852,0.0,0.0
2012-01-18,377.3553554401517,379.1848655312852,368.7841995563329,373.7715148925781,242707,0.0,0.0
2012-01-19,375.92683130615,378.4330103552497,369.93708578937,373.3204040527344,243795,0.0,0.0
2012-01-20,372.418205553152,381.74118455166234,372.36806842034457,377.8064880371094,377257,0.0,0.0
2012-01-23,377.20502241765183,380.8891116752759,373.946994580369,375.8516845703125,126523,0.0,0.0
2012-01-24,375.85159238880925,384.9490308045494,370.16256632344243,382.3175354003906,785240,0.0,0.0
2012-01-25,384.94913700714204,385.95159310996075,375.5259089231084,377.2301025390625,466327,0.0,0.0
2012-01-27,380.8389336708811,380.8389336708811,372.5184371123498,377.7814025878906,318276,0.0,0.0
2012-01-30,374.4231358206259,378.88414184260205,368.65892919605,371.56610107421875,315550,0.0,0.0
2012-01-31,370.9144252274705,372.36801097262037,355.3009322924745,366.52862548828125,1455333,0.0,0.0
2012-02-01,359.88733496473697,368.88450140063367,357.8322596118646,366.7542724609375,427359,0.0,0.0
2012-02-02,368.40828948602024,370.4382960535707,360.8897524340851,367.1301574707031,309116,0.0,0.0
2012-02-03,366.4033616233811,376.9293189991342,366.4033616233811,375.90179443359375,496877,0.0,0.0
2012-02-06,378.4079830345651,392.768389041043,376.9293284762628,390.5128173828125,887043,0.0,0.0
2012-02-07,390.9639169736082,395.9762752176135,385.97662729611125,389.3850402832031,283020,0.0,0.0
2012-02-08,390.9638865804253,394.84847173518546,385.8262380208768,393.52020263671875,246770,0.0,0.0
2012-02-09,394.87355017026704,402.64269461519115,391.11428168553607,401.5650329589844,320814,0.0,0.0
2012-02-10,401.48987882943953,401.48987882943953,391.01405832526166,396.1517333984375,249531,0.0,0.0
2012-02-13,396.47750830494857,406.4521135187664,391.139363038562,403.82061767578125,252484,0.0,0.0
2012-02-14,402.69287202279725,402.69287202279725,394.3974171732538,396.27703857421875,172197,0.0,0.0
2012-02-15,399.4598288166406,403.1940285682903,396.97871850356046,400.4623107910156,138022,0.0,0.0
2012-02-16,400.33702740312674,402.96852326113384,390.93886885978816,400.71295166015625,97667,0.0,0.0
2012-02-17,401.4898922372908,420.9378368292109,397.4800158884338,411.8905334472656,452417,0.0,0.0
2012-02-21,412.6173321612314,420.536862565297,412.54212645972063,414.6473388671875,292398,0.0,0.0
2012-02-22,415.9755681827002,418.4316100008354,400.98860556744575,405.2491149902344,292332,0.0,0.0
2012-02-23,404.9985330256273,413.51952634905416,401.0888790281155,407.5297546386719,563077,0.0,0.0
2012-02-24,400.9886655609335,412.0158650039975,394.47260974563403,397.0289001464844,285206,0.0,0.0
2012-02-27,395.97625832893885,399.9861603883984,376.97941930968386,387.65576171875,310422,0.0,0.0
2012-02-28,389.9614339678504,408.98331498839065,384.99918714153614,406.7528381347656,332857,0.0,0.0
2012-02-29,408.5071673880404,412.96817348410815,395.97627188353607,399.1090087890625,171337,0.0,0.0
2012-03-01,396.4775734259213,409.5097119513322,392.0165666490143,407.329345703125,218886,0.0,0.0
2012-03-02,407.3543185642067,412.5170620101935,395.9762646126867,398.8583679199219,256531,0.0,0.0
2012-03-05,396.477493205307,398.98367218161764,372.3680483261425,384.1470947265625,257891,0.0,0.0
2012-03-06,383.4453288775743,398.2819052322386,380.96421865033216,394.071533203125,296734,0.0,0.0
2012-03-07,393.47012339691895,399.45989556234355,388.95900587606616,395.901123046875,170523,0.0,0.0
2012-03-09,395.9512553029812,404.8481734525902,392.4425939084521,395.5502624511719,277121,0.0,0.0
2012-03-12,400.9886444175882,407.0034848982547,395.9762860366333,404.87322998046875,286504,0.0,0.0
2012-03-13,407.98094893861185,410.71266739560855,402.141535587778,404.2216796875,293933,0.0,0.0
2012-03-14,406.50219642621823,410.0358998125602,404.02108609237814,406.3518371582031,205674,0.0,0.0
2012-03-15,406.0009908882777,407.00347295858097,396.2519504750818,402.5675354003906,228085,0.0,0.0
2012-03-16,400.9886177958724,408.50715486814755,382.14216404292677,387.0292053222656,358378,0.0,0.0
2012-03-19,388.40765380859375,392.54284704180645,377.98194376607813,388.40765380859375,235427,0.0,0.0
2012-03-20,390.26217779800027,395.4248949559059,384.94907531055225,392.8435363769531,263257,0.0,0.0
2012-03-21,393.0691868392811,406.85317402716555,388.006690721516,401.6904296875,271898,0.0,0.0
2012-03-22,400.9886259858026,408.00594824362355,387.0041446610431,394.7733154296875,343254,0.0,0.0
2012-03-23,395.9763076527066,397.10410659114837,387.1295003603165,390.2622375488281,200286,0.0,0.0
2012-03-26,390.46272004558233,391.9664171647727,381.56577593356707,383.92156982421875,198848,0.0,0.0
2012-03-27,391.7157773086727,393.44503927642495,378.2575797566011,381.3401794433594,286104,0.0,0.0
2012-03-28,382.96928071227154,388.45781248036104,378.4330940664471,386.00177001953125,153490,0.0,0.0
2012-03-29,385.95157126301973,385.95157126301973,368.7591986054081,373.646240234375,457950,0.0,0.0
2012-03-30,373.74648184091484,381.84144000364887,369.1852274325268,380.6885986328125,337240,0.0,0.0
2012-04-02,376.50327709891684,389.435166024919,376.50327709891684,386.8788757324219,204066,0.0,0.0
2012-04-03,388.45777261173697,397.8810267583709,386.9290068587499,395.3748474121094,174274,0.0,0.0
2012-04-04,393.19436669513965,397.4799443993816,391.01400105715527,394.6980895996094,175436,0.0,0.0
2012-04-09,394.848516692196,395.70061345504627,383.44539345756544,386.1520690917969,238604,0.0,0.0
2012-04-10,383.5456095575123,393.9713183781727,383.3952502832219,391.6907043457031,185441,0.0,0.0
2012-04-11,388.95899293688143,390.9639310951412,383.44539345756544,386.1520690917969,175306,0.0,0.0
2012-04-12,387.1295166447175,397.98128870245466,386.45284767670995,395.34979248046875,189327,0.0,0.0
2012-04-13,395.5251804657131,409.50966237475,394.57283550437387,396.5025939941406,314952,0.0,0.0
2012-04-16,393.59536573017755,405.4997281633577,391.8661039066298,402.54241943359375,193405,0.0,0.0
2012-04-17,400.48741703731434,410.51213348910596,397.4799968900167,407.4796447753906,266201,0.0,0.0
2012-04-18,411.0132981384253,421.0380133627478,410.18627007711365,416.251220703125,504414,0.0,0.0
2012-04-19,412.06594874303715,417.2286923980403,410.06101062972,416.00067138671875,218587,0.0,0.0
2012-04-20,413.0684523741845,416.8527898729424,405.1739902258078,406.4521484375,194269,0.0,0.0
2012-04-23,403.7955125266472,407.9808421419948,393.79586571157364,395.3998107910156,118083,0.0,0.0
2012-04-24,396.9787519200314,403.4948071255757,395.24948991276926,399.0087585449219,284787,0.0,0.0
2012-04-25,399.48496581361206,399.48496581361206,387.45531035438967,390.21209716796875,356513,0.0,0.0
2012-04-26,388.35747103523767,390.96389823957884,382.4429052683555,387.5555114746094,241099,0.0,0.0
2012-04-27,390.9639895695294,400.9636654066166,388.3575617563217,394.1217956542969,651646,0.0,0.0
2012-04-30,391.4651661878464,393.4701043155734,386.25231142047545,388.2823181152344,247749,0.0,0.0
2012-05-02,387.73093741452635,388.3574691325351,381.5908067075629,384.2473449707031,305945,0.0,0.0
2012-05-03,381.84145239379444,388.2071487068306,376.90427355721715,383.7210998535156,284819,0.0,0.0
2012-05-04,379.9868886722462,385.5756680803467,373.4457642418187,375.5760192871094,218211,0.0,0.0
2012-05-07,370.9144564311088,385.95153004556454,365.92716712426875,381.2148742675781,364763,0.0,0.0
2012-05-08,380.5382219627134,388.4577258542585,362.86965188064073,365.8269348144531,378986,0.0,0.0
2012-05-09,362.41855086239383,367.30559222043814,352.87000706329786,359.3108825683594,457979,0.0,0.0
2012-05-10,355.87739475237964,364.8996548589289,355.87739475237964,360.7143249511719,471823,0.0,0.0
2012-05-11,357.4312182281583,360.78949384527596,351.366267265555,355.1506042480469,209460,0.0,0.0
2012-05-14,353.3712056507873,359.9624661871467,350.3638117598727,357.58160400390625,215632,0.0,0.0
2012-05-15,353.87245431105896,365.9021083114723,351.9928330885567,362.89471435546875,168518,0.0,0.0
2012-05-16,355.87741942241064,358.88483966640655,351.36630208581755,354.57421875,281434,0.0,0.0
2012-05-17,355.87741648116076,360.3634912722553,341.4668992668658,346.2536926269531,299737,0.0,0.0
2012-05-18,342.29390453011564,350.3638196885824,333.5724151432581,346.5043029785156,288921,0.0,0.0
2012-05-21,346.40405578064417,352.84493115161547,343.3464986233287,343.4467468261719,249478,0.0,0.0
2012-05-22,344.95047536440177,350.3638262865737,333.97341424279756,336.2540283203125,149817,0.0,0.0
2012-05-23,335.276638993894,338.0334517851915,331.3670108566893,335.0260314941406,232347,0.0,0.0
2012-05-24,335.4270156683336,343.34651994964617,333.94836109925365,341.9681396484375,117652,0.0,0.0
2012-05-25,341.6423329354273,348.86012594897835,337.4068916247796,345.6271667480469,239610,0.0,0.0
2012-05-28,342.8703876313991,352.1683254205833,342.8703876313991,344.1736145019531,231361,0.0,0.0
2012-05-29,348.0080508674713,348.70978838799385,338.3843262498051,340.2138366699219,262027,0.0,0.0
2012-05-30,336.3793307018136,339.3366135181012,331.91832488324485,332.9208068847656,143168,0.0,0.0
2012-05-31,331.3168802185019,342.84532055046657,325.80328058658864,339.6123352050781,384785,0.0,0.0
2012-06-01,336.880583186438,341.4919484330314,320.790889836946,323.0213928222656,293015,0.0,0.0
2012-06-04,320.74075550903837,338.33411851885313,315.75346637536643,333.0962219238281,218790,0.0,0.0
2012-06-05,335.85309302857326,339.63743082088547,323.7983681591637,325.20184326171875,244541,0.0,0.0
2012-06-06,329.7128533274761,337.83287844697514,327.40717104299557,334.1738586425781,379966,0.0,0.0
2012-06-07,335.376896963923,339.83790342446906,328.3094629831346,335.7277526855469,408703,0.0,0.0
2012-06-08,334.1237475989919,341.8177120017869,331.3669612789552,337.38177490234375,436381,0.0,0.0
2012-06-11,338.83539338312585,349.060606193119,338.7351451768004,341.61724853515625,304046,0.0,0.0
2012-06-12,340.840302531002,343.72243170361384,335.0510537980194,342.494384765625,422654,0.0,0.0
2012-06-13,342.94549723137334,349.8625443524897,340.84028518430574,348.7347717285156,357540,0.0,0.0
2012-06-14,348.3589219804553,354.47401138313364,345.95299071980253,347.7825012207031,425095,0.0,0.0
2012-06-15,350.26356602019735,351.86751117720615,345.8025601644299,349.56182861328125,224816,0.0,0.0
2012-06-18,351.36630330715496,353.37124145718747,336.83046914591716,341.3917236328125,226322,0.0,0.0
2012-06-19,341.341612720736,350.564370613479,341.341612720736,349.61199951171875,154683,0.0,0.0
2012-06-20,347.03059750975444,358.23322375056387,343.34650852255123,355.4263000488281,320662,0.0,0.0
2012-06-21,354.9752309889681,362.8947618427146,354.8499142048028,361.4161071777344,225145,0.0,0.0
2012-06-22,359.88735775234136,362.36846862673264,354.90006743382844,358.28338623046875,183214,0.0,0.0
2012-06-25,361.5915337364407,363.3458644732161,347.85768460547325,350.6144714355469,136407,0.0,0.0
2012-06-26,351.09068052974374,357.8824391856814,348.88524562409907,355.2008056640625,113952,0.0,0.0
2012-06-27,356.5039840075553,359.88732858883014,353.37124692686285,354.0980529785156,123618,0.0,0.0
2012-06-28,354.49906627318273,361.7419283457523,354.49906627318273,358.4588317871094,143860,0.0,0.0
2012-06-29,359.3861113595708,370.91452620924537,359.3861113595708,367.85699462890625,402479,0.0,0.0
2012-07-02,368.0324176599199,372.6688521082161,366.9046447591355,369.9371337890625,165296,0.0,0.0
2012-07-03,368.9095779473179,372.8944119573316,368.9095779473179,370.7140197753906,133528,0.0,0.0
2012-07-04,372.8693534433394,372.8693534433394,366.40340848801634,367.85699462890625,158853,0.0,0.0
2012-07-05,367.90711014367275,372.84426295983826,367.4058690799294,369.91204833984375,188686,0.0,0.0
2012-07-06,369.91208095350095,369.91208095350095,364.3984808838169,367.5813293457031,83661,0.0,0.0
2012-07-09,364.8996637505516,367.4058428314175,359.51138133257,361.8421325683594,88509,0.0,0.0
2012-07-10,361.8923133309279,369.811844920927,357.68194000310274,368.1828308105469,233134,0.0,0.0
2012-07-11,367.40581999292806,368.0574202593366,359.6366496899066,360.7393798828125,185184,0.0,0.0
2012-07-12,358.8848299545466,362.39349115406014,351.86753361432045,353.2960510253906,324429,0.0,0.0
2012-07-13,356.12805463000717,357.155579244131,347.98295918382956,349.8124694824219,210615,0.0,0.0
2012-07-16,351.8676000741567,354.298600018192,346.95548910233157,349.51177978515625,165342,0.0,0.0
2012-07-17,353.2208916933425,353.2208916933425,343.39667104041234,346.8050842285156,174569,0.0,0.0
2012-07-18,344.34899757868624,345.3514796563958,340.9405845732748,343.4718322753906,204066,0.0,0.0
2012-07-19,346.02814096342735,352.2434515326595,344.95047926819905,347.9328308105469,260129,0.0,0.0
2012-07-20,346.20361450406654,351.215973326786,343.3465532974819,343.7225036621094,106085,0.0,0.0
2012-07-23,341.44183618336683,343.9730839638516,330.8156300658563,334.198974609375,175189,0.0,0.0
2012-07-24,332.36939498111906,336.5797929008715,332.06865041122273,334.5748291015625,139023,0.0,0.0
2012-07-25,332.3193047167392,335.32672454515273,328.81064390712373,331.5924987792969,104276,0.0,0.0
2012-07-26,331.86826901898763,333.3719662126103,325.30207596373555,326.0539245605469,330843,0.0,0.0
2012-07-27,328.309496361455,336.3042336545996,326.42987472051277,327.5576477050781,187284,0.0,0.0
2012-07-30,329.8132231559474,340.3391826308831,328.35963691109026,338.409423828125,407102,0.0,0.0
2012-07-31,338.33415033267534,342.8452935316021,334.6500874044993,341.5169982910156,184822,0.0,0.0
2012-08-01,341.8428349577355,343.7725935064528,336.35430394942557,338.6349182128906,166199,0.0,0.0
2012-08-02,337.8329225292749,339.91304014559586,333.8731576416716,334.9257507324219,355048,0.0,0.0
2012-08-03,333.82300147934575,338.5847517108239,330.3394092347651,336.5046081542969,306896,0.0,0.0
2012-08-06,340.84034936532504,342.16864468365236,335.5773834036204,337.6575012207031,482581,0.0,0.0
2012-08-07,337.28157753186014,340.5897424614619,334.54985936403637,338.3843078613281,574974,0.0,0.0
2012-08-08,338.8353784896659,341.31651497246264,333.3719166320763,334.9257507324219,545274,0.0,0.0
2012-08-09,335.8279591901811,337.0810486873788,326.0538767473189,330.94091796875,814368,0.0,0.0
2012-08-10,329.5625636074138,332.8206176602825,326.3045356133488,330.3896179199219,595244,0.0,0.0
2012-08-13,323.79832110874315,338.334154777351,320.79090095621723,335.87811279296875,853377,0.0,0.0
2012-08-14,335.87811079728584,337.8329377936329,330.2141522799426,331.6426696777344,804338,0.0,0.0
2012-08-16,331.64266348315107,333.82302935918096,328.3846359226282,329.83819580078125,527894,0.0,0.0
2012-08-17,329.81317424032494,332.4697127421092,327.30699502555404,330.06378173828125,424874,0.0,0.0
2012-08-21,327.43232452390885,333.02110386878275,325.8534216549218,329.88836669921875,315942,0.0,0.0
2012-08-22,327.85834213051737,334.574893984327,326.80574896115326,332.3443908691406,321928,0.0,0.0
2012-08-23,335.3267309265027,335.3267309265027,332.3193110408572,333.39697265625,329012,0.0,0.0
2012-08-24,331.86824608163806,337.8329494236643,328.81068870909894,335.6525573730469,480632,0.0,0.0
2012-08-27,337.8078598643665,337.8078598643665,332.82057036408276,334.2992248535156,908196,0.0,0.0
2012-08-28,333.3217916084486,340.26390818179215,330.0136529425625,338.1587219238281,165531,0.0,0.0
2012-08-29,338.3843656594747,340.84040817913933,336.63003468325337,338.334228515625,269097,0.0,0.0
2012-08-30,333.9233080049998,345.3515001332954,333.9233080049998,342.9706115722656,596319,0.0,0.0
2012-08-31,342.84532792024527,344.073349019479,337.5823356798668,339.86297607421875,259678,0.0,0.0
2012-09-03,342.8452747768389,342.8452747768389,332.31931798648174,333.84808349609375,260489,0.0,0.0
2012-09-04,331.81808281595113,337.2314336066178,330.89080649150526,335.85302734375,88507,0.0,0.0
2012-09-05,333.89824546653443,338.9356726937747,330.33947290359134,333.3468933105469,137054,0.0,0.0
2012-09-06,330.8407108571436,336.83048304591216,329.8131862018145,335.7277526855469,121214,0.0,0.0
2012-09-07,339.68752903802044,341.3165690922084,337.0811014336449,340.3140869140625,129487,0.0,0.0
2012-09-10,339.43687798312817,342.6949055559877,333.9232788281658,338.0584716796875,232412,0.0,0.0
2012-09-11,338.7852406557209,351.2158864177254,337.3065863089212,349.862548828125,738050,0.0,0.0
2012-09-12,338.33419193195846,343.7976807276477,336.3292536296999,340.4644470214844,2740649,0.0,0.0
2012-09-13,340.9405764750649,341.8177417575256,333.4972449453736,334.8004455566406,540474,0.0,0.0
2012-09-14,338.78529112164694,340.06344927084297,334.82552595699366,337.10614013671875,638670,0.0,0.0
2012-09-17,338.2840309949964,344.8502231627206,335.8279630440797,341.69244384765625,620789,0.0,0.0
2012-09-18,338.3592149328903,344.29887544971143,338.3592149328903,342.8202209472656,559330,0.0,0.0
2012-09-20,340.74007454482575,342.74503862014456,336.83044671555416,341.9931640625,360494,0.0,0.0
2012-09-21,341.84276198269987,349.3612981473181,341.5921545340646,346.88018798828125,765372,0.0,0.0
2012-09-24,347.85765196813225,358.50890005555146,347.1559145275012,356.35357666015625,1070052,0.0,0.0
2012-09-25,357.8823998196918,360.7895459263512,348.9603868940453,350.51422119140625,571032,0.0,0.0
2012-09-26,349.2109808136888,353.9727053209945,347.15590567649383,351.6670227050781,465111,0.0,0.0
2012-09-27,352.71960978548327,355.3260369666286,350.5392439755672,352.8699951171875,537022,0.0,0.0
2012-09-28,355.7520657847007,357.4061479292934,353.39624629356615,355.40118408203125,244504,0.0,0.0
2012-10-01,352.44394307339155,357.33098439532483,352.44394307339155,355.85235595703125,195383,0.0,0.0
2012-10-03,355.376234729552,371.39069873100453,354.7496768483494,370.2879943847656,1453854,0.0,0.0
2012-10-04,368.95969603726627,375.9268554794376,366.9798003894119,371.1651306152344,552760,0.0,0.0
2012-10-05,373.42063573832775,374.92435873654864,353.37120423244176,373.0948486328125,646772,0.0,0.0
2012-10-08,373.0948413754185,374.67371791933954,360.5388783638067,362.09271240234375,277582,0.0,0.0
2012-10-09,364.8996444482235,366.9045823950997,355.5014603627179,357.58160400390625,236170,0.0,0.0
2012-10-10,357.8071198740931,357.8071198740931,341.26635030379464,342.5194396972656,1167466,0.0,0.0
2012-10-11,343.84779250150825,348.70979199869527,342.9956956757382,344.5495300292969,873269,0.0,0.0
2012-10-12,344.39917829513774,349.01054431856056,340.84037949830906,344.2237243652344,424768,0.0,0.0
2012-10-15,343.346527043821,351.3663057587084,342.34407099121137,349.9127197265625,338882,0.0,0.0
2012-10-16,349.9878758081827,354.8247796482685,346.10329075071655,347.1558837890625,475485,0.0,0.0
2012-10-17,348.3588687116326,350.8400053032223,343.5219644186482,345.75244140625,162182,0.0,0.0
2012-10-18,346.90526475360355,349.8625473761321,344.1735210225406,347.28118896484375,410847,0.0,0.0
2012-10-19,344.4492710205193,347.78247857018965,342.72000885388684,344.8251953125,204427,0.0,0.0
2012-10-22,341.49192039501276,346.5794576761512,341.49192039501276,344.3740234375,262332,0.0,0.0
2012-10-23,344.9003469939487,352.09309721294517,342.97058855355465,348.28369140625,399444,0.0,0.0
2012-10-25,350.36381762365664,350.36381762365664,344.02316445248823,346.404052734375,541368,0.0,0.0
2012-10-29,341.341578018801,345.0507356542021,338.58479138833883,344.1986389160156,151838,0.0,0.0
2012-10-30,341.8929587949264,344.85024186380656,338.38429754871504,342.01824951171875,269749,0.0,0.0
2012-10-31,342.59464128215205,345.75242050194504,339.43686206235907,344.39910888671875,152357,0.0,0.0
2012-11-01,344.8502373535478,350.08816058747965,343.39665137559734,349.1608581542969,383542,0.0,0.0
2012-11-02,350.8650857283976,353.5717615326032,350.8650857283976,352.5693054199219,401398,0.0,0.0
2012-11-05,352.56925653431495,354.8749391502314,348.35885805667635,351.6670227050781,284998,0.0,0.0
2012-11-06,351.59187188987414,357.1305139116986,349.8626097861767,356.4288024902344,220843,0.0,0.0
2012-11-07,355.80222751217894,357.3560616856504,351.6670345913085,353.97271728515625,352739,0.0,0.0
2012-11-08,350.3639060373746,352.44402417949135,346.90538128514805,350.48919677734375,357632,0.0,0.0
2012-11-09,352.87006296626623,352.87006296626623,342.44435223705216,344.1736145019531,850804,0.0,0.0
2012-11-12,344.5995696852029,346.9553892965241,337.2815294457433,338.2088317871094,587109,0.0,0.0
2012-11-15,337.33167867238996,341.64229920092583,332.5699282096263,337.3066101074219,550039,0.0,0.0
2012-11-16,335.07608104709146,339.837831138515,334.3242326270765,335.8028869628906,423083,0.0,0.0
2012-11-19,336.3292411562377,338.33417938413896,334.34937149662085,335.577392578125,188054,0.0,0.0
2012-11-20,337.83292748516135,338.28403137101486,333.8982050462172,335.276611328125,628627,0.0,0.0
2012-11-21,337.80785742141006,337.80785742141006,332.82056795719336,334.3994445800781,278368,0.0,0.0
2012-11-22,335.77783481132144,336.62993146623853,325.82829886494545,330.1890563964844,569547,0.0,0.0
2012-11-23,326.80576000472627,335.30171134789435,325.3020628716214,330.3645324707031,618830,0.0,0.0
2012-11-26,330.8156232063481,334.6751401567936,326.63031912141656,333.74786376953125,331938,0.0,0.0
2012-11-27,333.7478033442145,339.5871887876545,331.9684044749468,337.88299560546875,427726,0.0,0.0
2012-11-29,338.3341964024797,342.84534021567345,333.873215787181,335.60247802734375,658508,0.0,0.0
2012-11-30,335.97839436601134,339.53716698130165,334.8255528999145,336.1287536621094,334405,0.0,0.0
2012-12-03,336.3292091227163,341.31652473737466,335.82796809878073,338.83538818359375,342564,0.0,0.0
2012-12-04,339.386767874631,343.0708307849225,338.88552684842796,341.2162780761719,201817,0.0,0.0
2012-12-05,342.0934076313883,344.5995866327816,339.8378621654141,342.569580078125,206284,0.0,0.0
2012-12-06,344.1986556584364,344.24876673544907,336.73022894978186,341.792724609375,169942,0.0,0.0
2012-12-07,343.0207146658009,345.85268081928865,339.83786676973233,341.9931640625,304286,0.0,0.0
2012-12-10,342.3440300090214,344.32389936854577,338.3842652311739,339.2864990234375,148952,0.0,0.0
2012-12-11,341.34159856654594,342.8453217763368,337.08108856034266,339.5622253417969,169848,0.0,0.0
2012-12-12,341.8428074675811,343.84774549982615,337.43193858488206,342.8202209472656,124228,0.0,0.0
2012-12-13,345.0256402227412,350.11317774784123,343.9479785858739,344.5995788574219,755615,0.0,0.0
2012-12-14,348.30881290196845,348.30881290196845,339.33668821904763,341.16619873046875,196732,0.0,0.0
2012-12-17,340.84037582811885,342.5445955575402,335.2265537193783,335.60247802734375,183569,0.0,0.0
2012-12-18,336.83041139965786,338.28399717245884,333.82299166080077,335.8028869628906,301957,0.0,0.0
2012-12-19,337.1813350878244,339.08605114403247,334.3243000917161,335.3267822265625,428105,0.0,0.0
2012-12-20,335.3267368686626,337.75771011393545,333.9483306343993,335.40191650390625,191632,0.0,0.0
2012-12-21,333.82300040704615,334.75030273365115,329.3620208373066,330.5148620605469,180846,0.0,0.0
2012-12-24,332.3193534354389,334.65010479562227,330.03873921012496,331.5675048828125,171877,0.0,0.0
2012-12-26,332.4195872982157,336.3041727308517,331.8431666249084,335.0009460449219,163500,0.0,0.0
2012-12-27,337.83293538768754,337.83293538768754,331.7178469554752,333.2466125488281,299284,0.0,0.0
2012-12-28,333.8230570021386,337.3317183940444,328.93601525667196,335.2265319824219,149543,0.0,0.0
2012-12-31,335.8280293129797,337.0811190718296,333.9734762745736,334.70025634765625,88516,0.0,0.0
2013-01-01,337.331643586314,338.985725702575,335.0760723261768,337.88299560546875,128458,0.0,0.0
2013-01-02,339.33660611719495,345.72737010520973,338.10858523621437,344.9253845214844,346807,0.0,0.0
2013-01-03,345.85272758279996,348.3589069570145,343.3716167776165,346.9303894042969,249884,0.0,0.0
2013-01-04,348.7097742194546,348.7097742194546,343.34653390443896,346.8050842285156,170429,0.0,0.0
2013-01-07,348.20846520429325,348.3588244652673,341.44177728451234,342.36907958984375,187461,0.0,0.0
2013-01-08,343.84775422235344,343.84775422235344,338.83539598519025,340.9405822753906,96293,0.0,0.0
2013-01-09,341.8428185404828,343.84775663767135,338.3842944596023,339.3366394042969,147182,0.0,0.0
2013-01-10,340.8402821938845,341.6673362912469,338.86041297858094,339.7876892089844,122552,0.0,0.0
2013-01-11,339.7877069301974,339.7877069301974,328.3094056307003,329.2116394042969,272530,0.0,0.0
2013-01-14,331.5424338822368,334.52478556222263,329.81317180036615,333.17144775390625,157218,0.0,0.0
2013-01-15,333.1714630831898,334.6501177369913,329.8131869751347,331.39208984375,341233,0.0,0.0
2013-01-16,334.30483873789416,342.83237695929523,332.52296033915445,333.5666198730469,527439,6.0,0.0
2013-01-17,333.872114640178,336.87586183566026,330.9702163001336,331.835693359375,232649,0.0,0.0
2013-01-18,332.9048193775713,335.9085401428077,331.3775100147727,334.30487060546875,201722,0.0,0.0
2013-01-21,334.48311119297944,336.23952785209036,332.44668953331495,334.9158630371094,77487,0.0,0.0
2013-01-22,334.48302480879534,336.46854798648474,328.8828468400279,330.28289794921875,178645,0.0,0.0
2013-01-23,330.3084037857885,331.8357132208057,325.8791693690397,328.5774230957031,160271,0.0,0.0
2013-01-24,326.6427959220946,329.7992633814994,323.4354305043109,324.4281921386719,132110,0.0,0.0
2013-01-25,324.3009586786454,328.22108140786423,321.75542512637344,326.5919494628906,143857,0.0,0.0
2013-01-28,326.897446970394,328.80658407758415,323.8428011308861,325.5228576660156,132013,0.0,0.0
2013-01-29,325.82831453916793,328.3738484532865,325.31922893074824,326.617431640625,114066,0.0,0.0
2013-01-30,326.9737837037898,329.3920326887453,324.3009654774695,328.4501953125,159730,0.0,0.0
2013-01-31,326.46467127243807,337.02863307555384,326.41374683702935,334.2030944824219,1129849,0.0,0.0
2013-02-01,333.13398877766264,334.7122228644825,325.7010324126419,327.4065246582031,229572,0.0,0.0
2013-02-04,328.88294081052607,328.98476321970594,323.28276124164023,324.122802734375,165894,0.0,0.0
2013-02-05,323.2826760654072,325.5227684771606,319.13347353753784,323.84271240234375,204093,0.0,0.0
2013-02-06,324.37730175701756,324.91187595008574,317.708001025594,319.2607727050781,268777,0.0,0.0
2013-02-07,318.1916039881895,320.66077686348865,315.1369855102069,315.9515380859375,191715,0.0,0.0
2013-02-08,315.6461172128301,317.9371078751329,312.591498287093,313.380615234375,161420,0.0,0.0
2013-02-11,314.52610756324344,315.4425091515756,311.36963967143345,312.2860412597656,168402,0.0,0.0
2013-02-12,312.3369059384512,314.47514961534654,311.3187085279285,313.0242004394531,132521,0.0,0.0
2013-02-13,313.1515179572511,315.3915842574564,306.73678625229974,307.805908203125,154679,0.0,0.0
2013-02-14,306.482216575939,307.93316590223327,291.5908429999701,293.3472595214844,533850,0.0,0.0
2013-02-15,292.2272327155298,295.1036690836827,287.77253597529307,289.0198669433594,524075,0.0,0.0
2013-02-18,288.66347746591356,293.24543238416607,285.6088320310784,288.7398376464844,265998,0.0,0.0
2013-02-19,287.6452872072366,293.70365379703424,287.6452872072366,291.6672058105469,324327,0.0,0.0
2013-02-20,294.26367669340806,294.7727887124074,287.2634459851711,288.76531982421875,311884,0.0,0.0
2013-02-21,287.84886535217674,288.20525693405773,282.29961153371545,283.3941955566406,323242,0.0,0.0
2013-02-22,283.39425327524987,283.4197154937123,277.79407388965274,278.58319091796875,259719,0.0,0.0
2013-02-25,279.0922541647427,282.3759798603526,276.69944127957126,278.02313232421875,367254,0.0,0.0
2013-02-26,277.97229302554075,277.97229302554075,266.8483194473596,268.604736328125,299351,0.0,0.0
2013-02-27,270.84473259575583,272.37206848676146,263.48813750774303,264.81182861328125,379683,0.0,0.0
2013-02-28,265.72822013600586,269.7756274128212,255.06243632563147,256.74249267578125,891723,0.0,0.0
2013-03-01,254.80785737114041,260.5607559297686,251.49866957437177,252.10960388183594,322386,0.0,0.0
2013-03-04,252.00777389445196,254.52784475171748,245.56755458322337,249.3094940185547,460981,0.0,0.0
2013-03-05,249.08046455379792,256.84432347960853,247.9349559101196,254.88426208496094,455613,0.0,0.0
2013-03-06,256.71699611899743,263.66630113685346,256.71699611899743,262.2408142089844,406996,0.0,0.0
2013-03-07,262.8263162768959,265.65185470945914,260.66261019102313,263.51361083984375,262395,0.0,0.0
2013-03-08,263.208114699741,272.8556997361756,260.84076408018325,271.40472412109375,370250,0.0,0.0
2013-03-11,271.5065758714819,290.9544683924681,271.5065758714819,286.39794921875,1471439,0.0,0.0
2013-03-12,286.60158029894626,286.60158029894626,278.4813305602711,281.28143310546875,666590,0.0,0.0
2013-03-13,280.5177940342678,280.5177940342678,271.4047812231158,273.1612243652344,330637,0.0,0.0
2013-03-14,272.77932473556274,277.4631282156241,268.3501169329371,274.3321228027344,334203,0.0,0.0
2013-03-15,275.9867675748745,294.31458943482585,275.9613053556459,292.2781677246094,1581532,0.0,0.0
2013-03-18,288.4853231241109,299.7365799614379,287.1361960859795,296.9110412597656,1275675,0.0,0.0
2013-03-19,297.31829566702976,302.40936246430084,288.2307461981409,289.9617004394531,863806,0.0,0.0
2013-03-20,288.2307670623283,293.3727321951442,284.2088218839073,286.3725280761719,413262,0.0,0.0
2013-03-21,287.6452114224835,292.2271652488889,274.9175472002497,277.3103332519531,399991,0.0,0.0
2013-03-22,275.9357911708865,284.59061489439335,273.7211872791413,281.5614318847656,475380,0.0,0.0
2013-03-25,285.60886599425515,287.136202127296,279.7541436542737,282.37603759765625,383368,0.0,0.0
2013-03-26,282.0451101634,282.0960081294196,266.28825918217655,268.45196533203125,454342,0.0,0.0
2013-03-28,266.7718669902911,284.66695908866524,261.9862678773885,279.32135009765625,1450919,0.0,0.0
2013-04-01,279.32137603425844,283.5215034460566,269.1392425588691,270.0301818847656,624368,0.0,0.0
2013-04-02,269.4192462534014,276.90309950044076,269.29196164515946,274.9176025390625,425388,0.0,0.0
2013-04-03,274.9176037294877,274.96850169220534,265.88095233316494,266.7464294433594,684855,0.0,0.0
2013-04-04,266.28827831935354,266.33917628903095,255.13884381968032,256.5643310546875,602523,0.0,0.0
2013-04-05,256.1570395770438,260.0262645607228,251.49872402703846,253.56060791015625,794266,0.0,0.0
2013-04-08,255.06240349538447,256.48791689845183,244.42208327133437,245.54212951660156,749227,0.0,0.0
2013-04-09,247.88404996480406,250.4804814397055,237.57463131151715,240.88381958007812,581184,0.0,0.0
2013-04-10,244.37120873850736,245.89851820592307,237.75280595437283,243.6839141845703,370983,0.0,0.0
2013-04-11,245.38938856748217,247.42580986681438,239.50920519231175,244.3202667236328,264531,0.0,0.0
2013-04-12,242.33473213547538,252.00777917728368,240.4510577401308,250.40408325195312,355431,0.0,0.0
2013-04-15,247.98585255729537,253.53510669471012,241.82566407411056,242.86932373046875,392126,0.0,0.0
2013-04-16,240.29838395811834,251.9823935426282,240.1202013495973,249.3350372314453,545271,0.0,0.0
2013-04-17,251.65138232518464,256.28426098168995,247.0185301366756,249.3094940185547,570913,0.0,0.0
2013-04-18,251.4223752738949,257.0989151483043,249.6404963109494,255.5715789794922,440354,0.0,0.0
2013-04-22,257.60797868924203,264.99003670336526,255.57155710644992,261.6044616699219,382557,0.0,0.0
2013-04-23,262.69903470144476,270.97203176874444,262.69903470144476,269.5974426269531,566615,0.0,0.0
2013-04-25,270.43748186130364,272.39754335190503,262.291795144833,265.3973388671875,319760,0.0,0.0
2013-04-26,265.2445679161804,265.2445679161804,242.36022877171544,256.0806579589844,2452639,0.0,0.0
2013-04-29,259.1352994419005,275.73216480087007,255.1897146612251,271.8120422363281,1719076,0.0,0.0
2013-04-30,274.40847725044756,287.1361434166835,272.3974917034634,278.02313232421875,1314118,0.0,0.0
2013-05-02,275.78311779543554,280.4159711475275,272.55028945567767,275.50311279296875,387518,0.0,0.0
2013-05-03,274.05210491696135,288.3071079056978,270.5647342001811,285.2015380859375,866045,0.0,0.0
2013-05-06,287.6453127502984,290.1908464914515,283.6742652920178,285.8634338378906,349715,0.0,0.0
2013-05-07,286.7543029003041,287.64524213779606,281.02684015471243,284.41241455078125,266172,0.0,0.0
2013-05-08,285.07429284190505,288.10347615132537,281.02688553435985,283.24151611328125,182560,0.0,0.0
2013-05-09,285.9651867869331,293.449039346056,283.0632620873576,292.5072021484375,673416,0.0,0.0
2013-05-10,294.4672622212987,295.68910435292406,285.50697189472703,288.1543273925781,631279,0.0,0.0
2013-05-13,290.31806633823265,292.09994501548965,280.00867457467405,280.5941467285156,254139,0.0,0.0
2013-05-14,282.55421137272066,282.55421137272066,274.91761106534983,281.0523376464844,322286,0.0,0.0
2013-05-15,281.48499360618285,289.17251645101305,281.48499360618285,286.6269836425781,311811,0.0,0.0
2013-05-16,286.62703453176323,292.4817557370411,286.62703453176323,290.0635070800781,244352,0.0,0.0
2013-05-17,290.34351430428774,319.71896941758763,287.6452606730966,316.0279541015625,2158155,0.0,0.0
2013-05-20,316.15521863169744,319.20986392342377,302.9184664808816,305.43853759765625,1210822,0.0,0.0
2013-05-21,302.74028551975243,313.35517161421643,299.9402091823262,304.90399169921875,909232,0.0,0.0
2013-05-22,307.83131819967406,311.06414599834153,298.8965159629461,301.1620178222656,389669,0.0,0.0
2013-05-23,298.6674391336535,299.7620233201011,286.90707100261403,290.92901611328125,471593,0.0,0.0
2013-05-24,294.4927307932603,300.39834974829995,283.3941966456902,292.55810546875,507170,0.0,0.0
2013-05-27,292.76180927248873,300.3220501333648,290.36902243273835,297.3183288574219,340446,0.0,0.0
2013-05-28,297.01279512103747,306.3803485060448,294.7727291580138,301.00927734375,646523,0.0,0.0
2013-05-29,299.3547155459474,302.1547916827821,294.3145467380454,297.1910095214844,366090,0.0,0.0
2013-05-30,294.11089681683615,305.15853375015735,292.7363342219426,302.89300537109375,890319,0.0,0.0
2013-05-31,304.95491344333743,309.1805033635541,296.55465803717226,303.17303466796875,773436,0.0,0.0
2013-06-03,302.96938660409154,305.87128528609645,291.03083599289454,299.43109130859375,281136,0.0,0.0
2013-06-04,299.86387397324546,303.4276053842394,292.30363282411713,296.0201110839844,418784,0.0,0.0
2013-06-05,295.33276465717313,301.34023285289874,292.93995167768946,295.1291198730469,270836,0.0,0.0
2013-06-06,294.6200277135594,299.35472956070555,291.8454136623615,297.6237487792969,331027,0.0,0.0
2013-06-07,300.27114033088804,300.37296273290735,291.3108483571896,293.1945495605469,294961,0.0,0.0
2013-06-10,294.2636293774266,302.61298574247957,286.1433800010847,288.7398376464844,209024,0.0,0.0
2013-06-11,288.052577962715,292.68545787429673,283.5724448987697,289.936279296875,253731,0.0,0.0
2013-06-12,287.69619063208637,292.4054303711971,282.78330609046264,285.83795166015625,307197,0.0,0.0
2013-06-13,283.3941857298836,285.4815313182455,276.4703431865318,278.5322265625,263780,0.0,0.0
2013-06-14,281.48506797224184,283.4705914984184,277.99769716118857,280.03411865234375,234206,0.0,0.0
2013-06-17,279.4995575827251,284.9724516589133,271.4047435011822,280.7977600097656,528634,0.0,0.0
2013-06-18,281.20508376188155,284.99794851491214,277.00495585494394,278.7868347167969,253853,0.0,0.0
2013-06-19,278.48138459087613,282.17240069694594,275.73220594227115,280.49237060546875,238397,0.0,0.0
2013-06-20,277.4631196842437,281.3832154154589,272.90660094900386,274.0775451660156,275059,0.0,0.0
2013-06-21,272.37211715598687,273.390314797263,267.2810495455946,269.92840576171875,324472,0.0,0.0
2013-06-24,269.8265639383898,270.7429391028103,257.78619043540476,260.739013671875,247068,0.0,0.0
2013-06-25,261.1208358487362,272.092060660586,255.11336709227888,264.22637939453125,441075,0.0,0.0
2013-06-26,269.2919856513915,271.8629814526762,266.5173450459653,268.50286865234375,415661,0.0,0.0
2013-06-27,270.8446997162803,277.1576343634066,267.94280157764723,269.9028625488281,352693,0.0,0.0
2013-06-28,273.3903252243361,291.718174614371,269.95385180945425,280.87420654296875,485560,0.0,0.0
2013-07-01,286.19428691783173,294.4163589389275,283.62331787382243,290.1907958984375,457565,0.0,0.0
2013-07-02,291.209041632353,296.8092211088989,283.16515084378744,284.2597351074219,426562,0.0,0.0
2013-07-03,281.56145536578606,288.3325786778714,275.1976216466082,276.2922058105469,554765,0.0,0.0
2013-07-04,277.51405122171843,279.4486503416421,270.43746063589117,272.39752197265625,374772,0.0,0.0
2013-07-05,274.8412147755839,280.3395710388841,269.82653472803617,271.8374938964844,360819,0.0,0.0
2013-07-08,268.9864821978519,269.775599090562,265.7536544527486,267.51007080078125,312254,0.0,0.0
2013-07-09,268.9101317928713,273.11025914588424,268.9101317928713,270.9720153808594,250829,0.0,0.0
2013-07-10,271.91387344188684,274.4085090037762,263.2845110771079,266.44097900390625,234961,0.0,0.0
2013-07-11,269.1137850904209,273.5175573668453,268.5792108982539,271.3538513183594,280131,0.0,0.0
2013-07-12,272.372069566441,283.8269696883941,269.82653620600695,281.61236572265625,575218,0.0,0.0
2013-07-15,281.5869340121392,289.0453530314936,277.5904505918993,287.1616516113281,364656,0.0,0.0
2013-07-16,284.53969560021886,297.2164642450332,277.64131459216037,294.2636413574219,586080,0.0,0.0
2013-07-17,296.3000315756507,300.9329102032336,290.69985356380244,295.536376953125,535697,0.0,0.0
2013-07-18,295.53639072673064,298.26010645694333,291.3108014256915,293.4999694824219,278797,0.0,0.0
2013-07-19,290.5471814613592,297.3183047433128,280.1359405439944,284.7178955078125,331708,0.0,0.0
2013-07-22,281.94322691050706,285.60877958480444,274.1538811586333,276.139404296875,277928,0.0,0.0
2013-07-23,277.13217936796684,281.9941386043884,273.8993517919386,280.0595397949219,257279,0.0,0.0
2013-07-24,279.194097990176,279.194097990176,266.7718980342746,269.87744140625,312620,0.0,0.0
2013-07-25,266.72096363716287,277.38674671684754,265.7536641465565,273.441162109375,272148,0.0,0.0
2013-07-26,268.29915982356795,278.48129172885695,268.29915982356795,272.7283935546875,340969,0.0,0.0
2013-07-29,268.29916131164555,273.1356845806809,262.7244456506603,265.4226989746094,183277,0.0,0.0
2013-07-30,262.8263399081854,263.080882689645,253.58604256796048,255.0624542236328,392426,0.0,0.0
2013-07-31,250.60775391976418,263.2081362404899,247.42582395315696,260.58624267578125,372540,0.0,0.0
2013-08-01,260.15355675655854,264.48096990224036,240.75661073496033,244.4221649169922,427216,0.0,0.0
2013-08-02,245.389429027691,250.55685653630974,224.03239790741702,229.7853240966797,1726904,0.0,0.0
2013-08-05,227.67248256817396,229.07253381765938,220.62135482759976,223.59963989257812,412189,0.0,0.0
2013-08-06,222.02141887438418,223.59965278084644,214.43572976454945,216.77761840820312,588790,0.0,0.0
2013-08-07,217.9485687394762,231.13443706561895,215.91214722814934,228.53797912597656,435947,0.0,0.0
2013-08-08,227.18885472152692,235.66549674290485,226.399737737747,230.1416778564453,314596,0.0,0.0
2013-08-12,235.20725431890384,237.34549799493055,225.0251214098258,231.74534606933594,299470,0.0,0.0
2013-08-13,231.71991569662856,237.21827245795407,228.58890992620726,230.498046875,350763,0.0,0.0
2013-08-14,229.09798739196387,230.8544037072224,224.0069210054758,224.51600646972656,425174,0.0,0.0
2013-08-16,222.4796068201523,223.7269113243243,216.19214663312192,217.84674072265625,395770,0.0,0.0
2013-08-19,215.86125193896277,223.49785302030347,213.31571824518255,220.3413848876953,329177,0.0,0.0
2013-08-20,217.8976629862466,228.33434003515737,216.03942400966483,224.94879150390625,430291,0.0,0.0
2013-08-21,226.75614431480628,231.49082006148902,219.45044617915687,225.66156005859375,747748,0.0,0.0
2013-08-22,224.00696151652522,231.5162778542353,222.09779804232642,228.94528198242188,474170,0.0,0.0
2013-08-23,229.14892845703494,240.29836276463539,225.25426776169553,229.58168029785156,592557,0.0,0.0
2013-08-26,232.50900096379206,233.17083325118853,224.18510677338924,227.18882751464844,386031,0.0,0.0
2013-08-27,224.00691174861743,227.06153027988324,219.3740330586031,224.10873413085938,568341,0.0,0.0
2013-08-28,221.35956669448728,221.97050105321154,210.77015691593016,217.69400024414062,585717,0.0,0.0
2013-08-29,216.87945622677137,226.04337989471966,216.16669940297487,217.31219482421875,436809,0.0,0.0
2013-08-30,218.1522243174269,223.4978475913151,211.27927821757058,220.2904815673828,593460,0.0,0.0
2013-09-02,219.78138277722292,222.47963694358796,215.6576148690772,218.0504150390625,407114,0.0,0.0
2013-09-03,219.83226262441508,222.83599682669725,211.788372775795,213.57025146484375,401116,0.0,0.0
2013-09-04,213.31569116798647,226.04335802130308,211.9665510704951,218.6613006591797,609555,0.0,0.0
2013-09-05,221.46140464607655,223.49783941755805,219.04315572456798,221.1050262451172,507383,0.0,0.0
2013-09-06,221.9705014379257,229.09800279873045,221.51230066808836,224.38876342773438,866467,0.0,0.0
2013-09-10,226.6033518936856,244.39662201203197,226.5524539345189,241.82565307617188,2304214,0.0,0.0
2013-09-11,240.75651501167567,289.6816522171226,236.78546868066377,261.0698547363281,3510926,0.0,0.0
2013-09-12,263.56457836240264,263.7427609693348,238.6183252237717,239.9420166015625,1659210,0.0,0.0
2013-09-13,242.79296818597922,246.86581096614609,239.6873984364028,244.06573486328125,1021539,0.0,0.0
2013-09-16,246.91675333279827,251.24413917557013,239.0255834795061,240.1456298828125,722961,0.0,0.0
2013-09-17,240.75654588686183,241.01108863416147,234.72361544906937,237.47279357910156,491434,0.0,0.0
2013-09-18,236.83642823630123,240.29833671554232,234.49451316128568,238.7964630126953,513940,0.0,0.0
2013-09-19,243.35297462520367,250.8368542264,241.31655326430635,245.94943237304688,785813,0.0,0.0
2013-09-20,245.89850050931472,249.43679542005344,238.5419057368289,244.3202667236328,758412,0.0,0.0
2013-09-23,241.3165692629044,245.89852424569364,239.33104573209553,242.46205139160156,674496,0.0,0.0
2013-09-24,242.3347932014826,246.35673866675793,239.84018387568088,243.2766571044922,590598,0.0,0.0
2013-09-25,243.30209550552408,244.88030299314147,238.44010902250622,242.89480590820312,545751,0.0,0.0
2013-09-26,242.84389917985249,245.3894328806979,240.70565510602276,243.6839141845703,532426,0.0,0.0
2013-09-27,243.65845968053134,247.60404455356775,241.8256829680244,244.3966522216797,485424,0.0,0.0
2013-09-30,243.35293674337652,246.25483474582785,239.5346373605746,243.1492919921875,652923,0.0,0.0
2013-10-01,243.70938883085037,250.37869064331667,241.64750483994274,248.54591369628906,441806,0.0,0.0
2013-10-03,250.480457705763,253.3569203566188,247.22216771148365,250.6077423095703,901627,0.0,0.0
2013-10-04,248.95316060912816,256.58976079019345,248.95316060912816,252.5168914794922,737617,0.0,0.0
2013-10-07,252.00780361578578,259.644403725355,251.44776721745782,258.7789001464844,599170,0.0,0.0
2013-10-08,259.64439811738583,261.12080955745404,251.54958417783993,252.97509765625,293777,0.0,0.0
2013-10-09,250.48048325771518,258.1934440240812,249.97137125854888,256.335205078125,243286,0.0,0.0
2013-10-10,256.0806742151795,263.7172751536203,255.06245016951988,261.5281066894531,468094,0.0,0.0
2013-10-11,264.6335935412333,264.7354159137661,256.13149160473404,259.36431884765625,347514,0.0,0.0
2013-10-14,259.36437894795466,262.1899438234839,256.106115207885,257.098876953125,199587,0.0,0.0
2013-10-15,258.14255654258454,260.4589831478712,252.51691504231425,256.1824951171875,465736,0.0,0.0
2013-10-17,257.0988767197747,262.16448136950413,254.604241250923,256.1570129394531,359489,0.0,0.0
2013-10-18,256.58979731999955,267.28104438916694,256.08068527518145,265.5246276855469,613877,0.0,0.0
2013-10-21,265.8046216282634,275.93583179238647,263.20816354177816,274.84124755859375,537993,0.0,0.0
2013-10-22,272.422950266718,285.7360883688306,272.422950266718,283.64874267578125,529671,0.0,0.0
2013-10-23,284.59063020879097,285.2015381120787,272.6775158406836,276.9794921875,658746,0.0,0.0
2013-10-24,275.9357601168739,280.9759281395503,273.6702320512261,277.2085266113281,254492,0.0,0.0
2013-10-25,276.9540256629729,281.9941679776832,270.0047200846909,271.09930419921875,366472,0.0,0.0
2013-10-28,272.42298477898197,276.29220949520277,267.2810197699529,267.7137451171875,227845,0.0,0.0
2013-10-29,264.86271346144144,281.5359640210451,264.86271346144144,278.2267761230469,396780,0.0,0.0
2013-10-30,280.51774622579995,285.0488028743382,275.9357916163111,282.63055419921875,210034,0.0,0.0
2013-10-31,282.7069590314532,300.37297442760826,278.0740792611988,296.37646484375,712775,0.0,0.0
2013-11-01,296.4273052536871,303.96208175662036,292.22717851645706,300.5765075683594,634765,0.0,0.0
2013-11-05,296.8091810811769,298.8201402731186,291.0053575723335,291.6417541503906,276110,0.0,0.0
2013-11-06,291.97266401254336,310.4277946624574,291.97266401254336,299.2528991699219,1357236,0.0,0.0
2013-11-07,300.32191563485225,307.44940146106234,286.1178419286522,288.9688415527344,780896,0.0,0.0
2013-11-08,288.66350003845065,294.2636793622306,287.6962004275799,290.49627685546875,227337,0.0,0.0
2013-11-11,289.68167022679273,293.6017923777921,273.9502571959006,278.3031311035156,336775,0.0,0.0
2013-11-12,277.92137309497093,282.2996838401062,270.3102338795778,273.1357727050781,374920,0.0,0.0
2013-11-13,271.3283972966481,281.15416609893396,268.8337882391977,270.66656494140625,351708,0.0,0.0
2013-11-14,273.5175117270666,284.31057795272244,272.4738522006973,283.1650695800781,445337,0.0,0.0
2013-11-18,285.09976682822617,292.20179348732694,279.14319589530044,290.903564453125,513269,0.0,0.0
2013-11-19,291.20901717077885,291.20901717077885,286.62706215412686,288.4598388671875,346998,0.0,0.0
2013-11-20,288.4853227946674,296.80921851408937,284.2088346530203,287.0089111328125,632653,0.0,0.0
2013-11-21,287.05972433724514,291.4634953977376,273.46655742794,275.93572998046875,440807,0.0,0.0
2013-11-22,279.44863601832805,289.6816939919507,277.46313903449044,285.8124694824219,936292,0.0,0.0
2013-11-25,288.3579832768002,308.925893752792,282.57962235462924,306.40582275390625,1879371,0.0,0.0
2013-11-26,306.4822304858015,314.11883130888964,303.0712196863691,310.5805358886719,1436255,0.0,0.0
2013-11-27,310.50417240297566,314.1188279700428,301.5948048707394,303.3003234863281,844080,0.0,0.0
2013-11-28,304.4712808804321,316.0534406394792,303.42759459890726,312.76971435546875,1507336,0.0,0.0
2013-11-29,313.04966474669055,318.95531034560355,310.5550559296312,313.4315185546875,1290858,0.0,0.0
2013-12-02,313.10055294142927,316.4606651902164,308.08587324958444,310.0968322753906,649329,0.0,0.0
2013-12-03,308.5694565449089,312.3368310562176,306.76211621084116,307.83123779296875,468048,0.0,0.0
2013-12-04,306.48216483707506,314.47512912466055,304.0893785804585,308.18768310546875,767240,0.0,0.0
2013-12-05,313.1005732927144,319.71897583512236,310.0459544694481,315.8752136230469,1054193,0.0,0.0
2013-12-06,315.64615182114557,321.7554432784592,310.55511089738786,320.3299560546875,909937,0.0,0.0
2013-12-09,325.82829009358574,331.88668364649544,320.27903504690715,329.7484130859375,1720142,0.0,0.0
2013-12-10,331.93760585850265,333.3885554224167,325.8283138895957,328.9593200683594,1452684,0.0,0.0
2013-12-11,328.3738064411973,336.5195192178165,325.8791972878836,331.3266296386719,902430,0.0,0.0
2013-12-12,331.9121223131774,334.4831182778126,323.02821642306554,324.53009033203125,465627,0.0,0.0
2013-12-13,322.799083767027,323.7664098053852,315.00976276994095,315.7479553222656,426536,0.0,0.0
2013-12-16,317.6825609313068,321.0426469989075,313.20240206117336,319.0062255859375,501654,0.0,0.0
2013-12-17,321.7298956798674,326.5664190057353,316.61339389527586,318.777099609375,428600,0.0,0.0
2013-12-18,318.8025961133784,324.7591402813727,317.68257619303796,321.1190490722656,593048,0.0,0.0
2013-12-19,321.5008544921875,325.42097688162886,316.81707739685476,321.5008544921875,418535,0.0,0.0
2013-12-20,321.65353856210595,331.9374931205611,321.1698888717328,331.0211181640625,1186846,0.0,0.0
2013-12-23,333.3630654539336,343.137909840072,331.0466125045513,339.52325439453125,1392081,0.0,0.0
2013-12-24,339.9305439103842,342.11971241456473,334.0758217108349,335.0431213378906,297535,0.0,0.0
2013-12-26,335.4503740625381,347.592568970256,335.1958313084727,340.94873046875,1065879,0.0,0.0
2013-12-27,341.10138894175594,344.51242532896924,336.5194349238807,337.53765869140625,386213,0.0,0.0
2013-12-30,337.89411293234167,345.40345564625966,333.6685228841442,335.9340515136719,254492,0.0,0.0
2013-12-31,338.3777294250061,340.4396130443379,333.46484525296876,337.61407470703125,234359,0.0,0.0
2014-01-01,338.98867239029516,342.32332278021994,336.0103871530035,337.99591064453125,380802,0.0,0.0
2014-01-02,337.53769332854677,340.7705210371903,320.91536727692244,325.14093017578125,305582,0.0,0.0
2014-01-03,320.73722876392844,325.75193611710273,318.1916949922464,320.5081481933594,578739,0.0,0.0
2014-01-06,320.73719228046104,324.1482293796365,317.1989235027799,318.44622802734375,407126,0.0,0.0
2014-01-07,317.7334983761992,321.4754387374584,315.64615227282957,317.9880676269531,297114,0.0,0.0
2014-01-08,318.191651416006,324.6064094055075,318.191651416006,321.2717590332031,474744,0.0,0.0
2014-01-09,320.7371850305822,324.14822205265534,308.06044233947443,309.8932189941406,496102,0.0,0.0
2014-01-10,309.5368290807094,313.5078492594774,300.42381803225715,303.86029052734375,385685,0.0,0.0
2014-01-13,302.91847591810927,305.4130848976044,300.65294747673113,302.3329772949219,402783,0.0,0.0
2014-01-14,302.30754493855824,310.5550796352909,302.1039001459476,309.3586730957031,338669,0.0,0.0
2014-01-15,314.89282841530235,317.26801214465877,307.22512972951523,314.1183166503906,528537,5.0,0.0
2014-01-16,314.5829543910552,317.0356102737597,310.5813021377129,311.5365295410156,390450,0.0,0.0
2014-01-17,310.3231231728724,313.55029076149617,302.96520898887803,305.0306091308594,573095,0.0,0.0
2014-01-20,304.74663600293417,307.741439752929,300.5900646556187,304.4626770019531,230877,0.0,0.0
2014-01-21,308.49010837632795,311.8721674906777,305.57275086315065,306.5538024902344,260109,0.0,0.0
2014-01-22,306.55379869115825,309.6002503841331,304.66914125315986,307.2250671386719,239882,0.0,0.0
2014-01-23,307.1218592982206,314.45395052647194,305.67607895095097,308.5159912109375,448971,0.0,0.0
2014-01-24,307.22508719939026,309.0322721192432,296.9239908814545,298.83447265625,242451,0.0,0.0
2014-01-27,295.8654676836653,295.8654676836653,276.55416528189477,277.97412109375,483630,0.0,0.0
2014-01-28,277.999984701572,281.9241916324627,269.79011236058335,272.1136474609375,419155,0.0,0.0
2014-01-29,274.1790362452432,280.0395495978161,273.71433456809604,278.7486877441406,401818,0.0,0.0
2014-01-30,275.6764037141021,281.5369163347615,264.8848085553021,277.2512512207031,1077181,0.0,0.0
2014-01-31,281.35619597292845,288.1203143531882,274.9018876151572,285.0480651855469,391441,0.0,0.0
2014-02-03,282.54378375980673,288.63666042988046,280.99476051291646,283.11175537109375,269984,0.0,0.0
2014-02-04,278.82610190625485,282.80195665535655,274.6953287344004,279.3940734863281,264530,0.0,0.0
2014-02-05,279.91047435978044,289.1013986889093,279.8072043406083,283.9637756347656,365477,0.0,0.0
2014-02-06,284.63502320336704,290.03083483879476,277.30293222392925,284.3768615722656,390772,0.0,0.0
2014-02-07,285.3320558671162,288.0686708460484,283.0859667210925,284.9189758300781,203937,0.0,0.0
2014-02-10,285.5386006186913,287.01017814180966,281.4852996655874,282.8536071777344,107765,0.0,0.0
2014-02-11,283.96376528869024,285.74515292128234,279.9620857469407,281.3045959472656,118359,0.0,0.0
2014-02-12,282.3888609754622,286.5712554931641,279.88458373793065,283.9895324707031,241455,0.0,0.0
2014-02-13,284.4542703922944,285.8742262894784,273.58520272973954,274.3597412109375,177904,0.0,0.0
2014-02-14,274.4371815171153,277.79341643942985,269.3770049211175,273.50775146484375,221424,0.0,0.0
2014-02-17,271.64892113941687,276.78654358420215,271.64892113941687,273.71429443359375,162851,0.0,0.0
2014-02-18,273.7659523104148,291.68309779799984,273.7659523104148,290.4180603027344,758591,0.0,0.0
2014-02-19,292.7674895082347,299.2734480364906,290.9861015344641,295.8913879394531,782407,0.0,0.0
2014-02-20,293.28381694152756,306.708786253452,291.47660488802404,302.0100402832031,943580,0.0,0.0
2014-02-21,304.0237923910671,304.0237923910671,298.00836028534553,302.0100402832031,275104,0.0,0.0
2014-02-24,302.0100572951513,307.17350525641285,301.02900540382797,304.4368896484375,388191,0.0,0.0
2014-02-25,305.7276771150814,307.22507880638733,301.2870936229277,302.3197937011719,207497,0.0,0.0
2014-02-26,302.0615825664117,316.3385044520543,301.2870442126028,312.1044616699219,1637757,0.0,0.0
2014-02-28,313.62776912648945,322.19910007297017,313.3954048753111,320.03045654296875,718400,0.0,0.0
2014-03-03,321.68271336495553,322.9735750186581,317.47449417305285,319.6173400878906,463037,0.0,0.0
2014-03-04,319.1526074693023,323.7480824128549,318.0682858419005,321.2438049316406,570210,0.0,0.0
2014-03-05,321.99248670077196,335.3658033194257,319.5656552567932,332.7066345214844,1274179,0.0,0.0
2014-03-06,333.09391476453914,342.3106617672412,333.04226634144607,335.8563537597656,1129421,0.0,0.0
2014-03-07,339.5999186568985,349.9784621628275,338.36070520735063,345.2022705078125,1204246,0.0,0.0
2014-03-10,345.43462069694783,360.15042409875116,340.9940366692525,358.4206848144531,1700774,0.0,0.0
2014-03-11,359.3758879006235,361.38963973680654,341.40709350559234,349.9784240722656,920648,0.0,0.0
2014-03-12,346.98359240385776,356.09706966806687,343.88551910186976,346.0799865722656,558077,0.0,0.0
2014-03-13,344.9698972528835,353.6961201396384,341.58783759442287,343.8339538574219,918869,0.0,0.0
2014-03-14,344.40191053479094,354.72880488685604,337.2505356590999,352.4052429199219,713142,0.0,0.0
2014-03-18,353.1797909989049,363.1710513532118,353.1797909989049,354.754638671875,904869,0.0,0.0
2014-03-19,356.8457525902106,359.35000301111364,351.11430808914145,353.20550537109375,346277,0.0,0.0
2014-03-20,352.6633984968467,359.3758684619823,348.0937476353255,353.17974853515625,420768,0.0,0.0
2014-03-21,354.28992137526967,356.66513191226454,352.0954803566587,354.5997314453125,843257,0.0,0.0
2014-03-24,354.21239552550156,360.40854183757966,354.21239552550156,358.2398986816406,420876,0.0,0.0
2014-03-25,357.8269056542597,372.5169123716706,356.38112530269575,368.07635498046875,1364500,0.0,0.0
2014-03-26,371.0453186035156,373.3172322134377,365.5720611978535,371.0453186035156,926816,0.0,0.0
2014-03-27,370.73543078013654,377.6802643901128,368.7216792220634,375.0985412597656,836850,0.0,0.0
2014-03-28,375.64075201307736,391.38928187243994,369.2639157435359,387.2843322753906,1053718,0.0,0.0
2014-03-31,389.7369712056034,400.1671357429396,383.3859321505715,398.798828125,948690,0.0,0.0
2014-04-01,399.05698674433035,399.13443254167925,376.415271669538,382.0692443847656,1428885,0.0,0.0
2014-04-02,384.5218259831994,392.4218869091142,379.12601554203013,389.6852722167969,829935,0.0,0.0
2014-04-03,387.2584750697444,395.2618335492123,385.7868975944444,393.5578918457031,938624,0.0,0.0
2014-04-04,392.08630959335426,392.4219169807938,383.15354799847603,384.39276123046875,329978,0.0,0.0
2014-04-07,387.77486914366796,393.9193681838266,382.869610335625,386.3807373046875,475330,0.0,0.0
2014-04-09,387.8264785822876,395.132744472237,387.7748301556594,391.0536193847656,552424,0.0,0.0
2014-04-10,391.9055834066589,400.86414213247656,390.02092597380744,392.9640808105469,583503,0.0,0.0
2014-04-11,391.905595729198,393.8935232281755,386.2257990400771,392.16375732421875,318501,0.0,0.0
2014-04-15,390.09843139416233,393.4546667584027,383.79901389900556,390.4856872558594,397709,0.0,0.0
2014-04-16,389.84023192146503,395.2102190904181,376.2603723964946,379.6166076660156,288741,0.0,0.0
2014-04-17,380.6493138182098,393.42883762745765,377.0090926571547,390.6147766113281,545131,0.0,0.0
2014-04-21,390.35658231801784,398.05013144206754,389.01409894684866,392.1379699707031,338860,0.0,0.0
2014-04-22,393.19647321852665,400.11548342424254,390.0725755182738,391.1310729980469,367855,0.0,0.0
2014-04-23,390.0725694166126,395.3909077904138,384.16043519978615,385.6578369140625,333490,0.0,0.0
2014-04-24,385.6578369140625,385.6578369140625,385.6578369140625,385.6578369140625,0,0.0,0.0
2014-04-25,387.28431433403546,393.3255429035918,379.5133197807669,382.1725158691406,731126,0.0,0.0
2014-04-28,396.5010875503718,396.5010875503718,377.49961895042065,384.8833312988281,843036,0.0,0.0
2014-04-29,384.6767703265274,384.6767703265274,367.30177190395256,369.9609680175781,669450,0.0,0.0
2014-04-30,372.1812223867903,375.2276742495725,353.9800912277509,358.44647216796875,604221,0.0,0.0
2014-05-02,361.4412293553146,365.0556526550288,354.13496380816935,357.10394287109375,591162,0.0,0.0
2014-05-05,360.79585718049555,360.79585718049555,347.49998341695675,348.73919677734375,498652,0.0,0.0
2014-05-06,348.79083407931864,350.59804589800746,343.11103701099586,345.7702331542969,492833,0.0,0.0
2014-05-07,343.9371868638991,353.69608207404417,343.9371868638991,348.17120361328125,591463,0.0,0.0
2014-05-08,348.68756202282736,352.56014724977445,340.1420556780395,344.6858825683594,741469,0.0,0.0
2014-05-09,341.3038328948025,374.2466190525058,341.3038328948025,371.096923828125,1114217,0.0,0.0
2014-05-12,369.2896595073161,390.7954292602033,369.2380379287523,388.3427734375,999939,0.0,0.0
2014-05-13,388.29125599949197,403.7299508648853,388.29125599949197,399.4184875488281,689450,0.0,0.0
2014-05-14,402.748771564728,411.78480229826374,400.45106112143543,409.796875,674721,0.0,0.0
2014-05-15,405.8469085716831,426.60396637305587,405.8469085716831,423.7124328613281,942401,0.0,0.0
2014-05-16,430.6314320232834,441.78445819082964,426.6039287270983,433.23895263671875,867334,0.0,0.0
2014-05-19,435.69165373772114,485.3123721555816,435.3560194801005,481.7754211425781,1065491,0.0,0.0
2014-05-20,490.0110354654252,496.1555335142627,466.8013506723896,473.4364013671875,442615,0.0,0.0
2014-05-21,473.48805459667136,492.5669953280268,470.1576435762572,477.8511657714844,514934,0.0,0.0
2014-05-22,481.2332096459744,486.8097366106392,473.97859196224726,476.5086669921875,270117,0.0,0.0
2014-05-23,477.61886313717866,500.33799846784274,477.61886313717866,496.93011474609375,590555,0.0,0.0
2014-05-26,498.2725600576176,511.15535139254433,465.0457669999506,482.6789245605469,517182,0.0,0.0
2014-05-27,482.7822710209596,504.4687044154117,434.4265659102197,478.2900390625,431824,0.0,0.0
2014-05-28,480.2005397058211,482.70479039906934,461.61209950405333,466.9820861816406,383034,0.0,0.0
2014-05-29,467.2920116623625,478.031987054221,453.9186640137016,457.8170471191406,716329,0.0,0.0
2014-05-30,459.0304091820828,466.07854069202017,443.4110006927697,447.98065185546875,826377,0.0,0.0
2014-06-02,449.2197821058211,476.32787402522456,449.2197821058211,472.042236328125,449709,0.0,0.0
2014-06-03,474.36578909387237,486.3965963707739,468.8925596629133,484.718505859375,526441,0.0,0.0
2014-06-04,485.88026687264556,492.4378446329429,476.5860744326102,478.8063659667969,440455,0.0,0.0
2014-06-05,479.6841735281237,501.3706607363846,479.6841735281237,499.7699890136719,867542,0.0,0.0
2014-06-06,500.85435955295776,506.53412978379015,490.01108862782905,499.8990783691406,1085380,0.0,0.0
2014-06-09,504.72681240661154,504.98500080947895,489.15905569023914,494.0126647949219,479368,0.0,0.0
2014-06-10,495.6909679675266,498.7631908244498,483.47938812632844,492.4896240234375,403131,0.0,0.0
2014-06-11,492.5927549320922,497.6529581806271,476.7151599176576,479.6067199707031,426126,0.0,0.0
2014-06-12,481.465532141082,485.3639680486891,467.6791612092941,482.3949890136719,410301,0.0,0.0
2014-06-13,478.1609985113815,491.8183035800371,457.4813861423683,466.749755859375,692113,0.0,0.0
2014-06-16,462.07682480188214,469.84781895689554,439.5125565938561,464.8392639160156,602557,0.0,0.0
2014-06-17,469.56382141149567,476.06975148709927,459.18527939584175,470.93212890625,771310,0.0,0.0
2014-06-18,475.55339687249426,486.6031529546406,467.2919040226676,474.93377685546875,762574,0.0,0.0
2014-06-19,477.6188565992905,483.29862693205956,464.1938619303686,467.60174560546875,242640,0.0,0.0
2014-06-20,462.90305353716303,471.3710879360477,457.5072418829757,459.6242370605469,312613,0.0,0.0
2014-06-23,459.5983217427736,469.40889132288765,447.61913582627017,457.9976501464844,938479,0.0,0.0
2014-06-24,462.1284640802873,469.66709386075735,454.82214483195867,456.7843017578125,818792,0.0,0.0
2014-06-25,459.4950990173253,463.3676571233865,456.4486472689233,458.69476318359375,705533,0.0,0.0
2014-06-26,461.4572501432744,469.2024208472848,461.4056017128791,467.369384765625,662794,0.0,0.0
2014-06-27,469.25400004467684,481.49134754986727,467.57585581319665,479.4001770019531,815871,0.0,0.0
2014-06-30,483.2212179683928,495.6909867682793,480.82020991925964,493.5997619628906,602992,0.0,0.0
2014-07-01,497.2141821457896,501.8870771144,487.09382672823136,496.95599365234375,545775,0.0,0.0
2014-07-02,500.31209869142106,515.6733704903759,498.5307112977956,512.110595703125,821980,0.0,0.0
2014-07-03,513.762870081203,521.5080389768996,507.36018424216695,509.8902587890625,904200,0.0,0.0
2014-07-04,515.828292485413,517.79039578638,501.3706524808293,511.3619384765625,606172,0.0,0.0
2014-07-07,511.90406483904707,514.7181522984756,504.98505514413273,507.9798583984375,402746,0.0,0.0
2014-07-08,510.51002138649307,515.8283603693959,457.791199009378,467.9373779296875,915494,0.0,0.0
2014-07-09,469.20237496959436,474.3141731753844,451.7499317989883,456.96502685546875,596549,0.0,0.0
2014-07-10,456.96505222751955,485.3640102755575,439.9256612921184,456.86175537109375,871416,0.0,0.0
2014-07-11,457.97191032088324,461.4572126949791,434.24584742271423,441.26812744140625,668068,0.0,0.0
2014-07-14,439.40928980480254,453.01499915100726,437.08575491166096,447.8773498535156,344059,0.0,0.0
2014-07-15,451.13027574849616,465.56209021324344,449.89106261497955,461.3022766113281,354501,0.0,0.0
2014-07-16,464.7102095327733,467.67918874258083,456.0872308733449,465.53631591796875,357279,0.0,0.0
2014-07-17,461.09581166561384,474.72729257450305,460.88927163569446,470.9579772949219,309771,0.0,0.0
2014-07-18,472.1971737340069,477.102431879464,463.8840322548565,471.448486328125,352341,0.0,0.0
2014-07-21,476.5861280681659,476.5861280681659,467.29193458215127,470.1834411621094,152061,0.0,0.0
2014-07-22,471.577562457232,476.48282069376296,465.27817254415083,473.2557067871094,305581,0.0,0.0
2014-07-23,476.069727199705,479.01293574697235,462.6964361190991,468.5310974121094,430044,0.0,0.0
2014-07-24,466.25918240755374,475.03705170946796,461.0957361933204,473.6170959472656,364312,0.0,0.0
2014-07-25,475.0370612324669,478.4707149148689,457.4813222767012,465.48468017578125,329323,0.0,0.0
2014-07-28,463.8065974205551,474.46909883609703,460.5794296221935,463.8582458496094,213766,0.0,0.0
2014-07-30,463.7291773499091,467.80827577487423,452.2146916370563,456.8359375,466850,0.0,0.0
2014-07-31,457.48136701569763,460.7601831292944,451.18197692481107,452.6793518066406,362800,0.0,0.0
2014-08-01,447.8257185381199,453.3506238622279,442.5073800803857,445.01165771484375,287242,0.0,0.0
2014-08-04,445.08914671363846,460.2696787439633,445.08914671363846,458.2301025390625,461470,0.0,0.0
2014-08-05,459.57257494696347,462.20589300251186,453.3506040315845,459.6499938964844,384349,0.0,0.0
2014-08-06,456.9649945192588,466.85298284357486,456.9649945192588,459.0045166015625,248679,0.0,0.0
2014-08-07,460.83761658762273,462.69647683020054,449.24568508529524,454.1509704589844,316242,0.0,0.0
2014-08-08,451.8015862240317,452.49862522108134,439.3318468745566,441.16485595703125,1219818,0.0,0.0
2014-08-11,444.05640797293523,449.21985488941465,442.50738463571037,444.1338806152344,1004082,0.0,0.0
2014-08-12,444.9341913644007,449.99436828823485,439.2285969956738,448.1097106933594,378582,0.0,0.0
2014-08-13,448.2129653127765,452.0855503820289,421.10486982800956,435.5367126464844,1310972,0.0,0.0
2014-08-14,436.82757835456187,441.9910251610631,430.2958240500832,439.4093017578125,361335,0.0,0.0
2014-08-18,436.4919350831421,447.61916433166033,436.4919350831421,441.16485595703125,279388,0.0,0.0
2014-08-19,444.57275391625996,447.6708274063159,438.71224118344395,441.4488830566406,258431,0.0,0.0
2014-08-20,448.0064990450903,448.0064990450903,439.9256938203638,443.359375,421121,0.0,0.0
2014-08-21,441.4746917331541,449.86530653177505,436.4403389605602,438.17010498046875,572288,0.0,0.0
2014-08-22,438.1184450634542,442.32666445968135,436.3112332916648,438.0926208496094,337717,0.0,0.0
2014-08-25,436.8275610820906,440.95833447053593,432.1804645088484,433.419677734375,235535,0.0,0.0
2014-08-26,429.2114730523436,434.7621753057797,409.4612930508792,414.6763610839844,697404,0.0,0.0
2014-08-27,415.39927079103603,420.175461671616,406.4406848633225,411.2685241699219,636852,0.0,0.0
2014-08-28,415.1411236427723,416.17379691184476,402.7746538734332,410.132568359375,952878,0.0,0.0
2014-09-01,411.0619471906043,433.16148526161703,411.0619471906043,431.4833679199219,966278,0.0,0.0
2014-09-02,429.5987631569705,435.9756259424092,425.08073372694207,426.1134338378906,490318,0.0,0.0
2014-09-03,428.5660360022914,438.5831190691974,427.6624301733058,432.8000793457031,658835,0.0,0.0
2014-09-04,430.6314806783979,434.9171192013604,421.4147056373641,429.7278747558594,599992,0.0,0.0
2014-09-05,430.11513621610067,442.7139440220036,426.50071247876934,439.7449645996094,456782,0.0,0.0
2014-09-08,446.92213679706964,462.670666687586,444.5727774743962,459.9340515136719,1243147,0.0,0.0
2014-09-09,463.49681576064023,472.3521053860127,459.934040538801,470.441650390625,1048017,0.0,0.0
2014-09-10,467.29186699230587,470.7255204927458,459.8564810658042,462.3349609375,576504,0.0,0.0
2014-09-11,464.6843426236894,469.22816892344247,442.3266158575552,463.96142578125,492841,0.0,0.0
2014-09-12,462.6447815554274,469.77033123090587,455.6999476741598,458.3074951171875,365421,0.0,0.0
2014-09-15,456.448702638677,463.4451859794102,451.28525541184626,455.90655517578125,491710,0.0,0.0
2014-09-16,455.41593048159035,460.47613373469625,437.00826067055505,443.9530944824219,776477,0.0,0.0
2014-09-17,448.1871779556466,459.469299175263,431.74158301738544,457.53302001953125,1101537,0.0,0.0
2014-09-18,459.0303729997654,464.5036564908627,456.96502656179376,460.5278015136719,482843,0.0,0.0
2014-09-19,458.1526606735881,468.32460959601264,455.9581929689551,458.97882080078125,545353,0.0,0.0
2014-09-22,456.4745137472579,463.6775369177828,454.40916712898814,458.3333740234375,464571,0.0,0.0
2014-09-23,456.50034519275204,462.90303255685404,452.3437739868691,455.49346923828125,439554,0.0,0.0
2014-09-24,455.4159596954789,459.5983547778324,440.70015795615296,445.4763488769531,274644,0.0,0.0
2014-09-25,441.5521408660885,448.18716507699423,418.2908063860498,422.9120788574219,891702,0.0,0.0
2014-09-26,422.91210411851023,432.1030548725408,407.44758723001365,425.4163818359375,635024,0.0,0.0
2014-09-29,426.0359844754779,432.1804829734603,416.1996166671203,418.6780700683594,317562,0.0,0.0
2014-09-30,418.23916627871677,438.68641357274254,416.8450345612015,427.094482421875,583232,0.0,0.0
2014-10-01,425.46796667791375,432.18043608171075,421.00158619756104,422.39569091796875,245272,0.0,0.0
2014-10-07,420.8209146880721,425.98436182343863,411.0103704997354,416.6385192871094,484007,0.0,0.0
2014-10-08,416.2253928079782,423.9189137265453,414.1083712649076,418.6263732910156,324320,0.0,0.0
2014-10-09,419.5300388611171,434.16842227448944,419.5300388611171,432.6710205078125,598515,0.0,0.0
2014-10-10,428.59183032099327,430.4764876398728,416.1737406470048,418.11004638671875,290383,0.0,0.0
2014-10-13,414.1084110820903,426.83631208638366,413.38552102446016,425.2872619628906,406243,0.0,0.0
2014-10-14,426.39744891269345,428.54029507885923,418.39411645876913,419.5300598144531,241816,0.0,0.0
2014-10-15,419.5300598144531,419.5300598144531,419.5300598144531,419.5300598144531,0,0.0,0.0
2014-10-16,417.1548644243825,422.369959928316,396.9658046185517,401.8710632324219,410375,0.0,0.0
2014-10-17,399.21185082290924,412.5593713441093,399.21185082290924,410.9844970703125,449627,0.0,0.0
2014-10-20,416.3028622027259,427.48171264257587,415.65741796565595,425.77777099609375,396361,0.0,0.0
2014-10-21,425.98434690632325,430.631470640859,424.33205354481345,429.753662109375,238635,0.0,0.0
2014-10-22,432.1805069781968,446.58652656189986,431.50926529656294,444.8309631347656,511796,0.0,0.0
2014-10-27,444.67602066661186,447.77409413394975,438.9446022008299,443.6175231933594,238035,0.0,0.0
2014-10-28,444.52107911911713,450.0975785204972,442.50732756500287,444.650146484375,345102,0.0,0.0
2014-10-29,446.12178426209766,449.2198307702092,440.18379915152667,444.8567199707031,329560,0.0,0.0
2014-10-30,443.1527839643153,449.2198365276185,440.54526324285524,443.3335266113281,507148,0.0,0.0
2014-10-31,445.39893159133305,454.3833423828016,445.39893159133305,450.8721618652344,599814,0.0,0.0
2014-11-03,451.80160037556317,458.3591789633575,449.8136459527276,452.4469909667969,357959,0.0,0.0
2014-11-05,453.3505744171598,456.9649975649961,448.4194654832638,454.460693359375,332025,0.0,0.0
2014-11-07,459.5468123034715,460.29549981783526,450.71729267369415,455.3385925292969,311496,0.0,0.0
2014-11-10,457.5330297318736,457.84281292792895,444.05641377585596,447.67083740234375,201391,0.0,0.0
2014-11-11,450.25252590226495,452.34372337890414,442.2491944368444,450.48486328125,267913,0.0,0.0
2014-11-12,449.3747134177579,467.18858679803554,449.3747134177579,455.6741027832031,966203,0.0,0.0
2014-11-13,456.9650511594595,463.52262980354226,455.3127309692671,458.9271545410156,421910,0.0,0.0
2014-11-14,457.9719645812012,481.74962503414815,457.9719645812012,479.1937255859375,1212438,0.0,0.0
2014-11-17,482.6531507859386,482.6531507859386,472.53279728823264,474.2883605957031,460121,0.0,0.0
2014-11-18,474.03026261893046,486.78393522307846,473.48806147462216,482.1626892089844,909556,0.0,0.0
2014-11-19,482.16263813088574,491.50847971885435,471.50008383319476,474.03021240234375,666794,0.0,0.0
2014-11-20,468.84098567881097,472.37793673949,461.37977402100375,463.72918701171875,408293,0.0,0.0
2014-11-21,466.15587669814084,470.9062428297886,460.37281060557257,468.2471008300781,345589,0.0,0.0
2014-11-24,470.41582792878415,485.02836049797475,468.8668045550121,482.8338928222656,618152,0.0,0.0
2014-11-25,485.3639593775835,486.3966057019836,461.61207383318657,473.46221923828125,1048259,0.0,0.0
2014-11-26,469.7187280929232,479.32275876680245,464.71022641862675,466.4657897949219,718220,0.0,0.0
2014-11-27,466.4658322909602,471.42273967679995,464.7876877161425,466.1044006347656,424032,0.0,0.0
2014-11-28,468.3245998504294,475.5276229098323,463.78077293401844,468.1697082519531,564198,0.0,0.0
2014-12-01,469.615487590065,472.971722764392,451.80161158280725,456.8359375,487092,0.0,0.0
2014-12-02,451.2852559539913,465.74289746876616,448.2130064609941,464.116455078125,505598,0.0,0.0
2014-12-03,469.3056450789938,469.43476614977095,462.4899316427828,466.2592468261719,403262,0.0,0.0
2014-12-04,467.29196960746276,508.34135856584845,467.29196960746276,503.9524230957031,2971908,0.0,0.0
2014-12-05,504.54621544528396,505.7079829988916,478.1868322824927,488.53955078125,1017210,0.0,0.0
2014-12-08,482.78228416780144,486.9130309416787,467.00793083429795,472.7393493652344,514026,0.0,0.0
2014-12-09,474.9854361950665,479.11618271491193,456.68100897042706,458.04931640625,631857,0.0,0.0
2014-12-10,460.5793693909613,472.45533889324713,458.0492946499103,464.60687255859375,492761,0.0,0.0
2014-12-11,465.2265225806201,473.59131261227236,454.3833060702887,466.2333984375,498356,0.0,0.0
2014-12-12,466.7755504916803,472.09388879286666,454.3833105976279,457.2489929199219,461908,0.0,0.0
2014-12-15,457.9977302420593,463.16117751593686,449.8395060985442,452.1114196777344,493238,0.0,0.0
2014-12-16,449.2198129347328,455.3126893910841,426.5006539929283,432.1804504394531,444194,0.0,0.0
2014-12-17,433.1615658282551,435.7949378565435,410.4940251274969,426.3458251953125,760027,0.0,0.0
2014-12-18,430.4507099626799,448.16134193922124,430.4507099626799,444.7276611328125,464221,0.0,0.0
2014-12-19,449.7362129544161,455.41598318819524,443.5400658066415,446.1476135253906,495525,0.0,0.0
2014-12-22,448.23876797988424,452.83421604660685,437.0082691344568,449.3230895996094,347220,0.0,0.0
2014-12-23,449.2198522885443,452.834249002575,433.83278164029474,435.8207092285156,370158,0.0,0.0
2014-12-24,439.7707958380163,450.25260937691985,436.9309104287649,445.5538635253906,665787,0.0,0.0
2014-12-26,448.1613415821551,448.65186741125126,438.14425813902204,441.37139892578125,236846,0.0,0.0
2014-12-29,440.33872152905894,453.8669314434379,440.33872152905894,449.9169006347656,361051,0.0,0.0
2014-12-30,447.95480229011457,464.71020683465457,447.1544664343527,462.95458984375,722111,0.0,0.0
2014-12-31,464.5552509738175,472.09388089876853,459.030372749018,468.40203857421875,568956,0.0,0.0
2015-01-01,466.827224917499,474.52074698684277,463.88406979206644,468.1697082519531,253029,0.0,0.0
2015-01-02,469.87368852161853,473.95278705488676,465.51057731029,472.1197509765625,267284,0.0,0.0
2015-01-05,468.84103282272736,481.7496518634886,468.84103282272736,474.340087890625,450124,0.0,0.0
2015-01-06,469.8736369258504,471.758267538932,451.8531687032027,462.4898986816406,523022,0.0,0.0
2015-01-07,465.22661409461153,469.87373847807754,455.3127988525799,464.2972106933594,273834,0.0,0.0
2015-01-08,469.6154468418282,479.70997570337835,466.7755351374321,475.2436218261719,418025,0.0,0.0
2015-01-09,479.1679007054548,483.94409216235175,470.41585373716475,472.1714172363281,323393,0.0,0.0
2015-01-12,472.7135320781027,481.10414681863153,467.3177745610477,478.23846435546875,335012,0.0,0.0
2015-01-13,484.1764342266635,484.1764342266635,468.5311476822524,474.727294921875,367225,0.0,0.0
2015-01-14,478.55018913093676,491.23843646797343,474.6862683651376,486.4607238769531,610629,6.0,0.0
2015-01-15,493.37917296147043,503.19557952404205,485.0508608171101,493.7707824707031,614070,0.0,0.0
2015-01-16,492.90925481291833,506.9811921887027,489.0453342333521,503.9266052246094,619992,0.0,0.0
2015-01-19,505.33647077381175,515.5706033338229,498.96625925487433,506.11968994140625,738491,0.0,0.0
2015-01-20,507.0334319947237,511.08010015767076,496.12048522575594,497.58251953125,452610,0.0,0.0
2015-01-21,501.1593468760305,518.964636492513,499.17518416270275,515.3096313476562,625092,0.0,0.0
2015-01-22,519.0168231708567,531.0262566606693,516.9282567290865,527.7106323242188,928520,0.0,0.0
2015-01-23,531.0784737031025,545.0460091736888,526.8490575319252,542.5135498046875,854065,0.0,0.0
2015-01-27,543.0357417828808,559.744490403983,535.2817848516846,555.6978759765625,638930,0.0,0.0
2015-01-28,554.0006848039811,566.0623434061222,545.2547037366631,551.5465698242188,584831,0.0,0.0
2015-01-29,551.390006141926,558.5956647636551,546.6906375967105,551.3638916015625,494252,0.0,0.0
2015-01-30,552.3298897826535,553.4786581635561,516.9281807376609,544.1582641601562,1472222,0.0,0.0
2015-02-02,544.0799240299292,576.4532151021364,542.5134858457649,572.5892944335938,742990,0.0,0.0
2015-02-03,577.5498512038408,584.1811543481066,560.2405760665376,579.7951049804688,664576,0.0,0.0
2015-02-04,583.5544957940849,583.6327851314002,565.2270270792164,572.2499389648438,558412,0.0,0.0
2015-02-05,571.7539327738912,577.9675110688796,564.7049062556789,571.2317504882812,484187,0.0,0.0
2015-02-06,571.7539950377322,589.3504215599138,570.1875023025021,578.5419311523438,692186,0.0,0.0
2015-02-09,571.336165823252,594.2063149043313,563.9216448363709,577.5497436523438,829828,0.0,0.0
2015-02-10,576.9754796650325,603.970590527308,569.1432333347379,598.7752075195312,610487,0.0,0.0
2015-02-11,602.7173602505245,618.2252184407323,602.7173602505245,611.5416870117188,526499,0.0,0.0
2015-02-12,612.2205348084796,623.9689309473076,608.3044389569986,622.0891723632812,385167,0.0,0.0
2015-02-13,623.9689147514418,630.7568502459482,617.729221803474,628.5115966796875,383882,0.0,0.0
2015-02-16,629.2164374261688,652.1649309870332,627.1278712390723,644.2804565429688,671118,0.0,0.0
2015-02-18,644.3327505328508,657.90862213916,634.4641127854734,653.6792602539062,531235,0.0,0.0
2015-02-19,655.1934340587017,666.785142528272,648.5621315932825,663.8088989257812,570051,0.0,0.0
2015-02-20,663.1300547108782,666.2629854389616,653.4703342694722,656.8120727539062,295541,0.0,0.0
2015-02-23,658.9528584514584,674.5129451108995,655.7155238922688,666.8112182617188,526589,0.0,0.0
2015-02-24,668.8737262704042,672.5287849320509,656.3421120853833,663.0517578125,392576,0.0,0.0
2015-02-25,665.740926466949,707.5129095734053,665.740926466949,700.0723266601562,1312036,0.0,0.0
2015-02-26,704.3799494030613,714.5618527955952,664.2005240953906,668.4560546875,1890553,0.0,0.0
2015-02-27,663.1300782831673,699.6283832365672,659.1878680555737,693.2581176757812,1124411,0.0,0.0
2015-03-02,699.7328013071544,743.9850091876515,691.6134040878454,731.114013671875,795336,0.0,0.0
2015-03-03,733.0981646766271,757.1170297643016,731.0095441071812,745.7080688476562,655032,0.0,0.0
2015-03-04,749.2848319693906,758.3963651343419,731.7406352331967,736.8837890625,543780,0.0,0.0
2015-03-05,743.0190306826021,743.3845257090793,707.9566454249947,718.5302124023438,759542,0.0,0.0
2015-03-09,717.9557468487055,733.0458800154094,707.98270654311,711.8727416992188,479709,0.0,0.0
2015-03-10,709.7841701725456,721.0364980414379,704.9020535579674,714.5618286132812,482714,0.0,0.0
2015-03-11,723.4122963457978,735.1345778396736,718.0080515416869,726.7540893554688,668331,0.0,0.0
2015-03-12,731.531752381723,777.8986420407895,727.1718178668418,768.5782470703125,925695,0.0,0.0
2015-03-13,772.7031997594155,783.2244829244576,742.1835519213058,748.1099243164062,988493,0.0,0.0
2015-03-16,752.9921786921252,756.4906050685718,718.5041999115522,728.5033569335938,649787,0.0,0.0
2015-03-17,732.2627429458582,749.7808789428856,722.2897015233074,735.3434448242188,1137142,0.0,0.0
2015-03-18,739.3640216704481,751.3734550195717,729.3387508492497,732.9154663085938,593889,0.0,0.0
2015-03-19,739.8860861490546,748.658238083263,710.3846333415562,714.5357055664062,600833,0.0,0.0
2015-03-20,706.9907157031083,724.5610810651967,702.8135286396656,714.2747192382812,536261,0.0,0.0
2015-03-23,717.9296829913136,722.2635024573391,697.3569620679923,703.7271728515625,421968,0.0,0.0
2015-03-24,698.1142146582827,706.6775058246681,688.5850110035242,699.0018920898438,519767,0.0,0.0
2015-03-25,704.3278213555508,714.3009184084299,698.9496903382494,712.473388671875,609024,0.0,0.0
2015-03-26,710.0974786164721,723.6994636647906,700.4377037214806,707.6172485351562,1180776,0.0,0.0
2015-03-27,712.7343088201318,727.8766723174165,699.6805659059867,721.271484375,459818,0.0,0.0
2015-03-30,730.3829917562289,740.695413011815,721.0887119209951,738.3196411132812,400860,0.0,0.0
2015-03-31,740.8521639624211,751.3473886898066,726.466957565735,729.3126831054688,556099,0.0,0.0
2015-04-01,729.4952699155062,740.9303443569294,727.1194981620617,737.536376953125,275690,0.0,0.0
2015-04-06,741.4525370493106,758.1613386985431,731.0095428050641,755.9421997070312,526748,0.0,0.0
2015-04-07,760.7721664779115,767.5601025850533,747.9795134842827,756.62109375,571634,0.0,0.0
2015-04-08,761.2942193490305,774.2957322098562,757.1169784930179,763.4872436523438,517472,0.0,0.0
2015-04-09,767.0378777453813,778.0029997430969,751.8955147083558,761.738037109375,533252,0.0,0.0
2015-04-10,764.9492738477246,772.2593915331734,751.5822651080415,755.7333374023438,541262,0.0,0.0
2015-04-13,760.6676861802658,760.7720900628416,741.5569979561266,752.6004638671875,423303,0.0,0.0
2015-04-15,757.1170933692943,762.3125306857329,742.0530723366937,747.170166015625,362295,0.0,0.0
2015-04-16,747.2484266012717,751.7388792654501,725.7880272821437,733.3070068359375,303952,0.0,0.0
2015-04-17,735.7088616727546,735.7088616727546,686.078527859427,692.2659912109375,402589,0.0,0.0
2015-04-20,695.503509816127,702.2392717442186,674.5914026773165,680.5439453125,458567,0.0,0.0
2015-04-21,682.867391384451,690.4907754223767,664.5399213809852,674.3563842773438,408470,0.0,0.0
2015-04-22,676.7583025389399,688.1933791302336,653.6270581863005,676.7843627929688,554932,0.0,0.0
2015-04-23,681.823092337104,687.4884285154615,662.3991368749298,669.1870727539062,363042,0.0,0.0
2015-04-24,670.9623385922793,678.272456418403,632.9759924586613,641.2781372070312,710274,0.0,0.0
2015-04-27,665.6363782284056,669.9180229418605,650.0762918351484,660.4932250976562,1149890,0.0,0.0
2015-04-28,654.932267580193,681.1180939457291,647.9876999731781,675.4527587890625,550889,0.0,0.0
2015-04-29,675.1917685160125,691.8222814840186,673.0770876152932,679.134033203125,547543,0.0,0.0
2015-04-30,679.8910930948949,714.8229046667992,675.2961822631859,710.541259765625,1031515,0.0,0.0
2015-05-04,720.5664697851865,735.7088315007877,716.1282465795601,732.8892211914062,864815,0.0,0.0
2015-05-05,712.9954411366539,715.3450987092193,689.8641975845243,702.6046752929688,705792,0.0,0.0
2015-05-06,697.0698448585961,703.7011476067732,668.3516093130579,676.65380859375,643673,0.0,0.0
2015-05-07,676.7060094924904,678.2463332366134,640.1033003242239,652.9481811523438,695298,0.0,0.0
2015-05-08,658.9529125843818,689.7075391309846,658.9529125843818,680.361083984375,524290,0.0,0.0
2015-05-11,682.6585686652752,705.7375841771761,682.6585686652752,700.8294067382812,496983,0.0,0.0
2015-05-12,704.3798624815774,704.3798624815774,661.1197949546909,666.2890625,503267,0.0,0.0
2015-05-13,670.9623344085429,683.781155068418,656.394382227503,678.0374755859375,499313,0.0,0.0
2015-05-14,682.9195213846696,709.0792336981984,673.5469528211264,703.7010498046875,555528,0.0,0.0
2015-05-15,709.0792284018962,712.2121046493536,695.6860521427719,700.9597778320312,305027,0.0,0.0
2015-05-18,702.2129772770435,731.9755199507069,700.9598050125932,728.0071411132812,625247,0.0,0.0
2015-05-19,726.8845930611911,727.8766742677931,706.2074664014677,711.455078125,419121,0.0,0.0
2015-05-20,717.7991926424701,733.5420282013528,715.3711915077512,728.0333251953125,512528,0.0,0.0
2015-05-21,722.3940958042141,740.3038411475238,722.3940958042141,728.4249267578125,768102,0.0,0.0
2015-05-22,728.3988214650664,732.4716045743403,712.7343295132974,717.3814697265625,371751,0.0,0.0
2015-05-25,717.4337074883049,718.6607653448344,700.7249050126641,705.71142578125,270179,0.0,0.0
2015-05-26,704.3799462781632,712.212192151256,696.0516869413028,706.4685668945312,254661,0.0,0.0
2015-05-27,701.7692229512445,721.6109023532293,697.5920358601204,710.9590454101562,460107,0.0,0.0
2015-05-28,711.1677808333466,728.3987084483416,700.7247878191455,724.2998657226562,500767,0.0,0.0
2015-05-29,725.2659312063985,733.6203050406432,711.1678778554432,714.6140747070312,909917,0.0,0.0
2015-06-01,714.1441012427562,719.6528039986764,708.1393850399179,713.2825927734375,213163,0.0,0.0
2015-06-02,713.7785275868683,724.2215205791232,690.3601369756888,697.35693359375,313325,0.0,0.0
2015-06-03,700.672829983533,700.672829983533,671.536866109006,690.9869384765625,356899,0.0,0.0
2015-06-04,691.8483424189277,711.1678934119409,684.5643932717603,701.7169799804688,376252,0.0,0.0
2015-06-05,706.2074920278012,717.4859350318579,701.795328379658,705.8942260742188,371680,0.0,0.0
2015-06-08,705.8942668241831,712.3949972199348,673.5731452088115,679.4995727539062,494131,0.0,0.0
2015-06-09,676.1838289546268,694.1196885570425,673.1554105460436,687.227294921875,371112,0.0,0.0
2015-06-10,685.4258761746809,704.8498846205653,681.4053222921326,696.8087768554688,347279,0.0,0.0
2015-06-11,703.2312286664269,711.9510975399397,668.0383243509644,676.1577758789062,497104,0.0,0.0
2015-06-12,676.1838008380734,682.7890428008994,668.8737376822486,675.0089721679688,291889,0.0,0.0
2015-06-15,676.1838119729878,690.099117320786,672.9725918382796,688.4021606445312,326550,0.0,0.0
2015-06-16,686.6268487744426,691.0912415059205,678.7946027318574,687.3056640625,340567,0.0,0.0
2015-06-17,693.936927157064,699.1584242205131,685.5825535724215,689.8902587890625,522080,0.0,0.0
2015-06-18,693.101495321345,716.4677142347974,686.3135598368691,712.29052734375,644983,0.0,0.0
2015-06-19,718.6346491977288,728.3988286462285,713.8831050515263,716.1544189453125,528020,0.0,0.0
2015-06-22,717.9558370020783,725.0570929993421,704.9020935240006,718.86962890625,520603,0.0,0.0
2015-06-23,722.3419004227904,734.4035619862568,714.9273788811321,726.6757202148438,608598,0.0,0.0
2015-06-24,728.3988429120633,731.9233835656938,705.006562473932,709.079345703125,440964,0.0,0.0
2015-06-25,710.1235769618827,721.6108818553134,707.5128283175662,715.4756469726562,553411,0.0,0.0
2015-06-26,710.8023479954097,725.7880236499459,710.1235327591085,715.110107421875,366049,0.0,0.0
2015-06-29,707.5127881438399,709.0792806752355,681.4053031831007,694.6679077148438,435690,0.0,0.0
2015-06-30,695.0334636065513,706.41630978374,688.9765183515443,704.3015747070312,465198,0.0,0.0
2015-07-01,706.990676537603,725.7619841765052,706.990676537603,722.2896728515625,501767,0.0,0.0
2015-07-02,728.3988430341564,742.4968970666536,725.7880942982196,737.71923828125,983615,0.0,0.0
2015-07-03,742.1313267392992,751.8955053902548,739.1811977975125,745.8125,552828,0.0,0.0
2015-07-06,738.3196803716745,755.3156338736799,728.6599050064444,753.0704345703125,591804,0.0,0.0
2015-07-07,754.5062728646993,767.011773015222,753.0704073177794,757.1692504882812,731147,0.0,0.0
2015-07-08,747.979451053179,754.7673865937568,735.1867991273061,743.2539672851562,532533,0.0,0.0
2015-07-09,746.7001963179305,760.5110988913922,738.8418355901716,753.5925903320312,596281,0.0,0.0
2015-07-10,757.1169695380602,763.9571334936439,749.8330212524376,752.3915405273438,627128,0.0,0.0
2015-07-13,752.4437614822735,769.6485750594517,752.4437614822735,763.2261352539062,792179,0.0,0.0
2015-07-14,767.5600517728118,776.958790382872,764.5576935283236,768.9959716796875,501642,0.0,0.0
2015-07-15,772.833804282264,779.0473830455797,765.419282180595,769.4920654296875,481136,0.0,0.0
2015-07-16,775.888361319915,777.8986383202312,769.6486682556017,772.7293701171875,503104,0.0,0.0
2015-07-17,775.3922370973754,787.2972652578966,772.5204518004643,780.6920776367188,533785,0.0,0.0
2015-07-20,783.2244770744097,786.5662698219074,773.1992074162923,777.741943359375,443032,0.0,0.0
2015-07-21,778.5774318427253,782.7023896136765,755.1850985682864,758.8662719726562,297645,0.0,0.0
2015-07-22,754.5063127432247,770.6929871026912,746.1519387005401,766.9074096679688,481182,0.0,0.0
2015-07-23,772.2593531007738,775.9144117615998,755.9943909230667,759.5711059570312,334484,0.0,0.0
2015-07-24,759.2057216949736,766.5158400829552,749.2848544958839,752.4177856445312,265116,0.0,0.0
2015-07-27,750.3291098891165,751.5039386241857,718.7912643905663,722.7596435546875,296170,0.0,0.0
2015-07-28,725.7880872489347,731.009584670094,718.7391145933441,720.9843139648438,292322,0.0,0.0
2015-07-29,723.1773329308659,761.1637345190829,723.1773329308659,757.5347900390625,497119,0.0,0.0
2015-07-30,762.3385780864601,764.9493268274829,742.4186091691334,745.0293579101562,680850,0.0,0.0
2015-07-31,751.3472765999355,766.5157542691811,745.1859274690044,759.8583374023438,395969,0.0,0.0
2015-08-03,761.8164548267152,776.9588193363682,758.1613957079512,770.3535766601562,506053,0.0,0.0
2015-08-04,776.1493613639768,776.1493613639768,756.0727082619557,770.7451171875,460138,0.0,0.0
2015-08-05,777.9769435050174,787.9238698372304,771.2150684703754,781.7886352539062,662971,0.0,0.0
2015-08-06,795.6517009087239,814.3968391778047,791.0567358029921,796.8004150390625,1591628,0.0,0.0
2015-08-07,800.8471210374803,803.4317550985319,783.7467095303298,786.9057006835938,366829,0.0,0.0
2015-08-10,788.4460436786629,798.8890383537736,778.0813926375707,782.9896240234375,403397,0.0,0.0
2015-08-11,783.9554335478003,786.0962285676654,764.9491523024793,767.2205200195312,277266,0.0,0.0
2015-08-12,765.0015376620387,772.755494356072,747.8750111278276,750.1986083984375,306393,0.0,0.0
2015-08-13,753.7752627390136,764.9492466339758,731.5316988275315,733.907470703125,480634,0.0,0.0
2015-08-14,734.7168375648978,759.153426950056,728.398801013999,754.7151489257812,709070,0.0,0.0
2015-08-17,760.772127281081,762.3125053889087,742.7318630047844,747.7183837890625,411024,0.0,0.0
2015-08-18,752.7831903282752,759.7277585293541,748.1360504015188,750.6423950195312,359451,0.0,0.0
2015-08-19,755.5505774143827,768.6043199998722,744.063273080714,759.4406127929688,455852,0.0,0.0
2015-08-20,757.1170895155485,769.6487053368305,736.2310993415418,739.2073974609375,639564,0.0,0.0
2015-08-21,736.2310781538046,740.4083195021464,725.7880833673365,730.9835205078125,437748,0.0,0.0
2015-08-24,715.3451415465348,715.3451415465348,627.4934712613552,640.4688720703125,1065304,0.0,0.0
2015-08-25,653.0526580203068,669.0826449705411,577.3148325699333,648.6143798828125,1015774,0.0,0.0
2015-08-26,647.5700555151134,664.1222244119629,629.2425862602182,639.5811767578125,702307,0.0,0.0
2015-08-27,658.9528893723943,662.7906957059657,634.1769198826139,653.3397827148438,725038,0.0,0.0
2015-08-28,660.5715628851729,690.8040606380634,659.0573536892557,668.40380859375,915423,0.0,0.0
2015-08-31,665.7409495313755,676.1578854136527,657.8042985264407,660.441162109375,571843,0.0,0.0
2015-09-01,652.3999142595397,661.1458972352234,639.7638959609161,648.27490234375,686441,0.0,0.0
2015-09-02,665.7409206726329,668.3516695940635,622.611361520725,628.5639038085938,1036264,0.0,0.0
2015-09-03,635.2994998586604,643.5494693498126,625.0131389643024,630.0780029296875,749155,0.0,0.0
2015-09-04,628.1981964288353,631.7488509875769,606.7378532935186,616.5542602539062,875050,0.0,0.0
2015-09-07,621.3580970633896,623.4466631336696,593.7102361166117,596.7387084960938,670216,0.0,0.0
2015-09-08,605.980828607891,623.4467351710136,598.1485827819321,619.32177734375,733849,0.0,0.0
2015-09-09,630.7568744465484,645.8991843164681,624.6999287817033,643.6539306640625,542959,0.0,0.0
2015-09-10,639.5289677524786,656.8643563430629,618.8518404001763,652.6088256835938,650421,0.0,0.0
2015-09-11,663.0256827323226,670.8056994033805,655.8200231493332,666.3152465820312,844348,0.0,0.0
2015-09-14,675.0351355404393,681.9014148429573,665.7408550938633,679.134033203125,543443,0.0,0.0
2015-09-15,682.9457465680284,685.5826098595444,664.2788957482376,669.3959350585938,497978,0.0,0.0
2015-09-16,676.5494081300716,678.7946074917585,665.0882175402659,673.7297973632812,409748,0.0,0.0
2015-09-18,678.794613057668,691.84835666055,674.3824493486597,677.09765625,503964,0.0,0.0
2015-09-21,670.8057227261195,695.5034041249036,666.8373977671723,692.3182983398438,411068,0.0,0.0
2015-09-22,694.9812399464736,699.7588983754815,668.8737545346272,675.0612182617188,535876,0.0,0.0
2015-09-23,666.78521239837,681.7709444482414,657.9086554560262,676.36669921875,390007,0.0,0.0
2015-09-24,677.6458240522454,687.9321848206212,672.659303775821,685.19091796875,340097,0.0,0.0
2015-09-28,674.0952465555737,678.1680294510545,658.7179068169081,666.6807250976562,497704,0.0,0.0
2015-09-29,653.470390507616,684.7993747315154,653.470390507616,670.5968627929688,420906,0.0,0.0
2015-09-30,682.5801816714104,696.8870420738623,673.7558550701714,692.3443603515625,583467,0.0,0.0
2015-10-01,698.6363323864513,707.1995684684788,694.6157783536825,701.7169799804688,609678,0.0,0.0
2015-10-05,706.4685428957737,722.9162532413202,705.9985897000073,713.2825927734375,803118,0.0,0.0
2015-10-06,719.000160138643,720.3316762011927,707.6173129966198,715.162353515625,425787,0.0,0.0
2015-10-07,720.5665842677362,726.7801628934387,715.4495450664249,717.616455078125,562250,0.0,0.0
2015-10-08,717.4336568317474,719.0000950768184,699.5500268520784,702.395751953125,377548,0.0,0.0
2015-10-09,713.7787141426721,713.7787141426721,694.224238857922,702.996337890625,363724,0.0,0.0
2015-10-12,706.9906582898375,717.9557802274435,705.0326104960129,715.3450317382812,347736,0.0,0.0
2015-10-13,715.8673199080573,723.1773841837596,702.8396900779742,711.2985229492188,340245,0.0,0.0
2015-10-14,712.7343607714778,717.9558583177318,711.1679223660406,715.1884765625,200695,0.0,0.0
2015-10-15,720.5665571333626,723.1512454737692,715.9716461262916,717.7208862304688,281192,0.0,0.0
2015-10-16,720.6188026440744,725.7620106060042,714.3008202249366,721.5586547851562,487002,0.0,0.0
2015-10-19,720.5664654597473,724.7437061094478,710.6456546471688,715.3189086914062,321143,0.0,0.0
2015-10-20,714.3007552019941,721.6108181857796,704.9020174779754,708.3743286132812,353635,0.0,0.0
2015-10-21,709.0791990303566,715.0839144507121,689.7596515254654,704.6148071289062,343337,0.0,0.0
2015-10-23,711.6900700622999,717.9558233791322,706.2074816178794,715.8933715820312,372327,0.0,0.0
2015-10-26,715.9715881284541,725.7879955245826,709.0792493222624,724.0126953125,339586,0.0,0.0
2015-10-27,720.5665672454483,729.1298574947824,715.3450699879292,723.4122924804688,327456,0.0,0.0
2015-10-28,720.0444173717827,724.7176719342466,705.1631452105171,709.34033203125,394048,0.0,0.0
2015-10-29,708.035034882581,715.3450987618313,700.3333071156803,708.66162109375,381030,0.0,0.0
2015-10-30,710.6458576453784,711.481306013967,687.9584504142692,693.0233154296875,257194,0.0,0.0
2015-11-02,693.0232196440815,696.887086376463,673.7819581545149,686.444091796875,280780,0.0,0.0
2015-11-03,686.1831404433154,701.7692906216112,686.104796800251,698.6364135742188,252656,0.0,0.0
2015-11-04,701.2992932667767,709.9147588977714,677.7503792117491,680.3088989257812,447886,0.0,0.0
2015-11-05,682.4497238431292,683.9639875336039,661.8770527695532,664.7227783203125,394048,0.0,0.0
2015-11-06,663.6522988882366,670.7013258187691,650.3374642092093,657.02099609375,255095,0.0,0.0
2015-11-09,642.2442614883421,668.3256372444558,634.6208221989439,659.3968505859375,308731,0.0,0.0
2015-11-10,657.9085629914609,657.9085629914609,640.1555058940407,643.0534057617188,234420,0.0,0.0
2015-11-13,646.6823814038645,657.8825347383017,640.1033079411668,652.3477172851562,242063,0.0,0.0
2015-11-16,648.5621031845694,657.4386588079535,639.1111905008305,645.7424926757812,402284,0.0,0.0
2015-11-17,649.1364094913506,655.2977580023743,628.668147506481,636.9964599609375,378271,0.0,0.0
2015-11-18,636.9704828944435,643.1840618276027,631.8012143475706,635.5867919921875,221979,0.0,0.0
2015-11-19,639.1112453955187,646.264676160074,637.0226790232174,642.3746948242188,291202,0.0,0.0
2015-11-20,644.8550119964896,657.4126893443502,642.7925055988212,647.4918212890625,330315,0.0,0.0
2015-11-23,650.2330096638378,652.687070906678,642.5051680412324,647.0217895507812,176133,0.0,0.0
2015-11-24,643.3405501438639,651.2250239220919,629.6341083500014,632.6103515625,419417,0.0,0.0
2015-11-26,630.8090625796494,638.0669517129123,627.6239567023287,636.1611328125,654227,0.0,0.0
2015-11-27,636.865974410887,645.8991635274923,631.8011644487527,641.9047241210938,411315,0.0,0.0
2015-11-30,639.6334475207382,656.0550447678413,633.5503871526412,649.5542602539062,987040,0.0,0.0
2015-12-01,650.6506709314879,652.7131224146392,638.5890107651226,640.7559204101562,293346,0.0,0.0
2015-12-02,642.2963986789848,643.4973420768144,630.8090927593189,632.923828125,248535,0.0,0.0
2015-12-03,626.5797048339023,633.6547921959951,618.7996333226572,621.7498168945312,485046,0.0,0.0
2015-12-04,616.136636690704,621.2536754414516,605.6936428484887,607.312255859375,511755,0.0,0.0
2015-12-07,608.3565430461558,620.9142714403589,601.6730663308082,614.5440063476562,585934,0.0,0.0
2015-12-08,616.1367024091352,620.2877749877557,607.3906642727055,610.6541137695312,401887,0.0,0.0
2015-12-09,607.3123923826823,611.9073584833274,597.0782582883743,599.819580078125,391867,0.0,0.0
2015-12-10,598.435757254165,603.343933978746,585.3820148919132,598.5401611328125,345117,0.0,0.0
2015-12-11,604.8581968943934,606.7379010459529,594.4673778066883,598.1224365234375,600438,0.0,0.0
2015-12-14,595.7726495953631,607.6776752318078,590.603382864711,603.1088256835938,582848,0.0,0.0
2015-12-15,605.6936842827839,612.8993440117747,598.3835663762874,606.607421875,434456,0.0,0.0
2015-12-16,612.4815111801296,617.4941455059446,607.2600148285646,614.8050537109375,483840,0.0,0.0
2015-12-17,615.4840007558887,622.1414181745376,613.1865179803266,615.8756103515625,422625,0.0,0.0
2015-12-18,616.1366757510234,618.4863332268231,611.5156501399688,615.58837890625,394312,0.0,0.0
2015-12-21,615.0922579581983,622.0629398269647,611.7243510141116,613.7607421875,211352,0.0,0.0
2015-12-22,616.2671941800594,618.747424377087,612.1682965773408,615.58837890625,235213,0.0,0.0
2015-12-23,616.2671675022175,628.8770714188694,615.849443396755,627.1801147460938,480954,0.0,0.0
2015-12-24,628.8510217457075,635.9783925247289,620.8882569617743,622.8201904296875,581155,0.0,0.0
2015-12-28,622.6634742771454,628.7204193299413,617.4419774098645,625.4569702148438,235380,0.0,0.0
2015-12-29,626.5797158605346,629.1904646766202,619.530688627884,622.4285888671875,332366,0.0,0.0
2015-12-30,621.2015318593229,631.4356650616468,621.2015318593229,623.2640380859375,280029,0.0,0.0
2015-12-31,623.2640083508898,631.801184273689,623.2640083508898,626.9190673828125,468654,0.0,0.0
2016-01-01,627.7545168385399,634.3858196230954,623.6033900293248,627.96337890625,225020,0.0,0.0
2016-01-04,625.5353771214285,632.4016565120164,618.0425115283185,621.4887084960938,254836,0.0,0.0
2016-01-05,624.0732697259718,627.5977556246057,619.2956115687267,624.3865356445312,281736,0.0,0.0
2016-01-06,625.9792533984291,639.9728498853154,625.0393468920975,629.3471069335938,606739,0.0,0.0
2016-01-07,623.9689092665128,623.9689092665128,587.1312235369775,591.0995483398438,438993,0.0,0.0
2016-01-08,593.6842062494318,601.5947959218041,591.0995721148647,595.56396484375,346107,0.0,0.0
2016-01-11,592.6921940934092,599.4279557890297,581.8314739780233,588.9066162109375,303966,0.0,0.0
2016-01-12,592.1177998192676,597.8614797987653,585.6953588077099,587.7317504882812,209117,0.0,0.0
2016-01-13,591.0734772508487,594.6763072907761,569.769762974671,586.0086669921875,480703,0.0,0.0
2016-01-14,579.0640488533376,583.2934651492571,567.9422926728121,576.8449096679688,249446,0.0,0.0
2016-01-15,580.630503606863,580.630503606863,548.9099076409714,552.643310546875,289811,0.0,0.0
2016-01-18,557.6559017836366,558.9351344203542,526.7707565999982,529.3031616210938,378080,0.0,0.0
2016-01-19,531.5483296442841,544.6020708157655,522.3323943493584,540.503173828125,322690,0.0,0.0
2016-01-20,536.769783719847,536.769783719847,515.8837994950111,526.9794921875,457484,0.0,0.0
2016-01-21,538.0193304005344,546.5171458854428,514.4378068321415,517.7041625976562,628930,10.0,0.0
2016-01-22,527.2907250609426,535.89479130725,518.1290031943273,531.3803100585938,429359,0.0,0.0
2016-01-25,538.0192571265005,544.1270715290108,532.2300872909204,535.4168090820312,294223,0.0,0.0
2016-01-27,541.7370508779393,543.6755915720497,526.9986081218709,536.4259033203125,513915,0.0,0.0
2016-01-28,536.9570284249722,541.737083605353,518.8460329356258,522.6700439453125,563412,0.0,0.0
2016-01-29,527.3703582478753,550.7659363848667,514.7298341733213,542.1619262695312,1921640,0.0,0.0
2016-02-01,542.1619755992343,556.0771343342303,518.3680067826438,549.8099975585938,706380,0.0,0.0
2016-02-02,550.2348404707293,556.0770804352,543.8614526394432,547.9776000976562,545162,0.0,0.0
2016-02-03,538.0191849488184,546.2514242166492,528.4591313067333,537.488037109375,515511,0.0,0.0
2016-02-04,544.9769427762717,565.7435147463563,537.594438590268,556.68798828125,860176,0.0,0.0
2016-02-05,562.9817018636913,565.5841500894431,545.003464888725,551.084716796875,458741,0.0,0.0
2016-02-08,552.3593837497056,567.2305868827095,548.4822468721035,558.1484985351562,416308,0.0,0.0
2016-02-09,555.2804764093291,561.839750165568,540.6748472407116,542.4009399414062,322111,0.0,0.0
2016-02-10,544.89717151788,548.3759749341054,532.0441984427343,540.3826904296875,328111,0.0,0.0
2016-02-11,537.2225812739765,540.6748217368856,515.1813239669008,521.9795532226562,441939,0.0,0.0
2016-02-12,527.3969951878148,534.3014766716678,515.5000101921623,528.804443359375,820051,0.0,0.0
2016-02-15,531.1147366802079,555.5459924777545,531.1147366802079,553.6605224609375,312802,0.0,0.0
2016-02-16,552.3859259920698,557.0332221315853,525.8301847278387,528.1671142578125,505632,0.0,0.0
2016-02-17,530.0525186122128,551.5361200090005,516.5090756859313,546.4639282226562,557593,0.0,0.0
2016-02-18,553.0232149130715,556.077122090778,539.6391491666953,547.6589965820312,410979,0.0,0.0
2016-02-19,549.1726322326658,555.0149277648063,539.798462733136,552.9966430664062,241903,0.0,0.0
2016-02-22,553.4746709027926,562.0521738691093,548.136960295667,550.4473266601562,387978,0.0,0.0
2016-02-23,550.5005344253337,552.3328789941885,534.5936519070239,540.1172485351562,326881,0.0,0.0
2016-02-24,533.823398213632,539.0814751426253,524.2102178557551,527.5828247070312,560828,0.0,0.0
2016-02-25,529.5212326736668,579.9771216416193,519.4300880146836,526.9984741210938,841084,0.0,0.0
2016-02-26,533.6640631680827,535.8947406628689,523.6791126618118,527.609375,293059,0.0,0.0
2016-02-29,528.1936807869497,531.0882659926694,516.1373730661307,523.67919921875,432194,0.0,0.0
2016-03-01,526.8658391189236,548.3494422363204,525.8036536949909,544.6847534179688,433985,0.0,0.0
2016-03-02,555.0149675818252,570.4172636911042,552.6249123179585,559.58251953125,698409,0.0,0.0
2016-03-03,562.8222893510502,566.1683334506648,548.6415567536671,557.3252563476562,707842,0.0,0.0
2016-03-04,560.3260961817205,562.6629703017643,551.3767673545726,554.5369262695312,624521,0.0,0.0
2016-03-08,560.326070169835,566.1683104230941,546.6498679008414,555.9177856445312,879452,0.0,0.0
2016-03-09,558.6795425147516,558.6795425147516,545.5609974421532,553.3949584960938,432312,0.0,0.0
2016-03-10,557.670533546922,559.157615208172,543.8615157720943,549.916259765625,416410,0.0,0.0
2016-03-11,549.1726458391963,552.3062417972448,545.454831358331,548.614990234375,272110,0.0,0.0
2016-03-14,551.8282070453969,556.3426880649745,545.029922598645,549.4913330078125,274150,0.0,0.0
2016-03-15,549.7037868335289,552.0937867307142,539.6125841159226,542.6930541992188,287691,0.0,0.0
2016-03-16,542.746083065929,544.3659789589652,526.3346208322437,533.5578002929688,543826,0.0,0.0
2016-03-17,537.0101329978515,549.066439309098,537.0101329978515,544.631591796875,508760,0.0,0.0
2016-03-18,544.6316299686492,563.5127849988193,544.6051222736444,558.9717407226562,771148,0.0,0.0
2016-03-21,558.7326682026193,570.9483515311446,558.7326682026193,569.2753295898438,331884,0.0,0.0
2016-03-22,572.5416794516291,577.0561602701875,561.9193846372227,569.6470947265625,415344,0.0,0.0
2016-03-23,568.8238896492107,582.5797808008798,565.1592010943261,580.7474365234375,463194,0.0,0.0
2016-03-28,583.6950302423247,587.917373941715,564.0437750255278,569.5939331054688,313981,0.0,0.0
2016-03-29,560.8571865904523,575.1176079662547,560.8571865904523,569.1956787109375,292160,0.0,0.0
2016-03-30,576.7906507337742,584.7839356532676,568.6911693619714,582.2345581054688,492770,0.0,0.0
2016-03-31,581.5706980802469,586.8287201703092,575.728402225188,584.06689453125,848435,0.0,0.0
2016-04-01,581.5707756880656,599.5755220725729,579.446294143749,596.3888549804688,484865,0.0,0.0
2016-04-04,600.1595908711691,600.4251095552162,589.6700565694551,595.6981811523438,203088,0.0,0.0
2016-04-05,593.7863319744449,597.5041465981506,581.1988770470049,586.7224731445312,270473,0.0,0.0
2016-04-06,587.0941825172994,603.3462677874594,586.3505866052029,600.5313720703125,406557,0.0,0.0
2016-04-07,624.5909539465531,624.5909539465531,588.6079196199914,592.219482421875,383588,0.0,0.0
2016-04-08,588.4751520295014,602.8152618135506,586.4569225375776,601.328125,246993,0.0,0.0
2016-04-11,605.4708399185006,608.9230804131437,593.0162001751535,606.1612548828125,288993,0.0,0.0
2016-04-12,602.8152247629146,623.9801254340514,602.8152247629146,620.66064453125,438364,0.0,0.0
2016-04-13,622.4663568469346,630.9642248078445,617.3410952471312,621.6431274414062,420703,0.0,0.0
2016-04-18,621.351107243298,628.5742322157897,616.0930857833076,625.8921508789062,240983,0.0,0.0
2016-04-20,627.2464878574724,636.6472198900423,623.1569032418984,627.432373046875,354707,0.0,0.0
2016-04-21,631.4953819661761,634.6821034864965,622.466420495137,626.609130859375,193974,0.0,0.0
2016-04-22,623.528757567662,626.7154795815093,616.7835983354754,623.26318359375,145535,0.0,0.0
2016-04-25,626.7153731281637,626.7153731281637,609.3213576665888,611.3661499023438,221211,0.0,0.0
2016-04-26,607.6218120106819,627.140254486546,606.3205604225471,624.0067138671875,540698,0.0,0.0
2016-04-27,624.0598565554503,634.9476707148968,614.7121946058925,627.9635009765625,384599,0.0,0.0
2016-04-28,627.9634303960827,630.0879113331905,608.1263450584798,609.693115234375,695130,0.0,0.0
2016-04-29,614.7653416740608,618.5893526983759,595.0610127906643,604.3023681640625,615003,0.0,0.0
2016-05-02,600.1066240598196,611.3131390920361,595.9639129782151,607.6218872070312,399726,0.0,0.0
2016-05-03,608.3653863632937,624.5909668374271,608.3653863632937,611.817626953125,512477,0.0,0.0
2016-05-04,609.1885715305079,614.2076373749657,600.796954097548,603.7977905273438,323569,0.0,0.0
2016-05-05,609.7197373880264,626.9809395877531,603.5056714615084,623.5021362304688,726782,0.0,0.0
2016-05-06,626.7154335647944,631.282985279387,618.2175640428582,625.1751708984375,698545,0.0,0.0
2016-05-09,636.806589188993,636.806589188993,610.0915278580545,625.0424194335938,1280561,0.0,0.0
2016-05-10,626.1843376016285,631.4954857842939,619.0408449526745,621.5636596679688,527301,0.0,0.0
2016-05-11,615.9868974113515,625.1220562280627,612.0831976765226,617.1553344726562,382385,0.0,0.0
2016-05-12,620.3420179811915,625.6531654899762,613.4375372646431,622.8117065429688,358344,0.0,0.0
2016-05-13,621.3511817849334,627.1402965788072,611.7645636398806,613.8624267578125,380223,0.0,0.0
2016-05-16,614.8716280934597,617.6865244895267,603.6119872848252,611.260009765625,400623,0.0,0.0
2016-05-17,613.5437899789831,620.8200417481114,607.0642048868037,616.279052734375,815988,0.0,0.0
2016-05-18,613.3844325483863,615.3495362090334,606.66583679315,612.3487548828125,424535,0.0,0.0
2016-05-19,612.50800880383,618.6423853597558,594.9015456784473,604.2492065429688,484804,0.0,0.0
2016-05-20,603.346374524351,606.9048667831206,596.9729860504563,602.49658203125,525020,0.0,0.0
2016-05-23,603.6916260945793,608.1264740887189,595.6983408062106,599.017822265625,439204,0.0,0.0
2016-05-24,599.017710656911,602.8152135271396,595.1140113492588,598.274169921875,269163,0.0,0.0
2016-05-25,601.8061164260623,614.7387786775583,598.0352312395471,607.7015380859375,692876,0.0,0.0
2016-05-26,609.7728422796218,633.9917077798564,609.7728422796218,629.9818115234375,621934,0.0,0.0
2016-05-27,632.5576443201868,648.464523882395,632.0265516606357,638.7982177734375,469816,0.0,0.0
2016-05-30,638.8247247609867,653.8021770516152,636.3284735084895,649.2080078125,518925,0.0,0.0
2016-05-31,649.3408616616657,656.457790273722,636.5940859337973,639.568359375,809043,0.0,0.0
2016-06-01,639.9933332441493,655.7939626296516,636.5676002654347,645.2247924804688,655218,0.0,0.0
2016-06-02,643.7109833587682,648.9690598457715,638.6122843595186,644.3483276367188,364076,0.0,0.0
2016-06-03,644.7732770767344,650.0312987736665,640.5243700971492,646.1807250976562,347022,0.0,0.0
2016-06-06,645.5699567140324,649.6861044169591,638.3999018806053,641.42724609375,257334,0.0,0.0
2016-06-07,645.3044591902053,650.4562294930998,634.257267322745,640.7899780273438,617290,0.0,0.0
2016-06-08,643.1002579995052,668.673443966658,638.3998918616013,667.3721923828125,1112641,0.0,0.0
2016-06-09,673.4269699729851,678.0742105118798,660.388111456054,663.3092041015625,737813,0.0,0.0
2016-06-10,663.840367924288,674.3033415353391,655.9267718369781,660.4943237304688,456659,0.0,0.0
2016-06-13,655.9267895791256,663.8934564953976,645.702826737423,660.94580078125,382329,0.0,0.0
2016-06-14,663.8935022842428,666.4163171313047,657.8122499990687,662.4329833984375,278952,0.0,0.0
2016-06-15,663.8932960242139,669.9480387311859,659.1132970298353,667.9298095703125,374635,0.0,0.0
2016-06-16,668.9389490608102,669.2044677541508,657.5730591206046,665.3273315429688,372102,0.0,0.0
2016-06-17,671.9664587017194,675.8701587902231,666.1242176415267,670.4527587890625,455870,0.0,0.0
2016-06-20,662.8312039586426,674.9140729324648,661.9548485968189,672.470947265625,309911,0.0,0.0
2016-06-21,672.6568066335944,676.6135766196376,667.9829483662245,672.1522216796875,345613,0.0,0.0
2016-06-22,672.391194820826,676.64010141836,667.6111403833788,672.2318725585938,344698,0.0,0.0
2016-06-23,675.5779550712341,675.5779550712341,669.2045666749398,672.5240478515625,211197,0.0,0.0
2016-06-24,659.7772540599332,673.028559173359,645.3574567984499,667.8236083984375,388002,0.0,0.0
2016-06-27,667.823641490447,674.5156740546446,664.5307234292485,666.7879638671875,325608,0.0,0.0
2016-06-28,674.5157154150595,689.6524921683803,671.9132673512415,686.94384765625,637808,0.0,0.0
2016-06-29,688.8558080309557,690.4757042032164,679.9596605422689,682.615234375,401238,0.0,0.0
2016-06-30,684.0758540090129,701.0714834954565,683.5447060723338,695.6010131835938,1157406,0.0,0.0
2016-07-01,696.2915074427598,704.922137080204,689.4135887427382,691.8035888671875,450422,0.0,0.0
2016-07-04,693.1313190973586,697.6723633219452,682.7480341844109,684.4741821289062,399761,0.0,0.0
2016-07-05,686.2002548336158,688.8292658279122,677.7024404030747,682.4559326171875,293158,0.0,0.0
2016-07-07,683.1993918196364,685.1379323798315,675.5778784813883,677.8882446289062,266765,0.0,0.0
2016-07-08,677.7023315429688,687.4217073075793,675.737228148567,677.7023315429688,276507,0.0,0.0
2016-07-11,684.5803903582505,696.5570640507636,681.2609090074909,690.0243530273438,621658,0.0,0.0
2016-07-12,692.5735346162649,694.9635341953383,685.6690545715946,691.7503051757812,266414,0.0,0.0
2016-07-13,694.1668985141857,697.6191386899206,686.9968442340114,693.8748168945312,330276,0.0,0.0
2016-07-14,687.5280572724097,700.5669155650447,687.5280572724097,696.5304565429688,271030,0.0,0.0
2016-07-15,694.432467401224,700.5402811465927,691.2192382622161,695.9461669921875,209436,0.0,0.0
2016-07-18,696.8225033328239,697.327088297523,680.8890609354388,684.8458862304688,224214,0.0,0.0
2016-07-19,685.1381075947746,695.8666563803979,683.8900368354522,693.7687377929688,188630,0.0,0.0
2016-07-20,695.2292444404388,718.5983178772454,693.6093481559503,713.76513671875,801571,0.0,0.0
2016-07-21,709.0380528769717,713.8181071561598,699.6638847134569,703.1692504882812,241395,0.0,0.0
2016-07-22,705.4798055322619,716.8456430140938,700.5669905932824,712.968505859375,353470,0.0,0.0
2016-07-25,711.1094841984926,720.1915717362286,706.9402660348952,715.8629760742188,290484,0.0,0.0
2016-07-26,714.3492358262059,715.3318427798248,703.9393896302797,705.3999633789062,222560,0.0,0.0
2016-07-27,706.2232057380032,713.6057081362558,703.2755504963916,707.9227905273438,240114,0.0,0.0
2016-07-28,707.4449083868307,712.5170456180639,693.1579227933602,697.353759765625,1048070,0.0,0.0
2016-07-29,704.6298776801244,707.4182106738871,692.175238963971,700.2747192382812,613736,0.0,0.0
2016-08-01,703.8333037341712,718.5983105799721,702.7179372552711,710.8705444335938,510934,0.0,0.0
2016-08-02,711.1626634318335,717.004903972582,678.2335357423606,680.1455688476562,572080,0.0,0.0
2016-08-03,679.826887211559,684.0758497812748,656.4047433617301,661.4503173828125,402978,0.0,0.0
2016-08-04,664.50433528991,674.9938175436789,656.4844868020002,666.9208984375,529751,0.0,0.0
2016-08-05,670.7714204354755,693.1047608417254,669.7357427066828,687.1297607421875,807395,0.0,0.0
2016-08-08,689.838462579797,703.7271152408865,683.0933029357559,701.78857421875,416138,0.0,0.0
2016-08-09,703.1959764976303,706.4623320324247,691.5114396129464,703.7005615234375,291404,0.0,0.0
2016-08-10,704.7893546744878,705.6391472618309,685.1380943774683,687.5015869140625,426668,0.0,0.0
2016-08-11,688.3246684216076,702.2929515902597,680.6235213990885,698.336181640625,241753,0.0,0.0
2016-08-12,710.3964577243088,721.4112103813075,701.997671601285,715.4907836914062,289443,27.5,0.0
2016-08-16,713.0124208614387,719.7864925679265,706.5963681272484,713.3428955078125,225708,0.0,0.0
2016-08-17,712.3791395122113,714.7473218504106,705.4949471255275,711.2777099609375,203378,0.0,0.0
2016-08-18,712.0487395924107,714.8024280676764,707.7254252077095,711.2501831054688,112909,0.0,0.0
2016-08-19,711.5530309964624,723.25622091804,706.6239706035487,720.3648681640625,328933,0.0,0.0
2016-08-22,718.547357184708,725.3214290391604,710.7819758989028,714.7197265625,320436,0.0,0.0
2016-08-23,713.2051784369532,714.1965451177005,703.6499314570451,708.000732421875,350579,0.0,0.0
2016-08-24,708.0007633625711,711.0022933326617,699.5194011416389,708.138427734375,199303,0.0,0.0
2016-08-25,707.6979859119325,714.8576228219987,695.5818006343076,698.8311157226562,539114,0.0,0.0
2016-08-26,700.6759785182404,716.5096719083724,693.929393516197,712.1588134765625,316877,0.0,0.0
2016-08-29,712.6544466715297,713.232705711667,699.9874928511347,705.6876220703125,178109,0.0,0.0
2016-08-30,705.0543401252373,712.6545131261865,701.6397596874691,703.154296875,342857,0.0,0.0
2016-08-31,706.1007377407404,710.1762102535656,691.7540368589572,697.2614135742188,339773,0.0,0.0
2016-09-01,699.4367893410451,702.851369794666,688.7249661959894,690.9829711914062,328468,0.0,0.0
2016-09-02,692.8830108760098,698.4730205765121,690.955480563473,694.45263671875,253656,0.0,0.0
2016-09-06,698.3354087436796,704.9442154889699,695.5817201782355,700.4557495117188,322213,0.0,0.0
2016-09-07,700.5382890543428,724.219998041056,696.6831138088972,713.700927734375,631646,0.0,0.0
2016-09-08,720.888009859165,726.4229307221248,712.6820337095475,715.8212280273438,525845,0.0,0.0
2016-09-09,713.150163987836,715.9864279375219,702.7412144457404,710.3138427734375,401303,0.0,0.0
2016-09-12,699.1614422568388,699.1614422568388,681.3726169824473,685.1176147460938,562806,0.0,0.0
2016-09-14,685.6682994107507,693.8743325613074,677.4072921372035,688.0640258789062,543378,0.0,0.0
2016-09-15,688.4219795998943,693.2134324805926,684.346564662836,688.4495239257812,170105,0.0,0.0
2016-09-16,690.680157332726,697.2339327852508,688.3119748217019,693.04833984375,396358,0.0,0.0
2016-09-19,697.7846129719417,698.5005937352328,686.6872833615947,696.1875,297715,0.0,0.0
2016-09-20,695.5817754501242,696.0774016365724,684.0162481974145,686.990234375,152143,0.0,0.0
2016-09-21,679.9681766813685,704.3107758442629,679.9681766813685,695.1685791015625,450450,0.0,0.0
2016-09-22,700.0426917350919,701.6122604147198,686.7698751943883,695.2236938476562,291139,0.0,0.0
2016-09-23,695.22375209025,704.9442671393584,691.1758233033412,702.7138061523438,336434,0.0,0.0
2016-09-26,701.6121891499665,707.8906350249149,696.7932490167233,700.4832153320312,220507,0.0,0.0
2016-09-27,701.6397329801101,708.7442796006002,700.7585435762,705.4398193359375,487744,0.0,0.0
2016-09-28,704.9441946580681,711.2226410511748,700.0977097978651,709.6530151367188,304340,0.0,0.0
2016-09-29,711.0023739393383,715.9314919970675,662.0693269223083,670.6883544921875,604324,0.0,0.0
2016-09-30,679.5826817353751,688.4220055605794,667.7693723081771,683.0798950195312,296092,0.0,0.0
2016-10-03,686.7423039167958,694.8932491520935,682.5567112490726,691.6163330078125,284519,0.0,0.0
2016-10-04,691.1756999730009,694.2323185830184,686.82489883893,692.332275390625,264771,0.0,0.0
2016-10-05,694.645411830539,698.8585488534769,687.3756560089474,694.7005004882812,316301,0.0,0.0
2016-10-06,695.6366941878169,697.7845791087365,680.4088039762394,685.4755859375,172081,0.0,0.0
2016-10-07,684.9524839792158,687.8713813113633,680.161087552195,684.6220092773438,120967,0.0,0.0
2016-10-10,686.219097593742,687.1553183969412,678.0956971117909,682.5015869140625,132933,0.0,0.0
2016-10-13,678.5088054625261,685.1176693629467,671.8999988268239,674.9290161132812,231042,0.0,0.0
2016-10-14,677.4072808232828,678.5087102648856,668.1548497549617,675.9202880859375,116930,0.0,0.0
2016-10-17,676.0305159436115,681.1248426661775,662.8678765494707,666.1172485351562,107516,0.0,0.0
2016-10-18,667.4940160573667,681.7581413049365,662.8953730794747,677.32470703125,181526,0.0,0.0
2016-10-19,681.2074170219439,681.372625723842,673.2767694189753,676.9667358398438,158061,0.0,0.0
2016-10-20,680.1610774986958,680.9320896838001,670.7985248979966,672.0101318359375,156855,0.0,0.0
2016-10-21,673.5522418273814,678.3436383852979,670.3304140358945,676.3609619140625,80078,0.0,0.0
2016-10-24,675.4797717973541,678.2609473145923,665.8693779083972,667.191162109375,164502,0.0,0.0
2016-10-25,668.5954614983798,671.7622000693937,663.9417301520762,667.6592407226562,98243,0.0,0.0
2016-10-26,665.2359690474233,667.053379208335,653.6154128599031,658.9575805664062,157170,0.0,0.0
2016-10-27,655.4328044593577,659.2879792833162,634.7250835242854,647.4746704101562,306579,0.0,0.0
2016-10-28,647.1167462399773,656.2589432334337,643.8398302701339,651.9081420898438,95514,0.0,0.0
2016-11-01,658.131526864984,658.7648746236296,638.1121830143369,641.3890991210938,150899,0.0,0.0
2016-11-02,641.3891465512519,647.1168211310002,634.0367573298121,637.947021484375,207380,0.0,0.0
2016-11-03,637.2034712825385,641.0586466245575,619.5799107442541,624.233642578125,240260,0.0,0.0
2016-11-04,623.1045297457708,623.875541807252,609.6665064683277,611.5390625,202543,0.0,0.0
2016-11-07,615.1188574599739,621.7552075551434,606.8852800450894,609.7491455078125,184345,0.0,0.0
2016-11-08,613.9623442542141,621.7828148356242,606.4172596959721,618.9190063476562,139954,0.0,0.0
2016-11-09,605.7562900314571,605.7562900314571,557.3464225756538,597.3300170898438,319959,0.0,0.0
2016-11-10,606.3621262687116,616.137728089889,598.6793206337736,601.0199584960938,211211,0.0,0.0
2016-11-11,597.5503430053217,641.6093544711518,589.9501131345193,615.0637817382812,465445,0.0,0.0
2016-11-15,627.8409105958569,630.4568771679436,578.4121872848059,607.7664794921875,385388,0.0,0.0
2016-11-16,616.8261774286015,626.7394438271898,598.1286184638243,614.568115234375,370555,0.0,0.0
2016-11-17,614.072483158881,635.5512172692875,585.4341137469592,618.9739990234375,525170,0.0,0.0
2016-11-18,623.9857602201165,624.9495253604637,607.463630343513,614.843505859375,201841,0.0,0.0
2016-11-21,612.4753012073461,617.9000446519011,591.216807594811,595.31982421875,147214,0.0,0.0
2016-11-22,601.5156532764352,605.8114230375485,579.5962670285594,591.7400512695312,253690,0.0,0.0
2016-11-23,593.1444071329423,602.7272560493965,575.6309680726534,580.8905029296875,1099115,0.0,0.0
2016-11-24,577.8889661034445,580.2020596399213,565.2220116739971,576.7875366210938,585731,0.0,0.0
2016-11-25,576.9802751914583,588.710951275892,575.520826762423,581.1107788085938,261799,0.0,0.0
2016-11-28,581.0283300700288,599.4229618786104,578.8253561496557,594.1083374023438,278790,0.0,0.0
2016-11-29,594.7967452454038,604.9853416581179,593.1444862523898,598.266357421875,230080,0.0,0.0
2016-11-30,598.2937803265795,604.7098901516453,595.3473392385231,598.734375,306308,0.0,0.0
2016-12-01,600.3040150110645,617.9275733097126,595.9531568233617,615.3666381835938,357816,0.0,0.0
2016-12-02,615.1463215450019,616.2753525452632,597.302466464132,601.2677612304688,286499,0.0,0.0
2016-12-05,603.0577549351387,611.6492374802056,599.8359275064703,601.6257934570312,227044,0.0,0.0
2016-12-06,601.6533481219842,629.3554410893994,601.6533481219842,619.855224609375,347061,0.0,0.0
2016-12-07,625.6380319665853,627.8410057699119,601.405549188876,605.2882690429688,473446,0.0,0.0
2016-12-08,611.84194149593,628.722032152967,610.2998600932799,625.9408569335938,395209,0.0,0.0
2016-12-09,628.4466817369475,633.9265135380462,618.4783275127489,623.3523559570312,293555,0.0,0.0
2016-12-12,633.3482492918848,633.3482492918848,614.0724330090884,625.4176025390625,191778,0.0,0.0
2016-12-13,622.3885437576608,628.3640589772584,617.2116421831629,624.178466796875,190649,0.0,0.0
2016-12-14,623.9857623098981,625.9133498617622,613.2738820964713,616.0551147460938,206499,0.0,0.0
2016-12-15,605.8114135747337,628.3916342657251,605.8114135747337,621.7001953125,255138,0.0,0.0
2016-12-16,623.4074580145925,627.6756835859231,614.0725076787114,620.901611328125,251395,0.0,0.0
2016-12-19,619.579896896671,621.3422185522809,608.0419154578229,612.08984375,259916,0.0,0.0
2016-12-20,613.5217925895458,619.5248532747551,597.5228885588566,600.6069946289062,280001,0.0,0.0
2016-12-21,597.6605130974664,609.997051084542,596.1184315329026,606.0042114257812,316470,0.0,0.0
2016-12-22,608.5651884223807,608.5651884223807,596.5866113628143,598.266357421875,186995,0.0,0.0
2016-12-23,597.5227623116843,597.5227623116843,585.4065234430699,589.75732421875,272254,0.0,0.0
2016-12-26,586.810855632481,588.710898579229,576.0714899245191,578.8527221679688,158477,0.0,0.0
2016-12-27,579.3759371338472,586.2601860958795,578.2745076928672,584.773193359375,94577,0.0,0.0
2016-12-28,585.9848558565216,594.5213070569307,585.4341410836341,586.8385009765625,126897,0.0,0.0
2016-12-29,587.086359294409,602.892509362286,583.5616586657281,597.853271484375,585639,0.0,0.0
2016-12-30,600.3041087678149,615.3942786229933,598.5417297568138,612.6956787109375,212710,0.0,0.0
2017-01-02,614.1826036513305,620.6537453103624,612.7231551687804,616.826171875,135838,0.0,0.0
2017-01-03,617.9275785193294,621.2320386767182,609.2534636613397,610.4926147460938,146458,0.0,0.0
2017-01-04,610.217336633503,620.0755147418666,610.189792305151,617.9000854492188,363214,0.0,0.0
2017-01-05,620.1307272176277,632.4672674289836,620.1031828837761,628.749755859375,434593,0.0,0.0
2017-01-06,635.5512257650679,645.1340747998955,633.3207651547852,641.1412353515625,470032,0.0,0.0
2017-01-09,644.9138309347223,650.9719227959115,630.5946734820652,632.8251342773438,293465,0.0,0.0
2017-01-10,638.304947197787,649.3472453067473,631.6960834767854,645.7674560546875,285688,0.0,0.0
2017-01-11,647.6674819066254,650.971885045701,636.9556587680352,648.4109497070312,302412,0.0,0.0
2017-01-12,648.2733520355852,654.8546719275193,642.7384303963423,649.6226806640625,330477,0.0,0.0
2017-01-13,650.4211803245233,653.3951661015169,643.3992662808042,646.62109375,434995,0.0,0.0
2017-01-16,649.3197397504742,655.9286038661085,644.1152929024355,648.3284301757812,346354,0.0,0.0
2017-01-17,649.1545239251382,651.5227064109914,644.3631275577383,646.373291015625,284754,0.0,0.0
2017-01-18,647.1718019734438,660.885212508893,647.1718019734438,656.64453125,284852,0.0,0.0
2017-01-19,658.131559830525,658.8199390156998,647.6675204921856,650.971923828125,1985928,0.0,0.0
2017-01-20,650.9718825603838,650.9718825603838,632.1091144291731,635.8817138671875,243935,0.0,0.0
2017-01-23,634.2018714853131,642.7107777273226,631.4757276216549,638.27734375,197649,0.0,0.0
2017-01-24,638.2774353209671,646.0153305952043,632.825146811434,641.223876953125,327315,0.0,0.0
2017-01-25,647.1167563586783,653.1748477676397,643.3992456244291,649.9254760742188,368358,0.0,0.0
2017-01-27,650.7791533351522,657.8561561585103,641.6094114179014,648.3834838867188,442572,0.0,0.0
2017-01-30,646.5659743053255,651.5226361191985,645.7398735471322,649.099365234375,162828,0.0,0.0
2017-01-31,652.2224247266261,655.5002233366182,633.166851844184,637.0001831054688,315371,6.0,0.0
2017-02-01,637.0002181659975,652.6669098767609,629.527994548393,650.750244140625,293177,0.0,0.0
2017-02-02,651.1113642420213,652.861376022053,641.1113711977354,648.1669311523438,250877,0.0,0.0
2017-02-03,650.0002805370777,661.1113964436944,646.0002372193953,660.0557861328125,312654,0.0,0.0
2017-02-06,663.7223329846596,688.2778896837797,662.6667806472361,681.7223510742188,806440,0.0,0.0
2017-02-07,687.2224462854787,690.4168890979731,673.3335519342654,685.7780151367188,626751,0.0,0.0
2017-02-08,687.7781327730943,699.4447825511846,668.3336779658098,677.1947631835938,2015313,0.0,0.0
2017-02-09,678.7502561100282,685.55580582928,669.3613667848362,680.1113891601562,420005,0.0,0.0
2017-02-10,681.7779832227444,682.5001698650059,670.5557273144574,673.08349609375,199298,0.0,0.0
2017-02-13,677.7224072725695,678.6668184917236,660.9445945036903,664.83349609375,273499,0.0,0.0
2017-02-14,666.6668811919594,676.75017097978,654.3335022986124,674.472412109375,341956,0.0,0.0
2017-02-15,675.4446264121877,681.0557544955227,664.4446526214101,667.5279541015625,578571,0.0,0.0
2017-02-16,668.0002455312107,674.2224773813002,662.3891747355141,670.4169311523438,320400,0.0,0.0
2017-02-17,671.1113384833926,679.3613188918945,666.944641450486,674.8890991210938,294950,0.0,0.0
2017-02-20,675.3056920859758,679.5556867982183,670.0001450192444,675.1390380859375,341642,0.0,0.0
2017-02-21,681.8335604438813,685.5557504081385,676.1112912487215,678.8335571289062,475741,0.0,0.0
2017-02-22,680.5556921598914,686.1112488305844,670.5834292329907,676.5834350585938,388003,0.0,0.0
2017-02-23,677.7780131313092,680.8613146088647,664.7779600939716,667.4168701171875,378628,0.0,0.0
2017-02-27,671.1113460077491,673.3335343866155,658.6946684271276,663.250244140625,317908,0.0,0.0
2017-02-28,663.8891814177764,671.6669279632536,663.2225075254734,670.750244140625,318136,0.0,0.0
2017-03-01,672.778030832309,686.9169353450756,672.778030832309,676.0835571289062,398286,0.0,0.0
2017-03-02,678.8335005762875,680.5557266975449,661.9723326582733,665.694580078125,228993,0.0,0.0
2017-03-03,666.111286273235,669.4168700198968,658.3612682352895,661.58349609375,245378,0.0,0.0
2017-03-06,664.9446587299998,667.7779502445641,658.8890815510778,662.83349609375,263489,0.0,0.0
2017-03-07,662.8334944696381,675.8335472181153,660.3612962831331,672.1668701171875,400649,0.0,0.0
2017-03-08,673.3335242302055,675.8335655465456,661.1113439165692,668.3335571289062,405915,0.0,0.0
2017-03-09,667.2223869118194,672.611290025912,662.6668115890409,669.1112670898438,185087,0.0,0.0
2017-03-10,669.1112736001178,673.3334831880398,663.944595031151,667.0279541015625,217836,0.0,0.0
2017-03-14,675.5557777642148,698.8335605289259,670.555752842285,695.8335571289062,794908,0.0,0.0
2017-03-15,700.0001533174931,702.7779319329024,692.8335110619529,696.83349609375,463830,0.0,0.0
2017-03-16,702.1669393406303,706.6391595723729,694.6669301209415,702.5003051757812,458899,0.0,0.0
2017-03-17,703.4723535564824,705.8056828478824,692.0001463932919,700.3612670898438,374228,0.0,0.0
2017-03-20,700.5557279888203,704.9723768255935,687.7779581976379,692.722412109375,349898,0.0,0.0
2017-03-21,694.0280295216587,699.38914820022,689.000276672487,693.0836181640625,305392,0.0,0.0
2017-03-22,691.6668115131481,691.6668115131481,677.9168450330124,683.722412109375,295599,0.0,0.0
2017-03-23,693.3335300781754,693.3613153738378,684.1390811384754,688.8890380859375,225811,0.0,0.0
2017-03-24,692.7779899631414,698.2224641658313,687.7780227576155,689.8335571289062,275828,0.0,0.0
2017-03-27,686.1113478687137,692.2224379823209,681.9168655845,689.5280151367188,167577,0.0,0.0
2017-03-28,690.2779980101458,694.9724424158035,687.9168831586458,692.500244140625,246226,0.0,0.0
2017-03-29,693.6669450105023,703.5558545688904,690.0002674346002,701.5836181640625,733087,0.0,0.0
2017-03-30,702.7779908139862,707.6669324205236,691.8335872095506,695.111328125,430468,0.0,0.0
2017-03-31,697.2224769649873,702.7780350106501,681.6669259902707,697.3336181640625,323669,0.0,0.0
2017-04-03,698.555699659335,726.1112603204257,697.361278577355,723.3612670898438,637452,0.0,0.0
2017-04-05,721.6668848876091,728.4724341630566,717.3613191584835,724.750244140625,439826,0.0,0.0
2017-04-06,717.305697259589,724.6946217132429,714.4724058826829,721.3890380859375,247163,0.0,0.0
2017-04-07,719.3335307680217,732.5835355356904,716.1668734977924,721.9168701171875,640395,0.0,0.0
2017-04-10,730.555679315469,737.1112757805888,721.7779525010528,728.9168090820312,429973,0.0,0.0
2017-04-11,729.5002144038679,736.0558116547631,726.2502588416609,730.250244140625,254075,0.0,0.0
2017-04-12,731.7780008324987,732.7779826743932,720.0835103960122,723.972412109375,229168,0.0,0.0
2017-04-13,722.2224737667894,727.5280795401125,719.4446947993567,721.4169311523438,130460,0.0,0.0
2017-04-17,721.0280042300966,723.8891389036528,714.4446794934421,718.0557861328125,206862,0.0,0.0
2017-04-18,718.2224350898294,735.1669028672272,718.2224350898294,722.5557861328125,271490,0.0,0.0
2017-04-19,722.2223533396555,724.9168337258473,711.1112393226502,715.194580078125,242032,0.0,0.0
2017-04-20,718.8891120454373,729.8613584206322,714.4446775602147,728.3057861328125,216928,0.0,0.0
2017-04-21,730.5557079181857,742.3334960154659,724.4446181556219,727.9446411132812,362024,0.0,0.0
2017-04-24,727.694682768226,733.9446994500499,725.58357783224,732.2224731445312,146734,0.0,0.0
2017-04-25,736.1113370000636,748.8335953181682,734.5002518403419,744.500244140625,584520,0.0,0.0
2017-04-26,747.7779897393503,754.722407483973,730.3335606068016,740.9168701171875,498163,0.0,0.0
2017-04-27,744.4447225893857,746.6391836207524,736.1669560955631,739.1113891601562,198816,0.0,0.0
2017-04-28,743.0280549055478,743.0280549055478,727.2502797128567,729.13916015625,201332,0.0,0.0
2017-05-02,734.4447199588561,745.1113866768525,731.3336329018136,742.4725341796875,226593,0.0,0.0
2017-05-03,747.1668465051703,757.833511332399,733.6668325866099,747.5557250976562,267051,0.0,0.0
2017-05-04,747.5557509293893,764.4446471170436,747.5557509293893,763.1668701171875,522555,0.0,0.0
2017-05-05,763.8890976881582,765.8335485877008,746.3613120609556,751.8057861328125,224773,0.0,0.0
2017-05-08,758.7780227456394,762.5836265865512,746.4447007411201,751.0558471679688,196192,0.0,0.0
2017-05-09,757.7779931443965,811.1113209685943,751.1668833179147,804.3335571289062,1716759,0.0,0.0
2017-05-10,814.3334970773719,817.416856071161,799.5001932974458,812.722412109375,955436,0.0,0.0
2017-05-11,795.5557444049845,804.666895178186,777.000192609348,781.472412109375,1071890,0.0,0.0
2017-05-12,777.7225075098783,780.972463129924,769.444683789138,773.2780151367188,298092,0.0,0.0
2017-05-15,776.6669221863482,791.1113484915361,774.1113680626398,789.8057861328125,230523,0.0,0.0
2017-05-16,789.8057883647135,793.944700061846,781.5835933300348,787.500244140625,284075,0.0,0.0
2017-05-17,781.6668475161478,791.083520961808,777.8335165352318,780.4446411132812,232708,0.0,0.0
2017-05-18,777.7780061287067,783.8335835522196,765.6113384523001,768.4724731445312,194824,0.0,0.0
2017-05-19,768.3335708781407,779.8613495050038,756.5557823500591,765.1946411132812,191216,0.0,0.0
2017-05-22,766.6668445516096,771.5280004811482,750.3057532508232,754.972412109375,177644,0.0,0.0
2017-05-23,754.9724632305929,765.2780359376974,734.8335523465241,755.2224731445312,441455,0.0,0.0
2017-05-24,757.2225072094784,759.2224710226673,733.4724892437428,739.88916015625,216037,0.0,0.0
2017-05-25,743.5834657409177,756.1668537332555,737.8057419270511,749.8612670898438,263952,0.0,0.0
2017-05-26,750.0001008766474,772.889001538947,749.4167830166598,770.8890380859375,366962,0.0,0.0
2017-05-29,772.2223952537175,776.527960760945,747.8057634584945,760.972412109375,130235,0.0,0.0
2017-05-30,760.0002908735036,763.028021910599,750.5558311176947,760.028076171875,83233,0.0,0.0
2017-05-31,761.5557685560481,778.8613295818126,752.4446750564764,759.750244140625,424221,0.0,0.0
2017-06-01,766.6390926657909,766.6390926657909,749.8890655208568,759.1668701171875,219110,0.0,0.0
2017-06-02,760.0002353428957,766.1113253330064,755.0002106123042,759.5557861328125,117054,0.0,0.0
2017-06-05,752.7779920742427,775.555812743574,752.7779920742427,769.0557861328125,151664,0.0,0.0
2017-06-06,766.6668258911424,769.8890536466072,748.1112743263058,750.0557250976562,254770,0.0,0.0
2017-06-07,752.2223674804588,754.4446133404691,736.7501178736368,745.1668090820312,355463,0.0,0.0
2017-06-08,740.5558409851054,754.6946875985435,738.889127437506,742.750244140625,193352,0.0,0.0
2017-06-09,744.472399379664,750.0001713364701,734.0001733808399,742.0835571289062,182724,0.0,0.0
2017-06-12,736.2224152112167,743.8612919487925,721.8890729595515,729.3057250976562,194097,0.0,0.0
2017-06-13,730.000268236462,741.055813360173,726.6669566263201,737.6669311523438,194928,0.0,0.0
2017-06-14,737.7780516578905,745.5557977853383,729.028051160954,743.8057861328125,238296,0.0,0.0
2017-06-15,741.6669390805955,746.2225151492433,733.2225186043365,734.8613891601562,195594,0.0,0.0
2017-06-16,733.8889956089167,740.9167682756967,726.9167935265973,729.3612060546875,256528,0.0,0.0
2017-06-19,732.1669130401142,734.9724771510975,726.5557848181475,731.1669311523438,250944,0.0,0.0
2017-06-20,731.1113896034118,744.7224889996818,731.1113896034118,739.1669311523438,187453,0.0,0.0
2017-06-21,736.0836025123998,744.7224617221426,730.444688975272,741.63916015625,178872,0.0,0.0
2017-06-22,742.5835748182391,756.4446836929473,741.5002370291783,751.4169311523438,437114,0.0,0.0
2017-06-23,755.5557391815738,758.3057903163177,735.5557558980687,737.111328125,191177,0.0,0.0
2017-06-27,742.2225388446022,742.2225388446022,725.6391626836997,727.3613891601562,194194,0.0,0.0
2017-06-28,727.5001887479768,729.972386831256,709.555740375754,718.3890380859375,300957,0.0,0.0
2017-06-29,721.1113275930015,734.333547064569,716.6668355305517,721.9168701171875,267417,0.0,0.0
2017-06-30,720.5557081102547,744.9446118140824,717.2501822586661,741.8890380859375,249616,0.0,0.0
2017-07-03,746.6669492784173,748.8891955511767,737.0002646404554,746.7503051757812,127991,0.0,0.0
2017-07-04,749.444685164085,759.7780430899911,745.6113538881567,747.750244140625,270991,0.0,0.0
2017-07-05,747.2224753961506,754.9447089189981,743.7502950533122,752.8613891601562,145085,0.0,0.0
2017-07-06,754.4446713426944,758.2224318294648,749.9724517505699,752.8890991210938,148536,0.0,0.0
2017-07-07,750.0001820054044,757.7779853759727,747.7779937321625,750.6946411132812,75281,0.0,0.0
2017-07-10,759.4446934118223,760.4724606135939,694.4446565945638,758.0836181640625,41899,0.0,0.0
2017-07-11,758.8891083954379,763.0557475113219,749.7224445748045,750.6946411132812,135957,0.0,0.0
2017-07-12,753.8891101561018,757.0835528456505,750.0002083342971,752.0280151367188,72243,0.0,0.0
2017-07-13,755.5558051764447,760.0002976416004,748.9446948416426,750.9169311523438,166001,0.0,0.0
2017-07-14,757.7780604689084,757.7780604689084,739.4169457119269,742.5003051757812,162431,0.0,0.0
2017-07-17,743.3336472080896,756.5002976880978,743.3336472080896,754.4447631835938,135669,0.0,0.0
2017-07-18,747.2224864892103,760.8614292016204,747.2224864892103,751.0003051757812,194359,0.0,0.0
2017-07-19,750.0001656018748,757.3613048998565,748.3335099919732,753.0279541015625,117715,0.0,0.0
2017-07-20,751.6668993023691,769.4446366429415,746.0557713493354,759.5557861328125,463719,0.0,0.0
2017-07-21,759.5558544905911,767.1113762106023,753.6391455110055,757.5836181640625,224148,0.0,0.0
2017-07-24,753.8891478190911,768.0002669524188,753.8891478190911,764.38916015625,197286,0.0,0.0
2017-07-25,761.5558109603827,766.6669195210388,758.3058552785217,760.4724731445312,70298,0.0,0.0
2017-07-26,757.5002163461943,778.3335859423321,757.5002163461943,769.5280151367188,492806,0.0,0.0
2017-07-27,766.1391439722917,777.7780065329441,764.4447029472394,772.500244140625,513778,0.0,0.0
2017-07-28,761.7225952574729,811.1114591792498,761.7225952574729,803.5003662109375,832215,0.0,0.0
2017-07-31,811.1113540671413,816.6113988528934,790.5558371031091,808.4169311523438,871264,0.0,0.0
2017-08-01,786.3335913562377,802.5280878916224,773.8891858526443,776.028076171875,498315,0.0,0.0
2017-08-02,783.333588426274,783.333588426274,755.5557995542184,760.250244140625,194569,0.0,0.0
2017-08-03,760.2501940531022,773.33354503598,757.2224632110492,766.2224731445312,306845,0.0,0.0
2017-08-04,740.0002553711062,769.4447002623624,740.0002553711062,758.0558471679688,129248,0.0,0.0
2017-08-07,758.333516928745,765.5280023660368,754.4446730146577,755.3057861328125,139979,0.0,0.0
2017-08-08,755.000319492356,759.9725596436625,744.4447358791722,746.9169921875,168255,0.0,0.0
2017-08-09,742.7780354042155,747.0558160871652,731.4169098255861,736.528076171875,266199,0.0,0.0
2017-08-10,733.3335231508295,735.750208540759,698.3890934808883,716.361328125,421651,0.0,0.0
2017-08-11,707.2224390873542,717.5002259612123,695.3612946848463,712.5835571289062,335857,0.0,0.0
2017-08-14,711.1113212650013,724.4168974303201,711.0835937329098,716.1947021484375,167494,0.0,0.0
2017-08-16,719.4446790217653,728.8613535584507,714.444711649454,726.9724731445312,265918,0.0,0.0
2017-08-17,730.555719697786,739.9446657383177,719.4723905074043,734.9446411132812,213708,0.0,0.0
2017-08-18,731.666860192891,731.666860192891,722.2224011007308,727.0835571289062,119841,0.0,0.0
2017-08-21,725.194760893074,737.0558489597863,708.4169456356392,711.5003051757812,138480,0.0,0.0
2017-08-22,717.2225060418209,718.5836391087088,698.4169418610167,701.38916015625,214138,0.0,0.0
2017-08-23,706.6669271342016,708.8613881277315,694.444688054625,697.5836181640625,193765,0.0,0.0
2017-08-24,696.2223723512241,712.2223697721972,690.1668532735863,702.8612670898438,378695,0.0,0.0
2017-08-28,708.3335635057758,721.1669055218124,706.444683091563,718.1113891601562,212662,0.0,0.0
2017-08-29,717.7779656125157,718.9168739354418,700.0557410775131,707.2779541015625,266645,0.0,0.0
2017-08-30,713.8890605678023,716.0557360180342,703.389106871584,709.361328125,192957,0.0,0.0
2017-08-31,712.1946580841438,721.0280143738952,707.2224761642764,713.8890991210938,280714,0.0,0.0
2017-09-01,713.8891530527873,731.111417700822,713.8891530527873,727.028076171875,212061,0.0,0.0
2017-09-04,724.9446136744674,725.000126497536,707.8057082988305,710.944580078125,125424,0.0,0.0
2017-09-05,711.2780156011927,720.555763142762,707.5001972121067,715.3057861328125,168192,0.0,0.0
2017-09-06,710.0002336786127,713.6113402604212,704.444676204186,711.0557861328125,114633,0.0,0.0
2017-09-07,710.0557752993352,714.2502577549975,704.1669095545543,707.0835571289062,160719,0.0,0.0
2017-09-08,707.5002028043112,713.0557603606004,705.5557518830409,710.000244140625,160449,0.0,0.0
2017-09-11,713.9446717228949,755.0002508935066,712.7780358084501,740.13916015625,709559,0.0,0.0
2017-09-12,741.6668574145805,751.0002331559449,733.3890918822095,748.0280151367188,296245,0.0,0.0
2017-09-13,747.22246415712,751.0280680292433,737.3058275947734,741.8336181640625,238557,0.0,0.0
2017-09-14,747.2224120712572,776.6669124855619,744.861355055125,768.6390991210938,738043,0.0,0.0
2017-09-15,761.7779701001435,773.6113291615873,753.9168686105943,768.0835571289062,503564,0.0,0.0
2017-09-18,767.5557667287027,794.9446752822288,761.6946865609743,784.750244140625,474739,0.0,0.0
2017-09-19,779.555824984042,788.8891435284154,772.8336312932496,782.3613891601562,280110,0.0,0.0
2017-09-20,785.3613776741447,807.5002523791511,783.9447318468046,795.9724731445312,443204,0.0,0.0
2017-09-21,795.5279551441571,796.7502193127104,773.9446149635437,780.4446411132812,156957,0.0,0.0
2017-09-22,775.5558936558045,777.194764245308,755.6392055823716,757.278076171875,196248,0.0,0.0
2017-09-25,755.0002810626228,761.1113716229694,713.8891296535998,735.3613891601562,546831,0.0,0.0
2017-09-26,732.416979783777,749.4447473232373,725.5558592283008,734.9725341796875,381296,0.0,0.0
2017-09-27,744.1112789816057,744.1112789816057,672.2779159221283,677.4168090820312,1086493,0.0,0.0
2017-09-28,682.5557773006067,692.1391056015423,655.5558040365999,660.4724731445312,1336118,0.0,0.0
2017-09-29,665.0002058483024,675.0002558512447,658.6113203143453,660.4724731445312,488247,0.0,0.0
2017-10-03,665.4446306447752,673.2780047849315,659.3891111416673,665.5835571289062,225984,0.0,0.0
2017-10-04,666.6669667415966,686.6391673377448,662.5558399162564,672.5836181640625,551838,0.0,0.0
2017-10-05,673.3335405269693,685.2502561580064,672.7780078686094,675.6668701171875,408497,0.0,0.0
2017-10-06,680.5557993024333,688.2501893146759,676.1390923508864,682.1390991210938,224732,0.0,0.0
2017-10-09,681.1112735610402,687.7501683021704,672.7223673676745,679.0279541015625,221151,0.0,0.0
2017-10-10,681.6668709367611,693.6668845887463,677.3613051342488,688.8057861328125,267657,0.0,0.0
2017-10-11,690.0557916964558,702.8891334674914,683.3335980634519,688.6669311523438,307177,0.0,0.0
2017-10-12,689.4168952818525,695.0002382241428,682.7779998530434,692.361328125,133132,0.0,0.0
2017-10-13,699.8335845830799,699.8335845830799,686.3891390675601,688.500244140625,158625,0.0,0.0
2017-10-16,692.6669256477015,695.111338722545,675.5280177625792,677.250244140625,243378,0.0,0.0
2017-10-17,677.2223798427768,687.2223711288843,671.5279539995305,681.08349609375,337862,0.0,0.0
2017-10-18,684.6668873311611,687.7502466951927,678.0557771313499,681.5280151367188,210172,0.0,0.0
2017-10-19,681.1113105311837,688.3335235598461,676.6668761878291,680.222412109375,22637,0.0,0.0
2017-10-23,683.8891138553956,683.8891138553956,668.3613495077742,670.2780151367188,231644,0.0,0.0
2017-10-24,670.0001137419675,681.8889842635297,666.8334568263284,678.194580078125,294555,0.0,0.0
2017-10-25,681.1112466781357,697.2223268831202,679.7778991704217,691.8612670898438,379552,0.0,0.0
2017-10-26,692.1946105960767,712.9446228488247,686.1113061492715,698.472412109375,423485,0.0,0.0
2017-10-27,705.5279920697284,712.2501852117889,701.583519813026,706.0279541015625,408526,0.0,0.0
2017-10-30,708.8889476317669,711.1111354511635,700.0833789287194,705.02783203125,130885,0.0,0.0
2017-10-31,706.6669206723732,719.5558335219633,703.1391697010547,706.8058471679688,319984,0.0,0.0
2017-11-01,707.2225547324347,717.7780807638452,704.7225130801969,705.9169921875,326710,0.0,0.0
2017-11-02,705.5558019036162,711.5835944103271,701.7780409825351,707.028076171875,145759,0.0,0.0
2017-11-03,710.0002766298226,713.5558128328981,699.7224889038127,702.1113891601562,153683,0.0,0.0
2017-11-06,701.6668586915473,710.5557270531388,692.5001951418791,704.33349609375,213436,0.0,0.0
2017-11-07,708.8612503958494,712.9445910621055,683.3334971153605,688.2778930664062,161006,0.0,0.0
2017-11-08,688.8890584018598,694.4168882595151,678.0279535276112,681.8335571289062,91243,0.0,0.0
2017-11-09,688.5280027095379,688.5280027095379,667.9724276957055,674.2780151367188,181875,0.0,0.0
2017-11-10,677.2224401531903,688.8613605330278,667.5002431876189,677.0557861328125,225526,0.0,0.0
2017-11-13,680.0001559665599,682.2501872131213,663.8057191130836,665.08349609375,165460,0.0,0.0
2017-11-14,665.0835832292737,671.6391229964138,653.0557837518573,655.361328125,350175,0.0,0.0
2017-11-15,652.0557677531061,671.2779945672639,647.1390987432425,659.8057861328125,471634,0.0,0.0
2017-11-16,662.2224640010676,665.5558334434392,643.9447048467536,649.6947021484375,390313,0.0,0.0
2017-11-17,653.4446352422482,669.2224673775358,653.4446352422482,662.6668701171875,367819,0.0,0.0
2017-11-20,662.2501598892155,665.5557435858976,649.6390438410335,657.9168090820312,423366,0.0,0.0
2017-11-21,662.2224267925762,669.9446600263934,655.9446824521392,665.3057861328125,382233,0.0,0.0
2017-11-22,671.111309843055,677.4168390691979,660.1668492608411,662.2779541015625,378000,0.0,0.0
2017-11-23,658.9445787242136,670.5834395119083,656.1390150529704,661.3612060546875,465533,0.0,0.0
2017-11-24,661.3612566835554,668.7501812385731,652.1112949905914,662.4168090820312,686327,0.0,0.0
2017-11-27,656.4168321355003,663.3335225094354,652.8890814724954,660.7501831054688,378329,0.0,0.0
2017-11-28,662.778011353143,683.8613334214735,660.5557652027549,675.4446411132812,580009,0.0,0.0
2017-11-29,669.4447369398199,674.4447044650154,658.7780124682063,668.1113891601562,497450,0.0,0.0
2017-11-30,664.4445834474828,674.4445743341183,660.1668034707111,665.3612670898438,584865,0.0,0.0
2017-12-01,665.5558557030666,672.7780697545438,648.8891812308744,651.7224731445312,190715,0.0,0.0
2017-12-04,652.7779291986647,656.9167826552458,641.5834596288965,650.8612060546875,247114,0.0,0.0
2017-12-05,648.3335038038103,652.5279860424873,643.694630116583,645.5557250976562,210686,0.0,0.0
2017-12-06,644.9169108327487,649.5002722202206,621.9169212930755,626.1947021484375,639414,0.0,0.0
2017-12-07,626.6945900424362,650.5556877884084,625.5834671128781,645.444580078125,338969,0.0,0.0
2017-12-08,650.5557410605322,658.1113198345478,648.3334950194427,652.9446411132812,282644,0.0,0.0
2017-12-11,653.3891290140814,663.8891410900668,651.1113122456542,660.5835571289062,193966,0.0,0.0
2017-12-12,656.944569462091,658.2779169715445,638.611243386997,643.7223510742188,414358,0.0,0.0
2017-12-13,643.7224399454569,650.0279695435427,631.3057623015226,635.611328125,323664,0.0,0.0
2017-12-14,637.1945871495695,637.611308822085,624.4723875776986,634.3057250976562,421511,0.0,0.0
2017-12-15,638.3335293812684,650.5557675740018,636.2502097363964,646.4446411132812,450025,0.0,0.0
2017-12-18,648.2779925142368,663.0002139152106,630.4724119028706,660.6390991210938,409187,0.0,0.0
2017-12-19,664.1668180469982,671.389030801915,662.222367264415,668.5279541015625,372966,0.0,0.0
2017-12-20,668.8890727030116,670.61129895369,661.1113270442572,662.722412109375,193955,0.0,0.0
2017-12-21,660.0003233804756,693.0558783811952,660.0003233804756,690.6947631835938,647414,0.0,0.0
2017-12-22,694.1668197468557,696.6668030308715,680.5557226240794,683.6668090820312,384143,0.0,0.0
2017-12-26,683.6669051690257,692.7224861713058,678.3335720874667,686.361328125,210940,0.0,0.0
2017-12-27,686.6668580071484,691.5557414909601,682.250209023829,685.3057250976562,144737,0.0,0.0
2017-12-28,688.8613457913575,701.1113113951999,683.3335735796634,685.8335571289062,682935,0.0,0.0
2017-12-29,685.8336716720111,693.8892140754116,681.250309967228,687.805908203125,255156,0.0,0.0
2018-01-01,686.1669336905873,696.1669266519567,684.7225024578142,687.88916015625,158359,0.0,0.0
2018-01-02,689.8890665780247,704.4446332044245,681.8335260615282,699.3890380859375,413475,0.0,0.0
2018-01-03,699.4724319190133,707.0557383596198,693.1391172368129,698.972412109375,235894,0.0,0.0
2018-01-04,700.0557985901336,711.8891587051102,700.0557985901336,709.4724731445312,301083,0.0,0.0
2018-01-05,710.0002440068081,716.5002128423407,705.5557517500616,714.8335571289062,304346,0.0,0.0
2018-01-08,715.0557487834287,725.7501994726264,715.0557487834287,718.5835571289062,602525,0.0,0.0
2018-01-09,730.5557371655491,730.5557371655491,717.3335175427827,723.1668701171875,494865,0.0,0.0
2018-01-10,723.1668337712014,725.0834992365866,714.5834882366586,722.08349609375,272431,0.0,0.0
2018-01-11,718.8890463381811,722.1112740427327,710.8335059596448,719.222412109375,257228,0.0,0.0
2018-01-12,722.222490363922,738.3336318515536,714.5836124693598,734.1669921875,621566,0.0,0.0
2018-01-15,736.1113782811237,738.3336245905622,722.2224832613724,725.0836181640625,222831,0.0,0.0
2018-01-16,722.86140982901,726.805882794056,708.0281026727746,717.528076171875,362422,0.0,0.0
2018-01-17,717.500323309558,737.2225141415205,702.8336129458817,730.5836181640625,398221,0.0,0.0
2018-01-18,730.000250200134,731.944701179906,712.0557999087482,720.7780151367188,239412,0.0,0.0
2018-01-19,720.7779903625673,728.3613546995965,699.1668634740072,721.861328125,409845,0.0,0.0
2018-01-22,716.6668786828997,734.4446747060806,715.86133611021,732.88916015625,389809,0.0,0.0
2018-01-23,736.6669258407215,740.0002373450645,728.8891219763315,733.2224731445312,253291,0.0,0.0
2018-01-24,730.0002455344808,738.7780313026643,723.1946960316214,724.4724731445312,430298,0.0,0.0
2018-01-25,730.5699421376319,741.2228842282984,724.0940516961426,726.7012329101562,379448,7.0,0.0
2018-01-29,726.7012382726527,734.0461891730133,716.5528723331962,722.187744140625,192574,0.0,0.0
2018-01-30,721.5989456777794,728.8598292993676,708.3107812595256,722.8604736328125,301777,0.0,0.0
2018-01-31,723.1688003988647,746.4371357650156,716.5808023187877,729.925048828125,883232,0.0,0.0
2018-02-01,730.5698722291642,749.0723979203885,709.4321238470618,742.2040405273438,520298,0.0,0.0
2018-02-02,740.1295282486728,741.9798159240315,717.6741669804262,724.8789672851562,428935,0.0,0.0
2018-02-05,713.7494080280288,721.0382749668069,705.311121763951,711.5066528320312,340559,0.0,0.0
2018-02-06,689.6400995894772,711.5067019142458,675.0623064074848,704.2178344726562,777990,0.0,0.0
2018-02-07,706.4604527758988,716.97330172433,678.4263638098365,682.5193481445312,366523,0.0,0.0
2018-02-08,683.472485496853,700.0967403189036,681.2297886616138,687.3972778320312,345782,0.0,0.0
2018-02-09,678.4264323126008,695.1347554541732,678.3983905836596,689.3036499023438,265259,0.0,0.0
2018-02-12,694.0975344409712,706.6848316762108,692.0510128248077,703.9375,211443,0.0,0.0
2018-02-14,704.8345050581447,718.9076622627215,704.8345050581447,715.1510620117188,325068,0.0,0.0
2018-02-15,717.6462392651765,726.0844681772256,702.2554684654507,705.89990234375,235690,0.0,0.0
2018-02-16,707.0211629612351,717.5900369473891,693.0601729338407,710.7216796875,420640,0.0,0.0
2018-02-19,709.3199630789964,715.0949846885342,693.9012109691693,697.2372436523438,204841,0.0,0.0
2018-02-20,695.2467756685294,706.9089852893053,693.7049471633122,696.5083618164062,179596,0.0,0.0
2018-02-21,702.2274094768255,705.0588662978253,689.6961376061065,697.601806640625,184979,0.0,0.0
2018-02-22,696.3681560689795,706.320286873436,665.8389954390344,669.0068359375,906431,0.0,0.0
2018-02-23,657.7931957184059,666.9323499350228,649.3549097623089,657.1764526367188,766162,0.0,0.0
2018-02-26,658.8025849842735,662.1105765082513,654.9058336985556,656.9242553710938,341855,0.0,0.0
2018-02-27,658.7744278748713,662.4748863926975,645.7104812601061,652.6629638671875,293075,0.0,0.0
2018-02-28,645.6263546150988,658.8024086173256,641.8697546932307,654.821533203125,323238,0.0,0.0
2018-03-01,659.1669717560214,660.4845832606252,644.7854704231293,646.5515747070312,190335,0.0,0.0
2018-03-05,646.4674636256755,649.831538182745,636.9358413155643,640.4401245117188,168228,0.0,0.0
2018-03-06,648.4298098324756,648.626043613237,628.525548109359,632.870849609375,410175,0.0,0.0
2018-03-07,631.3290013249905,633.0110385763596,609.8828514736056,612.5741577148438,432153,0.0,0.0
2018-03-08,614.0039182261703,621.5170611970742,605.5376479560548,617.9287109375,222974,0.0,0.0
2018-03-09,618.9940000874265,637.3844189022066,607.6121479567755,608.78955078125,487276,0.0,0.0
2018-03-12,611.7892070274371,622.3580813339797,609.6305770632456,620.5919189453125,132894,0.0,0.0
2018-03-13,629.6468953132268,631.3569741052114,611.9853895049512,627.3760986328125,244346,0.0,0.0
2018-03-14,622.806673995997,635.9827314097159,622.3861646263473,633.123291015625,136793,0.0,0.0
2018-03-15,633.0110612623577,638.8702084235765,626.983722029736,635.029541015625,218846,0.0,0.0
2018-03-16,629.6469125684198,633.6838133012486,615.0691215517971,619.6106567382812,349673,0.0,0.0
2018-03-19,624.0401397438707,624.0401397438707,605.004936994968,611.4247436523438,144608,0.0,0.0
2018-03-20,610.1351771779191,626.7033492714071,607.4999543548832,621.5170288085938,325288,0.0,0.0
2018-03-21,623.0589102713553,633.039083518414,612.1816932381381,619.3023681640625,341680,0.0,0.0
2018-03-22,619.5546515888062,622.9187259249694,606.9672979565566,614.2561645507812,292824,0.0,0.0
2018-03-23,605.5376416125046,616.7792850724733,604.6965646413335,611.6490478515625,229679,0.0,0.0
2018-03-26,611.7050865078296,622.918745716397,600.4914272992621,618.4893188476562,166533,0.0,0.0
2018-03-27,622.358052638173,622.358052638173,609.5744655035612,611.9854125976562,194872,0.0,0.0
2018-03-28,608.9577620678577,618.4333007086658,599.9307744643859,601.5286865234375,304945,0.0,0.0
2018-04-02,605.4253747675119,621.0684594085365,596.0059205527895,617.7884521484375,300603,0.0,0.0
2018-04-03,617.7885393974123,634.0483110739782,613.9478720054763,630.4599609375,333828,0.0,0.0
2018-04-04,630.2356103388197,635.2537382255459,615.3494770281126,626.030517578125,316042,0.0,0.0
2018-04-05,631.8897097134934,636.3752204615245,628.525634951284,630.6842651367188,242301,0.0,0.0
2018-04-06,630.2076610061184,634.6370882154888,625.4138079170755,629.8712768554688,259557,0.0,0.0
2018-04-09,629.647015998393,632.4223893517892,619.8911175175841,625.91845703125,277438,0.0,0.0
2018-04-10,630.2075875500361,633.2633194739868,620.3395818295467,624.740966796875,320364,0.0,0.0
2018-04-11,624.9092615641863,628.749929245299,617.3119930942357,619.5547485351562,212219,0.0,0.0
2018-04-12,620.6759119796998,622.8625834103784,611.705009068055,616.6670532226562,286702,0.0,0.0
2018-04-13,618.9659116100044,623.3392550250348,602.4818652206568,603.3789672851562,371444,0.0,0.0
2018-04-16,603.3789650692323,607.5279746540922,598.8093878817256,604.3320922851562,236465,0.0,0.0
2018-04-17,610.52766432537,610.52766432537,602.0613942252553,605.1171264648438,145138,0.0,0.0
2018-04-18,606.0982092000687,610.4995939955282,603.8554542153498,605.649658203125,177199,0.0,0.0
2018-04-19,606.7151149144923,607.7804092431523,594.4361592533149,596.8471069335938,315119,0.0,0.0
2018-04-20,596.5666453308319,602.7341929824967,591.5485170067177,601.0801391601562,343829,0.0,0.0
2018-04-23,601.4726405092923,613.6114444025433,599.3420520987266,610.443603515625,455978,0.0,0.0
2018-04-24,611.705121573956,616.4989745691532,605.5376319752147,610.1351928710938,570750,0.0,0.0
2018-04-25,609.4623897483306,622.3301039834121,608.0887530919016,613.6675415039062,552503,0.0,0.0
2018-04-26,612.2656954392669,618.2650504239909,607.247625917173,610.4154663085938,223468,0.0,0.0
2018-04-27,608.4251727554151,617.8726710185035,608.4251727554151,614.2001953125,169490,0.0,0.0
2018-04-30,616.7513519591797,632.8990167237074,613.1068596832124,629.3106079101562,485876,0.0,0.0
2018-05-02,633.0110077971639,647.0280813750303,628.5255559120079,632.9269409179688,929862,0.0,0.0
2018-05-03,635.7023719337152,635.7023719337152,556.5619678722253,594.5762329101562,2940106,0.0,0.0
2018-05-04,594.3239781821646,596.5666751960174,569.766011554324,574.7000732421875,692487,0.0,0.0
2018-05-07,575.82133124118,585.9136707739387,570.7191363220633,583.0822143554688,516412,0.0,0.0
2018-05-08,585.9137225967942,591.7728114347486,581.0637861830443,583.72705078125,413393,0.0,0.0
2018-05-09,583.7551022312966,593.7632593398093,580.3629275384795,585.2409057617188,332649,0.0,0.0
2018-05-10,586.4743701842045,589.2777850671096,579.7461628054705,583.1663208007812,682416,0.0,0.0
2018-05-11,585.3529371249919,588.2124351923859,579.6339992890084,581.7645874023438,313482,0.0,0.0
2018-05-14,582.4094007567509,586.8107275256549,570.7471907124427,572.6535034179688,413216,0.0,0.0
2018-05-15,576.3820559960509,595.445241153243,570.7752265441461,591.7727661132812,735278,0.0,0.0
2018-05-16,586.4743714854615,593.567004742079,578.8210202717328,591.8008422851562,345293,0.0,0.0
2018-05-17,592.6698793994485,599.8746792843699,586.2500729639258,588.0162353515625,409007,0.0,0.0
2018-05-18,589.8384465075126,589.8384465075126,577.8118100322145,581.260009765625,215896,0.0,0.0
2018-05-21,581.7085681957201,587.5677153038737,575.6251455614569,580.3629150390625,205606,0.0,0.0
2018-05-22,582.5494758362005,583.4185360469199,572.2329201986526,573.7467651367188,138843,0.0,0.0
2018-05-23,571.8966442207835,579.5779789552988,567.4672171616372,573.8870239257812,347657,0.0,0.0
2018-05-24,577.4474142878156,584.1756220378259,571.8966676710527,577.4193725585938,141949,0.0,0.0
2018-05-25,577.4193264048204,592.0811852965581,573.2422167621116,588.3245849609375,180593,0.0,0.0
2018-05-28,589.2778054421728,612.9946950056161,582.0450216116475,609.6866455078125,437697,0.0,0.0
2018-05-29,613.9478224206941,615.3495006284157,584.8483811847102,588.1563720703125,616264,0.0,0.0
2018-05-30,588.1563690295633,589.4739803513174,578.624747390631,583.5867919921875,207138,0.0,0.0
2018-05-31,586.4743235608554,589.0534627161401,570.4948541687465,586.137939453125,567881,0.0,0.0
2018-06-01,586.1379757406423,588.1563971095952,568.6446601831332,574.92431640625,228282,0.0,0.0
2018-06-04,577.2231310497021,578.989293576597,550.3103587076301,556.9824829101562,651835,0.0,0.0
2018-06-05,556.9824242893242,557.5150421849332,533.8822801231172,542.8812255859375,789109,0.0,0.0
2018-06-06,542.7410760129933,560.682941810697,541.9280991560934,554.375244140625,285034,0.0,0.0
2018-06-07,560.1222705463431,562.8696020323714,553.1978292253241,560.739013671875,354422,0.0,0.0
2018-06-08,559.5615643887922,570.046313249382,555.6367721355041,566.1215209960938,239494,0.0,0.0
2018-06-11,569.0931831284068,581.9888790666292,567.3550625194459,579.26953125,260223,0.0,0.0
2018-06-12,579.2696293922323,587.5958080099446,574.7001098868802,584.8204345703125,302092,0.0,0.0
2018-06-13,584.792271637868,584.792271637868,571.8965761875181,573.57861328125,143478,0.0,0.0
2018-06-14,571.8966413946088,571.8966413946088,562.1687852482137,565.953369140625,161272,0.0,0.0
2018-06-15,568.4764691963387,571.0556087806829,558.4402698612478,559.81396484375,454257,0.0,0.0
2018-06-18,560.626881679743,580.6712947683411,560.1222471895275,567.4952392578125,496162,0.0,0.0
2018-06-19,567.4952027666583,571.5881869829723,555.2162501177163,558.8326416015625,267898,0.0,0.0
2018-06-20,561.2996899334,566.0935425377247,557.3468559194752,560.402587890625,144495,0.0,0.0
2018-06-21,564.6077048214491,564.6077048214491,550.0299709036613,555.8049926757812,206477,0.0,0.0
2018-06-22,556.1974836332578,560.6829942261162,547.2826625022784,557.1787109375,183923,0.0,0.0
2018-06-25,558.6084050667429,565.1684202801164,551.7120057239289,553.39404296875,153809,0.0,0.0
2018-06-26,557.3188796508505,557.8795976428452,550.2542876824655,552.77734375,197325,0.0,0.0
2018-06-27,553.9547501066323,554.2351090749014,539.9657179020041,542.993408203125,176366,0.0,0.0
2018-06-28,543.8624667786556,543.8624667786556,534.218677969913,535.5643310546875,280220,0.0,0.0
2018-06-29,538.2275330134837,553.9546840069098,535.7324609211056,549.6654663085938,221347,0.0,0.0
2018-07-02,551.1513265471668,554.4593174650923,541.8720220033657,549.160888671875,134243,0.0,0.0
2018-07-03,544.4230905079228,551.9642740122842,540.1899560440856,546.7779541015625,149359,0.0,0.0
2018-07-04,548.3479146109519,551.3195214265586,541.9841333824736,544.3950805664062,107696,0.0,0.0
2018-07-05,546.1051212893908,548.2917928079459,538.8442968178529,544.8155517578125,217884,0.0,0.0
2018-07-06,541.9001123197003,552.1045032510783,539.3769980168191,547.394775390625,175381,0.0,0.0
2018-07-09,551.4877684324324,558.4402517116848,549.4973303486444,555.1322021484375,264771,0.0,0.0
2018-07-10,556.7581267270574,571.8685354701336,554.2630545079965,569.513671875,337492,0.0,0.0
2018-07-11,569.0932043585655,574.4196749885352,555.6367900000218,559.3092651367188,377070,0.0,0.0
2018-07-12,560.9913050206919,570.7752442889976,548.7964768181366,551.1793823242188,206279,0.0,0.0
2018-07-13,555.0200637143981,555.2723809648185,542.7411100173588,545.0679321289062,265158,0.0,0.0
2018-07-16,544.7595860885468,545.0119033642866,527.1261181030558,534.4710693359375,240763,0.0,0.0
2018-07-17,537.6948915250591,543.2176539132611,531.8918284827755,539.6572875976562,234277,0.0,0.0
2018-07-18,544.4232486719769,553.9548727147026,536.0130024517168,538.4239501953125,401513,0.0,0.0
2018-07-19,539.9377215561468,542.4607775862034,525.1917363874593,529.2286376953125,315192,0.0,0.0
2018-07-20,529.7894092859882,544.7876549362361,521.9959065747122,540.9189453125,355059,0.0,0.0
2018-07-23,544.1708144815238,548.6282830809653,531.0508425240237,543.7503051757812,309708,0.0,0.0
2018-07-24,543.918500671706,554.4313499792479,538.8163055168072,539.9376831054688,682605,0.0,0.0
2018-07-25,541.087070305746,547.6470857927502,535.0037059031481,538.9564819335938,248068,0.0,0.0
2018-07-26,543.8624161644473,546.2733048434573,536.5734917829952,542.600830078125,314950,0.0,0.0
2018-07-27,545.9931130615095,556.1975042922572,539.7975231870537,551.82421875,539184,0.0,0.0
2018-07-30,554.5154494554828,557.8795824192076,546.7499893584182,549.048828125,399197,0.0,0.0
2018-07-31,548.9367013189308,557.3189051637654,543.4420378582571,554.4033813476562,388669,0.0,0.0
2018-08-01,556.7582623154165,571.3359984353199,552.5531102507869,562.7014770507812,722722,0.0,0.0
2018-08-02,562.7574495880825,568.140003526649,557.066494961364,558.94482421875,369013,0.0,0.0
2018-08-03,560.6829991635595,573.8589971749719,560.1222811851085,567.5233154296875,611695,0.0,0.0
2018-08-06,571.56027444421,576.3821697117407,567.579456229329,572.2891845703125,386857,0.0,0.0
2018-08-07,575.260668030123,580.8674973805095,571.9245771662044,577.5594482421875,448414,0.0,0.0
2018-08-08,581.0357620267592,585.8576568580831,563.6546121885765,569.4857177734375,604537,0.0,0.0
2018-08-09,569.0933015521265,578.9613093410184,555.076225159217,563.6546630859375,963029,0.0,0.0
2018-08-10,565.0843141779786,580.2508082183269,562.2528575141503,578.4566040039062,553504,0.0,0.0
2018-08-13,577.5034713884282,577.5034713884282,562.2528523047746,564.7479248046875,244802,0.0,0.0
2018-08-14,568.4203365280233,571.083542500183,561.2435788381067,564.4955444335938,202916,0.0,0.0
2018-08-16,562.9256686235478,569.0371328368471,558.13181580665,562.2808837890625,302087,0.0,0.0
2018-08-17,562.92566999212,573.634753255145,562.92566999212,570.9154052734375,312964,0.0,0.0
2018-08-20,573.017952344199,578.6247820798473,568.3643081491111,571.8685913085938,319192,0.0,0.0
2018-08-21,576.0456568489667,588.6610532127108,573.550642623953,577.2511596679688,1689572,0.0,0.0
2018-08-23,581.4281904426717,587.0350201155909,574.9523004214858,580.447021484375,543836,0.0,0.0
2018-08-24,580.8675479408295,584.0073469988681,575.3168015584841,581.0637817382812,370083,0.0,0.0
2018-08-27,583.0542207565293,585.3530011726951,575.0084018517323,576.045654296875,206121,0.0,0.0
2018-08-28,578.6248173509208,581.0638065072317,572.4853693145146,576.2139282226562,277148,0.0,0.0
2018-08-29,575.8213981680924,581.9889461881578,573.1862335237433,575.7092895507812,491726,0.0,0.0
2018-08-30,577.5034244737736,578.5967602806355,561.8042556160244,563.9068603515625,320131,0.0,0.0
2018-08-31,564.0470928035598,574.5318430868908,559.3654065097909,571.7564697265625,518235,0.0,0.0
2018-09-03,572.8777755111321,576.3540167823231,562.9256444457978,565.92529296875,210066,0.0,0.0
2018-09-04,567.4111696849262,569.6539250847841,546.1332683113859,549.7216186523438,388627,0.0,0.0
2018-09-05,548.3478620919834,556.4777466160446,537.6948637200259,553.7864990234375,337685,0.0,0.0
2018-09-06,556.5900403633199,562.2528957775438,545.2361712071314,559.81396484375,350407,0.0,0.0
2018-09-07,562.3649635621534,562.3649635621534,547.3386214903047,556.4216918945312,569010,0.0,0.0
2018-09-10,555.076215663578,555.076215663578,544.1708971861241,547.9835815429688,278702,0.0,0.0
2018-09-11,549.4692727944671,555.0761021086963,532.929085508327,535.143798828125,875600,0.0,0.0
2018-09-12,533.3777179974834,539.713458243972,527.0700194806943,529.7893676757812,1272415,0.0,0.0
2018-09-14,533.7421916354867,544.6194093044061,531.2190772993512,537.6109008789062,820636,0.0,0.0
2018-09-17,537.0220696141198,554.0387913318692,533.5178450176634,550.7027587890625,1013494,0.0,0.0
2018-09-18,549.5814216092392,553.2538968277322,537.6668938700354,541.19921875,475318,0.0,0.0
2018-09-19,544.5913561415798,549.7215932959513,538.2556744521461,540.1619873046875,206896,0.0,0.0
2018-09-21,544.8156704897534,546.0771985718136,505.17539046771566,518.6597900390625,786215,0.0,0.0
2018-09-24,518.9400710050379,524.7431342891117,511.9035215549562,515.632080078125,253294,0.0,0.0
2018-09-25,515.8283046179847,534.5551054795677,510.52981760653466,528.0231323242188,643848,0.0,0.0
2018-09-26,533.6020512208087,533.6020512208087,518.0711288029197,530.2379760742188,314736,0.0,0.0
2018-09-27,529.1164861288499,535.2279502020906,516.7253659204466,532.9571533203125,548867,0.0,0.0
2018-09-28,533.7701718859249,535.8447351410024,507.41811740031784,529.9295043945312,802826,0.0,0.0
2018-10-01,529.7893637765421,534.4430082985058,518.0710689843395,528.0792846679688,357150,0.0,0.0
2018-10-03,526.4812829904889,554.5154319771649,524.5469284593726,549.6375122070312,558112,0.0,0.0
2018-10-04,549.4693343365658,549.4693343365658,527.3503569842251,540.1619873046875,503254,0.0,0.0
2018-10-05,535.452304793394,540.8068179305291,523.3976252274034,531.1630859375,334749,0.0,0.0
2018-10-08,529.8453305132044,531.5273675217402,507.41801493592595,527.8829345703125,401484,0.0,0.0
2018-10-09,528.6679876529153,528.6679876529153,476.72071276269884,500.0451354980469,1402788,0.0,0.0
2018-10-10,501.81120041837954,518.4914789626457,499.9609130169391,513.6416015625,598034,0.0,0.0
2018-10-11,502.11963404683536,504.0539886734013,488.4109595843927,497.1295471191406,539997,0.0,0.0
2018-10-12,502.09163135919044,515.0153716037681,499.3162578355986,512.2960815429688,314451,0.0,0.0
2018-10-15,511.9036251131118,526.3412110775811,507.86672338117904,523.9022216796875,208434,0.0,0.0
2018-10-16,522.8368666908003,529.6771829454175,517.1459698211422,526.060791015625,315351,0.0,0.0
2018-10-17,529.845400484449,530.406060128401,519.3886346492126,522.9209594726562,168129,0.0,0.0
2018-10-19,520.8744160451757,520.8744160451757,487.8221701558475,490.17706298828125,913602,0.0,0.0
2018-10-22,492.3357442597427,500.0731626397114,483.0564097403631,493.2327880859375,524540,0.0,0.0
2018-10-23,492.16748341387546,502.87656692974457,477.926162378878,482.3555603027344,419536,0.0,0.0
2018-10-24,483.8693390128405,504.0539004258959,482.49564431464967,499.3161315917969,280121,0.0,0.0
2018-10-25,492.2796288982071,500.99821572560415,483.64510895282336,492.7281799316406,212833,0.0,0.0
2018-10-26,491.8311525473559,499.17610396162144,482.2154330435789,485.41131591796875,270852,0.0,0.0
2018-10-29,485.299118342139,500.12916970042966,480.6174323828359,498.1107482910156,648765,0.0,0.0
2018-10-30,498.1107344954362,511.5670906144827,491.46665246740855,508.7917175292969,510732,0.0,0.0
2018-10-31,511.3988616893468,525.9205691911521,500.15716152408345,522.3882446289062,401690,0.0,0.0
2018-11-01,528.8642469117788,560.6830415861416,525.3599633271612,529.0044555664062,1651064,0.0,0.0
2018-11-02,534.8354270693469,541.8159515136022,533.2655567516097,538.732177734375,416267,0.0,0.0
2018-11-05,537.8911042194671,549.4692464238581,532.424483794676,546.9180908203125,456385,0.0,0.0
2018-11-06,548.9086366587952,552.1606028094224,522.5565232962847,526.1729736328125,325925,0.0,0.0
2018-11-07,528.2194752627905,529.8174458739578,523.6779390139565,527.9111328125,55902,0.0,0.0
2018-11-09,526.6495349697436,537.6950037527527,522.0519736561063,532.620849609375,404487,0.0,0.0
2018-11-12,533.2093892412965,537.975199494696,506.74517394259396,511.2586669921875,617601,0.0,0.0
2018-11-13,509.10021151769763,524.0424321112267,505.7641198794707,512.408203125,605891,0.0,0.0
2018-11-14,518.267300291481,518.267300291481,493.4010490134071,496.65301513671875,2120623,0.0,0.0
2018-11-15,498.86764123158605,528.1633180549845,487.2334723658459,523.0330810546875,2060805,0.0,0.0
2018-11-16,524.7992949044092,552.9455551419621,516.1086904142612,550.2823486328125,2485489,0.0,0.0
2018-11-19,557.8796457874034,557.8796457874034,520.8745287759828,527.9671630859375,4655983,0.0,0.0
2018-11-20,530.2940769471012,530.2940769471012,518.7159307866273,524.3788452148438,2588392,0.0,0.0
2018-11-21,525.3598885900805,525.7524144683804,510.52983765856055,514.2864379882812,1072287,0.0,0.0
2018-11-22,511.90353248558864,516.9776858896562,508.62352491616815,514.2864379882812,847847,0.0,0.0
2018-11-26,514.7069043879521,517.6224275629665,506.6330447592595,512.0436401367188,2327303,0.0,0.0
2018-11-27,512.4642000893654,517.2300111687907,506.57706970791844,507.8946228027344,1077138,0.0,0.0
2018-11-28,509.66088286883337,513.922060269466,505.23151337055907,509.85711669921875,962995,0.0,0.0
2018-11-29,509.85707174524373,521.4352165100639,504.67075081662756,516.4451293945312,2022475,0.0,0.0
2018-11-30,520.0334228630875,536.909995331372,510.529842489328,533.0132446289062,11932751,0.0,0.0
2018-12-03,537.9752653913571,537.9752653913571,521.9957957135259,528.2754516601562,832648,0.0,0.0
2018-12-04,524.3786477110408,531.2470043064146,522.0518259813966,527.3782958984375,509891,0.0,0.0
2018-12-05,523.1171746263367,527.0139251645826,505.65190151927976,508.1749572753906,1994904,0.0,0.0
2018-12-06,511.5391068856264,530.7144595255726,506.15649448260143,517.6505126953125,3371708,0.0,0.0
2018-12-07,519.9773915498436,538.0874520381473,514.8471541289209,531.7517700195312,2025521,0.0,0.0
2018-12-10,513.277203656682,531.5274720240784,507.5021815858558,519.8372192382812,1973366,0.0,0.0
2018-12-11,511.34283310658515,534.891530017791,510.4177475781483,525.6963500976562,2234761,0.0,0.0
2018-12-12,526.7055604038476,545.3763375092637,526.6214935188603,539.6012573242188,1600095,0.0,0.0
2018-12-13,542.2924864814623,548.2637413150316,533.9383263994938,538.2835693359375,910315,0.0,0.0
2018-12-14,537.6948413904946,546.6658023571741,533.8822165014656,542.124267578125,846731,0.0,0.0
2018-12-17,543.4139283969947,552.6651915472055,534.5551328309416,542.8532104492188,1538880,0.0,0.0
2018-12-18,538.2276762793485,552.0204767214066,537.7230417221162,550.5906982421875,827741,0.0,0.0
2018-12-19,552.8333664503875,586.5023852418929,551.5437968288679,571.4480590820312,3248473,0.0,0.0
2018-12-20,568.9250118759168,575.4850276603083,555.3004623678663,558.8046875,1179617,0.0,0.0
2018-12-21,560.6829863244602,569.0651893911655,550.6186876597327,557.1226196289062,1535042,0.0,0.0
2018-12-24,558.4401776892447,566.2617203416413,551.8241377385336,558.3840942382812,961016,0.0,0.0
2018-12-26,558.9448506167714,585.9137050354715,549.8056960306131,580.95166015625,3609137,0.0,0.0
2018-12-27,585.3529011521564,588.1563155972303,572.4572063645766,578.6246948242188,1582025,0.0,0.0
2018-12-28,577.503545596993,594.3240372163228,574.7001303271047,584.9886474609375,2456809,0.0,0.0
2018-12-31,588.4367656517128,592.249391231788,582.5776186434142,586.97900390625,818016,0.0,0.0
2019-01-01,588.7171805479644,597.4077266897397,585.5773229377053,595.809814453125,1855909,0.0,0.0
2019-01-02,598.2486143496893,598.5850567407801,588.4927760877036,592.3895263671875,990929,0.0,0.0
2019-01-03,589.4179131810902,602.6780936436372,582.2972384810394,585.8576049804688,1225863,0.0,0.0
2019-01-04,585.9136792332769,598.4729329308012,580.4189583728294,595.8377685546875,1131413,0.0,0.0
2019-01-07,597.6880411773628,602.1454516880518,593.5950565358088,595.4733276367188,377542,0.0,0.0
2019-01-08,595.4452318422665,598.2486465243819,588.7170832442342,590.0066528320312,399707,0.0,0.0
2019-01-09,590.9037533309589,596.7629004903004,586.7547435099005,590.70751953125,841116,0.0,0.0
2019-01-10,593.2025013562007,602.7341223933445,589.8383689496075,600.5194091796875,605353,0.0,0.0
2019-01-11,602.2295204686527,602.7341549315847,589.7543339137268,593.118408203125,529811,0.0,0.0
2019-01-14,589.894552516593,597.3796536561047,582.9981527861004,591.0159301757812,530424,0.0,0.0
2019-01-15,595.725595895874,601.3043835821591,592.6418222295271,596.0339965820312,465937,0.0,0.0
2019-01-16,600.4914098607154,600.4914098607154,588.7450747804199,594.6322631835938,409562,0.0,0.0
2019-01-17,594.3239498060148,599.8186126114817,589.8384393948461,597.0151977539062,851503,0.0,0.0
2019-01-18,598.7813437348117,598.7813437348117,588.7171039113153,591.3803100585938,200656,0.0,0.0
2019-01-21,591.3522596985973,593.5950148098018,583.1102658372366,585.801513671875,293170,0.0,0.0
2019-01-22,583.1103572625472,594.2679345178594,581.4282615160059,588.4368286132812,688389,0.0,0.0
2019-01-23,585.9978242151461,590.7636357266122,584.2597033509924,585.9137573242188,313288,0.0,0.0
2019-01-24,585.3529492740649,591.0439038019513,570.2425400919726,576.35400390625,616070,0.0,0.0
2019-01-25,575.8213942554606,585.9137348926618,571.6163009056372,577.36328125,363298,0.0,0.0
2019-01-28,581.8871018746249,581.8871018746249,554.5455368092444,562.4019775390625,544390,7.0,0.0
2019-01-29,557.0415693863995,576.5834397585062,557.0415693863995,574.0308227539062,629373,0.0,0.0
2019-01-30,578.0298070738534,578.9090495261524,566.6847660049041,574.881591796875,325591,0.0,0.0
2019-01-31,576.3848006223694,586.9923915603662,569.3792313062329,584.3262939453125,478824,0.0,0.0
2019-02-01,584.8367531204874,592.4379200247673,578.7671677034348,584.8934936523438,402869,0.0,0.0
2019-02-04,581.4333473916028,588.4955982086717,573.4066843417058,580.468994140625,485226,0.0,0.0
2019-02-05,580.8660815583013,585.4040863005824,561.5795466581432,564.1889038085938,895133,0.0,0.0
2019-02-06,564.7561263535076,584.7517408733486,561.5795407618192,578.9090576171875,1919183,0.0,0.0
2019-02-07,592.7783936853542,623.1263253501731,581.4333526578833,594.2532348632812,4080400,0.0,0.0
2019-02-08,597.23131647574,603.1023701840389,582.4544157453676,584.723388671875,679644,0.0,0.0
2019-02-11,581.7169942886493,589.9421911252919,562.1468142968383,584.1561889648438,1083161,0.0,0.0
2019-02-12,588.126952268647,594.8205081046052,570.0883545510753,574.5128784179688,607574,0.0,0.0
2019-02-14,554.7725528570508,562.6857357319633,553.3827633615747,559.3389282226562,765281,0.0,0.0
2019-02-15,557.8923319126907,559.3388026479616,541.0165647525924,545.7247314453125,1000677,0.0,0.0
2019-02-18,546.7175424198086,550.6883187383659,533.9259709790543,535.5426635742188,694578,0.0,0.0
2019-02-19,532.7914213834589,544.5051564029679,530.7776633029243,535.9396362304688,744741,0.0,0.0
2019-02-20,538.8895115633071,550.0643322709288,537.131026460347,548.3058471679688,853440,0.0,0.0
2019-02-21,548.5327094184437,562.1467828131439,535.7695672200339,559.5657958984375,1552067,0.0,0.0
2019-02-22,558.1759427073935,566.9116260246817,551.1703738926711,562.6005249023438,1183147,0.0,0.0
2019-02-25,564.4158047693256,567.6491309236326,556.4742522652575,560.98388671875,287516,0.0,0.0
2019-02-26,555.3964767491748,562.7140012555157,547.6251458723173,560.0195922851562,502675,0.0,0.0
2019-02-27,560.7853501871417,571.2227786804659,552.2481989948908,555.3681030273438,456354,0.0,0.0
2019-02-28,558.1760362254947,567.252105299399,549.014915314728,562.6857299804688,1036391,0.0,0.0
2019-03-01,563.2813045462158,578.5403819837553,562.8558684346268,572.5558471679688,901566,0.0,0.0
2019-03-05,570.4569720162767,587.8999685717287,566.4010852996701,584.5531616210938,696636,0.0,0.0
2019-03-06,588.2403550223705,594.962339891368,574.9950361661115,578.143310546875,766320,0.0,0.0
2019-03-07,578.426882073022,586.6237079950603,574.285943196784,579.3912353515625,839670,0.0,0.0
2019-03-08,579.1643133513604,584.2696053402776,573.4350523714805,580.781005859375,456675,0.0,0.0
2019-03-11,580.2988951284126,602.4216919681027,580.2988951284126,599.2167358398438,1168011,0.0,0.0
2019-03-12,603.5561699025499,604.6906858442056,595.8415794629973,597.5149536132812,894046,0.0,0.0
2019-03-13,597.5149791261993,606.3924561577344,592.8067525127578,597.7418823242188,1401781,0.0,0.0
2019-03-14,599.5853662000263,602.4783669735913,586.5385809217827,588.1552734375,412141,0.0,0.0
2019-03-15,587.1058950293581,592.7784157542794,585.0921366061848,587.5880126953125,417944,0.0,0.0
2019-03-18,588.2402553713367,593.8277233465818,581.5467008895281,587.8148193359375,559460,0.0,0.0
2019-03-19,587.6731620455413,599.8407062325532,577.519376413754,595.2175903320312,996029,0.0,0.0
2019-03-20,598.4224794164293,612.6321494391151,590.8779937370148,602.2514038085938,1641136,0.0,0.0
2019-03-22,600.8050057587054,605.6550244278111,591.6438855978842,595.0757446289062,753728,0.0,0.0
2019-03-25,589.431612916451,600.03920433892,587.1058994555297,594.9623413085938,368356,0.0,0.0
2019-03-26,591.9842778954649,604.1235110777162,591.9842778954649,599.8974609375,548761,0.0,0.0
2019-03-27,604.123479779597,615.8372172299155,600.4362880869439,603.9816284179688,1657926,0.0,0.0
2019-03-28,604.2936747643924,620.8006915201406,603.981660733971,617.1986694335938,1605633,0.0,0.0
2019-04-01,642.1292435341652,649.0497606890635,637.90325311688,641.732177734375,978387,0.0,0.0
2019-04-02,646.100058641321,646.100058641321,634.2728408464101,641.6754760742188,667388,0.0,0.0
2019-04-03,640.9948166086232,666.4076777823673,639.6050272626029,658.4661254882812,2653699,0.0,0.0
2019-04-04,661.3591334221043,661.3591334221043,644.4834230876802,647.43310546875,760939,0.0,0.0
2019-04-05,644.6819362995581,658.0123651116427,640.5693088830383,650.5813598632812,735780,0.0,0.0
2019-04-08,652.9638448676702,660.5650131144213,646.9793102096089,649.7021484375,673584,0.0,0.0
2019-04-09,649.5602246468178,656.8778073318626,643.3772167453906,654.6371459960938,369397,0.0,0.0
2019-04-10,651.3471461807637,663.060882948442,648.9363219739847,661.2173461914062,646354,0.0,0.0
2019-04-11,661.5860595626269,668.7901621062942,658.2676225323765,666.0673828125,1438043,0.0,0.0
2019-04-12,664.9044252934453,677.8661580205803,662.1532760232278,671.4845581054688,710533,0.0,0.0
2019-04-15,672.335541232613,675.5972379087372,669.4425401427899,673.6969604492188,646434,0.0,0.0
2019-04-16,674.1789462981185,679.0005941775779,668.5915371227373,675.1149291992188,391605,0.0,0.0
2019-04-18,672.1937167983813,677.6393344232965,664.5358077974295,671.8533325195312,533174,0.0,0.0
2019-04-22,669.9813981182579,671.5980316858868,654.0132414629918,657.0480346679688,380373,0.0,0.0
2019-04-23,661.9547496014031,665.9538961671794,655.1761422040172,662.6921997070312,364245,0.0,0.0
2019-04-24,662.408563769138,669.3574518573171,656.5942506148737,667.9960327148438,318073,0.0,0.0
2019-04-25,670.4634903472489,681.7234792617727,661.3023705385853,677.1571044921875,747792,0.0,0.0
2019-04-26,677.8662521744866,679.5396263873905,666.8047950567257,668.846923828125,927810,0.0,0.0
2019-04-30,665.5568260110335,670.2366231277889,659.2887065903938,665.2448120117188,419996,0.0,0.0
2019-05-02,659.8275664631813,673.9238163548395,650.0708473926302,652.1129760742188,435792,0.0,0.0
2019-05-03,654.5804900490573,668.9319545959726,649.5036270255666,667.0316772460938,462042,0.0,0.0
2019-05-06,664.3088316361353,664.3088316361353,643.2637545855611,648.283935546875,402950,0.0,0.0
2019-05-07,648.2839432041366,651.1202033345273,632.5710609021345,636.4567260742188,1160299,0.0,0.0
2019-05-08,630.2737350851892,633.5070611051704,610.107899646645,617.7658081054688,1505270,0.0,0.0
2019-05-09,612.8023576098223,623.6652216438124,610.504955618282,618.2196044921875,609082,0.0,0.0
2019-05-10,618.2196294124606,626.785150782033,602.1096804804263,607.5552978515625,802365,0.0,0.0
2019-05-13,605.3146120753139,606.9879861073025,595.614634169045,596.1251220703125,744160,0.0,0.0
2019-05-14,592.7784484131653,625.679058633984,591.9558874467062,618.106201171875,2400412,0.0,0.0
2019-05-15,622.8427495985309,625.1684629888899,605.4564332755946,609.1719360351562,722394,0.0,0.0
2019-05-16,612.064956186785,643.8311079134784,609.7959832660698,640.7679443359375,976154,0.0,0.0
2019-05-17,640.5127354707479,645.8732427811321,629.6498694781044,638.697509765625,648394,0.0,0.0
2019-05-20,647.1778770297693,679.1709329743347,647.1778770297693,676.22119140625,701411,0.0,0.0
2019-05-21,675.2567130161506,704.3567625482589,664.1385763591954,671.0874633789062,1340256,0.0,0.0
2019-05-22,669.9813917208897,674.9732027108091,655.7433498514822,663.1176147460938,561831,0.0,0.0
2019-05-23,673.8954256349764,694.2597353633398,667.7974690281876,672.0802001953125,961421,0.0,0.0
2019-05-24,671.3994886034271,698.1737688473848,671.3994886034271,691.4518432617188,964082,0.0,0.0
2019-05-27,691.4802112323338,729.2024665321193,691.4802112323338,724.7495727539062,1544578,0.0,0.0
2019-05-28,721.9416623558856,724.040531614652,706.7960660725332,716.0422973632812,541363,0.0,0.0
2019-05-29,715.8720310102914,727.2170718691784,706.966184552798,710.483154296875,633782,0.0,0.0
2019-05-30,711.2206201938095,743.1001338127232,707.9021832825457,736.9454956054688,1456962,0.0,0.0
2019-05-31,739.4413787396189,741.540247934178,710.1995332240673,721.43115234375,1337149,0.0,0.0
2019-06-03,722.0267635192172,732.5209327272131,713.3194495407952,726.1109619140625,754721,0.0,0.0
2019-06-04,726.0826339157696,726.0826339157696,714.7375918392443,718.8502197265625,608930,0.0,0.0
2019-06-06,715.8720655331766,721.4027938622506,703.3925081902051,704.3284912109375,466523,0.0,0.0
2019-06-07,703.3924534475817,718.6515883940284,697.1810750215884,710.9085693359375,762489,0.0,0.0
2019-06-10,713.6597294800644,728.1814145995818,710.7667877493914,720.3817138671875,743680,0.0,0.0
2019-06-11,720.4100563337882,725.1750231766943,715.2197123773486,720.466796875,302502,0.0,0.0
2019-06-12,717.5738391574997,724.8914230124427,709.235279390502,714.6525268554688,589566,0.0,0.0
2019-06-13,714.7375478102113,723.2463288434501,711.3624292607417,720.9773559570312,337034,0.0,0.0
2019-06-14,718.141121159299,726.0259334547155,709.0650523451999,711.27734375,319887,0.0,0.0
2019-06-17,711.3340040784018,716.9497837915491,705.2644180266318,709.4620971679688,334661,0.0,0.0
2019-06-18,711.3339636925764,723.5298756414861,705.5763329618427,714.0000610351562,443818,0.0,0.0
2019-06-19,716.9498369663124,732.8896235925793,697.1527551575118,720.0130004882812,1345754,0.0,0.0
2019-06-20,718.4247050757745,724.6077134036684,709.6606510026321,721.6864013671875,634317,0.0,0.0
2019-06-21,721.6864181965766,726.4513260219433,698.6275814611093,703.4776000976562,804029,0.0,0.0
2019-06-24,708.4978593648344,711.9013484770743,693.7776981761677,707.8455200195312,579947,0.0,0.0
2019-06-25,703.1372553566674,712.9790847274954,700.8398533368959,709.830810546875,516928,0.0,0.0
2019-06-26,715.3048093601864,717.4887303361022,708.2424995351063,710.823486328125,450037,0.0,0.0
2019-06-27,712.4685860339317,737.4276420648623,711.3908106251594,734.1376342773438,1140067,0.0,0.0
2019-06-28,738.5621417028954,748.7159855201477,729.2875993380084,743.865966796875,1766926,0.0,0.0
2019-07-01,748.7443342273724,756.6574572522424,738.0516325165107,754.700439453125,1052949,0.0,0.0
2019-07-02,758.4160012443072,760.1177457271353,746.5604714272434,752.7718505859375,976319,0.0,0.0
2019-07-03,756.1469459955895,759.3235314191461,749.7086053590036,755.4378662109375,501252,0.0,0.0
2019-07-04,755.5797644371296,772.5122759242719,753.0555179061445,770.1298217773438,1332391,0.0,0.0
2019-07-05,771.8598552567651,775.4618768798713,711.0220816281607,714.5106811523438,2564475,0.0,0.0
2019-07-08,720.4100195778196,728.0396165985809,698.9679352970692,707.561767578125,1489558,0.0,0.0
2019-07-09,709.064989560776,720.8071551297584,699.450122355658,714.7942504882812,928140,0.0,0.0
2019-07-10,712.0431918104341,721.1475722684341,682.971506371266,687.9633178710938,1332701,0.0,0.0
2019-07-11,692.8983265645415,707.3632115791723,689.0126025081408,701.0950927734375,834920,0.0,0.0
2019-07-12,703.9313949797825,705.8316722284885,692.359450886112,698.0036010742188,568695,0.0,0.0
2019-07-15,701.1235314039201,702.7969055379996,684.3328725755719,690.0621337890625,693302,0.0,0.0
2019-07-16,688.6438572270555,700.2725403241051,688.6438572270555,697.91845703125,805085,0.0,0.0
2019-07-17,698.8544917971232,706.058594149714,689.211253947942,692.444580078125,618760,0.0,0.0
2019-07-18,696.2166962654446,697.7199665734498,681.3263753615421,683.6237182617188,474027,0.0,0.0
2019-07-19,684.7582533682727,692.5295836474179,674.0088116389338,677.2705078125,468233,0.0,0.0
2019-07-22,677.1287641152691,677.2989267578916,663.1176252053999,673.5550537109375,458431,0.0,0.0
2019-07-23,672.2787021646537,691.9907306980102,669.2439091360432,683.3684692382812,753346,0.0,0.0
2019-07-24,683.3684519540249,683.3684519540249,660.3947867854574,670.8322143554688,560363,0.0,0.0
2019-07-25,675.4836411304194,680.7024139002871,662.3518048375554,664.5924072265625,482450,0.0,0.0
2019-07-26,666.7763335112589,679.6813257275487,663.7131702643953,672.9310302734375,349772,0.0,0.0
2019-07-29,673.8954002534687,682.9146686079338,659.1751823445476,662.4085083007812,440613,0.0,0.0
2019-07-30,660.4515098994563,669.9246438559082,648.9363063223664,655.0910034179688,525905,0.0,0.0
2019-07-31,652.3114967446819,659.742502246984,644.9655430721916,649.3617553710938,837312,0.0,0.0
2019-08-01,646.667257508857,653.4458638199803,625.1116350730871,635.03857421875,666992,0.0,0.0
2019-08-02,632.4576006739399,640.2573008167668,624.2891460389212,632.5142822265625,700586,0.0,0.0
2019-08-05,625.7924195389388,637.4494744929923,616.0640710937427,628.0330810546875,457228,0.0,0.0
2019-08-06,622.8994796381226,647.2061951811048,622.8994796381226,641.6471557617188,711182,0.0,0.0
2019-08-07,641.5620313473386,643.8310630919442,621.4529365745128,624.7997436523438,588981,0.0,0.0
2019-08-08,633.5638387875341,676.2211665000145,626.2462551726175,652.4533081054688,4043596,0.0,0.0
2019-08-09,654.6089150014943,673.8955107894549,652.3966234628181,661.7279663085938,1201265,0.0,0.0
2019-08-13,664.819329733754,666.2091190258537,644.7669758492067,647.8301391601562,715898,0.0,0.0
2019-08-14,647.8301697825405,665.6702333433702,643.263794869312,659.6006469726562,737903,0.0,0.0
2019-08-16,653.5310869709308,666.4077103163866,646.9793237030079,658.069091796875,593584,0.0,0.0
2019-08-19,661.9831432214189,673.8954725253091,658.636394811482,661.9547729492188,517083,0.0,0.0
2019-08-20,662.607013398616,665.2447405374019,651.2052917136906,662.4935913085938,432833,0.0,0.0
2019-08-21,660.8486075881925,662.493611325217,649.7021000144974,653.4176025390625,423867,0.0,0.0
2019-08-22,656.2821834330148,658.6930075176066,640.0588130695664,646.2418212890625,417213,0.0,0.0
2019-08-23,644.3983212093458,655.7433624910726,636.7120421751498,650.9784545898438,389267,0.0,0.0
2019-08-26,662.465296534096,669.2439629134863,644.398329273406,664.932861328125,807186,0.0,0.0
2019-08-27,668.2513063495232,693.6925390445331,668.2229360779827,678.8872680664062,1089029,0.0,0.0
2019-08-28,678.4334761758357,682.3475120586662,664.9612537812461,668.194580078125,239235,0.0,0.0
2019-08-29,665.8971114258657,676.2211173101388,658.5795873250958,667.0599975585938,341519,0.0,0.0
2019-08-30,669.3574106577042,685.8076845135719,661.4725990035147,681.978759765625,722201,0.0,0.0
2019-09-03,680.135185191729,685.1269962466101,651.0351910550582,656.7360229492188,726530,0.0,0.0
2019-09-04,657.9556862876831,664.2521762524967,644.3983530291122,662.4369506835938,421838,0.0,0.0
2019-09-05,665.755385594161,670.5486639869795,660.3097678874198,663.7132568359375,397668,0.0,0.0
2019-09-06,669.9246628356842,677.752734227559,659.6290266852916,674.0372314453125,334610,0.0,0.0
2019-09-09,671.8532604761023,695.9331305848697,669.8962427735926,691.6787109375,650705,0.0,0.0
2019-09-11,697.7200551035094,702.8820289532905,689.778502428289,694.741943359375,1188994,0.0,0.0
2019-09-12,698.8545265424794,707.363307878453,688.3887272686876,697.18115234375,952922,0.0,0.0
2019-09-13,696.5286982072113,711.2205449458471,694.0327634747687,706.9661254882812,682121,0.0,0.0
2019-09-16,700.5563079024186,713.9434190337874,698.0603728372287,704.8106689453125,601564,0.0,0.0
2019-09-17,703.3924052873173,717.5737049701632,701.1234327271684,705.1792602539062,719518,0.0,0.0
2019-09-18,709.0650122726771,714.6808512835829,701.747487868982,707.6469116210938,571210,0.0,0.0
2019-09-19,703.7044996572986,707.3632618277483,695.8196878751531,700.1024780273438,487114,0.0,0.0
2019-09-20,704.016534388846,757.2814529292083,697.2094977663087,753.1688842773438,1735551,0.0,0.0
2019-09-23,765.7902047746776,828.4715736878226,765.7902047746776,819.70751953125,1956386,0.0,0.0
2019-09-24,819.6791174866204,847.3610682222461,806.4621700709583,814.1768188476562,1353861,0.0,0.0
2019-09-25,807.7953091321505,836.7251420609738,807.7953091321505,818.2611083984375,1925386,0.0,0.0
2019-09-26,822.1750567150691,850.8779833924833,817.949007281326,845.092041015625,1853964,0.0,0.0
2019-09-27,843.5037909928927,862.2230977304066,838.1432842294773,856.01171875,1596771,0.0,0.0
2019-09-30,856.0117673858443,866.6477296843894,838.4836571634858,859.9825439453125,1405490,0.0,0.0
2019-10-01,861.5991967541977,887.7495113019013,858.309129730444,875.4118041992188,1926516,0.0,0.0
2019-10-03,875.269930468822,880.3751636995335,851.1900583220387,865.4281005859375,1085902,0.0,0.0
2019-10-04,865.6266004800113,882.8994353450748,865.6266004800113,869.8242797851562,1244285,0.0,0.0
2019-10-07,866.7611460261244,884.9131649730507,847.0207457958412,863.0172729492188,1417171,0.0,0.0
2019-10-09,863.0172498076167,904.7669630442616,859.6704426503679,900.90966796875,1806085,0.0,0.0
2019-10-10,899.6617093191271,906.8658113865199,881.6230543901597,891.8903198242188,1363396,0.0,0.0
2019-10-11,891.8903143640881,904.7669367367102,887.7777459580993,892.9964599609375,865619,0.0,0.0
2019-10-14,896.3149623683788,910.1559389860261,890.3871681424534,892.6845703125,988462,0.0,0.0
2019-10-15,895.5207583121281,905.0505735521976,892.8546607922508,903.065185546875,822695,0.0,0.0
2019-10-16,904.7669418805599,917.8137859436791,903.065197562455,913.9848022460938,1020535,0.0,0.0
2019-10-17,913.3892667814026,925.9822463856351,912.368231916205,920.3948364257812,1461498,0.0,0.0
2019-10-18,922.096497936385,939.3693321679569,919.0617049033747,935.2283935546875,852815,0.0,0.0
2019-10-22,935.9657939249445,960.6412632179448,933.6684509165513,950.1470947265625,1009869,0.0,0.0
2019-10-23,950.1470723571429,974.2269423746593,941.2412262801308,949.1260375976562,1330491,0.0,0.0
2019-10-24,949.2962747677778,953.5223244622871,920.6500868608717,925.301513671875,981591,0.0,0.0
2019-10-25,923.4863758430685,925.3015423941587,903.3489092779963,919.2886962890625,1010588,0.0,0.0
2019-10-27,924.0535009265733,930.2932495250391,916.1119490904829,921.103759765625,66603,0.0,0.0
2019-10-29,923.4296398278374,943.311833027102,921.2457187160002,930.832275390625,803740,0.0,0.0
2019-10-30,938.6036465972179,947.8782486414774,931.1726404453393,936.703369140625,543980,0.0,0.0
2019-10-31,940.8442460925199,951.2533044782448,934.9448222018666,939.4260864257812,771504,0.0,0.0
2019-11-01,945.2971438895247,960.5845314399704,942.6310463384991,948.246826171875,758637,0.0,0.0
2019-11-04,953.0400914575746,962.4564845877414,942.8011964501634,954.9403686523438,894486,0.0,0.0
2019-11-05,952.6997402483057,956.4152427111376,930.4067254713146,951.5084838867188,750460,0.0,0.0
2019-11-06,952.9833220440868,969.4052837315073,941.6950223303097,954.5432739257812,1004564,0.0,0.0
2019-11-07,956.7840149203322,964.3000722716044,941.0711316864498,944.5029907226562,1106939,0.0,0.0
2019-11-08,949.5515655342316,954.6852280606303,930.4068227959315,935.114990234375,1633856,0.0,0.0
2019-11-11,934.2640331851014,955.7061761347534,930.2932572341514,950.2605590820312,1000324,0.0,0.0
2019-11-13,958.0886294520539,961.4921179901892,921.2172480342471,927.2017822265625,1436083,0.0,0.0
2019-11-14,927.4571123177395,936.0510045226133,912.2831453841834,914.6939697265625,992682,0.0,0.0
2019-11-15,915.1477139376096,920.7634939368779,887.5225023393099,893.875732421875,1695686,0.0,0.0
2019-11-18,893.7055634847272,906.2985424797671,876.9149051640571,881.8499755859375,1889785,0.0,0.0
2019-11-19,881.5379274489527,901.930605231641,876.7162796351615,895.6908569335938,1447055,0.0,0.0
2019-11-20,890.5856985484633,906.4404335586439,854.2816011465304,875.3833618164062,3862178,0.0,0.0
2019-11-21,878.106127748952,880.1481973018373,864.548796019185,875.3549194335938,1472822,0.0,0.0
2019-11-22,875.3833610931666,875.837167471228,834.0307120016852,844.9503173828125,2495932,0.0,0.0
2019-11-25,847.4744737985988,866.5625329769234,846.0846845405698,863.130615234375,1740023,0.0,0.0
2019-11-26,867.8955763648605,874.7877235624939,829.4075596227966,847.4177856445312,12984234,0.0,0.0
2019-11-27,839.4196368592025,841.8020909888936,821.3810387395821,836.2713623046875,1947623,0.0,0.0
2019-11-28,840.1002642859629,847.4177886152402,831.421320878078,843.418701171875,811602,0.0,0.0
2019-11-29,843.0782557902994,849.743499349113,828.7835334468019,833.973876953125,683525,0.0,0.0
2019-12-02,833.9172133640623,844.6382856018636,829.9464371305281,841.0645751953125,452714,0.0,0.0
2019-12-03,838.455178974605,847.1908626883409,831.5914611891549,837.9163208007812,651337,0.0,0.0
2019-12-04,837.2639589148783,852.9768410670499,828.2162614637376,842.822998046875,1166694,0.0,0.0
2019-12-05,843.503775086383,847.9850982586732,833.378360506017,838.994140625,420351,0.0,0.0
2019-12-06,841.631940535352,845.0070593589087,826.1459589769067,836.7819213867188,488441,0.0,0.0
2019-12-09,839.5329341582764,842.3691942702362,829.9463785187628,836.583251953125,346434,0.0,0.0
2019-12-10,838.3984397203889,844.5530772918197,828.1878565895125,830.88232421875,269439,0.0,0.0
2019-12-11,832.44234282035,850.2540357201542,824.585901442449,846.9072875976562,615562,0.0,0.0
2019-12-12,850.3107492830734,854.7920131446923,835.7607531399336,843.95751953125,629571,0.0,0.0
2019-12-13,847.3043820810519,850.3108050318164,808.1355959633889,841.8587646484375,603170,0.0,0.0
2019-12-16,841.8020099890397,861.37218809337,841.0929301783999,847.1058349609375,1599209,0.0,0.0
2019-12-17,848.6658481841649,853.6009189807667,839.7032603951149,848.0701904296875,666671,0.0,0.0
2019-12-18,849.5166351321337,859.5569973510293,846.9072781252727,852.8067016601562,763750,0.0,0.0
2019-12-19,852.2394177507158,871.8663359220338,849.1762543837772,866.5908813476562,1297924,0.0,0.0
2019-12-20,870.5050490132412,879.1840525249046,860.2945225674789,873.823486328125,1744662,0.0,0.0
2019-12-23,873.0008319400363,883.7786440183205,864.6338439194533,869.7391357421875,849627,0.0,0.0
2019-12-24,872.4337069541515,877.6524214895074,868.0658646598337,871.1290283203125,339174,0.0,0.0
2019-12-26,871.3841555662506,874.3338968241358,859.9540630192995,863.2157592773438,454170,0.0,0.0
2019-12-27,866.5908601160763,870.7034874286975,862.3648696916785,866.052001953125,321117,0.0,0.0
2019-12-30,868.2075453440633,876.4043116685342,858.6493600163367,861.2303466796875,677794,0.0,0.0
2019-12-31,859.386791190879,864.4920832004867,846.7370717376104,849.006103515625,563043,0.0,0.0
2020-01-01,849.0060843909614,855.3593142444396,843.5604672282442,845.91455078125,269439,0.0,0.0
2020-01-02,850.3107958700091,861.5990964400356,842.7096277628276,858.6494140625,576388,0.0,0.0
2020-01-03,859.9540280660378,860.8049001873044,846.7087106679816,857.2028198242188,542930,0.0,0.0
2020-01-06,845.26219149899,853.5156983644777,827.9326759046999,836.4130859375,428855,0.0,0.0
2020-01-07,839.5046025342738,849.3747426585846,836.6966537772488,842.4542846679688,319066,0.0,0.0
2020-01-08,834.1724865839716,841.2347965827934,829.9464368966104,835.6189575195312,366334,0.0,0.0
2020-01-09,856.2102661132812,857.6000555481353,842.964947001647,856.2102661132812,355794,0.0,0.0
2020-01-10,857.6850473523083,869.0300882853479,852.4947035116313,856.6923828125,1223283,0.0,0.0
2020-01-13,857.6849900294245,861.2019595614341,844.9502195917743,851.8990478515625,573424,0.0,0.0
2020-01-14,852.579793386149,860.5212864551604,851.1900040826939,857.1177978515625,513322,0.0,0.0
2020-01-15,855.3026488988315,863.3576237647068,850.906436405125,855.5579223632812,791486,0.0,0.0
2020-01-16,856.550546710826,877.4254625068892,856.550546710826,870.9871215820312,1198351,0.0,0.0
2020-01-17,871.866374033454,906.2985636561413,871.866374033454,900.7962646484375,1773349,0.0,0.0
2020-01-20,904.7103171530545,912.7085513396693,896.5702316097875,902.9234619140625,777998,0.0,0.0
2020-01-21,902.8949900818259,913.8429644912466,893.4785972789984,898.0166015625,991360,0.0,0.0
2020-01-22,900.7962835497783,904.7670008903807,888.033082367864,894.9251708984375,399226,0.0,0.0
2020-01-23,895.3221673758227,904.6534491086996,890.1034537510236,897.7896728515625,601261,0.0,0.0
2020-01-24,897.9599361228732,923.4295364929459,897.9599361228732,921.756103515625,1151283,0.0,0.0
2020-01-27,924.0535459390159,929.7260663891578,879.5526247771077,883.2681274414062,1672517,0.0,0.0
2020-01-28,884.1189882422109,893.6771738712438,851.4736552947018,854.7353515625,1164200,0.0,0.0
2020-01-29,858.2523696062924,873.227803011973,845.375746445267,866.8745727539062,1068166,0.0,0.0
2020-01-30,867.8955352951656,870.3914701457529,852.8633625996634,856.4370727539062,606051,0.0,0.0
2020-01-31,859.386888791322,864.662344037951,840.837743590442,851.0199584960938,569443,0.0,0.0
2020-02-03,811.751754848648,834.5950428386845,809.3788092055619,821.8154296875,750041,7.0,0.0
2020-02-04,827.1616544027023,851.8633087299885,827.0759211028892,844.7730102539062,497935,0.0,0.0
2020-02-05,850.2622485123867,862.641673091123,846.2596568820697,856.3519287109375,465857,0.0,0.0
2020-02-06,858.8391751086076,869.7033435180588,854.1218818517925,864.0711059570312,458329,0.0,0.0
2020-02-07,863.4135553227582,866.2725408021529,849.4331418939258,861.75537109375,351335,0.0,0.0
2020-02-10,861.1263572105719,861.1263572105719,840.85614112312,843.94384765625,398468,0.0,0.0
2020-02-11,847.6891590925271,870.2751263883245,834.880889963724,854.6936645507812,2387393,0.0,0.0
2020-02-12,851.977679451844,851.977679451844,805.8050633529671,814.0675659179688,2839660,0.0,0.0
2020-02-13,817.6698600678645,829.1058029982464,807.2917900166406,812.1234741210938,1227266,0.0,0.0
2020-02-14,816.1831208251072,821.6437729256436,796.5133342297491,799.3151245117188,887901,0.0,0.0
2020-02-17,804.2611688939071,804.2611688939071,785.8207209803128,790.6524047851562,924976,0.0,0.0
2020-02-18,788.8797714206996,799.8868679616028,778.8447548670695,797.1422729492188,477985,0.0,0.0
2020-02-19,801.945438112084,814.8108436977943,800.4587798560998,813.0382690429688,513920,0.0,0.0
2020-02-20,809.3500386060066,817.8126629982471,805.5190330745363,807.777587890625,459567,0.0,0.0
2020-02-24,803.3748059036257,811.5229169413668,782.3040956423562,785.5347900390625,492104,0.0,0.0
2020-02-25,790.2235599245814,803.3463434579352,780.5029971456344,790.6524047851562,839636,0.0,0.0
2020-02-26,786.8785402833093,799.1722317730067,766.2080751568114,769.8676147460938,944966,0.0,0.0
2020-02-27,770.7825267771472,779.3594838098034,754.0288600048927,773.2984008789062,1158535,0.0,0.0
2020-02-28,763.2920106600723,769.0385798263272,735.5884401420889,745.4805297851562,1389784,0.0,0.0
2020-03-02,754.7721040866783,775.1853090805414,741.6207828249552,749.4258422851562,711683,0.0,0.0
2020-03-03,754.2861651971785,779.2164818042321,743.9937693803678,775.6141967773438,947310,0.0,0.0
2020-03-04,782.7901575968735,782.7901575968735,749.425815614936,762.6914672851562,828942,0.0,0.0
2020-03-05,763.9780654952,773.6414325196098,754.7720814338551,763.5777587890625,786116,0.0,0.0
2020-03-06,743.9080726061678,767.7805770001673,737.9327822473722,765.6363525390625,649751,0.0,0.0
2020-03-09,751.798768926865,754.7435470724093,725.153015519501,735.674072265625,982224,0.0,0.0
2020-03-11,729.0412126203388,740.5057517259637,720.7501728526814,735.102294921875,1364345,0.0,0.0
2020-03-12,717.6053211688163,719.3207600804704,657.5952215700761,674.863525390625,1332278,0.0,0.0
2020-03-13,618.7987753001279,737.6181641753079,573.6553803671454,693.9614868164062,984905,0.0,0.0
2020-03-16,666.1436130067325,677.0363196792663,651.5341717225937,656.5659790039062,1154045,0.0,0.0
2020-03-17,659.2820583300391,690.6165091553678,643.300289213107,649.5328979492188,794612,0.0,0.0
2020-03-18,654.1359002059997,668.087776746583,620.0281950516364,639.2406005859375,1015965,0.0,0.0
2020-03-19,620.9716110205669,661.4548494270191,595.4694633875248,636.5244750976562,647109,0.0,0.0
2020-03-20,640.7271596264493,674.0343650184669,620.399808098069,668.7452392578125,796670,0.0,0.0
2020-03-23,620.399817276473,661.8264772963832,542.0064120946186,569.5384521484375,534676,0.0,0.0
2020-03-24,566.6508990640456,611.7656983185801,566.6508990640456,582.546875,545499,0.0,0.0
2020-03-25,582.5468975078312,609.9073545647115,577.6008232974605,599.9581298828125,641717,0.0,0.0
2020-03-26,611.822933900471,651.2769005073699,611.7657387288679,623.6019287109375,563046,0.0,0.0
2020-03-27,656.4231278539058,667.1729073284338,589.7229718915335,597.0419921875,569116,0.0,0.0
2020-03-30,593.7826983214786,625.2886746206276,583.6046932666375,618.0840454101562,608838,0.0,0.0
2020-03-31,626.1177982935425,653.5640460538793,622.6297849987193,636.6388549804688,1457289,0.0,0.0
2020-04-01,637.5536788979264,643.1572587916681,609.0209635321366,620.5140991210938,482843,0.0,0.0
2020-04-03,626.8611528451299,626.8611528451299,596.9561643218499,601.1016845703125,477753,0.0,0.0
2020-04-07,624.4024244936033,641.3848125004095,612.1659871957155,636.5817260742188,402450,0.0,0.0
2020-04-08,635.2379035352093,671.8615362339605,624.9741660697254,632.2645874023438,621215,0.0,0.0
2020-04-09,638.1254569991663,674.7204904314576,637.5536837551485,660.1396484375,842728,0.0,0.0
2020-04-13,669.002639217121,689.015538680881,643.271768478001,676.5789184570312,1132224,0.0,0.0
2020-04-15,677.5794602732897,716.7189640218987,677.5794602732897,682.2967529296875,1289314,0.0,0.0
2020-04-16,676.5503085508371,702.1668479360751,669.83171917914,691.87451171875,1208220,0.0,0.0
2020-04-17,711.8872820872219,711.8872820872219,674.8920585839726,684.812744140625,664452,0.0,0.0
2020-04-20,690.4449385318187,693.018007533721,669.5743512338213,673.4911499023438,432879,0.0,0.0
2020-04-21,656.9948479963623,670.0890340060415,656.9948479963623,662.8272094726562,310368,0.0,0.0
2020-04-22,659.8538366147343,663.1702646460174,634.694799167254,647.0170288085938,1245794,0.0,0.0
2020-04-23,648.9896929659227,685.95632049256,648.9896929659227,668.4021606445312,1779795,0.0,0.0
2020-04-24,662.7128359866019,688.2721807000291,648.989740580903,655.2222900390625,1318004,0.0,0.0
2020-04-27,663.8563531833822,672.3475162131501,651.2768061562053,654.5646362304688,486756,0.0,0.0
2020-04-28,662.0837656844078,679.7237168649602,648.98964080919,651.90576171875,902510,0.0,0.0
2020-04-29,656.4230188912825,656.4230188912825,636.4672573215719,644.5010375976562,895569,0.0,0.0
2020-04-30,656.4229797016824,674.1486638810339,647.8174266559967,651.7056274414062,1039069,0.0,0.0
2020-05-04,634.6948197301774,634.6948197301774,610.6793281738231,626.3751220703125,997080,0.0,0.0
2020-05-05,633.5511982768144,641.9851671675063,607.9060611287209,611.679931640625,690784,0.0,0.0
2020-05-06,611.4797810306425,628.4049726902655,594.3830633222341,600.186767578125,1037259,0.0,0.0
2020-05-07,600.3298012716256,614.0528969462463,597.5280107463761,603.131591796875,568836,0.0,0.0
2020-05-08,608.6208475348528,613.1094794971475,592.4961490286092,596.5845336914062,537518,0.0,0.0
2020-05-11,604.0464657994988,605.4187931784539,581.8035491530824,589.0081787109375,978421,0.0,0.0
2020-05-12,586.7209786101321,592.0387021844417,569.6813969966444,580.5169677734375,927820,0.0,0.0
2020-05-13,600.3869219857794,607.2484392449272,586.0919952718323,597.3849487304688,919832,0.0,0.0
2020-05-14,577.5150362727901,617.5408308659538,566.8223942840107,599.90087890625,2900407,0.0,0.0
2020-05-15,601.1874501817848,622.9443256983305,594.697522768055,619.0275268554688,2088955,0.0,0.0
2020-05-18,620.3140289455877,620.3998216934197,566.0790999783276,570.1102294921875,1227416,0.0,0.0
2020-05-19,591.7813720979395,595.2979234971497,572.5117739045606,583.718994140625,1966195,0.0,0.0
2020-05-20,583.5474499208926,594.6689365168935,574.3415256695881,584.833984375,910101,0.0,0.0
2020-05-21,586.0920710809633,592.6677322744763,577.8581660687498,584.2337036132812,1097651,0.0,0.0
2020-05-22,581.5175700088055,589.98019514484,572.597561916909,580.3740234375,902873,0.0,0.0
2020-05-26,583.2329530889483,594.0970606601054,580.3739680247868,584.3479614257812,834871,0.0,0.0
2020-05-27,586.0920241341732,587.4642919809206,577.8009246136819,582.546875,856416,0.0,0.0
2020-05-28,585.9776527750712,614.6247037064278,583.8334284565549,612.6806030273438,1528372,0.0,0.0
2020-05-29,612.68058182311,628.2906413396502,606.1049211709442,622.8013916015625,2199248,0.0,0.0
2020-06-01,631.8358178411337,655.8512493267478,629.948852860839,643.5576171875,1242670,0.0,0.0
2020-06-02,644.5296439572746,652.42043642915,630.5777692178789,634.4945678710938,913327,0.0,0.0
2020-06-03,643.2718188430782,655.2795356797046,635.8384080395583,645.130126953125,1349215,0.0,0.0
2020-06-04,643.2717105755573,650.1332279248159,631.3497290541258,636.6388549804688,1052675,0.0,0.0
2020-06-05,639.783735635081,667.859012992988,639.783735635081,657.9097290039062,2231351,0.0,0.0
2020-06-08,668.7738127596165,671.7185312358816,642.8999581643521,646.673828125,1212377,0.0,0.0
2020-06-09,648.9896720396284,656.6803408189319,638.6686796718376,641.985107421875,597789,0.0,0.0
2020-06-10,639.2691170582316,645.5588610925942,624.8312022894459,630.14892578125,671406,0.0,0.0
2020-06-11,631.6070467653136,636.9247108110069,609.0782158468495,611.2510375976562,734240,0.0,0.0
2020-06-12,586.4064462463106,616.8546667185244,586.2921153714142,611.0509033203125,618753,0.0,0.0
2020-06-15,608.7923068988955,617.5408486289313,594.0971325916535,599.7293701171875,703736,0.0,0.0
2020-06-16,610.6792978255022,610.6792978255022,582.7470085796043,590.494873046875,1161290,0.0,0.0
2020-06-17,588.3792020144613,595.7554169829914,583.8048369359642,587.5501098632812,828596,0.0,0.0
2020-06-18,586.6065692003123,603.131512687129,585.2628395588191,596.4986572265625,832489,0.0,0.0
2020-06-19,597.5280004329135,614.4531930909218,597.5280004329135,610.0503540039062,1280919,0.0,0.0
2020-06-22,610.1073597604618,628.9195134225157,610.1073597604618,619.7421875,873430,0.0,0.0
2020-06-23,631.8357788494343,637.3821641988116,620.399837150802,629.7200927734375,829155,0.0,0.0
2020-06-24,637.5537782374195,647.2742815528253,622.1724395315139,625.717529296875,1154522,0.0,0.0
2020-06-25,626.1178002110685,644.100804633935,619.6278730560689,634.7518920898438,1087476,0.0,0.0
2020-06-26,645.5589388152216,645.5589388152216,633.5798201794668,638.3543090820312,984488,0.0,0.0
2020-06-29,637.4965516353675,638.0969225191202,624.7740754716143,628.5193481445312,492003,0.0,0.0
2020-06-30,631.1210048314468,644.4152540865796,624.9741892658022,627.0612182617188,936971,0.0,0.0
2020-07-01,627.0612539949284,634.180149961779,618.9417398472141,626.0892333984375,817424,0.0,0.0
2020-07-02,631.4927131764442,637.2678796119222,621.3433052634766,625.8605346679688,864041,0.0,0.0
2020-07-03,630.1203272269822,659.682260888108,626.9182897763824,657.1091918945312,3237140,0.0,0.0
2020-07-06,671.7472267650099,679.2949677868497,660.4256746866893,664.5997924804688,5129423,0.0,0.0
2020-07-07,670.6321810500882,674.7205653163509,662.1696150454777,670.5464477539062,1610429,0.0,0.0
2020-07-08,669.0025918155509,679.1805371573461,651.1339179825095,661.2833251953125,1630873,0.0,0.0
2020-07-09,666.7153791193705,668.7166748676906,652.191730743175,654.4789428710938,1032811,0.0,0.0
2020-07-10,657.5666938786977,662.1410589887051,646.4452059062405,650.6193237304688,792293,0.0,0.0
2020-07-13,653.7928015130162,657.4236840035826,641.3847793414719,653.9357299804688,1033135,0.0,0.0
2020-07-14,653.5641025033636,666.143651154246,643.2717661360743,646.588134765625,1393536,0.0,0.0
2020-07-15,654.1358253461477,666.1435997263217,649.0182254157245,661.6549682617188,1711907,0.0,0.0
2020-07-16,663.856485106864,670.1462301431529,651.3055331671842,663.4562377929688,1019074,0.0,0.0
2020-07-17,663.4561605065293,667.2871665840433,648.9897069901608,662.6842041015625,1222232,0.0,0.0
2020-07-20,665.8004787083705,679.1519231251784,663.3989357573978,674.7490844726562,1868359,0.0,0.0
2020-07-21,685.0128829612322,685.2702017518612,670.1461233602287,674.1201171875,1643962,0.0,0.0
2020-07-22,674.1201938294494,678.3515069284153,661.7408279789485,671.804443359375,951563,0.0,0.0
2020-07-23,671.8044558021387,675.5211313301747,664.4282404647563,667.3444213867188,674775,0.0,0.0
2020-07-24,666.029262029264,673.5770031244663,656.4230893295082,663.9136352539062,1005777,0.0,0.0
2020-07-27,661.0832237898856,663.1988504903035,639.3262886046604,649.904541015625,1470062,0.0,0.0
2020-07-28,651.7914288054054,655.7940199662669,642.0136720968562,653.4782104492188,670791,0.0,0.0
2020-07-29,652.2775913356669,658.8246549829346,646.9884647623727,656.8805541992188,1113167,0.0,0.0
2020-07-30,662.5984858512281,663.7420325109877,649.8474114504114,653.2495727539062,1033389,0.0,0.0
2020-07-31,651.8487007581316,666.1436284063362,648.9897152284906,664.456787109375,874540,0.0,0.0
2020-08-03,666.0863991425656,671.0610111168187,655.2794260700791,657.366455078125,1065946,0.0,0.0
2020-08-04,660.5972683443717,674.7206717568879,658.7389007566427,669.4600830078125,1245679,0.0,0.0
2020-08-05,673.9772246946058,677.4079835409158,666.5152766403315,669.116943359375,986934,0.0,0.0
2020-08-06,669.7745360574908,674.8063436441545,661.4834955463967,662.9701538085938,554710,0.0,0.0
2020-08-07,662.1410340140588,666.029235292744,653.049439853187,658.9103393554688,996912,0.0,0.0
2020-08-10,653.5640801476895,658.7102184280868,640.8701415896141,647.4458618164062,1513038,0.0,0.0
2020-08-11,650.7050928961717,670.7179915495523,644.4438866596,662.3125610351562,1755093,0.0,0.0
2020-08-12,659.8537608903199,675.2922931513972,649.9044779382443,670.6893310546875,1380423,0.0,0.0
2020-08-13,675.2923938429077,677.0077733600416,663.2846777685294,673.6913452148438,1519478,0.0,0.0
2020-08-14,677.5795982875737,723.8951419836826,672.3762051704985,692.9609375,9265004,0.0,0.0
2020-08-17,699.7081079241357,712.4591824157899,692.7321997594921,702.7100219726562,2589613,0.0,0.0
2020-08-18,703.6248444556531,714.0029724818771,703.1674020472927,711.0867919921875,1249266,0.0,0.0
2020-08-19,712.7735918120036,716.8047808426235,697.5924370213969,699.7652587890625,895988,0.0,0.0
2020-08-20,694.619050720847,705.4260236830438,690.416335710302,695.533935546875,1039610,0.0,0.0
2020-08-21,706.9698550044584,713.7170412051928,698.7359512803899,706.28369140625,1229103,0.0,0.0
2020-08-24,711.1153930381474,722.179684730803,698.7931644435901,701.1375122070312,1512020,0.0,0.0
2020-08-25,703.8821860755432,709.4000332827569,698.1642152399843,703.4247436523438,627158,0.0,0.0
2020-08-26,704.454045919628,708.9998731268246,699.650959340408,704.7113647460938,727189,0.0,0.0
2020-08-27,709.600159926511,711.8873125977927,693.1610085680302,694.7334594726562,994900,0.0,0.0
2020-08-28,695.8198594499726,707.3129367016545,695.8198594499726,698.25,899901,0.0,0.0
2020-08-31,700.4513928496272,703.2531829628733,655.9083701295515,663.1987915039062,2229294,0.0,0.0
2020-09-01,668.4308109597605,678.7231474344701,653.3639856794639,673.4340209960938,1030776,0.0,0.0
2020-09-02,678.4944375780448,686.1565692092788,673.2911038093844,683.8407592773438,935591,0.0,0.0
2020-09-03,685.2986902790565,698.4786077228488,682.2967766660066,696.3057861328125,860135,0.0,0.0
2020-09-04,686.728293964021,705.7977100251671,686.1850587749249,697.0206298828125,1168401,0.0,0.0
2020-09-07,697.592446256517,702.6527916174211,688.6151832364804,700.2798461914062,666186,0.0,0.0
2020-09-08,700.4514088360573,702.2811190260429,684.4982385212543,690.302001953125,947568,0.0,0.0
2020-09-09,686.1564671730546,687.1570852665209,672.2903855928776,685.1843872070312,518157,0.0,0.0
2020-09-10,686.5853561869706,698.7359998177913,684.1837536991991,696.1915283203125,587085,0.0,0.0
2020-09-11,693.5898547559614,705.5117770528987,692.0745990151462,700.2798461914062,968522,0.0,0.0
2020-09-14,706.1694043043209,710.1719363603111,694.8477934137825,706.4552612304688,1026641,0.0,0.0
2020-09-15,713.0310090125213,750.0834934176384,705.283203295565,707.7418823242188,5700105,0.0,0.0
2020-09-16,711.772951237272,724.5812196839066,702.0237917187563,717.9483642578125,1296324,0.0,0.0
2020-09-17,714.6891922837137,720.2070397457493,707.5988938511163,717.6339111328125,673504,0.0,0.0
2020-09-18,719.0347966428874,724.4668510534882,708.1134926556703,718.6631469726562,943934,0.0,0.0
2020-09-21,719.0061819370824,720.4071067444904,702.1667839380249,711.0867919921875,904406,0.0,0.0
2020-09-22,710.7437633646578,713.4597608676771,684.2981333718704,695.6768798828125,774520,0.0,0.0
2020-09-23,697.7925155980374,714.4603869046842,697.5923919840228,703.6248168945312,1606454,0.0,0.0
2020-09-24,698.2214608874,700.3370876568298,682.4970102255287,692.70361328125,956752,0.0,0.0
2020-09-25,696.1057713368406,701.4520928599482,678.1227655193098,690.559326171875,1048787,0.0,0.0
2020-09-28,696.0486234108497,723.8665225943743,692.9323190424684,712.3447875976562,797014,0.0,0.0
2020-09-29,714.7462905039765,730.5850708081437,706.7411670571032,720.4928588867188,979092,0.0,0.0
2020-09-30,725.3532260910333,734.7592754982012,715.9185790973969,723.0374755859375,1590769,0.0,0.0
2020-10-01,727.440345157018,730.1849406647445,717.6625861723402,721.1791381835938,495511,0.0,0.0
2020-10-05,725.496223321537,736.474723944088,721.0933840377825,730.9854736328125,963249,0.0,0.0
2020-10-06,735.9027971052163,741.0489946259328,724.9242978851607,729.7559814453125,743993,0.0,0.0
2020-10-07,734.1874630122886,734.1874630122886,720.464308413972,729.298583984375,575167,0.0,0.0
2020-10-08,731.9002401033766,742.764408956713,725.2388459958332,739.9340209960938,1063709,0.0,0.0
2020-10-09,738.8189656924035,742.3641146784535,728.1835187342534,734.2160034179688,1204752,0.0,0.0
2020-10-12,732.7865199572293,736.6175855196483,718.034209392307,720.20703125,587388,0.0,0.0
2020-10-13,722.9230425339368,722.9230425339368,698.2785833513486,704.5969848632812,795978,0.0,0.0
2020-10-14,701.5949588727102,708.1992168293986,695.2480197053428,706.0549926757812,679562,0.0,0.0
2020-10-15,706.2266039387057,713.4312336369145,700.88034170084,707.9705810546875,894762,0.0,0.0
2020-10-16,714.1745783452352,725.4675924504089,701.2519775007663,723.5806274414062,1625693,0.0,0.0
2020-10-19,726.1821465470489,733.6155552743857,718.577271250334,730.0418090820312,627414,0.0,0.0
2020-10-20,729.1270962855933,742.0210999621279,726.3825008942109,736.3317260742188,872949,0.0,0.0
2020-10-21,739.9911918299889,746.138007577192,732.6721724278597,738.0184936523438,1060161,0.0,0.0
2020-10-22,731.9002027645757,743.0502874399227,724.23813140718,728.5552368164062,657944,0.0,0.0
2020-10-23,728.4695055702666,738.1328734684677,726.1822932759541,731.3284912109375,718315,0.0,0.0
2020-10-26,733.5870565693834,736.4174444341626,720.7501899081993,730.8995971679688,763818,0.0,0.0
2020-10-27,734.4447335243945,734.4447335243945,714.3460429838179,724.2095336914062,783694,0.0,0.0
2020-10-28,724.2095447482778,739.9053968252977,714.1745278435294,735.2452392578125,1146854,0.0,0.0
2020-10-29,733.0438560461171,740.1341545622649,724.7528156902956,737.0464477539062,713290,0.0,0.0
2020-10-30,737.0464556772355,751.3127861631933,718.7489358552408,724.895751953125,1575064,0.0,0.0
2020-11-02,726.182201950044,737.6181430745239,721.4363113542464,733.8157348632812,415243,0.0,0.0
2020-11-03,735.8742724340472,754.2003903512581,733.8730359573852,746.9671630859375,713475,0.0,0.0
2020-11-04,751.3699799012959,764.8358157931959,744.8800522475892,760.8046264648438,918511,0.0,0.0
2020-11-05,766.7799099955527,773.984539399563,756.4875737820468,761.4907836914062,811169,0.0,0.0
2020-11-06,760.4900633007018,768.7811626480917,754.8006900362343,760.375732421875,785269,0.0,0.0
2020-11-09,759.3465158061608,774.3847422564836,758.7460854661085,771.5257568359375,631104,0.0,0.0
2020-11-10,776.9579200978496,786.30677388411,772.3263598551474,776.3003540039062,1011391,0.0,0.0
2020-11-11,778.3015943756776,791.2813902644247,773.7844244503892,783.3619995117188,658549,0.0,0.0
2020-11-12,783.9052262521195,808.5210879838104,781.9325279815696,803.5750732421875,1268634,0.0,0.0
2020-11-13,796.5132798579351,799.8868432176643,775.4997055415088,783.4476928710938,760600,0.0,0.0
2020-11-14,789.0227239634486,791.0240195588486,778.3014848192847,782.9330444335938,78255,0.0,0.0
2020-11-17,789.0799273442793,806.8056728653179,780.8174849319756,804.861572265625,588910,0.0,0.0
2020-11-18,804.5185092078209,819.3852701655278,792.6251242234313,815.4970092773438,1265162,0.0,0.0
2020-11-19,815.2682711516063,825.6749976608702,806.4625932101764,816.2975463867188,943355,0.0,0.0
2020-11-20,816.3262127824798,820.5288690138385,809.3502445903936,814.9824829101562,623009,0.0,0.0
2020-11-23,818.9849152391361,818.9849152391361,795.9415054830641,799.8869018554688,768956,0.0,0.0
2020-11-24,799.8869461807615,807.3774920775593,791.8246269413476,796.341796875,987249,0.0,0.0
2020-11-25,797.656853618795,808.4638265711499,776.5004095811165,780.0740966796875,968762,0.0,0.0
2020-11-26,803.374924271477,877.079584126964,798.3145189751714,867.2446899414062,16340126,0.0,0.0
2020-11-27,871.9905500348187,877.5941903585198,852.4350932537754,865.3862915039062,4639230,0.0,0.0
2020-12-01,858.2102130660151,883.4264445183015,852.0633973217743,867.7306518554688,1706573,0.0,0.0
2020-12-02,866.95871496892,868.9886083584355,852.4922613476647,861.6409912109375,822677,0.0,0.0
2020-12-03,866.9587293704816,886.2283289172128,859.8112951937765,877.2796630859375,1609994,0.0,0.0
2020-12-04,879.4238915540715,889.1443942886802,864.5571318959954,874.134765625,754181,0.0,0.0
2020-12-07,873.9917868913462,889.1444036286695,869.7033385007995,878.6805419921875,675935,0.0,0.0
2020-12-08,878.6805462305144,885.4849279762552,869.7605378624905,879.5668334960938,460968,0.0,0.0
2020-12-09,882.3400475340901,908.5569570073156,880.5960705440409,894.8338623046875,2233058,0.0,0.0
2020-12-10,898.0645161446405,898.5790943044786,871.9905345952913,878.8521118164062,529479,0.0,0.0
2020-12-11,883.2263929762568,884.9703700811364,868.3024960341013,878.1373901367188,679584,0.0,0.0
2020-12-14,881.1393622126103,889.1444864386622,872.3050863599867,883.112060546875,509470,0.0,0.0
2020-12-15,883.1120236946105,890.1165293955229,874.3635409646362,878.5376586914062,1031222,0.0,0.0
2020-12-16,885.1418497466275,886.0852726965779,876.5648937230081,881.6824340820312,278320,0.0,0.0
2020-12-17,881.1393172635978,893.7188654964698,868.0737290048081,872.73388671875,989850,0.0,0.0
2020-12-18,872.7339029628464,890.2880637559143,870.5896786373437,879.9957275390625,703862,0.0,0.0
2020-12-21,882.1685617020934,897.1496535126329,824.0453667001495,844.2869873046875,1564059,0.0,0.0
2020-12-22,843.1433742766225,866.9586804479476,824.1310946105511,862.2985229492188,701639,0.0,0.0
2020-12-23,865.1290339620351,888.4583018487492,857.1238504697897,885.4849853515625,649647,0.0,0.0
2020-12-24,883.4264640663515,889.144435092376,867.9879898596349,886.7142944335938,733125,0.0,0.0
2020-12-28,887.7149426568734,902.2957861265659,880.6818397169287,899.408203125,778217,0.0,0.0
2020-12-29,899.4082550924003,905.1548238443065,889.3160425226437,901.037841796875,561048,0.0,0.0
2020-12-30,901.8382599825875,904.5828548130653,892.2892246010512,899.6368408203125,331812,0.0,0.0
2020-12-31,897.7213371335829,908.3567839999414,890.8312222999732,900.8948364257812,491577,0.0,0.0
2021-01-01,900.8948957178624,926.4256418303673,898.5219502153734,915.7615966796875,1258401,0.0,0.0
2021-01-04,917.6771507484657,924.7959871904025,906.4699299615552,913.989013671875,414105,0.0,0.0
2021-01-05,909.5862227251229,926.3112917614654,906.2983921981588,922.165771484375,487608,0.0,0.0
2021-01-06,924.996076696499,935.1454837698059,916.1046660045434,925.4821166992188,680610,0.0,0.0
2021-01-07,928.026668438066,952.0135011551754,927.8836805196806,933.6302490234375,915898,0.0,0.0
2021-01-08,937.4041557023761,952.0421356655901,933.7446755751822,946.2670288085938,817922,0.0,0.0
2021-01-11,946.2669682915359,956.6164989636841,935.9745733308681,948.7256469726562,423693,0.0,0.0
2021-01-12,946.8959300866487,952.0706656590728,937.3182964040433,939.2052612304688,248715,0.0,0.0
2021-01-13,938.8908035948559,943.4080328525978,928.5412723747473,931.2001342773438,723859,0.0,0.0
2021-01-14,926.8830950347067,946.3813563449615,919.7356014054482,944.1227416992188,504276,0.0,0.0
2021-01-15,946.2098171204884,953.6145699999661,920.6218758983059,928.1696166992188,376134,0.0,0.0
2021-01-18,929.1701841956836,944.065541349473,907.8421545612957,936.1175537109375,694736,0.0,0.0
2021-01-19,936.0031484596935,974.9139344963285,932.114947450587,960.4188842773438,1902928,0.0,0.0
2021-01-20,963.4780295164138,970.3396064326125,956.101874463244,961.9055786132812,554107,0.0,0.0
2021-01-21,972.0550485793038,990.8386084255701,948.4112667018642,954.4722900390625,1168738,0.0,0.0
2021-01-22,959.2468375373624,967.7380016112932,939.319671569717,951.3845825195312,366673,0.0,0.0
2021-01-25,952.3280648259272,977.2012455719207,934.2020710923633,955.7302856445312,663293,0.0,0.0
2021-01-27,962.5691243195706,962.5691243195706,925.7975310653486,934.2345581054688,558293,7.0,0.0
2021-01-28,924.1561449194219,947.3075930850003,918.9730277826473,942.2683715820312,315669,0.0,0.0
2021-01-29,953.527486801444,953.527486801444,905.813653483568,913.64599609375,672879,0.0,0.0
2021-02-01,917.1302291017008,979.0400910585568,901.29278495448,971.1213989257812,609112,0.0,0.0
2021-02-02,979.0399732788745,1053.9078004022253,978.4352882499713,1047.4864501953125,2005737,0.0,0.0
2021-02-03,1037.7824521743833,1066.577749068937,1026.321939579584,1033.7510986328125,1459965,0.0,0.0
2021-02-04,1033.8087897294886,1081.551368357434,1030.9293196851336,1065.02294921875,1321905,0.0,0.0
2021-02-05,1065.4259181058762,1076.3104881493766,1044.1173877674262,1059.6092529296875,533046,0.0,0.0
2021-02-08,1058.255816706911,1086.7344578044285,1055.0883162558966,1082.2711181640625,715561,0.0,0.0
2021-02-09,1082.27110765265,1094.221211986929,1061.3945636509884,1066.80810546875,523867,0.0,0.0
2021-02-10,1068.276714790077,1076.512120622725,1053.9078693828346,1071.12744140625,386027,0.0,0.0
2021-02-11,1070.2636114055863,1080.5434973165836,1059.6669514719338,1062.4024658203125,342927,0.0,0.0
2021-02-12,1065.4257940374894,1087.3101438948675,1048.177362193734,1063.20849609375,649077,0.0,0.0
2021-02-15,1070.3212135143312,1091.2553654440796,1051.0282983293898,1080.082763671875,1072542,0.0,0.0
2021-02-16,1078.7868537578966,1099.9802919207052,1045.2691703990065,1054.8004150390625,950327,0.0,0.0
2021-02-17,1052.1801148960847,1080.9754105424927,1048.1487615292547,1077.0880126953125,919290,0.0,0.0
2021-02-18,1082.1271348984455,1093.069310915016,1061.2793344268807,1072.6246337890625,735700,0.0,0.0
2021-02-19,1064.5619345182606,1084.142636960262,1053.994020004164,1058.91796875,811099,0.0,0.0
2021-02-22,1057.3632875620876,1063.0934840295579,1035.3348582921135,1041.007568359375,1062653,0.0,0.0
2021-02-23,1041.8138603479695,1083.9701963743792,1041.8138603479695,1076.33935546875,816833,0.0,0.0
2021-02-24,1076.9439817508012,1107.4669810219518,1068.3053337802314,1096.0064697265625,931707,0.0,0.0
2021-02-25,1109.1946946848523,1122.4405178739735,1096.755118165796,1099.980224609375,1096815,0.0,0.0
2021-02-26,1093.069439596812,1119.5610897889924,1056.3266465556273,1065.426025390625,1529158,0.0,0.0
2021-03-01,1073.6900584104906,1108.618792399407,1064.3604954519358,1098.885986328125,661736,0.0,0.0
2021-03-02,1105.7106095054721,1120.137061969978,1096.150620617007,1117.0560302734375,621651,0.0,0.0
2021-03-03,1123.5923691420471,1128.7756062704768,1100.095402751598,1103.7236328125,514629,0.0,0.0
2021-03-04,1095.6608799443309,1129.9273227556473,1095.6608799443309,1117.890869140625,619135,0.0,0.0
2021-03-05,1117.257477803764,1123.592359049765,1089.1819595866593,1095.1427001953125,397465,0.0,0.0
2021-03-08,1099.4044272503968,1108.5901553359602,1089.7579696123603,1094.5379638671875,278576,0.0,0.0
2021-03-09,1097.3885887363967,1106.689528288014,1085.58255972416,1094.9698486328125,231458,0.0,0.0
2021-03-10,1097.8206164052901,1106.8911316620845,1091.3416598271042,1097.1583251953125,279294,0.0,0.0
2021-03-12,1102.97503878729,1133.238874086549,1097.3886780567157,1105.2786865234375,1252340,0.0,0.0
2021-03-15,1108.3309162248493,1108.3309162248493,1062.258442992764,1076.1376953125,464879,0.0,0.0
2021-03-16,1085.2082794297837,1087.799958012568,1066.9232924008948,1084.6900634765625,623024,0.0,0.0
2021-03-17,1084.690178649991,1088.462364832501,1041.5835171570498,1048.580810546875,499322,0.0,0.0
2021-03-18,1059.1197542767015,1062.4600734745309,1026.2067536316968,1031.591552734375,1045598,0.0,0.0
2021-03-19,1016.4739202225762,1066.0018069152156,1012.47142964526,1061.2794189453125,726176,0.0,0.0
2021-03-22,1065.426044006608,1077.4336361690284,1047.5729230158738,1058.975830078125,780189,0.0,0.0
2021-03-23,1060.5019003335944,1080.9754417602298,1054.8004472001846,1067.0960693359375,471341,0.0,0.0
2021-03-24,1056.4417459420638,1071.8760048490287,1033.0887360249685,1039.596435546875,830602,0.0,0.0
2021-03-25,1036.6306375481226,1046.305837669773,1023.7014678363797,1038.0703125,737171,0.0,0.0
2021-03-26,1045.8452146937595,1053.9079222042742,1035.3349038233864,1042.2457275390625,359141,0.0,0.0
2021-03-30,1050.5675620255,1071.0122410730876,1045.3844444404779,1055.4627685546875,391107,0.0,0.0
2021-03-31,1066.0018125461559,1071.1850498474932,1054.0518271507576,1061.970458984375,287122,0.0,0.0
2021-04-01,1065.425992817995,1075.0723305191464,1056.7873438053714,1070.1771240234375,211872,0.0,0.0
2021-04-05,1068.1902219450947,1072.9127295883723,1040.201292110207,1050.6827392578125,257817,0.0,0.0
2021-04-06,1051.4313432509773,1059.09092654181,1023.7303254261757,1028.5390625,672186,0.0,0.0
2021-04-07,1031.4474333457702,1040.2587808713324,1025.717237027718,1031.361083984375,396877,0.0,0.0
2021-04-08,1031.4473494144122,1069.1980655585617,1025.7458967596558,1060.38671875,616148,0.0,0.0
2021-04-09,1068.305387041109,1101.1320353918877,1060.4154989482474,1064.8499755859375,1805759,0.0,0.0
2021-04-12,1041.8713707023373,1057.3632362264407,989.2911378959147,996.1732177734375,619387,0.0,0.0
2021-04-13,996.8930787101084,1029.2589372618763,991.134019769249,1019.2382202148438,370572,0.0,0.0
2021-04-15,1013.5945114812286,1049.1278153672763,991.9980075741742,1046.219482421875,1021140,0.0,0.0
2021-04-16,1045.585972849012,1078.7868831105484,1040.2012937436452,1064.130126953125,1073713,0.0,0.0
2021-04-19,1031.5338593957406,1047.8031083678723,1021.0811558601691,1032.77197265625,484238,0.0,0.0
2021-04-20,1053.7926283827562,1053.7926283827562,1021.6570131578835,1034.2694091796875,397983,0.0,0.0
2021-04-22,1031.4474293415465,1050.0780525110545,1019.4974442561561,1037.2353515625,562438,0.0,0.0
2021-04-23,1043.5413699411106,1048.1198017650856,1028.020762711096,1036.6016845703125,242720,0.0,0.0
2021-04-26,1040.0860772037563,1055.837110848673,1037.177744496194,1042.47607421875,312148,0.0,0.0
2021-04-27,1044.6357943610503,1063.467859940465,1037.7824573770229,1061.970458984375,308574,0.0,0.0
2021-04-28,1070.4938657999896,1083.6820839304862,1052.324091960324,1077.2032470703125,499545,0.0,0.0
2021-04-29,1094.2212734757852,1104.5875084191357,1077.519917572612,1081.2344970703125,1076109,0.0,0.0
2021-04-30,1082.7030960338338,1101.333598673566,1075.7921533500908,1083.5380859375,361659,0.0,0.0
2021-05-03,1071.7608502016706,1094.221265270502,1068.3054385797982,1086.1009521484375,278603,0.0,0.0
2021-05-04,1089.6139163529485,1099.9802704721521,1062.5463270403902,1082.2135009765625,649765,0.0,0.0
2021-05-05,1079.247622262311,1088.4622129978256,1053.6486891799962,1057.6224365234375,381819,0.0,0.0
2021-05-06,1063.986138108127,1076.2528968567015,1053.9941639889928,1072.7974853515625,205133,0.0,0.0
2021-05-07,1073.8918503960103,1080.0251703885294,1060.876330267388,1072.9415283203125,207455,0.0,0.0
2021-05-10,1074.0644321382827,1087.943803701831,1068.3053731998377,1084.4307861328125,273001,0.0,0.0
2021-05-11,1073.6036089765619,1131.021494639618,1073.6036089765619,1122.2388916015625,1465577,0.0,0.0
2021-05-12,1172.5445215287966,1234.454382864611,1142.021517340829,1154.0003662109375,8562199,0.0,0.0
2021-05-14,1164.4816299335785,1189.0152656889104,1143.461011628057,1147.7803955078125,1145217,0.0,0.0
2021-05-17,1152.9637080848654,1194.2849346307696,1131.7415245116624,1187.51806640625,1493415,0.0,0.0
2021-05-18,1190.3974547552386,1199.0361036248742,1164.5680970350586,1171.018310546875,758031,0.0,0.0
2021-05-19,1171.9684188349938,1183.4865365619387,1161.8037464096085,1169.8663330078125,368487,0.0,0.0
2021-05-20,1166.2093971179486,1179.5991764671037,1148.5003534244413,1152.0421142578125,383838,0.0,0.0
2021-05-21,1155.843062279751,1163.099522310414,1137.6156826070865,1143.95068359375,379487,0.0,0.0
2021-05-24,1146.0528232603465,1171.9109245754714,1137.4141742586269,1152.7620849609375,619729,0.0,0.0
2021-05-25,1154.2019242143272,1170.2408699681864,1144.008387462382,1157.91650390625,605515,0.0,0.0
2021-05-26,1157.9165621010945,1170.2409287824319,1146.0529250042623,1149.047607421875,337271,0.0,0.0
2021-05-27,1157.5708754845862,1182.968245794834,1150.3431587295488,1176.9788818359375,1491611,0.0,0.0
2021-05-28,1186.3662053699038,1194.975991163093,1165.51840370139,1173.2354736328125,551894,0.0,0.0
2021-05-31,1174.8481034786726,1211.705987384985,1169.0890441478946,1201.512451171875,948816,0.0,0.0
2021-06-01,1201.5124853065017,1209.402493822119,1182.3349022221475,1185.9630126953125,404247,0.0,0.0
2021-06-02,1191.866048271535,1212.8578046084644,1190.0518734226282,1203.4417724609375,1001673,0.0,0.0
2021-06-03,1209.4024366201565,1242.1138738389882,1201.3973359181425,1232.841796875,1709630,0.0,0.0
2021-06-04,1243.9569259993048,1254.3231618579603,1212.8579788966535,1220.776611328125,1204796,0.0,0.0
2021-06-07,1228.4072955537713,1237.5929032105435,1213.232084385428,1215.6796875,388647,0.0,0.0
2021-06-08,1217.465086821694,1238.19779690614,1211.7060273012005,1214.499267578125,998876,0.0,0.0
2021-06-09,1214.4990945883274,1226.6506401806362,1192.7585791312029,1197.8553466796875,650920,0.0,0.0
2021-06-10,1205.9470174952573,1215.1327459535055,1199.036193691104,1204.939208984375,316434,0.0,0.0
2021-06-11,1207.0987741002118,1226.1036573222307,1205.3998115299473,1209.1719970703125,670489,0.0,0.0
2021-06-14,1209.4024838310775,1216.51486895321,1181.9029061086205,1191.146240234375,484172,0.0,0.0
2021-06-15,1195.0047177567003,1203.6145034302494,1180.5206605919573,1186.2509765625,463014,0.0,0.0
2021-06-16,1182.9107594178442,1186.5678527265559,1163.2435832363963,1167.1309814453125,403003,0.0,0.0
2021-06-17,1162.0629170059583,1174.6753135356082,1153.5107370457854,1157.74365234375,311185,0.0,0.0
2021-06-18,1161.60201547697,1174.8479580855076,1129.178612465544,1165.6622314453125,414220,0.0,0.0
2021-06-21,1157.5710228134149,1157.5710228134149,1134.621132922852,1153.8563232421875,389317,0.0,0.0
2021-06-22,1163.330029904348,1164.48179390981,1147.7805571322633,1150.2857666015625,170618,0.0,0.0
2021-06-23,1155.1522463317517,1179.4554637457811,1147.3487059440097,1168.081298828125,665978,0.0,0.0
2021-06-24,1173.0051908404732,1208.2505814145204,1161.5158153245548,1166.4686279296875,2159448,0.0,0.0
2021-06-25,1169.981649893062,1174.8481131528576,1153.2804136252812,1160.5943603515625,462683,0.0,0.0
2021-06-28,1161.314216456271,1168.8009814054226,1155.5840202449692,1158.4058837890625,196412,0.0,0.0
2021-06-29,1160.911232568208,1166.1808196515333,1140.92728166144,1147.3486328125,318356,0.0,0.0
2021-06-30,1163.21479498213,1174.7905200300365,1152.2437550075965,1163.9346923828125,1320011,0.0,0.0
2021-07-01,1168.5129943103711,1177.727464435494,1158.8665378877747,1163.243408203125,478191,0.0,0.0
2021-07-02,1163.9057560733286,1169.6072089925108,1153.5395215887527,1163.2147216796875,382220,0.0,0.0
2021-07-05,1169.6071001178532,1179.455117772144,1164.4815895127056,1167.87939453125,456129,0.0,0.0
2021-07-06,1169.6649034987572,1183.4866702854933,1164.942515416651,1168.28271484375,412492,0.0,0.0
2021-07-07,1168.28273390268,1171.3638852853571,1154.1730558272216,1158.5499267578125,336327,0.0,0.0
2021-07-08,1159.615225654052,1177.1515705902495,1153.7986802245398,1159.5577392578125,414976,0.0,0.0
2021-07-09,1159.5577461407343,1167.3611651865951,1147.7804601679015,1153.0499267578125,261892,0.0,0.0
2021-07-12,1159.385129493473,1171.9686643689654,1154.6914841588823,1158.060546875,364964,0.0,0.0
2021-07-13,1162.1493210197536,1174.1281688382303,1152.445257851142,1155.7567138671875,699312,0.0,0.0
2021-07-14,1158.1467673221707,1166.6702040201776,1148.6443851342808,1152.1285400390625,820314,0.0,0.0
2021-07-15,1155.008087104939,1186.2509863504913,1153.3667306766513,1170.903076171875,1369881,0.0,0.0
2021-07-16,1177.439521437435,1177.7274324523848,1156.7069342781056,1159.47119140625,488588,0.0,0.0
2021-07-19,1156.764593158473,1156.764593158473,1132.864502217623,1136.4639892578125,565061,0.0,0.0
2021-07-20,1136.4640526309668,1139.545084364776,1108.0430139638506,1119.7626953125,421988,0.0,0.0
2021-07-22,1125.3776817033117,1144.296215788536,1124.2546609639303,1138.134033203125,784309,0.0,0.0
2021-07-23,1141.5607615635686,1150.0553354345384,1131.9719100947661,1137.4718017578125,627785,0.0,0.0
2021-07-26,1137.9902580043095,1145.995359970336,1132.1735917023993,1137.7886962890625,328727,0.0,0.0
2021-07-27,1141.675796365122,1145.275283235958,1114.9538429769475,1118.8123779296875,485966,0.0,0.0
2021-07-28,1122.4404870500443,1123.6787199812513,1105.7392530116754,1118.4954833984375,311944,0.0,0.0
2021-07-29,1124.6866637014753,1133.6419667848054,1116.4800012008784,1125.1185302734375,691051,0.0,0.0
2021-07-30,1127.5374028767635,1140.8695768076782,1117.8909455017897,1124.859375,662031,0.0,0.0
2021-08-02,1129.8122187623833,1140.2937861434632,1121.5192065787103,1139.1131591796875,221337,0.0,0.0
2021-08-03,1147.204446391118,1174.5888082650551,1140.869445885184,1168.05224609375,1396878,0.0,0.0
2021-08-04,1172.8898783769887,1181.758831426107,1167.361124379102,1176.7484130859375,587678,0.0,0.0
2021-08-05,1186.366260622682,1191.520515295636,1174.8481415875103,1187.2877197265625,576836,0.0,0.0
2021-08-06,1186.3949473706953,1206.5228516422899,1180.6071449279748,1201.08056640625,727174,0.0,0.0
2021-08-09,1208.7112817393117,1212.6274228458499,1187.0859766478948,1191.54931640625,529342,0.0,0.0
2021-08-10,1195.52316535883,1223.8001281676368,1174.876923728824,1186.1934814453125,1080745,0.0,0.0
2021-08-11,1140.264813102857,1277.4168138514021,1134.5346170939652,1262.0401611328125,7553957,0.0,0.0
2021-08-12,1250.2341317793123,1271.0243282628473,1232.4962236673762,1262.3570556640625,1384357,0.0,0.0
2021-08-13,1261.2339604203846,1310.1282974077026,1248.0168794815656,1292.7647705078125,2857680,0.0,0.0
2021-08-16,1292.7647879929257,1307.0760268949457,1267.136992259792,1281.390625,438213,0.0,0.0
2021-08-17,1279.086927860141,1308.8612882218774,1270.6210979045866,1296.19140625,788918,0.0,0.0
2021-08-18,1297.256808951212,1323.3164700068687,1276.4953576056157,1282.36962890625,881108,0.0,0.0
2021-08-20,1279.346115504082,1291.5553879149747,1257.8936292484666,1277.3016357421875,438922,0.0,0.0
2021-08-23,1281.7074730449722,1285.4796588732404,1241.6532237724973,1246.058837890625,525685,0.0,0.0
2021-08-24,1243.956727564357,1270.448374661674,1237.9961069674607,1266.906494140625,534336,0.0,0.0
2021-08-25,1275.0556571131328,1286.1130463858954,1251.4723405747932,1260.917236328125,522165,0.0,0.0
2021-08-26,1261.6371310424897,1279.634206624543,1256.0507703730048,1273.3568115234375,541741,0.0,0.0
2021-08-27,1274.3070497447902,1295.7884005806736,1272.9824672440523,1279.7781982421875,749499,0.0,0.0
2021-08-30,1290.0293167559287,1303.879826588322,1282.4560823202537,1300.6259765625,444564,0.0,0.0
2021-08-31,1308.112654490318,1317.9030668773273,1299.2437011347913,1308.6884765625,579147,0.0,0.0
2021-09-01,1313.0655968552558,1324.5837161259158,1302.814453937501,1316.2618408203125,448586,0.0,0.0
2021-09-02,1321.7040932197683,1334.9499180719022,1308.8901349536811,1316.0889892578125,369395,0.0,0.0
2021-09-03,1323.4316537185957,1328.038948710353,1295.9033356103203,1305.8089599609375,360640,0.0,0.0
2021-09-06,1309.6099487534948,1315.3690078764682,1284.011016582657,1286.141845703125,349468,0.0,0.0
2021-09-07,1287.8407917521629,1293.311940274792,1271.0243425553842,1273.587158203125,298228,0.0,0.0
2021-09-08,1274.479945030719,1278.1945248967484,1251.4437054101666,1272.9825439453125,602879,0.0,0.0
2021-09-09,1273.9039048712007,1298.3510745577594,1273.327962996099,1284.5869140625,644632,0.0,0.0
2021-09-13,1284.270220461811,1296.277811763649,1268.3463682452593,1271.9169921875,231206,0.0,0.0
2021-09-14,1272.7520284808186,1279.3460773268746,1268.0583840570953,1271.197021484375,213838,0.0,0.0
2021-09-15,1272.4640931405816,1282.628886248759,1269.9012775819665,1272.0322265625,128862,0.0,0.0
2021-09-16,1272.2337212865712,1275.1996600672808,1263.2782987843968,1266.7625732421875,297451,0.0,0.0
2021-09-17,1270.9668381890604,1272.1762083486517,1244.10080824051,1255.7916259765625,397567,0.0,0.0
2021-09-20,1255.474858632732,1268.0295281752653,1221.23715895535,1230.2789306640625,393499,0.0,0.0
2021-09-21,1222.7345923158857,1253.6895800922523,1218.6456327825558,1249.4566650390625,294289,0.0,0.0
2021-09-22,1254.323048144041,1265.6108618985943,1234.828691627042,1245.079833984375,488514,0.0,0.0
2021-09-23,1248.2759736661667,1256.6265910199158,1239.9540995095733,1245.5115966796875,216983,0.0,0.0
2021-09-24,1249.7159172993538,1250.6085134407783,1213.3186419283172,1221.0645751953125,196903,0.0,0.0
2021-09-27,1221.2086196625294,1226.0174772335463,1203.9314398240992,1207.4444580078125,327214,0.0,0.0
2021-09-28,1205.3710959161242,1231.8627446643911,1201.0517116315175,1209.978271484375,351184,0.0,0.0
2021-09-29,1209.2872163508782,1235.3181351200703,1193.277015052055,1225.2685546875,444128,0.0,0.0
2021-09-30,1229.4438787680444,1242.2289735475983,1216.05409893475,1226.333984375,663929,0.0,0.0
2021-10-01,1222.6482972563515,1241.0196332469393,1215.16153202118,1237.3050537109375,229988,0.0,0.0
2021-10-04,1241.0772034692734,1287.1496772827652,1232.4674177099935,1282.3408203125,714915,0.0,0.0
2021-10-05,1284.9036912951724,1296.9401459585606,1277.5608814817656,1294.4349365234375,745707,0.0,0.0
2021-10-06,1294.434829810226,1305.0027455923807,1258.3543317581984,1264.37255859375,449180,0.0,0.0
2021-10-07,1279.662919271699,1290.777914418768,1275.51635349098,1288.272705078125,237320,0.0,0.0
2021-10-08,1295.7883512157964,1310.0707273557316,1276.783347610966,1280.498046875,504448,0.0,0.0
2021-10-11,1280.8146612923397,1293.3981941786278,1275.631543977666,1288.157470703125,193521,0.0,0.0
2021-10-12,1292.908790156576,1315.945028019173,1282.340873521126,1304.9163818359375,482322,0.0,0.0
2021-10-13,1307.3064938704028,1311.424196821639,1282.25451941759,1295.3851318359375,262853,0.0,0.0
2021-10-14,1303.8509775753214,1329.16212017774,1297.2856712897005,1306.93212890625,669230,0.0,0.0
2021-10-18,1317.6726789823877,1329.7667392853587,1291.0370749747692,1304.9451904296875,424334,0.0,0.0
2021-10-19,1314.6491514006275,1386.205466223022,1307.363947970483,1331.2640380859375,2668860,0.0,0.0
2021-10-20,1331.2065980131663,1334.9499208199525,1268.144854543697,1273.1552734375,495784,0.0,0.0
2021-10-21,1285.4220360193667,1289.079009469877,1251.501226969588,1260.7156982421875,269427,0.0,0.0
2021-10-22,1266.3307735778615,1272.6080489044823,1235.8941201740497,1251.385986328125,216180,0.0,0.0
2021-10-25,1264.1134206220988,1264.1134206220988,1210.9573059880704,1242.5745849609375,303668,0.0,0.0
2021-10-26,1242.862584749751,1260.9172669721586,1239.176748314809,1249.283935546875,233230,0.0,0.0
2021-10-27,1239.3781500375064,1277.992718964831,1239.3781500375064,1250.3780517578125,274940,0.0,0.0
2021-10-28,1250.3782476798767,1264.8047000304525,1237.1611655316628,1245.54052734375,442857,0.0,0.0
2021-10-29,1241.393959755457,1271.9457044435337,1224.7502105628182,1259.3045654296875,242967,0.0,0.0
2021-11-01,1265.2651948826922,1291.008202608017,1261.0323995589822,1287.5240478515625,456962,0.0,0.0
2021-11-02,1288.0424043175924,1302.5263419889084,1288.0424043175924,1296.16259765625,317019,0.0,0.0
2021-11-03,1299.157255440352,1338.0886008142113,1296.6521659018695,1331.09130859375,636285,0.0,0.0
2021-11-04,1341.8608726947375,1344.7403425828006,1313.1230613987177,1327.95263671875,97770,0.0,0.0
2021-11-08,1327.9527245198574,1371.8080250953242,1326.1386691491368,1367.1143798828125,483443,0.0,0.0
2021-11-09,1370.080188636677,1395.04569364801,1359.9730017136114,1387.0693359375,879411,0.0,0.0
2021-11-10,1384.477714999204,1405.2104236173345,1369.5041852575864,1376.2423095703125,385625,0.0,0.0
2021-11-11,1376.2422921816064,1386.1766600440824,1357.8997005153828,1380.734375,398017,0.0,0.0
2021-11-12,1387.9331304303619,1398.5009257736433,1369.5329339078364,1373.3338623046875,444768,0.0,0.0
2021-11-15,1382.1742365052664,1382.1742365052664,1345.3449761120044,1351.5936279296875,244530,0.0,0.0
2021-11-16,1351.5936040125748,1379.870564407604,1340.27704726209,1355.0777587890625,297289,0.0,0.0
2021-11-17,1346.5255017451836,1396.2838088407282,1342.0622820082829,1355.30810546875,612080,0.0,0.0
2021-11-18,1358.5621603297238,1368.8420466626237,1324.5837437028697,1332.4736328125,338536,0.0,0.0
2021-11-22,1330.3426544710694,1343.9627388455326,1288.1574596599708,1303.8221435546875,350998,0.0,0.0
2021-11-23,1286.8618354885684,1335.5258706083305,1286.8618354885684,1329.9107666015625,233766,0.0,0.0
2021-11-24,1335.986555351098,1347.619886363299,1303.8509395425433,1310.9921875,528589,0.0,0.0
2021-11-25,1284.2703241692552,1284.4142797044117,1209.4025474239625,1240.990966796875,3668665,0.0,0.0
2021-11-26,1243.3519520186803,1258.354344581848,1200.418236792924,1207.0987548828125,1107007,0.0,0.0
2021-11-29,1208.826443886142,1246.4043426510223,1163.90573594004,1228.6375732421875,657058,0.0,0.0
2021-11-30,1229.875837786158,1248.650296287712,1218.7032367313714,1239.2918701171875,877988,0.0,0.0
2021-12-01,1236.5563235935344,1254.84130889726,1224.3759144569963,1233.8782958984375,528470,0.0,0.0
2021-12-02,1234.1662561338337,1272.751961046881,1229.5878242702008,1265.9273681640625,530651,0.0,0.0
2021-12-03,1257.7784574754942,1277.935224941874,1249.3990962411117,1258.8438720703125,671983,0.0,0.0
2021-12-06,1255.4749717180996,1283.6943273552397,1248.5640284561455,1255.7916259765625,425632,0.0,0.0
2021-12-07,1266.96418369824,1287.1496943398881,1256.2523118372517,1272.9248046875,802162,0.0,0.0
2021-12-08,1285.8827398062645,1295.2124232207107,1269.5557638901505,1283.2047119140625,698189,0.0,0.0
2021-12-09,1284.2703268472596,1314.2173897024873,1283.3200047392334,1308.2279052734375,880447,0.0,0.0
2021-12-10,1309.4948994718427,1422.458787421696,1308.2278034264523,1408.29150390625,5750553,0.0,0.0
2021-12-13,1419.608217416691,1484.0232915628335,1408.6660394435976,1443.8826904296875,3642890,0.0,0.0
2021-12-14,1439.7646467032191,1464.7590133496753,1422.890712624858,1448.921630859375,1107779,0.0,0.0
2021-12-15,1448.9792667681531,1476.1908124307997,1419.7808474834405,1430.40625,1338379,0.0,0.0
2021-12-16,1439.7647035017796,1439.7647035017796,1415.7206579000017,1426.28857421875,437339,0.0,0.0
2021-12-17,1425.9430974150166,1425.9430974150166,1383.556338377944,1394.3834228515625,647894,0.0,0.0
2021-12-20,1380.4464467601802,1380.4464467601802,1336.1017966414104,1356.3736572265625,509128,0.0,0.0
2021-12-21,1363.1404328977333,1381.5982370053034,1345.5464816637732,1358.50439453125,340800,0.0,0.0
2021-12-22,1359.1955718142456,1375.8393225659559,1354.9051699568263,1363.8604736328125,678784,0.0,0.0
2021-12-23,1371.0592192176266,1405.7862732963588,1368.813177735951,1396.053466796875,858445,0.0,0.0
2021-12-24,1398.2994810997354,1402.906776296525,1356.258361541507,1367.402099609375,541729,0.0,0.0
2021-12-27,1367.6035735730807,1384.8520066112394,1347.5045340041088,1355.13525390625,1016948,0.0,0.0
2021-12-28,1382.1742050591133,1422.4876193733373,1367.7764972080831,1385.514404296875,2272133,0.0,0.0
2021-12-29,1381.598404026137,1389.0851697569378,1366.6536157663554,1370.8577880859375,444913,0.0,0.0
2021-12-30,1370.6561550268204,1375.0906320201289,1350.1250067987748,1356.056884765625,373163,0.0,0.0
2021-12-31,1358.7636412961638,1374.1115519975865,1355.5385344911306,1359.9154052734375,593106,0.0,0.0
2022-01-03,1362.62221286362,1381.8286591547735,1359.138057875142,1363.05419921875,514436,0.0,0.0
2022-01-04,1367.661331795905,1375.3209155096924,1352.2270718054908,1357.5830078125,504874,0.0,0.0
2022-01-05,1357.2085713690926,1364.349819082388,1331.5231699708402,1338.6068115234375,608305,0.0,0.0
2022-01-06,1336.1017654745276,1339.614783284799,1315.3979190246232,1320.149169921875,568336,0.0,0.0
2022-01-07,1321.704097497749,1333.222216516306,1303.2175488090654,1310.2147216796875,291110,0.0,0.0
2022-01-10,1307.3064841472979,1339.384374353453,1292.3616968559443,1333.0206298828125,1350791,0.0,0.0
2022-01-11,1341.2272409260827,1343.0125528647748,1318.8245522142124,1332.4158935546875,583840,0.0,0.0
2022-01-12,1341.0833631872226,1354.6459621154686,1334.5468000991857,1352.831787109375,954423,0.0,0.0
2022-01-13,1363.4283495975812,1368.3235558228128,1343.7611753379335,1359.1954345703125,504191,0.0,0.0
2022-01-14,1352.8030405719394,1382.8077082297507,1345.5465800921352,1379.0355224609375,985459,0.0,0.0
2022-01-17,1390.6977041438888,1391.1296905272422,1362.0176167635705,1371.4049072265625,392971,0.0,0.0
2022-01-18,1372.3837584549426,1380.5904205881973,1325.2458715488665,1338.808349609375,542966,0.0,0.0
2022-01-19,1341.2849856031025,1375.2634023449436,1329.5076981839177,1370.8577880859375,775419,0.0,0.0
2022-01-20,1371.598265669536,1394.1878981061539,1364.0683881906634,1388.45361328125,727728,8.0,0.0
2022-01-21,1382.0242845929497,1421.4113258963826,1333.6302510465941,1357.66796875,1576151,0.0,0.0
2022-01-24,1354.7428735912429,1365.5164291614367,1271.5665967377477,1292.0999755859375,709302,0.0,0.0
2022-01-25,1288.6535642284616,1327.4904960105464,1260.5323704968873,1318.773193359375,496540,0.0,0.0
2022-01-27,1306.0881749114274,1326.389922592052,1290.8836360272724,1319.8736572265625,451899,0.0,0.0
2022-01-28,1326.824510054774,1351.383549997399,1314.197422977073,1320.0185546875,255547,0.0,0.0
2022-01-31,1333.8330687261173,1353.0632683535382,1328.7358594881416,1346.8656005859375,274504,0.0,0.0
2022-02-01,1351.9046770843781,1409.6532106775123,1343.8534791278578,1400.6173095703125,868358,0.0,0.0
2022-02-02,1408.3210914112215,1429.8101461888386,1393.9563493312025,1412.7520751953125,609066,0.0,0.0
2022-02-03,1410.4062039919675,1424.5102853043652,1390.1334842399622,1412.3756103515625,339584,0.0,0.0
2022-02-04,1413.8814034226143,1427.782761272224,1396.070382781692,1403.339599609375,274499,0.0,0.0
2022-02-07,1381.4449843415698,1407.39416964301,1361.172266136243,1399.2850341796875,937873,0.0,0.0
2022-02-08,1404.1794559779335,1446.8971431152954,1363.4891130135936,1369.07861328125,1691333,0.0,0.0
2022-02-09,1369.0786708943203,1405.2800940288569,1369.0786708943203,1400.2119140625,319100,0.0,0.0
2022-02-10,1402.3840148272564,1418.8048886818356,1387.2952305517583,1414.6923828125,313509,0.0,0.0
2022-02-11,1404.6138786263505,1407.5100500669698,1385.876092672508,1391.1759033203125,271058,0.0,0.0
2022-02-14,1378.5490637622013,1380.8079186941438,1344.4328018873607,1349.819580078125,313971,0.0,0.0
2022-02-15,1350.4276682329605,1408.4657701847266,1341.160136134497,1402.4708251953125,531468,0.0,0.0
2022-02-16,1404.614023021689,1413.3024177837408,1383.1827857886856,1386.8319091796875,265145,0.0,0.0
2022-02-17,1387.4690773197472,1432.4167126161897,1387.2373257679515,1418.94970703125,876419,0.0,0.0
2022-02-18,1418.9496334098985,1450.9517024525337,1412.1437989503513,1423.3807373046875,1007426,0.0,0.0
2022-02-21,1421.382529653877,1433.922649781003,1393.608840037783,1399.1693115234375,436344,0.0,0.0
2022-02-22,1381.5318278204252,1404.5559329238488,1356.7411593285615,1394.1300048828125,412041,0.0,0.0
2022-02-23,1401.8915616550414,1424.973605441908,1385.702319371406,1388.1060791015625,378657,0.0,0.0
2022-02-24,1355.3800618248283,1367.1092912805793,1315.8190870846506,1323.92822265625,474804,0.0,0.0
2022-02-25,1350.7463541867792,1394.18796642066,1344.374872756693,1384.949462890625,484981,0.0,0.0
2022-02-28,1372.7567505077075,1372.7567505077075,1330.2417862097477,1359.6951904296875,803135,0.0,0.0
2022-03-02,1359.7531117367744,1385.9339285523108,1352.4838947763421,1374.031005859375,379247,0.0,0.0
2022-03-03,1390.133444424708,1412.114909639931,1364.1263200009912,1369.7158203125,476976,0.0,0.0
2022-03-04,1364.6477002263132,1370.526769770756,1323.522881226876,1326.2452392578125,328335,0.0,0.0
2022-03-07,1303.2501546295632,1319.497335674757,1274.2890400822396,1286.2789306640625,319233,0.0,0.0
2022-03-08,1286.278929173745,1311.0406911169912,1261.546075947962,1303.13427734375,302979,0.0,0.0
2022-03-09,1303.2500381064267,1335.1940476313653,1285.1782367910162,1321.090087890625,323029,0.0,0.0
2022-03-10,1365.8058966469562,1365.8058966469562,1323.5226874322586,1345.504150390625,307000,0.0,0.0
2022-03-11,1338.119164009276,1370.1791706210909,1333.34067375786,1367.0223388671875,291455,0.0,0.0
2022-03-14,1366.9645085801549,1384.341176062106,1356.2198617752317,1366.8486328125,442322,0.0,0.0
2022-03-15,1366.8486269644297,1375.2184227615255,1332.8193350144927,1341.2469482421875,322821,0.0,0.0
2022-03-16,1359.8978663502899,1377.187686887198,1350.1669520274902,1366.5010986328125,246412,0.0,0.0
2022-03-17,1382.0243234810325,1409.8848582839694,1365.3426689686996,1379.0992431640625,845360,0.0,0.0
2022-03-21,1390.1335911602212,1396.0995076792885,1356.3068962918978,1360.5352783203125,285335,0.0,0.0
2022-03-22,1363.4023720939529,1366.9646489176946,1310.316690247432,1343.3033447265625,495889,0.0,0.0
2022-03-23,1357.5811504519336,1357.5811504519336,1303.8292466564073,1329.9232177734375,995327,0.0,0.0
2022-03-24,1320.0475800654938,1333.1958671987593,1312.5177022421583,1328.90966796875,365826,0.0,0.0
2022-03-25,1334.5280686703377,1339.393526302447,1307.9128964144213,1317.03564453125,401071,0.0,0.0
2022-03-28,1315.413774442679,1323.986293492148,1297.4579672487423,1316.1378173828125,258095,0.0,0.0
2022-03-29,1326.4189591117529,1337.453054496313,1317.2671824715244,1332.211181640625,303610,0.0,0.0
2022-03-30,1343.5349973743598,1365.3716780154205,1325.260472841801,1357.37841796875,484801,0.0,0.0
2022-03-31,1350.7463785521552,1377.3616719994309,1338.9012720757876,1371.7142333984375,593414,0.0,0.0
2022-04-01,1371.7142682261504,1391.2629463991675,1364.589834837776,1371.135009765625,395991,0.0,0.0
2022-04-04,1378.4330335509985,1410.4060717826976,1375.6816466489172,1406.119873046875,455012,0.0,0.0
2022-04-05,1407.6259518791699,1426.6823379472528,1405.7724212367439,1411.651611328125,429695,0.0,0.0
2022-04-06,1417.733377046567,1442.1476322032252,1410.98548010137,1424.1048583984375,499344,0.0,0.0
2022-04-07,1416.1983656728896,1453.8477523516985,1412.9257785736413,1431.0264892578125,464610,0.0,0.0
2022-04-08,1436.4712208481653,1464.8530757693507,1435.3706419289676,1458.8291015625,608118,0.0,0.0
2022-04-11,1458.5106621791201,1463.4339371430979,1438.759142624202,1447.7950439453125,388223,0.0,0.0
2022-04-12,1439.946610454587,1454.369169806602,1405.801439685614,1419.442138671875,300284,0.0,0.0
2022-04-13,1410.4062190399284,1441.6842468596378,1410.4062190399284,1428.9412841796875,235833,0.0,0.0
2022-04-18,1426.5086640874074,1426.5086640874074,1387.3821590388673,1415.735107421875,376436,0.0,0.0
2022-04-19,1427.666854400965,1436.2682809886192,1361.7513721569626,1379.7362060546875,383363,0.0,0.0
2022-04-20,1382.3138410617344,1390.1623164449659,1361.1722950683238,1380.75,315531,0.0,0.0
2022-04-21,1389.0328696667443,1393.9562649864943,1370.4398673141175,1378.4620361328125,336158,0.0,0.0
2022-04-22,1375.479018061891,1375.479018061891,1349.5878897829461,1355.206298828125,173417,0.0,0.0
2022-04-25,1346.691783970503,1349.385112852786,1303.250171803547,1310.0269775390625,233783,0.0,0.0
2022-04-26,1325.8397303571153,1338.5246341387885,1307.6521728914788,1317.2672119140625,929769,0.0,0.0
2022-04-27,1297.4579398098883,1318.8890563008424,1288.4509470056234,1309.389892578125,296027,0.0,0.0
2022-04-28,1332.2112164343064,1332.2112164343064,1309.0423257137097,1320.39501953125,315591,0.0,0.0
2022-04-29,1329.315091710374,1333.3696597746523,1309.187156334804,1315.616455078125,551746,0.0,0.0
2022-05-02,1309.042372774817,1317.2962934020893,1282.3980511258587,1301.5703125,586116,0.0,0.0
2022-05-04,1313.67609731972,1315.2110297818501,1269.8000113334444,1274.433837890625,613412,0.0,0.0
2022-05-05,1287.8139068024543,1356.5095740679265,1277.2140433606453,1333.63037109375,1733386,0.0,0.0
2022-05-06,1315.9929413901448,1323.4359722080028,1278.5462766646563,1283.5565185546875,371352,0.0,0.0
2022-05-09,1280.0811924060702,1283.5565018695172,1245.3856742974394,1273.39111328125,504167,0.0,0.0
2022-05-10,1273.3911872575927,1336.989763673509,1273.1016182698108,1303.452880859375,1239958,0.0,0.0
2022-05-11,1303.3949212409896,1347.8501441328067,1303.3949212409896,1342.2896728515625,844426,0.0,0.0
2022-05-12,1341.4789065355972,1342.0580445546923,1306.2621836768585,1318.2520751953125,525606,0.0,0.0
2022-05-13,1340.8994369061627,1358.9711179502808,1247.9343087451416,1332.500732421875,1954231,0.0,0.0
2022-05-16,1340.8995085467661,1346.691731306046,1316.572221138986,1332.124267578125,422709,0.0,0.0
2022-05-17,1339.1618143448623,1354.3374447546462,1332.500764390414,1338.7852783203125,431242,0.0,0.0
2022-05-18,1346.6917369956823,1369.339307603142,1326.679557289832,1361.317138671875,592908,0.0,0.0
2022-05-19,1331.6319181996373,1340.5808519848053,1322.3932949946866,1329.0833740234375,275504,0.0,0.0
2022-05-20,1338.5825810112724,1378.5490019392046,1338.5825810112724,1374.0889892578125,429950,0.0,0.0
2022-05-23,1378.548894573034,1399.8352239990631,1363.8076184917054,1370.2080078125,367433,0.0,0.0
2022-05-24,1371.5982330111813,1402.2680918868887,1368.6731527823797,1390.5966796875,560629,0.0,0.0
2022-05-25,1396.3888617042287,1400.3276741199668,1354.8296930520096,1359.1739501953125,368777,0.0,0.0
2022-05-26,1359.4925446110308,1368.4995373477364,1327.2009049429594,1358.85546875,352884,0.0,0.0
2022-05-27,1364.0684678447649,1384.3413087432332,1355.5538867127075,1375.91357421875,337266,0.0,0.0
2022-05-30,1386.0789059369226,1409.798026416117,1376.8112530815465,1400.50146484375,263858,0.0,0.0
2022-05-31,1400.6753473433132,1430.099845472782,1400.6753473433132,1409.798095703125,727692,0.0,0.0
2022-06-01,1409.884783068238,1434.4149119469755,1393.898263592149,1401.16748046875,327666,0.0,0.0
2022-06-02,1398.8216741577141,1412.8389080224406,1388.9748838579517,1393.695556640625,187788,0.0,0.0
2022-06-03,1399.227194485908,1402.2970593283226,1356.9150712606406,1360.390380859375,207201,0.0,0.0
2022-06-06,1357.7547793844117,1376.029303188002,1348.371371818756,1368.7021484375,235758,0.0,0.0
2022-06-07,1347.415810114819,1376.1162644133835,1339.7411478788226,1364.010498046875,248395,0.0,0.0
2022-06-08,1366.9644937534504,1387.4689635688117,1348.4293097019547,1368.7021484375,448310,0.0,0.0
2022-06-09,1361.1723125132987,1375.5948709179538,1355.4089986228437,1372.03271484375,193632,0.0,0.0
2022-06-10,1359.550481535335,1385.7603292961355,1352.4839864631588,1373.6834716796875,130966,0.0,0.0
2022-06-13,1362.2148176493893,1398.097640505579,1361.201205806668,1379.504638671875,643911,0.0,0.0
2022-06-14,1380.1417311861082,1393.6087360847946,1340.1754313069982,1390.451904296875,723503,0.0,0.0
2022-06-15,1404.6139021391305,1404.6139021391305,1372.7567384769163,1379.968017578125,394799,0.0,0.0
2022-06-16,1390.133478383702,1401.775741471066,1349.8195496931405,1356.3358154296875,295817,0.0,0.0
2022-06-17,1343.7956741711264,1377.2746179811668,1331.0238031690244,1345.851806640625,832191,0.0,0.0
2022-06-20,1346.1124001808012,1357.1466158612313,1314.457959317335,1323.2911376953125,204974,0.0,0.0
2022-06-21,1329.894261517664,1363.6628933875909,1325.8396937235602,1359.202880859375,248679,0.0,0.0
2022-06-22,1360.5930663071288,1361.3171091960437,1303.7134807562882,1317.2672119140625,555228,0.0,0.0
2022-06-23,1319.2075657436935,1357.6679620608438,1318.483522867564,1353.7581787109375,218393,0.0,0.0
2022-06-24,1361.1723841365047,1379.3888511137004,1353.6134772267235,1357.610107421875,168374,0.0,0.0
2022-06-27,1366.385312540204,1390.046494928811,1365.226795716758,1375.044677734375,267363,0.0,0.0
2022-06-28,1366.9646533437503,1381.531997494173,1357.6101534010854,1378.8966064453125,384177,0.0,0.0
2022-06-29,1369.6289700101802,1398.242456043958,1355.582827025428,1393.4349365234375,575111,0.0,0.0
2022-06-30,1393.4349991541155,1405.743487936559,1378.4041523448384,1390.39404296875,515085,0.0,0.0
2022-07-01,1379.1281566179823,1404.6139608854562,1370.6135758999699,1394.245849609375,355099,0.0,0.0
2022-07-04,1401.6599414048558,1463.6656444324499,1396.736546136766,1460.537841796875,878789,0.0,0.0
2022-07-05,1467.7490978228998,1505.9488338469982,1455.672361384952,1482.982666015625,1347186,0.0,0.0
2022-07-06,1488.601066304797,1538.4142763096604,1482.8378729567473,1533.693603515625,1243401,0.0,0.0
2022-07-07,1537.8350730257246,1548.9561358379037,1520.487313569955,1542.81640625,710283,0.0,0.0
2022-07-08,1547.1024675440744,1559.671615031407,1535.518023127293,1553.097412109375,538169,0.0,0.0
2022-07-11,1546.5233893556363,1570.850797736779,1541.3972715017585,1549.7381591796875,349221,0.0,0.0
2022-07-12,1539.5728521971369,1550.4332556257618,1524.1076512055106,1532.361572265625,406288,0.0,0.0
2022-07-13,1537.2557290392833,1540.731038389686,1521.2982388329892,1528.972900390625,238489,0.0,0.0
2022-07-14,1528.9729054914196,1541.6578087533032,1519.3288376947933,1532.1007080078125,273037,0.0,0.0
2022-07-15,1532.0427983810805,1557.4127258257397,1521.414027281728,1552.894775390625,415707,0.0,0.0
2022-07-18,1563.2049566625526,1577.2221906627478,1553.0975060139858,1572.41455078125,810516,0.0,0.0
2022-07-19,1570.271556668084,1592.8033725908858,1552.0260604070622,1555.0670166015625,759738,0.0,0.0
2022-07-20,1558.1657692479623,1574.6736104478166,1542.2951243585046,1550.2015380859375,607957,0.0,0.0
2022-07-21,1555.7330102895428,1629.3521863834528,1546.5232957591638,1623.907470703125,1287234,0.0,0.0
2022-07-22,1621.822305817734,1622.3147176426255,1589.9651398139115,1594.7147216796875,712951,0.0,0.0
2022-07-25,1594.7146312933457,1603.8373789127284,1568.9971965755208,1576.9615478515625,666951,0.0,0.0
2022-07-26,1584.9837188840352,1584.9837188840352,1543.6272709790521,1550.43310546875,570416,0.0,0.0
2022-07-27,1547.5659980784067,1578.3227045587373,1540.7311342651153,1558.2816162109375,712569,0.0,0.0
2022-07-28,1564.50823839926,1575.774085237711,1546.6391591549902,1554.284912109375,560760,0.0,0.0
2022-07-29,1568.1284651274996,1581.2767522632846,1538.008953828386,1560.5406494140625,730390,0.0,0.0
2022-08-01,1575.136890779885,1602.1287174597676,1564.1606128945898,1597.9871826171875,1069023,0.0,0.0
2022-08-02,1609.9192767441882,1630.5105936568477,1581.2766415724225,1585.2154541015625,1245743,0.0,0.0
2022-08-03,1546.523264325859,1557.5285712312582,1490.3677240240193,1514.46337890625,3041673,0.0,0.0
2022-08-04,1531.8979382315274,1537.806036235855,1506.6148586354432,1534.0699462890625,597419,0.0,0.0
2022-08-05,1541.3103836780012,1574.3260652744912,1532.8827700733518,1558.4263916015625,925569,0.0,0.0
2022-08-08,1563.8999331906755,1632.5377749010183,1555.3275355520043,1626.83251953125,1407803,0.0,0.0
2022-08-10,1636.302753695986,1650.6674940331175,1619.505345016392,1626.340087890625,1095690,0.0,0.0
2022-08-11,1633.406660154354,1661.0645924552455,1633.406660154354,1643.9195556640625,781368,0.0,0.0
2022-08-12,1644.846265582943,1665.205950917643,1635.2891648202726,1648.06103515625,687600,0.0,0.0
2022-08-16,1658.8924267582559,1693.6457617398337,1649.509019086051,1688.6644287109375,645714,0.0,0.0
2022-08-17,1693.6459765487473,1700.828347810254,1666.4225153150674,1677.5435791015625,617530,0.0,0.0
2022-08-18,1677.4276578284828,1691.0393268722567,1658.9504109347727,1667.030517578125,380594,0.0,0.0
2022-08-19,1665.8433159874946,1683.8281521983242,1633.9860291600617,1650.9283447265625,499767,0.0,0.0
2022-08-22,1647.8293609026694,1685.5366861318598,1636.360791268425,1665.6405029296875,964711,0.0,0.0
2022-08-23,1661.0355379150296,1690.112526372536,1644.4119423441155,1667.6097412109375,1023205,0.0,0.0
2022-08-24,1674.5315251877025,1686.9268602835436,1651.9998303170644,1674.4156494140625,873372,0.0,0.0
2022-08-25,1688.4328497707656,1708.6477514769306,1663.2656440511862,1670.1583251953125,982377,0.0,0.0
2022-08-26,1683.2198656989217,1719.1315976852957,1673.9522131642598,1691.35791015625,947651,0.0,0.0
2022-08-29,1665.8432040818739,1678.5860456850316,1641.5157967672312,1649.5380859375,768044,0.0,0.0
2022-08-30,1664.6846478480295,1683.422554461162,1657.9077222372243,1670.2452392578125,956581,0.0,0.0
2022-09-01,1668.7393656883955,1723.1862860998951,1656.720566174528,1691.8214111328125,1492962,0.0,0.0
2022-09-02,1702.7106246829533,1722.317359278782,1680.931881865764,1687.795654296875,695603,0.0,0.0
2022-09-05,1693.5590642840898,1707.8658683612648,1681.511235611363,1700.2490234375,261463,0.0,0.0
2022-09-06,1707.5471663322596,1714.7874747638743,1673.6047198942106,1709.1689453125,393111,0.0,0.0
2022-09-07,1705.8095434651116,1728.97843451695,1695.7600303464624,1703.4346923828125,410777,0.0,0.0
2022-09-08,1712.4126129214426,1717.3070994534753,1698.8588818577052,1707.7498779296875,180172,0.0,0.0
2022-09-09,1722.6070216399164,1723.1862800750748,1683.7991155441282,1694.31201171875,209483,0.0,0.0
2022-09-12,1681.0478349548425,1727.2408340205648,1681.0478349548425,1717.39404296875,335535,0.0,0.0
2022-09-13,1725.995458521072,1775.8375805807464,1714.0344766667315,1768.10498046875,1085709,0.0,0.0
2022-09-14,1744.1828976779864,1805.9859973724658,1744.1828976779864,1800.5701904296875,1076050,0.0,0.0
2022-09-15,1806.0149394399011,1817.888953644439,1766.6277774689722,1773.14404296875,405480,0.0,0.0
2022-09-16,1773.1441801998155,1777.8648534403537,1705.809632245782,1714.005615234375,777603,0.0,0.0
2022-09-19,1714.0054658382926,1729.7603545633706,1696.5708602751276,1713.657958984375,558882,0.0,0.0
2022-09-20,1722.2305351872171,1748.3823239582748,1702.9133693142885,1707.4892578125,416738,0.0,0.0
2022-09-21,1705.8095868029607,1721.8540454685146,1684.4942257662083,1687.1007080078125,210613,0.0,0.0
2022-09-22,1685.5366839663866,1709.3716797565125,1670.1873600721906,1690.9234619140625,288257,0.0,0.0
2022-09-23,1698.8588209568773,1709.2268111410128,1649.5959615260579,1653.36083984375,184160,0.0,0.0
2022-09-26,1634.5652631128812,1651.5944250314074,1596.9157538310656,1602.8238525390625,385642,0.0,0.0
2022-09-27,1602.8238334639511,1609.079438973738,1559.0345948954432,1578.2938232421875,700193,0.0,0.0
2022-09-28,1563.8999933699733,1589.3857970932406,1547.6818422391552,1564.015869140625,307294,0.0,0.0
2022-09-29,1571.8643525834548,1588.3432845076402,1563.900001238306,1583.53564453125,414664,0.0,0.0
2022-09-30,1591.4709591368562,1613.828838084379,1565.3479610979794,1604.9088134765625,506266,0.0,0.0
2022-10-03,1604.9089637574803,1608.934623010632,1560.164052052657,1567.95458984375,405756,0.0,0.0
2022-10-04,1584.1728428524732,1615.6825005068058,1578.699218316923,1592.745361328125,186967,0.0,0.0
2022-10-06,1600.709587725396,1631.9876142019166,1594.1933221717054,1622.0828857421875,335634,0.0,0.0
2022-10-07,1626.4560608641168,1637.4033099654403,1604.503504322633,1633.175048828125,529082,0.0,0.0
2022-10-10,1607.3417294143203,1624.428828435713,1594.6857343335153,1607.2548828125,184741,0.0,0.0
2022-10-11,1615.3060815606916,1618.086256897199,1575.1369384594468,1579.16259765625,253398,0.0,0.0
2022-10-12,1587.0689876975935,1610.1221244621481,1564.826860927635,1604.416748046875,312616,0.0,0.0
2022-10-13,1604.4166302978224,1609.108273988776,1576.7008807031189,1587.097900390625,184935,0.0,0.0
2022-10-14,1617.0726951140523,1617.0726951140523,1583.2461233198878,1590.7760009765625,247194,0.0,0.0
2022-10-17,1589.9071098665638,1601.317741442603,1575.5134601551667,1590.2257080078125,105577,0.0,0.0
2022-10-18,1593.0927798630378,1649.6248556346889,1584.7809221073423,1635.5498046875,573859,0.0,0.0
2022-10-19,1639.198885838451,1681.80069718621,1636.3317434625442,1671.5484619140625,833409,0.0,0.0
2022-10-20,1665.2639578028784,1696.5419843190705,1651.6521682759317,1665.7852783203125,1214721,0.0,0.0
2022-10-21,1666.4222407659108,1675.8635859639437,1622.9806339127956,1629.90234375,261570,0.0,0.0
2022-10-24,1643.8327677294699,1648.9299768218118,1621.96717772747,1632.1324462890625,38693,0.0,0.0
2022-10-25,1639.1988575306534,1649.364246025856,1623.733658288109,1641.5447998046875,181812,0.0,0.0
2022-10-27,1657.0970394975325,1675.1109054898202,1640.6182264852027,1668.015380859375,440627,0.0,0.0
2022-10-28,1672.7358412636952,1695.3834106725917,1662.3967596754992,1690.3731689453125,664566,0.0,0.0
2022-10-31,1703.4925347293652,1714.497721225869,1690.1704351670232,1694.572509765625,566414,0.0,0.0
2022-11-01,1703.0581726549246,1720.289934947263,1692.8348465018962,1705.9542236328125,520576,0.0,0.0
2022-11-02,1707.4892451288013,1707.4892451288013,1678.0358402208503,1684.8416748046875,161345,0.0,0.0
2022-11-03,1679.7444638081372,1699.1484761168474,1670.9403142062438,1674.85009765625,280337,0.0,0.0
2022-11-04,1682.58281814564,1729.789430548247,1674.8502177465734,1722.1436767578125,646538,0.0,0.0
2022-11-07,1730.774100115535,1745.4284110734734,1692.0820697011025,1700.2490234375,457290,0.0,0.0
2022-11-09,1713.628876031842,1714.4977033658581,1681.8585597781246,1689.24365234375,264942,0.0,0.0
2022-11-10,1689.127887443614,1704.0718872037028,1672.1566639220916,1690.6339111328125,325175,0.0,0.0
2022-11-11,1699.090561456804,1719.102741161876,1684.2044995174172,1689.7071533203125,507724,0.0,0.0
2022-11-14,1693.0375715156003,1704.0427579735654,1676.269071354858,1682.235107421875,237371,0.0,0.0
2022-11-15,1689.5911372521182,1690.1414869038003,1647.597615898215,1650.66748046875,445683,0.0,0.0
2022-11-16,1655.417237453501,1684.9285812964063,1639.8650701374565,1668.218017578125,743654,0.0,0.0
2022-11-17,1665.2348962921499,1682.6405931376173,1657.0679431875812,1662.3099365234375,458310,0.0,0.0
2022-11-18,1670.4189173248326,1680.9029037805244,1637.8956491554309,1644.0064697265625,380213,0.0,0.0
2022-11-21,1644.9621087744313,1647.887188873807,1616.6091642730476,1628.51220703125,848682,0.0,0.0
2022-11-22,1636.6794184232633,1644.0065736475635,1615.4798130916577,1623.849609375,587806,0.0,0.0
2022-11-23,1614.9005234845831,1620.9534064381396,1558.9767320218396,1604.30078125,2452673,0.0,0.0
2022-11-24,1616.6672138809408,1649.2484214941414,1610.353670642414,1631.46630859375,1063540,0.0,0.0
2022-11-25,1631.4662605071276,1647.2211491960486,1592.8610797705724,1609.39794921875,839496,0.0,0.0
2022-11-28,1610.2378200677178,1628.483315889098,1595.8441698790937,1601.375732421875,425898,0.0,0.0
2022-11-29,1605.5749580002912,1617.6518144735599,1593.672035627154,1609.4847412109375,329695,0.0,0.0
2022-11-30,1612.7574617172295,1625.2977018350266,1602.0129347431193,1607.3128662109375,803743,0.0,0.0
2022-12-01,1614.8716525609373,1616.4934315900896,1589.6175995697718,1607.3128662109375,742344,0.0,0.0
2022-12-02,1607.9209795272266,1608.1526106152146,1578.8728992953156,1602.5631103515625,512399,0.0,0.0
2022-12-05,1608.500137832382,1613.1919020666107,1587.6481601712173,1601.0281982421875,299959,0.0,0.0
2022-12-06,1602.0708028408237,1607.3417049089455,1592.8610882397925,1600.825439453125,278284,0.0,0.0
2022-12-07,1634.5941329842167,1707.5472073802814,1634.5941329842167,1682.8433837890625,4856338,0.0,0.0
2022-12-08,1685.5367480816517,1713.3394662592952,1670.76668203108,1706.3018798828125,959261,0.0,0.0
2022-12-09,1708.7054561493878,1734.7705166969292,1701.0887326168024,1718.55224609375,1211718,0.0,0.0
2022-12-12,1714.2082068318903,1769.4949217755825,1711.6885713208942,1759.8798828125,1514941,0.0,0.0
2022-12-13,1758.5476881001032,1770.8561763365124,1717.1333020119425,1731.96142578125,996714,0.0,0.0
2022-12-14,1734.452025218017,1762.283650834011,1724.6342638373992,1754.1165771484375,752293,0.0,0.0
2022-12-15,1752.1473265884954,1752.1473265884954,1711.7755808838365,1718.2628173828125,333860,0.0,0.0
2022-12-16,1706.996949633287,1711.3699952593954,1670.8823742646962,1676.8773193359375,741576,0.0,0.0
2022-12-19,1676.8773260630649,1717.3649472201882,1661.2094039559722,1712.4705810546875,369496,0.0,0.0
2022-12-20,1703.4926433189078,1730.107935425045,1698.9457839487845,1712.0361328125,706855,0.0,0.0
2022-12-21,1717.3939274081365,1730.6580893554963,1658.921472632826,1670.737548828125,267492,0.0,0.0
2022-12-22,1674.5314765968378,1685.5366634486165,1649.1036108409778,1657.183837890625,332174,0.0,0.0
2022-12-23,1650.7831928048058,1657.0098888331338,1606.530697473216,1614.4080810546875,347993,0.0,0.0
2022-12-26,1631.0899710739725,1667.5519347211743,1631.0899710739725,1641.4000244140625,882794,0.0,0.0
2022-12-27,1650.7832974862945,1662.367742524465,1629.7285981404004,1652.463134765625,313143,0.0,0.0
2022-12-28,1649.885513783529,1669.1157112641952,1642.094976527066,1657.2415771484375,186654,0.0,0.0
2022-12-29,1655.9964805432003,1656.5467097951923,1619.3896127733037,1634.796875,532375,0.0,0.0
2022-12-30,1642.992838932386,1659.4427420405834,1633.4067083959985,1637.11376953125,236707,0.0,0.0
2023-01-02,1648.4664903202079,1650.696436346187,1631.5532055315825,1638.2431640625,211608,0.0,0.0
2023-01-03,1640.9367071342308,1653.5347646218445,1636.3028807132066,1643.51416015625,154523,0.0,0.0
2023-01-04,1638.0404572168686,1649.5380556630726,1627.6144084943762,1630.771240234375,94896,0.0,0.0
2023-01-05,1641.5157641579492,1683.3646230154607,1630.8291756525612,1676.9642333984375,516535,0.0,0.0
2023-01-06,1685.333909189013,1691.7633279759966,1664.3950856242466,1674.9368896484375,389146,0.0,0.0
2023-01-09,1677.3986299231433,1699.1484639651155,1672.7938327808606,1681.858642578125,273042,0.0,0.0
2023-01-10,1688.4328064603467,1691.3288574974697,1653.3899023291635,1662.4547119140625,216276,0.0,0.0
2023-01-11,1668.159960308906,1708.6477003964912,1653.4477127431269,1703.4925537109375,575840,0.0,0.0
2023-01-12,1703.492502122707,1732.6274274053599,1701.8996319487442,1726.835205078125,582019,0.0,0.0
2023-01-13,1722.0277396611796,1725.9664316943213,1696.541936534228,1718.3206787109375,371640,0.0,0.0
2023-01-16,1719.710951384693,1726.5167862239516,1699.6698624605726,1705.056640625,173518,0.0,0.0
2023-01-17,1754.6958561803722,1768.9158129405876,1682.7565150697703,1706.0701904296875,2357942,0.0,0.0
2023-01-18,1720.290070330397,1786.4662195696683,1716.3224693376806,1775.113525390625,2312918,0.0,0.0
2023-01-19,1774.7369784472671,1792.0557090471284,1762.573274370443,1765.2667236328125,842164,0.0,0.0
2023-01-20,1770.0163258580933,1799.9332348079315,1763.2395202276755,1772.94140625,1055934,0.0,0.0
2023-01-23,1786.9007145067096,1794.1699320034256,1758.7504893723242,1771.55126953125,493693,0.0,0.0
2023-01-24,1771.5512608892832,1771.5512608892832,1746.7605902214032,1759.67724609375,481186,0.0,0.0
2023-01-25,1759.6770661888356,1762.0519170863395,1716.8145969876127,1734.9443359375,438949,0.0,0.0
2023-01-27,1737.0585524742949,1743.632756068034,1680.0341810396094,1713.281494140625,281959,0.0,0.0
2023-01-30,1712.7891294668877,1730.0499213548733,1679.7444197049613,1689.6202392578125,369712,0.0,0.0
2023-01-31,1704.2649650394399,1736.2219141092864,1699.7496739912933,1705.0224609375,665699,10.0,0.0
2023-02-01,1718.7430909394443,1789.2699299212013,1684.6013759761734,1715.8883056640625,1739146,0.0,0.0
2023-02-02,1715.8883771291519,1732.0853646971964,1691.9716437247346,1704.4688720703125,592417,0.0,0.0
2023-02-03,1709.9747182846281,1776.4231768175157,1701.4393191414943,1764.01318359375,994847,0.0,0.0
2023-02-06,1772.927202868859,1798.5627193094515,1759.1772958193292,1793.5521240234375,647329,0.0,0.0
2023-02-07,1804.3890833594894,1826.5288765157934,1780.5015488988656,1816.6533203125,633612,0.0,0.0
2023-02-08,1817.2067470857442,1826.2374498200168,1800.9514821640535,1818.3719482421875,330625,0.0,0.0
2023-02-09,1812.5458242240934,1849.251177671938,1803.8065120510703,1808.292724609375,905913,0.0,0.0
2023-02-10,1804.9716401461178,1832.3550191129157,1800.3105930689983,1824.0526123046875,344061,0.0,0.0
2023-02-13,1844.007591891198,1844.007591891198,1793.4940524719104,1823.26611328125,507533,0.0,0.0
2023-02-14,1826.5287878614624,1833.8989853229223,1794.5426397531194,1820.67333984375,992697,0.0,0.0
2023-02-15,1835.2681254855138,1892.3944868270044,1801.0389312685352,1881.528564453125,2489342,0.0,0.0
2023-02-16,1891.75365530496,1893.5305962342252,1872.0317434161598,1877.625,868464,0.0,0.0
2023-02-17,1877.5957399030124,1890.6174718155544,1855.892974542676,1861.45703125,596654,0.0,0.0
2023-02-20,1870.1672251079146,1888.8403701041495,1860.3208695358633,1862.622314453125,577187,0.0,0.0
2023-02-21,1876.022816715749,1925.4585115964946,1861.9232396162897,1919.28271484375,2267083,0.0,0.0
2023-02-22,1919.7486645035456,1930.7019429454588,1891.2291640519215,1894.4044189453125,876944,0.0,0.0
2023-02-23,1899.298592970555,1911.0093680915415,1884.8495889143423,1897.6090087890625,539054,0.0,0.0
2023-02-24,1907.1057812282415,1909.8732098098283,1876.051842470088,1891.491455078125,273422,0.0,0.0
2023-02-27,1891.491412214975,1899.5316274644156,1842.4343466183552,1865.50634765625,521428,0.0,0.0
2023-02-28,1874.8576334759427,1901.8913443777878,1852.7469190440436,1891.5498046875,670709,0.0,0.0
2023-03-01,1898.1915943723036,1903.260467875449,1882.02380708066,1897.6964111328125,375381,0.0,0.0
2023-03-02,1899.3567610340297,1899.3567610340297,1817.78928756555,1824.8099365234375,963864,0.0,0.0
2023-03-03,1838.1812991269487,1854.5530000920267,1824.7809399994983,1843.19189453125,515155,0.0,0.0
2023-03-06,1850.4164899254831,1881.0624817595456,1846.6584524350521,1877.3045654296875,394371,0.0,0.0
2023-03-08,1872.556062577674,1919.1660478796312,1867.6037455813128,1915.349853515625,532620,0.0,0.0
2023-03-09,1919.74879117898,1935.3631175374912,1914.3303692513537,1922.2540283203125,550547,0.0,0.0
2023-03-10,1899.3567908025598,1935.8582290879585,1891.8118799602503,1927.9345703125,372576,0.0,0.0
2023-03-13,1933.6151532631684,1934.2851711894496,1890.4718145178033,1905.1539306640625,468760,0.0,0.0
2023-03-14,1902.2117866137398,1908.999323069196,1877.0423738379843,1895.2203369140625,417775,0.0,0.0
2023-03-15,1913.8059676715864,1928.5755623803675,1902.2700274298124,1911.3590087890625,447100,0.0,0.0
2023-03-16,1906.1152914393756,1907.9797102899472,1866.671589048894,1901.57080078125,383899,0.0,0.0
2023-03-17,1911.009242529699,1932.5663724678711,1900.9298951777325,1917.068603515625,621528,0.0,0.0
2023-03-20,1899.3567825308244,1927.2937436790394,1899.3567825308244,1918.146484375,244724,0.0,0.0
2023-03-21,1925.5749604868333,1941.8010259053494,1912.7571418106215,1930.3233642578125,385393,0.0,0.0
2023-03-22,1938.9754339628164,1950.0161912603567,1908.5041554273446,1926.973388671875,612734,0.0,0.0
2023-03-23,1926.9733811443505,1945.966876117993,1920.8557414703894,1937.1983642578125,428836,0.0,0.0
2023-03-24,1951.7930776097946,1951.7930776097946,1926.0702038463676,1942.150634765625,565595,0.0,0.0
2023-03-27,1942.1506235480167,1955.0267207843924,1908.9992742369882,1916.68994140625,485104,0.0,0.0
2023-03-28,1919.690479875327,1927.2645905644188,1896.472843399417,1906.7562255859375,273833,0.0,0.0
2023-03-29,1908.6498136152813,1951.2106158929037,1908.6498136152813,1937.7227783203125,606070,0.0,0.0
2023-03-31,1937.781006946751,1951.7931059702844,1931.4012970133824,1938.480224609375,332017,0.0,0.0
2023-04-03,1950.045173967898,1957.6192845525168,1928.6045998624456,1953.395263671875,260150,0.0,0.0
2023-04-05,1953.395222085318,1967.8734250055284,1936.5574171544033,1952.4630126953125,415184,0.0,0.0
2023-04-06,1952.9292134773302,1960.6781589777988,1935.7709380067827,1957.531982421875,473579,0.0,0.0
2023-04-10,1960.5325408507438,1980.9243498247179,1954.9102056499862,1971.369384765625,421077,0.0,0.0
2023-04-11,1969.271855413932,1980.9243523167395,1945.3843215755767,1949.812255859375,372128,0.0,0.0
2023-04-12,1954.0945237506878,1967.4074049256749,1932.886940956805,1942.849853515625,261652,0.0,0.0
2023-04-13,1945.937742616507,1961.0568855063204,1928.4880761624672,1938.1014404296875,412559,0.0,0.0
2023-04-17,1940.1406042710448,1966.358782762569,1931.9839534048951,1945.762939453125,300927,0.0,0.0
2023-04-18,1953.4827432861764,1959.279791825586,1925.6915379873617,1931.838134765625,402770,0.0,0.0
2023-04-19,1934.0229964482503,1940.1405146052775,1898.1915763502427,1900.37646484375,460840,0.0,0.0
2023-04-20,1909.2615640573554,1923.3319417552111,1901.0466346793305,1905.940673828125,328472,0.0,0.0
2023-04-21,1916.7772683069325,1920.4770274092705,1887.704305389641,1893.210205078125,328323,0.0,0.0
2023-04-24,1893.5305879274035,1913.922517682482,1891.2292640584278,1904.367431640625,218305,0.0,0.0
2023-04-25,1913.281553612284,1955.9879884988945,1905.7657212230674,1940.9271240234375,710745,0.0,0.0
2023-04-26,1944.772505613222,2013.7552748809956,1943.0828003349075,2008.6864013671875,1231057,0.0,0.0
2023-04-27,2010.0264538253093,2028.6995995256125,1998.4030358196585,2003.908935546875,822523,0.0,0.0
2023-04-28,2010.055501535822,2021.0962581968743,1999.0147448747696,2009.822509765625,769114,0.0,0.0
2023-05-02,2017.1634820718534,2055.937286213241,2010.0846760379786,2039.2449951171875,587097,0.0,0.0
2023-05-03,2039.1869803965153,2067.4442917543242,2021.9412266338009,2063.016357421875,591278,0.0,0.0
2023-05-04,2064.2396060722194,2095.6429693794485,2057.830697073735,2084.835205078125,682337,0.0,0.0
2023-05-05,2091.594084560888,2123.1430874034318,2086.3795756153163,2117.520751953125,595310,0.0,0.0
2023-05-08,2126.5515521678244,2155.711995042983,2109.48051160151,2149.739990234375,551199,0.0,0.0
2023-05-09,2169.112193875403,2169.8403688852864,2116.3264118111933,2135.0869140625,808217,0.0,0.0
2023-05-10,2144.0593974157932,2190.5528278471375,2135.4654781370864,2164.130615234375,955917,0.0,0.0
2023-05-11,2168.1800647267846,2220.965848744897,2160.6642321335908,2212.255615234375,880070,0.0,0.0
2023-05-12,2234.3662930834203,2294.609754914494,2209.196879570408,2267.0224609375,2095305,0.0,0.0
2023-05-15,2280.393740546447,2286.9773639458795,2225.189831771929,2233.43408203125,805223,0.0,0.0
2023-05-16,2246.6012454429456,2280.9471173973734,2240.7751181833005,2255.92333984375,618130,0.0,0.0
2023-05-17,2265.245200253608,2282.95717968027,2237.5997501438815,2267.109619140625,635639,0.0,0.0
2023-05-18,2283.3065317446994,2283.3065317446994,2226.8503109956455,2232.763916015625,687438,0.0,0.0
2023-05-19,2237.9493463155595,2259.418999029846,2108.548405374868,2168.937255859375,1256060,0.0,0.0
2023-05-22,2097.5075943044453,2100.945162059711,1930.8478347081927,1980.7496337890625,8408508,0.0,0.0
2023-05-23,1990.7998577149274,1999.5683692870884,1962.3094344494286,1987.1002197265625,1757211,0.0,0.0
2023-05-24,1987.1002293339648,2029.1074470917383,1966.9414125297,1998.9857177734375,1467905,0.0,0.0
2023-05-25,2003.064085559369,2038.3419237765315,1991.5864237027304,2031.75830078125,1252852,0.0,0.0
2023-05-26,2039.1869188203902,2065.404854607226,2026.9225612618773,2050.48974609375,755510,0.0,0.0
2023-05-29,2068.318026014831,2070.648670728275,2033.9433185423463,2046.586181640625,846908,0.0,0.0
2023-05-30,2058.4134342712828,2100.3623744465813,2050.9266802108946,2073.969482421875,1358081,0.0,0.0
2023-05-31,2074.144378339462,2084.9812219003625,2052.499769754082,2069.279296875,3283304,0.0,0.0
2023-06-01,2069.279324797442,2073.9694504643885,2049.674090635211,2059.1708984375,336448,0.0,0.0
2023-06-02,2061.909080907287,2079.9414081431173,2054.7429179919445,2069.862060546875,398025,0.0,0.0
2023-06-05,2069.862007773692,2087.952491620606,2046.207346174546,2052.00439453125,369899,0.0,0.0
2023-06-06,2053.781646456163,2093.370862147709,2048.625294990514,2089.438232421875,528191,0.0,0.0
2023-06-07,2106.188729100625,2132.319429462471,2097.4494171096203,2128.852783203125,981639,0.0,0.0
2023-06-08,2137.621525593481,2140.3306761013496,2104.4700530818054,2132.08642578125,674203,0.0,0.0
2023-06-09,2141.1169741105837,2153.0607399550336,2115.539737229179,2131.561767578125,465519,0.0,0.0
2023-06-12,2143.476778240198,2144.03023976922,2119.589242947764,2131.474853515625,205473,0.0,0.0
2023-06-13,2129.4938304103334,2180.2986413201993,2123.696781433677,2175.754150390625,513455,0.0,0.0
2023-06-14,2184.260606638719,2196.1168961594926,2171.2096738188648,2192.533935546875,424054,0.0,0.0
2023-06-15,2195.3300610700167,2201.15643025321,2173.510982131691,2185.83349609375,425059,0.0,0.0
2023-06-16,2182.8911939150044,2213.391426690808,2179.016721480988,2209.9541015625,521744,0.0,0.0
2023-06-19,2215.1394380059633,2236.114028852017,2204.273515802931,2218.46044921875,388770,0.0,0.0
2023-06-20,2231.4529427016187,2237.279312070704,2211.2942474839274,2231.103515625,543980,0.0,0.0
2023-06-21,2234.3660041877874,2248.8732850959364,2202.3798584572673,2215.284912109375,611843,0.0,0.0
2023-06-22,2218.6352543546022,2219.800576761142,2144.292337383422,2149.215576171875,591744,0.0,0.0
2023-06-23,2153.963947204037,2159.149134783563,2120.8124777966254,2141.553955078125,293332,0.0,0.0
2023-06-26,2144.0299388989906,2163.2857448405302,2123.7256094460618,2155.3330078125,365427,0.0,0.0
2023-06-27,2153.09002262079,2168.8501053296777,2149.011757729641,2159.32421875,349944,0.0,0.0
2023-06-28,2175.5212380138323,2203.254166639001,2145.3995074944514,2193.436767578125,741217,0.0,0.0
2023-06-30,2192.999732285378,2199.933024610134,2170.102565884619,2194.42724609375,332661,0.0,0.0
2023-07-03,2196.4954982019976,2206.9826724946547,2164.1306021144737,2171.704833984375,232954,0.0,0.0
2023-07-04,2171.442759350318,2184.7849620312013,2138.2331299821794,2157.576416015625,427882,0.0,0.0
2023-07-05,2156.8770386439483,2190.086667418925,2155.8575935717377,2161.5380859375,391051,0.0,0.0
2023-07-06,2170.1317165913747,2190.669402780197,2161.9167875085323,2173.62744140625,370134,0.0,0.0
2023-07-07,2162.44114115916,2184.114828574597,2144.1175435060095,2150.147705078125,309705,0.0,0.0
2023-07-10,2155.712006185495,2163.7522220740652,2119.6766697004596,2125.094970703125,404344,0.0,0.0
2023-07-11,2136.1937671025926,2199.9911040838406,2127.192264205092,2194.514404296875,684220,0.0,0.0
2023-07-12,2213.8577967320116,2258.3411728020924,2210.915533466138,2230.782958984375,1560437,0.0,0.0
2023-07-13,2237.512260319454,2237.512260319454,2158.0423143869834,2172.229248046875,745343,0.0,0.0
2023-07-14,2183.6486898863295,2187.756275696661,2144.700169157145,2149.76904296875,819344,0.0,0.0
2023-07-17,2169.6947220141305,2175.666726347044,2148.166670200765,2156.935302734375,559835,0.0,0.0
2023-07-18,2158.6831494902626,2177.851477968132,2144.0593115155843,2156.673095703125,505066,0.0,0.0
2023-07-19,2146.5064871288664,2184.843147957119,2146.5064871288664,2161.7421875,507758,0.0,0.0
2023-07-20,2166.199202216412,2181.3183461232484,2045.333771220311,2118.074462890625,1133658,0.0,0.0
2023-07-21,2119.0065845451186,2134.1254855041125,2100.6829864265096,2105.576904296875,595825,0.0,0.0
2023-07-24,2109.1020723555935,2162.470400066802,2100.3918382471315,2152.740478515625,468700,0.0,0.0
2023-07-25,2155.6244572518485,2172.84113235289,2136.077379689876,2151.48779296875,576871,0.0,0.0
2023-07-26,2155.129191179798,2197.6609148375255,2139.4275076040403,2192.592041015625,349175,0.0,0.0
2023-07-27,2193.5532117133976,2209.866755321248,2178.317512524425,2186.00830078125,299478,0.0,0.0
2023-07-28,2193.582292446533,2251.4369486861256,2180.9685079509236,2247.591796875,692509,0.0,0.0
2023-07-31,2295.1922011388183,2370.612960658449,2273.693227008184,2320.5947265625,2739155,0.0,0.0
2023-08-01,2333.4121987638455,2333.4121987638455,2259.418956416571,2266.9638671875,558935,0.0,0.0
2023-08-02,2266.410590984407,2270.7512897796073,2206.6915123665353,2225.044189453125,549002,0.0,0.0
2023-08-03,2227.3455289477574,2253.4764728733767,2170.277443334911,2211.0322265625,761346,0.0,0.0
2023-08-04,2219.800479373858,2230.7248009431673,2192.6794129020905,2199.9912109375,447988,0.0,0.0
2023-08-07,2219.8004983799574,2252.427586041818,2209.9249426138526,2233.841796875,591402,0.0,0.0
2023-08-08,2240.775077823989,2240.775077823989,2168.529453321852,2201.943115234375,648131,0.0,0.0
2023-08-09,2213.916044541163,2213.974443937979,2143.2728870494343,2174.4140625,1460256,0.0,0.0
2023-08-10,2176.6861786785976,2184.8138718416803,2129.0567481407566,2137.329833984375,502959,0.0,0.0
2023-08-11,2138.174974075077,2161.042821290546,2122.5896044729016,2128.182861328125,366862,0.0,0.0
2023-08-14,2136.019380895035,2141.0007770621587,2078.2228754412654,2098.96435546875,463649,0.0,0.0
2023-08-16,2097.4493902841305,2113.9667260840506,2078.135183897489,2101.731689453125,382100,0.0,0.0
2023-08-17,2111.43232357981,2114.3455083605763,2077.3488855367314,2083.495361328125,384688,0.0,0.0
2023-08-18,2084.6314737986017,2116.0932374132544,2084.6314737986017,2101.003173828125,672406,0.0,0.0
2023-08-21,2116.559393063459,2136.164870136456,2105.1981660674337,2128.2412109375,523153,0.0,0.0
2023-08-22,2134.0962999396506,2148.7494589206162,2127.1923285070943,2134.533447265625,305247,0.0,0.0
2023-08-23,2135.319814994934,2177.8515365255885,2135.319814994934,2166.40283203125,548819,0.0,0.0
2023-08-24,2178.375816410451,2242.0859177614498,2174.4138659886858,2216.071533203125,1246331,0.0,0.0
2023-08-25,2217.4701291211827,2251.8448373633178,2202.08879448839,2206.37109375,666187,0.0,0.0
2023-08-28,2211.6146840835527,2250.6213610530303,2204.215407932799,2241.357666015625,467613,0.0,0.0
2023-08-29,2254.1754384459377,2263.4972903643697,2243.9795341770478,2252.048828125,533864,0.0,0.0
2023-08-30,2263.4972594876754,2266.410444187945,2247.2130368090197,2252.922607421875,425172,0.0,0.0
2023-08-31,2251.844766440308,2326.391713953439,2240.8916087429534,2285.11279296875,1194157,0.0,0.0
2023-09-01,2285.11302575984,2286.715253278541,2238.4739564813726,2264.69189453125,455433,0.0,0.0
2023-09-04,2266.4104781799783,2282.8405784290917,2228.685438476979,2267.721435546875,330030,0.0,0.0
2023-09-05,2272.236881746407,2287.909486347225,2262.244769392483,2272.440673828125,390707,0.0,0.0
2023-09-06,2283.8892527358094,2303.698520486549,2270.9548777696787,2298.338134765625,398969,0.0,0.0
2023-09-07,2300.639724017165,2319.662417570782,2289.715402715999,2295.512451171875,369790,0.0,0.0
2023-09-08,2298.454773955926,2315.292700614317,2288.5794605818737,2298.804443359375,268889,0.0,0.0
2023-09-11,2298.804676590574,2330.4411584120394,2292.657957957319,2304.1357421875,530792,0.0,0.0
2023-09-12,2311.0978774666737,2320.47812874617,2221.57742151387,2237.220947265625,582758,0.0,0.0
2023-09-13,2245.901958064094,2245.901958064094,2214.0905256560013,2230.666259765625,240449,0.0,0.0
2023-09-14,2235.3566400378295,2243.688125844984,2214.5570040580396,2230.375244140625,284513,0.0,0.0
2023-09-15,2238.2114243115757,2245.4066654597145,2216.8871653604347,2220.295654296875,672670,0.0,0.0
2023-09-18,2220.2958519085773,2231.9774273943754,2191.135409839791,2201.593505859375,253485,0.0,0.0
2023-09-20,2198.7095638036812,2219.7713901034967,2184.6391869602694,2198.88427734375,499215,0.0,0.0
2023-09-21,2196.4957153931446,2224.374280653186,2169.1124545920384,2179.01708984375,463586,0.0,0.0
2023-09-22,2183.765137964588,2194.2232336287343,2144.1175226861933,2149.33203125,244783,0.0,0.0
2023-09-25,2161.5378538939563,2164.3344819698664,2133.571815455981,2152.5654296875,245560,0.0,0.0
2023-09-26,2155.711668700583,2160.5474288920586,2137.5627863944696,2144.23388671875,329823,0.0,0.0
2023-09-27,2144.0593739208184,2176.103678983372,2122.5894787095167,2170.597900390625,375787,0.0,0.0
2023-09-28,2179.5703368800855,2179.5703368800855,2106.1887106917998,2112.91796875,452819,0.0,0.0
2023-09-29,2114.432806112898,2149.8565234387993,2114.432806112898,2139.689697265625,306121,0.0,0.0
2023-10-03,2132.4069965734147,2139.3984464586056,2073.270457932015,2079.766845703125,1181655,0.0,0.0
2023-10-04,2079.970527571112,2098.6437945752346,2036.7690301920697,2040.0025634765625,1326457,0.0,0.0
2023-10-05,2050.2564801917392,2070.881400197956,2042.2746647432257,2050.664306640625,475857,0.0,0.0
2023-10-06,2065.23031077985,2082.8838919518394,2040.3521665339338,2058.41357421875,747181,0.0,0.0
2023-10-09,2050.839431403105,2072.6003546231,2020.9216150518896,2063.6279296875,464336,0.0,0.0
2023-10-10,2060.7442604013077,2099.8381763004663,2060.7442604013077,2092.235107421875,401794,0.0,0.0
2023-10-11,2112.597529072936,2117.229255143375,2065.7253529818468,2073.270263671875,797232,0.0,0.0
2023-10-12,2074.1735271222497,2103.275569679676,2073.2703962146375,2098.031982421875,386339,0.0,0.0
2023-10-13,2077.057468143496,2102.867821224275,2075.4845615325908,2092.905029296875,268932,0.0,0.0
2023-10-16,2097.4493979294766,2108.5191122431415,2083.495335087386,2098.643798828125,490957,0.0,0.0
2023-10-17,2111.898455251635,2111.898455251635,2085.7968345011295,2093.39990234375,387230,0.0,0.0
2023-10-18,2094.5361665042647,2103.8580182279547,2030.4474363292159,2034.7296142578125,904120,0.0,0.0
2023-10-19,2032.1661056487274,2032.1661056487274,2001.4327583782992,2018.066650390625,705738,0.0,0.0
2023-10-20,2010.0264800850937,2024.592040372798,1990.27548970686,2005.278076171875,425467,0.0,0.0
2023-10-23,2005.278027211835,2024.3297994733255,1982.7013305627459,1989.51806640625,324155,0.0,0.0
2023-10-25,1989.5181459059409,2005.3071858786222,1972.1850356005132,2000.0635986328125,408712,0.0,0.0
2023-10-26,1992.576923902669,2000.1219565188217,1951.79318321424,1984.857177734375,689937,0.0,0.0
2023-10-27,1980.924269093233,2009.4437704213576,1972.0393223615072,1996.6551513671875,265119,0.0,0.0
2023-10-30,1981.011870424235,2018.1833290283794,1980.9243924890918,1998.7528076171875,217044,0.0,0.0
2023-10-31,1993.1595289553177,1998.4031162621907,1891.2002406875042,1940.6942138671875,1997149,0.0,0.0
2023-11-01,1945.9668865868466,1957.0368435990092,1930.7021081785945,1937.606201171875,598879,0.0,0.0
2023-11-02,1942.9955007154197,1970.3206020503121,1939.5580541457155,1963.969970703125,203543,0.0,0.0
2023-11-03,1978.0111396148739,1978.0111396148739,1953.9487728836148,1962.01806640625,432519,0.0,0.0
2023-11-06,1966.6791692250831,1969.3300412671833,1945.1803170827407,1961.814208984375,765326,0.0,0.0
2023-11-07,1922.6618475927248,1960.9694277290223,1922.6327690556225,1950.394775390625,684705,0.0,0.0
2023-11-08,1948.8799530432884,1998.490479856459,1948.8799530432884,1994.8489990234375,328797,0.0,0.0
2023-11-09,2001.8989490895337,2007.1425363618202,1969.8545219397797,1974.719482421875,690511,0.0,0.0
2023-11-10,1972.1849323088145,1992.34374842444,1967.5530850348814,1985.20654296875,457427,0.0,0.0
2023-11-13,1993.159483489504,2000.4423242455264,1979.9047593545606,1991.41162109375,164018,0.0,0.0
2023-11-15,2018.7950479290735,2079.271500187079,1988.5276826820864,2036.5650634765625,2036950,0.0,0.0
2023-11-16,2044.896572648806,2062.8705016482763,2019.8729155853634,2053.75244140625,656910,0.0,0.0
2023-11-17,2056.665571990637,2086.496031763884,2040.3813488017472,2080.407470703125,525864,0.0,0.0
2023-11-20,2085.7968984596396,2094.536210358934,2074.1444018202,2089.4091796875,186235,0.0,0.0
2023-11-21,2097.4494110898763,2103.0424253553815,2074.9600705953985,2091.069580078125,300426,0.0,0.0
2023-11-22,2091.069668685413,2097.449499967504,2050.839511079337,2067.735595703125,278833,0.0,0.0
2023-11-23,2071.8138320884204,2118.4238203332147,2056.665610140977,2108.6357421875,535388,0.0,0.0
2023-11-24,2120.7543269312014,2121.832171328866,2100.391597519208,2114.1123046875,392504,0.0,0.0
2023-11-28,2120.754508921493,2130.659143744052,2083.2041806752095,2124.54150390625,460978,0.0,0.0
2023-11-29,2142.894026438484,2142.894026438484,2089.6713391185594,2118.278076171875,1357340,0.0,0.0
2023-11-30,2120.6958407644947,2135.640269040767,2106.5963862429144,2131.00830078125,859189,0.0,0.0
2023-12-01,2138.233162330295,2202.2926986483612,2124.949358846307,2186.6494140625,683148,0.0,0.0
2023-12-04,2213.945047335019,2236.084960641747,2179.3663052532434,2218.169189453125,1042728,0.0,0.0
2023-12-05,2219.8006039921074,2243.1055984818995,2200.020412981931,2239.318603515625,548981,0.0,0.0
2023-12-06,2243.1056994256687,2286.5112354421462,2234.3954652185703,2244.241943359375,743908,0.0,0.0
2023-12-07,2253.5635507841043,2253.592629320508,2221.9561509977543,2232.763916015625,239029,0.0,0.0
2023-12-08,2246.601305391803,2262.0117189410266,2205.264225015439,2229.82177734375,270593,0.0,0.0
2023-12-11,2231.452865177805,2269.3235377977717,2231.452865177805,2264.2255859375,311661,0.0,0.0
2023-12-12,2264.2258360253345,2275.907411862982,2233.200974124663,2246.863525390625,227102,0.0,0.0
2023-12-13,2253.0101839199992,2299.6201718789234,2247.8540745568134,2292.279052734375,443226,0.0,0.0
2023-12-14,2301.3680420726187,2301.3680420726187,2261.050407198602,2282.753173828125,363192,0.0,0.0
2023-12-15,2292.6285757662517,2304.2810720119774,2251.37873420996,2276.48974609375,635745,0.0,0.0
2023-12-18,2281.1508527685073,2473.242211154929,2272.877524483616,2411.629638671875,2801186,0.0,0.0
2023-12-19,2417.8929207659385,2432.108932677848,2330.528396056147,2341.918701171875,880976,0.0,0.0
2023-12-20,2362.427034602013,2392.1700153887764,2258.4867761187625,2277.567626953125,735360,0.0,0.0
2023-12-21,2246.601097193438,2315.350993640105,2219.3050760759097,2311.243408203125,586859,0.0,0.0
2023-12-22,2380.022323046492,2400.4143744734124,2289.4533406796127,2304.6015625,1064690,0.0,0.0
2023-12-26,2321.759943701822,2340.695403578364,2310.1658456079285,2333.033935546875,307874,0.0,0.0
2023-12-27,2347.948938572649,2361.2908985690647,2309.845149916182,2317.4775390625,721724,0.0,0.0
2023-12-28,2336.0051843800657,2348.9683964957226,2298.6004920260066,2307.10693359375,1286801,0.0,0.0
2023-12-29,2314.7684063918527,2348.385861602671,2300.2320453536813,2344.89013671875,326993,0.0,0.0
2024-01-01,2347.395307670093,2364.2913907005614,2335.742811546895,2345.38525390625,218044,0.0,0.0
2024-01-02,2356.7466261540944,2359.047950057505,2311.097926749183,2354.736572265625,358545,0.0,0.0
2024-01-03,2362.543518264224,2394.587821885286,2362.048213878971,2380.109619140625,591658,0.0,0.0
2024-01-04,2389.926949911115,2404.5507887239146,2375.099319014908,2382.14892578125,376886,0.0,0.0
2024-01-05,2388.2665237575693,2397.2389486573234,2363.7089723325075,2375.477783203125,238564,0.0,0.0
2024-01-08,2385.265965840261,2386.489687657694,2331.693847884569,2339.530029296875,286950,0.0,0.0
2024-01-09,2348.4733089253564,2457.5115238438393,2347.9780045048938,2443.178955078125,1113636,0.0,0.0
2024-01-10,2441.751521847848,2464.066149868105,2416.6695862598413,2435.808837890625,455041,0.0,0.0
2024-01-11,2440.0326413717044,2445.800611549379,2406.8230133033953,2423.602783203125,222858,0.0,0.0
2024-01-12,2430.5067211083397,2440.4988333198057,2396.10269260228,2420.28173828125,272920,0.0,0.0
2024-01-15,2425.5254061739483,2435.0803713667706,2398.7828442637806,2425.78759765625,261472,0.0,0.0
2024-01-16,2433.215976094536,2447.0244045350537,2381.1295294352567,2390.77197265625,321412,0.0,0.0
2024-01-17,2384.100876972625,2407.9009334678194,2346.9583755780554,2392.7236328125,302708,0.0,0.0
2024-01-18,2388.761748664365,2392.111838331648,2310.107216662615,2354.852783203125,319526,0.0,0.0
2024-01-19,2377.6919130317833,2418.475531113821,2367.1463390982335,2412.940673828125,189988,0.0,0.0
2024-01-23,2382.935473677928,2408.3379990829985,2342.1518560515324,2379.381591796875,817128,0.0,0.0
2024-01-24,2377.109448971052,2454.0158826794145,2363.126306819707,2446.441650390625,373434,0.0,0.0
2024-01-25,2455.1518059458303,2459.3175487594062,2412.066863941492,2450.17041015625,279327,0.0,0.0
2024-01-29,2449.354650698187,2516.3273660006003,2444.8976380613926,2508.520263671875,784343,0.0,0.0
2024-01-30,2526.352391560284,2535.7115166105473,2400.7075366419463,2423.724853515625,832629,10.0,0.0
2024-01-31,2407.024986271972,2464.261135151107,2390.2663859041345,2421.88232421875,834154,0.0,0.0
2024-02-01,2433.932245712358,2485.6115523606863,2356.983542842564,2400.970947265625,1086532,0.0,0.0
2024-02-02,2412.8742117902243,2509.3600543331368,2405.3285234803716,2434.692626953125,921748,0.0,0.0
2024-02-05,2442.12127135173,2485.991653623719,2412.260139508133,2426.298583984375,523729,0.0,0.0
2024-02-06,2439.079638043751,2485.9917995721353,2418.753037750963,2466.54248046875,268988,0.0,0.0
2024-02-07,2509.360137023725,2509.360137023725,2434.5464936539443,2485.52392578125,389046,0.0,0.0
2024-02-08,2496.520559790468,2535.7116239025154,2465.5189129067107,2472.27490234375,400136,0.0,0.0
2024-02-09,2474.7022932751156,2515.94058848232,2430.9489308680195,2501.0830078125,393964,0.0,0.0
2024-02-12,2501.0830537146894,2549.9256693643447,2459.0844960806953,2467.478271484375,529370,0.0,0.0
2024-02-13,2467.273771544721,2632.109699434136,2408.779844457717,2522.9599609375,1263116,0.0,0.0
2024-02-14,2503.2181302678036,2601.809594206336,2503.188936219462,2561.682861328125,893019,0.0,0.0
2024-02-15,2573.7325743889205,2577.2127480586737,2528.6628048423418,2542.58447265625,173558,0.0,0.0
2024-02-16,2553.3475825862915,2583.9984152442353,2536.881652053583,2572.943115234375,241361,0.0,0.0
2024-02-19,2574.288346592977,2602.3946731510605,2559.109144549001,2583.442626953125,184575,0.0,0.0
2024-02-20,2594.2054024119175,2605.9041869135312,2578.1486765378454,2594.64404296875,222584,0.0,0.0
2024-02-21,2600.054873196481,2654.9516067677514,2583.1208649050113,2597.3349609375,371688,0.0,0.0
2024-02-22,2602.979488681969,2683.1161764898334,2584.2614817139147,2662.935791015625,403586,0.0,0.0
2024-02-23,2677.266656680549,2686.187141220441,2643.1062149704467,2653.57666015625,264221,0.0,0.0
2024-02-26,2661.4733678478246,2687.7956939494234,2629.3017711034963,2670.686279296875,304792,0.0,0.0
2024-02-27,2670.627643237053,2717.9200533684075,2669.0776826165184,2682.121826171875,389099,0.0,0.0
2024-02-28,2698.8802485976535,2725.027167727962,2654.629613811027,2677.14990234375,299446,0.0,0.0
2024-02-29,2679.7821227755967,2760.913359010945,2637.520330391593,2737.076904296875,600743,0.0,0.0
2024-03-01,2749.2144356026415,2752.051367204323,2716.1945077602772,2749.653076171875,199138,0.0,0.0
2024-03-04,2766.7918162579003,2771.471379069153,2732.953237054367,2742.897216796875,209615,0.0,0.0
2024-03-05,2759.977333014789,2784.1059705142943,2741.6979663427837,2766.850341796875,163935,0.0,0.0
2024-03-06,2775.536475564398,2775.536475564398,2708.3269127471453,2754.215576171875,294519,0.0,0.0
2024-03-07,2766.762518692128,2774.3668383863715,2723.3307765295594,2730.87646484375,244233,0.0,0.0
2024-03-11,2731.6661391475095,2908.5516589255167,2731.6661391475095,2767.259765625,1918967,0.0,0.0
2024-03-12,2775.5366289828585,2828.152090407128,2749.2145445299525,2797.442626953125,697414,0.0,0.0
2024-03-13,2798.8466494902696,2833.445733805836,2698.7928035227887,2720.02587890625,645685,0.0,0.0
2024-03-14,2720.5231140713113,2800.8060188745517,2678.8753703849543,2779.2802734375,412460,0.0,0.0
2024-03-15,2788.990197820332,2819.7580491287076,2738.7440771561946,2790.920654296875,390562,0.0,0.0
2024-03-18,2793.055588446551,2839.8799212302174,2776.0629498160215,2827.830078125,292720,0.0,0.0
2024-03-19,2831.105947954441,2836.6919857670164,2692.270489715869,2714.0302734375,633503,0.0,0.0
2024-03-20,2730.9056949431747,2783.4041360220663,2668.6975566021188,2754.800537109375,305029,0.0,0.0
2024-03-21,2778.461236210933,2897.7887424768037,2773.518440693817,2890.974365234375,786406,0.0,0.0
2024-03-22,2886.7042960166145,2923.058184193724,2845.5246317177016,2919.75341796875,479451,0.0,0.0
2024-03-26,2919.753370765591,2989.741233856761,2907.1478676433517,2982.400390625,728012,0.0,0.0
2024-03-27,3000.7382371703407,3135.274143311476,2993.397150429276,3093.538818359375,1348237,0.0,0.0
2024-03-28,3093.5387409022287,3161.596391276582,3063.034123829995,3143.49267578125,678687,0.0,0.0
2024-04-01,3146.3001203539893,3233.9827380039815,3146.3001203539893,3195.46435546875,631767,0.0,0.0
2024-04-02,3202.5129193720763,3275.0747269292942,3190.4925131842047,3262.118408203125,449484,0.0,0.0
2024-04-03,3223.5999367021936,3318.0091079040685,3223.5999367021936,3302.1572265625,581683,0.0,0.0
2024-04-04,3302.596108408849,3375.0992825803382,3278.58424746189,3291.482177734375,623656,0.0,0.0
2024-04-05,3300.695030364205,3329.7372684941834,3239.5395836251346,3295.693603515625,413155,0.0,0.0
2024-04-08,3321.2850611447852,3356.0595525228646,3296.7175391224214,3315.435546875,398799,0.0,0.0
2024-04-09,3337.078179182661,3343.3955278355,3266.183596871352,3278.73046875,249533,0.0,0.0
2024-04-10,3294.933543921159,3294.933543921159,3246.4419853056943,3265.598876953125,310376,0.0,0.0
2024-04-12,3265.598840295222,3328.36263889415,3246.412754814199,3262.46923828125,342661,0.0,0.0
2024-04-15,3226.6418796338703,3287.3584467840624,3170.341398995774,3182.566650390625,371170,0.0,0.0
2024-04-16,3179.1448470927676,3255.6254705511437,3167.5922753121017,3235.796142578125,455424,0.0,0.0
2024-04-18,3237.0535618323856,3301.3970004035355,3216.902370180692,3263.697509765625,855476,0.0,0.0
2024-04-19,3260.7729884825844,3302.4204874528164,3205.9348887922883,3269.517822265625,815322,0.0,0.0
2024-04-22,3276.8002090280074,3413.1203534306037,3275.074597545842,3374.163330078125,840690,0.0,0.0
2024-04-23,3392.6474202374898,3400.19335189867,3325.350272991927,3331.638427734375,311349,0.0,0.0
2024-04-24,3351.1170040800043,3365.769740537318,3308.913600334366,3315.9912109375,453462,0.0,0.0
2024-04-25,3316.6053553055476,3372.7596194244984,3294.962591351757,3351.4384765625,354724,0.0,0.0
2024-04-26,3363.3712795819747,3397.4438956877134,3332.895856694086,3362.52294921875,261911,0.0,0.0
2024-04-29,3365.8572881570262,3409.435244594224,3354.3047165341463,3378.9892578125,252127,0.0,0.0
2024-04-30,3403.6443481738074,3464.536564777961,3386.856553841686,3417.03955078125,639090,0.0,0.0
2024-05-02,3417.0394231006358,3495.2750911708763,3416.0448792173615,3434.470458984375,426724,0.0,0.0
2024-05-03,3456.9616066518456,3479.2184189242735,3431.4581729685247,3467.548828125,231533,0.0,0.0
2024-05-06,3486.2377894663914,3624.283553848518,3485.6237412993137,3572.604248046875,1312335,0.0,0.0
2024-05-07,3593.866729437235,3654.5249078119414,3528.353580731339,3564.970703125,716801,0.0,0.0
2024-05-08,3579.360092552697,3706.7597551833574,3522.6793618612146,3688.041748046875,926467,0.0,0.0
2024-05-09,3696.230893818785,3705.5900189580807,3576.8155609263213,3585.79443359375,639174,0.0,0.0
2024-05-10,3606.2381143384355,3631.4780720349745,3549.733033954442,3607.992919921875,731118,0.0,0.0
2024-05-13,3645.692151848812,3899.204750811178,3637.473784018682,3872.356201171875,2284971,0.0,0.0
2024-05-14,3896.0463215246336,3920.116571680248,3791.8685739186694,3895.95849609375,1145060,0.0,0.0
2024-05-15,4106.273429731219,4234.960312340218,4051.289114054781,4164.35791015625,4758520,0.0,0.0
2024-05-16,4164.357736669638,4240.253503391704,4091.0651058989206,4120.22412109375,2086652,0.0,0.0
2024-05-17,4135.520366382549,4229.110646168108,4120.370601625945,4202.9931640625,1152696,0.0,0.0
2024-05-21,4228.350286645408,4297.548454955257,4209.924949044718,4260.84375,1137886,0.0,0.0
2024-05-22,4289.944272203487,4289.944272203487,4173.014809437148,4187.75537109375,794072,0.0,0.0
2024-05-23,4205.713112893583,4321.063177526156,4191.76225026226,4311.96728515625,610893,0.0,0.0
2024-05-24,4296.378742690244,4296.378742690244,4234.960301988848,4260.2880859375,319901,0.0,0.0
2024-05-27,4260.317008961642,4282.895685174508,4193.370679303596,4220.42431640625,677613,0.0,0.0
2024-05-28,4231.743102491582,4255.433100194747,4148.389226659158,4174.88671875,516690,0.0,0.0
2024-05-29,4153.009942975644,4184.976938508274,4094.5746507720755,4104.4013671875,794675,0.0,0.0
2024-05-30,4096.914235837884,4123.821417465537,4059.12740536404,4085.595703125,474891,0.0,0.0
2024-05-31,4119.72697049526,4130.899533014055,4048.978598928307,4075.827392578125,1576340,0.0,0.0
2024-06-03,4240.809213225461,4296.320236546556,4175.354697020954,4254.84814453125,1132539,0.0,0.0
2024-06-04,4281.755169866285,4281.755169866285,3403.8782456899867,3727.3203125,2110529,0.0,0.0
2024-06-05,3872.2684919212693,3872.297685970267,3589.859858938349,3818.600341796875,1252949,0.0,0.0
2024-06-06,3860.5696127322376,4000.0483142514972,3857.703487041567,3974.0478515625,716019,0.0,0.0
2024-06-07,3977.6160485250703,4033.711681816248,3922.6022979942977,4021.515625,448288,0.0,0.0
2024-06-10,4030.202183065137,4067.989256803508,3992.2102644179154,4010.6650390625,440649,0.0,0.0
2024-06-11,4047.8379490312755,4114.637823243093,4025.0838647880887,4036.69482421875,706063,0.0,0.0
2024-06-12,4047.165528849974,4172.927413313379,4046.551237385341,4132.771484375,875733,0.0,0.0
2024-06-13,4170.616643022795,4368.3265304742445,4148.56443125944,4326.5615234375,1481464,0.0,0.0
2024-06-14,4348.145538130967,4628.65314789779,4337.85074346824,4556.79345703125,2241455,0.0,0.0
2024-06-18,4577.1202615009215,4586.508580876573,4481.248466485618,4520.32275390625,564554,0.0,0.0
2024-06-19,4542.638169682091,4568.375155963109,4395.818382134081,4409.27197265625,592516,0.0,0.0
2024-06-20,4410.441545715709,4417.343991621668,4346.127546180698,4401.60888671875,531785,0.0,0.0
2024-06-21,4421.321759207003,4445.538221835677,4328.988771176709,4349.78369140625,427448,0.0,0.0
2024-06-24,4342.6472976674395,4470.368826525566,4300.297924508999,4441.9990234375,521276,0.0,0.0
2024-06-25,4459.92745393621,4532.694104132441,4409.0086558246285,4422.140625,840898,0.0,0.0
2024-06-26,4432.0848666450765,4483.559327844176,4390.02743262265,4443.841796875,373441,0.0,0.0
2024-06-27,4436.79336936582,4641.083594679094,4410.500235474812,4581.361328125,2112969,0.0,0.0
2024-06-28,4593.294001129608,4593.294001129608,4463.115786640886,4506.66455078125,769128,0.0,0.0
2024-07-01,4519.006746034376,4615.170484876907,4507.600144387491,4604.37841796875,582119,0.0,0.0
2024-07-02,4604.056804881225,4621.020007283149,4475.428796374558,4546.2939453125,521048,0.0,0.0
2024-07-03,4558.431350207509,4629.179722619739,4536.203974234967,4564.31005859375,475455,0.0,0.0
2024-07-04,4564.309771685283,4649.6230499112335,4529.447699951357,4601.658203125,482014,0.0,0.0
2024-07-05,4602.302270129307,4661.20564424792,4571.30013575399,4612.56787109375,528860,0.0,0.0
2024-07-08,4641.054234602344,4641.375855700095,4495.28737876851,4528.21923828125,399489,0.0,0.0
2024-07-09,4539.128639632588,4576.564654810908,4518.714214531903,4541.40966796875,310552,0.0,0.0
2024-07-10,4562.526285385959,4599.903913085014,4445.538431914524,4589.8134765625,559951,0.0,0.0
2024-07-11,4640.82029608584,4640.82029608584,4540.122723127621,4548.4873046875,362284,0.0,0.0
2024-07-12,4567.205335688664,4577.149314811785,4446.034955250728,4453.4638671875,726216,0.0,0.0
2024-07-15,4453.463750529849,4486.044793179029,4417.577941797826,4468.818359375,425054,0.0,0.0
2024-07-16,4480.634476628297,4496.9544364249,4354.287499484383,4368.67724609375,581874,0.0,0.0
2024-07-18,4368.677338010489,4374.497171743359,4126.7754453063435,4165.46923828125,1477140,0.0,0.0
2024-07-19,4168.130534534527,4182.3154357582725,3992.2101223282425,4006.95068359375,1158232,0.0,0.0
2024-07-22,3913.2724643212964,4116.801924733681,3913.2724643212964,4108.11572265625,636262,0.0,0.0
2024-07-23,4117.9133683285345,4155.846654261495,3881.0717903507248,3970.976806640625,1096685,0.0,0.0
2024-07-24,3989.0222515859036,4072.3469319686083,3924.9422880411357,3960.68212890625,761424,0.0,0.0
2024-07-25,3940.7354648252317,4065.3276335631517,3902.2173243881916,3999.2001953125,583872,0.0,0.0
2024-07-26,4024.7328385602445,4081.208724739625,4001.013647559362,4046.2001953125,600579,0.0,0.0
2024-07-29,4075.5642884247877,4159.2689815455215,4063.7484833213825,4150.93359375,636993,0.0,0.0
2024-07-30,4153.068507086504,4186.936523119448,4087.2923688312167,4106.9462890625,672423,0.0,0.0
2024-07-31,4138.415780115087,4199.863410593202,4047.779211427743,4172.31298828125,793082,0.0,0.0
2024-08-01,4181.116340032039,4190.446271772524,4064.0117078734393,4111.4208984375,914883,0.0,0.0
2024-08-02,4036.0804899799755,4084.601483698401,3977.6160036408414,4022.33447265625,756140,0.0,0.0
2024-08-05,3905.8732885126847,3983.4362814397714,3863.026399070385,3915.99267578125,851269,0.0,0.0
2024-08-06,3915.992550701301,3997.8256572626274,3840.535424259305,3855.86083984375,417249,0.0,0.0
2024-08-07,3917.9231083160153,4018.5326128369015,3841.296028414907,3992.64892578125,628182,0.0,0.0
2024-08-08,3954.189196377812,4006.2195605299225,3894.7009691001003,3959.45361328125,809522,0.0,0.0
2024-08-09,4006.8338214294868,4045.001147793081,3960.652728649835,4029.93896484375,1236449,0.0,0.0
2024-08-12,3977.5865920355554,4123.821280515722,3957.1137794394035,4048.3349609375,1745187,0.0,0.0
2024-08-13,4040.2336933801344,4120.311751711535,4006.862949793673,4076.5,891985,0.0,0.0
2024-08-14,4077.9915087112963,4131.191822269898,3999.5218003919313,4118.00146484375,574165,0.0,0.0
2024-08-16,4147.21897262652,4244.757748952176,4131.33789671479,4204.95263671875,681733,0.0,0.0
2024-08-19,4237.299758672159,4237.299758672159,4145.552105956527,4154.384765625,401085,0.0,0.0
2024-08-20,4183.485002755884,4183.485002755884,4097.14798862008,4143.73828125,299998,0.0,0.0
2024-08-21,4143.7386627173455,4170.149059534828,4113.35106323242,4143.15380859375,252134,0.0,0.0
2024-08-22,4167.458380546825,4167.458380546825,4112.152199649645,4127.36083984375,276213,0.0,0.0
2024-08-23,4127.3608216073835,4157.718740627058,4100.423958630588,4107.53125,216093,0.0,0.0
2024-08-26,4132.9462162640575,4132.9462162640575,4090.6552335746846,4119.755859375,255325,0.0,0.0
2024-08-27,4141.370014768768,4152.2496637583445,4094.574873358951,4099.75146484375,307347,0.0,0.0
2024-08-28,4104.811185022443,4115.047591558193,4059.624393484975,4066.17578125,343891,0.0,0.0
2024-08-29,4053.65804216349,4067.7843121644905,3980.657595159094,4018.123046875,628365,0.0,0.0
2024-08-30,4033.7408510531386,4058.2789347744706,4010.898941507464,4032.04443359375,1198532,0.0,0.0
2024-09-02,4052.312692026567,4062.4028849066126,3955.3882089981657,3965.654052734375,452717,0.0,0.0
2024-09-03,3981.0962102139824,3997.445363585593,3939.5657308568075,3959.336669921875,592777,0.0,0.0
2024-09-04,3959.336818964822,3986.156175328892,3925.5271908601812,3953.4873046875,359134,0.0,0.0
2024-09-05,3971.7373152260884,3977.616023311699,3906.2533630956677,3911.0205078125,370346,0.0,0.0
2024-09-06,3885.1664230680576,3919.0928274113403,3861.1839983817704,3868.992919921875,471099,0.0,0.0
2024-09-09,3866.448313132596,3889.231591654357,3803.7134661767186,3836.177734375,491146,0.0,0.0
2024-09-10,3860.598803048133,3886.921130094057,3823.6892544008147,3850.596435546875,393031,0.0,0.0
2024-09-11,3859.2828084825364,3921.8128094186736,3839.4240440961344,3856.328857421875,424370,0.0,0.0
2024-09-12,3888.529813995626,3898.0059590008173,3849.9238469488537,3892.419677734375,263114,0.0,0.0
2024-09-13,3907.393866602004,3948.3397349043485,3899.2341302729546,3925.08837890625,294560,0.0,0.0
2024-09-16,3936.641077134342,3962.963404514702,3923.772340497946,3926.580078125,122874,0.0,0.0
2024-09-17,3933.716373886367,3962.9634587724695,3914.559725480126,3956.470458984375,168805,0.0,0.0
2024-09-18,3977.586720326259,3978.668846400087,3922.6024056185706,3942.666015625,200604,0.0,0.0
2024-09-19,3962.963266544137,4003.177823849066,3805.0295510441806,3934.096435546875,616978,0.0,0.0
2024-09-20,3949.4220451032365,4013.6776604953457,3926.316901549903,3996.74365234375,992735,0.0,0.0
2024-09-23,4019.7024745138024,4071.1477398023144,4001.569321284006,4058.542236328125,367189,0.0,0.0
2024-09-24,4058.542100528347,4167.399161077541,4053.628742369425,4150.55322265625,662603,0.0,0.0
2024-09-25,4157.162775489852,4224.986873056543,4138.445011977387,4198.10888671875,895767,0.0,0.0
2024-09-26,4217.4115588382265,4233.702324084601,4088.783557314941,4139.76123046875,466136,0.0,0.0
2024-09-27,4139.761526919276,4284.094963366107,4115.0477905420075,4267.2490234375,918736,0.0,0.0
2024-09-30,4266.838981342639,4281.6963186788125,4199.33699129893,4240.80908203125,564906,0.0,0.0
2024-10-01,4255.31571418718,4416.2912096506,4243.17828862872,4393.88818359375,880290,0.0,0.0
2024-10-03,4358.791351883571,4397.572723496849,4272.980803901713,4297.197265625,412768,0.0,0.0
2024-10-04,4296.378843958534,4310.154056396997,4201.033509870058,4238.96728515625,473491,0.0,0.0
2024-10-07,4273.478364860041,4292.255003821382,4080.5945018007706,4093.49267578125,441247,0.0,0.0
2024-10-08,4100.423854725504,4328.521337394565,4068.398713002781,4312.259765625,568002,0.0,0.0
2024-10-09,4313.926805753413,4529.243136833445,4308.018903321723,4490.69580078125,900194,0.0,0.0
2024-10-10,4504.03178291075,4527.341769736998,4440.361026108565,4496.28125,372795,0.0,0.0
2024-10-11,4498.1824927418,4550.797953129765,4420.970559966545,4533.220703125,376068,0.0,0.0
2024-10-14,4550.826961289401,4553.751718257231,4488.823670587266,4518.88916015625,275138,0.0,0.0
2024-10-15,4565.743340722767,4609.379684761155,4506.225434393029,4603.5009765625,597918,0.0,0.0
2024-10-16,4603.500739563771,4755.49711152982,4595.311809428878,4671.5,1656751,0.0,0.0
2024-10-17,4671.500221761336,4679.513987995692,4474.960536952023,4514.3564453125,662574,0.0,0.0
2024-10-18,4515.78944698824,4594.463515435015,4425.065048412871,4564.28076171875,467830,0.0,0.0
2024-10-21,4585.9237103093865,4605.48956143031,4360.166135379365,4376.28125,385957,0.0,0.0
2024-10-22,4376.281302645728,4376.281302645728,4217.908941357815,4234.19970703125,791353,0.0,0.0
2024-10-23,4233.789994254542,4256.397865349948,4007.3894189166654,4019.731689453125,812625,0.0,0.0
2024-10-24,4035.4957568178097,4078.166994522251,3928.45188545739,4005.663818359375,788358,0.0,0.0
2024-10-25,4024.381876320051,4034.8231278966,3893.4434044721315,3963.8115234375,536329,0.0,0.0
2024-10-28,3975.5101088949177,4016.894617351287,3916.168098600364,3949.12939453125,468112,0.0,0.0
2024-10-29,3971.737403185662,4047.603976801317,3901.5446928794318,4040.526123046875,428213,0.0,0.0
2024-10-30,4046.0244454267013,4102.06144637709,3989.8704250027736,4053.657958984375,333351,0.0,0.0
2024-10-31,4041.930052452629,4099.341607495839,4041.930052452629,4080.71142578125,290668,0.0,0.0
2024-11-01,4080.74073360197,4099.809799702754,4022.24680759929,4064.80126953125,30219,0.0,0.0
2024-11-04,4098.6107372805445,4098.6107372805445,3967.7596097537335,4067.667236328125,485353,0.0,0.0
2024-11-05,4065.3569664149304,4093.4046624744774,3989.4317597607796,4069.802490234375,447964,0.0,0.0
2024-11-06,4093.9896101251834,4158.918149835957,4058.6886517720686,4124.1728515625,429473,0.0,0.0
2024-11-07,4164.767374214364,4182.871089752002,4068.8663872677735,4137.5380859375,344857,0.0,0.0
2024-11-08,4146.049000220903,4227.5894326768475,4100.13114368832,4196.55859375,549978,0.0,0.0
2024-11-11,4191.119088145596,4199.863678965945,4114.4628138972175,4121.51123046875,369477,0.0,0.0
2024-11-12,4129.641772642473,4151.752372242513,3964.1331668977587,3977.26513671875,380642,0.0,0.0
2024-11-13,3977.3233168263073,3992.2100914992275,3886.9502233763037,3921.754150390625,365720,0.0,0.0
2024-11-14,3921.432669747864,3958.7808593397003,3852.556124142336,3940.64794921875,433749,0.0,0.0
2024-11-18,3992.2100806451235,3998.8490503129638,3867.6765459830926,3884.11328125,240947,0.0,0.0
2024-11-19,3909.1486349111124,3970.450295664284,3877.883756403987,3887.30126953125,377552,0.0,0.0
2024-11-21,3887.2135041469423,3926.112140085358,3832.1999970725906,3884.961669921875,368778,0.0,0.0
2024-11-22,3898.2982817198726,4079.951191216265,3889.2607775420324,4006.482666015625,595041,0.0,0.0
2024-11-25,4084.0460920913374,4326.649616926721,4077.8455192521997,4298.42626953125,2501112,0.0,0.0
2024-11-26,4327.9651686152865,4334.487605659524,4229.08151973881,4236.42236328125,459152,0.0,0.0
2024-11-27,4386.459254360382,4458.962672897954,4313.37098172522,4350.076171875,2317671,0.0,0.0
2024-11-28,4378.211504405577,4444.572982620328,4326.97108361184,4340.2490234375,1252452,0.0,0.0
2024-11-29,4352.533051172799,4464.841099801292,4343.203119528026,4422.6376953125,984620,0.0,0.0
2024-12-02,4430.914655113937,4473.615331195312,4378.299679919831,4424.0126953125,705697,0.0,0.0
2024-12-03,4457.236988676682,4532.694361205778,4440.595407469184,4522.16552734375,791356,0.0,0.0
2024-12-04,4550.827169109549,4648.277876442969,4517.251580391927,4532.81103515625,946992,0.0,0.0
2024-12-05,4562.525947742637,4591.772544020528,4518.655080190901,4558.109375,494198,0.0,0.0
2024-12-06,4562.526210612132,4619.850184888547,4534.507222395998,4555.27294921875,401598,0.0,0.0
2024-12-09,4555.272825489035,4642.867133322704,4525.674926610978,4587.12255859375,515642,0.0,0.0
2024-12-10,4597.622202292927,4621.019771990518,4554.453936783116,4615.404296875,436346,0.0,0.0
2024-12-11,4615.404367220632,4633.888578936671,4585.923730624167,4604.056640625,293787,0.0,0.0
2024-12-12,4608.121876376012,4656.116404934787,4580.074181202277,4630.52490234375,328359,0.0,0.0
2024-12-13,4629.794328554935,4650.179560332582,4557.817372129413,4612.158203125,226593,0.0,0.0
2024-12-16,4624.091197447094,4700.542627343054,4612.0121595714845,4661.3515625,416262,0.0,0.0
2024-12-17,4650.5593383892765,4678.109761731398,4547.902360225886,4557.056640625,420090,0.0,0.0
2024-12-18,4577.12038427125,4611.426797952208,4463.086482163316,4484.72900390625,405462,0.0,0.0
2024-12-19,4416.291320231859,4485.606750719006,4381.223915167634,4464.34423828125,304535,0.0,0.0
2024-12-20,4506.956599288095,4511.8407634154155,3990.3382502157424,4017.888916015625,2836225,0.0,0.0
2024-12-23,4012.712488935651,4041.8131165578775,3885.458793874161,3989.724365234375,1516757,0.0,0.0
2024-12-24,3983.436065983316,3989.1391231661264,3848.9293577147273,3892.7119140625,1368181,0.0,0.0
2024-12-26,3895.69516314876,3942.490303165967,3885.1955236783074,3922.339111328125,489065,0.0,0.0
2024-12-27,3919.1220666977347,3957.1137404444667,3815.1197320920974,3829.011962890625,456623,0.0,0.0
2024-12-30,3848.9000389437083,3916.753089560909,3737.9079161139553,3763.26513671875,2050470,0.0,0.0
2024-12-31,3783.2992016365884,3864.839636253436,3760.6035057576178,3823.19189453125,742898,0.0,0.0
2025-01-01,3831.3519448849793,3891.893102189731,3803.7720843350367,3881.159423828125,396985,0.0,0.0
2025-01-02,3918.5077590727496,3927.8082527245742,3840.1258776155873,3918.21533203125,667361,0.0,0.0
2025-01-03,3930.791553249994,3942.4903383587257,3858.463784513005,3866.27294921875,504796,0.0,0.0
2025-01-06,3877.4452937398787,3880.1652059484404,3758.5269854119583,3786.4287109375,489305,0.0,0.0
2025-01-07,3797.776322130465,3829.6554925444857,3758.263638051748,3791.663818359375,528092,0.0,0.0
2025-01-08,3786.925772473042,3798.44915018221,3646.8622134201396,3683.15771484375,915457,0.0,0.0
2025-01-09,3683.5378381249207,3752.9116543385367,3631.0393980621047,3650.1962890625,581738,0.0,0.0
2025-01-10,3644.1128687798982,3658.5610036512594,3548.82641210858,3570.93701171875,644503,0.0,0.0
2025-01-13,3555.874755204999,3556.108794159991,3380.9486393453,3394.577880859375,562484,0.0,0.0
2025-01-14,3402.006451135597,3451.082861558571,3374.426591090484,3429.76171875,577767,0.0,0.0
2025-01-15,3448.216806097726,3460.909891682099,3390.8925894957993,3397.619384765625,506588,0.0,0.0
2025-01-16,3435.611266666428,3535.1970296647787,3431.2827625005352,3515.513916015625,585101,0.0,0.0
2025-01-17,3515.4848675534613,3632.472720771276,3476.3232402522676,3616.82568359375,612114,0.0,0.0
2025-01-20,3620.773951277943,3636.1285614642034,3575.7336154280006,3589.450439453125,152373,0.0,0.0
2025-01-21,3592.1119156456184,3603.2256034670745,3458.5408706089447,3464.946044921875,352632,0.0,0.0
2025-01-22,3486.179198172467,3497.8487887879437,3380.9485243010517,3425.667236328125,403985,0.0,0.0
2025-01-23,3439.4132500473092,3587.4321794068846,3438.7697645855055,3549.323486328125,409453,0.0,0.0
2025-01-24,3538.882290131177,3548.826269402825,3412.6523361039704,3439.26708984375,421077,0.0,0.0
2025-01-27,3427.7438781405804,3427.7438781405804,3322.454809564407,3385.248046875,333867,0.0,0.0
2025-01-28,3470.4153115637864,3489.454940385148,3275.6596220027573,3324.999267578125,594390,0.0,0.0
2025-01-29,3328.3043053388333,3418.969830841625,3309.586297464232,3407.0078125,285380,0.0,0.0
2025-01-30,3428.6640625,3488.508544921875,3400.34130859375,3448.475341796875,502913,12.0,0.0
2025-01-31,3475.036865234375,3580.69677734375,3447.741455078125,3565.05322265625,698148,0.0,0.0
2025-02-01,3597.1328125,3607.69873046875,3316.547119140625,3374.2197265625,866946,0.0,0.0
2025-02-03,3376.421142578125,3386.987060546875,3042.036865234375,3067.6005859375,2949638,0.0,0.0
2025-02-04,3108.162353515625,3190.34228515625,3080.4853515625,3181.860107421875,1902872,0.0,0.0
2025-02-05,3205.868408203125,3308.3291015625,3191.7216796875,3275.750732421875,938038,0.0,0.0
2025-02-06,3310.677001953125,3350.4169921875,3276.631103515625,3311.26416015625,698995,0.0,0.0
2025-02-07,3338.85302734375,3345.89697265625,3197.97314453125,3231.7255859375,674714,0.0,0.0
2025-02-10,3231.46142578125,3256.966552734375,3130.49755859375,3140.007080078125,576213,0.0,0.0
2025-02-11,3146.3466796875,3158.05712890625,3020.552734375,3055.244384765625,854281,0.0,0.0
2025-02-12,3052.397216796875,3108.103515625,2939.1064453125,3051.8984375,1379042,0.0,0.0
2025-02-13,2993.697265625,3109.512451171875,2946.1796875,2996.779052734375,1841280,0.0,0.0
2025-02-14,2999.5673828125,3027.567138671875,2903.680908203125,2929.62646484375,561232,0.0,0.0
2025-02-17,2903.857177734375,2924.28466796875,2811.228515625,2852.406494140625,1358038,0.0,0.0
2025-02-18,2881.433837890625,2898.808837890625,2789.80322265625,2843.219970703125,875987,0.0,0.0
2025-02-19,2823.467529296875,2927.953369140625,2801.572509765625,2908.523681640625,1130801,0.0,0.0
2025-02-20,2904.473388671875,2957.21533203125,2872.2470703125,2950.20068359375,749470,0.0,0.0
2025-02-21,2940.867431640625,2969.89453125,2850.5283203125,2888.829833984375,779092,0.0,0.0
2025-02-24,2874.477783203125,2874.536376953125,2800.8974609375,2860.389892578125,957130,0.0,0.0
2025-02-25,2868.07958984375,2895.43359375,2824.93505859375,2839.7568359375,490647,0.0,0.0
2025-02-27,2841.576416015625,2857.36669921875,2734.625244140625,2751.06103515625,641615,0.0,0.0
2025-02-28,2729.547607421875,2764.767578125,2689.044677734375,2713.9921875,919544,0.0,0.0
2025-03-03,2717.7783203125,2853.404541015625,2680.23974609375,2839.140380859375,810733,0.0,0.0
2025-03-04,2782.113525390625,2916.91796875,2782.113525390625,2895.022705078125,992217,0.0,0.0
2025-03-05,2895.022705078125,3012.451904296875,2895.022705078125,2985.332763671875,1248047,0.0,0.0
2025-03-06,3020.1123046875,3092.4599609375,2985.362060546875,3029.093505859375,1446016,0.0,0.0
2025-03-07,3029.50439453125,3036.988525390625,2961.7646484375,2997.278076171875,1000990,0.0,0.0
2025-03-10,2997.278076171875,3018.52734375,2905.6474609375,2920.058349609375,566630,0.0,0.0
2025-03-11,2876.297607421875,2925.86962890625,2848.12158203125,2900.980712890625,889506,0.0,0.0
2025-03-12,2928.775146484375,2940.339111328125,2823.790283203125,2879.6728515625,416828,0.0,0.0
2025-03-13,2905.060546875,2986.242431640625,2871.36669921875,2892.6748046875,696251,0.0,0.0
2025-03-17,2920.322509765625,2931.76904296875,2869.576416015625,2897.693603515625,435109,0.0,0.0
2025-03-18,2897.693603515625,2897.693603515625,2897.693603515625,2897.693603515625,0,0.0,0.0
2025-03-19,3010.13330078125,3083.068115234375,2989.55908203125,3066.77880859375,855208,0.0,0.0
2025-03-20,3087.6171875,3092.782958984375,3000.154296875,3048.93408203125,548075,0.0,0.0
2025-03-21,3052.925537109375,3116.96728515625,3037.66357421875,3052.77880859375,1256241,0.0,0.0
2025-03-24,3090.55224609375,3137.306884765625,3055.332275390625,3066.015625,600664,0.0,0.0
2025-03-25,3081.747314453125,3102.1162109375,2998.393310546875,3004.9091796875,399335,0.0,0.0
2025-03-26,3111.09716796875,3240.237060546875,3052.984375,3180.510009765625,4736380,0.0,0.0
2025-03-27,3181.537109375,3193.277099609375,3111.09716796875,3119.4033203125,1078586,0.0,0.0
2025-03-28,3135.751220703125,3138.686279296875,3041.94873046875,3096.627685546875,1201834,0.0,0.0
2025-04-01,3075.877197265625,3143.38232421875,3052.397216796875,3069.97802734375,562131,0.0,0.0
2025-04-02,3070.00732421875,3111.684326171875,3018.351318359375,3101.0302734375,634342,0.0,0.0
2025-04-03,3052.984375,3125.185302734375,3052.984375,3080.896240234375,677222,0.0,0.0
2025-04-04,3103.73046875,3103.73046875,2847.56396484375,2892.821533203125,1869669,0.0,0.0
2025-04-07,2450.0,3087.0,2450.0,2812.449951171875,2716014,0.0,0.0
2025-04-08,2938.35009765625,3031.0,2750.0,2763.449951171875,2603929,0.0,0.0
2025-04-09,2789.0,2791.949951171875,2667.800048828125,2715.85009765625,866126,0.0,0.0
2025-04-11,2813.0,2813.0,2710.050048828125,2727.800048828125,784039,0.0,0.0
2025-04-15,2798.0,2850.0,2741.5,2839.5,872503,0.0,0.0
2025-04-16,2860.0,2904.5,2799.0,2811.5,865906,0.0,0.0
2025-04-17,2813.5,2850.0,2770.0,2810.0,537062,0.0,0.0
2025-04-21,2846.0,2847.0,2744.0,2827.0,653092,0.0,0.0
2025-04-22,2840.5,2879.5,2813.0,2856.5,576915,0.0,0.0
2025-04-23,2875.0,2915.0,2841.5,2872.0,607062,0.0,0.0
2025-04-24,2885.0,2923.5,2870.0,2903.5,453763,0.0,0.0
2025-04-25,2905.0,2918.5,2767.0,2833.5,776070,0.0,0.0
2025-04-28,2833.5,2926.5,2833.0,2916.5,460919,0.0,0.0
2025-04-29,2931.5,2988.0,2904.0,2930.0,674757,0.0,0.0
2025-04-30,2939.0,2945.5,2857.0,2901.5,512358,0.0,0.0
2025-05-02,2901.5,2950.0,2895.800048828125,2912.5,367358,0.0,0.0
2025-05-05,2938.0,2965.0,2899.800048828125,2951.699951171875,237370,0.0,0.0
2025-05-06,2951.699951171875,2972.39990234375,2916.800048828125,2941.10009765625,269762,0.0,0.0
2025-05-07,2882.300048828125,3009.60009765625,2882.10009765625,2967.199951171875,415422,0.0,0.0
2025-05-08,2974.60009765625,2975.0,2820.0,2838.60009765625,898180,0.0,0.0
2025-05-09,2795.0,2875.0,2788.300048828125,2857.199951171875,539592,0.0,0.0
2025-05-12,2929.0,2953.60009765625,2865.89990234375,2895.89990234375,506851,0.0,0.0
2025-05-13,2914.0,2947.300048828125,2903.0,2916.699951171875,784313,0.0,0.0
2025-05-14,2918.0,3039.89990234375,2918.0,3006.800048828125,1814823,0.0,0.0
2025-05-15,3010.0,3028.0,2972.0,3009.5,501027,0.0,0.0
2025-05-16,3028.0,3114.89990234375,2996.0,3069.5,809043,0.0,0.0
2025-05-19,3080.0,3150.800048828125,3025.800048828125,3104.39990234375,596943,0.0,0.0
2025-05-20,3140.0,3207.800048828125,3054.39990234375,3127.699951171875,1314196,0.0,0.0
2025-05-21,3189.0,3305.0,3128.60009765625,3290.800048828125,1482098,0.0,0.0
2025-05-22,3306.60009765625,3348.0,3227.39990234375,3304.60009765625,1026833,0.0,0.0
2025-05-23,3310.699951171875,3335.0,3251.10009765625,3277.300048828125,650091,0.0,0.0
2025-05-26,3290.0,3308.89990234375,3240.0,3248.699951171875,585314,0.0,0.0
2025-05-27,3306.800048828125,3306.800048828125,3256.199951171875,3299.10009765625,663341,0.0,0.0
2025-05-28,3325.0,3347.699951171875,3300.300048828125,3337.60009765625,570286,0.0,0.0
2025-05-29,3357.699951171875,3376.0,3326.60009765625,3349.199951171875,515527,0.0,0.0
2025-05-30,3360.0,3370.0,3252.0,3265.60009765625,756152,0.0,0.0
2025-06-02,3270.0,3313.89990234375,3258.10009765625,3292.0,349448,0.0,0.0
2025-06-03,3306.0,3364.800048828125,3302.10009765625,3314.0,390549,0.0,0.0
2025-06-04,3320.300048828125,3336.5,3275.10009765625,3309.300048828125,259833,0.0,0.0
2025-06-05,3315.0,3336.300048828125,3276.60009765625,3280.5,185492,0.0,0.0
2025-06-06,3300.0,3348.0,3283.0,3297.5,333166,0.0,0.0
2025-06-09,3320.0,3405.0,3306.60009765625,3383.300048828125,618824,0.0,0.0
2025-06-10,3400.0,3409.0,3362.699951171875,3371.699951171875,348784,0.0,0.0
2025-06-11,3381.0,3398.0,3338.199951171875,3349.89990234375,412042,0.0,0.0
2025-06-12,3350.0,3357.89990234375,3258.0,3267.5,348509,0.0,0.0
2025-06-13,3195.10009765625,3271.300048828125,3169.89990234375,3260.0,347257,0.0,0.0
2025-06-16,3248.0,3313.0,3243.800048828125,3271.5,362584,0.0,0.0
2025-06-17,3278.0,3373.300048828125,3276.5,3321.60009765625,834726,0.0,0.0
2025-06-18,3344.89990234375,3370.0,3300.199951171875,3355.800048828125,382866,0.0,0.0
2025-06-19,3349.89990234375,3385.0,3260.300048828125,3284.800048828125,547608,0.0,0.0
2025-06-20,3274.800048828125,3297.39990234375,3195.10009765625,3214.199951171875,1000560,0.0,0.0
2025-06-23,3200.0,3200.0,3082.0,3091.60009765625,1299174,0.0,0.0
2025-06-24,3109.0,3230.0,3109.0,3159.800048828125,1187970,0.0,0.0
2025-06-25,3187.0,3190.0,3101.10009765625,3149.10009765625,845690,0.0,0.0
2025-06-26,3158.0,3175.0,3121.5,3164.89990234375,501325,0.0,0.0
2025-06-27,3184.0,3271.89990234375,3165.0,3178.39990234375,2052948,0.0,0.0
2025-06-30,3204.800048828125,3298.699951171875,3196.199951171875,3251.5,880507,0.0,0.0
2025-07-01,3272.0,3378.800048828125,3260.0,3323.10009765625,1445646,0.0,0.0
2025-07-02,3339.0,3365.0,3267.0,3287.699951171875,592322,0.0,0.0
2025-07-03,3290.0,3326.89990234375,3285.0,3311.699951171875,496857,0.0,0.0
2025-07-04,3320.0,3320.0,3237.0,3292.39990234375,504152,0.0,0.0
2025-07-07,3290.0,3307.5,3250.0,3278.199951171875,439627,0.0,0.0
2025-07-08,3295.0,3354.89990234375,3275.300048828125,3296.800048828125,549860,0.0,0.0
2025-07-09,3292.39990234375,3303.0,3213.0,3218.300048828125,458107,0.0,0.0
2025-07-10,3227.0,3228.0,3167.0,3191.60009765625,354856,0.0,0.0
2025-07-11,3178.0,3190.300048828125,3105.10009765625,3117.699951171875,370986,0.0,0.0
2025-07-14,3139.0,3164.0,3065.0,3152.60009765625,588779,0.0,0.0
2025-07-15,3148.10009765625,3161.699951171875,3113.5,3146.800048828125,361397,0.0,0.0
2025-07-16,3123.0,3140.0,3080.0,3089.300048828125,624769,0.0,0.0
2025-07-17,3081.10009765625,3134.60009765625,3038.5,3110.300048828125,991736,0.0,0.0
2025-07-18,3110.300048828125,3150.0,3105.0,3128.39990234375,462228,0.0,0.0
2025-07-21,3125.0,3159.800048828125,3098.0,3154.800048828125,257721,0.0,0.0
2025-07-22,3160.0,3163.800048828125,3120.89990234375,3141.800048828125,348800,0.0,0.0
2025-07-23,3145.0,3162.0,3111.800048828125,3143.10009765625,205688,0.0,0.0
2025-07-24,3143.0,3143.0,3101.10009765625,3129.0,295195,0.0,0.0
2025-07-25,3129.0,3130.0,3030.199951171875,3038.199951171875,246680,0.0,0.0
2025-07-28,3040.0,3077.0,3016.5,3061.60009765625,398906,0.0,0.0
2025-07-29,3053.5,3088.699951171875,3034.60009765625,3068.0,255592,0.0,0.0
2025-07-30,3068.0,3079.5,3020.0,3071.39990234375,310945,0.0,0.0
2025-07-31,3010.0,3059.300048828125,3005.0,3033.39990234375,299015,0.0,0.0
2025-08-01,3050.0,3050.0,2998.0,3023.60009765625,281885,0.0,0.0
2025-08-04,3000.0,3009.0,2928.5,2993.60009765625,478003,0.0,0.0
2025-08-05,3029.89990234375,3090.10009765625,3006.199951171875,3081.0,772626,0.0,0.0
2025-08-06,3100.0,3114.0,3057.0,3083.89990234375,392854,0.0,0.0
2025-08-07,3079.0,3128.5,3051.0,3117.0,457545,0.0,0.0
2025-08-08,3147.0,3147.0,3023.0,3031.800048828125,263161,0.0,0.0
2025-08-11,3020.0,3138.699951171875,2925.0,3114.800048828125,1102245,0.0,0.0
2025-08-12,3114.800048828125,3200.0,3085.10009765625,3135.10009765625,697711,0.0,0.0
2025-08-13,3136.89990234375,3192.0,3102.199951171875,3150.699951171875,305836,0.0,0.0
2025-08-14,3150.699951171875,3188.89990234375,3118.199951171875,3169.0,330958,0.0,0.0
2025-08-18,3213.89990234375,3213.89990234375,3110.199951171875,3118.0,276357,0.0,0.0
2025-08-19,3125.0,3153.39990234375,3120.10009765625,3133.199951171875,189758,0.0,0.0
2025-08-20,3135.0,3164.800048828125,3120.199951171875,3155.10009765625,259839,0.0,0.0
2025-08-21,3174.0,3235.0,3150.0,3197.199951171875,708572,0.0,0.0
2025-08-22,3210.0,3234.300048828125,3158.0,3173.199951171875,290166,0.0,0.0
2025-08-25,3185.0,3210.0,3147.800048828125,3164.60009765625,335061,0.0,0.0
2025-08-26,3154.60009765625,3159.39990234375,3039.0,3048.0,829921,0.0,0.0
2025-08-28,3057.699951171875,3078.0,3017.89990234375,3043.199951171875,527913,0.0,0.0
2025-08-29,3043.10009765625,3094.0,3017.5,3063.699951171875,430652,0.0,0.0
2025-09-01,3078.800048828125,3151.300048828125,3064.0,3138.89990234375,231094,0.0,0.0
2025-09-02,3139.0,3198.0,3120.0,3190.300048828125,326742,0.0,0.0
2025-09-03,3190.0,3224.89990234375,3180.0,3211.89990234375,240535,0.0,0.0
2025-09-04,3225.0,3230.699951171875,3150.0,3154.39990234375,191346,0.0,0.0
2025-09-05,3168.699951171875,3182.800048828125,3085.0,3089.10009765625,316358,0.0,0.0
2025-09-08,3110.0,3140.89990234375,3090.10009765625,3121.60009765625,221407,0.0,0.0
2025-09-09,3131.39990234375,3200.0,3095.199951171875,3190.10009765625,307706,0.0,0.0
2025-09-10,3192.10009765625,3219.10009765625,3131.39990234375,3142.699951171875,655563,0.0,0.0
2025-09-11,3147.0,3210.0,3147.0,3185.300048828125,448621,0.0,0.0
2025-09-12,3202.0,3212.0,3181.5,3202.0,172093,0.0,0.0
2025-09-15,3200.0,3325.0,3190.10009765625,3293.699951171875,1094939,0.0,0.0
2025-09-16,3303.10009765625,3334.10009765625,3285.0,3313.800048828125,441922,0.0,0.0
2025-09-17,3316.0,3368.0,3306.60009765625,3322.699951171875,569372,0.0,0.0
2025-09-18,3322.60009765625,3350.10009765625,3288.10009765625,3317.800048828125,459746,0.0,0.0
2025-09-19,3337.89990234375,3346.800048828125,3308.5,3325.89990234375,431619,0.0,0.0
2025-09-22,3335.0,3335.0,3235.800048828125,3243.5,292028,0.0,0.0
2025-09-23,3243.5,3272.89990234375,3225.5,3240.39990234375,204819,0.0,0.0
2025-09-24,3240.0,3244.39990234375,3193.89990234375,3201.0,257405,0.0,0.0
2025-09-25,3199.89990234375,3222.0,3145.39990234375,3156.300048828125,180638,0.0,0.0
2025-09-26,3156.0,3156.0,3075.0,3096.300048828125,246575,0.0,0.0
2025-09-29,3115.0,3147.0,3092.39990234375,3105.199951171875,615998,0.0,0.0
2025-09-30,3105.199951171875,3137.699951171875,3098.0,3129.199951171875,315843,0.0,0.0
2025-10-01,3135.0,3158.39990234375,3094.10009765625,3121.5,195465,0.0,0.0
2025-10-03,3121.5,3174.800048828125,3107.300048828125,3164.10009765625,223614,0.0,0.0
2025-10-06,3182.0,3276.89990234375,3156.800048828125,3251.699951171875,597115,0.0,0.0
2025-10-07,3250.0,3262.199951171875,3208.0,3250.800048828125,221931,0.0,0.0
2025-10-08,3250.0,3270.0,3202.89990234375,3216.800048828125,204414,0.0,0.0
2025-10-09,3205.199951171875,3225.0,3170.0,3178.39990234375,129907,0.0,0.0
2025-10-10,3178.0,3201.800048828125,3140.0,3147.39990234375,234596,0.0,0.0
2025-10-13,3147.300048828125,3147.39990234375,3022.699951171875,3077.5,622559,0.0,0.0
2025-10-14,3080.0,3119.89990234375,3063.5,3107.300048828125,364449,0.0,0.0
2025-10-15,3111.0,3145.0,3097.0,3118.60009765625,208170,0.0,0.0
2025-10-16,3118.0,3150.0,3103.800048828125,3119.0,415106,0.0,0.0
2025-10-17,3115.0,3142.39990234375,3101.5,3121.199951171875,221425,0.0,0.0
2025-10-20,3124.89990234375,3144.10009765625,3093.0,3096.800048828125,91651,0.0,0.0
2025-10-21,3124.0,3124.0,3099.0,3102.89990234375,37003,0.0,0.0
2025-10-23,3135.0,3174.300048828125,3110.0,3149.89990234375,381414,0.0,0.0
2025-10-24,3150.0,3175.0,3121.0,3152.199951171875,202470,0.0,0.0
2025-10-27,3161.0,3177.300048828125,3141.300048828125,3159.89990234375,123806,0.0,0.0
2025-10-28,3169.0,3169.0,3078.199951171875,3109.699951171875,266222,0.0,0.0
2025-10-29,3122.0,3165.39990234375,3111.0,3148.699951171875,197714,0.0,0.0
2025-10-30,3164.0,3164.5,3115.89990234375,3126.800048828125,122934,0.0,0.0
2025-10-31,3131.0,3153.10009765625,3093.10009765625,3096.300048828125,128829,0.0,0.0
2025-11-03,3099.89990234375,3143.800048828125,3095.0,3127.5,132017,0.0,0.0
2025-11-04,3135.0,3135.0,3092.0,3119.60009765625,131676,0.0,0.0
2025-11-06,3109.89990234375,3127.39990234375,3071.5,3083.5,297842,0.0,0.0
2025-11-07,3085.0,3085.10009765625,3005.0,3033.39990234375,304289,0.0,0.0
2025-11-10,3033.39990234375,3088.0,3003.10009765625,3054.39990234375,465289,0.0,0.0
2025-11-11,3064.0,3069.89990234375,3007.10009765625,3022.0,214908,0.0,0.0
2025-11-12,3050.0,3068.39990234375,3017.699951171875,3056.60009765625,284010,0.0,0.0
2025-11-13,3065.0,3124.699951171875,3056.5,3066.10009765625,324328,0.0,0.0
2025-11-14,3070.0,3105.0,3037.699951171875,3084.199951171875,284674,0.0,0.0
2025-11-17,3093.39990234375,3242.0,3093.39990234375,3232.60009765625,1556685,0.0,0.0
2025-11-18,3244.800048828125,3269.89990234375,3201.300048828125,3249.5,596935,0.0,0.0
2025-11-19,3222.0,3246.0,3186.10009765625,3211.5,336775,0.0,0.0
2025-11-20,3220.0,3243.800048828125,3205.699951171875,3216.300048828125,344112,0.0,0.0
2025-11-21,3205.0,3214.89990234375,3146.0,3173.5,424858,0.0,0.0
2025-11-24,3174.89990234375,3184.5,3147.0,3163.89990234375,597847,0.0,0.0
2025-11-25,3198.199951171875,3202.89990234375,3154.0,3181.10009765625,397365,0.0,0.0
2025-11-26,3195.0,3332.60009765625,3184.800048828125,3318.800048828125,1149408,0.0,0.0
2025-11-27,3310.0,3316.60009765625,3266.199951171875,3312.10009765625,269573,0.0,0.0
2025-11-28,3309.0,3311.89990234375,3285.0,3297.0,186409,0.0,0.0
2025-12-01,3324.89990234375,3324.89990234375,3274.39990234375,3310.199951171875,194610,0.0,0.0
2025-12-02,3310.199951171875,3384.0,3301.10009765625,3361.0,744346,0.0,0.0
2025-12-03,3372.10009765625,3374.60009765625,3308.800048828125,3329.89990234375,368000,0.0,0.0
2025-12-04,3332.89990234375,3375.0,3313.0,3362.5,268367,0.0,0.0
2025-12-05,3362.5,3374.0,3280.60009765625,3325.89990234375,287226,0.0,0.0
2025-12-08,3325.89990234375,3325.89990234375,3192.5,3204.199951171875,308854,0.0,0.0
2025-12-09,3200.0,3210.0,3125.0,3142.800048828125,387788,0.0,0.0
2025-12-10,3150.0,3183.300048828125,3105.199951171875,3179.89990234375,358536,0.0,0.0
2025-12-11,3180.699951171875,3205.39990234375,3155.699951171875,3196.5,223515,0.0,0.0
2025-12-12,3207.89990234375,3208.699951171875,2992.800048828125,3144.60009765625,1390227,0.0,0.0
2025-12-15,3142.10009765625,3188.5,3100.10009765625,3157.800048828125,810524,0.0,0.0
2025-12-16,3157.800048828125,3175.0,3130.699951171875,3161.39990234375,255211,0.0,0.0
2025-12-17,3171.0,3180.0,3130.800048828125,3140.10009765625,282648,0.0,0.0
2025-12-18,3132.0,3132.0,3051.89990234375,3074.0,489930,0.0,0.0
2025-12-19,3067.0,3122.0,3065.0,3111.60009765625,488781,0.0,0.0
2025-12-22,3120.0,3151.0,3110.0,3140.0,355883,0.0,0.0
2025-12-23,3141.39990234375,3141.39990234375,3107.5,3134.199951171875,219121,0.0,0.0
2025-12-24,3134.199951171875,3147.0,3090.0,3098.0,255036,0.0,0.0
2025-12-26,3098.0,3123.0,3088.39990234375,3100.89990234375,229163,0.0,0.0
2025-12-29,3100.89990234375,3108.300048828125,3050.0,3054.300048828125,157194,0.0,0.0
2025-12-30,3056.10009765625,3063.5,2993.39990234375,3029.5,406282,0.0,0.0
2025-12-31,3045.0,3080.0,3031.60009765625,3063.300048828125,114705,0.0,0.0
