Date,open,high,low,close,volume,dividends,stock splits
2007-12-03,918.6516200232204,927.8381362234526,913.5990361130927,917.8707885742188,18063,0.0,0.0
2007-12-04,923.1530381940283,923.2448809282916,901.1972419807504,917.7329711914062,52912,0.0,0.0
2007-12-05,919.5701957296525,921.3615774548223,905.7904225668705,909.9702758789062,42044,0.0,0.0
2007-12-06,918.651531268444,918.651531268444,892.9292883929276,900.4163208007812,30574,0.0,0.0
2007-12-07,900.416296830777,916.7682824380408,881.9054465404798,899.3139038085938,61942,0.0,0.0
2007-12-10,903.4938579522363,919.5702611186462,888.5657692977128,914.5635986328125,43392,0.0,0.0
2007-12-11,918.651571288872,932.4313448582051,910.3837071472722,916.3090209960938,33113,0.0,0.0
2007-12-12,894.077602588936,926.9193948237722,894.077602588936,913.9664306640625,26466,0.0,0.0
2007-12-13,914.0583277970613,918.6515857256899,900.2785540111761,905.9282836914062,23600,0.0,0.0
2007-12-14,907.7196781069521,950.8044631653628,903.2183186383425,940.7911376953125,48993,0.0,0.0
2007-12-17,940.6991743367707,959.9908566229741,891.0919913151051,907.3062133789062,227077,0.0,0.0
2007-12-18,881.9514062523888,927.8380622270307,881.9514062523888,900.5081787109375,46915,0.0,0.0
2007-12-19,918.6516612730305,926.9195262244879,891.0921114348396,903.7235717773438,21398,0.0,0.0
2007-12-20,913.1395764436181,1012.1702514209978,888.3359863390128,889.897705078125,25455,0.0,0.0
2007-12-24,913.0479224492948,913.0479224492948,889.2548216325531,891.0462036132812,11118,0.0,0.0
2007-12-26,907.6276907288627,907.6276907288627,882.870021351755,888.0604248046875,51463,0.0,0.0
2007-12-27,892.9293223589185,914.9769599480276,886.4987613954283,905.1932983398438,479376,0.0,0.0
2007-12-28,900.2327069136487,915.7119649821233,895.6853699751499,900.1408081054688,303711,0.0,0.0
2007-12-31,900.2786358766034,946.2112193396954,895.6853775302942,931.053466796875,344342,0.0,0.0
2008-01-01,937.0246280337476,944.3738408026397,905.0555637030756,911.3942260742188,32522,0.0,0.0
2008-01-02,920.4888599081622,937.0245879304646,900.5081885478803,911.9913330078125,91538,0.0,0.0
2008-01-03,904.9635241857778,923.7040362604483,903.9530300151976,906.708984375,23762,0.0,0.0
2008-01-04,900.2784659559909,918.65149587346,892.0565238539159,897.798095703125,57422,0.0,0.0
2008-01-07,882.824022701163,913.9663285522455,881.9053712727539,908.041015625,48616,0.0,0.0
2008-01-08,905.7905419193097,915.7578900590638,881.9055986232629,892.4700927734375,18391,0.0,0.0
2008-01-09,891.0920208560578,894.7666271276292,875.566786930652,881.6758422851562,57853,0.0,0.0
2008-01-10,886.4988510505298,891.0921093461284,837.8103131171847,849.7987060546875,39125,0.0,0.0
2008-01-11,872.7191154077377,872.7191154077377,825.8678786858487,834.6409912109375,71673,0.0,0.0
2008-01-14,826.8322945301655,870.8816464035069,826.8322945301655,860.4089965820312,313138,0.0,0.0
2008-01-15,863.5325769525921,877.3123521167292,831.4716109760136,841.714599609375,90812,0.0,0.0
2008-01-16,785.4470484963281,839.6474881001683,785.4470484963281,803.5444946289062,76376,0.0,0.0
2008-01-17,806.5760457707871,835.8350746614495,792.7962727792589,819.1156616210938,72626,0.0,0.0
2008-01-18,803.8200944376331,840.2905716506971,794.6335790726315,809.010498046875,144166,0.0,0.0
2008-01-21,790.0403338910787,817.5998804221629,649.1651409677033,735.6102294921875,162034,0.0,0.0
2008-01-22,721.1415454460843,790.0404192148185,662.3478398300978,693.3982543945312,77946,0.0,0.0
2008-01-23,771.6674656840514,826.7865703757694,679.8022911978549,753.4322509765625,122373,0.0,0.0
2008-01-24,755.1315341497708,780.5322705914614,725.7346861050108,729.0418090820312,53542,0.0,0.0
2008-01-25,734.9212804251453,840.7958773863927,734.9212804251453,801.4776000976562,24715,0.0,0.0
2008-01-28,826.786313707782,840.5660856029117,780.8537407240163,824.4896850585938,24252,0.0,0.0
2008-01-29,831.3796588608468,837.810219758113,794.7254393184128,799.6402587890625,12130,0.0,0.0
2008-01-30,813.0066134832475,813.0066134832475,787.4681118669344,808.2296142578125,40067,0.0,0.0
2008-01-31,799.2268202497379,824.0304112230056,767.0740171362427,802.3961791992188,379974,0.0,0.0
2008-02-01,793.2098263054112,812.0881076388889,780.8539496527778,808.183837890625,72335,0.0,0.0
2008-02-04,817.5080774194298,833.2169972774592,804.7387978115262,822.6984252929688,87825,0.0,0.0
2008-02-05,819.3454290671687,835.0543498542294,817.599968504141,822.4688110351562,107799,0.0,0.0
2008-02-06,799.2268485239994,817.599879524551,782.6911206235028,794.541748046875,55928,0.0,0.0
2008-02-07,794.5416936348404,808.4133086622807,784.5283699972588,785.447021484375,92124,0.0,0.0
2008-02-08,799.2269947456224,799.2269947456224,762.4809260216857,784.3907470703125,53597,0.0,0.0
2008-02-11,762.4808945778552,780.8539281821409,718.8449397676767,739.6064453125,58247,0.0,0.0
2008-02-12,741.351846600721,761.5621819479527,669.3295382080237,741.9030151367188,103432,0.0,0.0
2008-02-13,761.5621673822546,761.5621673822546,739.7901135060513,746.542236328125,10338,0.0,0.0
2008-02-14,778.8786773653547,812.9606827740048,728.9499891325584,796.1033935546875,52401,0.0,0.0
2008-02-15,794.6335250707491,845.1593561446118,780.8537529596956,828.3021240234375,31971,0.0,0.0
2008-02-18,826.7865190150835,835.9730358930289,817.6000021371381,818.5645751953125,19176,0.0,0.0
2008-02-19,817.7376591383244,837.8101720831343,815.349131584661,826.832275390625,29097,0.0,0.0
2008-02-20,814.8440663793114,840.5663142469785,808.4135044123947,809.1943359375,16931,0.0,0.0
2008-02-21,818.5185404054854,826.7864044499853,808.4133732399856,817.7836303710938,10285,0.0,0.0
2008-02-22,808.4134136534699,826.7405244156455,808.4134136534699,819.483154296875,9438,0.0,0.0
2008-02-25,848.8339620408926,848.8339620408926,799.8698496869566,828.3021240234375,60799,0.0,0.0
2008-02-26,813.0067082455284,842.7710440601631,813.0067082455284,837.810302734375,145224,0.0,0.0
2008-02-27,842.4034536396899,849.8904860428022,827.7968718737557,839.6934204101562,202368,0.0,0.0
2008-02-28,831.3797774540561,838.7289909564124,799.2728897516272,818.5645751953125,84433,0.0,0.0
2008-02-29,818.7482759002297,845.1595106066887,795.6441646768218,830.92041015625,45921,0.0,0.0
2008-03-03,819.4371757913727,826.6945454040882,780.8538110119583,797.6192016601562,28687,0.0,0.0
2008-03-04,790.9589239445206,819.4371198124418,790.1321151848566,814.4763793945312,51444,0.0,0.0
2008-03-05,786.3656915982846,912.2209483143652,786.3656915982846,804.3253173828125,21373,0.0,0.0
2008-03-07,743.1890897434251,808.4133485466182,743.1890897434251,777.3170166015625,28480,0.0,0.0
2008-03-10,755.1776304055966,791.5102944863439,748.8848885916678,781.5888671875,73250,0.0,0.0
2008-03-11,779.9351292747687,835.9728711896814,767.0740081795428,829.12890625,123164,0.0,0.0
2008-03-12,831.379604302232,849.7526342315631,805.6573624011685,820.58544921875,28991,0.0,0.0
2008-03-13,790.0403944794767,812.9148422825401,744.3374763104605,774.46923828125,16289,0.0,0.0
2008-03-14,785.3552953746894,791.8776994736585,762.4808475210401,780.3486328125,14965,0.0,0.0
2008-03-17,753.2942277671647,775.2959423409571,742.2704097998403,755.1315307617188,49639,0.0,0.0
2008-03-18,735.8399428911167,780.8538719818341,694.9599460638324,735.8858642578125,38529,0.0,0.0
2008-03-19,771.6672961743074,780.8538116049539,706.4430366167171,717.6046752929688,142457,0.0,0.0
2008-03-24,721.1415199718709,744.107810416835,698.175229526907,710.5770263671875,48257,0.0,0.0
2008-03-25,693.6278954493574,734.0026454195481,693.6278954493574,714.02197265625,99632,0.0,0.0
2008-03-26,716.5482636696742,734.0026444513713,709.1990507089595,714.6650390625,47413,0.0,0.0
2008-03-27,714.8028720238344,725.7348497840447,690.4126803748492,706.2135009765625,336176,0.0,0.0
2008-03-28,718.385550408717,732.165324393539,691.0556653388202,720.957763671875,54014,0.0,0.0
2008-03-31,711.9550372656374,725.6429694423765,699.0939140118065,720.7281494140625,59001,0.0,0.0
2008-04-01,730.2820882598767,730.2820882598767,700.0125073387653,705.3865966796875,19750,0.0,0.0
2008-04-02,725.642936011616,780.8079544984489,713.7923077028175,738.687744140625,108914,0.0,0.0
2008-04-03,744.1076450563856,753.2941591928842,725.7346167833884,744.6588134765625,114827,0.0,0.0
2008-04-04,741.3517597378666,745.8531745112541,732.1652447473106,740.2952880859375,34244,0.0,0.0
2008-04-07,732.165392575765,746.8638195283526,732.165392575765,735.5184936523438,7561,0.0,0.0
2008-04-08,734.0025718143837,734.0025718143837,716.7319342798179,729.6389770507812,6429,0.0,0.0
2008-04-09,722.0601774914825,765.6502083263196,722.0601774914825,747.3690185546875,22005,0.0,0.0
2008-04-10,747.6905488069052,757.8875589907636,734.9212693243769,737.080078125,9094,0.0,0.0
2008-04-11,748.5173230462948,748.5173230462948,717.0075839349129,732.9461669921875,21230,0.0,0.0
2008-04-15,716.5481434285621,734.9211727472432,711.9548860988918,725.1375122070312,11009,0.0,0.0
2008-04-16,725.734772847494,739.5145470154845,711.0822684348553,723.1166381835938,31501,0.0,0.0
2008-04-17,730.3281341371015,730.3281341371015,709.1991440928834,721.2334594726562,74170,0.0,0.0
2008-04-21,729.4094337898335,730.3280854696695,694.5925126960273,707.40771484375,154513,0.0,0.0
2008-04-22,724.6323665684557,773.9639684098964,707.3617278048905,759.8167114257812,419221,0.0,0.0
2008-04-23,771.6672300681089,771.6672300681089,734.9211714934371,752.3755493164062,203234,0.0,0.0
2008-04-24,736.850244625811,753.1103851589202,722.0140585783648,728.4905395507812,54939,0.0,0.0
2008-04-25,740.4331103032179,740.4331103032179,714.7108682579448,719.074462890625,21553,0.0,0.0
2008-04-28,717.5586257525606,721.1413888384983,711.9548743310015,714.2974243164062,10219,0.0,0.0
2008-04-29,702.9062906577823,734.7375347967942,702.9062906577823,717.5128173828125,12122,0.0,0.0
2008-04-30,734.7375431542387,734.7375431542387,693.903468059674,700.88525390625,25472,0.0,0.0
2008-05-02,711.955113777296,711.955113777296,693.5820785830432,695.786865234375,21747,0.0,0.0
2008-05-05,707.2697766955607,707.2697766955607,693.5818476061797,696.0162963867188,33241,0.0,0.0
2008-05-06,699.0939650751558,699.0939650751558,688.988796066185,696.475830078125,33271,0.0,0.0
2008-05-07,699.5531573084224,699.5531573084224,679.802148927423,682.0528564453125,28150,0.0,0.0
2008-05-08,670.6158663013315,677.9650812744967,656.8820096062168,659.4542236328125,69973,0.0,0.0
2008-05-09,652.2427534869732,656.6522707472406,632.0324146465317,635.3395385742188,40952,0.0,0.0
2008-05-12,626.5204094576548,638.4628806056746,604.5186917824861,609.9846801757812,39346,0.0,0.0
2008-05-13,614.5777781203283,620.1356077996375,610.9031725710288,611.0869140625,41662,0.0,0.0
2008-05-14,609.065929790233,618.9414331767263,602.6353694455397,611.7300415039062,16714,0.0,0.0
2008-05-15,611.7300411747141,652.0128860271361,610.7654122675,644.0665283203125,58505,0.0,0.0
2008-05-16,652.2425872387861,652.2425872387861,630.2867932121688,636.57958984375,14870,0.0,0.0
2008-05-20,645.8120671404149,663.2664473333991,621.9271258236997,642.5049438476562,43753,0.0,0.0
2008-05-21,644.8935968462827,647.6495523883608,630.3329874936602,637.911865234375,15331,0.0,0.0
2008-05-22,636.6255513607539,641.8159552681193,620.1816654848902,626.01513671875,35367,0.0,0.0
2008-05-23,640.4839123735485,640.4839123735485,610.9033193790789,611.54638671875,23203,0.0,0.0
2008-05-26,607.2287719507835,612.7406821349057,576.9132659381121,585.7322998046875,20911,0.0,0.0
2008-05-27,580.5878691452277,589.7743860620826,577.0510825602585,584.7218017578125,231484,0.0,0.0
2008-05-28,598.0421676952246,609.9846380178636,592.5302583155452,601.7626953125,50891,0.0,0.0
2008-05-29,617.6553309614968,618.2524768812999,587.9369765290222,589.5446166992188,129264,0.0,0.0
2008-05-30,588.901545095588,605.3913510771758,587.9369722145562,596.7100830078125,31808,0.0,0.0
2008-06-02,593.4489058788137,599.0986353829211,582.4250871937584,587.8451538085938,14306,0.0,0.0
2008-06-03,567.9562985515561,598.9607871502055,567.9562985515561,591.4737548828125,219163,0.0,0.0
2008-06-04,592.5303434416354,597.1236019179271,483.9916232188415,574.7544555664062,57594,0.0,0.0
2008-06-05,580.5878214042992,583.3437762527374,559.3669914993436,570.2529907226562,109624,0.0,0.0
2008-06-06,575.3514980934473,605.2995745319347,570.574498457917,588.3963623046875,48756,0.0,0.0
2008-06-09,586.9266645162825,586.9266645162825,553.9929634476337,570.8961791992188,19845,0.0,0.0
2008-06-10,577.831863817231,577.831863817231,556.0598094037493,563.2252807617188,22056,0.0,0.0
2008-06-11,557.5755773507896,633.3184099306067,557.5755773507896,588.8556518554688,7357,0.0,0.0
2008-06-12,571.4013398653613,592.2547440294412,560.6071827216025,588.0748901367188,23909,0.0,0.0
2008-06-13,579.8988906503307,597.123610174598,574.3869804025652,586.2376098632812,7130,0.0,0.0
2008-06-16,586.2375091366722,596.9397660535379,561.2960971229159,568.553466796875,30857,0.0,0.0
2008-06-17,569.564079555106,581.4606308178885,561.5258768194493,579.1640014648438,18812,0.0,0.0
2008-06-18,573.2386287811388,603.5541331878336,573.2386287811388,580.8175048828125,42704,0.0,0.0
2008-06-19,575.9945211272741,593.4489005553733,572.3199149318847,576.7294311523438,21389,0.0,0.0
2008-06-20,577.8318463127421,584.7217331924647,542.0503559033737,544.3469848632812,59930,0.0,0.0
2008-06-23,541.912573386236,550.0426171999219,524.0907108351656,527.9031372070312,132546,0.0,0.0
2008-06-24,522.7127909313606,530.9806558142819,509.8516677801496,516.1444091796875,107207,0.0,0.0
2008-06-25,508.42771558712496,527.0763309857723,496.11776229164116,524.1825561523438,46200,0.0,0.0
2008-06-26,530.9804709190926,551.0529801339572,524.5499115827022,542.7391967773438,136541,0.0,0.0
2008-06-27,532.8179208394763,532.8179208394763,509.8516311481196,522.6209106445312,51108,0.0,0.0
2008-06-30,505.25846757169603,522.7128509969001,491.61651137528173,501.07861328125,64760,0.0,0.0
2008-07-01,500.66515637190304,500.66515637190304,473.1515278490155,479.71990966796875,63111,0.0,0.0
2008-07-02,477.0558375169695,498.7819736027754,474.9429497283202,494.6480407714844,17688,0.0,0.0
2008-07-03,491.4785861340987,527.3059970859301,470.44144291641686,488.2633056640625,21313,0.0,0.0
2008-07-04,488.72272962491763,496.0260222308795,486.8854261300871,493.8671569824219,6468,0.0,0.0
2008-07-07,493.7752922776571,523.6314727409573,489.73320234075936,508.28997802734375,10065,0.0,0.0
2008-07-08,500.66511251652713,514.3989648903928,490.28436084716554,510.0353698730469,20105,0.0,0.0
2008-07-09,519.0737413301284,528.3900814503062,517.2660797355629,524.6357421875,12088,5.0,0.0
2008-07-10,520.9739348201344,520.9739348201344,510.1743635394498,511.7502746582031,14607,0.0,0.0
2008-07-11,514.4849839247918,520.9739837220415,495.99132318671275,511.7966613769531,15593,0.0,0.0
2008-07-14,517.9149958747009,517.9149958747009,500.7654930747413,502.43408203125,4791,0.0,0.0
2008-07-15,496.9184456327689,501.04360783652004,485.7481045445634,490.8929443359375,23030,0.0,0.0
2008-07-16,491.3099815307415,498.262481269384,489.45598160043676,491.9588928222656,13219,0.0,0.0
2008-07-17,496.87203464220875,500.30194619726217,478.37837203690185,481.4838562011719,22460,0.0,0.0
2008-07-18,486.67495628547846,507.0689544536318,480.2322955482585,500.116455078125,55219,0.0,0.0
2008-07-21,500.57992239184364,500.57992239184364,491.54167379310206,499.1894226074219,80279,0.0,0.0
2008-07-22,504.1953448717228,523.5232730924353,491.40269904377163,500.9044494628906,11450,0.0,0.0
2008-07-23,521.9009331175802,546.9299299100751,505.2149352559169,530.568359375,40703,0.0,0.0
2008-07-24,596.6172561568962,596.6172561568962,496.8720656164731,503.3147277832031,39656,0.0,0.0
2008-07-25,496.8719143677571,514.2995000483221,490.3829154860886,510.6842346191406,13596,0.0,0.0
2008-07-28,511.7041061604515,523.6624312732157,509.85010577581215,521.0204467773438,8573,0.0,0.0
2008-07-29,505.4466967358081,523.6622674480793,500.57994724866825,504.4733581542969,18451,0.0,0.0
2008-07-30,506.1421852790235,523.755191726462,506.1421852790235,518.3786010742188,18359,0.0,0.0
2008-07-31,516.3389558730777,546.9299532587358,510.7769563484126,534.92529296875,506890,0.0,0.0
2008-08-01,532.0981802570576,532.0981802570576,509.9892453991262,525.1920166015625,24828,0.0,0.0
2008-08-04,525.6088748696246,536.7328722213626,520.0468761937556,531.72705078125,25941,0.0,0.0
2008-08-05,536.4549123545177,571.8663237389936,530.0585897102982,567.4630737304688,144996,0.0,0.0
2008-08-06,569.6415273278226,589.5720282839629,569.6415273278226,586.512939453125,42992,0.0,0.0
2008-08-07,585.7711738704035,598.8418479191618,576.0376763423056,589.06201171875,49241,0.0,0.0
2008-08-08,515.6900935533611,591.4260055843971,515.6900935533611,588.2278442382812,62579,0.0,0.0
2008-08-11,584.9369810354032,597.9149806146355,584.009981065458,593.0018920898438,11800,0.0,0.0
2008-08-12,596.9879118349967,596.9879118349967,579.6066644019126,589.75732421875,7870,0.0,0.0
2008-08-13,584.0099127159838,593.0481613651597,579.4675907630268,589.2938232421875,23298,0.0,0.0
2008-08-14,592.353100951638,593.1410284540843,561.9011683937105,574.0911865234375,45820,0.0,0.0
2008-08-18,584.0100129092941,584.0100129092941,561.9010850524216,568.8071899414062,15025,0.0,0.0
2008-08-19,565.4700695198042,571.4955702605889,546.9300672404663,566.9532470703125,21222,0.0,0.0
2008-08-20,560.834998416619,574.7399983773616,554.3459984349391,562.08642578125,210188,0.0,0.0
2008-08-21,556.1998459296659,567.2311655057673,542.2948497814243,548.644775390625,27907,0.0,0.0
2008-08-22,548.8765529509641,565.3771944743348,537.6598781253522,543.6390380859375,5364,0.0,0.0
2008-08-25,547.1153744815186,563.6159620547029,542.3876408520581,549.3865356445312,176704,0.0,0.0
2008-08-26,549.7109825623417,551.5186438209179,537.6599829446175,548.3668212890625,4947,0.0,0.0
2008-08-27,556.0608859866219,565.4699579182433,548.3667978751268,553.6043701171875,423356,0.0,0.0
2008-08-28,540.0701349657736,558.0539561856503,535.8059579324018,542.619384765625,359063,0.0,0.0
2008-08-29,554.3460431652447,564.4503665838737,540.4410420825045,547.9033813476562,69653,0.0,0.0
2008-09-01,542.295035413434,564.3112868511588,538.3089464690488,555.1803588867188,26564,0.0,0.0
2008-09-02,547.022840370983,568.2511693284735,547.022840370983,566.350830078125,10675,0.0,0.0
2008-09-04,560.834924852234,570.1512622879952,551.7039987075472,560.2787475585938,32053,0.0,0.0
2008-09-05,560.3716282212782,560.3716282212782,544.1491245093306,545.4932861328125,28790,0.0,0.0
2008-09-08,565.4699119751397,565.4699119751397,534.1836668453676,539.513916015625,55189,0.0,0.0
2008-09-09,542.2023884367328,549.525655377774,539.514065478626,540.1166381835938,3958,0.0,0.0
2008-09-10,546.9300205984606,551.5650207730238,540.4410203540721,547.7643432617188,31894,0.0,0.0
2008-09-11,542.2951340213993,550.3600473304589,540.6265449249466,543.82470703125,10024,0.0,0.0
2008-09-12,537.9380448807008,542.2949558418429,498.30879810764304,523.9403686523438,67659,0.0,0.0
2008-09-15,556.1071093550925,588.6447742444964,491.4488841526458,500.6724853515625,10550,0.0,0.0
2008-09-16,474.62397778367597,519.1199757008956,457.6135229219468,502.0168151855469,21574,0.0,0.0
2008-09-17,495.9913114931004,509.57188338042914,489.502311848837,492.097900390625,20397,0.0,0.0
2008-09-18,490.2903618996254,505.2150404631202,468.18137618114326,496.8720397949219,51101,0.0,0.0
2008-09-19,495.06427037484684,531.1709267087489,495.06427037484684,522.4107666015625,40327,0.0,0.0
2008-09-22,519.1201900297677,528.3901934231565,505.2615236407295,518.3786010742188,29998,0.0,0.0
2008-09-23,519.0736842528534,528.3900233486078,514.0215227136895,526.2579345703125,15054,0.0,0.0
2008-09-24,533.0249734074157,537.6599731761759,507.25438600902675,511.3795471191406,32558,0.0,0.0
2008-09-25,509.8964027011614,527.4630662225597,492.5614892088591,510.45263671875,122489,0.0,0.0
2008-09-26,495.94500916787337,509.85000942491655,495.94500916787337,505.1686706542969,76673,0.0,0.0
2008-09-29,500.5800128586097,514.3923358452486,464.9832176021788,477.5904235839844,43793,0.0,0.0
2008-09-30,463.68552217584977,499.65311945921985,463.68552217584977,490.1513671875,44568,0.0,0.0
2008-10-01,482.040040468975,493.1177027149021,474.80945117785933,482.73529052734375,46512,0.0,0.0
2008-10-03,486.6286366312834,489.50231385367783,470.915976112403,478.8881530761719,174189,0.0,0.0
2008-10-06,462.5729823310439,463.49998229563516,426.929822376592,441.0202331542969,85087,0.0,0.0
2008-10-07,444.9600322867428,448.436282538983,409.734029730709,426.46636962890625,68944,0.0,0.0
2008-10-08,421.7849674746464,509.84996068363847,352.72347280022626,455.1106262207031,41239,0.0,0.0
2008-10-10,409.6413264702666,489.45603838810445,407.88003199008705,414.78619384765625,150387,0.0,0.0
2008-10-13,414.78615489743765,437.5439932293605,414.78615489743765,420.0700378417969,32203,0.0,0.0
2008-10-14,432.8162157387472,432.8162157387472,404.82083779683506,410.5218811035156,41897,0.0,0.0
2008-10-15,405.9796132659458,407.87995172511205,390.2669538097095,394.7629089355469,18217,0.0,0.0
2008-10-16,389.15459007996446,389.3400013965475,352.26000126354296,365.8405456542969,19732,0.0,0.0
2008-10-17,370.84635532988915,398.6100178920067,334.2298536863211,346.7443542480469,18200,0.0,0.0
2008-10-20,344.84398798295257,361.5299874014825,335.6203269884587,338.91119384765625,10863,0.0,0.0
2008-10-21,342.9899740553652,354.06763453334077,335.52763593575344,346.5589294433594,21586,0.0,0.0
2008-10-22,339.60650324103705,344.65863697502664,324.4500454594706,325.8405456542969,36513,0.0,0.0
2008-10-23,325.3769572880398,329.0849568012938,298.0767995557906,324.3109130859375,230936,0.0,0.0
2008-10-24,316.2460233480722,331.86597796910166,301.27497999988276,308.9227294921875,200089,0.0,0.0
2008-10-27,312.3990108373843,319.72230543347655,269.3398480277078,300.85784912109375,133725,0.0,0.0
2008-10-29,346.6980695047637,346.6980695047637,301.46047175161317,313.27972412109375,587533,0.0,0.0
2008-10-31,333.67370135065977,333.7200400403016,315.55083220237,329.1313781738281,48035,0.0,0.0
2008-11-03,333.72001007324735,359.39792216424604,324.4500097934349,329.5948486328125,44586,0.0,0.0
2008-11-04,329.08499674915225,351.7037908677548,324.44999679493884,346.00274658203125,32235,0.0,0.0
2008-11-05,369.8730299729567,369.8730299729567,324.95986501746455,331.40252685546875,19843,0.0,0.0
2008-11-06,328.52874910307514,328.52874910307514,312.5380013050282,320.4638671875,17705,0.0,0.0
2008-11-07,305.91001696710975,329.9193126408115,304.0560168642788,324.0792236328125,35686,0.0,0.0
2008-11-10,345.63189700265326,345.63189700265326,317.49744611923865,324.5889892578125,325592,0.0,0.0
2008-11-11,324.45003366868383,331.6806231030954,317.9610329953102,323.1985778808594,8939,0.0,0.0
2008-11-12,318.8879467399809,326.952856708914,302.24828820318504,319.21240234375,39944,0.0,0.0
2008-11-14,324.4499818397251,324.4499818397251,292.19039496129267,299.3282775878906,31212,0.0,0.0
2008-11-17,296.639965970092,308.69096458762704,285.51596724621356,302.20196533203125,29976,0.0,0.0
2008-11-18,296.73265471191775,304.0096091204961,290.1509501839719,300.394287109375,40821,0.0,0.0
2008-11-19,296.6399820612102,302.89723168281387,282.78132158337075,287.6480712890625,43095,0.0,0.0
2008-11-20,278.0999489238425,301.274944667496,260.1161578847253,282.6422424316406,106167,0.0,0.0
2008-11-21,287.37003217107275,287.37003217107275,264.1950295766314,268.78369140625,71473,0.0,0.0
2008-11-24,270.6839972472674,270.6839972472674,240.09299755836392,246.07215881347656,860289,0.0,0.0
2008-11-25,272.95515628325785,272.95515628325785,227.3467458082532,240.0002899169922,1017336,0.0,0.0
2008-11-26,241.02001025094336,264.195011236611,237.31201009323652,259.74542236328125,229919,0.0,0.0
2008-11-27,259.74542236328125,259.74542236328125,259.74542236328125,259.74542236328125,0,0.0,0.0
2008-11-28,257.4279338731967,258.40127264256813,242.96672694806568,249.36302185058594,107668,0.0,0.0
2008-12-01,250.28999201769872,254.78594753227173,246.86008081116822,250.7071533203125,28231,0.0,0.0
2008-12-02,244.72800453680813,246.58200457117786,241.0200044680686,245.28421020507812,24032,0.0,0.0
2008-12-03,242.87399120917158,259.5599906052215,241.01999127627712,256.31549072265625,282358,0.0,0.0
2008-12-04,255.89833627711715,277.63649738856725,255.06404194292347,259.55999755859375,52418,0.0,0.0
2008-12-05,254.92502853885483,268.922735763857,254.92502853885483,268.78369140625,113815,0.0,0.0
2008-12-08,277.54382277765006,282.5496176325572,268.83002754284166,277.31207275390625,166377,0.0,0.0
2008-12-10,277.3120388655529,316.4777880920893,274.99453891132,304.4267883300781,799845,0.0,0.0
2008-12-11,304.05598882098553,327.2309879689265,298.54032770785807,316.24603271484375,277893,0.0,0.0
2008-12-12,305.90998027597834,328.1579788415041,305.0293190168424,315.226318359375,173889,0.0,0.0
2008-12-15,319.81497026907914,335.5739688040772,313.32597087231517,322.0397644042969,139981,0.0,0.0
2008-12-16,321.2054845344188,351.3329830838232,315.27269047803327,342.89727783203125,103024,0.0,0.0
2008-12-17,346.6980225257688,357.7293175845385,335.66672746699913,340.5334777832031,112457,0.0,0.0
2008-12-18,330.9390229187951,354.4848188914727,324.450022469407,332.7003173828125,89719,0.0,0.0
2008-12-19,333.62728931013595,343.87065612951824,328.3434063637066,333.8590393066406,84275,0.0,0.0
2008-12-22,347.43962124141245,398.610037352328,328.1580307505212,333.48828125,74525,0.0,0.0
2008-12-23,334.7397170329401,346.69801178134276,322.5960109623189,332.2831726074219,37808,0.0,0.0
2008-12-24,338.35496666875656,352.02821532180906,300.7187647183282,332.09771728515625,196890,0.0,0.0
2008-12-26,352.2599891361478,352.2599891361478,333.7199897079295,334.4615783691406,15266,0.0,0.0
2008-12-29,331.2171446989213,350.4060592600335,327.509144071831,346.46630859375,10929,0.0,0.0
2008-12-30,349.80342867857945,357.1267224557949,342.98997354612357,355.3190612792969,44493,0.0,0.0
2008-12-31,361.29817817183323,368.0189268357095,354.1139296001034,357.3584289550781,20658,0.0,0.0
2009-01-02,364.3110712215358,384.705075208492,352.26006886560714,358.10015869140625,27526,0.0,0.0
2009-01-05,366.1650264674665,373.58102700351645,352.2600254623728,356.7559814453125,151682,0.0,0.0
2009-01-06,347.0223997078553,403.0595236991642,347.0223997078553,397.86834716796875,104725,0.0,0.0
2009-01-07,400.23218521441953,406.0259342765854,361.6226471221041,379.51373291015625,191934,0.0,0.0
2009-01-09,364.31101184981986,379.2357179932296,356.89501160860215,367.7872619628906,21875,0.0,0.0
2009-01-12,367.0919838484906,370.33648370573735,347.8103960127702,351.6574401855469,10162,0.0,0.0
2009-01-13,344.84400481896097,347.6250048578235,338.3550047282816,338.4940490722656,139981,0.0,0.0
2009-01-14,346.6980184750394,349.43267993668354,326.9529287387699,333.3028564453125,55060,0.0,0.0
2009-01-15,319.81498632577706,335.57398565197474,316.33873647440987,332.6075744628906,28469,0.0,0.0
2009-01-16,346.697954025451,349.43261497873397,325.3769568527628,343.5924987792969,274541,0.0,0.0
2009-01-19,347.62499380750506,374.4152876723112,333.9517440510765,352.9089050292969,383538,0.0,0.0
2009-01-20,353.186949838189,365.9795367053881,344.0096567995643,360.5566101074219,102021,0.0,0.0
2009-01-21,359.67598085779684,366.906569157062,353.279686856171,361.25189208984375,100172,0.0,0.0
2009-01-22,368.0190521816067,375.4350532331252,347.9031380134431,360.5103454589844,35398,0.0,0.0
2009-01-23,361.5763357368072,369.8729969850976,355.2727471041069,366.9065856933594,26258,0.0,0.0
2009-01-27,362.4570007324219,375.4350007586467,357.0804120374753,362.4570007324219,272174,0.0,0.0
2009-01-28,365.2379464079777,387.48594314348907,358.7489473601202,382.06298828125,29708,0.0,0.0
2009-01-29,385.63198177662497,399.53698111953213,371.912393740874,385.5392761230469,231205,0.0,0.0
2009-01-30,364.3109324528363,388.4129279840672,362.45693279658775,367.04559326171875,48360,0.0,0.0
2009-02-02,365.23797802294496,379.14297718625505,358.7489784134002,360.0931396484375,17658,0.0,0.0
2009-02-03,364.77449587061227,386.5589956240034,362.5497015537568,382.8046569824219,59712,0.0,0.0
2009-02-04,389.3400307393638,389.3400307393638,376.50107406773725,382.6656188964844,19430,0.0,0.0
2009-02-05,373.11751755612335,384.4732680904401,355.8753110868749,382.0167236328125,28756,0.0,0.0
2009-02-06,384.9830642531048,389.3399752925338,382.0630200963695,385.6783142089844,17100,0.0,0.0
2009-02-09,387.6250136330229,391.1939690082367,380.2553811907481,382.8973083496094,13112,0.0,0.0
2009-02-10,382.8973565884622,389.3400182056407,380.162723434467,388.3203125,188736,0.0,0.0
2009-02-11,387.4860343626764,392.02832910753295,380.0700337050175,389.896240234375,17827,0.0,0.0
2009-02-12,392.12106084007667,392.12106084007667,379.1430588264571,381.97039794921875,39805,0.0,0.0
2009-02-13,389.1081694328344,396.7095791748352,382.9436263671988,389.98883056640625,42314,0.0,0.0
2009-02-16,389.98891876351496,405.00630207642416,387.0225073909476,391.5184631347656,37872,0.0,0.0
2009-02-17,388.4129202868362,392.07458085127934,375.66667290272164,379.9308776855469,51762,0.0,0.0
2009-02-18,356.1997589859449,397.6830100324538,356.1997589859449,389.5254211425781,45041,0.0,0.0
2009-02-19,391.6574880337819,395.78264922366475,377.93789976887115,388.5520324707031,33581,0.0,0.0
2009-02-20,384.70500346273315,390.7305035169687,380.11634210551256,386.5126647949219,20485,0.0,0.0
2009-02-24,378.2160273300511,398.3319400995535,378.2160273300511,393.18707275390625,43710,0.0,0.0
2009-02-25,406.95299960475705,416.96458827911556,395.9217052734299,408.4825439453125,63502,0.0,0.0
2009-02-26,424.56601362468814,447.74101436839385,407.97271875015406,441.25201416015625,580163,0.0,0.0
2009-02-27,442.1790402861239,452.376041215154,421.7850384280637,435.7827453613281,148244,0.0,0.0
2009-03-02,422.7120154536888,430.035310063458,417.28905959747505,419.05035400390625,73126,0.0,0.0
2009-03-03,444.9599916194115,444.9599916194115,410.7073309486244,424.5196533203125,51772,0.0,0.0
2009-03-04,436.61699969758513,451.448999687312,411.12449971524205,440.60308837890625,138978,0.0,0.0
2009-03-05,462.57297891519147,462.57297891519147,436.15348011943405,442.5497741699219,104111,0.0,0.0
2009-03-06,482.0399629985867,482.0399629985867,431.9819668410412,461.1824645996094,101678,0.0,0.0
2009-03-09,482.03998282582535,482.03998282582535,429.2009847083791,433.4188232421875,80500,0.0,0.0
2009-03-12,444.45007470399923,444.45007470399923,416.31562452872294,421.41412353515625,63997,0.0,0.0
2009-03-13,431.05494408091164,439.3979429986067,422.9900338112232,436.616943359375,50776,0.0,0.0
2009-03-16,419.00399656938146,451.44899630373624,419.00399656938146,447.2774963378906,34667,0.0,0.0
2009-03-17,458.772243924546,458.772243924546,433.8359523229178,443.47674560546875,143572,0.0,0.0
2009-03-18,452.3759907613085,452.3759907613085,428.2739912535339,430.3597412109375,18325,0.0,0.0
2009-03-19,439.2126037515083,444.96001526459435,422.71201450136465,438.563720703125,23689,0.0,0.0
2009-03-20,447.69459791223875,447.69459791223875,423.73164564797565,437.219482421875,53036,0.0,0.0
2009-03-23,444.9599380849614,485.5625211192977,437.68298343957207,472.6308898925781,72807,0.0,0.0
2009-03-24,485.6553296829122,500.580007267763,452.3760065679043,475.0411682128906,73871,0.0,0.0
2009-03-25,479.72252513303346,495.8059533438207,459.7920240888591,475.31927490234375,63739,0.0,0.0
2009-03-26,475.55105136707834,486.6750525686474,469.98905076629376,481.99371337890625,235113,0.0,0.0
2009-03-27,482.0400089361372,498.72600924546504,478.42468623727984,490.56842041015625,70672,0.0,0.0
2009-03-30,487.60198216249177,504.75148153512697,475.9218052216132,492.1906433105469,100138,0.0,0.0
2009-03-31,482.1326609015022,521.3911435084298,482.0399835365034,511.1014099121094,116125,0.0,0.0
2009-04-01,514.4849266432021,514.4849266432021,488.6216076990355,496.1303405761719,45084,0.0,0.0
2009-04-02,509.8499389926327,514.4849384380202,497.84527911316223,509.06201171875,107285,0.0,0.0
2009-04-06,514.4849010747157,525.6088989357906,493.16390517432205,498.6795654296875,34993,0.0,0.0
2009-04-08,491.3100508271741,506.0493749838276,478.3783881734454,502.6658020019531,27759,0.0,0.0
2009-04-09,493.16399202646164,509.75731439001464,484.82099216135236,490.7538146972656,22238,0.0,0.0
2009-04-13,490.7538622160967,503.3610406011572,490.7538622160967,494.87896728515625,31874,0.0,0.0
2009-04-15,495.94495188043635,522.8279492720862,491.30995233015193,520.2323608398438,182887,0.0,0.0
2009-04-16,533.0249855522395,546.002985200468,500.9044137910388,506.6518249511719,64419,0.0,0.0
2009-04-17,514.484874268438,542.2948674721374,501.5532161128026,524.7282104492188,68477,0.0,0.0
2009-04-20,528.3899307364134,537.6599295212627,520.9739317085339,529.8731079101562,42898,0.0,0.0
2009-04-21,513.5579479517183,546.7445332723927,513.5579479517183,525.1454467773438,74938,0.0,0.0
2009-04-22,524.6820352067856,536.733036015422,517.2660347091631,525.7481079101562,74978,0.0,0.0
2009-04-23,521.9936463189556,533.9519682394871,512.630969507702,519.212646484375,93724,0.0,0.0
2009-04-24,533.7665387344143,536.5475384741694,523.7549509872127,526.9994506835938,33513,0.0,0.0
2009-04-27,532.0979412361569,547.8569394957643,522.2253696946282,528.8997802734375,74997,0.0,0.0
2009-04-28,537.7991410946249,537.7991410946249,515.4120656128744,530.75390625,33782,0.0,0.0
2009-04-29,538.1235907831564,547.857092425229,506.14208538777496,528.5755004882812,279114,0.0,0.0
2009-04-30,546.929931640625,546.929931640625,546.929931640625,546.929931640625,0,0.0,0.0
2009-05-04,536.7330122075452,561.715674091673,535.2498348056475,550.128173828125,103334,0.0,0.0
2009-05-05,546.9299606218746,560.7422822592443,524.6819622236966,544.2416381835938,42569,0.0,0.0
2009-05-06,546.9299342608214,551.1014337594208,523.7549370463797,526.582275390625,41695,0.0,0.0
2009-05-07,537.6599581255114,543.221957692327,508.9229603636306,518.7955322265625,29153,0.0,0.0
2009-05-08,516.338966785122,524.5892888862339,508.22771730689965,518.0538940429688,61393,0.0,0.0
2009-05-11,528.3899660099094,532.7932157266586,507.9959673218076,518.0538940429688,12085,0.0,0.0
2009-05-12,522.8280611052427,548.7840641388364,504.0099702218066,527.972900390625,53168,0.0,0.0
2009-05-13,532.0979619306432,540.4409613337369,519.1199628591642,532.3297119140625,27091,0.0,0.0
2009-05-14,524.6819960267851,535.7596572588162,512.8627461162877,531.9589233398438,16920,0.0,0.0
2009-05-15,528.3898741539041,536.5474608951017,519.2125537078216,526.1187133789062,84288,0.0,0.0
2009-05-18,582.1559558171713,626.5592750790095,582.1559558171713,603.1525268554688,402,0.0,0.0
2009-05-19,607.1848779134666,638.7028715761503,556.1998881650076,593.1408081054688,269042,0.0,0.0
2009-05-20,575.6671205071459,615.4817901576587,575.6671205071459,611.1248779296875,30606,0.0,0.0
2009-05-21,621.0900752958793,654.462079341628,596.9880723739496,638.8884887695312,76360,0.0,0.0
2009-05-22,637.7760848179179,647.9730861740182,608.1120808728984,611.7737426757812,49824,0.0,0.0
2009-05-25,629.4329885179395,629.4329885179395,612.8396661887974,625.6786499023438,43179,0.0,0.0
2009-05-26,622.9439458076783,651.680943307735,600.6959477431185,639.8616943359375,52975,0.0,0.0
2009-05-27,652.6079411498006,655.3889408990184,611.819944827938,638.9346923828125,86988,0.0,0.0
2009-05-28,647.9729456868783,655.388945065269,636.0146240573895,640.7886962890625,122543,0.0,0.0
2009-05-29,637.7760441684343,679.4910470573581,622.1561157185303,665.400634765625,292496,0.0,0.0
2009-06-01,666.5592601930564,705.6786669024486,662.8049219510683,697.6600952148438,167648,0.0,0.0
2009-06-02,672.0749332982376,697.3356807911714,652.6079352302887,685.7018432617188,121185,0.0,0.0
2009-06-03,685.9799542748452,695.2499536569377,668.3669554488695,673.928955078125,39812,0.0,0.0
2009-06-04,673.975249751138,741.5999021437915,662.9903238324661,724.3577270507812,119462,0.0,0.0
2009-06-05,724.9139550766091,750.869953468099,680.4179578340551,687.463134765625,259295,0.0,0.0
2009-06-08,692.4689474449414,709.1549461785544,644.2649511033926,665.0761108398438,82297,0.0,0.0
2009-06-09,658.3091103532685,683.1990391476376,645.4237869830972,678.5177001953125,36396,0.0,0.0
2009-06-10,678.5640699919945,711.055412027468,672.2604806577148,707.1156616210938,58723,0.0,0.0
2009-06-11,687.3240289179491,709.1548633967975,653.6275514610859,678.7029418945312,15738575,0.0,0.0
2009-06-12,684.2650109692082,694.3229374310009,676.7099390181985,678.6566162109375,160474,0.0,0.0
2009-06-15,680.4180540045717,689.6880547403289,654.7864793383656,675.1804809570312,80830,0.0,0.0
2009-06-16,659.0970203757126,679.4910210061848,650.7540201177923,659.4214477539062,161472,0.0,0.0
2009-06-17,656.3622833565518,670.1282661439132,653.5349449107979,662.52685546875,168113,0.0,0.0
2009-06-18,665.5395720867903,665.5395720867903,607.1849185945015,626.420166015625,246378,0.0,0.0
2009-06-19,644.2649930423656,644.2649930423656,616.5013320262767,621.6925659179688,159367,0.0,0.0
2009-06-22,631.286951725322,637.49786256629,605.330953710184,608.9926147460938,92603,0.0,0.0
2009-06-23,600.1861465414371,609.9659849847739,569.7341633433044,607.4630737304688,51351,0.0,0.0
2009-06-24,628.9231311738617,646.9996303075192,610.0586481302156,639.3055419921875,58760,0.0,0.0
2009-06-25,630.3599568045637,665.1224544224625,630.3599568045637,657.3356323242188,281462,0.0,0.0
2009-06-26,664.658991177098,685.8873135271422,655.9451686609322,662.1097412109375,51449,0.0,0.0
2009-06-29,662.1097530834884,662.8050030867262,639.6300029787988,655.2963256835938,35688,0.0,0.0
2009-06-30,658.0773627185717,658.0773627185717,629.5721109821764,639.2592163085938,342973,0.0,0.0
2009-07-01,646.1190646902834,653.5350654327831,624.7980625555969,632.167724609375,75804,0.0,0.0
2009-07-02,636.1072760629053,644.2648630124713,628.5058663632454,631.5186157226562,100861,0.0,0.0
2009-07-03,643.3381704039048,662.2953367410936,625.7251657386682,655.5745849609375,167816,0.0,0.0
2009-07-06,656.3159680322404,658.1699679419361,627.5789694319587,639.0737915039062,54406,0.0,0.0
2009-07-07,646.1190023634168,672.5385024600558,639.630002339681,667.4400024414062,58491,0.0,0.0
2009-07-08,645.191947281856,694.7401045492315,645.191947281856,669.2939453125,123795,0.0,0.0
2009-07-09,677.6952049747674,685.909680912965,662.8064352888251,683.5293579101562,35683,5.0,0.0
2009-07-10,686.2830135238084,692.630559820053,672.0943437606984,681.662353515625,47199,0.0,0.0
2009-07-13,678.6287152304218,678.6287152304218,648.8978926554493,673.8213500976562,122650,0.0,0.0
2009-07-14,686.0963058838933,688.8500371458749,671.3475803631225,677.1350708007812,27129,0.0,0.0
2009-07-15,678.6752904270368,693.5640592168991,671.1609132933384,690.1102294921875,76464,0.0,0.0
2009-07-16,695.4309399150483,699.1647973105653,679.5620459841009,691.6970825195312,61261,0.0,0.0
2009-07-17,697.2979650828493,714.0536638581842,691.697178214714,696.08447265625,98693,0.0,0.0
2009-07-20,727.1687442780778,727.1687442780778,701.3117698325395,720.7745361328125,37508,0.0,0.0
2009-07-21,723.43494465931,858.787289143955,701.0317979859893,724.2750854492188,246042,0.0,0.0
2009-07-22,724.2751823047864,755.9195970280938,696.6912586952105,701.3585815429688,176405,0.0,0.0
2009-07-23,681.4291413135049,718.7677243991765,681.4291413135049,713.8203735351562,157274,0.0,0.0
2009-07-24,735.5699112025461,735.5699112025461,715.2203996732433,723.5281982421875,566261,0.0,0.0
2009-07-27,736.3167770526694,760.7735580434992,728.1023009496066,744.6246337890625,257332,0.0,0.0
2009-07-28,717.8340346426394,758.4397310105911,717.8340346426394,754.892578125,296254,0.0,0.0
2009-07-29,746.8648879242606,763.5739244644253,728.102275161677,737.4835815429688,107021,0.0,0.0
2009-07-30,746.5847589516912,777.5757860698309,737.9502139082988,743.8777465820312,347241,0.0,0.0
2009-07-31,764.4141010869952,769.1747472426471,732.8629554387401,745.838134765625,174762,0.0,0.0
2009-08-03,753.305745924999,757.7863635022148,743.5510318722814,748.1716918945312,65392,0.0,0.0
2009-08-04,756.1062429017509,758.7199320996674,738.5104599152411,749.5253295898438,74170,0.0,0.0
2009-08-05,751.438857985447,767.2610912968644,741.1707493670124,745.6513671875,138240,0.0,0.0
2009-08-06,753.9591812535904,755.8261099891574,735.569921813426,740.2372436523438,137106,0.0,0.0
2009-08-07,719.8875883264968,736.5032393660373,663.3196247306337,718.0673217773438,102264,0.0,0.0
2009-08-10,724.3683823868356,732.4895341512079,663.7398575435205,669.9007568359375,70351,0.0,0.0
2009-08-11,673.9612684999792,679.5620546647989,663.7398223543544,669.573974609375,112440,0.0,0.0
2009-08-12,676.6684698551242,679.5621871480986,656.2255735784524,670.78759765625,248382,0.0,0.0
2009-08-13,679.5620989057369,708.4994959745252,679.5620989057369,702.7586669921875,77351,0.0,0.0
2009-08-14,726.2352940501783,728.1022228266569,692.7238997227294,695.4309692382812,213367,0.0,0.0
2009-08-17,686.0962954937413,697.2978676650678,666.4935441939201,672.0476684570312,175916,0.0,0.0
2009-08-18,673.9611878274851,683.2958303181705,655.3852264813667,666.8668823242188,270557,0.0,0.0
2009-08-19,669.2939331934124,676.294915758197,650.6713081762568,655.8987426757812,37712,0.0,0.0
2009-08-20,658.0925337855233,672.0945025894706,658.0925337855233,662.8065185546875,229867,0.0,0.0
2009-08-21,657.2522727107622,667.4270576378367,656.5055125725701,662.7130737304688,82815,0.0,0.0
2009-08-24,672.0942262251837,687.6830898116222,669.293833615912,682.2222900390625,103319,0.0,0.0
2009-08-25,676.6684500183067,694.4975994731858,670.5075500320369,691.9772338867188,24443,0.0,0.0
2009-08-26,708.4995402736848,715.9672561131966,690.7170533256773,700.3317260742188,81320,0.0,0.0
2009-08-27,696.364583561826,702.8988356864007,680.4956855450015,683.109375,231732,0.0,0.0
2009-08-28,699.1648425610296,712.6067528445182,690.7636628773856,709.1995849609375,84882,0.0,0.0
2009-08-31,692.6305756974156,716.2472133122155,691.8838155820587,711.1131591796875,41407,0.0,0.0
2009-09-01,717.8341801080461,718.7676445815285,691.6971748505359,703.5521850585938,135434,0.0,0.0
2009-09-02,700.0517051886003,700.0517051886003,680.122204156324,689.363525390625,27364,0.0,0.0
2009-09-03,699.6781936116517,701.9651926687654,689.8301560933746,691.8837890625,29515,0.0,0.0
2009-09-04,694.4975828664809,705.6991567836822,690.7637248940805,701.8252563476562,165911,0.0,0.0
2009-09-07,717.6473891313715,718.7675577590715,704.672268701765,708.5927734375,81303,0.0,0.0
2009-09-08,717.7407618265485,725.3018002752825,701.3117550746949,707.2859497070312,128174,0.0,0.0
2009-09-09,717.7407817540005,717.8341054019764,684.8361624881752,709.899658203125,10116,0.0,0.0
2009-09-10,709.4329034753216,715.03368955539,690.9503208059245,695.4776000976562,73392,0.0,0.0
2009-09-11,690.7635753005585,704.6722160253199,675.8281466454113,686.3762817382812,57107,0.0,0.0
2009-09-14,695.4309873021316,696.6444796435343,668.5938854431568,682.17578125,29177,0.0,0.0
2009-09-15,683.2959152616226,692.6305589127376,678.628593436065,681.7556762695312,307094,0.0,0.0
2009-09-16,683.2961104395208,715.8740488771891,683.2961104395208,707.3328247070312,305469,0.0,0.0
2009-09-17,718.6275416327179,751.1588099798598,697.2979029986554,707.7993774414062,377155,0.0,0.0
2009-09-18,709.432984563972,751.7655747348074,708.4995201105984,733.236328125,448097,0.0,0.0
2009-09-22,737.5302286186543,740.2372982746393,723.4349384146853,731.6494140625,69864,0.0,0.0
2009-09-23,732.7695341678987,733.4229706250428,710.4597128220464,717.6473999023438,52050,0.0,0.0
2009-09-24,723.4349111771813,723.4349111771813,662.9930911788297,708.546142578125,109069,0.0,0.0
2009-09-25,708.5462116503452,711.2999432981012,692.6306534477573,701.451904296875,75889,0.0,0.0
2009-09-29,718.5807828599378,728.4755382955252,709.5261680560805,722.7813720703125,99617,0.0,0.0
2009-09-30,718.7675493254302,752.2789422719482,711.4865387920271,746.3980712890625,219498,0.0,0.0
2009-10-01,751.4389443186404,813.9810676346018,751.4389443186404,792.4647216796875,855060,0.0,0.0
2009-10-05,802.7794500315412,836.3841711956521,747.7050459014703,751.4389038085938,1283027,0.0,0.0
2009-10-06,756.1060799635881,784.1100088511283,738.3702583348125,760.0733032226562,393903,0.0,0.0
2009-10-07,767.3077715847332,783.0366246481187,758.0664508161337,767.5411376953125,711371,0.0,0.0
2009-10-08,774.6821599522523,791.5311816647667,768.3812749952123,783.03662109375,355281,0.0,0.0
2009-10-09,786.6303613647852,819.4883154663205,780.2360968524345,812.2539672851562,827183,0.0,0.0
2009-10-12,807.4467463860631,828.7763862032494,786.910528558903,791.5311889648438,230006,0.0,0.0
2009-10-13,790.8310546875,790.8310546875,790.8310546875,790.8310546875,0,0.0,0.0
2009-10-14,801.8459401226132,807.4467266659609,753.2591282539012,757.73974609375,881252,0.0,0.0
2009-10-15,768.9879426666549,795.3116495027728,760.8667911888753,788.1239624023438,397418,0.0,0.0
2009-10-16,791.5777930893721,797.8320158211098,766.3742548660076,768.7545776367188,514714,0.0,0.0
2009-10-20,784.1101485964875,788.7774709095619,762.6404659563457,769.5947875976562,148643,0.0,0.0
2009-10-21,769.17460534249,769.17460534249,748.638390151307,751.7188110351562,165453,0.0,0.0
2009-10-22,751.4389171035219,752.3723815968183,721.7547576115298,725.6286010742188,153783,0.0,0.0
2009-10-23,742.1042065666717,742.1042065666717,714.1469360691106,721.1012573242188,478402,0.0,0.0
2009-10-26,718.7675885086076,732.7695545185155,712.2333377039838,727.8222045898438,151852,0.0,0.0
2009-10-27,715.2671240695248,729.9691889362067,715.2671240695248,723.7149658203125,139338,0.0,0.0
2009-10-28,723.7149044682855,723.7149044682855,712.2333042739018,715.6871337890625,121424,0.0,0.0
2009-10-29,712.5133662845806,714.6136611879981,700.2383435890938,708.546142578125,232634,0.0,0.0
2009-10-30,723.4348549959057,740.143889275145,710.973128993052,716.8539428710938,92945,0.0,0.0
2009-11-03,714.1002221857773,718.7675438994098,686.0962919039821,691.3236694335938,56332,0.0,0.0
2009-11-04,700.098303231832,703.8321608490685,662.7597270594677,685.1162109375,270275,0.0,0.0
2009-11-05,685.1160802703093,700.0048460742431,664.6265291087178,687.963134765625,116622,0.0,0.0
2009-11-06,695.3376677030373,700.0983134448034,670.554141827774,686.6097412109375,79562,0.0,0.0
2009-11-09,686.6564755814384,700.0983874093591,677.6952390122597,695.8511352539062,96180,0.0,0.0
2009-11-10,699.1647281131229,708.9661028062975,687.1230164147108,690.7635498046875,85488,0.0,0.0
2009-11-11,687.0298700025477,708.0328211914843,687.0298700025477,697.951416015625,59429,0.0,0.0
2009-11-12,686.0962958935498,705.2323150307169,676.9950184990436,680.075439453125,255643,0.0,0.0
2009-11-13,673.2612331609822,686.0030456666171,666.4936159125702,681.3823852539062,62884,0.0,0.0
2009-11-16,675.828322856589,717.740903237771,653.2384697309164,689.5036010742188,381400,0.0,0.0
2009-11-17,716.9007711857652,716.9007711857652,690.7637639029508,699.02490234375,288858,0.0,0.0
2009-11-18,706.6325728839844,721.3812994700888,691.8838462978799,707.0059814453125,179048,0.0,0.0
2009-11-19,714.1001423886872,722.5013205344366,700.0981788124385,711.9531860351562,194535,0.0,0.0
2009-11-20,710.3664031102672,746.7715144391772,704.2988845554489,738.7904052734375,277573,0.0,0.0
2009-11-23,751.4389832737648,769.1748102081767,741.1708729433159,761.9871215820312,177644,0.0,0.0
2009-11-24,770.0147542424238,773.8419352337786,750.4120031689506,764.27392578125,114283,0.0,0.0
2009-11-25,765.4408688570091,785.9770872897582,761.2402787230378,774.6821899414062,220180,0.0,0.0
2009-11-26,783.1765919220325,789.2441102146346,766.5142760158514,769.92138671875,212590,0.0,0.0
2009-11-27,769.1746993192204,773.3752893033666,743.1310186278546,763.667236328125,83979,0.0,0.0
2009-11-30,766.3743511116473,788.7774990125969,758.9066351446642,780.9830932617188,123073,0.0,0.0
2009-12-01,789.6174859205248,793.3513431761384,775.8021684954426,784.996826171875,288172,0.0,0.0
2009-12-02,792.5113423814394,792.5113423814394,775.8023054237842,779.1161499023438,53221,0.0,0.0
2009-12-03,785.0435223422951,802.7793450824896,776.6423431495714,789.4774780273438,102023,0.0,0.0
2009-12-04,789.7108041423918,795.1248857310459,777.5757681449319,780.6561889648438,37966,0.0,0.0
2009-12-07,780.6561764802331,787.657158674497,766.3741841987624,778.9759521484375,30022,0.0,0.0
2009-12-08,782.243173015576,792.5112814919141,771.0416001322981,791.0177612304688,50945,0.0,0.0
2009-12-09,788.6841367081158,798.1121048648126,771.181678268098,796.0584716796875,84410,0.0,0.0
2009-12-10,789.2440352675908,799.0454100402811,789.2440352675908,794.98486328125,42278,0.0,0.0
2009-12-11,802.6859113277183,807.4465560942267,794.3780569204473,802.87255859375,106981,0.0,0.0
2009-12-14,808.5668610685319,844.6919441354601,803.7128348753848,839.3245239257812,363102,0.0,0.0
2009-12-15,849.312521490834,849.312521490834,826.255997477657,828.4029541015625,215557,0.0,0.0
2009-12-16,812.6741640969728,853.1865458469824,807.4467857304593,847.9591674804688,190362,0.0,0.0
2009-12-17,849.4526941636029,858.7873391544118,842.9184426700368,852.9531860351562,143856,0.0,0.0
2009-12-18,854.0265564727206,854.0265564727206,834.5171287710776,839.3711547851562,238203,0.0,0.0
2009-12-21,836.384042124681,847.3989098560482,831.810044104655,833.5369873046875,49438,0.0,0.0
2009-12-22,774.6821630121194,841.9849264738633,774.6821630121194,818.6483154296875,138664,0.0,0.0
2009-12-23,816.8746373727373,851.3194949926909,815.0077086556481,840.677978515625,146383,0.0,0.0
2009-12-24,838.3444272382803,851.3196063082972,823.8757277889617,838.9978637695312,75864,0.0,0.0
2009-12-29,848.519221497612,861.3543582364372,835.4973804659372,840.2113647460938,133938,0.0,0.0
2009-12-30,840.2114643205712,851.3197158588308,829.5700020568304,844.97216796875,79572,0.0,0.0
2009-12-31,844.7853454605154,857.853848042225,844.7853454605154,853.3732299804688,133115,0.0,0.0
2010-01-04,853.3731774560721,909.8011125966924,852.253008766041,901.8199462890625,322796,0.0,0.0
2010-01-05,905.4605632169124,924.1298531801477,905.4605632169124,920.4893188476562,399360,0.0,0.0
2010-01-06,922.2629336205421,935.3314367285255,910.1278950202718,921.6094970703125,341762,0.0,0.0
2010-01-07,921.329495898944,936.2649284565763,911.1547096793954,913.2550048828125,185302,0.0,0.0
2010-01-08,927.8634972103365,927.8634972103365,914.7949972496275,924.40966796875,335191,0.0,0.0
2010-01-11,933.3243421181585,939.0651708728942,922.3561355995139,925.5765991210938,240284,0.0,0.0
2010-01-12,924.1299650885841,938.1319342565929,908.3077285339024,919.0892333984375,114835,0.0,0.0
2010-01-13,915.7286437555846,968.0026540005517,906.4406608975864,963.708740234375,242789,0.0,0.0
2010-01-14,970.7562279139585,980.1375904302487,961.4683029934821,974.5368041992188,655019,0.0,0.0
2010-01-15,975.4702441312189,989.2855620676065,947.4663136776911,967.955810546875,345312,0.0,0.0
2010-01-18,944.852714396375,956.2409919210394,925.0632569398651,935.9848022460938,522516,0.0,0.0
2010-01-19,938.1317963058677,941.8656542016125,922.5895900251702,932.9977416992188,219429,0.0,0.0
2010-01-20,928.7969902019062,948.8664729047615,907.6540007508701,912.4613647460938,86992,0.0,0.0
2010-01-21,913.861634001604,914.7950983877139,870.922272240548,882.4972534179688,177821,0.0,0.0
2010-01-22,877.3631732990782,877.4564969452663,833.770376364522,851.92626953125,168573,0.0,0.0
2010-01-25,845.7188397585737,852.2530912798871,826.1160851946332,845.4854736328125,66982,0.0,0.0
2010-01-27,840.1179648626888,862.5211105923605,824.202408145397,849.5926513671875,182223,0.0,0.0
2010-01-28,855.1000524961786,877.4565362780932,832.7902875135952,860.8408813476562,321650,0.0,0.0
2010-01-29,849.4525395875336,876.5230051348286,841.9848249537971,868.121826171875,86068,0.0,0.0
2010-02-01,886.7911263256083,896.1257697606147,859.813984008783,869.708740234375,34440,0.0,0.0
2010-02-02,874.6562076263864,909.567801563567,872.7892786880163,896.8259887695312,100556,0.0,0.0
2010-02-03,919.4624902004249,919.4624902004249,886.7912342034555,907.0474243164062,72908,0.0,0.0
2010-02-04,897.9927359217248,908.1675204801422,892.3919496269947,898.0860595703125,213394,0.0,0.0
2010-02-05,878.390044269551,883.8975072942692,855.9868975506677,870.5022583007812,63337,0.0,0.0
2010-02-08,870.9221858023499,877.4564358566012,854.3531945933556,867.9817504882812,57942,0.0,0.0
2010-02-09,868.1217525543782,896.1256800561323,859.2538421788227,893.2786254882812,67728,0.0,0.0
2010-02-10,896.1258504280426,924.0364596008249,894.3055833995312,919.2757568359375,153517,0.0,0.0
2010-02-11,916.4753008638038,937.1982211322744,912.9281476766578,934.3045043945312,164610,0.0,0.0
2010-02-15,935.3313476058286,940.4654019090542,927.0234914891321,933.651123046875,68387,0.0,0.0
2010-02-16,942.7990658437842,982.0045715521395,929.7305639409991,973.7900390625,943309,0.0,0.0
2010-02-17,984.8050880987703,989.3790871269949,963.4754461841126,977.7573852539062,499371,0.0,0.0
2010-02-18,977.7571935564279,977.7571935564279,950.3600375130773,956.8009643554688,202540,0.0,0.0
2010-02-19,956.8011321461812,970.5230149986139,942.8924880209316,958.9947509765625,111290,0.0,0.0
2010-02-22,982.0045855914611,982.0045855914611,940.4654182351684,966.8825073242188,114581,0.0,0.0
2010-02-23,966.8824267769613,970.802931497927,949.4732937253461,956.6143188476562,544180,0.0,0.0
2010-02-24,957.7343505063835,966.1355290195975,926.0432268311546,954.7472534179688,82751,0.0,0.0
2010-02-25,955.8676212622019,970.2896018044648,931.6908685988201,964.828857421875,298315,0.0,0.0
2010-02-26,972.670002664291,980.0909998116314,954.5141068627233,970.8497924804688,422959,0.0,0.0
2010-03-02,980.1376021422309,1012.8088555469719,960.9082586422411,1003.1475219726562,95622,0.0,0.0
2010-03-03,1026.8109819077044,1026.8109819077044,995.2132303904787,1007.9083251953125,192373,0.0,0.0
2010-03-04,1008.1415897135472,1026.8108784119463,1003.4742675389475,1018.8297119140625,166225,0.0,0.0
2010-03-05,1024.9439373950268,1040.4861428419051,1017.4762220041704,1024.7105712890625,343773,0.0,0.0
2010-03-08,1028.3044276018516,1049.1207306645865,1019.3899103669463,1037.685791015625,306978,0.0,0.0
2010-03-09,1041.6998189266442,1043.61346701705,1017.4764571096462,1019.9034423828125,132044,0.0,0.0
2010-03-10,1018.4098832761408,1039.8795691747212,1018.4098832761408,1035.16552734375,299608,0.0,0.0
2010-03-11,1036.239245594205,1045.4805698495068,1028.584879858571,1038.0595703125,77414,0.0,0.0
2010-03-12,1040.8128640076875,1045.0134540417994,1021.2101105151661,1033.0650634765625,80067,0.0,0.0
2010-03-15,1025.4104811898435,1045.3866389794641,1021.2098920543367,1038.992431640625,255900,0.0,0.0
2010-03-16,1036.1454103766157,1045.480053713342,1022.6101775383627,1043.56640625,264272,0.0,0.0
2010-03-17,1045.4799462579617,1053.6010395469073,1017.5693427601709,1025.877197265625,158750,0.0,0.0
2010-03-18,1010.2885939045027,1038.0124417791792,956.8010367119233,1032.4583740234375,309482,0.0,0.0
2010-03-19,1021.2100727451874,1050.6142018964429,1021.2100727451874,1047.76708984375,210978,0.0,0.0
2010-03-22,1021.2101112939757,1057.3818588375239,1021.2101112939757,1048.9339599609375,168236,0.0,0.0
2010-03-23,1050.147357875436,1050.147357875436,1033.8584511037027,1037.078857421875,96928,0.0,0.0
2010-03-25,1040.626411913428,1040.626411913428,1001.1408126061381,1014.0692749023438,575656,0.0,0.0
2010-03-26,1016.5428832769518,1044.4534957911137,1012.809025119828,1041.69970703125,102350,0.0,0.0
2010-03-29,1037.079072462478,1070.2170626266707,1033.3452144158084,1065.0830078125,83328,0.0,0.0
2010-03-30,1073.0172380620622,1076.0977159037539,1058.5485410720996,1069.0032958984375,80771,0.0,0.0
2010-03-31,1054.8147847092305,1084.5923222176716,1054.8147847092305,1078.0113525390625,108222,0.0,0.0
2010-04-01,1065.5496719757073,1075.2110062644083,1060.415617489622,1068.11669921875,129245,0.0,0.0
2010-04-05,1074.417362855678,1090.0061704125021,1066.2962693760437,1070.730224609375,33395,0.0,0.0
2010-04-06,1071.1503555118793,1081.4184634949997,1064.2426964426681,1070.35693359375,29411,0.0,0.0
2010-04-07,1064.1493313971077,1085.525687247285,1064.1493313971077,1073.437255859375,37900,0.0,0.0
2010-04-08,1071.2439452774731,1088.4197165966195,1062.3294267738224,1085.712646484375,69738,0.0,0.0
2010-04-09,1085.6190585441798,1095.8871665785614,1078.1513436100838,1082.725341796875,42657,0.0,0.0
2010-04-12,1082.818908946834,1088.04628778657,1053.9748307378118,1058.3621826171875,79470,0.0,0.0
2010-04-13,1058.5485899970859,1067.8832336478538,1048.7472141637795,1062.7958984375,189740,0.0,0.0
2010-04-15,1054.8149692336565,1071.3372466237436,1046.4137880627688,1054.6749267578125,41211,0.0,0.0
2010-04-16,1035.538723683565,1053.4145899806488,1024.9439253865771,1030.5914306640625,56404,0.0,0.0
2010-04-19,1025.6905325342248,1034.278357795821,1012.8553994839608,1027.5107421875,29812,0.0,0.0
2010-04-20,1026.8106460689085,1044.5464663191897,1017.6160462551271,1031.3846435546875,42694,0.0,0.0
2010-04-21,1031.2914465417834,1039.692625586554,1022.2367740912276,1031.7581787109375,41635,0.0,0.0
2010-04-22,1031.478039337731,1053.4144501290764,1026.810717892764,1044.966552734375,60758,0.0,0.0
2010-04-23,1045.2001099760034,1054.768120688196,1019.3431900209094,1021.9102172851562,27811,0.0,0.0
2010-04-26,1044.546660130163,1044.546660130163,1020.3699094608166,1025.0372314453125,29033,0.0,0.0
2010-04-27,1040.719485866468,1048.7472569439374,1017.4761994382658,1022.0034790039062,31539,0.0,0.0
2010-04-28,998.9468961311084,1023.8703486765589,998.8068536890651,1006.5079345703125,46992,0.0,0.0
2010-04-29,986.2984987450786,1012.8089114756676,937.3849965596823,947.7930908203125,310248,0.0,0.0
2010-04-30,939.0652823623426,955.5876153255758,899.8597735559624,908.027587890625,340376,0.0,0.0
2010-05-03,919.4624316636209,933.2776933536869,888.7514301920003,891.9252319335938,152993,0.0,0.0
2010-05-04,905.4604692236217,947.6530715554691,843.8518187403649,865.1814575195312,415567,0.0,0.0
2010-05-05,851.3194481927884,908.2607709337534,849.4525195783306,903.9668579101562,275248,0.0,0.0
2010-05-06,896.1257224088148,907.327293938925,882.217081635939,887.3511352539062,128252,0.0,0.0
2010-05-07,881.1905933363387,886.7913810058493,858.7874426582962,882.5441284179688,87338,0.0,0.0
2010-05-10,891.4585291870887,911.8080423328652,878.0166186274885,884.0374755859375,179022,0.0,0.0
2010-05-11,886.7912696377541,895.8925484577206,876.7565263234322,888.2847900390625,184752,0.0,0.0
2010-05-12,880.5836717206583,910.5945767687657,877.9699826388583,903.1735229492188,129046,0.0,0.0
2010-05-13,905.4604555600649,913.3949028510551,889.684884627144,898.45947265625,93569,0.0,0.0
2010-05-14,899.9530699127464,905.4605330581206,869.988883309452,876.7098388671875,57315,0.0,0.0
2010-05-17,886.7911668044165,887.7246311905265,848.5191269739101,882.4972534179688,111527,0.0,0.0
2010-05-18,868.1218533993695,896.1257841541877,868.1218533993695,890.945068359375,63338,0.0,0.0
2010-05-19,890.9451953359222,895.1924473775549,870.9223705977672,887.7247314453125,115525,0.0,0.0
2010-05-20,898.9262061917723,898.9262061917723,878.8567218375426,887.1178588867188,261264,0.0,0.0
2010-05-21,872.789198368085,903.5935230163703,855.1934175328888,886.37109375,69205,0.0,0.0
2010-05-24,877.830005051736,901.7266725490915,877.830005051736,892.4853515625,144671,0.0,0.0
2010-05-25,875.5896573516188,883.9908374328178,848.6125118567762,863.1279296875,318460,0.0,0.0
2010-05-26,867.7951824793909,880.6303176869784,851.3195134050843,870.3154907226562,32516,0.0,0.0
2010-05-27,861.587598294441,885.6709672203021,857.1536426152443,874.8894653320312,88299,0.0,0.0
2010-05-28,890.5250344948788,890.711738769057,868.1218889729951,875.9630126953125,66477,0.0,0.0
2010-05-31,863.4547805475743,877.4567499618593,857.2472179842441,860.4210205078125,14823,0.0,0.0
2010-06-01,863.4545432312186,863.4545432312186,850.3860420363677,857.293701171875,156118,0.0,0.0
2010-06-02,866.2550033514165,900.7931877522811,856.9203589187504,885.5310668945312,35339,0.0,0.0
2010-06-03,904.0602290645799,904.0602290645799,873.7226374852315,883.1039428710938,24929,0.0,0.0
2010-06-04,874.6561813518668,900.5131577663835,874.6561813518668,889.3115844726562,35998,0.0,0.0
2010-06-07,880.7237289843392,886.7912480499441,867.2351559744338,885.484375,21466,0.0,0.0
2010-06-08,883.0572920152384,898.9261862692122,869.9887908649073,884.504150390625,120197,0.0,0.0
2010-06-09,883.0573667151511,889.1248856196422,869.9888644593244,882.0305786132812,36259,0.0,0.0
2010-06-10,886.7911260426969,929.6838240076956,872.7891608946543,916.4752807617188,65403,0.0,0.0
2010-06-11,889.2181177785825,916.4752882166532,889.2181177785825,909.7543334960938,68795,0.0,0.0
2010-06-14,900.7931036288135,920.3025314607942,900.7931036288135,914.094970703125,19878,0.0,0.0
2010-06-15,898.5527402723044,931.5974003073311,897.9926844645818,918.5755615234375,32853,0.0,0.0
2010-06-16,916.382013135171,921.3293630617474,908.2608614580347,915.7285766601562,34334,0.0,0.0
2010-06-17,915.7286189405287,928.7037974929539,910.127832280342,917.4555053710938,215271,0.0,0.0
2010-06-18,919.4624017452203,919.4624017452203,886.8844725383972,896.2191162109375,41011,0.0,0.0
2010-06-21,897.0645240756149,913.9725465189249,892.8375184647874,910.6848754882812,195193,6.0,0.0
2010-06-22,901.7613391574497,907.3503922572577,890.4893224179816,899.319091796875,87148,0.0,0.0
2010-06-23,899.8826488951635,899.8826488951635,883.9139588834538,897.8161010742188,54744,0.0,0.0
2010-06-24,897.064639441147,899.4129761936108,884.1487873025965,888.3757934570312,110843,0.0,0.0
2010-06-25,892.3678082650372,892.8374755325451,864.1877722145623,875.1310424804688,31816,0.0,0.0
2010-06-28,869.823871881933,874.5205450562414,797.0254376801513,867.75732421875,60013,0.0,0.0
2010-06-29,891.4285862634017,891.4285862634017,815.3424793220576,825.3933715820312,248036,0.0,0.0
2010-06-30,827.5537894794492,829.4324586950665,809.7064319310842,825.9569091796875,138545,0.0,0.0
2010-07-01,825.6281604925655,825.6281604925655,809.2367602093028,814.02734375,111445,0.0,0.0
2010-07-02,816.3288518808741,836.0079263323778,802.7084980248973,817.7378540039062,64677,0.0,0.0
2010-07-05,818.1605371037431,836.0078966961324,783.3581973650721,814.4031982421875,82383,0.0,0.0
2010-07-06,812.4307011540036,817.7848637119793,803.131263589983,810.786865234375,56175,0.0,0.0
2010-07-07,815.1546233039527,816.2818363857027,806.8884895918511,812.618408203125,32953,0.0,0.0
2010-07-08,813.463689123915,821.3541219744857,807.8276820399155,810.0350952148438,21013,0.0,0.0
2010-07-09,807.9217061231305,813.4638034677214,801.2994083350596,806.1839599609375,152254,0.0,0.0
2010-07-12,813.4638585543794,813.4638585543794,800.8297952431378,802.9432983398438,59232,0.0,0.0
2010-07-13,810.6456381616399,815.7650224299568,794.6769523577606,805.197509765625,414287,0.0,0.0
2010-07-14,805.9490041799747,821.0722667566743,795.8042030064328,803.0840454101562,198248,0.0,0.0
2010-07-15,800.3130635970134,807.5459513424871,786.1760896091162,793.4559326171875,143291,0.0,0.0
2010-07-16,801.3464036177728,806.8885012391199,789.0411420731789,793.8317260742188,168166,0.0,0.0
2010-07-19,791.859272730678,795.6166121030656,781.5265894566122,789.792724609375,109465,0.0,0.0
2010-07-20,789.7925429677432,796.555763749081,786.4579165081581,792.4226684570312,73858,0.0,0.0
2010-07-21,798.246549058125,801.2524313103013,788.14870188745,797.870849609375,201199,0.0,0.0
2010-07-22,803.1780790742383,804.9158825719992,785.2837655014872,792.8453979492188,388327,0.0,0.0
2010-07-23,801.2055653604557,801.2055653604557,772.9785683334641,779.0372314453125,588751,0.0,0.0
2010-07-26,779.0371863025861,785.2837847964422,771.1937647343051,778.849365234375,28065,0.0,0.0
2010-07-27,785.2837861499676,796.5558022191059,774.387526882776,794.348388671875,164527,0.0,0.0
2010-07-28,797.4481645572636,812.2896405975013,790.4501099309596,804.7749633789062,81029,0.0,0.0
2010-07-29,807.8277960898063,826.6144890221274,790.8728171848738,817.0332641601562,568193,0.0,0.0
2010-07-30,812.5245783247274,817.2212521878761,803.13123059843,811.4913330078125,44897,0.0,0.0
2010-08-02,820.8846748132025,820.8846748132025,804.5402269543571,806.2310180664062,26310,0.0,0.0
2010-08-03,805.94903214011,812.4304633735096,805.94903214011,809.9881591796875,23832,0.0,0.0
2010-08-04,800.8767914518111,811.2564863899592,800.8767914518111,807.0294799804688,65725,0.0,0.0
2010-08-05,818.1604888971291,818.1604888971291,804.0704689964897,808.0156860351562,47361,0.0,0.0
2010-08-06,805.9490905653043,824.7357826530737,805.9490905653043,818.6770629882812,27255,0.0,0.0
2010-08-09,826.5675375945556,850.0978591350663,809.8943475396965,844.9315185546875,196903,0.0,0.0
2010-08-10,846.3405645995119,852.9159074987313,822.4344850208623,831.6399536132812,107103,0.0,0.0
2010-08-11,835.0685070475912,835.0685070475912,820.2270309872487,825.3933715820312,51847,0.0,0.0
2010-08-12,821.9178516070212,833.8474136054053,808.438421773642,823.608642578125,64258,0.0,0.0
2010-08-13,822.951067342013,846.3405231569045,818.2074388063446,838.2622680664062,116975,0.0,0.0
2010-08-16,850.9433222353691,850.9433222353691,831.4051147340383,842.8180541992188,65160,0.0,0.0
2010-08-17,847.2798503014886,847.2798503014886,834.1291652635498,841.2211303710938,46598,0.0,0.0
2010-08-18,845.3541697265175,845.4011249891969,833.1897754060196,841.8316650390625,56459,0.0,0.0
2010-08-19,836.0079166806978,876.3993104079674,833.1899124671673,871.70263671875,214574,0.0,0.0
2010-08-20,885.510753795742,899.6007730329742,872.6418580925829,891.5224609375,598284,0.0,0.0
2010-08-23,895.8435563653399,895.8435563653399,869.1194714455931,880.062744140625,75420,0.0,0.0
2010-08-24,889.5028774271586,891.4285018181297,869.8238068320212,887.154541015625,465100,0.0,0.0
2010-08-25,891.4285490181829,891.4285490181829,860.9001740518069,864.7044677734375,57643,0.0,0.0
2010-08-26,869.3542122923571,914.9119424881209,862.30920246827,876.7279663085938,297538,0.0,0.0
2010-08-27,868.8845623597701,878.136985847599,853.3855404365958,863.2015991210938,238036,0.0,0.0
2010-08-30,867.7575102275277,871.7027280061141,850.1919373238459,864.1880493164062,129158,0.0,0.0
2010-08-31,863.2485332626385,863.2485332626385,846.0587208349949,847.74951171875,225117,0.0,0.0
2010-09-01,854.8884173383418,859.4911799233646,845.8708278917921,854.6066284179688,386620,0.0,0.0
2010-09-02,863.2485325261329,876.3992174612425,857.2837805063969,871.9373779296875,213842,0.0,0.0
2010-09-03,877.3385387658468,890.4892235010951,856.954965959725,864.375732421875,140388,0.0,0.0
2010-09-06,873.0176712709684,873.0176712709684,855.0293892830408,867.6634521484375,124247,0.0,0.0
2010-09-07,869.7299894753718,939.3346652364148,869.7299894753718,933.8865356445312,816451,0.0,0.0
2010-09-08,934.6380496260294,955.2095029980112,919.1859819622063,932.8063354492188,341705,0.0,0.0
2010-09-09,939.3348161452045,967.5148606295606,934.8729757685148,964.0393676757812,743659,0.0,0.0
2010-09-13,964.0391867835478,1016.3600803593897,960.0000019660779,991.4677124023438,322711,0.0,0.0
2010-09-14,990.9511918341897,1000.8612197445432,969.722248491967,982.0745239257812,434321,0.0,0.0
2010-09-15,981.604741960093,995.6947621796157,956.3366161001063,968.2662353515625,112022,0.0,0.0
2010-09-16,958.1213791291252,971.9295531388582,945.910028218656,950.4188232421875,156659,0.0,0.0
2010-09-17,953.9413500971341,993.6282987949068,953.9413500971341,985.0802612304688,359547,0.0,0.0
2010-09-20,989.5888278556159,1021.9958658822118,977.8471474111972,1013.260009765625,255933,0.0,0.0
2010-09-21,1001.0019755892639,1027.0214990834045,997.7143043704801,1003.115478515625,268288,0.0,0.0
2010-09-22,1035.1469145924052,1035.1469145924052,977.2369031978833,986.1605834960938,194962,0.0,0.0
2010-09-23,993.8161085063116,993.8161085063116,959.2955584235073,970.2388305664062,232230,0.0,0.0
2010-09-24,949.2915001235496,990.9509656603536,949.2915001235496,964.5087890625,104297,0.0,0.0
2010-09-27,954.8337111615041,979.6321698787038,939.8513114087142,962.348388671875,399147,0.0,0.0
2010-09-28,954.833689279488,990.9510613700513,953.4246872785837,983.9530639648438,261689,0.0,0.0
2010-09-29,989.0254309846674,1018.7083816431397,987.2406722977776,1010.630126953125,224233,0.0,0.0
2010-09-30,1014.4814085163632,1025.753424166545,982.6379413716251,998.136962890625,382605,0.0,0.0
2010-10-01,983.2014479859536,1027.6320189872722,983.2014479859536,1023.5928344726562,127875,0.0,0.0
2010-10-04,1027.5850662320079,1041.628187662097,1018.2857451847378,1023.9217529296875,240297,0.0,0.0
2010-10-05,1019.1779611570025,1037.9646516852422,1014.4812885249426,1023.8746337890625,269622,0.0,0.0
2010-10-06,1023.8747801363756,1039.8434693678605,1018.2387721723222,1037.4481201171875,169014,0.0,0.0
2010-10-07,1037.4478813577953,1068.0232633920834,1029.0878965336592,1038.0584716796875,168803,0.0,0.0
2010-10-08,1038.9513632895498,1052.0550386640937,1019.1783187058408,1023.7340698242188,107331,0.0,0.0
2010-10-11,1023.874699367078,1045.9490621515977,1013.5420189147497,1034.8648681640625,336218,0.0,0.0
2010-10-12,1031.389645303905,1031.389645303905,1021.9962969860188,1024.5794677734375,172203,0.0,0.0
2010-10-13,1023.8746530059072,1056.7513620473812,1019.4128139217071,1053.6046142578125,168014,0.0,0.0
2010-10-14,1056.7512966592662,1075.3970632717947,1047.357951800073,1071.451904296875,93562,0.0,0.0
2010-10-15,1082.536107632336,1082.536107632336,1052.0547459048785,1064.923583984375,300547,0.0,0.0
2010-10-18,1064.9236800678877,1080.892369616159,1052.0548408272907,1063.74951171875,963707,0.0,0.0
2010-10-19,1060.555686780915,1068.6808386555244,1047.8276581556627,1062.669189453125,392994,0.0,0.0
2010-10-20,1060.5088178105486,1060.5088178105486,1043.9295383369572,1052.994140625,619154,0.0,0.0
2010-10-21,1052.9940360558076,1055.6711166043328,1039.8433522870464,1048.29736328125,464106,0.0,0.0
2010-10-22,1040.9238185582353,1058.4424344510203,1040.7828954137851,1045.291748046875,135952,0.0,0.0
2010-10-25,1045.2914787090378,1047.357968745553,1027.6789568130926,1031.3892822265625,241348,0.0,0.0
2010-10-26,1016.9234480868851,1041.7219003888963,1012.6964430807984,1033.4088134765625,196460,0.0,0.0
2010-10-27,1023.8747686472071,1036.9315432170592,1018.6145175394257,1032.5166015625,291539,0.0,0.0
2010-10-28,1031.8588929377818,1047.0760651561313,1005.3226947352398,1025.9410400390625,341023,0.0,0.0
2010-10-29,1017.2057458097374,1035.1470187553666,1012.0863020087857,1033.1744384765625,106049,0.0,0.0
2010-11-01,1022.3248468033311,1040.6888851380131,1019.7416765072178,1035.616455078125,238264,0.0,0.0
2010-11-02,1032.3288038512544,1059.945266122926,1021.0567877946439,1054.1683349609375,232414,0.0,0.0
2010-11-03,1060.4147827471713,1073.5184536846712,1045.4793406618865,1049.28369140625,173316,0.0,0.0
2010-11-04,1061.3542084728845,1062.2465304945927,1048.2035238126855,1053.6986083984375,240228,0.0,0.0
2010-11-08,1068.2582456314913,1068.2582456314913,1043.788534081922,1054.4500732421875,334545,0.0,0.0
2010-11-09,1057.26811037264,1081.972541681689,1055.4363390942306,1077.9334716796875,563045,0.0,0.0
2010-11-10,1081.174294089134,1088.6889720671645,1054.0274969605216,1063.561767578125,310985,0.0,0.0
2010-11-11,1079.2956718264275,1102.168450990032,1056.9394579974867,1065.299560546875,545462,0.0,0.0
2010-11-12,1049.3309316529915,1065.6753808770784,1032.4229044552944,1036.3211669921875,326344,0.0,0.0
2010-11-15,1042.7085609047735,1046.4188872152115,1024.0626748180891,1032.0001220703125,272848,0.0,0.0
2010-11-16,1016.5948943950226,1044.3052657368135,1005.0880452785162,1010.5831298828125,141635,0.0,0.0
2010-11-18,1010.5830975582596,1036.0860546561603,1006.0273477214394,1033.3150634765625,334264,0.0,0.0
2010-11-19,1033.2682202679653,1042.5206445801148,1015.5617832445323,1031.0137939453125,113320,0.0,0.0
2010-11-22,1042.6613437490532,1042.6613437490532,1021.0566492389377,1033.1270751953125,228523,0.0,0.0
2010-11-23,1031.389665387814,1057.6910411900533,1026.692991137414,1053.65185546875,672748,0.0,0.0
2010-11-24,1056.563776190612,1069.9022838191543,1047.5460708286203,1057.9727783203125,351318,0.0,0.0
2010-11-25,1069.902241529703,1072.5324246004698,1054.8728860736228,1066.7554931640625,1129002,0.0,0.0
2010-11-26,1064.2660701368366,1088.6887690102326,1037.964702119333,1055.389404296875,641934,0.0,0.0
2010-11-29,1055.3892961965307,1088.1719776714817,1055.3892961965307,1085.119140625,1113772,0.0,0.0
2010-11-30,1085.9179526454807,1103.7182997845634,1043.2721332782749,1068.587158203125,4001641,0.0,0.0
2010-12-01,1043.225193265304,1086.7633377830643,1041.3465236881416,1078.63818359375,867315,0.0,0.0
2010-12-02,1070.8412944893398,1080.2346391778428,1016.3598952960225,1024.34423828125,333090,0.0,0.0
2010-12-03,1027.6320821666761,1048.4852650247678,1008.8453896224955,1043.131103515625,283496,0.0,0.0
2010-12-06,1054.4032865429201,1054.4032865429201,1040.782932284682,1043.64794921875,130377,0.0,0.0
2010-12-07,1033.2680292590646,1116.8688061718435,1033.2680292590646,1055.389404296875,473062,0.0,0.0
2010-12-08,1064.0784275396315,1064.0784275396315,1013.5891858244478,1033.550048828125,140072,0.0,0.0
2010-12-09,1014.4814971853349,1039.3738672551603,996.63413751263,1016.829833984375,67095,0.0,0.0
2010-12-10,1005.1352518305457,1040.7829617389507,982.0745365506073,1030.544189453125,523398,0.0,0.0
2010-12-13,1023.8277410927108,1041.1115213356898,1008.0938859327882,1012.4149169921875,82602,0.0,0.0
2010-12-14,1013.5418707127176,1023.6867286302769,990.9978439313411,1002.8334350585938,90737,0.0,0.0
2010-12-15,997.8082056881241,1011.8043145375522,980.6653487770313,989.4951171875,128473,0.0,0.0
2010-12-16,994.5675446826549,1001.3307081021998,981.604681019511,996.1643676757812,314701,0.0,0.0
2010-12-20,995.6947335621688,1009.7847533767277,989.3542246456173,1009.4089965820312,129233,0.0,0.0
2010-12-21,1009.7849196178938,1014.4815936626281,1003.7262559661439,1007.90625,156228,0.0,0.0
2010-12-22,998.371777454038,1008.8453813949767,989.4012006362732,999.123291015625,48544,0.0,0.0
2010-12-23,992.8767423913343,1009.7377537873748,986.3013997264911,990.1526489257812,50119,0.0,0.0
2010-12-24,991.0450756839915,999.2642539323284,976.908043230902,986.7710571289062,75614,0.0,0.0
2010-12-27,986.3015194663724,995.8357904208586,973.150832540154,990.6224365234375,111275,0.0,0.0
2010-12-28,986.3013997264911,1004.0548478545433,984.4697429929496,990.1526489257812,42405,0.0,0.0
2010-12-29,990.1058951807648,1009.7849134418843,983.5774494995768,1005.6049194335938,103737,0.0,0.0
2010-12-30,1006.9667536947348,1008.8454230113296,987.7103931996397,1004.2896728515625,232928,0.0,0.0
2010-12-31,998.6066214354778,1021.0567420078144,995.6947070177398,1018.4735717773438,68746,0.0,0.0
2011-01-03,1019.1781975251946,1031.9531271141923,1014.5285364070478,1021.71435546875,114830,0.0,0.0
2011-01-04,1020.3522959509874,1033.0333141285141,1006.1683652187295,1024.0626220703125,144318,0.0,0.0
2011-01-05,1007.4363858402769,1023.2641513468445,990.9980298941651,1007.4833984375,66346,0.0,0.0
2011-01-06,1003.4914028202815,1012.5558918190706,944.3602089438639,949.5265502929688,132194,0.0,0.0
2011-01-07,947.7886192034058,957.1819652807438,920.5479155791256,927.8277587890625,57196,0.0,0.0
2011-01-10,939.2407808235072,941.2133607423866,909.369891772318,935.0607299804688,54879,0.0,0.0
2011-01-11,947.7886678964414,970.9901880335065,938.1135324062061,952.2035522460938,82402,0.0,0.0
2011-01-12,958.1213709839343,967.5147177582866,939.6634216393564,946.5675659179688,51876,0.0,0.0
2011-01-13,940.3210541533101,985.0803212640415,940.3210541533101,975.6400756835938,194443,0.0,0.0
2011-01-14,976.861128321395,976.861128321395,933.6517871129295,958.7789916992188,44574,0.0,0.0
2011-01-17,964.6966831415796,974.0900296181286,945.9099901884816,949.4324951171875,69969,0.0,0.0
2011-01-18,945.9100203169073,962.8650571130671,945.9100203169073,957.4168701171875,32023,0.0,0.0
2011-01-19,967.5146814697775,967.5146814697775,946.0038952303388,952.861083984375,24236,0.0,0.0
2011-01-20,944.0314034660977,990.8103188769385,940.2740645468297,971.0842895507812,77757,0.0,0.0
2011-01-21,969.2994901330167,981.1350843012333,954.1761672153625,961.8787231445312,22787,0.0,0.0
2011-01-24,958.0744213040537,962.348382644822,948.2583624011204,956.0078735351562,32146,0.0,0.0
2011-01-25,986.2074161870704,986.2074161870704,954.3639504201947,961.033203125,123169,0.0,0.0
2011-01-27,967.5146697577945,967.5146697577945,928.0626152628165,943.890380859375,235938,0.0,0.0
2011-01-28,949.1977776940515,949.1977776940515,933.6987541097351,937.3621826171875,145636,0.0,0.0
2011-01-31,929.9413708260106,1124.806312210417,912.0940111838952,941.96484375,126353,0.0,0.0
2011-02-01,952.4853785840309,957.0881415121368,931.8200153405904,935.6712646484375,245077,0.0,0.0
2011-02-02,941.2132568472492,952.485271899312,926.2308587073957,939.1936645507812,128802,0.0,0.0
2011-02-03,939.3346481826817,952.4853332572392,939.28769291676,944.3131103515625,408520,0.0,0.0
2011-02-04,970.9433820701861,970.9433820701861,935.5774059891261,945.7691650390625,323791,0.0,0.0
2011-02-07,949.6673536283707,961.8787043674101,926.2778973567738,933.0880737304688,104833,0.0,0.0
2011-02-08,934.0744920698925,938.3954089579429,885.0881622528746,895.561767578125,105297,0.0,0.0
2011-02-09,892.4149145763851,895.5147076001255,832.250538891622,842.8180541992188,120443,0.0,0.0
2011-02-10,848.2191981884674,867.8513155202676,829.8082617809177,861.6516723632812,224235,0.0,0.0
2011-02-11,854.8414443254246,868.3209302831665,843.5694290850499,859.3032836914062,109057,0.0,0.0
2011-02-14,861.3700213883764,888.5168203498438,861.3700213883764,879.5931396484375,42529,0.0,0.0
2011-02-15,879.2171886355378,896.0313009665629,865.1271695868913,888.6105346679688,53279,0.0,0.0
2011-02-16,887.6712462273745,891.4285848357442,870.1056767667579,881.5186157226562,46628,0.0,0.0
2011-02-17,879.2642188690344,892.3679491680425,879.2642188690344,882.8336791992188,27930,0.0,0.0
2011-02-18,888.6106182724077,916.7906590210041,878.324891932682,888.7045288085938,115233,0.0,0.0
2011-02-21,873.6281725018868,909.6986456949395,870.8101685753182,902.9354248046875,51489,0.0,0.0
2011-02-22,899.8826889396648,911.2016611910499,876.4462755013133,898.332763671875,280978,0.0,0.0
2011-02-23,897.4405010519797,917.4483210528703,887.6713960879798,910.1215209960938,172107,0.0,0.0
2011-02-24,908.3366769562583,915.6165210580277,900.3992870820343,908.4776000976562,217634,0.0,0.0
2011-02-25,894.810122825366,922.8492952165194,894.810122825366,901.009765625,184440,0.0,0.0
2011-02-28,885.0412026303972,915.6634921915227,868.8846336516827,874.332763671875,64250,0.0,0.0
2011-03-01,868.8846440306486,906.4580340427847,868.8846440306486,897.8630981445312,45974,0.0,0.0
2011-03-03,874.1449155546525,923.3660805215352,864.4697788732556,914.8651123046875,31344,0.0,0.0
2011-03-04,923.3659621425477,955.021551354919,908.3366077231369,948.4931640625,145996,0.0,0.0
2011-03-07,946.8492902416785,959.9999748283685,929.9412672016485,947.5068359375,63194,0.0,0.0
2011-03-08,946.8024539979959,970.2388670133321,946.8024539979959,962.8651123046875,270198,0.0,0.0
2011-03-09,971.6947395446108,971.6947395446108,952.4853906968061,958.1213989257812,121672,0.0,0.0
2011-03-10,958.121353949439,964.7437091735692,949.6673420028263,955.9139404296875,106798,0.0,0.0
2011-03-11,953.3308035081157,960.0000568999831,940.931574085581,953.1898803710938,56373,0.0,0.0
2011-03-14,947.741821806261,974.5598178576873,942.1997237645023,967.8905639648438,207549,0.0,0.0
2011-03-15,932.3836068574005,966.5754131113215,932.3836068574005,957.6517333984375,99741,0.0,0.0
2011-03-16,953.3778121490793,969.3934581057526,953.3778121490793,964.8377075195312,117703,0.0,0.0
2011-03-17,958.0743925970594,963.7103431932297,954.3640092442386,961.5029296875,361406,0.0,0.0
2011-03-18,948.0703574678525,985.7377076250316,948.0703574678525,973.8551025390625,127049,0.0,0.0
2011-03-21,971.2249468451768,984.2348225599015,940.3678287069566,955.4911499023438,267687,0.0,0.0
2011-03-22,946.42658405749,971.2719962004786,946.42658405749,960.0469360351562,192035,0.0,0.0
2011-03-23,956.2425832470727,968.4069199479737,955.3032486859263,959.5772094726562,126849,0.0,0.0
2011-03-24,954.4579170387096,976.4383708301999,954.4579170387096,970.1917724609375,111649,0.0,0.0
2011-03-25,981.0412147771526,992.8768094401511,970.7085327489202,986.72412109375,156849,0.0,0.0
2011-03-28,979.6791532716721,1008.8455437689363,979.6791532716721,1004.7594604492188,185034,0.0,0.0
2011-03-29,1001.2836933492032,1031.3894138170049,996.6340328413863,1022.8414916992188,215000,0.0,0.0
2011-03-30,1032.3288662414247,1075.5382637365165,1024.156699972437,1057.4090576171875,204737,0.0,0.0
2011-03-31,1052.9945265246977,1077.8869038243447,1038.5757573237343,1062.8575439453125,204043,0.0,0.0
2011-04-01,1037.6361072249301,1063.1859653944107,995.6947896161417,1043.835693359375,45434,0.0,0.0
2011-04-04,1024.10950855359,1061.4480574781535,1024.10950855359,1051.678955078125,103258,0.0,0.0
2011-04-05,1038.24667710217,1069.808299703924,1038.24667710217,1064.970703125,149246,0.0,0.0
2011-04-06,1061.4952447576422,1066.1449057493626,1045.4795419374807,1050.317138671875,45122,0.0,0.0
2011-04-07,1043.5537554719892,1056.7984654125048,1029.510748698303,1033.8316650390625,138620,0.0,0.0
2011-04-08,1059.6632024646299,1059.6632024646299,1019.1779093665425,1025.5654296875,93699,0.0,0.0
2011-04-11,1023.8746089679105,1033.1740434869205,1007.858909814901,1014.0115966796875,66419,0.0,0.0
2011-04-13,1032.3288577400187,1032.3288577400187,998.18406358578,1020.5401611328125,139358,0.0,0.0
2011-04-15,1019.2252740800192,1024.908180840454,999.8748854021487,1005.6049194335938,53590,0.0,0.0
2011-04-18,1006.872969024288,1008.8925617250579,968.9238211523335,982.2623291015625,109862,0.0,0.0
2011-04-19,980.6655091366525,986.207607264943,959.5774318846101,969.8631591796875,140077,0.0,0.0
2011-04-20,961.0332470868984,985.1742161296994,945.9099823184558,957.5107421875,449774,0.0,0.0
2011-04-21,966.3405542328708,970.7553813728923,943.5616881914156,950.2779541015625,227968,0.0,0.0
2011-04-25,953.4246837521098,976.9080503469893,953.4246837521098,972.962890625,44755,0.0,0.0
2011-04-26,977.5186944678513,1009.7848190073421,975.9687692545381,994.5206298828125,419657,0.0,0.0
2011-04-27,1005.0879939074808,1006.1682516002609,981.6046295638481,995.8355712890625,255168,0.0,0.0
2011-04-28,995.741762940387,1007.9061010526581,992.8767463305309,1001.0020141601562,180321,0.0,0.0
2011-04-29,1005.0882534211685,1028.1019564200644,1005.0882534211685,1023.0765380859375,356499,0.0,0.0
2011-05-02,1025.9881505445067,1028.5713205275667,992.4069407647254,999.4989624023438,76412,0.0,0.0
2011-05-03,987.3345821004843,1013.3542195031797,954.5518387284031,970.4735717773438,153182,0.0,0.0
2011-05-04,955.3501463675101,970.2855305901077,944.0311770543884,953.5184326171875,146645,0.0,0.0
2011-05-05,936.7046466130236,962.3014618314645,936.7046466130236,946.4736938476562,97845,0.0,0.0
2011-05-06,938.348464114916,990.8103445331166,938.348464114916,982.1683959960938,89940,0.0,0.0
2011-05-09,981.4639053551667,1001.330858549229,968.6419628919856,975.6400756835938,158657,0.0,0.0
2011-05-10,965.683117041152,991.9374769330376,965.683117041152,986.1136474609375,114122,0.0,0.0
2011-05-11,986.3014422153545,989.1194463359699,973.1977689204459,985.0802612304688,174707,0.0,0.0
2011-05-12,983.9532356644683,986.3015727424264,961.2682765584132,969.7222900390625,90671,0.0,0.0
2011-05-13,967.5618202439787,996.634185345452,964.7907138891842,987.0999145507812,80415,0.0,0.0
2011-05-16,976.8608960237428,990.997926528794,976.8608960237428,984.3286743164062,36657,0.0,0.0
2011-05-17,972.2584392856817,989.9648756696097,969.393422548824,975.9217529296875,42787,0.0,0.0
2011-05-18,969.4873510247983,999.4521518177238,959.9531379233707,973.2446899414062,41315,0.0,0.0
2011-05-19,965.6830849778594,974.0430720826809,960.9393988730909,963.0999145507812,51044,0.0,0.0
2011-05-20,958.2624300446045,987.2408860209955,958.2624300446045,971.1782836914062,41927,0.0,0.0
2011-05-23,981.5576584680264,985.3620095184832,959.5303076483609,970.614501953125,34231,0.0,0.0
2011-05-24,963.7575213649799,970.3328650779963,961.8788517326894,964.0393676757812,15316,0.0,0.0
2011-05-25,959.5773139416502,976.5793057488632,951.5460140359685,961.1741943359375,242741,0.0,0.0
2011-05-26,959.0606981819255,981.041152395466,948.7280168107197,963.334716796875,357876,0.0,0.0
2011-05-27,958.1213916073965,996.6341142112233,958.1213916073965,971.7887573242188,106758,0.0,0.0
2011-05-30,984.4227225941274,992.8767345248021,952.485344189356,956.3836059570312,112972,0.0,0.0
2011-05-31,974.747518101645,974.747518101645,958.3092190985005,963.381591796875,169380,0.0,0.0
2011-06-01,954.504852253752,978.7866281083026,954.504852253752,972.8687744140625,79530,0.0,0.0
2011-06-02,958.1683526823783,983.4834344040618,958.1213974136991,978.1292724609375,34408,0.0,0.0
2011-06-03,980.6183979849022,984.4227493229508,960.9393822112393,967.4677124023438,70745,0.0,0.0
2011-06-06,965.6360245351456,967.5146938435796,950.2309132730106,952.6732177734375,38104,0.0,0.0
2011-06-07,951.9217036226241,967.4676224055208,947.1310627780116,957.9334106445312,117461,0.0,0.0
2011-06-08,969.9100728611072,970.2857150024291,949.1976972336497,967.7965698242188,87521,0.0,0.0
2011-06-09,959.3895104115128,981.5108893271193,959.3895104115128,977.095947265625,89448,0.0,0.0
2011-06-10,983.7651836041737,983.7651836041737,946.7553770114212,961.3150634765625,135619,0.0,0.0
2011-06-13,962.8179948508481,969.3933372547076,953.4246485596203,964.367919921875,21494,0.0,0.0
2011-06-14,962.1606392319857,987.9453324931394,962.1606392319857,984.798583984375,88721,0.0,0.0
2011-06-15,984.3758176173211,985.362164983021,968.4541392731121,970.5206298828125,99452,0.0,0.0
2011-06-16,966.5753546715639,966.5753546715639,913.7377806188181,945.863037109375,120373,0.0,0.0
2011-06-17,942.1527873028127,955.303474264168,898.0510077766357,905.3778076171875,111376,0.0,0.0
2011-06-20,906.5518561678244,911.1546189283758,858.5518780417892,887.859130859375,234635,0.0,0.0
2011-06-21,895.1390781989761,915.6635199368676,880.1566771901364,909.1351318359375,54551,0.0,0.0
2011-06-22,938.0665353305421,938.0665353305421,902.7005641757002,913.0802001953125,34201,0.0,0.0
2011-06-23,910.1681934244058,912.8922291293685,892.8844153461473,898.8961791992188,38645,0.0,0.0
2011-06-24,893.3073368947478,903.6400190249709,893.3073368947478,899.6008911132812,28527,0.0,0.0
2011-06-27,894.1996292972045,906.3640244507635,892.3209600019038,903.5460205078125,33971,0.0,0.0
2011-06-28,903.6399465700443,906.2700721621806,895.420768261845,903.4990234375,48852,0.0,0.0
2011-06-29,903.639961356523,904.5792960356878,891.4286105273808,898.6614990234375,24886,0.0,0.0
2011-06-30,900.8219827242749,906.3170678193873,860.0078782970259,873.4873657226562,164882,0.0,0.0
2011-07-01,880.1566617065209,884.3836680861147,864.4697598979843,879.2642822265625,321160,0.0,0.0
2011-07-04,882.6928378804046,899.882651595756,862.262307951169,892.22705078125,145671,0.0,0.0
2011-07-05,885.9335025185468,908.5244894977286,884.0078206104504,904.7671508789062,166978,0.0,0.0
2011-07-06,885.1350936593535,916.4619409166627,885.1350936593535,902.7476196289062,77813,0.0,0.0
2011-07-07,901.7612745687734,942.4344539239816,898.5205585218043,925.0567626953125,141558,0.0,0.0
2011-07-08,923.8356465946096,933.6517053482488,915.9922250445497,922.097900390625,36894,0.0,0.0
2011-07-11,916.039104105636,942.1525942545804,900.8218722733227,919.1858520507812,155645,0.0,0.0
2011-07-12,920.5478707450403,923.3658744309945,907.397186877254,918.4813232421875,29145,0.0,0.0
2011-07-13,918.4344811257766,937.362097814502,906.9276313238939,931.6790771484375,38627,0.0,0.0
2011-07-14,927.2642534271722,937.4560117846409,925.2446609297307,932.7593383789062,60976,0.0,0.0
2011-07-15,929.941333628387,942.5753965466948,929.4247110206369,937.8787231445312,47885,0.0,0.0
2011-07-18,939.1468423497628,948.7280679680072,932.3366656242498,936.3757934570312,15110,0.0,0.0
2011-07-19,932.0079508605542,941.6361320526416,931.0216608390729,936.6106567382812,62705,0.0,0.0
2011-07-20,930.2230401736666,943.0919356222498,923.6476979930334,925.5263671875,114606,0.0,0.0
2011-07-21,923.4129812476789,932.4775841915315,907.9609137004745,914.0665893554688,136704,0.0,0.0
2011-07-22,923.3190707360483,949.7613085970629,914.9120135597452,942.4345092773438,34892,0.0,0.0
2011-07-25,943.0919821517632,947.7886553696505,933.7925462473718,939.5225219726562,55364,0.0,0.0
2011-07-26,940.9315652894246,944.9706929678291,937.5969386246642,942.6693115234375,83901,0.0,0.0
2011-07-27,943.1389142660298,970.332662996554,940.2739551399327,964.6966552734375,890845,0.0,0.0
2011-07-28,958.1214378312317,975.029463204724,955.6321778293793,963.7574462890625,349612,0.0,0.0
2011-07-29,953.3776910816155,974.5596754526781,949.6673078387062,966.9979858398438,97150,0.0,0.0
2011-08-01,967.5145838343711,984.4226056877874,961.9255891432144,966.434326171875,105480,0.0,0.0
2011-08-02,973.5264921113203,978.6928328875465,963.757388437844,966.8572387695312,22916,0.0,0.0
2011-08-03,962.7709473682298,974.3718213494453,962.7240494373959,965.5420532226562,246388,0.0,0.0
2011-08-04,952.6732016471069,967.3268564043066,952.6732016471069,956.9002075195312,563900,0.0,0.0
2011-08-05,939.3346121767835,952.1565525659705,925.432471383054,939.75732421875,44864,0.0,0.0
2011-08-08,920.7827843180457,920.7827843180457,890.7240757251589,907.5851440429688,345486,0.0,0.0
2011-08-09,898.050948376156,939.1937976817067,892.461895320772,927.5460815429688,58939,0.0,0.0
2011-08-10,932.57136312958,972.1642814287748,932.57136312958,955.4911499023438,106189,0.0,0.0
2011-08-11,966.5752859860011,971.271958901385,944.9705905752353,962.7709350585938,160135,0.0,0.0
2011-08-12,962.7710178422572,970.2856951530193,953.5656069354991,958.0744018554688,292746,0.0,0.0
2011-08-16,968.4539976534855,968.4539976534855,948.7279705431818,960.6575317382812,168744,0.0,0.0
2011-08-17,954.8337236458995,962.8180686050634,937.4560316759545,949.2916259765625,261990,0.0,0.0
2011-08-18,969.3934120557925,969.3934120557925,919.6556281393488,925.5734252929688,249027,0.0,0.0
2011-08-19,912.657469965616,933.7455430990165,912.657469965616,928.015625,63880,0.0,0.0
2011-08-22,931.8199981962406,968.4540505446815,928.0626594938365,959.9061279296875,244536,0.0,0.0
2011-08-23,960.0000064453495,1017.2055092144511,960.0000064453495,996.25830078125,356587,0.0,0.0
2011-08-24,1001.3776418537516,1020.070307647454,994.9431084610427,1002.8805541992188,374429,0.0,0.0
2011-08-25,996.7405870567093,1019.5064717724102,996.7405870567093,1009.068115234375,294550,6.0,0.0
2011-08-26,1002.5973838866713,1014.4998692591544,994.9930726853576,1000.8970947265625,142205,0.0,0.0
2011-08-29,973.9746727094149,1019.506440755587,973.9273944118696,1008.3124389648438,187660,0.0,0.0
2011-08-30,1014.5473337866961,1020.9709570717926,1006.9901841867952,1010.9576416015625,213573,0.0,0.0
2011-09-02,1015.4915464606214,1131.6826722416972,1015.4915464606214,1039.1549072265625,279434,0.0,0.0
2011-09-05,1034.998442311661,1063.6683430607081,1029.7084629575984,1043.0750732421875,83733,0.0,0.0
2011-09-06,1026.827539128963,1078.5940518082,982.4292922669011,1040.9971923828125,171846,0.0,0.0
2011-09-07,1044.3503889251192,1060.8343674771434,1039.1075727736934,1055.3082275390625,217231,0.0,0.0
2011-09-08,1067.3053212189627,1067.352599514075,1047.3733685641137,1055.827880859375,122799,0.0,0.0
2011-09-09,1050.1127843739973,1057.622652747486,994.3788277173396,1028.6693115234375,129276,0.0,0.0
2011-09-12,1012.2325344800786,1056.1111679163826,1012.2325344800786,1039.34375,217600,0.0,0.0
2011-09-13,1053.9858226137376,1057.8116743240107,1040.996976491453,1051.1046142578125,63127,0.0,0.0
2011-09-14,1056.1112497594142,1061.2123468369336,1039.1076697096205,1041.2803955078125,32935,0.0,0.0
2011-09-15,1045.6728440031518,1086.1036229504741,1041.2803449538692,1083.080810546875,329961,0.0,0.0
2011-09-16,1083.5059682192218,1090.071193653885,1060.8345268615399,1063.66845703125,201974,0.0,0.0
2011-09-19,1043.1224064690662,1076.798964546927,1043.1224064690662,1073.4454345703125,88361,0.0,0.0
2011-09-20,1072.1702517342146,1086.339902638191,1062.7238177982304,1080.908203125,175315,0.0,0.0
2011-09-21,1090.0709840273453,1109.4361697963357,1081.8526342407843,1103.768310546875,102761,0.0,0.0
2011-09-22,1093.8970939544695,1107.9723041499735,1081.805611903035,1091.582763671875,96944,0.0,0.0
2011-09-23,1063.3850567479603,1104.2881631506496,1063.3850567479603,1097.6756591796875,119773,0.0,0.0
2011-09-26,1082.5612476753686,1104.9965265866165,1062.8181791708894,1074.626220703125,76462,0.0,0.0
2011-09-27,1078.7827051658553,1080.6719918649198,1065.652139544775,1071.839599609375,112105,0.0,0.0
2011-09-28,1063.148498781148,1094.5578809110823,1063.148498781148,1085.1114501953125,289662,0.0,0.0
2011-09-29,1086.3398195639215,1094.9360507257156,1059.1813240748234,1074.3428955078125,172273,0.0,0.0
2011-09-30,1101.1707906285624,1101.1707906285624,1051.1519675711695,1078.4049072265625,155234,0.0,0.0
2011-10-03,1065.605012319715,1070.5171117769369,1032.4952156824988,1039.6273193359375,71714,0.0,0.0
2011-10-04,1030.8894048328564,1056.016896607279,1025.079824768484,1039.580078125,124457,0.0,0.0
2011-10-05,1029.661339868473,1053.1357060680284,1029.661339868473,1044.775634765625,40853,0.0,0.0
2011-10-07,1062.7237528504986,1082.939143300636,1024.1350956429085,1034.904052734375,184226,0.0,0.0
2011-10-10,1040.0996457305082,1047.4206319681373,1013.6023526420535,1024.9853515625,377845,0.0,0.0
2011-10-11,1034.384417240692,1034.384417240692,1006.1868376963005,1024.7962646484375,94494,0.0,0.0
2011-10-12,1031.1729499894002,1056.1115645585592,1031.1729499894002,1049.16845703125,159463,0.0,0.0
2011-10-13,1048.6013700106205,1076.8933914953582,1045.3895596400707,1068.3916015625,128485,0.0,0.0
2011-10-14,1059.1343127239236,1069.3365092910974,1049.6407141392679,1063.1490478515625,23772,0.0,0.0
2011-10-17,1067.4471938494771,1071.6980897541875,1043.8311054899755,1061.44873046875,27700,0.0,0.0
2011-10-18,1072.1704128571394,1076.7991892439547,1034.3846714348613,1061.7320556640625,92116,0.0,0.0
2011-10-19,1062.7712186778567,1067.3054383023778,1059.8900098698844,1061.779296875,34443,0.0,0.0
2011-10-20,1076.6099416487177,1076.6099416487177,1034.3844315279443,1057.1031494140625,188426,0.0,0.0
2011-10-21,1070.044950792839,1070.044950792839,1044.3506930896594,1058.709228515625,43252,0.0,0.0
2011-10-24,1059.9842258791525,1091.0630135707172,1059.9842258791525,1066.974609375,147832,0.0,0.0
2011-10-25,1049.5459120915536,1081.1441821687051,1049.4986338046583,1071.5560302734375,121302,0.0,0.0
2011-10-28,1075.2404214801393,1127.9987358123851,1055.8279521953682,1099.94287109375,215918,0.0,0.0
2011-10-31,1101.4541423469507,1108.2083653390184,1082.5612754113254,1088.7958984375,150776,0.0,0.0
2011-11-01,1072.6899950075956,1097.6284916793566,1072.6899950075956,1079.8692626953125,72345,0.0,0.0
2011-11-02,1082.5611792531438,1093.8024571439194,1075.476354781592,1081.5220947265625,127878,0.0,0.0
2011-11-03,1086.3398110714647,1089.0320214537132,1065.888260261321,1084.497802734375,185881,0.0,0.0
2011-11-04,1084.4506419026854,1102.2099842541334,1078.3104596967905,1086.38720703125,114167,0.0,0.0
2011-11-08,1084.1200950197135,1098.1480274039668,1084.1200950197135,1093.849853515625,152906,0.0,0.0
2011-11-09,1114.4430752783705,1119.4497315319338,1094.8417243039894,1099.56494140625,151749,0.0,0.0
2011-11-11,1094.4638651175255,1141.034832774956,1077.2241223596393,1111.278564453125,228013,0.0,0.0
2011-11-14,1118.4579239988927,1129.5574853223616,1105.2329147624193,1107.68896484375,146545,0.0,0.0
2011-11-15,1105.2327694926157,1109.483664759895,1081.7584042458896,1084.97021484375,155971,0.0,0.0
2011-11-16,1086.387320065519,1097.4396030609091,1075.0043195896833,1092.480224609375,181442,0.0,0.0
2011-11-17,1093.8497486158653,1095.2667136766293,1077.838089554398,1083.978271484375,200155,0.0,0.0
2011-11-18,1084.4505387873696,1084.4505387873696,1065.2742331348695,1072.7369384765625,123544,0.0,0.0
2011-11-21,1053.7024556701142,1067.2109026879007,1043.830978066059,1048.4124755859375,86558,0.0,0.0
2011-11-22,1067.210974588368,1074.8154007493304,1048.648707090588,1067.1636962890625,155954,0.0,0.0
2011-11-23,1049.5460856802665,1066.3135058702696,1040.1468147522064,1046.853759765625,80932,0.0,0.0
2011-11-24,1039.2023509876724,1091.0160268766872,1034.9042920035133,1060.40966796875,145846,0.0,0.0
2011-11-25,1053.2302467027973,1071.6507953463647,1049.7823901044733,1056.5364990234375,64460,0.0,0.0
2011-11-28,1089.2681617026399,1126.8177327237286,1070.4225740700467,1104.6658935546875,241730,0.0,0.0
2011-11-29,1110.0504615247305,1114.726515648833,1079.7274307576374,1084.78125,78547,0.0,0.0
2011-11-30,1088.1815401779377,1104.0988681843096,1079.349150521268,1085.1114501953125,344701,0.0,0.0
2011-12-01,1088.6541617755065,1109.7197542030553,1088.6541617755065,1100.6983642578125,106972,0.0,0.0
2011-12-02,1098.147878329287,1116.5684233851332,1095.7862699887942,1111.561767578125,337589,0.0,0.0
2011-12-05,1111.5620081461032,1135.8394163283144,1108.161314462385,1124.0313720703125,111391,0.0,0.0
2011-12-07,1124.03123001712,1161.9114081469702,1124.03123001712,1152.7484130859375,606339,0.0,0.0
2011-12-08,1157.1880910813702,1157.1880910813702,1131.1159579693835,1149.67822265625,297693,0.0,0.0
2011-12-09,1147.6945023035992,1152.5122761021362,1132.627485547629,1141.27099609375,91662,0.0,0.0
2011-12-12,1161.9114951165495,1161.9114951165495,1067.6360284933046,1084.6868896484375,121519,0.0,0.0
2011-12-13,1067.6832855440052,1104.0520592608325,1060.8346203635635,1079.349609375,122023,0.0,0.0
2011-12-14,1100.4148136159074,1102.3985411415033,1077.8850978556693,1086.623046875,167171,0.0,0.0
2011-12-15,1078.0270525899657,1089.9768152238312,1070.7533441934843,1083.8839111328125,201276,0.0,0.0
2011-12-16,1084.8756315412188,1103.0128534227656,1063.9990361385417,1075.1458740234375,89753,0.0,0.0
2011-12-19,1073.1149503018694,1079.3024109732323,1058.0479335244715,1068.95849609375,62228,0.0,0.0
2011-12-20,1085.3481297419057,1085.3481297419057,1048.5070323409604,1058.709228515625,227252,0.0,0.0
2011-12-21,1058.0008414439667,1071.3675715658692,1051.860657989158,1059.606689453125,144200,0.0,0.0
2011-12-22,1060.4094128010872,1106.130057575496,1060.4094128010872,1102.3043212890625,107009,0.0,0.0
2011-12-23,1091.6771300896028,1125.0702500490472,1091.6771300896028,1115.5765380859375,145218,0.0,0.0
2011-12-26,1114.6791493166002,1128.8487995197772,1114.6791493166002,1124.7396240234375,151147,0.0,0.0
2011-12-27,1114.6791533479022,1135.2724245094932,1114.6791533479022,1124.88134765625,231161,0.0,0.0
2011-12-28,1127.9040418918407,1139.759360819129,1104.0517997999068,1110.5225830078125,65347,0.0,0.0
2011-12-29,1114.6792866618744,1114.6792866618744,1078.8772763412517,1093.5665283203125,145752,0.0,0.0
2011-12-30,1088.276703937341,1114.6794463941278,1088.276703937341,1101.9267578125,44396,0.0,0.0
2012-01-02,1101.9264498864345,1104.2880582230962,1073.1621064710555,1090.118408203125,24412,0.0,0.0
2012-01-03,1070.4697680204156,1123.1809115946808,1070.4697680204156,1110.5699462890625,122519,0.0,0.0
2012-01-04,1091.252289892619,1106.1304272647453,1068.9115599937186,1078.6885986328125,68602,0.0,0.0
2012-01-05,1081.6166680057854,1091.7715843211236,1056.3001793456378,1086.434326171875,97715,0.0,0.0
2012-01-06,1077.6020232947847,1095.7864098373439,1067.3998278366473,1086.90673828125,42809,0.0,0.0
2012-01-09,1076.9407602759745,1093.802621997034,1067.4470479280849,1087.9930419921875,28622,0.0,0.0
2012-01-10,1086.3399075998059,1111.7508380662453,1086.3399075998059,1100.4622802734375,98735,0.0,0.0
2012-01-11,1077.1769532867118,1111.7508798883503,1070.517170955731,1074.76806640625,122747,0.0,0.0
2012-01-12,1085.8203927595832,1086.3399927943499,1062.2988625572445,1083.41162109375,110665,0.0,0.0
2012-01-13,1103.296364659451,1105.1384887305778,1074.4375740077728,1099.9901123046875,366352,0.0,0.0
2012-01-16,1086.3398489796411,1103.34342922454,1086.3398489796411,1095.1722412109375,80620,0.0,0.0
2012-01-17,1099.56489697646,1121.29169476895,1090.0240218779925,1114.395751953125,146565,0.0,0.0
2012-01-18,1114.6793696999728,1128.187818356255,1086.5762245740623,1117.0882568359375,126053,0.0,0.0
2012-01-19,1122.2362564954938,1166.5400509634944,1118.0326398753652,1133.3358154296875,133180,0.0,0.0
2012-01-20,1130.9270188770874,1160.9667247642572,1120.3470590483394,1146.5609130859375,126539,0.0,0.0
2012-01-23,1179.859760245461,1209.1437094589194,1144.057747660615,1151.0008544921875,142198,0.0,0.0
2012-01-24,1126.0149507443748,1189.589498702676,1126.0149507443748,1150.4339599609375,63304,0.0,0.0
2012-01-25,1152.4173939932346,1189.3057560629964,1151.9923506900907,1171.0740966796875,175000,0.0,0.0
2012-01-27,1137.5396896955447,1188.36155760045,1135.130917888167,1161.72265625,125982,0.0,0.0
2012-01-30,1170.4132239670362,1170.4132239670362,1108.0667568307776,1124.1729736328125,183932,0.0,0.0
2012-01-31,1143.018558908083,1171.0744228652045,1133.5721245369418,1147.505615234375,262531,0.0,0.0
2012-02-01,1158.510727884526,1177.9703595180706,1144.9551177000494,1170.554931640625,195335,0.0,0.0
2012-02-02,1180.7568763800712,1198.752377822426,1171.4049997253983,1193.3206787109375,256275,0.0,0.0
2012-02-03,1193.3208261580269,1209.1436037856913,1189.6366936776585,1205.1761474609375,304381,0.0,0.0
2012-02-06,1183.4491942690668,1306.630590618651,1183.4491942690668,1288.25732421875,418569,0.0,0.0
2012-02-07,1290.9024768109898,1321.5561088357306,1263.0826596566849,1285.376220703125,258190,0.0,0.0
2012-02-08,1285.754254075781,1321.5562660470025,1275.5048950893245,1310.267822265625,218501,0.0,0.0
2012-02-09,1303.6081984465045,1331.947507108385,1289.4858224218442,1323.1151123046875,322396,0.0,0.0
2012-02-10,1327.2713246621995,1341.3936981051097,1298.8847428834688,1306.3001708984375,179067,0.0,0.0
2012-02-13,1280.5113583718455,1322.5007097822681,1280.1806409440715,1319.1944580078125,90789,0.0,0.0
2012-02-14,1150.575562088466,1336.6702958581113,1150.575562088466,1330.577392578125,135805,0.0,0.0
2012-02-15,1336.623242371443,1383.2886532228067,1331.9473032829599,1359.578125,315221,0.0,0.0
2012-02-16,1359.5779528113646,1396.1828829287456,1346.4002240942716,1390.7984619140625,156126,0.0,0.0
2012-02-17,1393.34869995907,1409.3131928720263,1383.9495463794171,1394.5767822265625,247401,0.0,0.0
2012-02-21,1393.3490975875611,1411.675203696382,1388.6258803076032,1398.4501953125,240228,0.0,0.0
2012-02-22,1406.5739872793924,1411.9584083990178,1394.3880646628113,1398.591796875,234989,0.0,0.0
2012-02-23,1382.2020424084008,1392.262516703132,1339.409769735447,1365.9542236328125,341619,0.0,0.0
2012-02-24,1355.563421419109,1359.6725975782472,1315.274353113649,1324.76806640625,119477,0.0,0.0
2012-02-27,1301.151840902848,1331.94719264903,1301.151840902848,1321.6033935546875,180583,0.0,0.0
2012-02-28,1317.3524370985897,1343.282851073258,1314.4712287401112,1327.1766357421875,311245,0.0,0.0
2012-02-29,1336.6232635321585,1355.4689703945062,1317.8721132693981,1328.546630859375,131900,0.0,0.0
2012-03-01,1326.23192495481,1346.1167126955797,1302.6631205664594,1338.4178466796875,75492,0.0,0.0
2012-03-02,1350.7926319271367,1357.1689741606783,1334.1669330178156,1345.691650390625,91417,0.0,0.0
2012-03-05,1324.2957694489007,1324.2957694489007,1302.8995707278157,1313.2906494140625,54876,0.0,0.0
2012-03-06,1310.1258651640737,1345.3609923930758,1298.9318647001553,1327.7906494140625,94447,0.0,0.0
2012-03-07,1346.0694171404,1355.4214088238646,1300.7738172684496,1343.9439697265625,288079,0.0,0.0
2012-03-09,1369.7331511548314,1401.851031940531,1341.3938445792141,1391.176513671875,179306,0.0,0.0
2012-03-12,1402.7482992331147,1406.5268731793306,1379.651812112041,1394.341064453125,151030,0.0,0.0
2012-03-13,1401.85112449496,1421.6886404076247,1384.9419807258625,1417.437744140625,222365,0.0,0.0
2012-03-14,1421.688368775705,1435.7635790108855,1419.7990819068998,1424.711181640625,150619,0.0,0.0
2012-03-15,1427.3561844034616,1435.8579750451765,1397.8360780086184,1401.0006103515625,615232,0.0,0.0
2012-03-16,1398.0722737369974,1416.3511010100967,1383.9026223139872,1398.355712890625,184174,0.0,0.0
2012-03-19,1393.2545616868103,1440.5811725553915,1382.0132822613364,1399.8670654296875,93727,0.0,0.0
2012-03-20,1416.8709202429525,1440.5814508967644,1374.5981202904081,1424.900390625,290176,0.0,0.0
2012-03-21,1421.6883132169012,1459.190609971942,1418.948824301608,1445.0682373046875,153369,0.0,0.0
2012-03-22,1450.0275973888326,1458.5293878621223,1395.7106026983715,1414.3673095703125,207822,0.0,0.0
2012-03-23,1417.9096369475815,1446.154495549625,1415.170148230671,1431.1346435546875,122159,0.0,0.0
2012-03-26,1429.2456586033127,1435.7637220124705,1398.0251438615908,1408.4635009765625,324719,0.0,0.0
2012-03-27,1419.7518858135645,1432.0795294714542,1405.0627487458576,1411.8641357421875,247067,0.0,0.0
2012-03-28,1401.9451346420683,1409.4078399672105,1385.1777156344156,1398.827880859375,201933,0.0,0.0
2012-03-29,1381.2574769746307,1426.4114757766995,1377.573460115337,1412.383544921875,240773,0.0,0.0
2012-03-30,1386.7837984143625,1444.3597678895003,1386.7837984143625,1430.709716796875,266656,0.0,0.0
2012-04-02,1403.7400310605665,1435.0077031716755,1403.7400310605665,1412.2418212890625,115429,0.0,0.0
2012-04-03,1420.413161594909,1448.1384240814375,1416.9651899035593,1428.5843505859375,56384,0.0,0.0
2012-04-04,1428.631382911837,1439.3058991580126,1413.894969347183,1430.331787109375,123861,0.0,0.0
2012-04-09,1426.3642979649726,1437.274975683399,1415.5954551362468,1419.799072265625,219494,0.0,0.0
2012-04-10,1420.7436242768592,1425.2779585646094,1412.5252731073372,1417.0123291015625,163962,0.0,0.0
2012-04-11,1409.3607132829375,1417.9097824133282,1381.399290936171,1400.5283203125,697580,0.0,0.0
2012-04-12,1425.7503217080093,1425.7503217080093,1388.389629323451,1393.6324462890625,82118,0.0,0.0
2012-04-13,1418.8071801462067,1427.1200886111255,1388.625868117395,1393.6796875,120535,0.0,0.0
2012-04-16,1401.000503253119,1401.000503253119,1355.893784129948,1361.2783203125,46976,0.0,0.0
2012-04-17,1338.229103350872,1386.7365191566075,1338.229103350872,1379.840576171875,136054,0.0,0.0
2012-04-18,1386.6892662560617,1406.9519368611477,1381.0686840160472,1398.072265625,115313,0.0,0.0
2012-04-19,1444.029162573667,1444.029162573667,1381.635419614885,1387.964599609375,67906,0.0,0.0
2012-04-20,1378.2818885875417,1386.169637283681,1357.6886179905107,1382.01318359375,102432,0.0,0.0
2012-04-23,1372.5668177145476,1395.1438173382983,1366.28491623641,1385.5556640625,70986,0.0,0.0
2012-04-24,1412.289347050289,1412.4782296299663,1329.302321194867,1337.4735107421875,214038,0.0,0.0
2012-04-25,1331.9473195329088,1347.5339371019109,1324.531891206605,1334.78125,243718,0.0,0.0
2012-04-26,1343.66096590802,1362.8371601762256,1322.737088877474,1350.08447265625,334353,0.0,0.0
2012-04-27,1367.843798186497,1367.843798186497,1325.3821186704506,1340.26025390625,300713,0.0,0.0
2012-04-30,1348.6203527038258,1354.618816030216,1332.8920149362864,1346.0225830078125,101990,0.0,0.0
2012-05-02,1353.7682830575468,1355.5631283807008,1335.7728974747986,1343.9439697265625,76435,0.0,0.0
2012-05-03,1349.7065543297022,1351.7847237126891,1326.2793515671667,1337.803955078125,129613,0.0,0.0
2012-05-04,1341.3937418538178,1352.7294636159627,1275.2214199421267,1289.296630859375,283978,0.0,0.0
2012-05-07,1277.157842309544,1343.6607589361738,1267.711408564651,1334.969970703125,73553,0.0,0.0
2012-05-08,1331.94716665379,1354.6186077883226,1314.3295445429144,1326.8460693359375,96926,0.0,0.0
2012-05-09,1325.948546904996,1332.5137714959728,1288.6351377988974,1297.467529296875,100948,0.0,0.0
2012-05-10,1319.6669605737172,1322.312008480997,1301.104692861688,1315.7939453125,71704,0.0,0.0
2012-05-11,1293.5473908696833,1317.6830753823822,1281.4087464849154,1292.933349609375,107131,0.0,0.0
2012-05-14,1295.7672427229256,1312.5819405514474,1277.2522560447314,1299.35693359375,95056,0.0,0.0
2012-05-15,1313.054370917053,1328.1686658340836,1286.9349569509752,1322.1229248046875,78220,0.0,0.0
2012-05-16,1322.0756804427845,1339.9293479642408,1303.6551346464973,1324.248291015625,262543,0.0,0.0
2012-05-17,1341.3934306653975,1345.0775624460018,1323.44520870579,1332.7027587890625,367738,0.0,0.0
2012-05-18,1322.500853863071,1335.6785841031801,1315.4633061587547,1328.877197265625,183412,0.0,0.0
2012-05-21,1343.2827171874615,1343.2827171874615,1324.5787344938692,1332.7027587890625,76782,0.0,0.0
2012-05-22,1311.1651537708542,1340.2602191583744,1286.1321014834423,1304.50537109375,679644,0.0,0.0
2012-05-23,1312.9599584896619,1377.5735937424845,1289.4383134455436,1293.689208984375,212492,0.0,0.0
2012-05-24,1311.8737012472116,1311.8737012472116,1281.4562257305045,1297.1844482421875,200458,0.0,0.0
2012-05-25,1308.2365545881212,1308.3309958573711,1291.7524594958936,1307.3863525390625,180147,0.0,0.0
2012-05-28,1307.150106526407,1317.777343164833,1297.4202348567333,1309.3699951171875,136447,0.0,0.0
2012-05-29,1322.5007962548486,1322.5007962548486,1298.9791518874465,1304.4581298828125,198020,0.0,0.0
2012-05-30,1296.1453656071694,1320.4227735375946,1293.2169937241422,1305.7335205078125,248364,0.0,0.0
2012-05-31,1305.8276969295414,1392.073679926901,1295.5310614692935,1345.0303955078125,632982,0.0,0.0
2012-06-01,1327.1766065114377,1407.3768486628462,1322.7368289650167,1385.0360107421875,608834,0.0,0.0
2012-06-04,1383.5720159300129,1388.3423960400332,1319.0528238567724,1327.9324951171875,69829,0.0,0.0
2012-06-05,1320.6115422189741,1340.4963329533766,1301.010190644551,1306.3001708984375,66725,0.0,0.0
2012-06-06,1313.2431667814283,1330.0578648917299,1312.1569191563133,1319.4779052734375,170151,0.0,0.0
2012-06-07,1332.9393646577448,1341.3938785416885,1304.552779060614,1309.13427734375,65022,0.0,0.0
2012-06-08,1306.7722996479945,1327.2238503692906,1306.7722996479945,1321.744873046875,143154,0.0,0.0
2012-06-11,1327.1766812277697,1333.8364632352357,1303.607874833304,1308.2838134765625,121522,0.0,0.0
2012-06-12,1288.1157466570012,1336.4815590316414,1288.1157466570012,1331.852783203125,209046,0.0,0.0
2012-06-13,1336.670473787561,1349.3758819892073,1331.9472565656968,1344.41650390625,121414,0.0,0.0
2012-06-14,1349.8481526491169,1355.5632913965476,1339.8822338757282,1350.131591796875,122204,0.0,0.0
2012-06-15,1349.8953544825886,1380.8324243631378,1349.8953544825886,1369.4967041015625,146479,0.0,0.0
2012-06-18,1379.1793903877854,1390.4678331086006,1347.0615141732753,1361.561767578125,150666,0.0,0.0
2012-06-19,1346.3528655823798,1376.2508491400893,1343.4244944100506,1365.387451171875,89041,0.0,0.0
2012-06-20,1333.7892227201817,1355.0436995423215,1320.3280540661597,1350.4150390625,369863,0.0,0.0
2012-06-21,1346.069471854914,1395.1437622146746,1335.725673478949,1384.752685546875,182741,0.0,0.0
2012-06-22,1323.4454924606296,1397.1276826190372,1288.540962606912,1375.5426025390625,312420,0.0,0.0
2012-06-25,1374.7395882589924,1405.629381361323,1374.4561491133907,1392.168212890625,97117,0.0,0.0
2012-06-26,1393.3491251359499,1402.0397989777298,1380.2658360743767,1397.836181640625,117263,0.0,0.0
2012-06-27,1384.9890048156835,1403.7401540668457,1378.4236637095166,1382.3912353515625,19104,0.0,0.0
2012-06-28,1381.3050001642634,1463.2528262981323,1381.3050001642634,1432.07958984375,216751,0.0,0.0
2012-06-29,1435.857887456726,1440.3922216475423,1408.841110794793,1432.5516357421875,119731,0.0,0.0
2012-07-02,1431.134761565817,1449.0829862983255,1420.1769211075,1430.9930419921875,58955,0.0,0.0
2012-07-03,1433.9686419444195,1459.4740130461978,1431.559755215198,1451.775146484375,132633,0.0,0.0
2012-07-04,1455.6956031970915,1460.3715422995824,1443.4152379527293,1451.8697509765625,72170,0.0,0.0
2012-07-05,1450.9249799262564,1466.275435132048,1442.470467645771,1457.8209228515625,91997,0.0,0.0
2012-07-06,1459.4266795807396,1467.975747918685,1447.1935944732468,1459.3795166015625,49343,0.0,0.0
2012-07-09,1449.9334096146788,1488.6637952089427,1433.2131495728097,1474.7774658203125,88451,0.0,0.0
2012-07-10,1478.4140669042533,1483.0900051903604,1453.0503016352282,1476.5247802734375,128279,0.0,0.0
2012-07-11,1476.7136258243663,1510.390182237747,1466.1808300588007,1498.156982421875,95845,0.0,0.0
2012-07-12,1475.5331019871069,1501.9831191802175,1475.5331019871069,1482.9013671875,26303,0.0,0.0
2012-07-13,1446.4850741650343,1497.1179327189404,1446.4850741650343,1485.07373046875,127755,0.0,0.0
2012-07-16,1473.6909594410286,1500.9438980458044,1473.6909594410286,1484.507080078125,51595,0.0,0.0
2012-07-17,1474.1160425922426,1495.3705193358026,1474.1160425922426,1477.94189453125,59955,0.0,0.0
2012-07-18,1478.3669117014083,1485.07385673664,1474.7772206788206,1478.8392333984375,95859,0.0,0.0
2012-07-19,1509.4928790349454,1511.3350028577347,1478.4142033402434,1485.924072265625,117800,0.0,0.0
2012-07-20,1483.0429504898852,1492.4422220830143,1470.148659540888,1479.87841796875,85049,0.0,0.0
2012-07-23,1478.4140688372113,1518.1362511143045,1466.6060273791745,1508.406494140625,192741,0.0,0.0
2012-07-24,1510.485099558566,1535.4708763748065,1510.485099558566,1525.1270751953125,265207,0.0,0.0
2012-07-25,1511.4293525163782,1530.2277781508824,1487.9549884476899,1527.771728515625,230065,0.0,0.0
2012-07-26,1530.4166651721318,1544.4445958286326,1507.6507835458324,1525.8824462890625,277223,0.0,0.0
2012-07-27,1536.6511637300332,1550.4430477452051,1530.3693782244436,1540.8076171875,233764,0.0,0.0
2012-07-30,1540.9021982851143,1559.6061828846061,1540.9021982851143,1548.0343017578125,48561,0.0,0.0
2012-07-31,1557.3863490841306,1557.3863490841306,1541.6580135669583,1548.8372802734375,100021,0.0,0.0
2012-08-01,1552.0491225958774,1555.544257087634,1543.4528906276496,1548.364990234375,71971,0.0,0.0
2012-08-02,1548.3650448857609,1558.6616814805498,1547.3732384580253,1549.16796875,53102,0.0,0.0
2012-08-03,1558.6615618246449,1558.6615618246449,1540.9494986220923,1546.9952392578125,42879,0.0,0.0
2012-08-06,1558.9922910432965,1567.1634799295036,1543.547393734062,1547.1370849609375,77982,0.0,0.0
2012-08-07,1542.6501320968387,1554.883219441759,1541.0441689400348,1548.3179931640625,203177,0.0,0.0
2012-08-08,1553.2769681999005,1561.6370380402955,1526.5435176505391,1550.67919921875,94304,0.0,0.0
2012-08-09,1550.1598849414731,1570.6586014630022,1542.7444570005284,1563.8099365234375,66899,0.0,0.0
2012-08-10,1563.3376567835303,1586.0563782493166,1554.0329417128476,1582.891845703125,101321,0.0,0.0
2012-08-13,1568.8640242064403,1623.5587924636252,1568.8640242064403,1616.6629638671875,105721,0.0,0.0
2012-08-14,1617.2768514148577,1629.415496585078,1591.062995892654,1617.1351318359375,619868,0.0,0.0
2012-08-16,1624.786476955407,1628.9900935177177,1606.932695512328,1625.8255615234375,92441,0.0,0.0
2012-08-17,1636.9770600880352,1647.559043706084,1619.5619286200645,1644.094970703125,92555,8.0,0.0
2012-08-21,1655.483596757354,1655.483596757354,1623.025971299525,1631.3302001953125,60597,0.0,0.0
2012-08-22,1659.4222731200198,1659.4222731200198,1632.611475741901,1647.179443359375,46137,0.0,0.0
2012-08-23,1648.555678982909,1655.6260908693284,1631.3303112730569,1638.49560546875,23407,0.0,0.0
2012-08-24,1640.9159553128684,1641.2007181292036,1623.2635569858617,1635.74365234375,41151,0.0,0.0
2012-08-27,1632.5166122321943,1668.4383126883356,1618.138409063488,1662.1270751953125,55521,0.0,0.0
2012-08-28,1661.7947923703184,1680.2064768609787,1630.713250708338,1646.087890625,82735,0.0,0.0
2012-08-29,1641.8648395286878,1654.5346982125704,1624.2598262671625,1629.8118896484375,53149,0.0,0.0
2012-08-30,1615.955671978566,1641.5327700961632,1604.8517764008095,1625.303955078125,82143,0.0,0.0
2012-08-31,1630.4764498128445,1632.3745597660609,1599.2051346741803,1607.604248046875,157295,0.0,0.0
2012-09-03,1607.6989982128794,1607.6989982128794,1572.5839669650184,1580.8406982421875,86225,0.0,0.0
2012-09-04,1575.4310486915174,1593.3682085005184,1571.6823283800793,1585.0164794921875,92925,0.0,0.0
2012-09-05,1561.7645010065692,1605.7057830480262,1561.7645010065692,1589.7142333984375,69033,0.0,0.0
2012-09-06,1601.00802082409,1614.5795514175732,1576.80712233113,1605.04150390625,120676,0.0,0.0
2012-09-07,1660.7983910610042,1660.7983910610042,1603.9026024793015,1647.79638671875,98264,0.0,0.0
2012-09-10,1668.3908381118752,1670.3364467910333,1642.9087399206019,1665.638671875,62930,0.0,0.0
2012-09-11,1692.734159421957,1692.734159421957,1657.049721241339,1666.5877685546875,145223,0.0,0.0
2012-09-12,1682.3422256906495,1682.6743717420834,1652.1148496844069,1671.8077392578125,79867,0.0,0.0
2012-09-13,1665.5912527952987,1674.9869189300691,1620.8907927709056,1630.760986328125,78260,0.0,0.0
2012-09-14,1656.0056882710371,1673.6105847110287,1637.214357519334,1665.069091796875,102859,0.0,0.0
2012-09-17,1702.556910801842,1702.556910801842,1649.4573380046882,1673.5633544921875,49465,0.0,0.0
2012-09-18,1674.9868837323638,1717.789233167525,1655.1991138023477,1712.9964599609375,140748,0.0,0.0
2012-09-20,1712.2846994072813,1754.5176398716308,1681.0133887073932,1743.983154296875,150573,0.0,0.0
2012-09-21,1771.8853898188868,1771.8853898188868,1727.6119582741778,1743.983154296875,156568,0.0,0.0
2012-09-24,1746.2606916871334,1746.2606916871334,1728.6082969957947,1738.905517578125,111426,0.0,0.0
2012-09-25,1738.6684076349284,1755.7513941728262,1729.1778595583187,1742.7493896484375,89045,0.0,0.0
2012-09-26,1715.8911606846818,1798.3640499299102,1715.8911606846818,1788.9683837890625,149581,0.0,0.0
2012-09-27,1760.5440061642648,1888.4291297923307,1760.5440061642648,1851.46337890625,848708,0.0,0.0
2012-09-28,1857.3001909913305,1907.315331194068,1841.1662598483297,1867.597412109375,380939,0.0,0.0
2012-10-01,1877.1827178140616,1918.8462427646646,1860.1472321054941,1911.918212890625,158624,0.0,0.0
2012-10-03,1912.3453988607741,1926.1066932942636,1888.9511751535592,1907.8848876953125,242144,0.0,0.0
2012-10-04,1909.4983652722055,1954.8157345275474,1873.1021348101895,1881.07421875,196250,0.0,0.0
2012-10-05,1906.6510846954693,1909.8778941713595,1647.8438882304333,1870.681884765625,344640,0.0,0.0
2012-10-08,1877.1830147340268,1917.090817953277,1860.4796723617483,1903.519287109375,99301,0.0,0.0
2012-10-09,1916.900988935735,1958.7541678506823,1902.665166508303,1951.5889892578125,114765,0.0,0.0
2012-10-10,1949.8330140048545,1968.7666102193625,1937.020774681873,1944.470947265625,73364,0.0,0.0
2012-10-11,1944.6132009822147,1952.7751645898672,1929.5707062239621,1934.837890625,145668,0.0,0.0
2012-10-12,1922.7850697980475,1969.2412570046738,1922.7850697980475,1940.5323486328125,260402,0.0,0.0
2012-10-15,1942.7151271033733,1954.0087862603132,1932.2755245639805,1936.1666259765625,73123,0.0,0.0
2012-10-16,1913.2945604230717,1947.460534716341,1906.0342677154679,1922.927490234375,61227,0.0,0.0
2012-10-17,1929.428460686587,1936.0718444666195,1915.2401373826565,1924.4459228515625,152077,0.0,0.0
2012-10-18,1930.3774894505882,1950.307640521612,1925.6322153860588,1936.30908203125,233635,0.0,0.0
2012-10-19,1945.4673397532279,1945.4673397532279,1899.058652764113,1908.1695556640625,98678,0.0,0.0
2012-10-22,1929.428345639251,1935.1226742540248,1888.6664896457253,1919.415771484375,317793,0.0,0.0
2012-10-23,1935.881964409893,1935.881964409893,1900.007647796252,1919.415771484375,71073,0.0,0.0
2012-10-25,1912.3452771298657,1947.4603020697193,1907.600003489345,1938.96630859375,301396,0.0,0.0
2012-10-29,1936.071697109926,1942.0981716242752,1919.0362106254297,1931.6585693359375,42392,0.0,0.0
2012-10-30,1931.6113707933337,1931.6113707933337,1899.2960070068766,1910.39990234375,132221,0.0,0.0
2012-10-31,1886.7210922608692,1907.5054172020361,1881.9758178839556,1894.5032958984375,105834,0.0,0.0
2012-11-01,1889.5679271249514,1908.5965203961289,1874.477934069544,1895.8316650390625,137231,0.0,0.0
2012-11-02,1919.9379101255236,1924.683184248424,1909.2610433489974,1916.9483642578125,53087,0.0,0.0
2012-11-05,1917.0907668401321,1924.4934408942415,1891.3714039800363,1912.2506103515625,86222,0.0,0.0
2012-11-06,1912.345559703229,1920.6972888851824,1912.345559703229,1917.0433349609375,171063,0.0,0.0
2012-11-07,1914.243706380237,1926.5814199067333,1900.0553821653368,1919.795654296875,117144,0.0,0.0
2012-11-08,1917.090781468641,1921.836055680197,1894.313465253172,1912.9149169921875,104658,0.0,0.0
2012-11-09,1918.0397902507525,1950.44991965624,1908.5967411370918,1919.843017578125,121206,0.0,0.0
2012-11-12,1914.2434127251774,1937.8748989479416,1900.102473913049,1912.440185546875,66891,0.0,0.0
2012-11-15,1877.230300661707,1877.230300661707,1772.5495151083085,1821.2835693359375,576784,0.0,0.0
2012-11-16,1823.1344667219078,1835.424681362101,1803.2991961000407,1816.8707275390625,239750,0.0,0.0
2012-11-19,1817.5350509581297,1822.1854432283214,1789.5379308668612,1808.5665283203125,164842,0.0,0.0
2012-11-20,1808.9933810636621,1822.185266318229,1788.9683474009696,1803.7261962890625,392978,0.0,0.0
2012-11-21,1810.7964107386751,1841.3085432408477,1782.3247690603941,1833.953369140625,181052,0.0,0.0
2012-11-22,1823.1341831330437,1836.373450615856,1785.7414026408242,1802.6820068359375,187404,0.0,0.0
2012-11-23,1803.2041645479828,1816.4434329944913,1786.5957051376724,1799.4554443359375,179933,0.0,0.0
2012-11-26,1803.203904786723,1814.5925610274812,1762.394553257339,1773.403564453125,228061,0.0,0.0
2012-11-27,1784.0332086201665,1801.068695454896,1767.4721333205227,1782.9417724609375,231781,0.0,0.0
2012-11-29,1785.7889332375896,1835.1871645632436,1785.7889332375896,1817.2501220703125,419354,0.0,0.0
2012-11-30,1799.1231216411725,2044.4537852078124,1777.6745065267125,1842.4949951171875,2041947,0.0,0.0
2012-12-03,1888.619030259642,1914.0062458674033,1884.822811103341,1897.872314453125,173745,0.0,0.0
2012-12-04,1895.2624728342325,1895.2624728342325,1868.2619095843472,1879.84033203125,121777,0.0,0.0
2012-12-05,1893.079650048638,1903.6142514929577,1837.5599417021356,1853.266845703125,139546,0.0,0.0
2012-12-06,1865.8418132722747,1888.6191294058121,1823.0394632082864,1879.3658447265625,147763,0.0,0.0
2012-12-07,1881.0266836427893,1890.042704578514,1852.9346836870257,1862.2353515625,139448,0.0,0.0
2012-12-10,1862.9944948018265,1864.9874866285304,1842.1152900714953,1848.3790283203125,127419,0.0,0.0
2012-12-11,1861.096732316753,1898.1098748768518,1851.2265377971069,1878.0848388671875,120525,0.0,0.0
2012-12-12,1882.9246753664181,1894.3133326771022,1828.6387885260565,1845.43701171875,183915,0.0,0.0
2012-12-13,1850.6567373418864,1864.8925583983623,1824.083204703131,1849.9449462890625,97830,0.0,0.0
2012-12-14,1854.4528900173284,1896.1164146572924,1854.4528900173284,1891.228759765625,119553,0.0,0.0
2012-12-17,1897.9200081060162,1897.9200081060162,1859.2460214863834,1878.369384765625,94070,0.0,0.0
2012-12-18,1881.2638580844887,1921.7410680613316,1873.7189188421203,1910.7320556640625,129606,0.0,0.0
2012-12-19,1929.4282978594374,1929.4282978594374,1906.9357467286443,1914.1959228515625,196911,0.0,0.0
2012-12-20,1898.3468570609716,1926.4863549528434,1898.3468570609716,1909.9727783203125,129878,0.0,0.0
2012-12-21,1898.1095306983882,1913.9113157117347,1872.0580237301176,1887.290283203125,522262,0.0,0.0
2012-12-24,1886.7208953199447,1892.3677248984707,1842.3525845270838,1856.8731689453125,100104,0.0,0.0
2012-12-26,1855.3074378132274,1880.5522748554858,1854.4057661519228,1876.1866455078125,119760,0.0,0.0
2012-12-27,1879.223481601081,1906.0342810605987,1855.686990878446,1866.458740234375,256165,0.0,0.0
2012-12-28,1869.6378602397538,1875.237306443241,1855.6393026567403,1871.2987060546875,78933,0.0,0.0
2012-12-31,1861.0964118224385,1898.1095480086062,1850.9889553090102,1885.1075439453125,1059236,0.0,0.0
2013-01-01,1893.3645185518749,1926.581439929978,1889.2835361562798,1919.748291015625,49967,0.0,0.0
2013-01-02,1928.7168001737923,1939.2987853674201,1923.7342620013665,1931.56396484375,67886,0.0,0.0
2013-01-03,1936.071807017435,1951.2566839352187,1913.5792544235344,1921.693603515625,66389,0.0,0.0
2013-01-04,1916.1417428273455,1944.61338833741,1900.0078103716423,1937.8751220703125,55076,0.0,0.0
2013-01-07,1941.0542073223767,1942.2405257475828,1913.2943561725517,1936.7359619140625,47458,0.0,0.0
2013-01-08,1938.9188683284447,1938.9188683284447,1907.6000613510396,1916.283935546875,52801,0.0,0.0
2013-01-09,1902.9497787247783,1918.0397733928082,1846.2437537568314,1862.377685546875,150457,0.0,0.0
2013-01-10,1870.9667974975903,1890.8020674891397,1793.7137077602754,1802.3975830078125,683216,0.0,0.0
2013-01-11,1804.200580223971,1804.200580223971,1765.2418363657648,1787.3548583984375,134174,0.0,0.0
2013-01-14,1788.968272839361,1788.968272839361,1752.1449007766905,1771.07861328125,187086,0.0,0.0
2013-01-15,1771.0784329428714,1836.4208251801642,1751.5279294988309,1822.70703125,195235,0.0,0.0
2013-01-16,1823.1343721714,1831.6283667631235,1803.2517193464348,1822.849609375,387028,0.0,0.0
2013-01-17,1826.9780308586253,1830.1573413410442,1793.9033776411643,1813.02685546875,115719,0.0,0.0
2013-01-18,1817.6771028373787,1826.740622005039,1785.219476854727,1812.0302734375,217897,0.0,0.0
2013-01-21,1801.306042595964,1843.0644545423404,1770.2244973404224,1833.0518798828125,218770,0.0,0.0
2013-01-22,1830.4419638495963,1859.198370903992,1812.9319489634258,1853.45654296875,130052,0.0,0.0
2013-01-23,1864.892517361288,1888.1443579085405,1850.656696618072,1855.06982421875,168341,0.0,0.0
2013-01-24,1856.3508693420986,1873.908380120641,1838.6984762701677,1850.51416015625,163392,0.0,0.0
2013-01-25,1855.3545877806423,1855.3545877806423,1803.2989564934971,1819.005859375,106549,0.0,0.0
2013-01-28,1860.1473578965201,1860.1473578965201,1783.131539780675,1790.4393310546875,224252,0.0,0.0
2013-01-29,1790.4396050594435,1818.3892261033936,1756.0363642211094,1762.4898681640625,222058,0.0,0.0
2013-01-30,1770.1767756593679,1794.3302872246268,1765.6687658456751,1788.3511962890625,214238,0.0,0.0
2013-01-31,1788.4937819884778,1817.2501889521545,1774.7324873008508,1805.624267578125,154726,0.0,0.0
2013-02-01,1820.28713727299,1828.8286306178582,1625.1139911724717,1744.12548828125,290743,0.0,0.0
2013-02-04,1792.4797397907769,1815.9688458990793,1779.4777354774542,1800.6890869140625,220610,0.0,0.0
2013-02-05,1784.2229493072189,1834.4279692957734,1779.5725578116146,1827.31005859375,144330,0.0,0.0
2013-02-06,1827.8795930769872,1879.1285536305477,1813.6437707009984,1862.6624755859375,229127,0.0,0.0
2013-02-07,1862.6624609200169,1874.383264747012,1810.9389733611752,1823.4190673828125,211928,0.0,0.0
2013-02-08,1825.9813284789798,1844.535395075138,1771.363181590617,1788.4461669921875,116674,0.0,0.0
2013-02-11,1783.2740993939692,1826.7882419805835,1765.3369391941228,1815.2572021484375,92944,0.0,0.0
2013-02-12,1820.2871120449404,1831.3436236695113,1796.9877702921199,1822.4224853515625,71204,0.0,0.0
2013-02-13,1825.0324800116387,1849.7079061584418,1807.9494926792363,1844.29833984375,135113,0.0,0.0
2013-02-14,1829.8725945930094,1866.7908506511062,1829.8725945930094,1853.69384765625,164604,0.0,0.0
2013-02-15,1842.115629680416,1852.5552339702072,1812.7898090051708,1831.676025390625,84250,0.0,0.0
2013-02-18,1823.1343273008729,1830.7267659361705,1803.5363219032265,1808.708740234375,45828,0.0,0.0
2013-02-19,1810.7966643933466,1863.9437363042625,1793.8560583920269,1844.6304931640625,58587,0.0,0.0
2013-02-20,1855.402310747961,1865.841914542451,1827.1679277583182,1850.135009765625,115636,0.0,0.0
2013-02-21,1828.1643417371263,1852.5550042122634,1828.0219603441828,1839.837646484375,349520,0.0,0.0
2013-02-22,1826.0763406300612,1850.6568834315638,1822.8021478691724,1842.0205078125,115275,0.0,0.0
2013-02-25,1845.9115475095223,1845.9115475095223,1804.485283183049,1814.6876220703125,101791,0.0,0.0
2013-02-26,1804.1531363365991,1820.9039763697651,1793.9507974541066,1808.6136474609375,160911,0.0,0.0
2013-02-27,1810.7964722565303,1814.9248372698519,1795.7539775624173,1803.393798828125,171757,0.0,0.0
2013-02-28,1802.8719439474658,1869.7328071527388,1745.7862755084504,1772.8818359375,336658,0.0,0.0
2013-03-01,1774.7326504185337,1821.236340188859,1769.9398768669394,1790.4869384765625,157185,0.0,0.0
2013-03-04,1768.0893670506193,1769.038421998043,1743.4139384175994,1754.1383056640625,224083,0.0,0.0
2013-03-05,1760.4967631236825,1812.5998980435575,1737.7194465118396,1804.2481689453125,198297,0.0,0.0
2013-03-06,1793.7133987411617,1812.6944929077347,1790.249325885481,1803.298828125,281284,0.0,0.0
2013-03-07,1800.3568160675263,1800.3568160675263,1772.596965318989,1783.55859375,182545,0.0,0.0
2013-03-08,1777.674418306585,1821.2360542384856,1777.674418306585,1803.8209228515625,94307,0.0,0.0
2013-03-11,1793.713793314691,1809.6579622625047,1793.713793314691,1800.357177734375,126256,0.0,0.0
2013-03-12,1803.1566560379617,1822.0903691775668,1782.7994765220487,1808.0443115234375,233356,0.0,0.0
2013-03-13,1803.2041959872574,1822.1852927871234,1801.2112039935557,1808.2816162109375,238225,0.0,0.0
2013-03-14,1797.6045040314932,1820.286934783276,1792.7643481781065,1811.5081787109375,148291,0.0,0.0
2013-03-15,1812.9318530579783,1842.1152868920487,1812.9318530579783,1825.1746826171875,323989,0.0,0.0
2013-03-18,1812.6944639529843,1838.7934680151345,1801.5430713082474,1806.95263671875,179606,0.0,0.0
2013-03-19,1807.9494522823932,1823.988502089723,1765.6690132388433,1787.9718017578125,167962,0.0,0.0
2013-03-20,1785.1722147198957,1785.1722147198957,1720.304337371252,1750.958740234375,330057,0.0,0.0
2013-03-21,1741.6105623511219,1798.4589720249937,1741.6105623511219,1765.28955078125,138420,0.0,0.0
2013-03-22,1756.0361910143374,1795.1372035077745,1752.7618823535508,1759.0731201171875,190641,0.0,0.0
2013-03-25,1765.3368019909733,1780.4742954904912,1761.4931995799352,1767.8043212890625,153900,0.0,0.0
2013-03-26,1760.496696225526,1770.0347435348624,1743.2239447918053,1754.090576171875,139906,0.0,0.0
2013-03-28,1736.7702034389872,1797.4622087431896,1724.147728843921,1773.73583984375,407233,0.0,0.0
2013-04-01,1765.2894822109988,1786.8804795852911,1747.2099413658038,1770.129638671875,257210,0.0,0.0
2013-04-02,1763.3438155668414,1769.9871991561674,1736.770281209537,1761.73046875,235315,0.0,0.0
2013-04-03,1762.869310334689,1770.4142497368734,1738.9056763718622,1757.36474609375,144084,0.0,0.0
2013-04-04,1746.261224380621,1752.9046094733733,1642.9091102673708,1654.5350341796875,204519,0.0,0.0
2013-04-05,1653.870388512307,1697.8590558040228,1648.5557047443554,1681.298095703125,95182,0.0,0.0
2013-04-08,1679.9221061378983,1706.4007618191717,1664.974491010728,1698.5235595703125,126990,0.0,0.0
2013-04-09,1708.2985301936135,1738.3835190792377,1696.9098733256562,1708.820556640625,162801,0.0,0.0
2013-04-10,1713.2809957854715,1716.839950907585,1668.5805426220059,1700.8009033203125,95262,0.0,0.0
2013-04-11,1710.43407197505,1713.0439727645805,1680.7761084576578,1696.5303955078125,154332,0.0,0.0
2013-04-12,1695.0119293988514,1731.0760130030824,1681.0133706314198,1722.9615478515625,132134,0.0,0.0
2013-04-15,1717.789341720013,1789.7751315715307,1717.789341720013,1776.962890625,238120,0.0,0.0
2013-04-16,1765.2418332073598,1814.3079173919682,1756.4155777007593,1800.2144775390625,332577,0.0,0.0
2013-04-17,1794.187990305135,1807.9492840683852,1790.0596253464419,1800.9737548828125,276803,0.0,0.0
2013-04-18,1796.5609036590952,1836.4212089700734,1779.477915668676,1829.4456787109375,174586,0.0,0.0
2013-04-22,1833.3841461929885,1833.3841461929885,1763.3438541908058,1776.2509765625,289632,0.0,0.0
2013-04-23,1784.2231761510097,1784.2231761510097,1760.544303212342,1770.5567626953125,222160,0.0,0.0
2013-04-25,1773.7833329854554,1841.166220434341,1773.7833329854554,1831.628173828125,437288,0.0,0.0
2013-04-26,1831.1538042888417,1836.088958939642,1785.2670262059542,1811.17626953125,115233,0.0,0.0
2013-04-29,1817.6770058349387,1831.675562595709,1789.1578658902317,1820.524169921875,80984,0.0,0.0
2013-04-30,1815.6365403004063,1822.1850409616432,1779.7623418173168,1804.0106201171875,225526,0.0,0.0
2013-05-02,1803.2039914751463,1830.8689600935859,1771.647921624331,1786.7379150390625,279898,0.0,0.0
2013-05-03,1787.070221199451,1806.5258449565347,1769.987234485914,1790.2021484375,187931,0.0,0.0
2013-05-06,1794.0456328252956,1822.1851294794662,1785.409257725649,1814.1181640625,374197,0.0,0.0
2013-05-07,1814.118251921268,1838.3191493442303,1808.5188054256719,1830.2996826171875,410178,0.0,0.0
2013-05-08,1833.5738804327984,1895.16756035261,1826.9304968080419,1877.420166015625,972546,0.0,0.0
2013-05-09,1879.1286057692307,1906.65119645979,1879.1286057692307,1900.0078125,242692,0.0,0.0
2013-05-10,1895.7369074167382,1920.0801854932731,1869.8751648750078,1876.898193359375,174154,0.0,0.0
2013-05-13,1879.4132189615143,1887.6699491708669,1844.1083117889489,1856.161376953125,84152,0.0,0.0
2013-05-14,1864.7977876585371,1879.0336095666871,1858.2967854907652,1873.1968994140625,152281,0.0,0.0
2013-05-15,1879.1283145099726,1886.7207521443565,1858.2016119396408,1873.0069580078125,241041,0.0,0.0
2013-05-16,1873.006874765827,1905.3696155738105,1866.885402684319,1900.7667236328125,171224,0.0,0.0
2013-05-17,1907.5053451756378,1931.3265984779814,1906.9833186733188,1914.00634765625,149468,0.0,0.0
2013-05-20,1914.2435201305273,1963.6418685151161,1907.647635650614,1917.13818359375,192118,0.0,0.0
2013-05-21,1918.9887300973317,1921.741012079326,1816.1586697334665,1830.8690185546875,236742,0.0,0.0
2013-05-22,1839.8850172942832,1868.6888058340382,1829.5402973319285,1850.9415283203125,122934,0.0,0.0
2013-05-23,1836.4210364098292,1873.3392912681447,1827.7371618270654,1854.595458984375,157237,0.0,0.0
2013-05-24,1855.6393231388734,1867.7397713526673,1827.6422076638207,1845.1522216796875,113566,0.0,0.0
2013-05-27,1842.2103550158026,1921.836080483657,1842.2103550158026,1911.0643310546875,123617,0.0,0.0
2013-05-28,1912.345500378247,1912.345500378247,1864.9402575158906,1879.3658447265625,87550,0.0,0.0
2013-05-29,1874.383067795101,1887.0529251083967,1846.0063085604788,1877.5623779296875,66529,0.0,0.0
2013-05-30,1862.2826520655092,1898.1094682792805,1858.0594048391508,1886.768310546875,140533,0.0,0.0
2013-05-31,1883.8738456677227,1892.7474851961758,1760.639098631481,1782.6097412109375,147689,0.0,0.0
2013-06-03,1790.8661595658052,1797.2722785785604,1746.7351174779355,1763.8656005859375,190310,0.0,0.0
2013-06-04,1774.6377820625707,1793.7137623971435,1737.3398781229475,1773.30908203125,223198,0.0,0.0
2013-06-05,1765.3369748271664,1769.9873669508345,1737.2924723844583,1759.452880859375,100082,0.0,0.0
2013-06-06,1753.378765158197,1807.9494168478295,1733.923141512328,1798.0792236328125,127647,0.0,0.0
2013-06-07,1802.2550121210666,1805.4343224371482,1759.5000482996938,1765.431640625,127357,0.0,0.0
2013-06-10,1770.0819918934703,1808.3289446771576,1770.0819918934703,1796.9876708984375,86536,0.0,0.0
2013-06-11,1788.968077071532,1788.968077071532,1736.7700695177207,1763.058837890625,102398,0.0,0.0
2013-06-12,1756.0360607630416,1765.2893446308572,1736.4854401150412,1747.3046875,100511,0.0,0.0
2013-06-13,1722.5343920419468,1742.1797792635136,1713.1862258118913,1729.4150390625,117814,0.0,0.0
2013-06-14,1751.9550320066537,1788.683403726035,1727.2796090206443,1778.528564453125,137306,0.0,0.0
2013-06-17,1779.7150087405219,1819.9074562382357,1752.429683316557,1813.8809814453125,38646,0.0,0.0
2013-06-18,1795.6117385595312,1810.559352133692,1768.0891484864728,1770.8414306640625,126631,0.0,0.0
2013-06-19,1782.9889386387283,1782.9889386387283,1727.6116225459316,1744.267578125,306135,0.0,0.0
2013-06-20,1728.2288364878577,1731.076000963126,1684.8570773218382,1724.4326171875,387248,0.0,0.0
2013-06-21,1713.993164897422,1735.7265454742146,1685.5215176399897,1720.7789306640625,117462,0.0,0.0
2013-06-24,1708.5361679471591,1713.4712073298604,1673.1838711794703,1690.93115234375,110002,0.0,0.0
2013-06-25,1684.5725215540806,1718.6910003683631,1684.5725215540806,1695.2493896484375,90759,0.0,0.0
2013-06-26,1707.349492115598,1707.349492115598,1670.4312392380914,1685.1890869140625,104592,0.0,0.0
2013-06-27,1707.3495096220418,1801.3059306629434,1685.1416051148192,1781.9451904296875,378206,0.0,0.0
2013-06-28,1780.2844183050338,1803.2041148295984,1770.9362517221214,1781.3758544921875,210562,0.0,0.0
2013-07-01,1783.2738565234492,1849.707688325813,1781.0436010546516,1833.8585205078125,167922,0.0,0.0
2013-07-02,1826.9303907862302,1839.0308388291,1809.657640704815,1825.2220458984375,72997,0.0,0.0
2013-07-03,1804.4850699471797,1824.0355729389528,1798.4585959752733,1811.745361328125,66479,0.0,0.0
2013-07-04,1819.575223317619,1826.598251652877,1806.335955867451,1809.847412109375,35677,0.0,0.0
2013-07-05,1825.981204118673,1832.6245868779406,1794.0454909699138,1828.1165771484375,32102,0.0,0.0
2013-07-08,1793.8085300206385,1845.9116639100282,1754.5176364720123,1791.863037109375,396469,0.0,0.0
2013-07-09,1826.9306698174014,1839.0786187936412,1793.1443387822326,1831.9132080078125,86087,0.0,0.0
2013-07-10,1831.675821940333,1874.7154353114968,1816.3485632652116,1853.69384765625,155998,0.0,0.0
2013-07-11,1876.1866896820134,1886.7211760965724,1867.4079316946425,1879.2711181640625,244998,0.0,0.0
2013-07-12,1898.0621448193945,1898.0621448193945,1821.7107307340418,1840.881591796875,222931,0.0,0.0
2013-07-15,1839.1734660924735,1850.6570069138074,1826.7408703957992,1842.732421875,103916,0.0,0.0
2013-07-16,1821.1412597592791,1843.0644022386944,1803.0143364399848,1834.9974365234375,75689,0.0,0.0
2013-07-17,1847.869522337423,1880.2882858872024,1830.8019735428709,1849.9195556640625,313681,9.0,0.0
2013-07-18,1846.8206318635555,1848.8229439032243,1823.6507051944445,1834.854248046875,100045,0.0,0.0
2013-07-19,1844.8186651684587,1844.8186651684587,1821.1719875684012,1840.480224609375,124511,0.0,0.0
2013-07-22,1833.4241699339427,1845.1997863495978,1793.0437607386232,1830.3253173828125,137252,0.0,0.0
2013-07-23,1840.2415709896054,1852.6369805351312,1803.5320888740098,1821.79150390625,110509,0.0,0.0
2013-07-24,1811.6369050837818,1835.5219539949303,1797.3345084646994,1829.5626220703125,63243,0.0,0.0
2013-07-25,1825.9392191700456,1831.6124563485696,1756.3342254366705,1767.919189453125,309950,0.0,0.0
2013-07-26,1759.3375837607,1791.5179716241635,1759.3375837607,1778.2166748046875,58028,0.0,0.0
2013-07-29,1755.3807359205498,1806.7740354980035,1750.6132705867078,1793.1390380859375,127930,0.0,0.0
2013-07-30,1798.669380581298,1806.8693978416757,1774.450632919978,1784.70068359375,33492,0.0,0.0
2013-07-31,1778.0741327247738,1802.0543931425477,1738.742538959003,1751.2332763671875,89031,0.0,0.0
2013-08-01,1749.5647340291705,1749.5647340291705,1719.4343715321763,1733.4029541015625,218721,0.0,0.0
2013-08-02,1736.549136756416,1747.704958366635,1674.000018856621,1696.4071044921875,63123,0.0,0.0
2013-08-05,1697.2174687336799,1712.1396568357336,1681.961581374276,1690.9244384765625,122191,0.0,0.0
2013-08-06,1678.1476936814036,1689.7326570044897,1579.3181201470397,1592.9053955078125,277493,0.0,0.0
2013-08-07,1592.333622345541,1599.8662418017461,1549.3787077124082,1566.2078857421875,460038,0.0,0.0
2013-08-08,1556.2912683317093,1606.3020473122924,1556.2912683317093,1594.0972900390625,399982,0.0,0.0
2013-08-12,1602.106745497074,1639.0546022969618,1550.9518185458153,1610.3067626953125,125092,0.0,0.0
2013-08-13,1597.4345742794937,1630.2824800218652,1569.3065290185245,1616.838134765625,148869,0.0,0.0
2013-08-14,1619.9848984663265,1659.0781184999457,1593.4777417399055,1647.3978271484375,166735,0.0,0.0
2013-08-16,1639.0545067866453,1668.3266960399274,1561.7262458882058,1605.6822509765625,343203,0.0,0.0
2013-08-19,1615.2170681096486,1615.2170681096486,1561.0110168180177,1577.6971435546875,286552,0.0,0.0
2013-08-20,1560.86815635287,1581.7972826923203,1540.8925230838859,1570.4984130859375,267966,0.0,0.0
2013-08-21,1586.5171609096678,1586.5171609096678,1530.3563951546366,1550.284423828125,365998,0.0,0.0
2013-08-22,1535.1237873442408,1572.0239212653626,1529.5458763645167,1558.4366455078125,1088048,0.0,0.0
2013-08-23,1544.6588494917096,1563.7287118311135,1492.2167280583492,1507.1865234375,624269,0.0,0.0
2013-08-26,1512.43067284472,1535.8866956637855,1499.8446107800685,1522.1563720703125,142479,0.0,0.0
2013-08-27,1509.6179111916604,1530.3563855756292,1468.379335692504,1478.5816650390625,183236,0.0,0.0
2013-08-28,1456.508435328346,1463.6119123849207,1382.5649986697947,1395.6278076171875,528963,0.0,0.0
2013-08-29,1401.6347980197622,1420.70465921731,1346.2368745195251,1380.6102294921875,311732,0.0,0.0
2013-08-30,1373.9836784081008,1428.8095364986393,1361.5882670137182,1406.2593994140625,272543,0.0,0.0
2013-09-02,1420.3233253322192,1462.563117018032,1400.443017100027,1428.714111328125,68125,0.0,0.0
2013-09-03,1439.7744947985557,1449.309425227685,1373.983474837562,1377.5113525390625,148101,0.0,0.0
2013-09-04,1382.2787783617373,1438.5825874984905,1337.1309073450625,1418.797607421875,673692,0.0,0.0
2013-09-05,1445.4957303541855,1509.3797764846145,1429.2863455151214,1467.8074951171875,104681,0.0,0.0
2013-09-06,1468.379290873711,1549.3308737596083,1404.7336300517497,1526.590087890625,173597,0.0,0.0
2013-09-10,1533.2169135477673,1668.6606557328216,1529.212289062199,1628.0894775390625,180094,0.0,0.0
2013-09-11,1630.4734408672286,1659.0782380754256,1608.7337484317118,1654.167724609375,201269,0.0,0.0
2013-09-12,1701.0315197995294,1742.9852119918944,1645.1091318144777,1677.0511474609375,699672,0.0,0.0
2013-09-13,1668.6131993701163,1678.052805890911,1622.4164976362715,1640.81884765625,175614,0.0,0.0
2013-09-16,1668.1840596701722,1682.915482920892,1563.7288339888173,1572.0718994140625,170288,0.0,0.0
2013-09-17,1572.3100457333637,1630.4731220157987,1557.9599287162391,1620.6044921875,102371,0.0,0.0
2013-09-18,1620.795041111753,1650.3533238991179,1606.301994173288,1637.1951904296875,172239,0.0,0.0
2013-09-19,1673.9046544774415,1703.939683470911,1652.4033411327785,1684.4884033203125,229392,0.0,0.0
2013-09-20,1686.729260373327,1797.2867365635248,1664.9419667500274,1768.1575927734375,164273,0.0,0.0
2013-09-23,1744.9875593971394,1787.7994194399669,1702.175699354312,1707.3245849609375,81288,0.0,0.0
2013-09-24,1716.287541140919,1744.8446122820678,1707.7061034352143,1735.21435546875,119691,0.0,0.0
2013-09-25,1725.8225261527814,1729.5411725540714,1689.9712085566457,1713.37939453125,206689,0.0,0.0
2013-09-26,1716.1923379577875,1752.0913782082994,1693.30850243787,1724.5830078125,183798,0.0,0.0
2013-09-27,1720.101636182682,1763.0088277726047,1708.6597184253692,1743.93896484375,135378,0.0,0.0
2013-09-30,1726.7760431165314,1753.4738505197686,1706.848013597617,1725.1551513671875,98176,0.0,0.0
2013-10-01,1733.4502425316841,1738.027055405874,1707.7059319990353,1728.9688720703125,134817,0.0,0.0
2013-10-03,1735.3574092292383,1823.0787727726943,1729.7794979782127,1804.0089111328125,231321,0.0,0.0
2013-10-04,1790.6601432575353,1851.4930530415652,1790.6601432575353,1821.5533447265625,234871,0.0,0.0
2013-10-07,1794.4740048985725,1828.6567090777507,1778.0739702208602,1816.7857666015625,70564,0.0,0.0
2013-10-08,1819.2647827545186,1859.9788904024902,1806.8693728091262,1854.2103271484375,203336,0.0,0.0
2013-10-09,1840.2895933688214,1887.9165320519376,1831.3743388528949,1878.4293212890625,210070,0.0,0.0
2013-10-10,1876.4744203830692,1901.503614252508,1859.3115445868825,1883.67333984375,149948,0.0,0.0
2013-10-11,1892.9221582200032,1906.9861813071434,1861.5522122588607,1878.715087890625,80609,0.0,0.0
2013-10-14,1873.4232090870541,1895.5919227112486,1855.1160725163181,1885.008056640625,128323,0.0,0.0
2013-10-15,1883.1489660286793,1900.2165166449981,1834.3301634413197,1882.4815673828125,166800,0.0,0.0
2013-10-17,1886.9626891652285,1906.032549591355,1854.78229969614,1868.89404296875,192215,0.0,0.0
2013-10-18,1880.3836197466544,1895.5441825132007,1857.6905550031877,1873.232421875,319394,0.0,0.0
2013-10-21,1787.7997384474736,1892.4933376882425,1783.985765672119,1867.7025146484375,620446,0.0,0.0
2013-10-22,1854.3532453647672,1875.5207435491236,1840.4321543570702,1869.65673828125,142931,0.0,0.0
2013-10-23,1864.0790025389035,1873.613933498182,1822.125306318079,1846.82080078125,218516,0.0,0.0
2013-10-24,1843.1022384520975,1883.1489503067214,1834.4254741622367,1860.074462890625,199926,0.0,0.0
2013-10-25,1850.7302688790396,1873.6141052793987,1835.8557984974484,1858.8349609375,112066,0.0,0.0
2013-10-28,1864.1742144286372,1871.6591114947391,1847.1543869870698,1853.685791015625,128024,0.0,0.0
2013-10-29,1845.29519559663,1902.170964436393,1840.9090343347145,1893.970947265625,151516,0.0,0.0
2013-10-30,1895.5440895596453,1915.567442618374,1865.9858064729506,1879.2869873046875,196038,0.0,0.0
2013-10-31,1873.6139906848346,1886.0094013102305,1861.2185800594386,1875.3779296875,190493,0.0,0.0
2013-11-01,1873.613835153762,1878.3335791735892,1863.1731328586561,1871.2301025390625,91518,0.0,0.0
2013-11-05,1867.8929702802486,1897.4512561805486,1851.5882616590457,1860.3603515625,51326,0.0,0.0
2013-11-06,1860.2650733848654,1874.5674701561484,1845.9626766135825,1855.8790283203125,89278,0.0,0.0
2013-11-07,1870.7535410071682,1870.7535410071682,1830.7068291201647,1845.581298828125,94254,0.0,0.0
2013-11-08,1845.0094862611263,1849.3002059966173,1813.7825815194974,1836.9525146484375,166644,0.0,0.0
2013-11-11,1821.1715685913168,1832.5657629998368,1799.2889515364593,1815.83203125,94646,0.0,0.0
2013-11-12,1817.786893535952,1824.9858130758466,1790.4694090409928,1796.6671142578125,279587,0.0,0.0
2013-11-13,1791.4228272607968,1809.539195598761,1762.7225927266225,1779.6470947265625,79055,0.0,0.0
2013-11-14,1801.148359197301,1833.5671226767654,1774.355227953206,1789.8970947265625,112983,0.0,0.0
2013-11-18,1811.6368859648542,1863.0301872190234,1798.95538120582,1844.913818359375,120808,0.0,0.0
2013-11-19,1832.6137778101258,1850.873194348425,1821.17186036282,1832.6614990234375,57876,0.0,0.0
2013-11-20,1830.7068898704028,1844.8186353704377,1802.149815932052,1806.3450927734375,66367,0.0,0.0
2013-11-21,1798.3832744992276,1798.574042951103,1749.6120801897105,1759.43310546875,92132,0.0,0.0
2013-11-22,1751.0900977423262,1771.1611742791747,1716.2875992029335,1730.828369140625,186940,0.0,0.0
2013-11-25,1731.7817787093393,1817.119407997425,1731.7817787093393,1800.8623046875,179285,0.0,0.0
2013-11-26,1784.2716619989799,1806.583307141961,1756.6203624490363,1767.2994384765625,179742,0.0,0.0
2013-11-27,1768.968098330289,1787.7995873166915,1751.6621750464228,1784.128662109375,132723,0.0,0.0
2013-11-28,1792.5671295655839,1831.994048205845,1784.3193905046326,1821.5533447265625,194197,0.0,0.0
2013-11-29,1823.0787209529547,1842.0532560239387,1812.5425761391232,1819.0740966796875,86105,0.0,0.0
2013-12-02,1808.2997879483044,1844.961553595931,1806.9648742382744,1811.06494140625,96462,0.0,0.0
2013-12-03,1796.3811718028815,1825.9394607232048,1796.3811718028815,1807.584716796875,85852,0.0,0.0
2013-12-04,1802.1017825350807,1802.1017825350807,1778.2644573692728,1788.3714599609375,60472,0.0,0.0
2013-12-05,1816.6426908929802,1829.5148474745602,1778.8366669877,1784.6053466796875,140143,0.0,0.0
2013-12-06,1783.032245807639,1806.6789232184146,1767.2996083446303,1793.8543701171875,108839,0.0,0.0
2013-12-09,1829.7533385929803,1851.3022603128807,1802.1497587030158,1838.8115234375,288728,0.0,0.0
2013-12-10,1844.9136778992274,1870.2288478845833,1822.1251713163192,1834.13916015625,181876,0.0,0.0
2013-12-11,1824.4137678492505,1840.0510783709965,1807.8229642029246,1819.1695556640625,74335,0.0,0.0
2013-12-12,1820.218134766432,1820.218134766432,1773.496977823763,1784.3668212890625,65531,0.0,0.0
2013-12-13,1779.21810122393,1779.21810122393,1700.8410159909592,1716.9549560546875,145893,0.0,0.0
2013-12-16,1735.3574323186574,1735.3574323186574,1679.196665763331,1687.9688720703125,101505,0.0,0.0
2013-12-17,1701.0319014272382,1701.0319014272382,1668.6131320054185,1672.2840576171875,113867,0.0,0.0
2013-12-18,1673.857040160914,1691.4966614898672,1667.8499874213444,1671.8070068359375,207048,0.0,0.0
2013-12-19,1682.7724356084896,1682.8201568253455,1644.7757552088294,1649.5909423828125,113356,0.0,0.0
2013-12-20,1649.5906860833966,1686.729193561865,1625.7056387919615,1663.08251953125,150909,0.0,0.0
2013-12-23,1677.1942420766252,1699.1245817967858,1668.2313843036602,1684.202392578125,120041,0.0,0.0
2013-12-24,1692.3072813534736,1719.5771619610641,1692.3072813534736,1712.9027099609375,161856,0.0,0.0
2013-12-26,1703.4154678700093,1730.5900219334267,1685.3468197079305,1697.1224365234375,257265,0.0,0.0
2013-12-27,1716.5259131394287,1730.5899360355857,1682.247883553193,1687.73046875,95471,0.0,0.0
2013-12-30,1704.8455708029592,1704.8455708029592,1649.5429739872031,1658.3150634765625,60040,0.0,0.0
2013-12-31,1663.8454342512514,1687.6827613895216,1658.6965483107454,1682.05712890625,70342,0.0,0.0
2014-01-01,1686.729400147485,1690.543372787728,1664.7990574660873,1686.9677734375,51796,0.0,0.0
2014-01-02,1678.6246399891802,1695.215443577853,1645.7291273054955,1650.5919189453125,81220,0.0,0.0
2014-01-03,1640.0080654611256,1671.9023618048209,1625.8009955688988,1646.8731689453125,78848,0.0,0.0
2014-01-06,1646.2060369548162,1652.21309077119,1627.5175932051857,1644.1083984375,65748,0.0,0.0
2014-01-07,1648.5894481760158,1653.9767070718865,1603.7752757848805,1611.5938720703125,98004,0.0,0.0
2014-01-08,1616.1707460718565,1632.3801281858514,1603.2508684766583,1621.7486572265625,84069,0.0,0.0
2014-01-09,1620.9382009256103,1620.9382009256103,1597.6729469983918,1610.020751953125,332263,0.0,0.0
2014-01-10,1606.3497725131717,1613.1672714292272,1567.2089507524622,1594.0498046875,251293,0.0,0.0
2014-01-13,1592.5718175443158,1613.214966013696,1575.0752427975472,1591.9044189453125,152716,0.0,0.0
2014-01-14,1583.2751076707561,1592.333291063031,1558.007543471253,1571.3564453125,87817,0.0,0.0
2014-01-15,1575.4086945493225,1640.0078405960567,1564.9679935167533,1630.5682373046875,132016,0.0,0.0
2014-01-16,1632.6184579686721,1673.3802854343814,1618.4591096013278,1665.9429931640625,214732,0.0,0.0
2014-01-17,1666.7060187604516,1674.3339639264032,1627.1360532120768,1639.2930908203125,285994,0.0,0.0
2014-01-20,1639.5314257829948,1644.775637962004,1606.6359130237547,1639.0069580078125,242621,0.0,0.0
2014-01-21,1640.0081870955287,1640.0081870955287,1617.3150039958784,1620.699951171875,223992,0.0,0.0
2014-01-22,1624.7522983174651,1624.7522983174651,1590.4265455361103,1615.884765625,664324,0.0,0.0
2014-01-23,1616.218485341672,1649.447695768018,1598.0543956831023,1626.7069091796875,70498,0.0,0.0
2014-01-24,1631.426748907238,1651.4501046799162,1612.8336328326086,1620.699951171875,140784,0.0,0.0
2014-01-27,1596.147420550722,1629.042931906158,1584.7532247689446,1620.9859619140625,157548,0.0,0.0
2014-01-28,1614.2637684547792,1629.9964041189871,1592.3811490427508,1615.9801025390625,63905,0.0,0.0
2014-01-29,1621.9872087261901,1648.589691456325,1594.335906787362,1624.132568359375,100701,0.0,0.0
2014-01-30,1602.8219091068295,1630.3778831131244,1585.1822866687116,1607.732421875,227549,0.0,0.0
2014-01-31,1635.1452435482338,1640.0080347913602,1599.9613269650595,1631.1405029296875,95706,0.0,0.0
2014-02-03,1644.7754622824739,1656.169657333473,1597.8636521763892,1611.450927734375,84364,0.0,0.0
2014-02-04,1599.9614442724333,1637.1476756947366,1587.5660337983322,1596.2427978515625,91012,0.0,0.0
2014-02-05,1597.2915539457263,1608.6381448258378,1587.5659711303151,1601.53466796875,577216,0.0,0.0
2014-02-06,1620.7478004491468,1623.7989321554535,1573.5498866842056,1617.839599609375,150039,0.0,0.0
2014-02-07,1613.3103623752488,1658.1245391078944,1613.3103623752488,1648.6373291015625,78752,0.0,0.0
2014-02-10,1657.1709030400698,1668.8511927766872,1640.1510755596375,1644.6324462890625,51216,0.0,0.0
2014-02-11,1650.782407193934,1650.782407193934,1613.3100873316175,1620.3182373046875,50543,0.0,0.0
2014-02-12,1626.1823948225067,1634.2870857377757,1617.1242108583826,1626.373046875,77023,0.0,0.0
2014-02-13,1630.0916942455385,1634.859159493328,1598.0543510590321,1609.92529296875,89929,0.0,0.0
2014-02-14,1609.925322922718,1611.4986097623996,1574.3123801377617,1588.8531494140625,70557,0.0,0.0
2014-02-17,1592.4286434939331,1601.7252002875578,1580.4146549161944,1589.9495849609375,31840,0.0,0.0
2014-02-18,1597.1009113365556,1623.7987176156144,1595.813718955312,1612.261474609375,76714,0.0,0.0
2014-02-19,1625.7054944625736,1635.2404240488645,1617.4577570917954,1627.0880126953125,71257,0.0,0.0
2014-02-20,1614.6452059103954,1636.1941262525645,1597.3392832194688,1622.8929443359375,92694,0.0,0.0
2014-02-21,1620.9382788556811,1728.9690942331667,1611.4510690161298,1716.2398681640625,274804,0.0,0.0
2014-02-24,1702.9387612335534,1759.1948569293986,1688.7794112734946,1752.6634521484375,157657,0.0,0.0
2014-02-25,1752.520543535609,1791.6137656710607,1748.7065706443454,1778.97998046875,148155,0.0,0.0
2014-02-26,1767.0134341862765,1776.3577134822197,1733.6888956194557,1758.336669921875,219350,0.0,0.0
2014-02-28,1765.6308134394958,1777.3111036863615,1741.2214138348893,1753.6644287109375,226586,0.0,0.0
2014-03-03,1749.4692453724163,1760.0529958603156,1735.7389209912367,1741.7935791015625,46525,0.0,0.0
2014-03-04,1744.1771952728352,1798.1926008733037,1738.7423313405388,1790.23095703125,144401,0.0,0.0
2014-03-05,1801.053086443138,1821.1717669777076,1769.0633473297846,1809.68212890625,199776,0.0,0.0
2014-03-06,1806.964601398989,1876.14056665204,1806.964601398989,1868.89404296875,131172,0.0,0.0
2014-03-07,1851.9694791614745,1905.0789920934928,1851.9694791614745,1881.956787109375,182120,0.0,0.0
2014-03-10,1861.7431137457402,1915.5677560019512,1861.7431137457402,1897.2130126953125,178005,0.0,0.0
2014-03-11,1897.4514287155826,1925.9608980839714,1881.2897658674751,1910.1329345703125,180057,0.0,0.0
2014-03-12,1910.132902148246,1910.132902148246,1861.6000768181993,1873.089599609375,102832,0.0,0.0
2014-03-13,1878.6195472658749,1923.9581851047087,1859.3113143857156,1867.3206787109375,135092,0.0,0.0
2014-03-14,1861.2184641925217,1891.5395902381824,1845.581154636855,1878.3336181640625,174903,0.0,0.0
2014-03-18,1887.8684599866524,1891.348732791231,1869.4661145210202,1876.6649169921875,136012,0.0,0.0
2014-03-19,1873.9953884004897,1895.3059362068566,1873.9953884004897,1886.81982421875,129451,0.0,0.0
2014-03-20,1873.6615981104287,1889.9185850689848,1846.5346505148166,1854.114990234375,112317,0.0,0.0
2014-03-21,1861.2185385050575,1873.6139488537078,1841.1951833264682,1864.3651123046875,242376,0.0,0.0
2014-03-24,1872.7079942218948,1887.916161185278,1870.7532869926845,1881.3370361328125,297221,0.0,0.0
2014-03-25,1884.5789339443138,1905.0790336558252,1879.9067949174707,1888.1068115234375,392969,0.0,0.0
2014-03-26,1893.7328230087865,1901.2654425744593,1889.8235241637803,1896.927001953125,170191,0.0,0.0
2014-03-27,1888.2501418624056,1987.9855023663044,1871.0396602903486,1963.0040283203125,399044,0.0,0.0
2014-03-28,1968.0092785031409,2061.260927501111,1968.0092785031409,2047.24462890625,373217,0.0,0.0
2014-03-31,2059.5453477308524,2092.917610309825,2059.35469564483,2085.241943359375,279470,0.0,0.0
2014-04-01,2084.3358760853284,2084.3358760853284,2033.1810653792204,2057.685791015625,85570,0.0,0.0
2014-04-02,2059.878998013847,2076.0883813930623,2008.3903684563395,2029.6055908203125,184921,0.0,0.0
2014-04-03,2030.9403353281432,2073.5614310192977,2015.6844454853026,2047.62646484375,160503,0.0,0.0
2014-04-04,2059.5447166693593,2065.2656742156632,2018.115495662148,2050.200439453125,96943,0.0,0.0
2014-04-07,2052.012372623665,2134.680168933097,2052.012372623665,2122.04638671875,186052,0.0,0.0
2014-04-09,2123.428913809402,2133.9173368232787,2109.126518790479,2120.234619140625,138297,0.0,0.0
2014-04-10,2118.66227986116,2151.033333394454,2102.5006137075416,2141.35546875,163427,0.0,0.0
2014-04-11,2107.3151083600405,2173.9641802451033,2107.3151083600405,2154.17919921875,103340,0.0,0.0
2014-04-15,2154.894266240487,2154.894266240487,2100.83125753412,2109.26953125,111024,0.0,0.0
2014-04-16,2120.568401988636,2131.9148754135044,2085.1937190747262,2097.6845703125,177450,0.0,0.0
2014-04-17,2099.9255393900803,2123.0000249461664,2080.9508877737844,2114.46630859375,207383,0.0,0.0
2014-04-21,2116.754182156134,2135.6333876353365,2107.648278644094,2116.0390625,112577,0.0,0.0
2014-04-22,2119.2343573035305,2126.1946723470096,2093.871341743422,2099.687744140625,159728,0.0,0.0
2014-04-23,2101.4985574019665,2115.800952302615,2054.7774007265143,2068.793701171875,340327,0.0,0.0
2014-04-24,2068.793701171875,2068.793701171875,2068.793701171875,2068.793701171875,0,0.0,0.0
2014-04-25,2097.16041097803,2116.7547412891367,1970.5841984077,1982.8843994140625,369536,0.0,0.0
2014-04-28,1990.5121661794776,1992.800456364097,1947.9862834219377,1955.3758544921875,246765,0.0,0.0
2014-04-29,1979.4514941666162,2015.5887862297689,1927.0093784733774,1970.393310546875,237064,0.0,0.0
2014-04-30,1955.8528188025916,2011.8705412180223,1919.000285373203,1932.8736572265625,131946,0.0,0.0
2014-05-02,1951.6095303106729,1954.6606613711472,1921.2884061770058,1941.2640380859375,94467,0.0,0.0
2014-05-05,1945.1259720151952,1954.5179723965962,1910.2281469723869,1936.3538818359375,177146,0.0,0.0
2014-05-06,1939.4050267296461,1944.1724923804072,1923.2433647308474,1929.679443359375,156919,0.0,0.0
2014-05-07,1916.9978077687408,1931.6816242528707,1868.6557559157359,1877.33251953125,419812,0.0,0.0
2014-05-08,1869.8000207144385,1892.397761250952,1859.7883428880734,1887.964111328125,199432,0.0,0.0
2014-05-09,1884.102418372673,1988.6528466015125,1870.372094069454,1982.8843994140625,688549,0.0,0.0
2014-05-12,1982.8848964101544,2083.3830040396306,1979.4522271790722,2058.735107421875,263790,0.0,0.0
2014-05-13,2086.2430477562602,2131.0572265700375,2064.217262501305,2117.279296875,336275,0.0,0.0
2014-05-14,2135.8242954670213,2145.3592253574993,2121.521900631305,2136.396484375,236987,0.0,0.0
2014-05-15,2145.3597410601155,2154.1795533289182,2094.4432963201943,2126.957275390625,220591,0.0,0.0
2014-05-16,2146.7898313801593,2435.221509813425,2127.433873840413,2225.595947265625,820647,0.0,0.0
2014-05-19,2226.4058304999107,2261.3512507420423,2186.5497823516803,2229.885986328125,643976,0.0,0.0
2014-05-20,2229.934451018118,2250.243902286719,2194.9412979084855,2236.704345703125,275063,0.0,0.0
2014-05-21,2250.148373533489,2250.148373533489,2145.8363168742085,2165.335205078125,428245,0.0,0.0
2014-05-22,2165.382954510547,2183.403882021366,2116.7548036166504,2159.709716796875,814293,0.0,0.0
2014-05-23,2163.47645480425,2176.6347098570473,2131.5344269347293,2164.525390625,449348,0.0,0.0
2014-05-26,2182.545675171561,2247.4309262703105,2084.621981737526,2132.391845703125,1168461,0.0,0.0
2014-05-27,2111.987141678942,2173.5351656607695,2111.033648612721,2160.0908203125,614545,0.0,0.0
2014-05-28,2178.6362683551783,2288.3356949234403,2159.900222250131,2265.070556640625,910984,0.0,0.0
2014-05-29,2275.034429327819,2357.6070210089256,2264.546005722368,2280.850830078125,528999,0.0,0.0
2014-05-30,2286.476615556192,2317.9418900821943,2073.8476392138105,2271.411376953125,340895,0.0,0.0
2014-06-02,2287.9069803114235,2344.4491747880543,2236.7996506289446,2336.344482421875,125036,0.0,0.0
2014-06-03,2323.9962655087147,2460.011949361783,2323.9962655087147,2434.744384765625,249483,0.0,0.0
2014-06-04,2417.1048986842784,2465.733044574968,2417.1048986842784,2452.2412109375,391679,0.0,0.0
2014-06-05,2452.3839862298196,2535.2424344851647,2440.4176025702177,2510.0703125,395460,0.0,0.0
2014-06-06,2517.2219394132903,2583.0129673752285,2475.79270821773,2550.30810546875,346829,0.0,0.0
2014-06-09,2582.0593629357095,2714.5949063064863,2574.4791392066763,2670.495849609375,364434,0.0,0.0
2014-06-10,2673.308626992687,2683.1296527337486,2631.7839548573834,2667.7783203125,299466,0.0,0.0
2014-06-11,2653.666806873556,2679.3156787980206,2634.5015019640323,2646.420166015625,210853,0.0,0.0
2014-06-12,2639.2688806892406,2672.64113893495,2593.4534910260654,2639.936279296875,228675,0.0,0.0
2014-06-13,2631.6408543228413,2694.809769757221,2622.105923691237,2639.268798828125,234432,0.0,0.0
2014-06-16,2644.03625634851,2654.524680012352,2561.082360098124,2618.91162109375,142303,0.0,0.0
2014-06-17,2604.942860669362,2682.9863553746104,2587.25551906618,2666.824462890625,204982,0.0,0.0
2014-06-18,2666.8247251355415,2738.4321491702563,2652.617771236648,2674.6435546875,271738,0.0,0.0
2014-06-19,2675.501479782508,2685.1318526354107,2622.1535905615133,2627.254638671875,181951,0.0,0.0
2014-06-20,2627.8267644798634,2642.6059062975114,2583.0125925166726,2600.6044921875,624214,0.0,0.0
2014-06-23,2598.2687334313046,2626.873526826879,2546.3033587626787,2585.158203125,215826,0.0,0.0
2014-06-24,2585.873149917999,2612.570955300633,2561.988102473757,2579.913818359375,429044,0.0,0.0
2014-06-25,2582.631059339712,2607.80317973338,2556.8867500699494,2597.79150390625,117721,0.0,0.0
2014-06-26,2621.1525965030805,2621.1525965030805,2528.6637635235247,2560.1767578125,386646,0.0,0.0
2014-06-27,2566.565012777436,2574.24067867264,2436.413206612629,2475.172607421875,383541,0.0,0.0
2014-06-30,2476.2214364317406,2504.826227765184,2460.1074970951227,2471.40625,143123,0.0,0.0
2014-07-01,2472.407171192697,2515.886541980356,2472.407171192697,2507.734130859375,293772,0.0,0.0
2014-07-02,2521.989055650632,2548.6868603985404,2503.8726881431226,2520.3681640625,318166,0.0,0.0
2014-07-03,2523.896077476272,2531.476300588785,2474.3621605938465,2506.113525390625,275955,0.0,0.0
2014-07-04,2507.686451725298,2510.499209362926,2449.52338193243,2480.03515625,188031,0.0,0.0
2014-07-07,2487.568086307203,2494.2425380899285,2429.5004489120533,2440.846923828125,228067,0.0,0.0
2014-07-08,2455.244763200826,2455.244763200826,2376.5815814672073,2383.68505859375,584531,0.0,0.0
2014-07-09,2387.5471396977746,2403.7565252308664,2362.4702202275266,2378.01220703125,311136,0.0,0.0
2014-07-10,2401.849424800621,2426.6402485579915,2354.889883644833,2394.602783203125,882148,0.0,0.0
2014-07-11,2411.2888375153084,2412.3377731399382,2341.064157115349,2372.67236328125,386695,0.0,0.0
2014-07-14,2355.127991686862,2421.3957631128687,2355.127991686862,2396.31884765625,319583,0.0,0.0
2014-07-15,2400.8956662980604,2408.4281688005576,2380.967753286479,2402.13525390625,192032,0.0,0.0
2014-07-16,2407.5701129592417,2418.0585372137175,2390.6456101849735,2396.31884765625,669381,0.0,0.0
2014-07-17,2397.081630318388,2484.5646214010103,2382.350208622518,2472.35986328125,788176,0.0,0.0
2014-07-18,2479.082239023908,2479.082239023908,2419.4411947547223,2433.266845703125,347820,0.0,0.0
2014-07-21,2393.2672597222418,2422.1581421239694,2349.64495807591,2405.233642578125,386560,0.0,0.0
2014-07-22,2405.662676513199,2416.151098804775,2385.2102996018994,2403.421875,336391,0.0,0.0
2014-07-23,2385.6869437398946,2411.7173463224585,2331.385569944034,2337.77392578125,310668,0.0,0.0
2014-07-24,2341.793761206403,2382.9450205982607,2314.997592300077,2377.585693359375,189840,9.0,0.0
2014-07-25,2378.160161477006,2388.783022657931,2344.9999935281226,2369.068603515625,215621,0.0,0.0
2014-07-28,2373.374856195723,2373.374856195723,2289.1583290403914,2306.719482421875,238497,0.0,0.0
2014-07-30,2306.3844568125996,2373.279082662535,2270.496731862196,2361.220947265625,347843,0.0,0.0
2014-07-31,2357.105527419769,2380.93488082889,2309.351026554093,2316.767822265625,209170,0.0,0.0
2014-08-01,2315.9550554472617,2403.9517307632254,2269.061750605561,2365.336669921875,548588,0.0,0.0
2014-08-04,2376.2459315003057,2403.042099878078,2358.302068747333,2364.379150390625,114658,0.0,0.0
2014-08-05,2373.374892163333,2506.30293278696,2363.852729143341,2491.373779296875,388972,0.0,0.0
2014-08-06,2487.258785237729,2493.0008216792166,2426.0103965285275,2437.159423828125,382347,0.0,0.0
2014-08-07,2440.365578095829,2475.583449637947,2421.273352948952,2434.86279296875,307606,0.0,0.0
2014-08-08,2413.473272369921,2416.4400843469316,2335.0945765570345,2368.1591796875,277909,0.0,0.0
2014-08-11,2383.9017826175223,2440.03008721311,2373.3747173390025,2423.760986328125,185321,0.0,0.0
2014-08-12,2434.623471843807,2512.140964461475,2427.1108806448397,2500.752685546875,293381,0.0,0.0
2014-08-13,2493.9582110570864,2526.49642255975,2465.2480244370895,2495.968017578125,368845,0.0,0.0
2014-08-14,2488.2156186748957,2526.4958589622015,2476.2530435851127,2519.3662109375,160888,0.0,0.0
2014-08-18,2517.261072118829,2555.206270277876,2517.261072118829,2550.564697265625,181072,0.0,0.0
2014-08-19,2556.259008523523,2615.7847393833817,2540.8990143622646,2601.716796875,269465,0.0,0.0
2014-08-20,2601.1421209706364,2607.3626595233623,2559.0338599983374,2568.93896484375,166602,0.0,0.0
2014-08-21,2566.6905695384044,2574.2987219251095,2517.1176027864367,2531.185546875,649656,0.0,0.0
2014-08-22,2540.5637400175156,2556.5935902559613,2530.802325705599,2537.35791015625,78811,0.0,0.0
2014-08-25,2553.291990051821,2553.291990051821,2496.6851790073515,2516.2080078125,98382,0.0,0.0
2014-08-26,2535.1088052581053,2535.1088052581053,2467.161381636616,2498.59912109375,206952,0.0,0.0
2014-08-27,2499.7950564539947,2510.46557814796,2473.8601046459457,2482.95166015625,131664,0.0,0.0
2014-08-28,2479.4115747462747,2497.116188482697,2432.5182734984537,2440.41357421875,262975,0.0,0.0
2014-09-01,2473.8603670781517,2537.7405138876165,2450.174469946552,2529.84521484375,250061,0.0,0.0
2014-09-02,2518.9361143923643,2625.0680085954023,2518.9361143923643,2602.339111328125,230945,0.0,0.0
2014-09-03,2602.5778139724225,2624.63684897557,2584.538157435791,2596.500732421875,235374,0.0,0.0
2014-09-04,2574.4421662462237,2615.401839825137,2540.851159159038,2594.060791015625,203348,0.0,0.0
2014-09-05,2591.572054827179,2611.094882314352,2551.856308787545,2555.923583984375,186652,0.0,0.0
2014-09-08,2559.08192186225,2607.793433439802,2555.9716523855445,2601.190185546875,346213,0.0,0.0
2014-09-09,2593.486284585231,2648.035627102337,2571.475146376574,2579.035400390625,173333,0.0,0.0
2014-09-10,2574.3462871295696,2598.2235414653987,2561.330911328095,2565.158935546875,142101,0.0,0.0
2014-09-11,2588.7011469988165,2592.529170876079,2545.6358783796127,2571.04443359375,76735,0.0,0.0
2014-09-12,2560.9960989093292,2570.7575139365545,2493.0007720073427,2525.8740234375,188618,0.0,0.0
2014-09-15,2516.9260684282117,2525.8741690112406,2464.290732396443,2477.832275390625,126296,0.0,0.0
2014-09-16,2482.3777815370595,2507.8342347135786,2412.372885767698,2441.513671875,103211,0.0,0.0
2014-09-17,2445.150690873291,2493.0009979353904,2426.0105680484508,2488.072509765625,152700,0.0,0.0
2014-09-18,2463.2378508929455,2547.5501798287496,2463.1422904715755,2532.190185546875,105864,0.0,0.0
2014-09-19,2536.544894960521,2551.4742849136796,2512.1412372274544,2527.979736328125,165822,0.0,0.0
2014-09-22,2527.4527687585073,2551.377918027331,2485.248711990688,2504.723876953125,132014,0.0,0.0
2014-09-23,2495.8716101708833,2554.2489752860765,2478.8847539283474,2489.459716796875,381918,0.0,0.0
2014-09-24,2490.225274480749,2544.3916710323147,2490.225274480749,2517.547607421875,202208,0.0,0.0
2014-09-25,2510.227288661859,2514.2945650540864,2442.9976024138623,2463.333984375,149242,0.0,0.0
2014-09-26,2446.107491629464,2550.421152266245,2446.107491629464,2532.238037109375,119895,0.0,0.0
2014-09-29,2536.161720931472,2545.6359869742464,2502.140110542161,2532.85986328125,91728,0.0,0.0
2014-09-30,2502.9061137115677,2539.894307742347,2491.086994368248,2518.505126953125,267977,0.0,0.0
2014-10-01,2529.3673316570316,2545.6364367036335,2510.3230021483496,2534.8701171875,246714,0.0,0.0
2014-10-07,2507.4514178682484,2514.246020021172,2440.3652063841528,2446.777099609375,194098,0.0,0.0
2014-10-08,2463.0463584057384,2476.731591284225,2418.3542237925953,2439.504150390625,150908,0.0,0.0
2014-10-09,2452.8549300350555,2478.5504078103068,2441.3708549683674,2460.271728515625,235119,0.0,0.0
2014-10-10,2440.3653623072905,2440.3653623072905,2370.5039225235914,2374.6669921875,267198,0.0,0.0
2014-10-13,2363.8048372090825,2391.5580114111326,2340.836693041869,2375.193115234375,116541,0.0,0.0
2014-10-14,2383.90222875551,2390.1227684933306,2351.3640208961415,2360.93408203125,179235,0.0,0.0
2014-10-15,2360.93408203125,2360.93408203125,2360.93408203125,2360.93408203125,0,0.0,0.0
2014-10-16,2368.5896707957218,2373.3747004336933,2202.0706393943256,2217.95703125,743190,0.0,0.0
2014-10-17,2220.350132199916,2253.7974514699963,2198.434550486289,2218.10107421875,663716,0.0,0.0
2014-10-20,2296.814499158249,2349.4498314306256,2287.2444387450896,2344.904052734375,535119,0.0,0.0
2014-10-21,2362.752576891482,2362.8483709716797,2287.2448791503907,2296.81494140625,225131,0.0,0.0
2014-10-22,2313.083633010229,2324.4242482101645,2294.4220149532575,2297.962890625,460297,0.0,0.0
2014-10-27,2344.664699894674,2349.4018328656525,2301.8386813965976,2326.098876953125,212746,0.0,0.0
2014-10-28,2343.134013368153,2378.0647415576404,2330.5015775736524,2358.876953125,382196,0.0,0.0
2014-10-29,2367.6328994773426,2381.366029356748,2347.057269995223,2372.705078125,153137,0.0,0.0
2014-10-30,2372.705070574833,2417.732250515418,2372.705070574833,2404.142578125,271524,0.0,0.0
2014-10-31,2411.6553040293047,2449.935546950405,2406.870273664167,2438.882080078125,178739,0.0,0.0
2014-11-03,2454.624584120251,2474.8175040806136,2432.7092402834182,2449.887451171875,472226,0.0,0.0
2014-11-05,2473.764969704719,2487.2588491465576,2411.6074703573227,2426.297607421875,352598,0.0,0.0
2014-11-07,2430.7955655011433,2460.4627554737954,2430.7955655011433,2451.75390625,178624,0.0,0.0
2014-11-10,2464.2908311488277,2475.248504814829,2440.652826021575,2470.128662109375,103883,0.0,0.0
2014-11-11,2477.6883761724807,2537.788395872948,2470.9893345992064,2532.81201171875,365074,0.0,0.0
2014-11-12,2545.635728359659,2554.248781575913,2507.3554918429722,2511.7578125,125209,0.0,0.0
2014-11-13,2517.3084230924997,2528.409785859718,2459.5053556621783,2466.395751953125,129950,0.0,0.0
2014-11-14,2478.6459163934082,2514.055143770457,2463.333818068198,2503.528076171875,305779,0.0,0.0
2014-11-17,2504.484728641186,2523.242139898333,2433.6662838878624,2451.322998046875,200087,0.0,0.0
2014-11-18,2462.376510065819,2470.654518750472,2412.612196609378,2421.321044921875,396046,0.0,0.0
2014-11-19,2432.7092562349685,2435.5802742399665,2373.3748841316765,2387.49072265625,155068,0.0,0.0
2014-11-20,2410.698038441246,2410.698038441246,2352.3206742709735,2360.311767578125,149286,0.0,0.0
2014-11-21,2364.762017238542,2402.467963230208,2360.933992928969,2383.614990234375,345086,0.0,0.0
2014-11-24,2402.084686524069,2434.574988443671,2368.7808361733405,2413.66455078125,213396,0.0,0.0
2014-11-25,2409.7411974745614,2415.052627700585,2346.243753559261,2361.125244140625,349617,0.0,0.0
2014-11-26,2378.1597423739386,2411.319904479007,2346.674340650824,2369.977294921875,142947,0.0,0.0
2014-11-27,2365.71863364495,2390.6007875586915,2356.148574447357,2368.781005859375,129219,0.0,0.0
2014-11-28,2365.719058191607,2405.9133140346685,2365.719058191607,2377.4423828125,148802,0.0,0.0
2014-12-01,2382.9450618562823,2394.094088868791,2363.9007349400326,2371.65234375,140877,0.0,0.0
2014-12-02,2365.718775272948,2375.2888350434696,2349.497570690721,2366.67578125,121354,0.0,0.0
2014-12-03,2361.890685869251,2384.7630346289297,2357.1056561166793,2367.728515625,298868,0.0,0.0
2014-12-04,2373.374704785618,2377.202728503014,2349.449556551892,2358.6845703125,119759,0.0,0.0
2014-12-05,2354.2347683363096,2405.9130925193017,2354.2347683363096,2378.399169921875,105258,0.0,0.0
2014-12-08,2384.859297995386,2416.440500577187,2372.2747607272386,2404.09521484375,99526,0.0,0.0
2014-12-09,2395.7212291741353,2403.7599866722385,2359.5942501766726,2375.0498046875,139771,0.0,0.0
2014-12-10,2361.8910927562606,2416.2969838732056,2355.192049948605,2407.588134765625,150389,0.0,0.0
2014-12-11,2397.395366959077,2432.3737426747025,2362.129609125393,2377.633056640625,122538,0.0,0.0
2014-12-12,2382.944879336303,2416.8706944438295,2382.944879336303,2403.5205078125,119439,0.0,0.0
2014-12-15,2408.784476767469,2461.419814956667,2381.079195485789,2427.637451171875,152979,0.0,0.0
2014-12-16,2425.053355952173,2449.9355135112723,2373.375028714045,2378.0166015625,134938,0.0,0.0
2014-12-17,2380.0741935067385,2409.550028398,2326.386057324652,2334.425048828125,160929,0.0,0.0
2014-12-18,2351.3634577309067,2359.0195048053256,2314.8058796793594,2341.36279296875,110961,0.0,0.0
2014-12-19,2344.9516106515566,2406.582697341941,2344.664462151877,2390.935791015625,157752,0.0,0.0
2014-12-22,2395.5776925348173,2421.1776064551204,2390.649204433959,2408.784423828125,64915,0.0,0.0
2014-12-23,2409.7409056297897,2440.365095057968,2407.8268937905286,2435.1015625,114878,0.0,0.0
2014-12-24,2478.6455005150565,2549.463943386915,2461.5151868455605,2507.882080078125,873801,0.0,0.0
2014-12-26,2533.194484491801,2535.4912050737835,2478.645151051668,2491.038330078125,125576,0.0,0.0
2014-12-29,2506.3989510277183,2542.7651824668374,2495.8718840321835,2531.663818359375,107647,0.0,0.0
2014-12-30,2536.784095739738,2545.6364027794784,2497.786094456556,2516.73486328125,75556,0.0,0.0
2014-12-31,2526.495978825485,2582.0023298754386,2516.9259182996307,2560.99609375,160389,0.0,0.0
2015-01-01,2563.7233699465023,2563.7233699465023,2537.214349544664,2548.028564453125,54097,0.0,0.0
2015-01-02,2554.727568373351,2634.1590679706496,2552.574304830051,2624.206298828125,228660,0.0,0.0
2015-01-05,2629.85257822616,2656.0744500681744,2608.7984455038254,2629.5654296875,181680,0.0,0.0
2015-01-06,2619.995234755102,2621.2393892626765,2537.02286270002,2555.7802734375,292468,0.0,0.0
2015-01-07,2559.991276266995,2577.1694887564972,2499.9391444592366,2545.68408203125,120023,0.0,0.0
2015-01-08,2559.99087644736,2614.8273632585706,2545.922935929894,2610.185791015625,249884,0.0,0.0
2015-01-09,2641.3367815748547,2641.3367815748547,2594.4434836410983,2612.004638671875,334880,0.0,0.0
2015-01-12,2610.4252402921556,2617.4114308766866,2574.3461605331945,2584.203369140625,148064,0.0,0.0
2015-01-13,2617.4120023983555,2728.663975077993,2598.3197751060243,2697.322021484375,517233,0.0,0.0
2015-01-14,2707.370083720462,2793.3092727320923,2707.370083720462,2783.787109375,537834,0.0,0.0
2015-01-15,2794.457212456624,2968.919433785031,2773.7857916739954,2950.4970703125,699207,0.0,0.0
2015-01-16,2966.9099887936864,3004.950977733761,2914.8010582196766,2938.104248046875,369250,0.0,0.0
2015-01-19,2965.76194308903,3004.951296673057,2934.6592444280445,2955.71337890625,147140,0.0,0.0
2015-01-20,2966.718462793558,2993.4667325276805,2952.4112704840536,2963.321044921875,303336,0.0,0.0
2015-01-21,2975.331839915425,2981.935088270416,2910.542576395837,2923.462158203125,295819,0.0,0.0
2015-01-22,2930.3521631518843,3009.065901041905,2927.4811453565035,2988.203125,368715,0.0,0.0
2015-01-23,3031.7949960128117,3048.781852445649,2995.4287681565975,3012.55908203125,414381,0.0,0.0
2015-01-27,3062.323662287085,3062.323662287085,2971.9344847494867,2987.24658203125,426957,0.0,0.0
2015-01-28,2995.428956574966,3052.8014229281575,2990.6439262928975,3004.759765625,241081,0.0,0.0
2015-01-29,3000.213835229799,3038.4940755517105,2979.255497111171,3026.770751953125,353459,0.0,0.0
2015-01-30,3026.3883629182474,3048.064457834229,2963.8479202237386,3005.334228515625,170802,0.0,0.0
2015-02-02,3014.3775663682873,3032.8954924098825,2908.3412541064113,2954.325439453125,258417,0.0,0.0
2015-02-03,2938.0087103572487,3050.93542951756,2928.4386494114597,2973.9443359375,407784,0.0,0.0
2015-02-04,2991.026379257744,2991.983385232248,2936.1901238338837,2963.751708984375,220090,0.0,0.0
2015-02-05,2976.1927466751804,2976.1927466751804,2910.2551293751653,2932.362060546875,130329,0.0,0.0
2015-02-06,2899.728611006377,2918.8687338513037,2866.2333960277556,2879.009521484375,129840,0.0,0.0
2015-02-09,2833.7427653763,2861.448043348135,2814.55474765447,2835.36962890625,127620,0.0,0.0
2015-02-10,2824.2202493069385,2895.8520018606296,2814.650190156624,2838.6708984375,187835,0.0,0.0
2015-02-11,2847.0931154616337,2890.110492443745,2847.0931154616337,2878.67431640625,170700,0.0,0.0
2015-02-12,2877.7169257475,2961.933450345365,2871.496386998794,2904.60888671875,187078,0.0,0.0
2015-02-13,2939.0614385959902,3009.5448422792733,2936.094626317771,2978.681396484375,193738,0.0,0.0
2015-02-16,2988.7300427055775,3014.5692073399196,2938.15217699147,2946.430419921875,177606,0.0,0.0
2015-02-18,2949.779797477718,2993.0364242504647,2949.4926489336312,2976.288818359375,202114,0.0,0.0
2015-02-19,2978.7766027657312,2994.3756117323296,2878.769488063328,2930.63916015625,165743,0.0,0.0
2015-02-20,2984.901801785456,2990.7396320147627,2876.425075037557,2884.511962890625,201227,0.0,0.0
2015-02-23,2897.8143229489883,2912.169413716569,2842.3079719810094,2850.059814453125,200058,0.0,0.0
2015-02-24,2852.835058938973,2878.865576988135,2837.522962010753,2860.1083984375,118101,0.0,0.0
2015-02-25,2866.4244015929075,2928.438438790216,2863.553383515662,2912.02587890625,284765,0.0,0.0
2015-02-26,2913.1260471471965,2933.2231716511683,2825.5121076403602,2849.437255859375,218727,0.0,0.0
2015-02-27,2871.9752618021153,3001.840940840229,2865.2762192054424,2991.40966796875,251642,0.0,0.0
2015-03-02,3023.1820287927703,3233.7233540015104,3009.783944461305,3224.9189453125,446753,0.0,0.0
2015-03-03,3229.895546592114,3229.895546592114,3167.6901508799697,3216.35400390625,247539,0.0,0.0
2015-03-04,3224.1535054715364,3251.906681980493,3150.942539853082,3167.977294921875,278837,0.0,0.0
2015-03-05,3172.4750637170628,3186.8301545031127,3016.8181227512823,3052.418701171875,490549,0.0,0.0
2015-03-09,3042.321946500305,3052.849012059129,2921.8826529901394,2934.32373046875,318482,0.0,0.0
2015-03-10,2938.0082317759725,2975.2356693333727,2876.759851699861,2887.478271484375,539122,0.0,0.0
2015-03-11,2887.4785933415046,2913.748362557918,2847.0929849559816,2858.6728515625,309685,0.0,0.0
2015-03-12,2869.1037098080865,2899.6800018145623,2865.41914360773,2879.9658203125,483570,0.0,0.0
2015-03-13,2909.298281049123,2909.298281049123,2808.382043654041,2820.200927734375,254015,0.0,0.0
2015-03-16,2842.307993791484,2847.093024084062,2765.747509110232,2788.141357421875,214421,0.0,0.0
2015-03-17,2820.296251952733,2837.3310028840315,2766.799718167663,2802.495849609375,290837,0.0,0.0
2015-03-18,2823.1676541817055,2838.8624588693715,2784.3610147827053,2809.482421875,292204,0.0,0.0
2015-03-19,2826.995775261677,2864.606158472471,2750.435293873412,2768.618408203125,354477,0.0,0.0
2015-03-20,2763.8331030926643,2765.7471149369117,2713.6860862310027,2732.2998046875,284773,0.0,0.0
2015-03-23,2737.0373047565395,2754.7898137242437,2703.5420929850434,2707.3701171875,213023,0.0,0.0
2015-03-24,2715.0262055309377,2723.6392601131647,2670.6688809748443,2681.052490234375,389917,0.0,0.0
2015-03-25,2697.7999316123805,2708.0398491504225,2631.7665171812864,2647.07861328125,389212,0.0,0.0
2015-03-26,2631.7662505936946,2705.025099679934,2617.124013452496,2675.59716796875,433234,0.0,0.0
2015-03-27,2689.282995815847,2694.546529484745,2645.0691260818458,2681.3876953125,267173,0.0,0.0
2015-03-30,2701.6280068321726,2830.4411111716945,2689.234825545227,2817.4736328125,340546,0.0,0.0
2015-03-31,2839.915311729558,2839.915311729558,2732.2521364744357,2754.16748046875,465222,0.0,0.0
2015-04-01,2764.74229882708,2784.217463411594,2734.501050924551,2759.718017578125,371347,0.0,0.0
2015-04-06,2774.360141409205,2784.6000579481065,2746.606969935984,2768.1875,137119,0.0,0.0
2015-04-07,2775.3176030560107,2818.3828762068797,2754.6461784859694,2805.79833984375,283978,0.0,0.0
2015-04-08,2837.235656499125,2892.55065032092,2812.449294425457,2858.050537109375,270787,0.0,0.0
2015-04-09,2871.0181816174986,2873.889199799116,2818.3828482878444,2836.51806640625,192790,0.0,0.0
2015-04-10,2860.395110357722,2874.798097237562,2818.382640849868,2841.398681640625,118815,0.0,0.0
2015-04-13,2842.307726596008,2898.6752846860386,2825.4166647086995,2872.405517578125,238104,0.0,0.0
2015-04-15,2894.847325224304,2899.6323551735286,2837.522759890209,2858.098388671875,585767,0.0,0.0
2015-04-16,2858.0989796869235,2874.7031305018563,2737.6119941080333,2770.580810546875,301285,0.0,0.0
2015-04-17,2758.0912710435123,2760.962289021698,2676.9850131597727,2688.373291015625,505583,0.0,0.0
2015-04-20,2688.37373362772,2704.308026216486,2630.331404070302,2658.70654296875,496778,0.0,0.0
2015-04-21,2669.7595250045847,2695.88583488295,2615.258081390267,2632.914794921875,127347,0.0,0.0
2015-04-22,2644.2072522037824,2688.2295227797413,2633.680187500836,2672.72607421875,361828,0.0,0.0
2015-04-23,2684.4013230465507,2727.4665849136077,2594.921278944999,2610.9990234375,220291,0.0,0.0
2015-04-24,2611.1909091425637,2626.407211307216,2574.34617760436,2590.5673828125,361319,0.0,0.0
2015-04-27,2590.6153491106056,2649.9497235638223,2524.629829411202,2541.13818359375,585545,0.0,0.0
2015-04-28,2541.1860911855492,2600.1375232815053,2512.7151613900774,2573.29345703125,461994,0.0,0.0
2015-04-29,2588.701254341088,2675.788801159956,2548.7462534653982,2564.058349609375,292385,0.0,0.0
2015-04-30,2564.058564533397,2573.102225347681,2521.7110450855657,2557.216064453125,465521,0.0,0.0
2015-05-04,2557.1202702457917,2629.852733022244,2499.699904895961,2592.577392578125,304191,0.0,0.0
2015-05-05,2593.4863546817605,2620.2825236600224,2573.4371249786213,2592.720703125,150916,0.0,0.0
2015-05-06,2587.7446504700156,2591.85982367702,2485.009945981334,2493.6708984375,481825,0.0,0.0
2015-05-07,2480.5598578230242,2549.7993439170323,2422.1824846258,2506.54248046875,342436,0.0,0.0
2015-05-08,2518.839801038964,2593.486269306836,2513.145662047339,2582.002197265625,391296,0.0,0.0
2015-05-11,2582.098182040086,2736.941577917411,2582.0023879750497,2702.393798828125,500284,0.0,0.0
2015-05-12,2709.141009847566,2709.141009847566,2612.722638218449,2630.66650390625,321050,0.0,0.0
2015-05-13,2660.476774925296,2703.446252400822,2637.221481566743,2674.257568359375,211737,0.0,0.0
2015-05-14,2673.7789668378387,2683.1097753270046,2613.8226344650716,2675.836669921875,169391,0.0,0.0
2015-05-15,2682.6790574472043,2715.265157078834,2670.812277013628,2684.784423828125,165461,0.0,0.0
2015-05-18,2693.9715480759437,2780.1020771440913,2660.8113878423123,2775.412841796875,269975,0.0,0.0
2015-05-19,2775.4131218285083,2856.662835656397,2770.4365038427886,2843.6474609375,639626,0.0,0.0
2015-05-20,2841.542313684506,2919.7775581826163,2841.542313684506,2901.881591796875,631734,0.0,0.0
2015-05-21,2899.727834914227,2976.1448483777413,2877.142402544418,2932.84033203125,706556,0.0,0.0
2015-05-22,2936.3815843667876,2954.277550007639,2840.8244409032536,2847.4755859375,303833,0.0,0.0
2015-05-25,2865.2761008371485,2870.0132340345717,2799.051329203257,2808.812744140625,160917,0.0,0.0
2015-05-26,2803.0708827931867,2825.082023217988,2756.1775836273055,2781.873291015625,271690,0.0,0.0
2015-05-27,2784.8876512218158,2787.7586694189517,2737.037347936218,2761.10595703125,335348,0.0,0.0
2015-05-28,2765.747322043118,2821.5887152381792,2729.7161398346707,2792.01708984375,335276,0.0,0.0
2015-05-29,2813.310618358884,2868.051317299024,2778.5712522632384,2847.380126953125,415630,0.0,0.0
2015-06-01,2866.2330218930474,2893.9861963955177,2842.3078714598837,2876.185791015625,199856,0.0,0.0
2015-06-02,2866.328761468648,2885.325190365064,2769.0968584988536,2785.126708984375,190073,0.0,0.0
2015-06-03,2771.4894811104273,2788.7155897637376,2698.948376830453,2709.3798828125,135557,0.0,0.0
2015-06-04,2731.965086886903,2755.9381348407364,2693.2063423913564,2744.7412109375,113540,0.0,0.0
2015-06-05,2737.850766698502,2779.5281919683275,2661.5295365777474,2685.59814453125,218113,0.0,0.0
2015-06-08,2710.2415390333913,2711.4856938133194,2661.194971633864,2689.0439453125,110182,0.0,0.0
2015-06-09,2690.1439331141496,2723.6391439497934,2668.898446112922,2689.52197265625,147353,0.0,0.0
2015-06-10,2713.1124706059327,2722.6346351937045,2679.6172549194393,2683.9716796875,172608,0.0,0.0
2015-06-11,2685.3585312722134,2706.36476385967,2574.72855676861,2585.494873046875,264043,0.0,0.0
2015-06-12,2588.7012926795296,2648.6099631876996,2564.7761421002365,2630.3310546875,178572,0.0,0.0
2015-06-15,2631.7665421976994,2633.1062571615635,2587.7442654918473,2594.251953125,137756,0.0,0.0
2015-06-16,2597.3147361582337,2632.7239643225134,2575.3035943263844,2626.74267578125,94874,0.0,0.0
2015-06-17,2629.4700282763447,2701.245485079156,2618.464458233247,2676.3154296875,259492,0.0,0.0
2015-06-18,2652.8684429786354,2706.4128802130244,2644.303286285269,2678.37255859375,233429,0.0,0.0
2015-06-19,2680.5740186640073,2695.8861158787963,2672.1523184670614,2682.248779296875,252628,0.0,0.0
2015-06-22,2686.603479603728,2722.204062555724,2673.588102176764,2683.4453125,130727,0.0,0.0
2015-06-23,2699.7138994500406,2783.7869691808532,2681.4828886005225,2771.3935546875,332447,0.0,0.0
2015-06-24,2801.156466458836,2842.211929000909,2708.326887625045,2729.716064453125,483905,0.0,0.0
2015-06-25,2731.9652248644106,2751.870998166642,2694.259278562771,2738.951416015625,316505,0.0,0.0
2015-06-26,2755.9860802296935,2795.4146829141177,2741.822343905836,2789.385498046875,229021,0.0,0.0
2015-06-29,2740.7693464199488,2790.629451685805,2703.541907068724,2780.006591796875,175359,0.0,0.0
2015-06-30,2784.887409204227,2871.0179476332237,2781.5378882653213,2864.74951171875,411445,0.0,0.0
2015-07-01,2863.362061123498,2934.180507822408,2851.973782747105,2926.4765625,348256,0.0,0.0
2015-07-02,2926.5242090620513,2941.8363043351033,2899.8238363872797,2926.237060546875,317654,0.0,0.0
2015-07-03,2906.4270626025764,2946.573415372018,2902.694832864881,2932.88818359375,232296,0.0,0.0
2015-07-06,2915.9970055441113,2976.1449203993066,2906.187694974099,2968.87158203125,262061,0.0,0.0
2015-07-07,2980.1166779824157,3047.2984523179503,2969.5896120036723,3025.574462890625,259506,0.0,0.0
2015-07-08,3013.611941288069,3013.611941288069,2947.8177777556602,2981.31298828125,332135,0.0,0.0
2015-07-09,2981.361019524211,3004.9990224304415,2949.4926710607074,2969.6376953125,204698,0.0,0.0
2015-07-10,2985.858842913241,3008.779090827947,2960.067576880349,2995.237548828125,264743,0.0,0.0
2015-07-13,3019.3541786838027,3033.6613728333814,2986.8159720038507,3027.77587890625,225978,0.0,0.0
2015-07-14,3014.6645824256943,3032.75190169831,2990.643639257564,3003.084716796875,102650,0.0,0.0
2015-07-15,2995.428247620334,3088.9755674941,2995.04553874597,3062.466552734375,292569,0.0,0.0
2015-07-16,3071.9900461399284,3077.253580486897,3023.2306246909206,3038.542724609375,274262,0.0,0.0
2015-07-17,3048.0638723537486,3108.3552456530533,3033.708783472962,3085.00439453125,234184,0.0,0.0
2015-07-20,3052.8492528045763,3224.1533331343626,2982.987812223155,3209.65478515625,1148342,0.0,0.0
2015-07-21,3215.5401120204065,3223.1003658499817,3071.0322081766326,3085.29150390625,340048,0.0,0.0
2015-07-22,3064.333296866287,3127.4956946155608,3054.3805276482635,3118.069091796875,346564,0.0,0.0
2015-07-23,3128.452463369672,3128.452463369672,3072.94611804222,3099.8857421875,231807,0.0,0.0
2015-07-24,3090.9382210774056,3117.925745255966,3059.1656665961195,3066.630126953125,96970,0.0,0.0
2015-07-27,3058.591364802216,3100.8430888527337,2982.078777108018,2999.352783203125,195346,0.0,0.0
2015-07-28,2985.858883328849,3047.011476616327,2985.858883328849,2993.227783203125,121452,0.0,0.0
2015-07-29,3000.213905017037,3019.2582315625555,2949.1098764561857,3001.6494140625,245141,0.0,0.0
2015-07-30,3011.6979970480797,3056.4859262878053,2995.4288944265936,3024.47412109375,273988,0.0,0.0
2015-07-31,3033.7090397814763,3070.8888165815265,3001.4100870708694,3013.75537109375,408966,0.0,0.0
2015-08-03,3013.7558816979804,3042.9445698335876,3005.1428261825554,3027.489013671875,105250,0.0,0.0
2015-08-04,3052.8491603675634,3052.8491603675634,2971.503649824854,3009.831787109375,187452,0.0,0.0
2015-08-05,3028.875621090406,3091.128898420525,3013.5156304545926,3078.113525390625,199816,0.0,0.0
2015-08-06,3081.5595618676048,3116.0117805717146,3063.3764464404353,3086.966552734375,223940,0.0,0.0
2015-08-07,3092.660535631592,3100.2207892135802,3052.8489944717767,3064.763671875,127506,0.0,0.0
2015-08-10,3080.602346989227,3090.028949647791,3019.928259397104,3038.0634765625,87980,0.0,0.0
2015-08-11,3045.097476896645,3064.4768495355315,3012.46371056525,3019.73681640625,181332,0.0,0.0
2015-08-12,3011.7940971271505,3011.7940971271505,2923.6537387469048,2932.075439453125,220889,0.0,0.0
2015-08-13,2933.223661387935,2973.417917106791,2900.15905429992,2937.865234375,110660,0.0,0.0
2015-08-14,2946.64725591718,3007.499747209241,2944.247706034511,2979.18505859375,235010,9.0,0.0
2015-08-17,2994.638466621347,3004.2366668348773,2940.3605975476235,2957.973388671875,95647,0.0,0.0
2015-08-18,2957.301443695207,3018.6338468835693,2942.3761960916236,3002.748779296875,289898,0.0,0.0
2015-08-19,3018.633939662599,3054.3872351323707,2985.0402392212027,3034.279052734375,237756,0.0,0.0
2015-08-20,3034.950600299458,3042.5811218305885,2899.615990988192,2922.69970703125,294583,0.0,0.0
2015-08-21,2908.2545451678648,2908.2545451678648,2808.2413499197214,2853.44873046875,475339,0.0,0.0
2015-08-24,2794.083882894825,2794.083882894825,2687.495831703381,2727.9521484375,495165,0.0,0.0
2015-08-25,2731.839253005124,2822.4941923917645,2678.8572433212275,2775.990966796875,760739,0.0,0.0
2015-08-26,2765.241050096266,2808.4329443185266,2735.486634076487,2788.372802734375,569258,0.0,0.0
2015-08-27,2807.4734818287525,2823.790421723142,2737.3105465504573,2784.48583984375,653750,0.0,0.0
2015-08-28,2795.0916985509516,2849.609282850036,2795.0916985509516,2828.349365234375,403751,0.0,0.0
2015-08-31,2829.548969422946,2836.603739181562,2762.745412911759,2773.6875,303137,0.0,0.0
2015-09-01,2724.928609565736,2788.27672095402,2666.2357182770306,2720.2255859375,263764,0.0,0.0
2015-09-02,2754.683522331325,2793.076324036291,2729.1044119278176,2770.13671875,240078,0.0,0.0
2015-09-03,2767.1609839227553,2900.575960254793,2767.1609839227553,2883.203125,233282,0.0,0.0
2015-09-04,2874.6609614539057,2874.6609614539057,2774.9357550544228,2797.971435546875,382219,0.0,0.0
2015-09-07,2794.9956345757205,2826.8616093674505,2735.486798949452,2739.662109375,186676,0.0,0.0
2015-09-08,2747.485089677386,2778.6792435339853,2696.1347133288305,2768.025146484375,289885,0.0,0.0
2015-09-09,2793.0760050251256,2878.4999790619763,2793.0760050251256,2865.0625,211211,0.0,0.0
2015-09-10,2813.232630675442,2859.2559562557944,2785.4939243305867,2845.29052734375,156082,0.0,0.0
2015-09-11,2873.557018183662,2877.3962979397634,2806.2255088624047,2823.982177734375,120249,0.0,0.0
2015-09-14,2829.5494573107408,2844.4747056902443,2802.770572122213,2830.50927734375,126730,0.0,0.0
2015-09-15,2844.9066429660747,2844.9066429660747,2786.261543874259,2802.674560546875,146660,0.0,0.0
2015-09-16,2808.960845518708,2849.7051515262974,2794.1794791425605,2816.015380859375,299661,0.0,0.0
2015-09-18,2826.6693644748398,2897.64799316141,2803.6336888390515,2819.902587890625,486571,0.0,0.0
2015-09-21,2807.3772972592787,2809.2969371724325,2757.6107731093944,2789.4287109375,203198,0.0,0.0
2015-09-22,2807.4728111578133,2818.27078350842,2677.8971429505295,2695.65380859375,304070,0.0,0.0
2015-09-23,2677.4658226973925,2692.294994248703,2646.7035460395005,2671.178955078125,485984,0.0,0.0
2015-09-24,2671.178626844299,2714.370519840344,2617.380677701911,2698.149658203125,287716,0.0,0.0
2015-09-28,2677.897584366089,2677.945622228432,2602.31176545253,2608.5986328125,404543,0.0,0.0
2015-09-29,2591.5136304683037,2651.022461982761,2516.695719003025,2601.543701171875,386494,0.0,0.0
2015-09-30,2615.2214783397076,2631.394538894061,2545.730604837237,2565.982666015625,755747,0.0,0.0
2015-10-01,2562.7191295179928,2667.8194084251913,2561.759309619297,2662.012451171875,677149,0.0,0.0
2015-10-05,2679.62544354218,2716.2905195905855,2669.451258110941,2703.284912109375,556333,0.0,0.0
2015-10-06,2718.113665582414,2718.929606165137,2642.527854449944,2656.58935546875,374824,0.0,0.0
2015-10-07,2645.2638077106412,2677.897686325359,2625.2036642946,2642.8642578125,445272,0.0,0.0
2015-10-08,2644.2078230214042,2714.562670533027,2637.7770763770486,2704.4365234375,238149,0.0,0.0
2015-10-09,2716.2906509839245,2763.3698697337977,2689.223773342099,2705.49267578125,256063,0.0,0.0
2015-10-12,2725.8886092253274,2754.683207210102,2699.157530363713,2730.44775390625,95846,0.0,0.0
2015-10-13,2729.7283553840944,2801.138876855804,2725.889074996775,2790.197021484375,252692,0.0,0.0
2015-10-14,2789.9563792466533,2817.0712903032345,2774.599261480094,2789.8125,135500,0.0,0.0
2015-10-15,2807.4734667845046,2851.6732241277837,2790.292782720193,2828.301513671875,203797,0.0,0.0
2015-10-16,2844.9067847406177,2855.4648058715716,2785.3979383661513,2835.932373046875,162664,0.0,0.0
2015-10-19,2855.4642647138335,2875.62048305299,2767.4007869701377,2782.421875,628088,0.0,0.0
2015-10-20,2826.3820436033952,2831.4691367152327,2777.7192141199603,2801.810791015625,239027,0.0,0.0
2015-10-21,2802.57813621413,2824.6061912008877,2767.160874323056,2780.3583984375,191100,0.0,0.0
2015-10-23,2793.26828594871,2812.0328149489806,2771.960327527146,2784.43798828125,342684,0.0,0.0
2015-10-26,2787.365276848027,2805.745735845123,2715.3307400418585,2730.783935546875,206701,0.0,0.0
2015-10-27,2724.929043526533,2798.7871473821833,2722.1934627303363,2792.740234375,267745,0.0,0.0
2015-10-28,2785.397596694239,2792.11633658978,2753.723537186689,2775.655517578125,343643,0.0,0.0
2015-10-29,2778.486949837568,2825.7100464100026,2761.978092900024,2797.683349609375,499582,0.0,0.0
2015-10-30,2826.6700255281366,2826.718063396481,2741.294079602931,2770.13671875,154924,0.0,0.0
2015-11-02,2789.14081873161,2815.7758234877533,2745.325129865186,2810.06494140625,245874,0.0,0.0
2015-11-03,2816.1120838718807,2840.1075856090306,2801.618707090214,2807.95361328125,175363,0.0,0.0
2015-11-04,2817.1674254327927,2831.4686479220904,2768.120535799088,2775.607177734375,254107,0.0,0.0
2015-11-05,2775.6070534242153,2788.948455435345,2712.546936955865,2720.9931640625,340136,0.0,0.0
2015-11-06,2727.376309866835,2922.5555478049923,2663.5002480430558,2681.113037109375,385170,0.0,0.0
2015-11-09,2649.102765007419,2665.4197023281167,2615.509070523629,2644.6875,226367,0.0,0.0
2015-11-10,2644.447849960055,2658.701269995517,2591.465835416967,2594.201416015625,316784,0.0,0.0
2015-11-13,2596.2168534177454,2612.2460338277533,2554.27276904418,2572.9892578125,393530,0.0,0.0
2015-11-16,2573.276920510624,2658.700883929291,2543.522506286145,2625.5390625,214825,0.0,0.0
2015-11-17,2639.50464489273,2656.493409740926,2602.2635870367662,2629.234619140625,300451,0.0,0.0
2015-11-18,2628.946888042737,2644.7358796242474,2605.095268144615,2625.0595703125,157690,0.0,0.0
2015-11-19,2638.544628440779,2656.78120462862,2618.388412654218,2643.53564453125,289475,0.0,0.0
2015-11-20,2643.3444207036036,2682.6490049295517,2611.9103140303855,2664.892333984375,217513,0.0,0.0
2015-11-23,2675.6418516500507,2697.093920156663,2650.3987757340497,2687.591796875,120791,0.0,0.0
2015-11-24,2688.4557549203987,2727.0404711201654,2659.949148476671,2666.811767578125,173826,0.0,0.0
2015-11-26,2692.294883986605,2701.893083216504,2630.194581835367,2690.375244140625,222476,0.0,0.0
2015-11-27,2701.8930676203872,2732.607304978772,2690.375228610993,2717.2021484375,207921,0.0,0.0
2015-11-30,2717.2024310340526,2717.2024310340526,2664.556443685239,2688.50390625,322894,0.0,0.0
2015-12-01,2697.190036304406,2760.730067797783,2697.190036304406,2749.068115234375,217414,0.0,0.0
2015-12-02,2750.84383896764,2767.5446115290297,2722.5291518603317,2734.14306640625,231696,0.0,0.0
2015-12-03,2725.8885724585375,2779.446570854035,2724.9287525386576,2744.461181640625,277414,0.0,0.0
2015-12-04,2739.4215137569477,2774.5988122126,2716.577757911884,2751.899169921875,215755,0.0,0.0
2015-12-07,2756.842820975069,2780.5983644755074,2741.437664081305,2749.548095703125,213764,0.0,0.0
2015-12-08,2749.548042394646,2766.009094635031,2716.2903758712514,2746.140869140625,211418,0.0,0.0
2015-12-09,2746.044436331466,2746.044436331466,2669.2588526521517,2672.042236328125,199233,0.0,0.0
2015-12-10,2676.93811534175,2712.2595399937563,2631.0106322873075,2700.11767578125,161685,0.0,0.0
2015-12-11,2706.6922478989645,2736.878538336452,2653.902150865474,2671.562744140625,263043,0.0,0.0
2015-12-14,2666.4761471138845,2729.728194023566,2663.5006112571714,2716.86669921875,175618,0.0,0.0
2015-12-15,2719.697798603342,2763.9933944626655,2719.697798603342,2748.25244140625,501580,0.0,0.0
2015-12-16,2769.8481540905555,2775.7029145433244,2711.4910606794633,2733.375,241543,0.0,0.0
2015-12-17,2761.40172477677,2788.4205599816114,2731.695347109835,2781.4140625,244667,0.0,0.0
2015-12-18,2778.58245194368,2778.58245194368,2694.2624168410107,2701.989013671875,373478,0.0,0.0
2015-12-21,2697.0941855512333,2707.9401983593402,2670.9390906913504,2692.43896484375,182077,0.0,0.0
2015-12-22,2693.254895351794,2705.7325552376005,2675.5943012458424,2686.34423828125,199791,0.0,0.0
2015-12-23,2692.6310534189256,2714.8507920485085,2688.647659934668,2705.588623046875,114380,0.0,0.0
2015-12-24,2708.32356545697,2714.370477247734,2695.222118519491,2700.213134765625,95329,0.0,0.0
2015-12-28,2710.963535000784,2710.963535000784,2692.295082984978,2698.725830078125,158647,0.0,0.0
2015-12-29,2703.332441988447,2715.8100992743866,2688.0714010403526,2705.156005859375,154010,0.0,0.0
2015-12-30,2706.6922605887503,2710.531540391004,2668.299462566215,2672.61865234375,155334,0.0,0.0
2015-12-31,2668.299688834962,2682.6969893142877,2657.021803459491,2668.82763671875,285722,0.0,0.0
2016-01-01,2662.5407372493582,2713.5550776138352,2656.7818171255312,2710.53173828125,85696,0.0,0.0
2016-01-04,2697.1901792151643,2715.186803571167,2620.308506233905,2638.68896484375,461333,0.0,0.0
2016-01-05,2656.7814986779754,2663.5002380171177,2605.9110436816122,2623.23583984375,333346,0.0,0.0
2016-01-06,2623.1881190372296,2639.505059404457,2612.1501887888107,2625.395751953125,448118,0.0,0.0
2016-01-07,2591.513703933751,2604.9992202593157,2544.8185600008374,2560.511474609375,498597,0.0,0.0
2016-01-08,2569.4377654833056,2606.390830097092,2530.2770683250883,2596.504638671875,202636,0.0,0.0
2016-01-11,2572.317200516108,2627.9867518705614,2545.4422446898207,2617.23681640625,180863,0.0,0.0
2016-01-12,2621.412193008571,2622.180095843655,2551.4894494415244,2562.767333984375,256890,0.0,0.0
2016-01-13,2586.714664116682,2600.200180753144,2503.9782345276535,2576.49267578125,442587,0.0,0.0
2016-01-14,2525.2858348716045,2552.016909410228,2500.3305206539453,2521.254638671875,494491,0.0,0.0
2016-01-15,2529.077472073061,2537.475896441918,2477.2952338307186,2513.00048828125,215896,0.0,0.0
2016-01-18,2532.9647531980654,2543.5227722526993,2475.375558354608,2534.98046875,239244,0.0,0.0
2016-01-19,2538.723670131193,2548.321869262124,2510.792816927771,2532.6767578125,246472,0.0,0.0
2016-01-20,2505.12988376867,2586.7145734699484,2476.335287403513,2512.472412109375,770115,0.0,0.0
2016-01-21,2562.7191597007863,2604.951235740799,2540.7393774941925,2586.7626953125,420642,0.0,0.0
2016-01-22,2572.317594087359,2629.9067939549864,2572.317594087359,2604.37548828125,164618,0.0,0.0
2016-01-25,2646.1275594667254,2658.70129470116,2616.469216373777,2639.936767578125,157504,0.0,0.0
2016-01-27,2655.8213563750332,2673.002036867104,2629.9062220699643,2640.9921875,289692,0.0,0.0
2016-01-28,2653.4222061588694,2660.5728177972314,2609.222451355018,2634.417724609375,477032,0.0,0.0
2016-01-29,2640.4648079394483,2737.694620361554,2627.795230863529,2725.98486328125,325766,0.0,0.0
2016-02-01,2745.0851340071613,2745.6130818606803,2689.4155753454775,2706.0205078125,240216,0.0,0.0
2016-02-02,2706.692334810036,2741.245853977823,2668.6355664590446,2690.08740234375,201113,0.0,0.0
2016-02-03,2644.30379035356,2693.302642482034,2639.6966080268476,2657.789306640625,135537,0.0,0.0
2016-02-04,2663.6919312471337,2699.3013404840085,2644.5435726062155,2658.26904296875,103058,0.0,0.0
2016-02-05,2673.0987150014294,2735.438977485072,2669.49938998123,2728.5283203125,127269,0.0,0.0
2016-02-08,2735.438476932522,2760.0579961642416,2690.662975607045,2708.1796875,109649,0.0,0.0
2016-02-09,2691.335007978423,2733.0391358970464,2644.6876669607927,2655.101806640625,239790,0.0,0.0
2016-02-10,2666.3796583619237,2708.227899360202,2647.183260533544,2685.47998046875,192610,0.0,0.0
2016-02-11,2695.173947888519,2715.330163310762,2582.251244267257,2608.694091796875,314257,0.0,0.0
2016-02-12,2624.8194096354373,2680.776956159392,2572.3173084522628,2656.54150390625,704831,0.0,0.0
2016-02-15,2664.364282158487,2749.7882633733334,2663.4044621448375,2689.751708984375,182856,0.0,0.0
2016-02-16,2716.2900155105835,2724.8803557959095,2668.635056497367,2675.59375,250725,0.0,0.0
2016-02-17,2692.294620236497,2692.294620236497,2630.0024070693125,2664.98779296875,110858,0.0,0.0
2016-02-18,2686.5359285265704,2713.4108860109377,2659.8048502963134,2682.792724609375,211883,0.0,0.0
2016-02-19,2696.1341341933253,2735.4867506055457,2663.5002571685577,2730.399658203125,225185,0.0,0.0
2016-02-22,2734.5269095060244,2812.2723218156025,2732.6072696959113,2805.649658203125,291684,0.0,0.0
2016-02-23,2812.176838852042,2818.463707421534,2695.894726576553,2703.189453125,233126,0.0,0.0
2016-02-24,2702.5649478108485,2728.192093244203,2669.6430771290984,2684.952392578125,201881,0.0,0.0
2016-02-25,2692.295034680073,2726.9446295718335,2654.478221329999,2667.435791015625,185621,0.0,0.0
2016-02-26,2691.335133245831,2721.089551623371,2639.504856072053,2659.613037109375,483142,0.0,0.0
2016-02-29,2697.0941190911685,2725.888718227373,2581.96376041112,2657.357666015625,521499,0.0,0.0
2016-03-01,2668.2995609564205,2795.9556190885082,2661.5327831892237,2769.36865234375,357466,0.0,0.0
2016-03-02,2802.6744607719475,2882.339522499369,2784.00600823336,2853.544921875,481863,0.0,0.0
2016-03-03,2879.459914584572,2889.0581142998535,2818.127512136339,2825.949951171875,376438,0.0,0.0
2016-03-04,2830.509100535482,2844.714483002887,2778.966814848706,2790.1005859375,184854,0.0,0.0
2016-03-08,2801.7143326271184,2836.267849576271,2792.4041263153595,2831.46875,365340,0.0,0.0
2016-03-09,2840.0106781113536,2880.371147079021,2831.516413582774,2871.39697265625,482513,0.0,0.0
2016-03-10,2890.6892440277506,2898.655795231841,2863.1424626412518,2877.2998046875,474446,0.0,0.0
2016-03-11,2874.660760340562,2888.09823968773,2852.1530293002643,2874.1328125,306081,0.0,0.0
2016-03-14,2885.5068736979324,2903.407422722526,2862.85502827299,2887.426513671875,287658,0.0,0.0
2016-03-15,2881.1390114632413,2887.7138706586293,2865.0620302216294,2869.477294921875,381974,0.0,0.0
2016-03-16,2874.756855356415,2879.076045175556,2836.2679812356555,2848.985595703125,257333,0.0,0.0
2016-03-17,2869.9575337748906,2924.619229395699,2861.0311619722634,2907.29443359375,475504,0.0,0.0
2016-03-18,2926.490533875008,2992.430106450334,2922.651254722663,2985.663330078125,474484,0.0,0.0
2016-03-21,2986.0478992942944,3114.2319003533867,2986.0478992942944,3099.738525390625,624652,0.0,0.0
2016-03-22,3105.0176713741153,3108.85695133872,3057.122747548092,3081.406005859375,658718,0.0,0.0
2016-03-23,3087.6449117027196,3133.8123481444068,3058.8983491273007,3069.936279296875,352003,0.0,0.0
2016-03-28,3076.222799927487,3101.3700346082696,3028.27984247033,3049.2998046875,494567,0.0,0.0
2016-03-29,3046.4683079974593,3066.4806462861857,2990.8948305159274,3010.235107421875,277583,0.0,0.0
2016-03-30,3052.1309228451746,3094.2671531408632,3037.829701395652,3056.162353515625,403804,0.0,0.0
2016-03-31,3092.347609520457,3124.1175056478564,3054.2428087122626,3099.018310546875,699027,0.0,0.0
2016-04-01,3118.4549878432645,3129.013007192688,3061.825611332722,3074.97509765625,274734,0.0,0.0
2016-04-04,3099.9305783773834,3099.9305783773834,3032.551261868636,3043.4453125,131242,0.0,0.0
2016-04-05,3025.2086075582074,3047.3803078369633,2972.562389491401,2975.82568359375,226138,0.0,0.0
2016-04-06,2998.189957655815,3071.424277129845,2968.243617820014,3060.482421875,327031,0.0,0.0
2016-04-07,3071.4237457877775,3098.2987035634205,3000.4451095286704,3011.386962890625,186699,0.0,0.0
2016-04-08,3023.432746074745,3071.4237420441855,3004.2843855491456,3031.92724609375,310290,0.0,0.0
2016-04-11,3032.071011526161,3061.8254279102416,3014.218267963302,3025.544189453125,258469,0.0,0.0
2016-04-12,3013.834432804038,3070.1758130733733,3013.834432804038,3039.173583984375,274896,0.0,0.0
2016-04-13,3066.144902687173,3181.7071336639524,3062.0176299384916,3142.16259765625,593207,0.0,0.0
2016-04-18,3145.2339697300226,3279.8967585486203,3105.017606671244,3268.810791015625,511243,0.0,0.0
2016-04-20,3282.5840651822937,3316.0816860331743,3218.516086717113,3231.28173828125,257450,0.0,0.0
2016-04-21,3248.990508060829,3274.041902313301,3113.655896055932,3132.852294921875,186815,0.0,0.0
2016-04-22,3119.5107741362153,3186.41017480213,3074.1112456592587,3139.6669921875,302304,0.0,0.0
2016-04-25,3155.8876887531146,3193.8966488099213,3125.989393950042,3144.561767578125,710273,0.0,0.0
2016-04-26,3160.974916434992,3165.917895176475,3120.6144428644566,3134.81982421875,292028,0.0,0.0
2016-04-27,3120.470589944898,3137.8912275053576,3057.3624311291214,3063.55322265625,349837,0.0,0.0
2016-04-28,3075.166598260539,3098.4422286737317,3025.7839158583374,3041.908935546875,352944,0.0,0.0
2016-04-29,3057.0266591264904,3068.5444989724924,3023.4329595756494,3034.4228515625,223901,0.0,0.0
2016-05-02,3043.205121318051,3068.5442733839914,3011.2430712289206,3048.484130859375,151083,0.0,0.0
2016-05-03,3066.6251317524057,3114.904128267179,3054.339387957731,3085.821533203125,328289,0.0,0.0
2016-05-04,3044.5491473693332,3076.2232084863535,3044.5491473693332,3055.73095703125,127389,0.0,0.0
2016-05-05,3071.1361414591215,3071.1361414591215,2983.120690475713,2993.6787109375,281986,0.0,0.0
2016-05-06,2994.638423147169,3006.108225369614,2939.016900583451,2975.345947265625,237698,0.0,0.0
2016-05-09,2975.4416471708914,3050.259560432741,2975.4416471708914,3038.5498046875,305142,0.0,0.0
2016-05-10,3034.85440439328,3059.377849351491,3010.906945099191,3038.5498046875,179063,0.0,0.0
2016-05-11,3024.393106765101,3094.1239426443763,2991.135434344117,3070.560546875,242607,0.0,0.0
2016-05-12,3070.46361014353,3103.001408372321,3068.0160227315737,3097.91455078125,173469,0.0,0.0
2016-05-13,3072.383564210772,3093.5956781771933,3009.0354494847766,3025.016357421875,157308,0.0,0.0
2016-05-16,3033.1750186833438,3052.227539035213,3018.729915436712,3044.260986328125,137464,0.0,0.0
2016-05-17,3052.4677334322882,3138.131673439782,3052.4677334322882,3122.0546875,329146,0.0,0.0
2016-05-18,3136.69134812486,3136.69134812486,3081.2617504032532,3094.075439453125,219110,0.0,0.0
2016-05-19,3088.7005714551656,3093.931543269638,3048.3881339159743,3061.345703125,132005,0.0,0.0
2016-05-20,3061.1057351312593,3074.351297132628,2995.646062271528,3008.07568359375,126001,0.0,0.0
2016-05-23,3010.3793746221068,3029.7679262180454,2985.1362959162707,2996.94189453125,127994,0.0,0.0
2016-05-24,2994.7345569495155,3053.619374947837,2985.328273828207,3046.900634765625,121407,0.0,0.0
2016-05-25,3066.720621673161,3082.989521928672,3053.427022475513,3080.493896484375,289001,0.0,0.0
2016-05-26,3080.4937059247413,3099.2582304637735,3066.7204319655434,3084.52490234375,319159,0.0,0.0
2016-05-27,3086.7812134607366,3124.2141945941225,3086.7812134607366,3117.783447265625,234528,0.0,0.0
2016-05-30,3126.2293530009847,3126.2293530009847,3063.793024376339,3083.13330078125,177145,0.0,0.0
2016-05-31,3092.5399184341645,3119.031043125237,3077.9026640095462,3097.051025390625,237511,0.0,0.0
2016-06-01,3097.0512945629666,3128.773393939247,3078.9588273003424,3098.5390625,124069,0.0,0.0
2016-06-02,3100.218138834268,3114.4235195873903,3077.662372189498,3103.049560546875,100251,0.0,0.0
2016-06-03,3105.0177223472897,3123.8780917506087,3055.395074856359,3061.10595703125,169178,0.0,0.0
2016-06-06,3061.3457123640246,3113.655899328702,3061.3457123640246,3097.626953125,153326,0.0,0.0
2016-06-07,3100.2185980846934,3207.4304451522476,3100.2185980846934,3200.95166015625,410209,0.0,0.0
2016-06-08,3214.14885466576,3255.7091032330245,3210.5975678993123,3235.888916015625,296075,0.0,0.0
2016-06-09,3244.191313153247,3263.3877114559286,3229.794014426235,3243.9033203125,342046,0.0,0.0
2016-06-10,3229.7941724926254,3259.308636327439,3194.040878904111,3248.654541015625,247285,0.0,0.0
2016-06-13,3229.7940881165255,3269.0506298087653,3194.472667567498,3261.3720703125,192857,0.0,0.0
2016-06-14,3264.779754720559,3271.066622707291,3178.060156656752,3188.426025390625,115351,0.0,0.0
2016-06-15,3193.3208564137403,3238.4323924075625,3173.3565553204803,3228.59423828125,187858,0.0,0.0
2016-06-16,3208.96624352459,3218.276450631276,3129.9730108883364,3149.9853515625,320268,0.0,0.0
2016-06-17,3180.8429883217104,3190.3451111204995,3145.089698848269,3170.3330078125,143919,0.0,0.0
2016-06-20,3151.520785076895,3239.3923488428254,3139.0911635230996,3234.161376953125,160851,0.0,0.0
2016-06-21,3237.472784312642,3237.472784312642,3192.2651696371076,3222.691650390625,96592,0.0,0.0
2016-06-22,3234.545183606394,3234.545183606394,3167.4538630418524,3178.15576171875,186753,0.0,0.0
2016-06-23,3185.546194458925,3214.8207016118477,3167.405691955592,3203.830810546875,306668,0.0,0.0
2016-06-24,3138.6111608098618,3199.463650439938,3071.42376593014,3157.759521484375,160067,0.0,0.0
2016-06-27,3157.7593938490313,3267.8506881430376,3157.7593938490313,3259.54833984375,230718,0.0,0.0
2016-06-28,3272.9860584707026,3299.861017308585,3253.7896593007863,3264.15576171875,219511,0.0,0.0
2016-06-29,3273.945777159957,3282.53611865657,3234.689235804174,3258.82861328125,276757,0.0,0.0
2016-06-30,3272.9862249145685,3282.4883492544786,3253.789824768442,3273.946044921875,438192,0.0,0.0
2016-07-01,3272.9857333066957,3344.97222304218,3258.5884353595984,3286.519287109375,248921,0.0,0.0
2016-07-04,3301.341698201603,3344.653761297542,3274.5844211146264,3281.273681640625,186148,9.5,0.0
2016-07-05,3320.5918154387527,3335.0291711580517,3234.930171504246,3248.54931640625,360033,0.0,0.0
2016-07-07,3239.8389386559807,3290.754585396169,3220.8297537886,3255.52734375,203141,0.0,0.0
2016-07-08,3244.651574120631,3281.996014721014,3242.7265932656414,3272.515625,308236,0.0,0.0
2016-07-11,3296.7699341872276,3341.766356177813,3290.850712774174,3324.970947265625,218218,0.0,0.0
2016-07-12,3324.9711165254653,3368.6680848288347,3324.5380428605354,3356.49267578125,301384,0.0,0.0
2016-07-13,3356.2038465699475,3364.8180881958897,3296.529444938936,3305.8173828125,254532,0.0,0.0
2016-07-14,3310.966933822312,3379.303751351784,3310.966933822312,3369.2939453125,283309,0.0,0.0
2016-07-15,3375.4536469168115,3425.7437675473802,3375.4536469168115,3398.890380859375,233847,0.0,0.0
2016-07-18,3402.4034350173633,3414.9158097430286,3352.161485038601,3367.224365234375,149136,0.0,0.0
2016-07-19,3392.778250364149,3428.390390864425,3343.787588912366,3376.17529296875,753804,0.0,0.0
2016-07-20,3378.3412929271817,3436.0907167379028,3376.1756895342796,3426.321533203125,217891,0.0,0.0
2016-07-21,3440.9028613536225,3527.526989331756,3425.5030163797323,3502.02099609375,359712,0.0,0.0
2016-07-22,3513.0897228379717,3515.0628750213696,3467.75633406514,3503.176025390625,172908,0.0,0.0
2016-07-25,3493.8399854446952,3541.9645031505447,3476.515159070589,3532.339599609375,294404,0.0,0.0
2016-07-26,3536.1896203462943,3558.7118010172485,3479.9802767161345,3492.203857421875,164047,0.0,0.0
2016-07-27,3505.5340127212858,3551.5892683652332,3500.7215611381353,3513.8115234375,164316,0.0,0.0
2016-07-28,3516.458350123705,3575.5551612071754,3507.844108839583,3540.76123046875,236412,0.0,0.0
2016-07-29,3543.0234372897116,3599.136438544076,3532.195420497969,3578.731689453125,215069,0.0,0.0
2016-08-01,3590.088996237295,3628.540438623988,3585.9984122603487,3614.824951171875,237315,0.0,0.0
2016-08-02,3604.6225643202506,3616.0761050489305,3522.7145447109624,3538.7880859375,200781,0.0,0.0
2016-08-03,3533.3019975039438,3561.11787401684,3513.4746027347787,3530.125732421875,140575,0.0,0.0
2016-08-04,3539.1735116460936,3561.1662760962754,3500.336930366091,3519.394287109375,114138,0.0,0.0
2016-08-05,3536.5742826366177,3698.850242049958,3532.339419287886,3664.104248046875,283529,0.0,0.0
2016-08-08,3689.898915558326,3689.898915558326,3609.3385266403097,3638.453857421875,168830,0.0,0.0
2016-08-09,3640.138695533433,3694.0381579739064,3616.701960282631,3659.34033203125,175336,0.0,0.0
2016-08-10,3665.163029529235,3667.0880101119706,3573.3415497259225,3589.078125,208390,0.0,0.0
2016-08-11,3588.837705214212,3641.5822231580987,3520.9821358385952,3567.61474609375,211962,0.0,0.0
2016-08-12,3598.173510746553,3624.2570909072065,3523.9656523447707,3582.485107421875,197760,0.0,0.0
2016-08-16,3583.8328958938973,3621.5142999198315,3569.4437118461537,3599.1845703125,264593,0.0,0.0
2016-08-17,3580.4640301925783,3597.788856145123,3534.264494319126,3560.54052734375,130552,0.0,0.0
2016-08-18,3578.154058474888,3742.16231275684,3578.154058474888,3729.0244140625,414419,0.0,0.0
2016-08-19,3744.087388888443,3806.601088911975,3735.5692554629427,3779.507080078125,270567,0.0,0.0
2016-08-22,3773.924219137154,3779.650989050498,3702.9887356694762,3720.40966796875,193180,0.0,0.0
2016-08-23,3743.1249531265703,3743.1249531265703,3629.2141267593615,3682.77685546875,279931,0.0,0.0
2016-08-24,3687.3002791322115,3705.5875945338066,3651.688138613315,3669.3017578125,259712,0.0,0.0
2016-08-25,3667.1843274502567,3700.4863503085603,3615.1135090587477,3647.35693359375,491891,0.0,0.0
2016-08-26,3676.713198100691,3705.5879090805392,3626.134282371057,3660.783935546875,151854,0.0,0.0
2016-08-29,3657.4632094762064,3660.3025089185444,3617.086787620823,3640.61962890625,60496,0.0,0.0
2016-08-30,3659.388073584761,3763.3370246492414,3659.388073584761,3745.867919921875,175962,0.0,0.0
2016-08-31,3777.774517310641,3911.4643291657126,3772.9620656962325,3877.584716796875,436330,0.0,0.0
2016-09-01,3811.462027956623,3939.473252632944,3811.462027956623,3910.502197265625,451549,0.0,0.0
2016-09-02,3938.510329819165,3941.349629223586,3886.5840248378186,3932.10986328125,279418,0.0,0.0
2016-09-06,3941.3980690434805,3950.8302866923977,3902.1284149120884,3921.955810546875,300605,0.0,0.0
2016-09-07,3936.5854493959764,3965.4601592937465,3917.335642797463,3932.3505859375,116165,0.0,0.0
2016-09-08,3926.864391462061,3974.796694171503,3911.0796432872025,3960.98486328125,138594,0.0,0.0
2016-09-09,3964.497392517331,3964.545329044092,3785.8591057464723,3805.397705078125,349179,0.0,0.0
2016-09-12,3753.7124733593296,3792.115745439728,3700.3424289077825,3721.132080078125,202915,0.0,0.0
2016-09-14,3724.837583116443,3816.2741646141335,3689.8030290410506,3796.302490234375,213418,0.0,0.0
2016-09-15,3800.874124753367,3806.6490664470925,3739.274746686967,3781.287353515625,202147,0.0,0.0
2016-09-16,3803.665151748909,3876.9107542825404,3737.4460100692895,3776.811767578125,400208,0.0,0.0
2016-09-19,3793.174430921286,3854.7738126972217,3746.1566838069252,3840.76953125,276012,0.0,0.0
2016-09-20,3868.681783286889,3878.8361034575523,3820.557265874265,3839.085205078125,298515,0.0,0.0
2016-09-21,3843.0312098622935,3872.964516369282,3790.7679410304927,3812.183349609375,305282,0.0,0.0
2016-09-22,3858.6241365519004,3858.6241365519004,3811.510276967257,3830.7119140625,292974,0.0,0.0
2016-09-23,3859.5860079004206,3863.387797495149,3802.7990815996413,3815.50390625,268107,0.0,0.0
2016-09-26,3805.782914530489,3809.4883611229757,3759.0057928753486,3775.99365234375,124089,0.0,0.0
2016-09-27,3763.818763754659,3825.8993954544867,3755.6375952360772,3767.95751953125,182333,0.0,0.0
2016-09-28,3759.4873189939954,3837.4490375906453,3759.4873189939954,3823.63720703125,262247,0.0,0.0
2016-09-29,3840.432917935711,3850.250272709546,3699.4760153139932,3716.464111328125,367284,0.0,0.0
2016-09-30,3705.5881709556743,3749.2851426667244,3694.0864572658047,3707.080078125,241074,0.0,0.0
2016-10-03,3729.5538089723905,3787.399573710185,3709.052952252302,3781.09521484375,249528,0.0,0.0
2016-10-04,3784.9934879569664,3840.33668581012,3784.9934879569664,3804.9169921875,224189,0.0,0.0
2016-10-05,3810.0178685772003,3893.03265730141,3791.2974791600477,3881.86767578125,325419,0.0,0.0
2016-10-06,3885.86239801746,3892.3110364670342,3797.938809172316,3811.654296875,192924,0.0,0.0
2016-10-07,3830.711226919156,3830.711226919156,3759.0538742061703,3786.34033203125,117828,0.0,0.0
2016-10-10,3787.3513525015087,3845.148944966249,3787.3513525015087,3827.58349609375,202224,0.0,0.0
2016-10-13,3820.70196785634,3864.3507663011624,3794.6665556622384,3836.24609375,345562,0.0,0.0
2016-10-14,3839.373993679743,3905.7376561000947,3821.1348486030824,3885.09228515625,214434,0.0,0.0
2016-10-17,3893.2733152663736,3921.859230559866,3814.6379037074053,3862.329345703125,648256,0.0,0.0
2016-10-18,3878.835964931872,3898.0857712094494,3837.352538410498,3871.85791015625,218098,0.0,0.0
2016-10-19,3860.5488132006844,3898.085937038836,3854.870214100419,3881.29052734375,269986,0.0,0.0
2016-10-20,3882.686062373904,3894.669020205405,3843.9458258814525,3856.795166015625,199695,0.0,0.0
2016-10-21,3857.6612184916676,3874.2641765802355,3801.836779701119,3831.57763671875,231846,0.0,0.0
2016-10-24,3845.1011154176786,3867.1422873638926,3812.4727836719285,3822.53076171875,108882,0.0,0.0
2016-10-25,3831.674244736957,3880.6169750890826,3816.0819474068217,3866.3720703125,110334,0.0,0.0
2016-10-26,3830.759597861061,3849.8648894876087,3782.4905679186554,3789.853759765625,268883,0.0,0.0
2016-10-27,3801.836853821426,3821.086660676218,3766.22471114006,3793.703857421875,355002,0.0,0.0
2016-10-28,3793.17426020829,3840.143833695159,3744.0872550647673,3833.31005859375,189117,0.0,0.0
2016-11-01,3834.5615511252904,3840.3364932203585,3803.7618599515936,3827.58349609375,166098,0.0,0.0
2016-11-02,3810.402698049081,3816.081531724476,3732.537327929459,3749.95849609375,214701,0.0,0.0
2016-11-03,3742.1626850951134,3785.234130609004,3735.425252277298,3760.113037109375,246707,0.0,0.0
2016-11-04,3777.774684405865,3781.4803663060616,3675.0288378936802,3709.96728515625,227359,0.0,0.0
2016-11-07,3738.986479882665,3797.024699085827,3724.934260769392,3761.893798828125,254951,0.0,0.0
2016-11-08,3763.5781793767446,3820.12449177068,3754.675142957274,3810.451416015625,171969,0.0,0.0
2016-11-09,3657.174547363339,3724.8376661770562,3449.806047802355,3624.498046875,747032,0.0,0.0
2016-11-10,3782.587283014359,3782.587283014359,3672.7190975276417,3697.166259765625,382638,0.0,0.0
2016-11-11,3657.7517201804403,3658.5696958978147,3475.45592703135,3497.785888671875,623318,0.0,0.0
2016-11-15,3479.4027195937633,3479.4027195937633,3218.086581732157,3237.9619140625,1362707,0.0,0.0
2016-11-16,3272.4668485970997,3336.857352301307,3217.604904370619,3243.832763671875,833115,0.0,0.0
2016-11-17,3243.5923387044245,3277.953195711313,3192.580352368717,3210.723388671875,745885,0.0,0.0
2016-11-18,3204.7080095159968,3277.4239685195507,3152.155941655803,3265.537353515625,683557,0.0,0.0
2016-11-21,3272.4668417236417,3280.166763704168,3179.1534592187336,3197.681396484375,525360,0.0,0.0
2016-11-22,3210.14610374673,3305.288373695368,3176.218317176886,3294.364013671875,540794,0.0,0.0
2016-11-23,3338.87886849779,3344.798089881149,3254.1797216463037,3322.708984375,430852,0.0,0.0
2016-11-24,3307.117251973448,3373.529094344277,3277.2318759099703,3353.076171875,688901,0.0,0.0
2016-11-25,3368.716116059727,3378.292847735928,3321.650433459973,3366.26171875,497488,0.0,0.0
2016-11-28,3348.5038086869854,3430.1230344638807,3345.1350925816664,3373.38427734375,416351,0.0,0.0
2016-11-29,3354.27881567029,3429.3530617598976,3354.27881567029,3403.6064453125,378409,0.0,0.0
2016-11-30,3435.9940477835094,3503.4647121956355,3422.230624400557,3468.28564453125,5134859,0.0,0.0
2016-12-01,3483.926433622604,3485.0334385659708,3427.62074555005,3436.764404296875,267124,0.0,0.0
2016-12-02,3416.8403927003405,3464.2430375849863,3395.665607168113,3451.153076171875,266078,0.0,0.0
2016-12-05,3453.415134531348,3496.005329543336,3418.2842392107254,3448.362060546875,296963,0.0,0.0
2016-12-06,3464.965551627417,3482.0979282959556,3423.049046360432,3466.794189453125,234462,0.0,0.0
2016-12-07,3470.403117981324,3530.414483247829,3421.268175278019,3434.213623046875,381973,0.0,0.0
2016-12-08,3453.415575315718,3494.802662756793,3442.1544845667254,3458.22802734375,206057,0.0,0.0
2016-12-09,3469.4891100456202,3472.6172038565855,3420.931516192004,3435.080078125,149963,0.0,0.0
2016-12-12,3441.865700695244,3441.9138722122693,3312.2664611877167,3332.478759765625,207281,0.0,0.0
2016-12-13,3337.916502492203,3347.4450628746326,3229.684510646458,3240.46435546875,366724,0.0,0.0
2016-12-14,3254.0357729350853,3254.0357729350853,3178.1914821830314,3190.703857421875,209745,0.0,0.0
2016-12-15,3166.593309058623,3186.8056067760185,3132.9061461962974,3142.0498046875,335980,0.0,0.0
2016-12-16,3160.818215050892,3160.818215050892,3044.693851782854,3058.457275390625,758086,0.0,0.0
2016-12-19,3070.247760374646,3070.247760374646,2984.6824654047696,2991.131103515625,408345,0.0,0.0
2016-12-20,2999.7932662390162,3050.6127976065277,2987.184785159497,3027.609375,317562,0.0,0.0
2016-12-21,3060.7193512077897,3090.989626096563,3047.725731320587,3072.606201171875,304789,0.0,0.0
2016-12-22,3064.088170552852,3064.1363420691728,3012.5949344527803,3025.781005859375,239905,0.0,0.0
2016-12-23,3040.410768798845,3040.410768798845,2953.257452835828,2990.553955078125,288590,0.0,0.0
2016-12-26,2969.2825071611946,3002.969666885876,2952.005853670418,2972.891845703125,162679,0.0,0.0
2016-12-27,2954.8451025192608,3045.319187091512,2935.5952972911223,3038.148681640625,258494,0.0,0.0
2016-12-28,3028.9571517941918,3079.006650330353,3008.7448543084347,3040.98828125,202414,0.0,0.0
2016-12-29,3040.9881258703513,3118.4685956068806,3020.150304710802,3095.561279296875,338530,0.0,0.0
2016-12-30,3108.843874464154,3160.4813884786945,3095.3690093735972,3128.2861328125,229481,0.0,0.0
2017-01-02,3176.218067137131,3252.254802683747,3176.218067137131,3244.891845703125,243562,0.0,0.0
2017-01-03,3248.4050810928948,3259.4255491121494,3189.211921837424,3201.916748046875,279985,0.0,0.0
2017-01-04,3205.092992925734,3233.9677045737135,3164.1871514244294,3177.565673828125,223808,0.0,0.0
2017-01-05,3180.8864433185627,3271.504819086162,3180.8864433185627,3255.960693359375,210883,0.0,0.0
2017-01-06,3253.2175658692913,3267.5585788972276,3187.7682183902643,3198.114990234375,228327,0.0,0.0
2017-01-09,3199.7989935118826,3209.856970122505,3157.9306655775263,3168.373779296875,138789,0.0,0.0
2017-01-10,3181.6082287534364,3190.6073726317427,3138.681064694196,3156.43896484375,236655,0.0,0.0
2017-01-11,3171.5980849792772,3233.9675052922253,3165.005167215723,3227.326416015625,160310,0.0,0.0
2017-01-12,3243.592359800289,3267.6546176623087,3210.915860620263,3226.748779296875,131166,0.0,0.0
2017-01-13,3227.8080100271277,3242.1971950035404,3185.9396761925987,3195.179443359375,95008,0.0,0.0
2017-01-16,3191.617937239004,3219.5301568348814,3176.218091944726,3214.91015625,104519,0.0,0.0
2017-01-17,3218.9523931968743,3265.0076470130666,3209.905078572799,3253.457763671875,159811,0.0,0.0
2017-01-18,3257.067304907466,3398.601556155437,3257.067304907466,3370.30419921875,249849,0.0,0.0
2017-01-19,3374.4912984455814,3384.982349675727,3296.5777485770454,3331.6123046875,282789,0.0,0.0
2017-01-20,3310.966718561158,3390.3721703871156,3293.738235733934,3341.429443359375,314577,0.0,0.0
2017-01-23,3376.3678618785625,3435.561016397818,3350.6212458884797,3395.473388671875,389942,0.0,0.0
2017-01-24,3422.6158548496783,3536.6709669980714,3402.451728010762,3519.68310546875,425207,0.0,0.0
2017-01-25,3527.5268648227475,3555.1984602834987,3489.027253746919,3542.34912109375,464955,0.0,0.0
2017-01-27,3541.964583946643,3622.8137755367293,3533.302170561991,3548.0283203125,285354,0.0,0.0
2017-01-30,3551.589155315318,3590.0887667550505,3518.6720345309427,3555.3427734375,199744,0.0,0.0
2017-01-31,3566.0266343220837,3595.8638342313916,3528.5858548806964,3555.872314453125,214723,0.0,0.0
2017-02-01,3570.935781148543,3651.2073877318066,3532.147370444127,3637.97314453125,289861,0.0,0.0
2017-02-02,3657.4633766106654,3657.944621791798,3573.5342640176727,3581.9560546875,239504,0.0,0.0
2017-02-03,3591.051430027174,3627.6260626567723,3576.710418068238,3597.3076171875,203149,0.0,0.0
2017-02-06,3609.3384201136732,3661.264721854448,3598.558576362195,3614.006591796875,150193,0.0,0.0
2017-02-07,3599.906283379569,3604.5262839577413,3538.2587307788335,3557.3642578125,146734,0.0,0.0
2017-02-08,3553.514464375325,3605.4407731081533,3542.0127513910793,3578.44287109375,289342,0.0,0.0
2017-02-09,3583.351726459959,3619.926361325787,3575.79608289579,3611.697021484375,113533,0.0,0.0
2017-02-10,3625.5085798800737,3638.213405091733,3610.1087347791567,3620.792236328125,130436,0.0,0.0
2017-02-13,3629.166363124339,3657.944731828591,3615.1139094193363,3626.375,156584,0.0,0.0
2017-02-14,3630.5139222716157,3635.32637444854,3542.9272926515955,3566.652587890625,159971,0.0,0.0
2017-02-15,3580.463906693495,3620.5997051025756,3526.6607930565356,3540.18359375,280722,0.0,0.0
2017-02-16,3538.2110172493376,3603.5640207477954,3497.786420862744,3574.929931640625,174604,0.0,0.0
2017-02-17,3570.8393395144208,3606.451483870764,3541.5315541961395,3579.0205078125,140555,0.0,0.0
2017-02-20,3586.0470559529886,3623.7766355469385,3549.2799668332873,3615.73974609375,219766,0.0,0.0
2017-02-21,3605.4886482238976,3642.0632794658914,3585.276352011217,3627.962890625,190129,0.0,0.0
2017-02-22,3634.3631736833236,3662.275390854091,3615.113368737967,3636.095703125,272588,0.0,0.0
2017-02-23,3634.9413022290746,3657.4634833703103,3618.963867755886,3644.0849609375,313434,0.0,0.0
2017-02-27,3638.2136787083987,3640.2829390562606,3582.148613421424,3597.01904296875,250820,0.0,0.0
2017-02-28,3615.979678818356,3642.8332989163036,3581.907616523777,3632.9677734375,363696,0.0,0.0
2017-03-01,3639.1761251662515,3639.1761251662515,3580.464212012286,3591.14794921875,281751,0.0,0.0
2017-03-02,3604.5263586884753,3705.2508797651703,3604.5263586884753,3674.595703125,1005693,0.0,0.0
2017-03-03,3671.900702274754,3717.1377489344954,3640.1866920918114,3659.147705078125,568550,0.0,0.0
2017-03-06,3671.948595642832,3686.3377783554824,3647.886338603958,3680.6591796875,207324,0.0,0.0
2017-03-07,3680.466880488755,3681.0444687115883,3633.401194766962,3644.854736328125,124913,0.0,0.0
2017-03-08,3620.8887733955794,3669.013291914925,3620.8887733955794,3660.928466796875,283490,0.0,0.0
2017-03-09,3647.4053234349103,3687.82991780902,3647.4053234349103,3679.456298828125,124471,0.0,0.0
2017-03-10,3695.962843247008,3743.124869111358,3683.4504690380986,3707.94580078125,139870,0.0,0.0
2017-03-14,3753.712311807439,3859.5380772937197,3753.712311807439,3848.95068359375,527726,0.0,0.0
2017-03-15,3855.68795339537,3884.995735905367,3817.2365130754356,3866.756591796875,224115,0.0,0.0
2017-03-16,3873.0610299495734,3940.3871805287645,3873.0610299495734,3904.39013671875,176654,0.0,0.0
2017-03-17,3917.0953395629344,3920.704678594413,3867.7677061327236,3888.268798828125,295372,0.0,0.0
2017-03-20,3888.2686579092187,3890.3860897343443,3840.336590311735,3849.76904296875,556593,0.0,0.0
2017-03-21,3859.2973876140973,3877.2959095945353,3823.8297603256137,3857.46875,341340,0.0,0.0
2017-03-22,3847.362804090622,3847.4109756057355,3765.4547795871517,3821.327392578125,248260,0.0,0.0
2017-03-23,3836.38967488518,3850.923371204079,3811.076370079082,3825.1767578125,118954,0.0,0.0
2017-03-24,3826.380090517475,3859.5860050245437,3796.109818347481,3824.88818359375,124955,0.0,0.0
2017-03-27,3835.524334973604,3835.524334973604,3786.918568620739,3803.040283203125,119797,0.0,0.0
2017-03-28,3815.3117209724896,3844.186431272483,3815.263549458724,3837.73779296875,96646,0.0,0.0
2017-03-29,3837.7381250034177,3884.0337735333665,3832.203805050432,3849.336181640625,294631,0.0,0.0
2017-03-30,3850.923538065328,3858.623460160935,3822.5782468474704,3838.84423828125,324453,0.0,0.0
2017-03-31,3849.961425199197,3902.8983947956863,3808.8149624673806,3835.283447265625,290105,0.0,0.0
2017-04-03,3877.777512337943,3906.748567623452,3860.5490280211047,3875.708251953125,163958,0.0,0.0
2017-04-05,3884.995789860175,3936.585364423813,3876.8146222323994,3928.16357421875,169401,0.0,0.0
2017-04-06,3926.9604157424874,3993.179560256857,3883.167107184575,3956.94189453125,138595,0.0,0.0
2017-04-07,3936.5857534822194,3996.9820263504366,3912.52349337536,3927.92333984375,124319,0.0,0.0
2017-04-10,3912.523629413421,3953.573752589829,3870.174050152858,3906.65234375,146951,0.0,0.0
2017-04-11,3878.836185958485,3926.960704394695,3874.3125282220817,3882.012451171875,224440,0.0,0.0
2017-04-12,3916.373379211019,3916.373379211019,3863.53275103202,3881.820068359375,112568,0.0,0.0
2017-04-13,3888.461025150672,3892.214643533238,3859.6344860821073,3868.585693359375,275406,0.0,0.0
2017-04-17,3870.6549608548567,3889.423522768737,3843.416436824267,3849.817138671875,166286,0.0,0.0
2017-04-18,3849.9616260004295,3911.51284049951,3807.2271459450285,3823.204345703125,263758,0.0,0.0
2017-04-19,3822.5304283751416,3856.5545562706593,3778.73711741176,3792.01953125,266518,0.0,0.0
2017-04-20,3801.8369239944705,3870.0773965610706,3793.9927215495545,3856.458251953125,138135,0.0,0.0
2017-04-21,3873.9275194592956,3883.1675212984437,3814.9749824213654,3829.123779296875,173540,0.0,0.0
2017-04-24,3847.507415122116,4051.122317491824,3842.694962856148,3986.2021484375,694285,0.0,0.0
2017-04-25,4008.7723824831514,4106.224532237394,3954.054711072384,4083.26904296875,531152,0.0,0.0
2017-04-26,4079.0339705683273,4114.646112359509,4042.6520245085912,4072.2001953125,217768,0.0,0.0
2017-04-27,4074.9919565063833,4088.6595091420063,4054.0098522848707,4078.16845703125,289892,0.0,0.0
2017-04-28,4066.5216548779854,4109.78578331095,4057.9071784155785,4089.573486328125,174274,0.0,0.0
2017-05-02,4089.5732765063412,4089.5732765063412,3996.307592097941,4048.234130859375,203245,0.0,0.0
2017-05-03,4057.8595653872226,4162.7710199951935,4052.084622931738,4140.05615234375,309226,0.0,0.0
2017-05-04,4135.38725714381,4191.644999718834,4121.7681142263145,4162.00048828125,196089,0.0,0.0
2017-05-05,4153.146224550162,4180.095956714103,4122.683496293771,4167.53564453125,283727,0.0,0.0
2017-05-08,4173.358385696131,4282.119801190518,4173.358385696131,4260.22314453125,153494,0.0,0.0
2017-05-09,4254.206529457969,4280.675008996452,4233.079682349075,4266.62255859375,214276,0.0,0.0
2017-05-10,4281.109210762014,4292.707031684089,4163.3000140093645,4203.724609375,222094,0.0,0.0
2017-05-11,4208.9694319892,4280.627011745874,4188.805075331409,4246.98779296875,159351,0.0,0.0
2017-05-12,4235.391400670214,4254.159964941445,4209.211471751616,4239.14501953125,207498,0.0,0.0
2017-05-15,4249.394447433599,4329.2811380648545,4249.394447433599,4271.2431640625,131348,0.0,0.0
2017-05-16,4290.011765210566,4363.064681787088,4277.306705820761,4316.9130859375,252094,0.0,0.0
2017-05-17,4321.533814046399,4321.533814046399,4288.568518955684,4303.29443359375,173787,0.0,0.0
2017-05-18,4283.755196776673,4283.755196776673,4163.78042085659,4178.2177734375,312920,0.0,0.0
2017-05-19,4233.995181125734,4251.704910122466,4173.358287192813,4197.03564453125,118708,0.0,0.0
2017-05-22,4215.708067836509,4239.818265032587,4100.690461876129,4109.44921875,153155,0.0,0.0
2017-05-23,4115.6086504851,4153.627018514605,4077.109037290665,4107.283203125,229419,0.0,0.0
2017-05-24,4132.693156906309,4132.693156906309,3993.613294042155,4015.70263671875,189988,0.0,0.0
2017-05-25,4024.171944825531,4029.9468866262855,3975.084939519121,4006.26953125,399568,0.0,0.0
2017-05-26,4004.922354534931,4058.7254712166914,3986.3464787283638,3998.56982421875,235032,0.0,0.0
2017-05-29,4008.772111474032,4025.2307896463867,3893.273275129042,3908.9619140625,310173,0.0,0.0
2017-05-30,3919.260687110421,3956.845747118048,3900.251502785659,3928.98193359375,268009,0.0,0.0
2017-05-31,3933.024024419175,4100.1606002471835,3933.024024419175,4037.83935546875,443950,0.0,0.0
2017-06-01,4070.083504971404,4092.5572807358953,4003.478978645699,4040.871826171875,143799,0.0,0.0
2017-06-02,4071.3343730486627,4094.337799508383,4040.919582557035,4081.536865234375,187673,0.0,0.0
2017-06-05,4074.221644679801,4102.037521754698,4008.964987046237,4021.428955078125,137269,0.0,0.0
2017-06-06,4028.021853917147,4037.4061342219716,3956.7975726292448,3967.8662109375,151928,0.0,0.0
2017-06-07,3977.010094270739,4006.8472948811923,3948.1353840025586,3985.431884765625,137567,0.0,0.0
2017-06-08,3989.5223186690355,4009.7346150965504,3952.99562356721,3965.70068359375,139961,0.0,0.0
2017-06-09,3977.010145970788,3978.116915885592,3899.5296724106115,3957.71240234375,222729,0.0,0.0
2017-06-12,3956.3168353564174,3957.712634439108,3875.9970575359675,3893.706787109375,134143,0.0,0.0
2017-06-13,3881.7238326459255,3981.4379333493002,3880.087645941685,3909.443603515625,171853,0.0,0.0
2017-06-14,3919.2609430309035,3928.2603223427077,3837.497429833381,3900.829345703125,442763,0.0,0.0
2017-06-15,3881.050012954687,3946.2105647963085,3859.586430447121,3892.11865234375,248575,0.0,0.0
2017-06-16,3896.1609627330586,3977.924706496179,3859.586329189616,3970.561279296875,249460,0.0,0.0
2017-06-19,3980.860238266437,3993.7095789184536,3930.9070812040227,3943.852294921875,145691,0.0,0.0
2017-06-20,3969.310033658099,3971.2350142757805,3901.406295372807,3911.3681640625,177824,0.0,0.0
2017-06-21,3902.8981295207022,3907.806923997385,3856.746767069575,3865.4091796875,215935,0.0,0.0
2017-06-22,3882.6861124818706,3934.131175230476,3842.2615173593526,3905.6416015625,363645,0.0,0.0
2017-06-23,3916.277006898233,3931.7731959845432,3841.2991004098685,3848.9990234375,226036,0.0,0.0
2017-06-27,3843.223641858745,3864.44659927432,3718.244186509342,3732.44091796875,339043,0.0,0.0
2017-06-28,3732.537494868313,3817.5254378929853,3696.4922790534574,3809.77734375,261198,0.0,0.0
2017-06-29,3849.961715539045,3849.961715539045,3792.308632842054,3805.446533203125,877055,0.0,0.0
2017-06-30,3834.561619252126,3845.052670251358,3778.737178007994,3810.595703125,244498,0.0,0.0
2017-07-03,3821.086552591718,3859.4898221875433,3787.832465194102,3848.8544921875,218282,0.0,0.0
2017-07-04,3839.3742353995367,3896.161169440292,3827.8725220268666,3868.297119140625,178852,0.0,0.0
2017-07-05,3883.648729596196,3952.370449554213,3875.130595638452,3934.612548828125,169732,0.0,0.0
2017-07-06,3943.1303567342457,3975.0852249795616,3914.4965032322234,3953.284912109375,151491,0.0,0.0
2017-07-07,3946.2103765339907,3986.6349706350707,3934.660492505111,3943.2265625,145864,0.0,0.0
2017-07-10,3986.6928069435457,4018.5807563113817,3955.8658105346135,3989.780029296875,26229,10.0,0.0
2017-07-11,4002.178461636179,4023.4050590701218,3994.459698932927,4005.314208984375,130236,0.0,0.0
2017-07-12,4023.405238778706,4051.7715987569854,4005.0731765396663,4043.908203125,161823,0.0,0.0
2017-07-13,4051.3376468889032,4079.318162564211,4038.504920823445,4051.096435546875,131100,0.0,0.0
2017-07-14,4061.034299766931,4088.918237680422,4035.4178427728584,4074.445556640625,125584,0.0,0.0
2017-07-17,4055.2444175732057,4218.206679316759,4055.2444175732057,4194.90576171875,276947,0.0,0.0
2017-07-18,4203.108054794246,4297.518277720246,4149.800342879782,4178.60107421875,739090,0.0,0.0
2017-07-19,4164.272743705551,4166.202434504302,4040.869111348581,4057.9951171875,446659,0.0,0.0
2017-07-20,4078.208307625763,4084.8661177121385,3989.056687777529,3996.100341796875,292416,0.0,0.0
2017-07-21,4009.8970836164926,4041.351134751577,3994.411504932898,4029.821044921875,122241,0.0,0.0
2017-07-24,4034.0190141778958,4075.507370458606,4015.7350036031507,4049.93896484375,183331,0.0,0.0
2017-07-25,4034.983482734204,4061.9991540676706,3955.8661595433373,3961.365966796875,359976,0.0,0.0
2017-07-26,3970.2422544451583,3978.0575964323734,3924.1708864534903,3931.166015625,238144,0.0,0.0
2017-07-27,3951.0417817160137,3965.51446223512,3889.5328895098123,3900.821533203125,291936,0.0,0.0
2017-07-28,3897.9755620339665,3921.324774477131,3860.3948794076337,3882.73095703125,193195,0.0,0.0
2017-07-31,3901.641916462504,3926.9208190954573,3860.4430645629473,3914.28125,198206,0.0,0.0
2017-08-01,3934.639522086118,3951.041893806438,3909.0711191103255,3924.846435546875,243417,0.0,0.0
2017-08-02,3926.920575826527,3953.936245635653,3900.387328692564,3943.757080078125,132722,0.0,0.0
2017-08-03,3952.9718442683557,3993.2060883422646,3926.9210168836244,3940.814697265625,195349,0.0,0.0
2017-08-04,3946.2176445710734,3974.8737410965978,3920.1668190445653,3937.871826171875,171562,0.0,0.0
2017-08-07,3937.871971286916,3970.097714272969,3900.242999695289,3907.57568359375,159843,0.0,0.0
2017-08-08,3924.89484534287,3942.551564790084,3883.5030683530567,3914.088623046875,236701,0.0,0.0
2017-08-09,3915.3427310845905,3915.3427310845905,3842.111057616963,3857.307373046875,141670,0.0,0.0
2017-08-10,3835.260714578024,3849.7333965198277,3748.4246229272007,3770.230224609375,144452,0.0,0.0
2017-08-11,3774.4751309924554,3834.295544622704,3707.2254550390735,3784.654296875,252752,0.0,0.0
2017-08-14,3815.963613892757,3833.3308313516877,3794.7370147762867,3821.270263671875,83680,0.0,0.0
2017-08-16,3831.401469625823,3832.2216825216888,3753.3455631205525,3802.74560546875,204377,0.0,0.0
2017-08-17,3813.069022229467,3852.0969715625065,3779.396011980027,3794.640380859375,123889,0.0,0.0
2017-08-18,3786.053655896832,3896.625041905389,3786.053655896832,3873.2275390625,276537,0.0,0.0
2017-08-21,3885.239626219213,3915.680546659714,3859.671222313791,3867.00390625,170312,0.0,0.0
2017-08-22,3841.049570081579,3901.062907360611,3826.5768889584383,3835.501708984375,106270,0.0,0.0
2017-08-23,3840.084815164441,3845.873887750116,3795.1712132423186,3812.635009765625,142515,0.0,0.0
2017-08-24,3819.8229288373427,3820.7877742348765,3792.228256244685,3801.153076171875,287019,0.0,0.0
2017-08-28,3816.9283198474814,3854.798500978425,3806.218441915931,3844.088623046875,352378,0.0,0.0
2017-08-29,3805.350219084474,3834.9709254530785,3778.334548157911,3793.38623046875,165202,0.0,0.0
2017-08-30,3820.7878045339503,3882.730832435257,3816.060156271726,3871.972900390625,415975,0.0,0.0
2017-08-31,3890.159963218586,3897.8306723764395,3844.4263867845734,3859.767333984375,257768,0.0,0.0
2017-09-01,3859.3814493905093,3887.3619648985905,3847.803305042338,3858.99560546875,533261,0.0,0.0
2017-09-04,3876.7487067638135,3887.120794518346,3852.6758618311637,3859.767333984375,176316,0.0,0.0
2017-09-05,3878.7752590062646,3964.3567671170945,3864.254287979846,3953.7919921875,216938,0.0,0.0
2017-09-06,3946.2183959880053,4022.44119630171,3934.784881717749,4004.350341796875,250105,0.0,0.0
2017-09-07,4020.510374568426,4032.9567847445637,3956.3962157860874,3971.592529296875,128470,0.0,0.0
2017-09-08,3927.9341090171406,4013.9502220591926,3927.8375302491318,3998.75390625,149642,0.0,0.0
2017-09-11,4015.8797611178256,4044.6319659407873,4005.121357884381,4027.84375,87309,0.0,0.0
2017-09-12,4028.2299019376446,4084.190940096299,4028.2299019376446,4071.88916015625,182205,0.0,0.0
2017-09-13,4054.2796675321474,4078.3527445327245,4027.408633580096,4037.732666015625,160537,0.0,0.0
2017-09-14,4047.333806595487,4076.472329801644,4026.782785426547,4066.244873046875,104714,0.0,0.0
2017-09-15,4053.8463353668576,4077.581628382353,4029.194721815542,4062.916259765625,148198,0.0,0.0
2017-09-18,4086.1208537798875,4090.9450814703005,4052.351259946996,4061.22802734375,57086,0.0,0.0
2017-09-19,4066.7271633393784,4066.7271633393784,4023.4056950428057,4037.106689453125,91465,0.0,0.0
2017-09-20,4039.807479861363,4071.5027438274233,4008.064162074167,4061.6611328125,134462,0.0,0.0
2017-09-21,4045.7896779371827,4094.8036328815865,4004.1081707018343,4019.59375,68443,0.0,0.0
2017-09-22,4002.178563017958,4014.6734989067195,3848.961072365565,3858.99560546875,302353,0.0,0.0
2017-09-25,3849.733354991339,3858.4169640627483,3754.3102339742663,3764.634033203125,300503,0.0,0.0
2017-09-26,3762.897334644015,3796.6186367236523,3701.147224537036,3777.0322265625,394045,0.0,0.0
2017-09-27,3815.8670616674003,3820.8361569208205,3640.651274531236,3664.96533203125,399169,0.0,0.0
2017-09-28,3664.964927510989,3750.8844498877747,3644.4136751984056,3732.697021484375,333828,0.0,0.0
2017-09-29,3741.67039849677,3779.0581571202224,3709.8305008303455,3718.70703125,135081,0.0,0.0
2017-10-03,3775.8258146694293,3806.315022890926,3741.6703824514602,3758.07275390625,128586,0.0,0.0
2017-10-04,3758.2659583253812,3788.7068794541083,3723.821022793183,3736.364013671875,114881,0.0,0.0
2017-10-05,3741.7668615201205,3787.018014398931,3718.7069162250627,3757.49365234375,151360,0.0,0.0
2017-10-06,3772.545761540022,3811.4773702077487,3770.5677812286426,3792.7109375,186262,0.0,0.0
2017-10-09,3787.693459433353,3849.7330644507542,3782.2904666425807,3818.23095703125,164124,0.0,0.0
2017-10-10,3820.7876307987317,3852.965317821694,3818.4238067751053,3831.2080078125,191270,0.0,0.0
2017-10-11,3835.2604869033617,3843.7028842015766,3781.4220661642958,3812.297119140625,225285,0.0,0.0
2017-10-12,3813.2618727251056,3824.9365960738437,3746.3980406216915,3782.0009765625,183939,0.0,0.0
2017-10-13,3762.896806238296,3878.6782464302432,3762.896806238296,3864.20556640625,187181,0.0,0.0
2017-10-16,3897.9754006485296,3903.3786290904336,3845.294747792819,3863.482177734375,297411,0.0,0.0
2017-10-17,3863.1929188603576,3960.883756899545,3863.1446294759326,3945.638916015625,270710,0.0,0.0
2017-10-18,3946.2179632543357,4041.399874428466,3908.7819119925525,3948.340576171875,784453,0.0,0.0
2017-10-19,3932.324043042098,3934.6878671824948,3876.7488532619477,3892.524169921875,37888,0.0,0.0
2017-10-23,3906.65920149021,4075.5071541355014,3906.65920149021,4057.22314453125,486553,0.0,0.0
2017-10-24,4069.7178595929513,4148.8351816618515,4054.3283871587937,4078.498046875,371685,0.0,0.0
2017-10-25,4110.2418367454175,4319.0343090648785,4110.2418367454175,4303.4521484375,675900,0.0,0.0
2017-10-26,4303.211280986106,4351.4535599209285,4270.744321486172,4326.27099609375,510733,0.0,0.0
2017-10-27,4323.47283068507,4343.734586865473,4253.135685596296,4283.76953125,187708,0.0,0.0
2017-10-30,4288.737263035245,4328.295919454693,4274.312637674981,4315.029296875,110319,0.0,0.0
2017-10-31,4315.030194378339,4317.683519446155,4237.649398499647,4246.3330078125,175650,0.0,0.0
2017-11-01,4268.476356366895,4298.386565916482,4253.03882885743,4270.6953125,73374,0.0,0.0
2017-11-02,4288.544609637514,4292.597148730018,4229.110510386895,4244.49951171875,114975,0.0,0.0
2017-11-03,4254.967929863212,4264.61638321891,4200.936591071298,4221.294921875,119929,0.0,0.0
2017-11-06,4230.84661368641,4298.385784258371,4205.808689863744,4272.09375,112295,0.0,0.0
2017-11-07,4276.195127157768,4309.434242077657,4192.012359819204,4219.70361328125,156131,0.0,0.0
2017-11-08,4226.022576946525,4268.813561874629,4182.604536772416,4216.953125,115134,0.0,0.0
2017-11-09,4254.00359674271,4259.889248221542,4190.082585564619,4209.95849609375,146865,0.0,0.0
2017-11-10,4197.077569561029,4333.02419477489,4187.4291153781305,4294.38232421875,376322,0.0,0.0
2017-11-13,4317.683716715688,4327.235593173048,4184.535034501886,4195.775390625,169443,0.0,0.0
2017-11-14,4204.79676789914,4234.7069789603775,4197.0780037543045,4208.0771484375,120260,0.0,0.0
2017-11-15,4202.86649368342,4202.86649368342,4112.171027566285,4155.2998046875,203169,0.0,0.0
2017-11-16,4163.308279367121,4177.780961682418,4114.3423708670325,4122.88134765625,127671,0.0,0.0
2017-11-17,4159.449094956607,4196.306382783037,4092.199172824647,4117.0439453125,275645,0.0,0.0
2017-11-20,4081.2965144753744,4091.4273923481855,4023.79162775508,4034.308349609375,214322,0.0,0.0
2017-11-21,4043.667181503905,4062.578246082013,3982.929973473741,4017.037353515625,296266,0.0,0.0
2017-11-22,4020.607118921987,4089.6416146966,4020.607118921987,4081.681640625,205993,0.0,0.0
2017-11-23,4086.120343366677,4109.759056096897,4024.659501821733,4038.022705078125,273052,0.0,0.0
2017-11-24,4038.023717475648,4096.734670077141,4038.023717475648,4092.19970703125,277735,0.0,0.0
2017-11-27,4081.2002194106353,4134.266726242915,4057.368816284651,4121.8203125,225700,0.0,0.0
2017-11-28,4121.819228705397,4169.868337447605,4102.860112290919,4125.58203125,165542,0.0,0.0
2017-11-29,4134.266697458954,4163.308643400895,4113.81225400107,4137.0166015625,147547,0.0,0.0
2017-11-30,4120.855140183116,4121.289509105523,4039.8561718213996,4056.017333984375,233153,0.0,0.0
2017-12-01,4079.3662388641965,4099.145569019522,4007.6784160646716,4037.829833984375,144542,0.0,0.0
2017-12-04,4029.1944882625025,4050.179876222203,3947.4721280091926,3965.562744140625,236418,0.0,0.0
2017-12-05,3975.1629026510977,3989.4424256026105,3929.815170509204,3963.8740234375,123027,0.0,0.0
2017-12-06,3954.9011209885116,3965.4663661010877,3875.1567464022983,3895.466552734375,176862,0.0,0.0
2017-12-07,3891.2214565383224,3973.233314660256,3878.7750452347645,3938.354248046875,178897,0.0,0.0
2017-12-08,3962.6203031843925,4035.0317664920894,3941.586625050295,4019.11181640625,176333,0.0,0.0
2017-12-11,4041.737263038701,4108.263539880029,4041.737263038701,4091.474853515625,157581,0.0,0.0
2017-12-12,4081.2956660052178,4109.855181437318,4020.12456750387,4074.059326171875,176379,0.0,0.0
2017-12-13,4072.323054027284,4196.112526929522,4034.597505722028,4124.0869140625,242129,0.0,0.0
2017-12-14,4150.909538937841,4162.34305113877,4089.207958343524,4118.1533203125,155066,0.0,0.0
2017-12-15,4147.870868979407,4174.88654339937,4109.083890830069,4160.220703125,248023,0.0,0.0
2017-12-18,4136.774277969904,4168.1317506309,4054.280003738667,4158.38671875,171295,0.0,0.0
2017-12-19,4167.0703483731795,4216.37403833061,4167.0703483731795,4207.2080078125,165588,0.0,0.0
2017-12-20,4206.726712717072,4216.375168480185,4161.137759236365,4180.7724609375,98899,0.0,0.0
2017-12-21,4171.12341775427,4229.303409365937,4154.913731685451,4180.43408203125,77428,0.0,0.0
2017-12-22,4171.026811808781,4196.884480997493,4116.030622062516,4138.12548828125,98020,0.0,0.0
2017-12-26,4147.967214587296,4212.418702919853,4131.90263188879,4187.76708984375,150416,0.0,0.0
2017-12-27,4161.378682255931,4185.451766163086,4115.210730405575,4127.31982421875,85346,0.0,0.0
2017-12-28,4128.573448562885,4143.625130960309,4100.592932085127,4126.11328125,135145,0.0,0.0
2017-12-29,4119.890633410592,4180.675905051076,4119.890633410592,4168.7119140625,172445,0.0,0.0
2018-01-01,4150.958168963535,4167.939071522492,4093.8871852771535,4106.43017578125,166780,0.0,0.0
2018-01-02,4134.361661486029,4149.799184609431,4094.609850996943,4102.81103515625,141217,0.0,0.0
2018-01-03,4106.382446006387,4162.343484979218,4096.154989488159,4150.71728515625,166916,0.0,0.0
2018-01-04,4150.861642167451,4197.077644303375,4144.011145352412,4192.73583984375,149645,0.0,0.0
2018-01-05,4206.533140799242,4256.898263367974,4197.125897356848,4241.267578125,165179,0.0,0.0
2018-01-08,4245.32006681221,4277.545811278003,4217.532705730366,4269.73046875,176265,0.0,0.0
2018-01-09,4277.064178504837,4320.578811449883,4231.137431439955,4271.22705078125,137512,0.0,0.0
2018-01-10,4272.335202756695,4272.335202756695,4222.742246071632,4248.4072265625,108721,0.0,0.0
2018-01-11,4264.471701335697,4279.089013777397,4227.56636767685,4251.205078125,111608,0.0,0.0
2018-01-12,4257.669647908755,4280.2474074543925,4198.621391332267,4250.62646484375,77493,0.0,0.0
2018-01-15,4262.494067104423,4405.33971953593,4248.600386761102,4361.24609375,318055,0.0,0.0
2018-01-16,4368.819410927698,4429.60466333239,4352.417041231194,4385.318359375,315736,0.0,0.0
2018-01-17,4382.328609171274,4438.193073836453,4340.792195542638,4384.49951171875,325182,0.0,0.0
2018-01-18,4394.387312595146,4397.523059387534,4216.373379304157,4253.66455078125,626579,0.0,0.0
2018-01-19,4214.444940043604,4228.338620348032,4120.854931072856,4148.83544921875,311100,0.0,0.0
2018-01-22,4172.956534511222,4191.529809260203,4110.772057359819,4177.78076171875,179728,0.0,0.0
2018-01-23,4191.964303855629,4252.122042044637,4149.800368351134,4220.90966796875,250337,0.0,0.0
2018-01-24,4211.35677804909,4215.361263127965,4124.810433176781,4132.4326171875,244058,0.0,0.0
2018-01-25,4134.362865764351,4236.58843242024,4131.468329335578,4206.67822265625,279951,0.0,0.0
2018-01-29,4216.3741924348715,4257.9591213706235,4179.034488828965,4236.3466796875,263874,0.0,0.0
2018-01-30,4229.785983506095,4230.413038841636,4154.624615228976,4209.81396484375,201842,0.0,0.0
2018-01-31,4209.813731242184,4251.012348067809,4177.780674804242,4227.95263671875,189153,0.0,0.0
2018-02-01,4227.951848240266,4269.440193624641,4194.809319971673,4237.06982421875,268309,0.0,0.0
2018-02-02,4214.4448556308225,4214.4448556308225,3983.846796909264,4032.5234375,240012,0.0,0.0
2018-02-05,3977.913573769473,4032.8612452238845,3909.6024616538407,4000.635498046875,178020,0.0,0.0
2018-02-06,3840.08443705113,3970.0973460693813,3809.788387725713,3948.774169921875,298939,0.0,0.0
2018-02-07,4011.730749203391,4021.3311497501277,3908.588866187515,3938.06494140625,262748,0.0,0.0
2018-02-08,3941.39318083069,4034.8865992690785,3909.504995499651,4020.510498046875,188256,0.0,0.0
2018-02-09,3917.272348393914,4021.3790734790314,3911.5315653397565,4007.292236328125,181041,0.0,0.0
2018-02-12,4023.4055081633637,4074.011840231603,4016.2172211472475,4052.64013671875,218964,0.0,0.0
2018-02-14,4052.3511171940486,4058.6706667994754,4008.9330695098265,4028.71240234375,152754,0.0,0.0
2018-02-15,4043.087852738345,4080.4275561587883,4013.8047021982798,4040.627685546875,122433,0.0,0.0
2018-02-16,4057.175462940446,4110.145388435544,3998.4645180823086,4019.88427734375,114025,0.0,0.0
2018-02-19,3997.402445880499,4066.8232591177325,3934.0123873581006,3971.882568359375,131776,0.0,0.0
2018-02-20,3955.8664857536287,4037.878351921692,3940.7184587612414,3995.039306640625,123931,0.0,0.0
2018-02-21,4018.6774849760723,4026.2516152409817,3975.2109190352044,3986.306640625,170432,0.0,0.0
2018-02-22,3986.306793705328,3986.306793705328,3929.0433609841903,3955.76953125,196243,0.0,0.0
2018-02-23,3974.969833214563,3988.912037490094,3920.6975158043097,3971.689453125,136480,0.0,0.0
2018-02-26,3975.16309335054,4003.143610269755,3975.16309335054,3995.231689453125,129762,0.0,0.0
2018-02-27,4002.1785228513304,4038.070958416799,3994.2666025131257,4029.290771484375,179366,0.0,0.0
2018-02-28,3979.9871123527423,4046.513388410428,3979.9871123527423,4009.511474609375,160018,0.0,0.0
2018-03-01,4009.559717255429,4033.0537971149165,3986.0656373959414,4007.292236328125,198915,0.0,0.0
2018-03-05,3971.4968012499603,3989.056704760146,3932.1791158664973,3951.427734375,124424,0.0,0.0
2018-03-06,3962.6198457989785,4027.8915393937455,3958.4711992472994,4004.3974609375,235296,0.0,0.0
2018-03-07,4013.7568708597673,4023.887747577082,3949.1122289492855,3968.843505859375,188355,0.0,0.0
2018-03-08,3960.931758859646,3988.2852214193954,3921.276516889273,3975.066650390625,154031,0.0,0.0
2018-03-09,3970.338781798839,3989.2013207362324,3909.5052328178876,3936.424560546875,135949,0.0,0.0
2018-03-12,3936.424307685217,4038.6979125057314,3931.6481348628113,4029.194091796875,102681,0.0,0.0
2018-03-13,3997.355175605609,4061.1315616722873,3996.1971724812647,4023.406005859375,138444,0.0,0.0
2018-03-14,4007.099623302021,4094.803978091203,3999.04306979112,4081.537353515625,237294,0.0,0.0
2018-03-15,4081.2963556296927,4081.2963556296927,4009.8977905430265,4042.12353515625,188385,0.0,0.0
2018-03-16,3995.4250514121477,4020.317875843439,3862.565878630129,3884.75732421875,527458,0.0,0.0
2018-03-19,3916.307662920727,3922.5791583158943,3820.7879638250993,3832.751953125,193770,0.0,0.0
2018-03-20,3829.471294283278,3858.320076779439,3772.7383391082317,3798.4033203125,155144,0.0,0.0
2018-03-21,3820.7879688826924,3911.483440871322,3819.2924113287327,3858.60986328125,205143,0.0,0.0
2018-03-22,3858.4165203433836,3870.959509781859,3775.0539770677697,3787.16259765625,180643,0.0,0.0
2018-03-23,3715.6195916273396,3761.883880900721,3679.052045621315,3737.56982421875,249194,0.0,0.0
2018-03-26,3727.197852860463,3830.436312673062,3691.691494336687,3811.139404296875,156418,0.0,0.0
2018-03-27,3810.6570345585446,3849.781563946717,3785.0886306046764,3838.734130859375,106468,0.0,0.0
2018-03-28,3835.163961002042,3835.163961002042,3785.088577989023,3811.139404296875,464340,0.0,0.0
2018-04-02,3978.057359454529,3978.057359454529,3785.1365797354283,3838.63720703125,303869,0.0,0.0
2018-04-03,3827.5417236592793,3851.277014858016,3776.88733986999,3812.297119140625,240321,0.0,0.0
2018-04-04,3813.0690147476334,3835.2121695308942,3736.4603843324153,3744.8544921875,177225,0.0,0.0
2018-04-05,3796.666795817173,3839.9402079037404,3777.3698870709613,3827.156005859375,124669,0.0,0.0
2018-04-06,3811.139405131385,3848.9130090628564,3782.242331943311,3810.656982421875,214201,0.0,0.0
2018-04-09,3817.025304624846,3835.2125006212864,3764.296357711724,3780.45751953125,107499,0.0,0.0
2018-04-10,3806.121991008058,3809.064816442727,3770.663924328329,3793.0,115836,0.0,0.0
2018-04-11,3783.1590723346517,3798.5483104063615,3753.248862887476,3786.6806640625,139653,0.0,0.0
2018-04-12,3748.473167205797,3762.8975607437164,3729.1279672498626,3736.17138671875,218223,0.0,0.0
2018-04-13,3748.2313537201076,3768.396527801117,3726.715254781558,3742.5869140625,304761,0.0,0.0
2018-04-16,3729.2724715383315,3786.102012540237,3729.2724715383315,3779.2998046875,180569,0.0,0.0
2018-04-17,3782.193852112451,3806.3149863733724,3765.357347509919,3779.54052734375,103447,0.0,0.0
2018-04-18,3795.7019075666317,3867.775813809189,3784.5578957797984,3852.000732421875,159338,0.0,0.0
2018-04-19,3874.0472257506835,4017.133846523731,3866.6662526204614,3959.195068359375,449754,0.0,0.0
2018-04-20,3960.6901227888156,3989.153060333827,3915.3906811635143,3937.437255859375,192832,0.0,0.0
2018-04-23,3928.947005178937,4016.3135667600873,3928.947005178937,3998.030029296875,111251,0.0,0.0
2018-04-24,4021.4759138685745,4026.9757214869924,3952.0070401165262,3974.439697265625,378441,0.0,0.0
2018-04-25,3988.67069497536,4016.409998913566,3935.6042004848805,3989.4423828125,482116,0.0,0.0
2018-04-26,4028.22960057218,4028.22960057218,3885.1912680488686,3936.03857421875,512593,0.0,0.0
2018-04-27,3934.157598573649,3977.9134370262286,3894.116509587553,3919.540283203125,127581,0.0,0.0
2018-04-30,3955.817999647889,3982.8336702569554,3934.687744515311,3964.405029296875,177986,0.0,0.0
2018-05-02,3968.215936396081,3975.1149578357445,3852.62764697916,3875.301513671875,217139,0.0,0.0
2018-05-03,3887.169296032183,3888.0858520745,3841.5320603100995,3854.895263671875,146828,0.0,0.0
2018-05-04,3858.3205373910105,3892.4762090864338,3820.788142037121,3845.7294921875,212463,0.0,0.0
2018-05-07,3864.2054213335596,3907.6234597755097,3830.4358358787094,3891.60693359375,133722,0.0,0.0
2018-05-08,3903.957640611642,3933.4337164316407,3891.2217276921097,3921.228515625,202627,0.0,0.0
2018-05-09,3931.5521318155397,3936.569280846202,3815.9636043496885,3826.818115234375,230272,0.0,0.0
2018-05-10,3827.541746181065,3875.591094769798,3791.842465967125,3857.982666015625,263132,0.0,0.0
2018-05-11,3869.9948745220595,3941.3934336630796,3829.0372346669437,3928.464599609375,97087,0.0,0.0
2018-05-14,3941.3938025532034,4008.932986440284,3913.1720721432443,3962.66845703125,346826,0.0,0.0
2018-05-15,3965.514691571115,3993.977631571443,3933.8194251780724,3964.839111328125,211226,0.0,0.0
2018-05-16,3946.218193659752,3946.218193659752,3830.5813633705125,3850.457275390625,218521,0.0,0.0
2018-05-17,3857.4520223088443,3878.485699757189,3801.4909874679456,3818.665283203125,241558,0.0,0.0
2018-05-18,3792.855639952218,3802.5040941637917,3716.053850204907,3723.19384765625,382059,0.0,0.0
2018-05-21,3762.8487619562115,3877.7136536733806,3680.1132690966715,3716.82568359375,516801,0.0,0.0
2018-05-22,3705.006542075456,3744.613495060018,3589.2250876355974,3623.525390625,976312,0.0,0.0
2018-05-23,3618.1702983749624,3618.1702983749624,3560.3278629832002,3570.699951171875,333394,0.0,0.0
2018-05-24,3569.9284395139985,3593.036442706822,3504.077732487828,3529.790771484375,398238,0.0,0.0
2018-05-25,3564.0425004019853,3569.9281518484913,3533.2640248835605,3552.70556640625,271222,0.0,0.0
2018-05-28,3561.2446120436466,3613.297977779452,3555.4555392524626,3599.1630859375,369098,0.0,0.0
2018-05-29,3618.1702727840543,3642.2914079359484,3570.8928478863427,3585.413818359375,347743,0.0,0.0
2018-05-30,3560.2796560078164,3601.478508980649,3560.2796560078164,3576.34423828125,201412,0.0,0.0
2018-05-31,3575.76516695557,3632.594464013893,3557.095315155191,3613.249267578125,733987,0.0,0.0
2018-06-01,3618.0738350538422,3618.0738350538422,3531.334323889685,3558.49462890625,232438,0.0,0.0
2018-06-04,3572.629229941254,3594.9170150738596,3498.529063665435,3580.685546875,200526,0.0,0.0
2018-06-05,3579.5765730448466,3579.5765730448466,3508.226300054913,3547.592041015625,204863,0.0,0.0
2018-06-06,3536.1580115916186,3592.504882682756,3503.69106158831,3566.406005859375,200850,0.0,0.0
2018-06-07,3593.9521511440794,3603.4559715389264,3572.2431319702055,3592.263671875,149988,0.0,0.0
2018-06-08,3583.4361761984123,3597.9571480412383,3535.772902865278,3584.545654296875,281709,0.0,0.0
2018-06-11,3596.943843084207,3695.358079134258,3584.352562830915,3656.86083984375,283522,0.0,0.0
2018-06-12,3680.788706190133,3680.788706190133,3623.332349756006,3633.80078125,262627,0.0,0.0
2018-06-13,3643.256164444631,3700.1820420140784,3615.179069589739,3666.991455078125,239285,0.0,0.0
2018-06-14,3656.764198912845,3656.764198912845,3613.3461543347244,3634.57275390625,235397,0.0,0.0
2018-06-15,3632.6425914479983,3658.693414812964,3542.7673450620414,3561.87109375,588115,0.0,0.0
2018-06-18,3556.9506602741453,3577.6465458509333,3513.0019076168414,3540.5,238900,0.0,0.0
2018-06-19,3523.6154852080763,3531.3342485929793,3485.407512229622,3519.756103515625,249879,0.0,0.0
2018-06-20,3524.580426158721,3534.2288806513534,3497.564753579349,3522.988525390625,222658,0.0,0.0
2018-06-21,3543.8774372044427,3543.8774372044427,3473.443717379797,3489.74951171875,321887,0.0,0.0
2018-06-22,3496.5996322451892,3526.220338088877,3437.744064483888,3513.05029296875,330296,0.0,0.0
2018-06-25,3524.579923519956,3637.466824985008,3503.9323280734548,3620.099609375,498922,0.0,0.0
2018-06-26,3620.1002893372456,3728.1146951551013,3618.170598351458,3705.103271484375,582262,0.0,0.0
2018-06-27,3714.6548112944943,3721.79457307224,3618.1702707413906,3640.50634765625,394258,0.0,0.0
2018-06-28,3640.506434521365,3651.8916576898832,3556.0344056979275,3590.57568359375,545895,0.0,0.0
2018-06-29,3617.2053102662453,3695.7436295548464,3584.4488569020987,3684.358642578125,320835,0.0,0.0
2018-07-02,3664.4829957637176,3692.270591658354,3602.82946612453,3644.5107421875,224587,0.0,0.0
2018-07-03,3651.9398565150977,3651.9398565150977,3599.2111493753887,3618.025634765625,244401,0.0,0.0
2018-07-04,3625.889247301163,3671.236984028985,3603.6978016683993,3657.391357421875,190572,0.0,0.0
2018-07-05,3663.5178418495952,3823.826804624917,3659.99625049923,3797.87255859375,499755,0.0,0.0
2018-07-06,3772.7866502648817,3857.451832429895,3753.248531303725,3815.33642578125,327395,0.0,0.0
2018-07-09,3820.787944496538,3873.4685997726324,3753.7311863797427,3762.173583984375,282644,0.0,0.0
2018-07-10,3782.7318021120586,3844.6486397936883,3774.169769923799,3830.910888671875,186488,10.5,0.0
2018-07-11,3817.366439260134,3833.039090979913,3793.6154809452255,3823.171142578125,236871,0.0,0.0
2018-07-12,3832.071976748264,3918.175083521957,3810.8364824850137,3818.479248046875,558480,0.0,0.0
2018-07-13,3852.0981133867913,3893.2631847948205,3821.429975756859,3834.732421875,237239,0.0,0.0
2018-07-16,3834.9743114021257,3848.0833147255626,3709.3991719282103,3738.229248046875,284241,0.0,0.0
2018-07-17,3749.8383267817794,3797.727128942692,3715.3003894317962,3768.413330078125,175938,0.0,0.0
2018-07-18,3778.8621356917874,3848.131694817501,3685.9868758283947,3724.05615234375,798285,0.0,0.0
2018-07-19,3715.9776586247895,3751.966772776474,3659.8655252740377,3731.69873046875,342317,0.0,0.0
2018-07-20,3705.3358237354732,3758.5456071050426,3705.3358237354732,3745.678466796875,196849,0.0,0.0
2018-07-23,3758.5455614098946,3912.2733664710445,3752.789277608696,3879.13818359375,257170,0.0,0.0
2018-07-24,3918.1751307752943,4092.316247698641,3918.1751307752943,4002.149658203125,548782,0.0,0.0
2018-07-25,4000.4084530471505,4000.4084530471505,3854.6136867734476,3913.19287109375,247468,0.0,0.0
2018-07-26,3913.337384762767,4037.1228687440043,3908.4517123588166,4007.953857421875,839947,0.0,0.0
2018-07-27,4039.1062516787943,4053.5698270920966,3966.7411358134927,3990.39501953125,190337,0.0,0.0
2018-07-30,3996.0550299808488,4111.665386132093,3990.7340512458545,4105.23193359375,329539,0.0,0.0
2018-07-31,4098.410840481393,4104.892948539871,4035.672046175713,4057.294189453125,251535,0.0,0.0
2018-08-01,4068.6137974671165,4092.268155331628,4018.1613394449205,4056.56884765625,159147,0.0,0.0
2018-08-02,4050.714933913085,4086.510599677304,4016.854169000986,4047.328857421875,135635,0.0,0.0
2018-08-03,4063.2923213402014,4083.4151038811765,4016.854694810599,4032.092041015625,205260,0.0,0.0
2018-08-06,4039.105780718254,4072.9665477422395,4002.390845804217,4041.814453125,184759,0.0,0.0
2018-08-07,4034.2690319642143,4130.046642075595,4029.4799625034484,4069.774658203125,461061,0.0,0.0
2018-08-08,4074.901773682376,4121.339400732888,4054.8271744886656,4105.95703125,297215,0.0,0.0
2018-08-09,4103.925427801133,4179.33839070661,4078.2879870098245,4170.48583984375,336669,0.0,0.0
2018-08-10,4174.548683117189,4192.156470225943,4092.315395037245,4107.98828125,287805,0.0,0.0
2018-08-13,4088.446627841972,4088.446627841972,4039.1066425083372,4057.681884765625,155075,0.0,0.0
2018-08-14,4057.4883154257504,4198.687936816923,4057.4883154257504,4159.16748046875,455836,0.0,0.0
2018-08-16,4145.525247391198,4145.573430959335,4063.3401413378065,4076.3525390625,430146,0.0,0.0
2018-08-17,4121.339456226728,4168.30899276445,4067.5977656529526,4146.203125,262047,0.0,0.0
2018-08-20,4152.200995324961,4198.541783021123,4133.916274080551,4160.71484375,135703,0.0,0.0
2018-08-21,4164.87504559888,4250.0107027446875,4164.4881598167285,4208.60400390625,271157,0.0,0.0
2018-08-23,4232.5962651721275,4241.206480811111,4163.9072743544775,4205.74951171875,189320,0.0,0.0
2018-08-24,4190.02884988723,4255.815495417668,4140.6888657394,4175.51708984375,241765,0.0,0.0
2018-08-27,4189.061404710192,4237.433938251879,4180.0156464602915,4228.533203125,200121,0.0,0.0
2018-08-28,4238.400754006445,4314.82934555324,4208.409787703272,4283.5322265625,301809,0.0,0.0
2018-08-29,4290.595303963262,4290.595303963262,4233.080175812079,4258.66943359375,177155,0.0,0.0
2018-08-30,4259.684992620736,4300.317917828565,4243.238332417567,4282.3232421875,332154,0.0,0.0
2018-08-31,4281.936390225254,4347.3843293668915,4254.895956781401,4329.8251953125,299423,0.0,0.0
2018-09-03,4324.504158186363,4324.504158186363,4212.666774964618,4231.193359375,150383,0.0,0.0
2018-09-04,4231.145490300682,4231.145490300682,4040.073983650542,4064.4052734375,325798,0.0,0.0
2018-09-05,4061.357530867328,4111.664960978119,3972.35207759439,4024.0625,384529,0.0,0.0
2018-09-06,4071.9991742060724,4132.851716472975,3995.618767906261,4018.015625,373709,0.0,0.0
2018-09-07,4048.1034638189835,4148.138236418305,4014.92009631548,4129.27294921875,196079,0.0,0.0
2018-09-10,4121.339470094395,4121.339470094395,4003.3104993546035,4019.41845703125,337900,0.0,0.0
2018-09-11,4019.5155943661503,4051.6351449515278,3956.002553572043,3973.900390625,318329,0.0,0.0
2018-09-12,4003.310333787283,4003.6003799940463,3923.979389521803,3963.01611328125,233072,0.0,0.0
2018-09-14,4007.0836995647173,4062.712111201269,3962.145664707556,4052.74755859375,635121,0.0,0.0
2018-09-17,4020.724998238927,4039.0583774531906,3957.5020022611025,3969.933837890625,210529,0.0,0.0
2018-09-18,3968.4823704542905,3979.0274875412833,3896.2622774734746,3927.801025390625,268420,0.0,0.0
2018-09-19,3954.9377585748316,3954.9377585748316,3914.062973765686,3918.851806640625,322516,0.0,0.0
2018-09-21,3932.154370084445,3966.2572384206974,3783.215404038071,3936.89501953125,551314,0.0,0.0
2018-09-24,3927.8491781006182,3927.8491781006182,3798.984813880546,3845.51904296875,421511,0.0,0.0
2018-09-25,3840.778572686029,3917.2071639309142,3821.4295622442855,3897.56787109375,248960,0.0,0.0
2018-09-26,3908.6939397131177,3968.821137339883,3893.7952946731043,3935.15380859375,283138,0.0,0.0
2018-09-27,3956.728019727218,4076.546873705084,3891.0864005657822,3986.283447265625,525917,0.0,0.0
2018-09-28,4015.887449964837,4016.1774961903175,3883.39513722467,3927.801025390625,318703,0.0,0.0
2018-10-01,3918.1746005141936,3918.1746005141936,3728.5542988596794,3811.948486328125,427828,0.0,0.0
2018-10-03,3826.2669341211167,3842.278287999535,3688.9373754690178,3734.6494140625,500577,0.0,0.0
2018-10-04,3708.673370510266,3832.265181833602,3654.9314436705968,3815.286376953125,535184,0.0,0.0
2018-10-05,3797.0984073859704,3797.0984073859704,3645.8374185498096,3670.31396484375,380282,0.0,0.0
2018-10-08,3647.2886003491453,3663.2515345416546,3581.0666569529553,3636.5498046875,427278,0.0,0.0
2018-10-09,3655.9955975932457,3740.115374966975,3622.134828629032,3658.89794921875,215436,0.0,0.0
2018-10-10,3658.8978782641693,3704.368052848626,3603.753198448977,3655.028076171875,273039,0.0,0.0
2018-10-11,3594.078927495447,3618.168352612638,3513.006521138447,3568.683349609375,241641,0.0,0.0
2018-10-12,3606.655902688297,3690.8241064259264,3584.549561596849,3671.6201171875,289631,0.0,0.0
2018-10-15,3695.661433219532,3695.661433219532,3542.9010721198124,3587.69384765625,234650,0.0,0.0
2018-10-16,3622.1349849740345,3689.856525825579,3586.0006111992216,3630.5517578125,308164,0.0,0.0
2018-10-17,3662.2842663466017,3667.12151937308,3594.0789986732602,3601.818603515625,166654,0.0,0.0
2018-10-19,3492.4965048851795,3531.1945270999736,3410.2632076787418,3492.109619140625,758353,0.0,0.0
2018-10-22,3480.8874115715007,3480.8874115715007,3333.9317534594106,3350.5234375,709687,0.0,0.0
2018-10-23,3341.3807371397056,3348.2494942878425,3154.3240799218447,3234.81591796875,809289,0.0,0.0
2018-10-24,3266.209777232237,3324.3049916861446,3221.9489161836823,3273.417236328125,354011,0.0,0.0
2018-10-25,3233.219793368419,3278.931832637317,3170.819231826748,3238.540771484375,519442,0.0,0.0
2018-10-26,3242.120348037329,3288.751418921087,3184.8473207355605,3276.46484375,270475,0.0,0.0
2018-10-29,3294.120993835801,3342.832227806818,3253.536486918717,3329.6748046875,278127,0.0,0.0
2018-10-30,3328.030286647527,3386.9963574235994,3311.1483197869106,3350.910400390625,159145,0.0,0.0
2018-10-31,3357.053628475083,3405.3293196058144,3264.178369589317,3385.49658203125,371435,0.0,0.0
2018-11-01,3407.3611090511768,3498.2530482392244,3357.0536764359977,3484.41845703125,227757,0.0,0.0
2018-11-02,3473.1476543608005,3741.1314705886393,3473.1476543608005,3609.36474609375,444425,0.0,0.0
2018-11-05,3595.965425334409,3671.861876924857,3538.7892371488474,3651.690673828125,229476,0.0,0.0
2018-11-06,3651.6905041822442,3683.6163721874727,3590.741119808627,3622.521728515625,277572,0.0,0.0
2018-11-07,3647.2883009875736,3682.1165181853326,3628.03613095862,3659.478271484375,52687,0.0,0.0
2018-11-09,3675.151560925345,3703.5460956664288,3646.6601866420688,3693.58154296875,200993,0.0,0.0
2018-11-12,3697.4989492675954,3763.237399302988,3591.4665168207403,3605.54296875,287420,0.0,0.0
2018-11-13,3608.5903162245563,3723.9587867901805,3603.2209187833378,3705.238525390625,213510,0.0,0.0
2018-11-14,3713.075471647546,3848.8088405831018,3705.6745688979163,3789.552490234375,449597,0.0,0.0
2018-11-15,3799.9521838584665,3805.756886954275,3705.3838959225805,3785.58544921875,233272,0.0,0.0
2018-11-16,3823.3646339893,3850.4532498171593,3783.7475805798526,3833.426025390625,220575,0.0,0.0
2018-11-19,3841.1657706304895,3915.2725811234204,3823.8000795863218,3900.71240234375,448367,0.0,0.0
2018-11-20,3901.7284237968674,3914.789007412354,3831.1045272094207,3847.01904296875,183485,0.0,0.0
2018-11-21,3851.1302905450116,3922.0444618724227,3808.901169245412,3912.176513671875,310675,0.0,0.0
2018-11-22,3918.1750722675797,3918.1750722675797,3810.7880517683943,3821.81689453125,235065,0.0,0.0
2018-11-26,3863.997324709335,3869.8020277509613,3813.5448752501206,3830.958984375,274495,0.0,0.0
2018-11-27,3852.3880419251327,3897.858217206519,3821.671487346749,3874.639404296875,290501,0.0,0.0
2018-11-28,3874.8329282768964,3908.5002549394285,3852.5815654393696,3873.5751953125,293918,0.0,0.0
2018-11-29,3908.4036715297425,3926.011461797186,3881.4118936660457,3899.212890625,495678,0.0,0.0
2018-11-30,3898.826088660348,3948.16607142007,3856.1614208552223,3869.4638671875,637323,0.0,0.0
2018-12-03,3908.5007943770074,3966.5478358776563,3884.217687538296,3915.27294921875,356511,0.0,0.0
2018-12-04,3934.6215129408192,3971.626497664199,3890.409068627762,3899.45458984375,228182,0.0,0.0
2018-12-05,3889.441706687651,3898.2453654590245,3825.4447075793823,3839.85986328125,175670,0.0,0.0
2018-12-06,3816.641084671884,3827.0895985218235,3699.482721063819,3738.712890625,271400,0.0,0.0
2018-12-07,3777.8943775950615,3829.1692564715117,3753.7565337401325,3804.499267578125,188598,0.0,0.0
2018-12-10,3753.8050417942777,3753.8050417942777,3639.3555924092566,3653.62548828125,291666,0.0,0.0
2018-12-11,3626.972322957562,3769.187562081265,3603.8019281758666,3748.00048828125,324889,0.0,0.0
2018-12-12,3760.383586250977,3821.429812672789,3747.7585450655665,3804.402587890625,183942,0.0,0.0
2018-12-13,3866.8998691478987,3866.8998691478987,3797.2434291732557,3820.55908203125,213593,0.0,0.0
2018-12-14,3907.5328881962682,3912.1766982138092,3845.6160511463645,3874.68798828125,312029,0.0,0.0
2018-12-17,3885.1845924986646,3890.650829855239,3835.9414536868107,3878.799560546875,130496,0.0,0.0
2018-12-18,3868.83468966002,3886.3456388219943,3848.518228423996,3877.686767578125,196490,0.0,0.0
2018-12-19,3879.476853307681,4037.8968869059686,3874.7364399096646,3951.600341796875,990102,0.0,0.0
2018-12-20,3942.361180013093,3999.4407651961046,3872.9950194955877,3908.839111328125,541116,0.0,0.0
2018-12-21,3898.8259711748256,3947.1985018345626,3826.750900491817,3854.613525390625,390384,0.0,0.0
2018-12-24,3821.4297716509295,3880.3474171970156,3777.894495771362,3789.64892578125,322548,0.0,0.0
2018-12-26,3764.4472252861656,3877.5421089873635,3731.505484232241,3866.029541015625,224353,0.0,0.0
2018-12-27,3884.313969134985,3889.634947174896,3826.2669359723204,3852.871826171875,255449,0.0,0.0
2018-12-28,3856.838731454851,3891.0863888833856,3855.2907159871434,3874.59130859375,196548,0.0,0.0
2018-12-31,3898.825867681218,3901.4863567968814,3850.4533383055204,3861.046875,157905,0.0,0.0
2019-01-01,3869.8023826181516,3883.6853931433916,3837.150925014811,3878.702880859375,92921,0.0,0.0
2019-01-02,3869.8025581836687,3888.135700564263,3844.6004217846967,3875.7041015625,143828,0.0,0.0
2019-01-03,3879.4771088236607,3884.314362076558,3749.790301874682,3773.10595703125,223538,0.0,0.0
2019-01-04,3800.1459523785616,3800.1459523785616,3727.587157462983,3787.1337890625,220079,0.0,0.0
2019-01-07,3806.917990635147,3855.677404855903,3786.4565055696835,3798.9365234375,220371,0.0,0.0
2019-01-08,3787.5694153136633,3815.093339943487,3715.0106142540144,3788.8271484375,271012,0.0,0.0
2019-01-09,3789.503927931491,3806.821198863641,3676.312209890137,3693.000732421875,248627,0.0,0.0
2019-01-10,3695.6613802353772,3721.78254705903,3680.2305900357596,3693.919921875,138524,0.0,0.0
2019-01-11,3693.920053437639,3726.1846273447013,3629.004256032105,3647.482421875,248857,0.0,0.0
2019-01-14,3647.4820029114594,3673.361305028461,3616.2817227890932,3653.673828125,198557,0.0,0.0
2019-01-15,3668.5722521430275,3719.8471280300478,3648.3042116491215,3703.061767578125,298881,0.0,0.0
2019-01-16,3717.912401125245,3780.7966858177097,3710.366239723354,3760.480224609375,201711,0.0,0.0
2019-01-17,3765.3176653924306,3787.3271661343824,3685.9867176631965,3721.250244140625,235993,0.0,0.0
2019-01-18,3733.3917853272756,3733.3917853272756,3648.836699178387,3695.61279296875,237908,0.0,0.0
2019-01-21,3685.9867931754657,3741.615202783757,3666.6377811377993,3724.24951171875,279969,0.0,0.0
2019-01-22,3724.684786342645,3760.4804583152886,3677.182867706756,3734.843017578125,220491,0.0,0.0
2019-01-23,3736.2943799690875,3759.5616151515073,3715.7360538234784,3725.313720703125,171340,0.0,0.0
2019-01-24,3730.489512811699,3752.305571075888,3647.337180998069,3667.31494140625,808713,0.0,0.0
2019-01-25,3676.3120385289894,3676.3120385289894,3366.776286629009,3396.525390625,1593195,0.0,0.0
2019-01-28,3395.7514972600784,3395.7514972600784,3223.9806014917863,3264.613525390625,1260559,0.0,0.0
2019-01-29,3265.145173689163,3395.654141116966,3260.307921579994,3298.667236328125,754743,0.0,0.0
2019-01-30,3308.6810909317096,3354.4415520889506,3255.471307305615,3330.158447265625,303793,0.0,0.0
2019-01-31,3341.5741324921137,3424.774878118727,3320.3870603508344,3404.797119140625,621043,0.0,0.0
2019-02-01,3415.1007083172435,3423.372458404801,3333.8348557680515,3370.25927734375,745604,0.0,0.0
2019-02-04,3366.7764524230065,3383.0778530486346,3291.266887095495,3335.285888671875,320227,0.0,0.0
2019-02-05,3335.2856076818307,3358.988144995306,3299.0062138346752,3349.07177734375,286515,0.0,0.0
2019-02-06,3371.4682827625925,3419.8408096247717,3328.9972986551907,3396.090087890625,341588,0.0,0.0
2019-02-07,3395.460866699305,3489.4488215589954,3383.6580182062557,3454.330322265625,367134,0.0,0.0
2019-02-08,3419.9379283208677,3471.164391210665,3400.830778650617,3441.995849609375,287105,0.0,0.0
2019-02-11,3449.541720363321,3449.541720363321,3328.1266782810185,3337.123779296875,206491,0.0,0.0
2019-02-12,3328.030161745856,3384.432580621221,3303.892315805714,3339.978271484375,266527,0.0,0.0
2019-02-14,3341.574189370532,3389.7048540842507,3315.1143224322323,3381.142822265625,156493,0.0,0.0
2019-02-15,3376.305636561198,3376.305636561198,3257.4544762178984,3327.497802734375,276417,0.0,0.0
2019-02-18,3339.6393833837574,3346.411537405683,3269.9829420153824,3317.6298828125,270262,0.0,0.0
2019-02-19,3299.151225181449,3390.865579739181,3299.151225181449,3354.7314453125,213945,0.0,0.0
2019-02-20,3361.0200827643644,3479.919662032617,3358.117731086272,3457.03955078125,243815,0.0,0.0
2019-02-21,3466.3752000860586,3535.064186746988,3444.1238382099828,3513.0546875,394248,0.0,0.0
2019-02-22,3512.812837728599,3545.222430144988,3487.514101111007,3507.685302734375,216855,0.0,0.0
2019-02-25,3502.17113176118,3603.221298531347,3499.268779994527,3595.626953125,445514,0.0,0.0
2019-02-26,3569.8928012235674,3691.7915798019335,3556.39691226262,3665.235107421875,700811,0.0,0.0
2019-02-27,3685.98677041717,3777.8945770286223,3677.9568832323184,3762.51220703125,681050,0.0,0.0
2019-02-28,3787.5688350233368,3787.5688350233368,3666.63751845171,3701.949462890625,718074,0.0,0.0
2019-03-01,3714.9136384204053,3772.573791358051,3701.9983140220165,3752.1123046875,270365,0.0,0.0
2019-03-05,3767.155743728804,3849.195600690477,3744.0821889606395,3833.232666015625,367903,0.0,0.0
2019-03-06,3834.0064662766044,3889.151146715102,3807.6918589903626,3849.14697265625,349217,0.0,0.0
2019-03-07,3849.292163801591,3857.9992184535126,3773.3957179911367,3785.4404296875,382836,0.0,0.0
2019-03-08,3797.0504863477217,3856.403444009455,3759.029627282334,3842.714111328125,253766,0.0,0.0
2019-03-11,3846.099896185289,3925.430846125471,3826.895907118512,3917.3525390625,389964,0.0,0.0
2019-03-12,3931.622152716527,4012.9366539884877,3918.6584099657416,3962.435546875,609648,0.0,0.0
2019-03-13,3965.5800279603536,4005.2455027460023,3880.492794530913,3894.617431640625,380923,0.0,0.0
2019-03-14,3905.5011706575956,3928.9618473351275,3804.015698806404,3835.119140625,301915,0.0,0.0
2019-03-15,3860.12805272405,3860.12805272405,3777.8947483427105,3788.633544921875,339118,0.0,0.0
2019-03-18,3820.4622633254253,3849.4857801397484,3790.5197157174453,3840.97216796875,286827,0.0,0.0
2019-03-19,3840.9721489736726,3881.411629440438,3831.1526203109815,3848.518310546875,370780,0.0,0.0
2019-03-20,3874.349178669924,3879.234851196717,3783.6022696461655,3794.63134765625,295550,0.0,0.0
2019-03-22,3817.415406081746,3847.4545611019266,3757.191600527212,3801.83935546875,399902,0.0,0.0
2019-03-25,3783.699410077851,3783.699410077851,3724.684921707933,3745.0498046875,265291,0.0,0.0
2019-03-26,3743.0661789866176,3816.350558169413,3705.335607526168,3797.823974609375,336761,0.0,0.0
2019-03-27,3823.07451534062,3867.093517946426,3753.708354077523,3774.94384765625,443206,0.0,0.0
2019-03-28,3792.406196242235,3838.843823134997,3767.687787188645,3781.7158203125,544435,0.0,0.0
2019-04-01,3908.5002086352847,4011.049966584626,3889.1511977014466,3921.560791015625,740396,0.0,0.0
2019-04-02,3929.7845220665286,3950.5847109450197,3855.871387227074,3894.956298828125,413689,0.0,0.0
2019-04-03,3893.988836496924,3941.345498213781,3855.2908107926064,3871.3505859375,253841,0.0,0.0
2019-04-04,3895.3428771272456,3978.15674032364,3871.3502919676425,3947.14990234375,713853,0.0,0.0
2019-04-05,3970.417724013186,4069.0976966860285,3951.2137328928725,4054.00537109375,738916,0.0,0.0
2019-04-08,4086.51089274312,4097.588389871095,4001.3752491443056,4031.22119140625,789953,0.0,0.0
2019-04-09,4018.789451825976,4038.767210545355,3973.7548191676506,4027.690185546875,262712,0.0,0.0
2019-04-10,4032.2368268877394,4034.2203838368528,3985.896042617421,3996.586181640625,231779,0.0,0.0
2019-04-11,4005.2456018833295,4025.5620650812884,3960.597849856844,4005.390625,447838,0.0,0.0
2019-04-12,4015.0167175800193,4060.293215442302,4002.343020595824,4030.8828125,397313,0.0,0.0
2019-04-15,4043.7502799001973,4096.476343480421,4022.660043423324,4087.769287109375,295636,0.0,0.0
2019-04-16,4091.929445150323,4145.526117749338,4069.194354422876,4116.55078125,269121,0.0,0.0
2019-04-18,4140.398163320801,4140.398163320801,4082.641178545909,4121.291015625,210890,0.0,0.0
2019-04-22,4097.152913424358,4139.720735901494,4043.943135327938,4067.984375,182038,0.0,0.0
2019-04-23,4074.902545424433,4094.783469315475,4045.92720660324,4061.60009765625,316043,0.0,0.0
2019-04-24,4021.014975113141,4287.741310095738,3976.7059239956075,4251.60693359375,1985862,0.0,0.0
2019-04-25,4305.6384012007975,4534.053556126314,4303.70350022284,4468.65380859375,3326400,0.0,0.0
2019-04-26,4479.296611079677,4486.649330664021,4414.283736970136,4459.8994140625,1004982,0.0,0.0
2019-04-30,4457.045051688985,4497.726161718702,4406.108870505325,4466.52587890625,653730,0.0,0.0
2019-05-02,4464.784007225586,4483.165566518605,4425.215376698725,4466.04150390625,505389,0.0,0.0
2019-05-03,4470.104957583909,4477.36083620784,4403.834599485326,4417.37890625,411034,0.0,0.0
2019-05-06,4353.576283350247,4411.575141101298,4339.548248362095,4371.47412109375,488749,0.0,0.0
2019-05-07,4388.452483496989,4410.461983254531,4368.087366222619,4383.76025390625,625025,0.0,0.0
2019-05-08,4382.550836159927,4401.899846474099,4341.917914500165,4360.92822265625,567034,0.0,0.0
2019-05-09,4347.722693881209,4376.6980262902725,4310.282169311162,4332.63037109375,590574,0.0,0.0
2019-05-10,4361.9443608420725,4361.9443608420725,4278.646776356396,4289.91748046875,234079,0.0,0.0
2019-05-13,4280.968990267577,4280.968990267577,4179.386675244278,4197.236328125,408316,0.0,0.0
2019-05-14,4185.190821375999,4314.829187086675,4149.4433368013515,4280.291015625,617724,0.0,0.0
2019-05-15,4302.92979410108,4302.92979410108,4183.401000940641,4201.0087890625,347949,0.0,0.0
2019-05-16,4203.573101639932,4377.7142197746125,4181.3217365449445,4365.9111328125,613573,0.0,0.0
2019-05-17,4353.527845226314,4362.138061375938,4290.6435541286,4346.56201171875,513496,0.0,0.0
2019-05-20,4411.8169608385,4651.1641644501315,4409.7370363553455,4618.80322265625,974132,0.0,0.0
2019-05-21,4633.121008611893,4633.121008611893,4467.735136544938,4488.72900390625,671297,0.0,0.0
2019-05-22,4510.932003834576,4521.525304242252,4442.533058941414,4496.08154296875,608316,0.0,0.0
2019-05-23,4547.017136935992,4725.028020594763,4500.869561293198,4531.48974609375,971606,0.0,0.0
2019-05-24,4565.399522715032,4660.983455998492,4508.51361462941,4643.85986328125,782474,0.0,0.0
2019-05-27,4643.763388259786,4745.297528797891,4597.373937957266,4683.47705078125,609904,0.0,0.0
2019-05-28,4690.683961343435,4706.646895315213,4598.002388207931,4617.59326171875,664517,0.0,0.0
2019-05-29,4618.609527600819,4618.609527600819,4549.920529599215,4566.22216796875,318406,0.0,0.0
2019-05-30,4565.398820281941,4615.706245298822,4553.837598077697,4604.0,767519,0.0,0.0
2019-05-31,4612.804386232605,4621.511441491853,4508.319723121631,4605.16162109375,577772,0.0,0.0
2019-06-03,4624.413614417437,4636.700425318877,4576.089270642136,4607.28955078125,641635,0.0,0.0
2019-06-04,4607.289910112196,4626.348876328724,4522.976682847418,4539.2783203125,529891,0.0,0.0
2019-06-06,4539.761719358356,4545.905124846695,4386.420806727924,4422.41015625,761710,0.0,0.0
2019-06-07,4410.606576241802,4497.677116242189,4393.240651808783,4424.005859375,491364,0.0,0.0
2019-06-10,4435.470503195325,4469.718156470938,4412.63857688227,4448.1923828125,436601,0.0,0.0
2019-06-11,4477.361773406402,4477.361773406402,4427.344384000648,4435.51953125,270476,0.0,0.0
2019-06-12,4426.086281756154,4446.40274337733,4388.355710173971,4420.37841796875,216496,0.0,0.0
2019-06-13,4416.411939075426,4430.391789042588,4395.224865652529,4421.44287109375,265302,0.0,0.0
2019-06-14,4410.607249524491,4425.989619461774,4334.1786527461545,4355.220703125,296894,0.0,0.0
2019-06-17,4370.942059875582,4370.942059875582,4289.192479517131,4310.28271484375,282285,0.0,0.0
2019-06-18,4292.820440827105,4388.356193496366,4292.62676173991,4364.60546875,259249,0.0,0.0
2019-06-19,4390.000456862093,4411.574414715719,4288.611357933223,4339.015625,314850,0.0,0.0
2019-06-20,4352.559212206898,4440.452172750043,4280.967884866754,4427.10107421875,462920,0.0,0.0
2019-06-21,4427.053981742596,4495.646135364987,4407.70496958463,4445.58056640625,643439,0.0,0.0
2019-06-24,4407.220971503407,4489.260589020286,4395.563381354955,4425.892578125,228331,0.0,0.0
2019-06-25,4421.249758039927,4476.394448676311,4389.323884513599,4446.45166015625,332939,0.0,0.0
2019-06-26,4435.954710251254,4483.16611089722,4431.93941232355,4447.75732421875,444326,0.0,0.0
2019-06-27,4455.10987562558,4505.320465739726,4426.086358520527,4449.4501953125,725123,0.0,0.0
2019-06-28,4459.947415866512,4474.410991777723,4383.518815898301,4407.56005859375,268574,0.0,0.0
2019-07-01,4421.055456501258,4426.086388455349,4343.853089434867,4379.31005859375,262438,0.0,0.0
2019-07-02,4392.225253018998,4406.3983083116145,4346.0776753922355,4396.19189453125,243150,0.0,0.0
2019-07-03,4401.8523360000045,4430.875855909309,4392.41969202948,4412.6875,162479,0.0,0.0
2019-07-04,4419.12089129589,4512.18983280597,4419.072707718582,4494.14697265625,407225,0.0,0.0
2019-07-05,4494.146807507438,4553.790043426535,4351.737888067348,4374.85986328125,671481,0.0,0.0
2019-07-08,4376.746615903694,4376.746615903694,4202.944206060538,4249.3818359375,326512,0.0,0.0
2019-07-09,4249.0433326119155,4396.918261650023,4209.958420113763,4352.2705078125,376199,0.0,0.0
2019-07-10,4341.406471810415,4392.812759345256,4298.389983653518,4345.96533203125,315481,11.5,0.0
2019-07-11,4357.022664821072,4420.940957352225,4336.411652240174,4402.609375,295305,0.0,0.0
2019-07-12,4407.167448278627,4480.009281101394,4384.180392983164,4428.5546875,483370,0.0,0.0
2019-07-15,4438.400023112899,4466.527995287348,4396.013889396763,4458.7685546875,274936,0.0,0.0
2019-07-16,4452.076213967806,4476.227378560347,4431.368111765457,4462.55126953125,220077,0.0,0.0
2019-07-17,4462.550666367369,4483.54955531987,4452.851366749714,4470.35888671875,300052,0.0,0.0
2019-07-18,4473.607571195103,4482.046150920845,4437.4293746944095,4463.375,233821,0.0,0.0
2019-07-19,4515.024386262682,4568.370539054185,4355.131322676054,4386.9453125,913097,0.0,0.0
2019-07-22,4387.0901340103765,4462.502185602171,4316.3335566143915,4446.255859375,286422,0.0,0.0
2019-07-23,4446.256008306707,4480.979311309926,4385.538298310148,4402.94873046875,321238,0.0,0.0
2019-07-24,4412.21138851409,4416.527766275999,4296.8380303202475,4309.25341796875,225538,0.0,0.0
2019-07-25,4325.88728729178,4397.662098784962,4309.253084483008,4325.984375,403568,0.0,0.0
2019-07-26,4342.376599712318,4390.873099597423,4291.988546892241,4365.21826171875,225799,0.0,0.0
2019-07-29,4363.7143824999075,4392.812277915556,4216.770010650889,4237.5751953125,381801,0.0,0.0
2019-07-30,4220.1650481286515,4274.481123213736,4171.668552516969,4187.720703125,379920,0.0,0.0
2019-07-31,4167.691495573792,4230.882330851898,4084.374615822092,4216.18798828125,688261,0.0,0.0
2019-08-01,4167.159007141576,4204.355918762019,4054.3075526722255,4104.453125,384975,0.0,0.0
2019-08-02,4086.2179696372464,4242.376698389762,4057.5567278056615,4169.77734375,470125,0.0,0.0
2019-08-05,4152.560762758404,4186.8478800320645,4059.6416661817816,4118.5166015625,315872,0.0,0.0
2019-08-06,4081.5623860150704,4237.6240228771585,4078.5555083997374,4225.98486328125,412597,0.0,0.0
2019-08-07,4218.127694311386,4290.290378111283,4191.260922489423,4211.095703125,714639,0.0,0.0
2019-08-08,4243.297645902358,4271.571005956405,4003.773283002234,4105.8583984375,1442600,0.0,0.0
2019-08-09,4220.165392460601,4251.882292617924,4113.182303851694,4152.60986328125,1030872,0.0,0.0
2019-08-13,4155.955754292856,4156.440719278822,4035.441955280361,4055.422607421875,413182,0.0,0.0
2019-08-14,4068.8564057466033,4170.699057141929,4068.8564057466033,4098.8271484375,578309,0.0,0.0
2019-08-16,4098.924316754359,4116.7226275678995,4071.7662758482725,4081.465576171875,508138,0.0,0.0
2019-08-19,4097.954171794824,4140.63109098038,4017.837860604034,4033.1142578125,399066,0.0,0.0
2019-08-20,4050.427565259287,4051.785372501096,3902.028279463149,3911.776123046875,725830,0.0,0.0
2019-08-21,3914.637470898803,3951.543354672863,3780.7871312099937,3803.4833984375,828459,0.0,0.0
2019-08-22,3786.364072207717,3824.7248493929555,3702.3197360963673,3722.736572265625,673651,0.0,0.0
2019-08-23,3722.591156885037,3782.144761235857,3677.1015368424064,3745.675537109375,783702,0.0,0.0
2019-08-26,3802.1254744038642,3937.915669918288,3715.8017072554094,3916.965087890625,989976,0.0,0.0
2019-08-27,3994.1718926544,4115.364840225761,3943.8326184501952,4011.33984375,1555781,0.0,0.0
2019-08-28,4011.3397465634343,4059.108799731787,3963.1825793100616,3995.91748046875,547969,0.0,0.0
2019-08-29,3981.562622590191,4023.221305242858,3923.851787987483,3951.397705078125,478219,0.0,0.0
2019-08-30,3971.863187443608,3994.1715765305926,3895.2872644374925,3930.398681640625,580571,0.0,0.0
2019-09-03,3870.263045835453,3892.9110052554474,3735.2002981047126,3768.71142578125,673895,0.0,0.0
2019-09-04,3780.7873339604425,3793.056854370162,3716.771950676351,3759.933837890625,551384,0.0,0.0
2019-09-05,3781.7567632282335,3809.3512221299393,3756.053620313243,3771.863525390625,381459,0.0,0.0
2019-09-06,3787.5766799487046,3852.561990462549,3766.335307500474,3790.050048828125,497704,0.0,0.0
2019-09-09,3796.887816676961,3840.9225409877567,3771.621094520957,3788.158447265625,478027,0.0,0.0
2019-09-11,3821.475646977993,3825.4039108284383,3774.967550949362,3786.024658203125,690633,0.0,0.0
2019-09-12,3802.1252120724016,3914.5399928830907,3798.8275451285863,3881.7080078125,844400,0.0,0.0
2019-09-13,3884.521230157927,3925.5493178276593,3815.7047418207453,3909.933349609375,628375,0.0,0.0
2019-09-16,3898.8273892984625,3934.035893993622,3855.471567708246,3872.784912109375,424731,0.0,0.0
2019-09-17,3841.8925967752457,3855.4716163043677,3764.3467433241553,3783.11474609375,708722,0.0,0.0
2019-09-18,3792.5231628932434,3819.5355697123173,3768.2263704737306,3785.442626953125,285674,0.0,0.0
2019-09-19,3792.4264223513414,3810.2730402073826,3722.591460098324,3750.04052734375,277903,0.0,0.0
2019-09-20,3743.9295294058047,4193.9287098213645,3736.8004497013358,4141.26123046875,1753403,0.0,0.0
2019-09-23,4228.894653636789,4314.103095907428,4190.000367263205,4259.0595703125,975156,0.0,0.0
2019-09-24,4267.6919743660255,4277.391274307766,4165.946412696889,4188.15771484375,448502,0.0,0.0
2019-09-25,4171.716933955885,4209.49589415043,4126.761060601152,4149.21484375,488035,0.0,0.0
2019-09-26,4156.149965858304,4287.0905132073985,4156.149965858304,4263.42431640625,675169,0.0,0.0
2019-09-27,4204.743685249817,4286.751078237368,4204.743685249817,4262.98779296875,371737,0.0,0.0
2019-09-30,4251.785125177901,4258.04088934578,4158.13810210762,4210.70849609375,477396,0.0,0.0
2019-10-01,4236.654021458365,4277.391079357003,4030.0589421152713,4085.927001953125,362440,0.0,0.0
2019-10-03,4092.134354652249,4092.134354652249,3990.2917125004387,4022.105224609375,321369,0.0,0.0
2019-10-04,4047.7118418283007,4057.5077554082304,3847.7120974376016,3859.884765625,476329,0.0,0.0
2019-10-07,3878.749934050995,3888.255295077698,3737.140159014374,3754.016845703125,413509,0.0,0.0
2019-10-09,3751.689192514047,3938.88568014466,3751.689192514047,3921.96044921875,802345,0.0,0.0
2019-10-10,3925.7916339333547,3957.314358603604,3828.3622138124006,3856.732666015625,390651,0.0,0.0
2019-10-11,3866.1408236099533,3976.615751421383,3845.772294433885,3954.598388671875,624956,0.0,0.0
2019-10-14,3952.4647853929864,4080.5926342600546,3929.719974049178,4044.89892578125,467406,0.0,0.0
2019-10-15,4068.758728521893,4092.3283085891076,4017.012875090424,4080.010009765625,349808,0.0,0.0
2019-10-16,4105.519592008157,4168.759218640579,4099.4575293938005,4156.44091796875,323562,0.0,0.0
2019-10-17,4142.5709507710935,4151.300320604139,4094.1227587582384,4132.33837890625,335206,0.0,0.0
2019-10-18,4140.339892357796,4231.804091136137,4127.682023190782,4166.1396484375,539285,0.0,0.0
2019-10-22,4165.849428777673,4277.294293165408,4090.194887347019,4121.5234375,999349,0.0,0.0
2019-10-23,4147.275445485615,4169.729231133585,4085.3453178726822,4123.46337890625,432380,0.0,0.0
2019-10-24,4136.751316583115,4199.796764549798,4116.140304747853,4181.9013671875,884456,0.0,0.0
2019-10-25,4164.6848621689105,4177.293951011174,4049.457378188282,4070.407958984375,587008,0.0,0.0
2019-10-27,4076.6153560546863,4146.450308620933,4046.5475292553297,4063.9091796875,56626,0.0,0.0
2019-10-29,4092.8139673074916,4092.8139673074916,3958.284481711836,3993.881103515625,775239,0.0,0.0
2019-10-30,4044.608213741326,4080.4473176886363,3977.925524366094,3998.730712890625,616338,0.0,0.0
2019-10-31,3998.730206490151,4040.727981913136,3968.3711163219064,4018.61376953125,763791,0.0,0.0
2019-11-01,4018.419568104956,4053.1428690198936,4007.50785675058,4037.57568359375,255083,0.0,0.0
2019-11-04,4046.548152267898,4167.498618454198,4046.548152267898,4111.24267578125,875545,0.0,0.0
2019-11-05,4122.202160380274,4122.202160380274,4010.029859841645,4022.687255859375,386308,0.0,0.0
2019-11-06,4034.9089064679247,4051.3006291807214,3992.280292403643,4011.291015625,417808,0.0,0.0
2019-11-07,4034.9088755036705,4107.896109369452,4034.9088755036705,4061.48486328125,615076,0.0,0.0
2019-11-08,4044.6078985886734,4068.710752608138,4002.173463201802,4022.5419921875,371096,0.0,0.0
2019-11-11,4008.720654614751,4054.307364212354,3984.472404828792,4012.648681640625,275634,0.0,0.0
2019-11-13,4012.6487084367327,4046.9358285827707,3981.6597291625126,3991.843994140625,519389,0.0,0.0
2019-11-14,4005.811059886476,4007.7509199639026,3873.0277323063374,3883.017822265625,573058,0.0,0.0
2019-11-15,3922.2515184642502,3970.8934131607452,3894.268943292719,3954.79248046875,621773,0.0,0.0
2019-11-18,3953.3375939924786,4020.6506413019056,3947.663645569611,4002.270751953125,498006,0.0,0.0
2019-11-19,4005.8109036838523,4005.8109036838523,3962.4065361439366,3976.8583984375,561897,0.0,0.0
2019-11-20,3974.7729017631323,4005.810659902815,3952.4645131002353,3990.340087890625,836453,0.0,0.0
2019-11-21,3986.4121791936204,3986.4121791936204,3941.7954005457113,3954.64697265625,213325,0.0,0.0
2019-11-22,3961.9698296872643,3974.627462647245,3908.8661659626205,3958.429443359375,222219,0.0,0.0
2019-11-25,3994.1717811685326,4004.841011278502,3971.91193479896,3989.7587890625,413582,0.0,0.0
2019-11-26,3991.698426276829,4025.0639220386356,3965.9465017896223,3989.176513671875,674879,0.0,0.0
2019-11-27,3999.6517352352707,4122.202485009333,3999.6517352352707,4107.31396484375,640193,0.0,0.0
2019-11-28,4122.15422590291,4170.699033351653,4081.659648079089,4165.55859375,782062,0.0,0.0
2019-11-29,4172.250832105677,4207.071223128969,4112.260569051538,4131.02880859375,463936,0.0,0.0
2019-12-02,4141.601511116998,4190.098015931014,4127.052559672793,4147.66357421875,467324,0.0,0.0
2019-12-03,4159.933005152483,4166.819603406711,4046.257484488764,4085.0546875,312478,0.0,0.0
2019-12-04,4083.4048559738094,4104.9857961271155,4038.8363878806963,4070.941162109375,271645,0.0,0.0
2019-12-05,4075.7916462255957,4141.6014977658015,4021.6697364670968,4035.830810546875,483794,0.0,0.0
2019-12-06,4054.3073407946686,4070.020396004663,4000.1854370244673,4032.823486328125,227870,0.0,0.0
2019-12-09,4048.2935227657895,4065.9464376741466,3997.0814097459825,4026.615966796875,234928,0.0,0.0
2019-12-10,4034.908614334999,4040.0007466006864,3909.9815887236123,3917.20751953125,550870,0.0,0.0
2019-12-11,3929.18606162413,3941.795150441981,3850.621738989829,3880.8349609375,474277,0.0,0.0
2019-12-12,3891.553067954183,3912.5521943681892,3863.522185894941,3872.0576171875,398279,0.0,0.0
2019-12-13,3912.6974904812905,3968.4684636351512,3879.234906588974,3959.836181640625,548283,0.0,0.0
2019-12-16,3959.2542211305404,3962.115467242587,3910.7577216066484,3939.128173828125,509129,0.0,0.0
2019-12-17,3940.049222437665,4020.3594661293723,3931.950449790539,3995.674560546875,447766,0.0,0.0
2019-12-18,3989.612872510677,3996.0632858781846,3928.701458057764,3943.1533203125,819336,0.0,0.0
2019-12-19,3928.216194488747,3960.805934673854,3902.998016450054,3916.431640625,375655,0.0,0.0
2019-12-20,3913.6673911281405,4022.0570642281577,3903.968091521875,3996.548095703125,1567317,0.0,0.0
2019-12-23,3991.261758602041,4042.668046136891,3945.868989418954,3959.156982421875,457733,0.0,0.0
2019-12-24,3991.2617470347227,3999.0211866401364,3951.058197939033,3974.142578125,231713,0.0,0.0
2019-12-26,3973.803109472109,4000.9611487850743,3927.003988156017,3940.5830078125,362984,0.0,0.0
2019-12-27,3964.1039005671773,3968.9535505556373,3923.3668406641136,3933.648193359375,417948,0.0,0.0
2019-12-30,3951.3975813425172,3967.013548465736,3921.9603490465674,3930.107666015625,326955,0.0,0.0
2019-12-31,3930.1079905811457,3949.555135304186,3908.818073496039,3924.385498046875,276631,0.0,0.0
2020-01-01,3937.915974784748,3949.5065914393354,3923.3670241389914,3942.765625,163949,0.0,0.0
2020-01-02,3947.518496594312,4128.313376055989,3945.8211188860637,4117.1591796875,1458328,0.0,0.0
2020-01-03,4109.593176862377,4129.961705706868,4059.9813548965867,4092.32861328125,635983,0.0,0.0
2020-01-06,4064.9764783189903,4073.4633655023094,4006.780680490515,4032.095947265625,462841,0.0,0.0
2020-01-07,4073.2697178767594,4126.082600688941,4038.837199699877,4114.54052734375,524372,0.0,0.0
2020-01-08,4097.80812189487,4201.736008076688,4057.992218360961,4189.07861328125,1032268,0.0,0.0
2020-01-09,4206.586305602638,4267.691894086144,4201.348778452348,4256.052734375,698429,0.0,0.0
2020-01-10,4256.149642269135,4329.815536669346,4235.586938208778,4310.95068359375,735887,0.0,0.0
2020-01-13,4323.511561079389,4356.925841175241,4316.237085609929,4334.32666015625,403937,0.0,0.0
2020-01-14,4330.737287511662,4367.5463190700475,4289.709439490471,4348.48681640625,438651,0.0,0.0
2020-01-15,4317.205971133546,4389.174953804791,4277.3905411367605,4370.98876953125,416924,0.0,0.0
2020-01-16,4384.083770799595,4417.934234398649,4299.942340021527,4337.86669921875,467980,0.0,0.0
2020-01-17,4306.488301491893,4386.410422097171,4278.651126860404,4351.83251953125,360682,0.0,0.0
2020-01-20,4364.684947026404,4373.85097485461,4318.128307591456,4333.3076171875,204026,0.0,0.0
2020-01-21,4321.038179935114,4384.083630371878,4306.489229834323,4348.7294921875,283173,0.0,0.0
2020-01-22,4369.534470945688,4403.482019554589,4328.797412615007,4342.328125,359444,0.0,0.0
2020-01-23,4335.58705886376,4403.482158219568,4312.357046144714,4390.291015625,401079,0.0,0.0
2020-01-24,4417.061289274945,4538.981681626536,4318.758787513491,4503.142578125,2127667,0.0,0.0
2020-01-27,4485.829310794388,4611.144460382699,4483.016608420994,4536.314453125,1058884,0.0,0.0
2020-01-28,4529.573482620702,4573.996090933701,4446.644460615547,4470.4560546875,711517,0.0,0.0
2020-01-29,4485.925813575805,4513.568815886488,4422.395404756515,4430.833984375,595287,0.0,0.0
2020-01-30,4431.609649290849,4450.523282068519,4329.912406020435,4351.10546875,422335,0.0,0.0
2020-01-31,4366.915292186135,4371.764941789255,4272.541300348855,4283.3076171875,451630,0.0,0.0
2020-02-03,4136.7511195004045,4254.937175277832,4108.768546516305,4239.22412109375,537373,0.0,0.0
2020-02-04,4262.793730452772,4363.569355345628,4247.371465704405,4339.708984375,387466,0.0,0.0
2020-02-05,4342.375855813439,4392.424329840715,4265.3635219087155,4337.33203125,521783,0.0,0.0
2020-02-06,4345.286173675638,4383.161748763434,4308.428835595353,4330.64013671875,385744,0.0,0.0
2020-02-07,4341.793803194803,4410.270944021377,4315.848180201056,4337.33203125,547874,0.0,0.0
2020-02-10,4352.076185592785,4357.507888656472,4258.720417181084,4281.02880859375,271700,0.0,0.0
2020-02-11,4313.9578554476375,4383.5986400890315,4299.699694991631,4332.14404296875,296451,0.0,0.0
2020-02-12,4357.604153510261,4357.604153510261,4306.440352431904,4319.8251953125,323821,0.0,0.0
2020-02-13,4306.441255203674,4338.642649753323,4282.241310228485,4316.673828125,186493,0.0,0.0
2020-02-14,4334.617257804809,4402.46405211861,4260.9508833731215,4301.00927734375,665316,0.0,0.0
2020-02-17,4310.271695993029,4330.73731306565,4268.758882745084,4316.04296875,354909,0.0,0.0
2020-02-18,4300.281576514754,4353.239847187655,4238.691023895216,4341.11572265625,510062,0.0,0.0
2020-02-19,4358.865681778959,4393.783163875986,4321.038409507179,4338.59423828125,384898,0.0,0.0
2020-02-20,4316.188638587307,4372.444580393613,4287.09073765301,4294.947265625,414088,0.0,0.0
2020-02-24,4282.241375364406,4321.038579218217,4190.098016211604,4262.8427734375,383261,0.0,0.0
2020-02-25,4265.266737964272,4267.691562715815,4200.523917098071,4213.37548828125,402233,0.0,0.0
2020-02-26,4190.340158998726,4290.87331061433,4157.168362953689,4210.951171875,642946,0.0,0.0
2020-02-27,4202.269406331053,4233.792126637232,4146.789702751313,4191.697265625,369157,0.0,0.0
2020-02-28,4141.600927984303,4174.723941388858,4073.705830804233,4092.716552734375,524557,0.0,0.0
2020-03-02,4127.052307584752,4186.508829415549,3955.9081999097575,4017.159423828125,378937,0.0,0.0
2020-03-03,4054.2104469160167,4198.827109438299,4032.5324159763873,4170.60205078125,606056,0.0,0.0
2020-03-04,4180.446371321199,4194.947013442947,3993.201584819564,4047.323486328125,750952,0.0,0.0
2020-03-05,4056.2950269413172,4102.803353687917,4026.760946533131,4079.08837890625,450539,0.0,0.0
2020-03-06,3969.535235375666,4067.206892931818,3889.4189302717964,4042.5224609375,585749,0.0,0.0
2020-03-09,3947.61489925427,4039.321586651311,3874.8701529535156,3974.142578125,588288,0.0,0.0
2020-03-11,3947.61509194309,3988.206757079971,3843.541555795636,3873.318359375,775964,0.0,0.0
2020-03-12,3773.0277722539495,3773.0277722539495,3503.8721920995868,3553.338623046875,992092,0.0,0.0
2020-03-13,3365.948209851889,3890.874291512767,3020.362094919795,3674.9677734375,1378933,0.0,0.0
2020-03-16,3540.24442028981,3549.943720071426,3302.61157564022,3412.26220703125,975878,0.0,0.0
2020-03-17,3414.153584501064,3467.499734258893,3350.8171084287237,3366.093505859375,563672,0.0,0.0
2020-03-18,3431.515363105182,3431.515363105182,3172.1561674485924,3204.21240234375,790520,0.0,0.0
2020-03-19,3044.6100279137927,3287.819956075431,2866.724974777701,3070.8466796875,790106,0.0,0.0
2020-03-20,3089.2271357906448,3546.840169858838,3045.919854807689,3466.384521484375,825459,0.0,0.0
2020-03-23,3123.174565676092,3191.4575422059306,2946.4533689781333,2962.99072265625,883620,0.0,0.0
2020-03-24,3006.7828720242405,3139.8572150004197,2878.218608636375,2927.345703125,1105225,0.0,0.0
2020-03-25,2878.945973093628,3191.069472168983,2822.4960984838117,3131.515869140625,874543,0.0,0.0
2020-03-26,3132.873607408345,3283.212743367569,3058.7710570488066,3132.049072265625,931742,0.0,0.0
2020-03-27,3288.0629403769094,3288.0629403769094,3009.110957264138,3049.072265625,471310,0.0,0.0
2020-03-30,3022.3019217164515,3055.2795421716373,2977.6851411006114,2993.10693359375,507697,0.0,0.0
2020-03-31,3045.579855880404,3180.448654501463,3006.782660264093,3147.277099609375,637365,0.0,0.0
2020-04-01,3147.4229880173525,3161.923394793345,3011.8752645734617,3046.210693359375,390613,0.0,0.0
2020-04-03,3093.1064903710703,3095.0463501956997,2934.0379847514855,2950.138916015625,406172,0.0,0.0
2020-04-07,3089.178093165536,3245.142863675359,2987.626483101255,3180.885009765625,646709,0.0,0.0
2020-04-08,3143.543193012605,3283.0677210291137,3101.1087546620033,3158.528564453125,647497,0.0,0.0
2020-04-09,3201.7387729076986,3287.8686000416287,3160.516749930244,3264.832763671875,501495,0.0,0.0
2020-04-13,3246.4526044494933,3522.058102822215,3191.6515627119497,3361.874267578125,1107263,0.0,0.0
2020-04-15,3452.9504752880976,3563.5224848900198,3425.307472887617,3491.89306640625,1239945,0.0,0.0
2020-04-16,3443.2515859034056,3458.479439923452,3370.652228872446,3432.679443359375,617278,0.0,0.0
2020-04-17,3544.1240566367833,3554.2112334520975,3405.278678256463,3427.781005859375,775287,0.0,0.0
2020-04-20,3462.6500839466617,3462.6500839466617,3385.1042281660384,3410.807373046875,391192,0.0,0.0
2020-04-21,3364.687204800214,3365.6571348102457,3274.5322577276247,3300.914306640625,533462,0.0,0.0
2020-04-22,3318.1308082682094,3353.6786510296292,3274.4839546078556,3337.6748046875,944451,0.0,0.0
2020-04-23,3331.7094227203984,3365.6569714235175,3303.581453794957,3338.69287109375,977203,0.0,0.0
2020-04-24,3307.4613869301456,3336.559287694927,3193.7856353022644,3208.47998046875,624104,0.0,0.0
2020-04-27,3235.6865346595937,3268.6641552166757,3216.627504557361,3259.59521484375,444246,0.0,0.0
2020-04-28,3309.401122615277,3327.829792407097,3264.2993781247696,3291.9423828125,767800,0.0,0.0
2020-04-29,3259.0620398416036,3349.94443772382,3259.0620398416036,3331.079345703125,393804,0.0,0.0
2020-04-30,3365.6568949399552,3458.721625409919,3342.523971129653,3428.0234375,854097,0.0,0.0
2020-05-04,3327.829810958031,3357.606614427784,3226.035705400364,3246.937744140625,519181,0.0,0.0
2020-05-05,3292.9122563369815,3292.9122563369815,3175.550729675192,3185.589599609375,387071,0.0,0.0
2020-05-06,3200.768862331386,3287.5775935976462,3149.507969316447,3224.43505859375,374625,0.0,0.0
2020-05-07,3223.998745499374,3276.4235088609944,3133.8438002160665,3155.036865234375,473677,0.0,0.0
2020-05-08,3194.9495535523392,3225.0173848092068,3172.6897064817167,3206.394775390625,421623,0.0,0.0
2020-05-11,3254.1150413580717,3346.258388281773,3229.9638798841092,3259.692138671875,483864,0.0,0.0
2020-05-12,3243.4462772555717,3303.096978825912,3177.054608802598,3248.635498046875,557262,0.0,0.0
2020-05-13,3346.2585949485533,3472.3494985263246,3346.2585949485533,3440.05078125,1225497,0.0,0.0
2020-05-14,3406.3939879787713,3524.531503372748,3386.0254590073723,3500.962158203125,974733,0.0,0.0
2020-05-15,3519.875925675338,3519.875925675338,3441.1662018862303,3475.404541015625,645207,0.0,0.0
2020-05-18,3476.617230732233,3480.9336089615276,3182.4376314177707,3208.334716796875,817697,0.0,0.0
2020-05-19,3268.664254670033,3387.96565031526,3234.959185575142,3334.764892578125,1012170,0.0,0.0
2020-05-20,3346.2099016006664,3491.602548310519,3331.70949569687,3422.39794921875,1042217,0.0,0.0
2020-05-21,3480.1085801330846,3482.0484399882316,3391.214596990709,3464.104736328125,710536,0.0,0.0
2020-05-22,3443.2513879944363,3557.7031242714343,3423.8527886254533,3529.526611328125,1021137,0.0,0.0
2020-05-26,3554.7932613834273,3731.320512016929,3547.4216990548343,3672.15478515625,1409106,0.0,0.0
2020-05-27,3686.7038354195824,3693.4933452454015,3580.0115381567166,3615.31689453125,826874,0.0,0.0
2020-05-28,3616.8688896504486,3705.1325176896526,3604.3083437893474,3694.6572265625,603406,0.0,0.0
2020-05-29,3694.4635077971066,3821.5243425362564,3680.7390925049363,3787.431396484375,1947052,0.0,0.0
2020-06-01,3787.5767118364474,3836.0732126282073,3686.703990189587,3700.9619140625,742238,0.0,0.0
2020-06-02,3721.6211647461,3738.1099736594915,3656.6358590286154,3718.953857421875,734563,0.0,0.0
2020-06-03,3772.979043735321,3802.1254867268517,3728.4593527813804,3739.952880859375,493621,0.0,0.0
2020-06-04,3715.801799063384,3754.259428523471,3619.342308726339,3689.5166015625,807841,0.0,0.0
2020-06-05,3697.3731088652466,3810.369952302498,3690.583598959146,3753.192626953125,697747,0.0,0.0
2020-06-08,3792.4264251891714,3792.4264251891714,3648.585754081083,3664.589599609375,547499,0.0,0.0
2020-06-09,3690.5831981593587,3719.5840068890434,3641.892765480425,3677.34375,478720,0.0,0.0
2020-06-10,3709.982156738097,3748.6339609861902,3666.3353078352957,3678.410888671875,475926,0.0,0.0
2020-06-11,3675.9372049263525,3705.083645556314,3577.1014435986967,3593.4931640625,475582,0.0,0.0
2020-06-12,3491.74783367931,3690.583474208271,3491.74783367931,3674.628173828125,592647,0.0,0.0
2020-06-15,3614.3952948043825,3655.326289975439,3577.101536825054,3632.193603515625,440266,0.0,0.0
2020-06-16,3671.1853035731874,3715.123182967893,3622.106747463546,3666.287109375,622734,0.0,0.0
2020-06-17,3646.936718982485,3729.380767150972,3600.3800800167514,3694.6572265625,430610,0.0,0.0
2020-06-18,3685.4431337164274,3765.268423543482,3663.4257691199723,3728.653564453125,348706,0.0,0.0
2020-06-19,3743.2022685791817,3787.0430562364286,3698.440094802455,3720.990966796875,556284,0.0,0.0
2020-06-22,3720.9911715865146,3731.7572528580795,3676.6651797012896,3710.224853515625,329145,0.0,0.0
2020-06-23,3731.320650359706,3835.103158700878,3718.371990346947,3824.239990234375,563658,0.0,0.0
2020-06-24,3863.036983990497,3895.238610401888,3691.98974560933,3706.684326171875,501886,0.0,0.0
2020-06-25,3700.0885189863557,3758.478249856528,3668.0322893922385,3688.012939453125,395771,0.0,0.0
2020-06-26,3719.6814169186423,3757.5086855652726,3666.3352688272407,3744.51171875,373568,0.0,0.0
2020-06-29,3724.4825830126424,3724.5311268715527,3644.0269384521935,3692.5234375,692124,0.0,0.0
2020-06-30,3707.072409353886,3786.9462384823746,3707.072409353886,3776.470947265625,494113,0.0,0.0
2020-07-01,3771.087788046916,3815.6560235730503,3745.966696112728,3781.369140625,331198,0.0,0.0
2020-07-02,3793.3961188939506,3828.313597871241,3765.2681497178005,3797.227294921875,294326,0.0,0.0
2020-07-03,3807.9452505121517,3840.922871122802,3758.478819596176,3772.639892578125,257664,0.0,0.0
2020-07-06,3802.1253681300864,3826.0825903092086,3787.091454046919,3812.697509765625,254346,0.0,0.0
2020-07-07,3821.5239192067743,3829.1379638670455,3711.4368722956146,3745.869384765625,452245,0.0,0.0
2020-07-08,3768.1293178454844,3768.1293178454844,3663.23148830699,3672.78515625,635619,0.0,0.0
2020-07-09,3687.6738899397064,3742.717417886597,3653.7748835243483,3727.87744140625,524030,0.0,0.0
2020-07-10,3719.7300410913263,3729.0897707388217,3669.245137947648,3684.279052734375,336838,0.0,0.0
2020-07-13,3705.132404672104,3722.397205121798,3664.395346819688,3673.99755859375,302963,0.0,0.0
2020-07-14,3670.9907125367376,3705.9081887432394,3631.4175254761776,3657.508544921875,351717,0.0,0.0
2020-07-15,3668.469178517555,3714.783335763509,3658.5759399316853,3705.762939453125,274206,0.0,0.0
2020-07-16,3709.933460268395,3718.7113735465114,3622.688309910334,3701.4951171875,412522,0.0,0.0
2020-07-17,3705.132497724405,3752.6590664124924,3697.5669965733778,3746.694091796875,237461,0.0,0.0
2020-07-20,3746.9363608671656,3773.0273809411015,3711.873252252621,3748.876220703125,277775,0.0,0.0
2020-07-21,3781.7570688641113,3836.073148847797,3734.2304988783862,3747.130615234375,614199,0.0,0.0
2020-07-22,3763.328134893632,3787.5763831854724,3722.493990050453,3746.499755859375,433235,0.0,0.0
2020-07-23,3746.4999074049533,3773.0275868289887,3711.0006125493355,3722.494140625,264268,0.0,0.0
2020-07-24,3723.5608037632187,3723.609347617004,3623.0276665709625,3668.759765625,594650,0.0,0.0
2020-07-27,3676.131516340278,3783.696650679876,3667.305059272138,3744.026611328125,499750,0.0,0.0
2020-07-28,3760.4183066361556,4086.3147603451444,3746.0147525784055,4011.9697265625,2492211,0.0,0.0
2020-07-29,4057.262114756829,4171.539732678631,4042.7646901882213,4068.013916015625,1777725,13.0,0.0
2020-07-30,4086.5013423748924,4105.766315689227,4017.0296156718464,4043.30029296875,595214,0.0,0.0
2020-07-31,4047.5818163740078,4095.3066900452195,3981.953582563569,4006.08349609375,413669,0.0,0.0
2020-08-03,4027.196911838836,4042.7647182146325,3918.806154965703,3936.271240234375,490180,0.0,0.0
2020-08-04,3941.136435412002,3963.952955602598,3876.529892233508,3896.1357421875,600934,0.0,0.0
2020-08-05,3925.812135383493,3998.9807874401263,3906.5469249567172,3931.893310546875,569833,0.0,0.0
2020-08-06,3958.9908510425225,3973.4398181267993,3892.9737565550895,3919.536376953125,378473,0.0,0.0
2020-08-07,3917.249401514797,3962.0068462414933,3874.875729704585,3896.0869140625,348651,0.0,0.0
2020-08-10,3938.655380752564,3938.655380752564,3854.0054256820417,3861.156982421875,590885,0.0,0.0
2020-08-11,3886.113843996063,3967.163787149925,3854.0052418799214,3861.5458984375,823622,0.0,0.0
2020-08-12,3866.119090237618,3905.7196540124096,3819.950857515239,3891.611328125,466155,0.0,0.0
2020-08-13,3916.179048798648,3964.9258394132225,3898.860053573623,3937.97412109375,545546,0.0,0.0
2020-08-14,3935.736236991922,3980.3962886430186,3858.2378422015227,3901.779052734375,661653,0.0,0.0
2020-08-17,3930.8713840648456,3940.552566820877,3877.4544397304394,3926.59033203125,315955,0.0,0.0
2020-08-18,3929.898165907512,4067.0894611273584,3929.898165907512,4056.338134765625,1154453,0.0,0.0
2020-08-19,4072.928316242686,4102.117960171802,4059.4038762405676,4086.404296875,618695,0.0,0.0
2020-08-20,4066.068292729003,4083.9711764707504,4019.8024294107277,4032.305419921875,350925,0.0,0.0
2020-08-21,4074.7761047499935,4088.9818237127147,4028.267471188017,4074.6787109375,490700,0.0,0.0
2020-08-24,4103.041489700894,4109.900864316997,4057.359518040218,4076.43017578125,379052,0.0,0.0
2020-08-25,4077.79261514343,4085.5765189661806,4030.1646635912607,4059.646484375,373776,0.0,0.0
2020-08-26,4057.360001163358,4068.8410696431188,3960.061200176227,3969.450439453125,574774,0.0,0.0
2020-08-27,3985.3586818366466,4005.353394366279,3917.0549745936437,3937.828125,458012,0.0,0.0
2020-08-28,3952.277309083632,3978.353435343044,3936.709500874538,3952.8125,346506,0.0,0.0
2020-08-31,3952.8123127727745,3975.920776988602,3777.9664226152486,3798.399169921875,680870,0.0,0.0
2020-09-01,3818.9779226709443,3861.1083508302263,3747.4633042464056,3806.96142578125,528801,0.0,0.0
2020-09-02,3791.928598640394,3936.660556485706,3790.9069137817205,3835.2265625,759445,0.0,0.0
2020-09-03,3860.5241725329324,3872.491971612671,3822.528946257054,3842.329345703125,284007,0.0,0.0
2020-09-04,3807.5452485875308,3825.7400764756776,3775.1933979479,3810.318359375,438236,0.0,0.0
2020-09-07,3818.9776656662907,3882.221881785605,3717.7869198753874,3744.68994140625,704096,0.0,0.0
2020-09-08,3750.6739696191394,3758.165929269931,3709.6623853003525,3720.462646484375,456797,0.0,0.0
2020-09-09,3708.0570771945445,3756.706474691193,3676.9214627966894,3731.99267578125,332412,0.0,0.0
2020-09-10,3733.354819786745,3832.5995921657513,3721.678964212744,3809.734375,433018,0.0,0.0
2020-09-11,3809.734301547464,3837.6590080810433,3773.2472535821903,3798.642333984375,348215,0.0,0.0
2020-09-14,3794.6043921281903,3862.470303143641,3784.923209320469,3808.372314453125,472618,0.0,0.0
2020-09-15,3811.2911834522874,3848.1186347306902,3780.204028498813,3825.25341796875,312720,0.0,0.0
2020-09-16,3826.7616842503526,3876.2382175204584,3814.161537553825,3867.52978515625,418071,0.0,0.0
2020-09-17,3847.972794034805,3914.719624909634,3836.977982685297,3861.740478515625,447295,0.0,0.0
2020-09-18,3876.2866246310427,3910.8276970845563,3843.302427926183,3894.481689453125,440400,0.0,0.0
2020-09-21,3894.481852151144,3895.454840148229,3746.0037887775998,3774.123046875,389056,0.0,0.0
2020-09-22,3774.8525988213787,3837.950962290626,3691.5162760630333,3778.258056640625,508999,0.0,0.0
2020-09-23,3794.6530037345947,3812.4100338161734,3733.403459811697,3764.63623046875,307971,0.0,0.0
2020-09-24,3764.490359327716,3764.6362125011165,3652.499351836211,3675.75390625,456036,0.0,0.0
2020-09-25,3687.624492420346,3775.0960179477893,3658.4835495474704,3754.274169921875,321826,0.0,0.0
2020-09-28,3784.9232226911095,3843.302501190201,3765.609316369303,3816.058837890625,248628,0.0,0.0
2020-09-29,3853.0325833756956,3967.845170456082,3836.735033938437,3952.374755859375,772188,0.0,0.0
2020-09-30,3977.282971130104,3991.8780285697285,3914.428089315323,3940.16357421875,548775,0.0,0.0
2020-10-01,3977.5748905649443,4008.710506146666,3952.3745967218465,3987.0615234375,406483,0.0,0.0
2020-10-05,4002.969858920735,4002.969858920735,3922.1631613806658,3937.828125,312598,0.0,0.0
2020-10-06,3945.660621903967,4035.953949675902,3945.660621903967,4024.37548828125,351025,0.0,0.0
2020-10-07,4011.3857773798663,4170.177589238984,4002.9695272464737,4099.53857421875,1037715,0.0,0.0
2020-10-08,4110.874880682309,4242.228279236654,4100.172011170473,4228.6064453125,801790,0.0,0.0
2020-10-09,4222.768020205791,4256.774141649471,4160.010292716557,4182.2431640625,405756,0.0,0.0
2020-10-12,4183.848392990738,4243.200660891304,4131.696141259749,4189.97802734375,488896,0.0,0.0
2020-10-13,4327.850254549085,4402.770324153464,4222.232606201951,4264.36279296875,2369441,0.0,0.0
2020-10-14,4263.48757557245,4338.553504978648,4198.443232559512,4322.83984375,817554,0.0,0.0
2020-10-15,4338.553824786415,4352.175657831271,4248.357640231247,4264.8984375,545465,0.0,0.0
2020-10-16,4265.530626546254,4374.553734086139,4261.68713418534,4361.029296875,669844,0.0,0.0
2020-10-19,4378.4461352117005,4426.122548684006,4344.245700973909,4392.65185546875,636376,0.0,0.0
2020-10-20,4421.743509416579,4460.663025397802,4363.850729394512,4421.59765625,871380,0.0,0.0
2020-10-21,4422.570853310438,4532.177850357954,4320.066478228707,4504.05859375,2032618,0.0,0.0
2020-10-22,4548.7186789661355,4607.6329094666235,4406.273337706278,4489.9013671875,1812783,0.0,0.0
2020-10-23,4495.204204342875,4516.60993864927,4367.1588986553625,4382.87255859375,886850,0.0,0.0
2020-10-26,4388.175833942134,4421.646525772469,4338.894087277749,4364.240234375,727534,0.0,0.0
2020-10-27,4373.580730973663,4502.988125238289,4363.850851705646,4443.58740234375,1088244,0.0,0.0
2020-10-28,4469.8095983913,4469.8095983913,4332.715680522698,4348.5751953125,509919,0.0,0.0
2020-10-29,4328.921101429561,4490.680360002274,4320.06681541564,4453.17138671875,927412,0.0,0.0
2020-10-30,4427.095433926146,4544.826982828358,4417.414013215236,4450.49560546875,934842,0.0,0.0
2020-11-02,4428.0683227901,4465.576819601013,4397.90569523429,4427.87353515625,489146,0.0,0.0
2020-11-03,4441.786984592971,4463.095323756063,4393.088657036518,4426.65673828125,582702,0.0,0.0
2020-11-04,4427.094776190244,4486.447035827081,4379.466830264649,4409.19189453125,495599,0.0,0.0
2020-11-05,4446.555586442405,4508.972677610093,4422.230884109569,4493.16162109375,584030,0.0,0.0
2020-11-06,4463.679619743649,4493.112505266131,4417.365298250247,4432.93310546875,426088,0.0,0.0
2020-11-09,4470.879614615426,4524.296557865274,4456.284795416464,4500.3125,447725,0.0,0.0
2020-11-10,4516.609918352001,4655.747190718295,4505.420557287579,4592.06494140625,1235506,0.0,0.0
2020-11-11,4603.595033020094,4724.780965705282,4596.735658096604,4693.4990234375,811311,0.0,0.0
2020-11-12,4720.937799835624,4735.046125906856,4655.0178625028,4715.197265625,668501,0.0,0.0
2020-11-13,4694.6670962764365,4789.046932201579,4685.277857102243,4767.39794921875,428529,0.0,0.0
2020-11-14,4791.965636370256,4805.587467620852,4751.100142618469,4775.61962890625,47328,0.0,0.0
2020-11-17,4777.370817648448,4844.506985961634,4763.7489863964975,4776.4462890625,708971,0.0,0.0
2020-11-18,4772.019713184931,4806.560787671233,4728.721746575342,4794.3984375,437973,0.0,0.0
2020-11-19,4762.77661623342,4781.263389616144,4632.396214481576,4648.93701171875,540260,0.0,0.0
2020-11-20,4678.028937229663,4740.349104045072,4640.228258192743,4731.20263671875,445562,0.0,0.0
2020-11-23,4742.343004021692,4782.235507748587,4731.980777950006,4757.42431640625,438597,0.0,0.0
2020-11-24,4767.6413186999935,4780.436016200183,4711.208013294973,4741.5654296875,372131,0.0,0.0
2020-11-25,4766.668154248589,4795.8577938949375,4671.363790766548,4689.65625,481744,0.0,0.0
2020-11-26,4691.748115089797,4742.246097046377,4662.120440585122,4703.56982421875,486664,0.0,0.0
2020-11-27,4703.618487629181,4741.808264258304,4641.152471870444,4672.2880859375,920840,0.0,0.0
2020-12-01,4684.937549618642,4803.836881620774,4675.2076689340765,4777.85791015625,752883,0.0,0.0
2020-12-02,4777.857544287141,4862.2642527622265,4741.175706878542,4799.84716796875,696234,0.0,0.0
2020-12-03,4826.0210930315725,4826.0210930315725,4710.4302939852205,4761.3173828125,740259,0.0,0.0
2020-12-04,4855.209725307506,5058.564200776298,4826.117481490849,4953.87060546875,2996248,0.0,0.0
2020-12-07,4981.69830910709,5036.185634362949,4900.940309174299,4919.91357421875,910850,0.0,0.0
2020-12-08,4928.0378622383405,5095.53763426974,4928.0378622383405,5076.8076171875,1652861,0.0,0.0
2020-12-09,5076.8077847113145,5116.943536926223,4978.146903375927,5005.828125,1625022,0.0,0.0
2020-12-10,4961.265774200675,4980.725534052413,4816.290563305224,4830.2041015625,1333296,0.0,0.0
2020-12-11,4869.804788271903,4902.545738433437,4822.128377757353,4879.53466796875,974421,0.0,0.0
2020-12-14,4879.534710192627,4942.778928769401,4860.756232251931,4936.69775390625,919851,0.0,0.0
2020-12-15,4933.049120514289,5088.727199268191,4931.103144529865,5017.55322265625,1629308,0.0,0.0
2020-12-16,5020.618131784177,5083.8623524364975,4956.644170124331,4974.8876953125,630475,0.0,0.0
2020-12-17,5014.487931890197,5078.023851744068,4988.11986477331,5032.0986328125,834935,0.0,0.0
2020-12-18,5001.158450463974,5073.159564342249,4976.833749829421,5013.32080078125,549221,0.0,0.0
2020-12-21,5015.753216361382,5049.80779687984,4734.024726708979,4872.578125,597997,0.0,0.0
2020-12-22,4903.811157412809,4953.579399576619,4759.079189556542,4885.66455078125,576026,0.0,0.0
2020-12-23,4864.550426682355,4937.9136197285425,4845.723015695187,4897.97265625,449498,0.0,0.0
2020-12-24,4961.265553278625,4985.93089281073,4876.274960892378,4908.48095703125,431767,0.0,0.0
2020-12-28,4918.842813472988,5020.617440324266,4918.842813472988,5003.24951171875,410405,0.0,0.0
2020-12-29,5020.61767589984,5033.023271901337,4944.335517858008,5007.7255859375,401258,0.0,0.0
2020-12-30,5017.747506864253,5254.135128273962,4981.74695135571,5210.107421875,1002535,0.0,0.0
2020-12-31,5228.837263187306,5233.702202955809,5119.084412046582,5145.30615234375,728164,0.0,0.0
2021-01-01,5173.27984766664,5204.51285775961,5136.69540352662,5147.884765625,355623,0.0,0.0
2021-01-04,5163.598751214764,5241.340395809202,5149.100850237321,5183.3017578125,453783,0.0,0.0
2021-01-05,5191.863124747572,5227.766281097891,5103.369690483787,5196.9228515625,530958,0.0,0.0
2021-01-06,5215.21561546415,5320.78481215778,5156.836336186566,5301.17919921875,701452,0.0,0.0
2021-01-07,5327.109158370121,5368.655934902251,5239.540240698283,5252.140625,742403,0.0,0.0
2021-01-08,5272.621891957879,5461.673267451227,5271.21086934258,5440.70556640625,802681,0.0,0.0
2021-01-11,5400.083079093451,5542.869059608219,5356.250162334994,5471.79248046875,714576,0.0,0.0
2021-01-12,5472.862579916403,5542.091054514466,5401.056257290882,5486.67919921875,591436,0.0,0.0
2021-01-13,5497.382075422787,5520.733786893609,5448.73267652524,5498.11181640625,423240,0.0,0.0
2021-01-14,5492.517172523298,5520.7338240739045,5409.813193840485,5431.5595703125,464204,0.0,0.0
2021-01-15,5436.083761112098,5503.949671679052,5279.189451736883,5304.9736328125,589866,0.0,0.0
2021-01-18,5293.055026921649,5314.265976514863,5182.572423151953,5240.513671875,461596,0.0,0.0
2021-01-19,5254.232353535884,5385.488333715028,5248.053785000077,5341.80126953125,483417,0.0,0.0
2021-01-20,5365.05523622677,5404.217998877863,5316.308447821594,5397.26123046875,321063,0.0,0.0
2021-01-21,5447.759248712189,5494.4626678831455,5362.525413706844,5393.7099609375,481346,0.0,0.0
2021-01-22,5427.326726050636,5443.867521020673,5320.3465120753735,5385.29345703125,680688,0.0,0.0
2021-01-25,5589.815524295231,5674.270684564679,5182.7659384868175,5223.38818359375,3236487,0.0,0.0
2021-01-27,5234.675158388647,5370.796077247351,5186.366401805887,5258.85400390625,1212604,0.0,0.0
2021-01-28,5205.485622626068,5322.195719285957,5195.755742957608,5296.65478515625,576548,0.0,0.0
2021-01-29,5340.730396707377,5360.87143557115,5145.159835632831,5183.349609375,745559,0.0,0.0
2021-02-01,5238.567703775385,5636.763066474136,5117.917184594823,5588.9892578125,1455212,0.0,0.0
2021-02-02,5628.735719474397,6031.552761455798,5628.735719474397,5958.140625,2251712,0.0,0.0
2021-02-03,5988.740602633907,6069.498599387541,5876.846992674054,5910.60986328125,952770,0.0,0.0
2021-02-04,5928.415425180145,6042.255012369718,5878.355006417768,6015.78955078125,683257,0.0,0.0
2021-02-05,6013.0652871401335,6226.149639548497,5954.6860125077055,6180.5166015625,1174059,0.0,0.0
2021-02-08,6207.51745016736,6309.827041096779,6147.338048673778,6196.13330078125,769441,0.0,0.0
2021-02-09,6251.252731608388,6304.96185597376,6199.73330520144,6246.9716796875,947676,0.0,0.0
2021-02-10,6267.112813728583,6411.017637295135,6150.354259095799,6219.48486328125,1045511,0.0,0.0
2021-02-11,6226.636042186455,6293.285713081021,6197.251617682371,6253.5390625,390465,0.0,0.0
2021-02-12,6265.945107357421,6304.962019813201,6194.965920291289,6224.447265625,408867,0.0,0.0
2021-02-15,6261.1774960161765,6289.345687375291,6214.571467948414,6234.66357421875,277851,0.0,0.0
2021-02-16,6273.826236350876,6373.071006218709,6236.804235275122,6283.361328125,595723,0.0,0.0
2021-02-17,6283.361152575436,6367.719394642933,6218.3172906850705,6245.80419921875,555520,0.0,0.0
2021-02-18,6316.929637537874,6316.929637537874,6130.797228031281,6154.97607421875,573974,0.0,0.0
2021-02-19,6144.419118729615,6147.970429852723,6008.2008009747215,6040.7958984375,499669,0.0,0.0
2021-02-22,6047.11997488654,6115.18067051348,5943.642613684892,6008.2978515625,528408,0.0,0.0
2021-02-23,6018.903418860542,6176.4300719045095,5965.437541325226,6099.12646484375,453805,0.0,0.0
2021-02-24,6148.310493767298,6275.771907706769,6042.254813466517,6241.279296875,378560,0.0,0.0
2021-02-25,6232.961040765095,6293.286295920799,6167.235892321686,6210.8740234375,803072,0.0,0.0
2021-02-26,6197.933215262163,6313.718780822005,5896.306952039043,5949.8212890625,1307673,0.0,0.0
2021-03-01,6050.817212953346,6217.198150740587,6003.91947928709,6193.11669921875,609302,0.0,0.0
2021-03-02,6202.798304748585,6298.978260539396,6141.597456493421,6249.59912109375,438046,0.0,0.0
2021-03-03,6275.772795872673,6358.476778453941,6257.286023295684,6324.90869140625,467421,0.0,0.0
2021-03-04,6255.339999290879,6645.508196477944,6221.723453136048,6592.52880859375,1303144,0.0,0.0
2021-03-05,6509.775594203518,6756.622816337885,6509.775594203518,6626.33935546875,1828811,0.0,0.0
2021-03-08,6655.237866633822,6662.924376753827,6462.391456543475,6488.02978515625,658514,0.0,0.0
2021-03-09,6562.804069982557,6639.670122099476,6480.100089856758,6516.48974609375,483037,0.0,0.0
2021-03-10,6569.711946391949,6605.6151062595845,6503.451372844169,6581.3388671875,302774,0.0,0.0
2021-03-12,6585.182423654816,6668.518746276242,6433.444763321275,6458.83984375,673811,0.0,0.0
2021-03-15,6484.964625293481,6498.440603291627,6314.74019501745,6384.2119140625,349036,0.0,0.0
2021-03-16,6411.99085671794,6521.93849963283,6387.763550775407,6460.591796875,614224,0.0,0.0
2021-03-17,6459.666827698445,6489.82945334367,6313.134751319739,6344.12451171875,443282,0.0,0.0
2021-03-18,6416.8557140694875,6457.380568329522,6292.021546545154,6334.2001953125,345807,0.0,0.0
2021-03-19,6324.421468684427,6519.019052336256,6196.52201679256,6491.775390625,654457,0.0,0.0
2021-03-22,6485.840050743182,6601.723006494547,6452.174573849413,6546.2626953125,467719,0.0,0.0
2021-03-23,6552.198592605874,6770.780252013947,6546.311730144697,6751.6611328125,890457,0.0,0.0
2021-03-24,6704.373060114911,6756.427912261511,6655.237171640083,6673.38330078125,716392,0.0,0.0
2021-03-25,6672.07023145771,6727.141445700337,6456.748183255362,6486.42431640625,547365,0.0,0.0
2021-03-26,6548.0148960976685,6601.724027374054,6505.836243512817,6553.31787109375,303751,0.0,0.0
2021-03-30,6600.750741333918,6689.292651337071,6563.777196497437,6602.3076171875,422141,0.0,0.0
2021-03-31,6671.048620178585,6671.048620178585,6532.543690727061,6555.9443359375,647600,0.0,0.0
2021-04-01,6583.2360231851935,6746.40628136971,6549.376234858478,6712.49755859375,531749,0.0,0.0
2021-04-05,6708.752041810062,6805.07785067724,6553.073966873208,6612.2314453125,540954,0.0,0.0
2021-04-06,6626.339666946057,6663.994490767656,6526.02498905508,6554.67919921875,508328,0.0,0.0
2021-04-07,6562.804473620078,6674.698100672163,6532.009496497587,6577.44775390625,301479,0.0,0.0
2021-04-08,6614.372693232248,6862.33879014385,6600.556073033136,6782.94287109375,635298,0.0,0.0
2021-04-09,6849.836002998997,6865.355352730024,6608.389108792335,6641.470703125,592763,0.0,0.0
2021-04-12,6580.609424552343,6580.609424552343,6292.3132757008325,6333.56787109375,585717,0.0,0.0
2021-04-13,6373.071394657692,6476.646157207588,6328.89783451308,6426.05078125,551188,0.0,0.0
2021-04-15,6469.3966320368,6519.019015588293,6220.944073491513,6362.65966796875,490675,0.0,0.0
2021-04-16,6334.15175823273,6603.134475698544,6334.15175823273,6533.80908203125,636917,0.0,0.0
2021-04-19,6324.4220583187725,6391.996265578607,6241.718077556142,6333.90869140625,559506,0.0,0.0
2021-04-20,6464.532062254254,6507.927420664624,6013.065644902362,6033.3525390625,1272134,0.0,0.0
2021-04-22,6030.627852053433,6056.850067684377,5808.932924830167,5927.734375,1795988,0.0,0.0
2021-04-23,5929.388733569222,5988.741000183551,5833.84112416321,5903.99365234375,968454,0.0,0.0
2021-04-26,5966.167818006195,6123.0136786284775,5946.173104007355,6106.37548828125,697792,0.0,0.0
2021-04-27,6109.391268896898,6174.484066996748,6066.579799581486,6155.89990234375,512910,0.0,0.0
2021-04-28,6188.203733223776,6231.9881936003585,6110.364692554294,6188.98193359375,414435,0.0,0.0
2021-04-29,6246.583363284544,6273.145747362715,6149.673657209615,6210.0478515625,406869,0.0,0.0
2021-04-30,6207.663510193797,6250.4749826778925,6065.16922594581,6109.34326171875,475175,0.0,0.0
2021-05-03,6083.120471365595,6207.662925033988,5983.875703598595,6178.619140625,402055,0.0,0.0
2021-05-04,6217.393444657014,6251.448025339799,6115.229702608659,6126.37060546875,330346,0.0,0.0
2021-05-05,6173.560227036912,6227.123024894014,6124.375399964905,6208.00390625,215973,0.0,0.0
2021-05-06,6227.123294813789,6256.215541438386,6143.446325539729,6232.42626953125,246632,0.0,0.0
2021-05-07,6285.453259634572,6347.772943452587,6241.668804935711,6306.81005859375,745582,0.0,0.0
2021-05-10,6411.99101326422,6426.585833476506,6159.0141295846,6230.1396484375,872011,0.0,0.0
2021-05-11,6217.393193085944,6441.131969155541,6139.943254848551,6315.27587890625,1139377,0.0,0.0
2021-05-12,6290.269960654959,6315.178548213841,6198.906483425065,6216.2744140625,392657,0.0,0.0
2021-05-14,6244.636474879482,6306.9077018025555,6087.888025840706,6196.08447265625,405281,0.0,0.0
2021-05-17,6207.565745760707,6377.206290369154,6159.986729881697,6355.89794921875,357292,0.0,0.0
2021-05-18,6402.260939613708,6489.829858240643,6385.331043697525,6473.2890625,451024,0.0,0.0
2021-05-19,6450.909637757121,6572.5331226318785,6343.92943042459,6383.96826171875,475946,0.0,0.0
2021-05-20,6421.72039504592,6453.2940436916015,6344.562641548211,6396.27685546875,256088,0.0,0.0
2021-05-21,6429.40675635255,6494.451093567989,6412.038827030263,6458.3046875,307027,0.0,0.0
2021-05-24,6470.36957780978,6492.164411895631,6363.38936746027,6385.1357421875,288501,0.0,0.0
2021-05-25,6447.990930164373,6458.0614501302425,6350.886926021144,6379.49267578125,176134,0.0,0.0
2021-05-26,6416.759040249913,6439.2351600790735,6348.893121178363,6403.13720703125,248015,0.0,0.0
2021-05-27,6421.720333397332,6543.295365200401,6402.503821793605,6492.99169921875,1707144,0.0,0.0
2021-05-28,6542.371720372054,6553.074589040123,6407.710267784903,6420.26171875,285093,0.0,0.0
2021-05-31,6454.753654398731,6539.45206611101,6410.190520864587,6526.80322265625,328449,0.0,0.0
2021-06-01,6541.398567557462,6541.398567557462,6382.80151765238,6423.03466796875,397989,0.0,0.0
2021-06-02,6423.033917064862,6489.829442924587,6375.357508863467,6416.0771484375,567704,0.0,0.0
2021-06-03,6450.910284231921,6475.23498364456,6397.395945524115,6462.29443359375,349479,0.0,0.0
2021-06-04,6450.910393284647,6504.424732897114,6436.9479205674,6484.28369140625,205504,0.0,0.0
2021-06-07,6509.241536281256,6721.352929263462,6483.019318534115,6664.62744140625,617042,0.0,0.0
2021-06-08,6708.752317564493,6708.752317564493,6543.344356145209,6610.86962890625,218632,0.0,0.0
2021-06-09,6591.993721377305,6604.253465235422,6501.50583708386,6543.10107421875,345102,0.0,0.0
2021-06-10,6565.722384307874,6581.095403173376,6500.532194659292,6528.408203125,198704,0.0,0.0
2021-06-11,6543.441055686972,6572.484839672914,6470.369568994711,6482.87255859375,193014,0.0,0.0
2021-06-14,6475.235367135444,6505.3006023717,6402.261264575691,6498.1005859375,160001,0.0,0.0
2021-06-15,6498.100449025744,6563.825599309706,6480.440811596726,6488.17578125,193128,0.0,0.0
2021-06-16,6490.364793183573,6513.278945214359,6387.666101721926,6409.4609375,224100,0.0,0.0
2021-06-17,6377.936420864298,6567.669083269872,6373.119940166513,6523.73876953125,637296,0.0,0.0
2021-06-18,6528.7491854866985,6546.214509335553,6405.520355863937,6513.083984375,367329,0.0,0.0
2021-06-21,6451.883219022697,6606.588306011779,6346.022318088263,6592.47998046875,361652,0.0,0.0
2021-06-22,6606.588556523646,6752.536757330501,6569.080058953004,6673.67626953125,542280,0.0,0.0
2021-06-23,6689.000941327866,6765.866995025045,6598.804761699642,6716.876953125,438444,0.0,0.0
2021-06-24,6713.6172459197505,6789.99680444217,6702.962837210158,6773.89404296875,278305,0.0,0.0
2021-06-25,6810.916171638019,6810.916171638019,6703.887488940849,6735.99609375,183496,0.0,0.0
2021-06-28,6762.2665711539585,6791.407751666369,6673.4814165326925,6683.892578125,127275,0.0,0.0
2021-06-29,6689.292670107848,6694.157610231562,6615.832074239755,6640.3515625,235008,0.0,0.0
2021-06-30,6617.290517111174,6680.583188144629,6567.668135641879,6592.9658203125,283145,0.0,0.0
2021-07-01,6594.230856111471,6615.8313780243625,6509.289200526949,6526.0732421875,274106,0.0,0.0
2021-07-02,6565.577040032492,6565.577040032492,6504.424650432285,6538.3818359375,256489,0.0,0.0
2021-07-05,6538.479349275151,6606.5885091634345,6513.668155315849,6538.33349609375,134014,0.0,0.0
2021-07-06,6545.8738362400245,6809.942671206741,6545.77644242654,6745.77392578125,681761,0.0,0.0
2021-07-07,6749.131030300851,6773.942223449078,6627.069499854531,6738.0390625,382398,0.0,0.0
2021-07-08,6731.1305327995415,6805.953209965676,6658.156437691134,6715.46533203125,365610,0.0,0.0
2021-07-09,6703.886866203199,6733.708851366142,6650.3725298256695,6713.1787109375,170542,0.0,0.0
2021-07-12,6718.579218221824,6922.760835449017,6718.579218221824,6902.13330078125,610763,0.0,0.0
2021-07-13,6917.944238601879,6966.593635497814,6889.679129042048,6936.28515625,372867,0.0,0.0
2021-07-14,6918.236198673326,7043.41148155079,6874.160033505819,6925.77685546875,379753,0.0,0.0
2021-07-15,6941.637310856588,7024.973641376156,6909.9178057677445,6995.443359375,292170,0.0,0.0
2021-07-16,7012.324285650946,7161.191444760783,6988.631933610861,7136.4287109375,436381,0.0,0.0
2021-07-19,7107.482756896015,7185.516586778322,7049.298262858353,7114.8291015625,365109,0.0,0.0
2021-07-20,7136.185067193671,7340.220822784169,7132.001409200419,7224.1435546875,953888,0.0,0.0
2021-07-22,7311.031426878393,7342.653535126137,7093.082126955482,7257.51708984375,1163215,0.0,0.0
2021-07-23,7394.512872704484,7432.605727106966,7268.219239805859,7287.970703125,813619,0.0,0.0
2021-07-26,7312.003973074688,7433.62745898744,7219.32687680917,7410.95703125,369346,0.0,0.0
2021-07-27,7419.032973326683,7467.682369873088,7354.815769885429,7391.0595703125,297511,0.0,0.0
2021-07-28,7433.579198666247,7477.412114126148,7307.139229289182,7447.8818359375,289531,0.0,0.0
2021-07-29,7462.81763913712,7510.396655273106,7429.736048559458,7492.4453125,227836,0.0,0.0
2021-07-30,7511.2728412302695,7521.197509222243,7386.925160415947,7413.390625,245105,0.0,0.0
2021-08-02,7452.352993516861,7546.948957935689,7451.619691467102,7471.90771484375,202451,37.0,0.0
2021-08-03,7478.702710506446,7692.093593833421,7439.006533177564,7668.6279296875,385216,0.0,0.0
2021-08-04,7734.869599672379,7734.869599672379,7561.614587186136,7577.4541015625,258018,0.0,0.0
2021-08-05,7577.454450034274,7655.526769753115,7474.792163937034,7488.48046875,173662,0.0,0.0
2021-08-06,7518.790230833242,7548.024443270831,7339.033362407294,7360.0546875,250068,0.0,0.0
2021-08-09,7428.8384695263685,7447.122324530995,7307.599199952629,7328.76708984375,236944,0.0,0.0
2021-08-10,7337.908857279508,7377.21403639316,7260.667711413407,7307.74560546875,164588,0.0,0.0
2021-08-11,7298.7996934732955,7379.951786515262,7202.68842966598,7286.529296875,129339,0.0,0.0
2021-08-12,7290.977290120527,7411.238817099852,7267.365061402958,7302.4169921875,206051,0.0,0.0
2021-08-13,7346.121615941512,7361.814565292331,7266.534000492424,7294.59521484375,207505,0.0,0.0
2021-08-16,7294.595555859543,7309.506030656098,7168.809430811611,7183.08447265625,191968,0.0,0.0
2021-08-17,7212.758964866525,7261.841506384525,7135.566511427702,7244.09521484375,203995,0.0,0.0
2021-08-18,7259.689719529515,7553.010516278182,7241.112735735433,7432.21142578125,724989,0.0,0.0
2021-08-20,7427.469802248733,7455.139541608949,7270.005124328177,7326.5185546875,358744,0.0,0.0
2021-08-23,7393.9820033332435,7393.9820033332435,7125.740033775166,7187.33740234375,310220,0.0,0.0
2021-08-24,7254.8011943761285,7308.283545088491,7206.599000046022,7289.3642578125,174447,0.0,0.0
2021-08-25,7298.799040521916,7321.238272072708,7205.914123060485,7217.9892578125,146150,0.0,0.0
2021-08-26,7201.0258597077,7253.725736233574,7138.450753798495,7144.4150390625,183243,0.0,0.0
2021-08-27,7167.391705145659,7425.709273073437,7155.267874078728,7397.15966796875,497367,0.0,0.0
2021-08-30,7402.439559681068,7571.1968956862775,7402.439559681068,7532.28271484375,319952,0.0,0.0
2021-08-31,7561.810543426043,7685.005284630037,7495.95992556235,7658.06884765625,475968,0.0,0.0
2021-09-01,7657.628884004578,7753.447018661428,7520.256966460829,7594.02734375,352822,0.0,0.0
2021-09-02,7631.034189045986,7815.973346212308,7588.258236539139,7775.6904296875,393057,0.0,0.0
2021-09-03,7816.999700991353,7850.731594635406,7696.738167129947,7753.30029296875,198454,0.0,0.0
2021-09-06,7792.360229888859,7866.52160142822,7753.348658730319,7775.54345703125,212634,0.0,0.0
2021-09-07,7775.544032526989,7880.552791864585,7735.358984222911,7847.55419921875,240683,0.0,0.0
2021-09-08,7850.242655545306,7893.5561711001865,7768.357262295596,7814.9462890625,198064,0.0,0.0
2021-09-09,7759.31319488207,7805.266788652163,7724.1146975262545,7762.8818359375,159693,0.0,0.0
2021-09-13,7787.667479767039,7787.667479767039,7729.0033179608845,7767.5751953125,187063,0.0,0.0
2021-09-14,7792.555911400925,7795.5378152335725,7675.227591530397,7681.5341796875,168408,0.0,0.0
2021-09-15,7713.360159369663,7752.469603706688,7616.564284635528,7646.7275390625,235010,0.0,0.0
2021-09-16,7683.734432894315,7694.4403561201825,7557.899613182943,7592.560546875,216078,0.0,0.0
2021-09-17,7636.1185058581905,7663.152812000608,7490.1914012488005,7540.15380859375,503207,0.0,0.0
2021-09-20,7512.923615694298,7558.046037763577,7377.653741160819,7407.328125,291081,0.0,0.0
2021-09-21,7367.240692353946,7516.834298980376,7347.197104537986,7423.65625,214916,0.0,0.0
2021-09-22,7430.695724326976,7499.2351133482125,7408.207796346923,7455.82373046875,206063,0.0,0.0
2021-09-23,7472.00555221264,7525.830208882523,7411.23935142933,7450.0556640625,201988,0.0,0.0
2021-09-24,7463.059070573211,7472.445431884867,7333.020179391993,7354.04150390625,341258,0.0,0.0
2021-09-27,7375.649803793733,7500.066716856814,7358.4902495735005,7453.18408203125,261520,0.0,0.0
2021-09-28,7460.0274266116985,7614.6075757304725,7381.906419718164,7419.353515625,403030,0.0,0.0
2021-09-29,7381.907110680313,7490.778114344369,7274.356146153845,7298.359375,490626,0.0,0.0
2021-09-30,7323.243406559345,7331.94516238817,7206.8928103803655,7231.43408203125,422904,0.0,0.0
2021-10-01,7231.433308597256,7334.97545527919,7192.421737768218,7316.93603515625,366658,0.0,0.0
2021-10-04,7329.109714695651,7440.4737596223395,7328.1319786077775,7348.2734375,339796,0.0,0.0
2021-10-05,7333.020274662128,7396.4265521190755,7284.231341916745,7297.82177734375,229310,0.0,0.0
2021-10-06,7331.896343538332,7371.1523519068105,7182.449287320259,7199.07080078125,279814,0.0,0.0
2021-10-07,7256.757226839256,7291.9070300783105,7149.15756159023,7190.85791015625,583113,0.0,0.0
2021-10-08,7211.780631240841,7240.330712990181,7164.8493039225705,7172.4267578125,234324,0.0,0.0
2021-10-11,7235.246402429147,7243.997330596147,7146.957032563567,7167.04931640625,346054,0.0,0.0
2021-10-12,7151.161452278701,7194.181838373897,7032.855390516912,7088.73291015625,407411,0.0,0.0
2021-10-13,7101.29694115415,7225.371550591907,7098.363733000017,7186.7509765625,347921,0.0,0.0
2021-10-14,7274.355932239199,7291.906484625804,7176.582330999426,7230.8466796875,599817,0.0,0.0
2021-10-18,7362.352301731464,7473.814209088355,7138.84174991798,7234.56201171875,1413642,0.0,0.0
2021-10-19,7322.264242205912,7322.264242205912,6993.744975897835,7010.46435546875,868388,0.0,0.0
2021-10-20,6941.92561806142,7147.054440431059,6934.348164041705,6970.86669921875,703897,0.0,0.0
2021-10-21,7040.530210637364,7044.978718371925,6927.259402136629,6970.27978515625,318247,0.0,0.0
2021-10-22,6999.3675756183375,7071.964473469172,6941.925585736364,6990.42138671875,330818,0.0,0.0
2021-10-25,6990.421926731411,7015.207631677219,6850.9966671652055,6990.6171875,245401,0.0,0.0
2021-10-26,6990.959336129202,7132.584498731353,6990.812771203451,7107.26123046875,372893,0.0,0.0
2021-10-27,7109.118482130681,7207.8698184936575,7072.94224999771,7190.46630859375,364657,0.0,0.0
2021-10-28,7211.780471490594,7333.019731043853,7190.270280279533,7280.857421875,556897,0.0,0.0
2021-10-29,7298.79945877612,7518.790065370176,7179.5156632006765,7466.041015625,659277,0.0,0.0
2021-11-01,7499.234970158706,7637.0957434041275,7477.382475513307,7601.9951171875,469658,0.0,0.0
2021-11-02,7613.629785602162,7641.788389787121,7517.224926172484,7541.61962890625,177655,0.0,0.0
2021-11-03,7587.13335338492,7726.314165944002,7557.947838831939,7712.23486328125,388455,0.0,0.0
2021-11-04,7721.181800568753,7756.282430253286,7686.667908012497,7705.34228515625,32611,0.0,0.0
2021-11-08,7763.223997992198,8084.899148538726,7670.339076101863,8031.17236328125,825196,0.0,0.0
2021-11-09,8017.435407673585,8071.259584903717,7961.704454230001,7984.1923828125,253056,0.0,0.0
2021-11-10,7963.659764968716,8005.555848287324,7870.7748444442195,7926.31005859375,209152,0.0,0.0
2021-11-11,7919.66152286206,7960.579869545545,7826.776603766765,7871.41015625,125814,0.0,0.0
2021-11-12,7904.995710110157,7933.154316480806,7826.776828624837,7900.84033203125,180509,0.0,0.0
2021-11-15,7900.107212271103,7990.596491912935,7852.1981462560925,7871.55712890625,119066,0.0,0.0
2021-11-16,7939.216422068672,7957.793406307503,7681.38724458989,7706.90625,277983,0.0,0.0
2021-11-17,7670.338909509171,7771.974757534224,7627.31852556801,7682.75634765625,183623,0.0,0.0
2021-11-18,7723.136802036679,7753.446618578411,7543.282070658049,7594.76025390625,196805,0.0,0.0
2021-11-22,7625.36296411696,7634.749325076042,7382.493440380289,7483.3955078125,383629,0.0,0.0
2021-11-23,7450.348341012538,7542.940131437741,7372.814066957927,7487.45361328125,475377,0.0,0.0
2021-11-24,7557.899605691599,7595.102271130707,7381.907118107578,7408.59912109375,292766,0.0,0.0
2021-11-25,7391.977265096208,7464.4767711816885,7350.179051236099,7439.3974609375,173989,0.0,0.0
2021-11-26,7381.906795150276,7429.815859118801,7206.0121843478655,7230.11328125,265808,0.0,0.0
2021-11-29,7190.759223365648,7269.418273466256,7041.067750210455,7223.7578125,382413,0.0,0.0
2021-11-30,7222.829573458897,7351.597606526925,7183.964564167842,7268.24560546875,547664,0.0,0.0
2021-12-01,7442.526530896661,7507.790409763891,7128.6732707261635,7159.56982421875,509749,0.0,0.0
2021-12-02,7196.137233484603,7224.4915785621915,7100.319101843096,7160.15673828125,239691,0.0,0.0
2021-12-03,7214.177031938403,7289.0225385363565,7133.709065422325,7169.201171875,401430,0.0,0.0
2021-12-06,7181.324730024039,7225.078418308451,7040.677303598707,7053.974609375,173852,0.0,0.0
2021-12-07,7122.806927220245,7173.600504576774,7073.920126072542,7136.88623046875,162646,0.0,0.0
2021-12-08,7165.826865383034,7292.688106450499,7137.472522485489,7258.6630859375,209590,0.0,0.0
2021-12-09,7310.335756594251,7347.881197957697,7225.468469459638,7268.34228515625,198582,0.0,0.0
2021-12-10,7284.133575035427,7285.942482210593,7225.762541866038,7274.79638671875,144726,0.0,0.0
2021-12-13,7346.708429498615,7372.031696849164,7227.522504544678,7249.375,220084,0.0,0.0
2021-12-14,7244.0461482109195,7292.835079965454,7173.747024087558,7221.94921875,210516,0.0,0.0
2021-12-15,7250.890683253265,7250.890683253265,7166.805381370878,7207.23486328125,113049,0.0,0.0
2021-12-16,7249.716373195657,7274.355510242792,7207.673727101513,7248.68994140625,140591,0.0,0.0
2021-12-17,7245.8056324486715,7245.8056324486715,7139.428148453576,7173.9912109375,279606,0.0,0.0
2021-12-20,7108.141182581802,7108.141182581802,6878.568945805821,7001.42138671875,285814,0.0,0.0
2021-12-21,7076.85306142114,7210.802891403829,7020.242243355742,7164.2138671875,241099,0.0,0.0
2021-12-22,7157.027543503677,7259.68982384082,7149.645827643498,7213.0029296875,158971,0.0,0.0
2021-12-23,7269.271389658717,7269.271389658717,7137.42407257046,7177.1689453125,210152,0.0,0.0
2021-12-24,7198.092843457086,7284.133616375346,7041.5572054271715,7063.947265625,270337,0.0,0.0
2021-12-27,7058.275775108301,7132.583706803582,7012.615315589386,7083.74560546875,142927,0.0,0.0
2021-12-28,7113.029647949757,7251.868164789465,7113.029647949757,7241.2109375,185895,0.0,0.0
2021-12-29,7220.580667091018,7293.910870209749,7209.5324407852,7255.73046875,219901,0.0,0.0
2021-12-30,7255.730508458431,7328.033802683088,7215.789895459145,7232.50927734375,243710,0.0,0.0
2021-12-31,7284.133491397082,7488.969191591403,7256.219318444456,7422.04296875,258372,0.0,0.0
2022-01-03,7430.793662654351,7577.45406389095,7401.51027824338,7551.93505859375,250533,0.0,0.0
2022-01-04,7576.4770078881575,7599.796109259749,7442.234032871719,7480.0234375,315188,0.0,0.0
2022-01-05,7480.169258300536,7596.0309741503,7425.9049103709,7489.017578125,400874,0.0,0.0
2022-01-06,7469.463392492933,7528.519032969141,7259.7390057618395,7292.4931640625,403448,0.0,0.0
2022-01-07,7298.897772726136,7411.239553858655,7273.427461164183,7389.6806640625,543512,0.0,0.0
2022-01-10,7421.016529329416,7448.002139463558,7354.823608584635,7416.2744140625,213126,0.0,0.0
2022-01-11,7440.278786317882,7508.426707829511,7392.858584223889,7436.9541015625,234296,0.0,0.0
2022-01-12,7493.1725948625235,7556.921169870509,7440.47272255363,7488.1865234375,297378,0.0,0.0
2022-01-13,7509.990588575728,7547.731295530101,7385.671545490208,7437.4423828125,274893,0.0,0.0
2022-01-14,7464.036418067761,7528.566992287367,7398.4302387958,7489.9951171875,250253,0.0,0.0
2022-01-17,7465.014536574561,7769.090439767055,7333.118042536764,7694.88037109375,1216949,0.0,0.0
2022-01-18,7633.185400765893,7718.248437766871,7352.575152268415,7387.67578125,565178,0.0,0.0
2022-01-19,7430.695677940071,7430.695677940071,7189.292756743209,7268.88037109375,439305,0.0,0.0
2022-01-20,7303.687897924201,7391.243965495496,7230.3576981458455,7299.2880859375,249483,0.0,0.0
2022-01-21,7264.578652227861,7288.679749717216,7148.228065469433,7193.83935546875,207851,0.0,0.0
2022-01-24,7196.136851942426,7201.025531869018,6930.828096844285,6996.6787109375,319304,0.0,0.0
2022-01-25,6961.480389128168,6994.625544375271,6844.152067963086,6940.3125,467078,0.0,0.0
2022-01-27,6981.035186203165,6991.105676250008,6795.265342312605,6942.6103515625,418032,0.0,0.0
2022-01-28,6962.360432842549,7104.62102586748,6936.059428995576,6951.556640625,511605,0.0,0.0
2022-01-31,7028.846147054856,7117.477818864897,7008.020561479247,7055.73388671875,250406,0.0,0.0
2022-02-01,7101.492771362794,7367.730110639188,7074.11616156943,7348.90869140625,731348,0.0,0.0
2022-02-02,7404.1020137669975,7406.350615729152,7259.690207496892,7275.333984375,324627,0.0,0.0
2022-02-03,7294.888503108003,7318.354167774212,7187.33754005454,7211.1455078125,167162,0.0,0.0
2022-02-04,7224.491922995211,7362.254841716721,7215.838863171784,7274.01416015625,462491,0.0,0.0
2022-02-07,7274.013296887923,7351.548045575502,7198.58106245909,7303.05224609375,391483,0.0,0.0
2022-02-08,7309.505574351373,7332.042197984397,7192.030213080962,7256.12109375,270604,0.0,0.0
2022-02-09,7270.445233543814,7379.853801541277,7256.219365047415,7336.97998046875,253643,0.0,0.0
2022-02-10,7347.393069642197,7380.880528369056,7294.203848159578,7308.087890625,284223,0.0,0.0
2022-02-11,7294.008822765867,7294.008822765867,7131.704638005728,7160.5478515625,265177,0.0,0.0
2022-02-14,7081.25266668811,7081.25266668811,6893.038495015696,6931.26806640625,266661,0.0,0.0
2022-02-15,6941.925794482635,7155.512420630468,6874.510704429895,7127.98876953125,255775,0.0,0.0
2022-02-16,7122.806732335368,7157.027492202456,7007.385188947723,7019.06884765625,322839,0.0,0.0
2022-02-17,6985.924155719993,7064.143040598593,6873.484508707004,6889.07958984375,499955,0.0,0.0
2022-02-18,6892.061534760159,6907.558746900722,6746.378860809348,6762.609375,510600,0.0,0.0
2022-02-21,6746.378723265806,6758.649119689703,6639.805494159144,6661.755859375,424346,0.0,0.0
2022-02-22,6563.541286535459,6619.27223444735,6527.511622096362,6599.27734375,359236,0.0,0.0
2022-02-23,6629.049867310968,6713.135160613143,6585.051748722621,6629.24560546875,506540,0.0,0.0
2022-02-24,6477.403114943602,6501.113212885129,6253.79517874115,6275.5498046875,610393,0.0,0.0
2022-02-25,6404.17106003981,6508.446513191859,6374.838978848788,6423.97021484375,376464,0.0,0.0
2022-02-28,6392.437665465596,6455.012766504109,6296.766106911406,6421.671875,557289,0.0,0.0
2022-03-02,6393.415737636322,6393.415737636322,6200.801744622962,6256.875,686927,0.0,0.0
2022-03-03,6273.154189166748,6293.83321012812,5832.048687322942,5847.5458984375,2406110,0.0,0.0
2022-03-04,5817.284543056767,6032.630888803774,5720.537378600469,5915.595703125,1336552,0.0,0.0
2022-03-07,5797.290077670736,5797.290077670736,5558.087052342303,5571.23779296875,1280108,0.0,0.0
2022-03-08,5505.631847358638,5744.19945005008,5503.872113384828,5703.57470703125,955847,0.0,0.0
2022-03-09,5758.865106297034,5923.858058196461,5691.597059686695,5883.3798828125,813790,0.0,0.0
2022-03-10,6063.918736147327,6121.800898923698,5870.864569941036,5917.7958984375,967482,0.0,0.0
2022-03-11,5908.458923471625,5983.695903143481,5846.861552599755,5886.94873046875,533023,0.0,0.0
2022-03-14,5915.303264007194,5932.804644298003,5823.444768637583,5901.51708984375,466938,0.0,0.0
2022-03-15,5960.132566272338,6034.587073126427,5839.088553375631,5887.193359375,819263,0.0,0.0
2022-03-16,5993.521703501409,6176.554074383167,5944.634903309718,6165.50537109375,888929,0.0,0.0
2022-03-17,6238.297960163253,6325.463028760988,6198.846217226163,6231.6982421875,979987,0.0,0.0
2022-03-21,6228.178518700788,6228.178518700788,6038.546424486794,6053.408203125,531422,0.0,0.0
2022-03-22,6022.853417288738,6087.237424707202,5924.199955984329,6073.3046875,1073804,0.0,0.0
2022-03-23,6171.958328555477,6171.958328555477,6057.123047581306,6095.2060546875,664235,0.0,0.0
2022-03-24,6063.918302745978,6237.515128010974,6061.962830865054,6210.43212890625,642226,0.0,0.0
2022-03-25,6242.8449132569285,6248.369026664458,6144.1422643455835,6172.15478515625,321023,0.0,0.0
2022-03-28,6203.735681385698,6252.573791543671,6106.0107652278375,6218.35302734375,325668,0.0,0.0
2022-03-29,6235.023065464446,6402.215937378264,6234.045329371382,6381.29248046875,671879,0.0,0.0
2022-03-30,6396.83779058015,6520.325656620332,6396.83779058015,6494.80712890625,705385,0.0,0.0
2022-03-31,6511.72220262382,6549.853909215761,6434.481053373477,6455.306640625,399272,0.0,0.0
2022-04-01,6455.99122922981,6539.929965788537,6418.885954644764,6522.037109375,216837,0.0,0.0
2022-04-04,6484.344859977989,6607.979762574162,6474.567500418311,6593.75341796875,268314,0.0,0.0
2022-04-05,6619.272745025373,6664.248601195413,6531.32520052881,6576.39892578125,412049,0.0,0.0
2022-04-06,6550.831208567058,6640.782920684695,6541.053848554271,6586.17626953125,297453,0.0,0.0
2022-04-07,6546.920652021624,6645.183125965496,6546.920652021624,6586.66552734375,234000,0.0,0.0
2022-04-08,6647.627280788358,6697.49181841451,6573.172777442324,6684.78125,309692,0.0,0.0
2022-04-11,6682.483828184838,6764.467094275389,6648.605368370694,6706.04736328125,359038,0.0,0.0
2022-04-12,6697.492351361593,6706.047542321361,6572.1463911355295,6624.69970703125,385829,0.0,0.0
2022-04-13,6599.718427772129,6687.714673475757,6545.160946399954,6580.21240234375,386535,0.0,0.0
2022-04-18,6497.544914395244,6540.956299493923,6423.7745385254275,6491.7763671875,240392,0.0,0.0
2022-04-19,6550.831205810055,6613.650743865771,6361.199117477804,6439.076171875,353426,0.0,0.0
2022-04-20,6440.347212184913,6675.737160770539,6439.07634631342,6655.595703125,328054,0.0,0.0
2022-04-21,6677.937179495226,6733.668133994674,6656.426986530527,6694.06982421875,181457,0.0,0.0
2022-04-22,6648.604563725658,6658.333227543989,6560.706195931371,6593.94921875,237385,0.0,0.0
2022-04-25,6544.964448358892,6563.59012723966,6410.672320163675,6448.21728515625,227496,0.0,0.0
2022-04-26,6531.276462252082,6545.160504378416,6467.723622424778,6511.91748046875,279555,0.0,0.0
2022-04-27,6428.6139723542055,6482.242885537165,6390.530965538713,6402.6552734375,327597,0.0,0.0
2022-04-28,6451.102083058764,6487.278314806745,6405.197187214495,6469.63037109375,243308,0.0,0.0
2022-04-29,6470.070273945142,6645.671759451826,6375.034618796611,6482.63427734375,1139560,0.0,0.0
2022-05-02,6460.488572307718,6580.163364767368,6397.228861328726,6530.298828125,329548,0.0,0.0
2022-05-04,6530.298855936765,6559.23993751488,6356.261844953573,6376.74560546875,228457,0.0,0.0
2022-05-05,6413.94804768173,6449.048673985032,6198.846131448501,6214.19677734375,344367,0.0,0.0
2022-05-06,6159.737045411052,6159.737045411052,6022.853999957473,6062.1591796875,499910,0.0,0.0
2022-05-09,6037.520308117811,6135.196047256171,5978.856143180634,6086.01611328125,355285,0.0,0.0
2022-05-10,6072.572179496367,6280.438963927817,6062.501211506608,6224.7080078125,359456,0.0,0.0
2022-05-11,6228.130128825705,6293.198273934075,6071.692356149646,6199.04248046875,217452,0.0,0.0
2022-05-12,6159.736772014592,6159.736772014592,5942.288382084553,6047.7373046875,323730,0.0,0.0
2022-05-13,6128.840271109319,6152.696934121453,6006.036533542565,6058.58984375,319217,0.0,0.0
2022-05-16,6056.7817224284445,6056.7817224284445,5691.40156822027,5878.93115234375,685657,0.0,0.0
2022-05-17,5878.931345812966,5989.4646967602575,5847.252792114661,5971.767578125,637179,0.0,0.0
2022-05-18,6026.764826674354,6139.204468963054,5993.570497834623,6094.9619140625,371945,0.0,0.0
2022-05-19,5992.544118870905,6038.888711141274,5915.302972616899,5937.39990234375,259111,0.0,0.0
2022-05-20,6027.741968175055,6027.741968175055,5929.186378053612,5992.201171875,374540,0.0,0.0
2022-05-23,6036.542360378529,6085.429162778744,5768.642683225352,5784.57958984375,528566,0.0,0.0
2022-05-24,5815.525300526863,5824.960357880222,5703.769784123708,5737.40380859375,458962,0.0,0.0
2022-05-25,5762.776010067419,5845.883570443348,5649.60306755549,5663.24267578125,571568,0.0,0.0
2022-05-26,5691.400893348752,5785.263543367903,5579.694562466585,5743.46533203125,512954,0.0,0.0
2022-05-27,5773.531082450902,5843.439206480579,5755.002794278975,5815.57373046875,290626,0.0,0.0
2022-05-30,5866.415772413159,6019.675884467452,5832.732577555832,5966.7802734375,330562,0.0,0.0
2022-05-31,5973.967117718999,6003.299198493398,5910.462971878361,5947.17724609375,431470,0.0,0.0
2022-06-01,5944.635251902435,5963.896843271523,5817.529563950574,5842.6083984375,268629,0.0,0.0
2022-06-02,5833.173446492573,5889.833443226722,5774.509281760834,5874.091796875,320094,0.0,0.0
2022-06-03,5978.855989771532,5978.855989771532,5485.0992808860665,5552.41650390625,2216480,0.0,0.0
2022-06-06,5553.54097180333,5607.31645656551,5450.878682711895,5457.08740234375,999722,0.0,0.0
2022-06-07,5436.211984653315,5452.148889975203,5289.551589383891,5431.51904296875,1203977,0.0,0.0
2022-06-08,5457.6736337243765,5488.325275270225,5377.547977889757,5408.68896484375,605175,0.0,0.0
2022-06-09,5401.991592804837,5411.768953153805,5323.772710013092,5359.85107421875,375314,0.0,0.0
2022-06-10,5334.430003271977,5412.453626267612,5288.574278150342,5388.35205078125,493489,0.0,0.0
2022-06-13,5310.08501325734,5328.662000046493,5218.177815458373,5236.9013671875,441354,0.0,0.0
2022-06-14,5230.887647193372,5375.592576498909,5205.466510964021,5307.73779296875,610906,0.0,0.0
2022-06-15,5319.764234995245,5351.6872230821145,5280.752660204713,5332.71923828125,286759,0.0,0.0
2022-06-16,5357.993150947174,5363.859566805876,5159.561443562546,5187.1337890625,732233,0.0,0.0
2022-06-17,5182.001120425988,5184.8856327684125,5042.233559619481,5062.03271484375,819352,0.0,0.0
2022-06-20,5063.695086278924,5228.394917575821,5046.877834978104,5214.5595703125,506142,0.0,0.0
2022-06-21,5235.776666717426,5312.040080350285,5144.89590784086,5298.25390625,292408,0.0,0.0
2022-06-22,5279.774753153955,5307.151362985124,5201.555867922045,5289.50341796875,214821,0.0,0.0
2022-06-23,5307.1513340711,5376.472725248171,5238.7585057049855,5289.84521484375,296712,0.0,0.0
2022-06-24,5328.661332656135,5387.325494116569,5314.191030459961,5346.5537109375,265862,0.0,0.0
2022-06-27,5387.3257932984125,5457.722790960388,5365.864295408219,5436.45703125,226613,0.0,0.0
2022-06-28,5436.212575983581,5460.65597785401,5357.993689998206,5448.6787109375,278114,0.0,0.0
2022-06-29,5418.6128028542325,5522.252816766638,5398.178216347873,5493.2138671875,490615,0.0,0.0
2022-06-30,5503.676046935888,5523.230767301622,5411.768861216938,5482.458984375,572821,0.0,0.0
2022-07-01,5475.321881968691,5572.851052991257,5362.882236178262,5564.98046875,329610,0.0,0.0
2022-07-04,5553.442451276331,5617.093158528632,5506.706862783874,5581.943359375,165959,0.0,0.0
2022-07-05,5583.361748992624,5634.692891943698,5573.437823504119,5602.37890625,307970,0.0,0.0
2022-07-06,5621.981843599524,5714.768891936207,5600.716086191126,5698.2939453125,371948,0.0,0.0
2022-07-07,5724.6443450035185,5741.217161355766,5642.758954073707,5708.85400390625,261593,0.0,0.0
2022-07-08,5720.733596259792,5826.280393225614,5676.3444753223785,5709.0986328125,410980,0.0,0.0
2022-07-11,5690.423673906777,5738.332739202556,5651.900969946899,5723.9111328125,189671,0.0,0.0
2022-07-12,5693.454268629071,5706.604530624344,5602.4269567983665,5650.189453125,171919,0.0,0.0
2022-07-13,5653.269469234818,5753.976275760447,5641.878940483609,5669.84228515625,263686,0.0,0.0
2022-07-14,5670.868891279994,5721.662468261645,5555.740475426853,5607.36474609375,285686,0.0,0.0
2022-07-15,5592.649989851035,5702.1564232187475,5574.073005619012,5677.76171875,255753,0.0,0.0
2022-07-18,5702.1561264304355,5857.616144280648,5682.014670145172,5849.20751953125,512929,0.0,0.0
2022-07-19,5861.429696577719,5960.230209964664,5849.4524300757375,5950.35498046875,555572,0.0,0.0
2022-07-20,5974.944762552092,6008.18778692237,5941.701738181813,5953.4345703125,371187,0.0,0.0
2022-07-21,5988.63276873866,6012.244996744802,5901.614268099029,5994.2060546875,328612,0.0,0.0
2022-07-22,5994.499524623778,6350.395435072815,5963.260667893649,6314.90380859375,1441549,0.0,0.0
2022-07-25,6207.645375036557,6303.267757340516,6120.675573722927,6240.79052734375,919050,0.0,0.0
2022-07-26,6247.2440440353075,6318.178598418265,6166.776563847616,6257.16796875,549442,0.0,0.0
2022-07-27,6248.026272394724,6405.148641137886,6224.169609085158,6389.84716796875,424070,0.0,0.0
2022-07-28,6413.9483895113,6413.9483895113,6301.508745487855,6327.17431640625,462464,0.0,0.0
2022-07-29,6394.100841975922,6430.814640865429,6345.5071677702135,6399.0869140625,360851,0.0,0.0
2022-08-01,6441.276400181955,6515.633035804456,6413.997182464653,6509.42431640625,414339,0.0,0.0
2022-08-02,6517.488123133201,6582.536547059425,6485.185020594101,6540.54736328125,274658,38.0,0.0
2022-08-03,6554.019269608122,6583.519731436816,6405.582587113113,6492.7568359375,266360,0.0,0.0
2022-08-04,6537.3025359748935,6574.030708075844,6440.934357797165,6478.3505859375,275815,0.0,0.0
2022-08-05,6478.350659556308,6685.78827424524,6478.350659556308,6662.384765625,741250,0.0,0.0
2022-08-08,6642.520530318391,6662.384366303546,6536.318869730029,6566.6552734375,313912,0.0,0.0
2022-08-10,6612.3808996989055,6629.83533905217,6470.97506912963,6485.82373046875,271291,0.0,0.0
2022-08-11,6519.700508076428,6544.136820036858,6464.141304854665,6487.25,303393,0.0,0.0
2022-08-12,6485.184843114715,6500.082480272313,6406.516945093612,6450.0791015625,269932,0.0,0.0
2022-08-16,6482.333543024349,6567.786455374498,6450.816926756803,6545.16943359375,270299,0.0,0.0
2022-08-17,6598.270371079266,6611.791416921641,6484.250886988159,6499.7880859375,341063,0.0,0.0
2022-08-18,6499.050560636421,6598.516194356901,6499.050560636421,6592.3212890625,300992,0.0,0.0
2022-08-19,6613.019922900987,6669.955715872472,6496.001429097981,6536.859375,641293,0.0,0.0
2022-08-22,6544.185997973642,6555.838776810104,6337.731733745859,6359.80810546875,345960,0.0,0.0
2022-08-23,6337.68248472721,6470.4345615989205,6298.446966926386,6387.2431640625,379309,0.0,0.0
2022-08-24,6344.664659341663,6424.90601455351,6344.664659341663,6399.97802734375,223101,0.0,0.0
2022-08-25,6421.2671377859515,6496.001640461562,6347.12274037214,6367.23193359375,470687,0.0,0.0
2022-08-26,6399.09266511235,6460.600933999034,6363.249413075761,6408.630859375,415698,0.0,0.0
2022-08-29,6295.398348895924,6470.434416703402,6295.398348895924,6397.96142578125,366457,0.0,0.0
2022-08-30,6429.969802865442,6578.602864223543,6416.350327213546,6566.6552734375,467147,0.0,0.0
2022-09-01,6518.618338246207,6647.437014111383,6495.0179701487705,6522.06005859375,386222,0.0,0.0
2022-09-02,6529.435367968454,6555.64151479318,6436.017241468905,6467.97607421875,268505,0.0,0.0
2022-09-05,6465.518021548925,6509.621308950403,6388.226713884744,6413.3515625,385312,0.0,0.0
2022-09-06,6431.1008161900545,6446.834396168501,6348.54849668034,6387.341796875,341220,0.0,0.0
2022-09-07,6352.433013490404,6684.804895620397,6323.915899343156,6658.0576171875,918604,0.0,0.0
2022-09-08,6730.038478085824,6823.456604242772,6667.104161516932,6804.4287109375,879685,0.0,0.0
2022-09-09,6814.6070374719775,6911.958566578721,6651.518546468558,6670.69384765625,567059,0.0,0.0
2022-09-12,6670.693870729675,6785.106597575467,6627.770792414297,6755.212890625,488043,0.0,0.0
2022-09-13,6784.123007115313,6853.547524699652,6740.855662237349,6781.4677734375,412295,0.0,0.0
2022-09-14,6676.937615328328,6848.433531096895,6647.535585482433,6761.259765625,543948,0.0,0.0
2022-09-15,6793.956339275172,6809.6899188711195,6645.6180881169785,6676.98681640625,437578,0.0,0.0
2022-09-16,6676.987061504151,6705.20936300066,6343.5828562005145,6373.4765625,831639,0.0,0.0
2022-09-19,6288.5153808005625,6403.518211451115,6140.619821901489,6352.28564453125,808807,0.0,0.0
2022-09-20,6384.58860879384,6454.062101816352,6350.417239797661,6376.67236328125,373825,0.0,0.0
2022-09-21,6391.766365880519,6424.167896672462,6191.703886568171,6208.61767578125,616165,0.0,0.0
2022-09-22,6195.096887369367,6258.867147390928,6126.262477509707,6135.505859375,492098,0.0,0.0
2022-09-23,6155.76322875176,6179.314623580212,6025.1252501433855,6037.71240234375,570526,0.0,0.0
2022-09-26,6018.045367379045,6136.096192614148,5905.009236642301,6074.24365234375,497458,0.0,0.0
2022-09-27,6104.629082949662,6169.481125528737,6025.961182396187,6089.7314453125,467962,0.0,0.0
2022-09-28,6047.595039218642,6173.119415831781,6010.276760696812,6070.1630859375,378895,0.0,0.0
2022-09-29,6114.462063545111,6158.56534766628,6042.677610241992,6073.06298828125,407574,0.0,0.0
2022-09-30,6069.424827566703,6219.680311651938,6069.227965773242,6150.9443359375,442887,0.0,0.0
2022-10-03,6181.72345412049,6249.476086616264,6125.47619400074,6138.603515625,337932,0.0,0.0
2022-10-04,6243.182561494758,6275.584093718775,6175.57733732918,6202.52099609375,307268,0.0,0.0
2022-10-06,6234.4312180653305,6260.834228638868,6153.304944328676,6182.5595703125,495617,0.0,0.0
2022-10-07,6195.096762097505,6202.177064743051,6031.270773914114,6100.20361328125,454883,0.0,0.0
2022-10-10,6053.69147867057,6070.457381999754,6018.09406355461,6047.49609375,282642,0.0,0.0
2022-10-11,6077.734787765052,6101.6794275600905,5959.683953994813,5975.56494140625,276525,0.0,0.0
2022-10-12,5983.6768789425805,6086.928493123183,5956.929602065978,6074.83349609375,223353,0.0,0.0
2022-10-13,6069.228755510171,6112.49610243863,5999.41099114834,6078.81640625,314360,0.0,0.0
2022-10-14,6155.7632233375725,6155.7632233375725,6066.278486384902,6088.8955078125,249291,0.0,0.0
2022-10-17,6067.261877734343,6177.200077559079,5980.924048260601,6167.07177734375,453912,0.0,0.0
2022-10-18,6200.014036234712,6336.699516177079,6185.509641780396,6241.06884765625,558284,0.0,0.0
2022-10-19,6242.3961495326,6338.665893870103,6146.027974292255,6291.8583984375,919146,0.0,0.0
2022-10-20,6234.430836957305,6306.215292966435,6172.4798680727135,6197.3583984375,476962,0.0,0.0
2022-10-21,6210.437018255148,6314.081873077262,6210.437018255148,6256.94921875,307899,0.0,0.0
2022-10-24,6332.7655161929,6336.698910923455,6264.275376477262,6288.12158203125,56532,0.0,0.0
2022-10-25,6313.098324316401,6366.199151343361,6280.844680701049,6308.8701171875,313500,0.0,0.0
2022-10-27,6366.199415652461,6366.199415652461,6265.8978493261475,6329.61865234375,248556,0.0,0.0
2022-10-28,6334.7320780289465,6362.265840553754,6299.823200542137,6338.51806640625,151834,0.0,0.0
2022-10-31,6370.231925448508,6618.822308784835,6347.270635053196,6603.13818359375,538107,0.0,0.0
2022-11-01,6631.654845665089,6735.9387861999,6606.333615921345,6707.3232421875,429855,0.0,0.0
2022-11-02,6711.403957844261,6760.522418237791,6613.069086306257,6667.005859375,255634,0.0,0.0
2022-11-03,6617.986144305223,6671.038002080779,6558.985218579273,6616.21630859375,217701,0.0,0.0
2022-11-04,6646.4537847579995,6844.106871122308,6623.639903127301,6778.271484375,646411,0.0,0.0
2022-11-07,6809.690396008102,6901.141833817308,6753.6395147702015,6857.3828125,353341,0.0,0.0
2022-11-09,6883.4414976325415,6942.442424755106,6743.805970109139,6788.54833984375,312745,0.0,0.0
2022-11-10,6780.189281589815,6780.189281589815,6676.93766816459,6688.04931640625,330402,0.0,0.0
2022-11-11,6726.056042215169,6812.442840228392,6674.430236159112,6699.75146484375,293195,0.0,0.0
2022-11-14,6731.022242712913,6782.648052463451,6705.848418499642,6740.265625,484476,0.0,0.0
2022-11-15,6765.439595810199,6883.441449225493,6752.705037068823,6848.58154296875,625270,0.0,0.0
2022-11-16,6870.608427511321,6917.858140733507,6754.425393877205,6796.90625,307352,0.0,0.0
2022-11-17,6817.556973795309,6843.714146920941,6736.037457373763,6757.42529296875,196795,0.0,0.0
2022-11-18,6785.105754559653,6823.554783198968,6649.403639468461,6700.98046875,296995,0.0,0.0
2022-11-21,6696.407769724689,6761.358239300032,6628.310872407057,6642.373046875,249498,0.0,0.0
2022-11-22,6642.619257451205,6801.82332453249,6628.311245004534,6729.1044921875,393509,0.0,0.0
2022-11-23,6762.686269033875,6789.531498060842,6688.099169726453,6710.4208984375,258946,0.0,0.0
2022-11-24,6730.923714424031,6775.272838760144,6717.25526292751,6745.96923828125,297230,0.0,0.0
2022-11-25,6789.039523930754,6827.390123790733,6735.938693355397,6759.5390625,377893,0.0,0.0
2022-11-28,6759.5390902012905,6809.591443937108,6748.722254299019,6777.5341796875,239438,0.0,0.0
2022-11-29,6785.106220147484,6888.357836541033,6780.189476509696,6813.52490234375,336266,0.0,0.0
2022-11-30,6832.307189553307,6976.859457380643,6790.072168219641,6959.1591796875,489956,0.0,0.0
2022-12-01,6981.775744786654,7177.462135379971,6917.907054892012,7152.87841796875,1086727,0.0,0.0
2022-12-02,7153.862222782371,7177.462593001859,7039.793766721511,7116.5439453125,442739,0.0,0.0
2022-12-05,7139.1118919402525,7163.69561057641,7038.318645532006,7078.734375,235887,0.0,0.0
2022-12-06,7065.409087397428,7152.583330102688,7021.109422387885,7121.4599609375,312838,0.0,0.0
2022-12-07,7134.194999299845,7173.430517394033,7027.009988283487,7042.9404296875,324940,0.0,0.0
2022-12-08,7079.127765564596,7099.384846171862,7034.877071100031,7059.509765625,262827,0.0,0.0
2022-12-09,7081.291107665272,7102.826348947202,6922.7750994082935,6959.55224609375,211582,0.0,0.0
2022-12-12,6970.958885200532,7044.661061806709,6854.087796998559,7027.845703125,260579,0.0,0.0
2022-12-13,7060.39429262069,7122.394232600372,7036.056413667652,7104.98876953125,285708,0.0,0.0
2022-12-14,7125.246177068162,7157.746139364135,7055.526850975083,7077.701171875,226179,0.0,0.0
2022-12-15,7077.701360015042,7097.368334338458,6969.975700218824,6995.4443359375,241610,0.0,0.0
2022-12-16,6989.69196863136,7045.4970108186335,6876.705292021552,6897.306640625,285180,0.0,0.0
2022-12-19,6925.528410566533,6995.936277362302,6893.274763505158,6958.17578125,251219,0.0,0.0
2022-12-20,6971.94229242062,7006.408472341898,6888.947758058623,6979.80908203125,488123,0.0,0.0
2022-12-21,7011.768316921477,7034.188476537186,6810.673495967765,6834.96240234375,388167,0.0,0.0
2022-12-22,6864.757710514891,6973.909423144479,6745.772510261016,6895.634765625,338708,0.0,0.0
2022-12-23,6854.874519079968,6868.690375663645,6760.620454186925,6794.34912109375,289661,0.0,0.0
2022-12-26,6795.922662779743,6986.593873986323,6750.0495433246215,6956.20849609375,328414,0.0,0.0
2022-12-27,6981.776142234719,7046.628184517611,6923.758565841501,6988.8564453125,295144,0.0,0.0
2022-12-28,6988.069455080308,7038.31867219311,6909.303124241541,6936.34521484375,260015,0.0,0.0
2022-12-29,6912.990351275838,6918.251362862325,6790.0227881360715,6865.9375,449116,0.0,0.0
2022-12-30,6883.441174493588,6935.607633048557,6834.519574717723,6843.1728515625,232317,0.0,0.0
2023-01-02,6863.67557857575,6922.7259568193585,6834.371979019653,6901.09228515625,212580,0.0,0.0
2023-01-03,6912.892772494299,6921.79188666703,6844.156310396986,6877.14794921875,188315,0.0,0.0
2023-01-04,6883.441136681458,6944.408758177779,6867.56015066055,6888.7021484375,319221,0.0,0.0
2023-01-05,6898.142521671958,6924.938775170831,6829.357084391613,6890.32470703125,236570,0.0,0.0
2023-01-06,6890.324355752274,6912.842945000667,6835.256828433574,6865.9375,160184,0.0,0.0
2023-01-09,6922.775087450016,6946.375457066322,6886.292753387992,6917.7109375,298470,0.0,0.0
2023-01-10,6932.559415191207,6932.559415191207,6774.436654873381,6805.06787109375,263888,0.0,0.0
2023-01-11,6832.307047501855,6915.8916904261005,6806.739980254439,6905.02587890625,295408,0.0,0.0
2023-01-12,6907.975911004405,7047.611431839438,6907.975911004405,7034.23779296875,566492,0.0,0.0
2023-01-13,7055.527399530653,7137.145347148918,7019.143495170704,7128.19677734375,462134,0.0,0.0
2023-01-16,7148.945027381513,7212.616855513968,7129.523890615243,7163.5478515625,440500,0.0,0.0
2023-01-17,7158.778825960772,7265.963838602218,7141.9144911028425,7254.802734375,385734,0.0,0.0
2023-01-18,7250.23007204234,7260.063559187386,7148.945154448367,7162.17138671875,447736,0.0,0.0
2023-01-19,7139.111350952173,7139.111350952173,7066.392524676608,7092.2548828125,412001,0.0,0.0
2023-01-20,7092.254689332738,7144.0278994146665,7030.942805342721,7057.640625,353292,0.0,0.0
2023-01-23,7006.360113222654,7065.3120651128165,6716.272220815541,6735.693359375,998103,0.0,0.0
2023-01-24,6767.405979923228,6782.795291563203,6669.661211901595,6696.31005859375,444188,0.0,0.0
2023-01-25,6692.622475525725,6717.1077628525345,6560.902721189743,6593.45166015625,509299,0.0,0.0
2023-01-27,6621.870376148004,6685.78804387144,6494.133471604701,6603.77685546875,635582,0.0,0.0
2023-01-30,6634.653393978879,6788.990157876274,6531.942434614445,6773.0107421875,699269,0.0,0.0
2023-01-31,6809.689482390368,6980.792149529129,6777.779626257365,6967.56591796875,593220,0.0,0.0
2023-02-01,6967.025557333186,7118.461257520809,6865.347397523071,7022.486328125,648015,0.0,0.0
2023-02-02,6981.775871910379,7188.279101924629,6888.406719422211,7048.29931640625,647192,0.0,0.0
2023-02-03,7065.311978640411,7104.6949050503135,7012.260120126475,7069.4912109375,364197,0.0,0.0
2023-02-06,7037.137864020962,7087.73134492959,6994.362197064639,7008.57177734375,314446,0.0,0.0
2023-02-07,7035.811241804256,7085.027654058407,6934.722703493513,6954.04541015625,295067,0.0,0.0
2023-02-08,6995.542384166928,7172.299306229623,6995.542384166928,7129.6220703125,559696,0.0,0.0
2023-02-09,7129.27799934821,7129.27799934821,7040.776617287335,7060.19775390625,334529,0.0,0.0
2023-02-10,7055.527272006554,7106.562976034541,7028.042482419759,7086.06005859375,407822,0.0,0.0
2023-02-13,7094.860770215595,7129.277974229115,7035.8598490495615,7059.7060546875,323236,0.0,0.0
2023-02-14,7095.008781455795,7109.513175812519,7006.900635638355,7020.32373046875,328419,0.0,0.0
2023-02-15,7019.1432194016115,7057.493819787807,6930.2975658101095,7032.7626953125,404971,0.0,0.0
2023-02-16,7067.966203021634,7074.013701509747,6989.642574925053,7052.3310546875,264069,0.0,0.0
2023-02-17,7056.510405562104,7270.191890080493,7056.510405562104,7176.33154296875,1063293,0.0,0.0
2023-02-20,7179.42858034177,7367.248174759696,7179.42858034177,7303.18310546875,713498,0.0,0.0
2023-02-21,7320.834417383205,7360.3652283049405,7199.096036929923,7218.3203125,399493,0.0,0.0
2023-02-22,7204.996170660692,7209.765508048519,7072.24409163255,7085.76513671875,402548,0.0,0.0
2023-02-23,7121.214604916841,7145.011836123049,7023.1750251210415,7057.44482421875,286748,0.0,0.0
2023-02-24,7092.746726340213,7121.214382952282,7046.578313078447,7096.53271484375,206602,0.0,0.0
2023-02-27,7099.777685662414,7114.527916311297,7017.61909300843,7066.98291015625,295092,0.0,0.0
2023-02-28,7062.459264779002,7162.662880379722,7042.940177409096,7140.3896484375,429256,0.0,0.0
2023-03-01,7106.661083544515,7221.71288190825,7099.777642616771,7153.02587890625,317216,0.0,0.0
2023-03-02,7153.025997263775,7207.946119319021,7132.0808615830765,7167.82568359375,180178,0.0,0.0
2023-03-03,7207.946139959858,7227.613114420867,7068.556458467455,7095.79541015625,408754,0.0,0.0
2023-03-06,7123.3779207719845,7134.686430723514,7071.260440125806,7080.70068359375,154817,0.0,0.0
2023-03-08,7094.811778551563,7162.1711633947925,7067.6218033227315,7146.24072265625,237790,0.0,0.0
2023-03-09,7145.995537349693,7179.675232843601,7087.093041844517,7122.34619140625,158808,0.0,0.0
2023-03-10,7080.110491675252,7122.345509515742,7017.56941963531,7106.07080078125,154319,0.0,0.0
2023-03-13,7104.6939291741,7137.144434317733,6937.327798463933,6957.78173828125,176576,0.0,0.0
2023-03-14,6962.1087262916835,6996.52593044708,6874.590692867961,6946.326171875,210976,0.0,0.0
2023-03-15,7007.3432279380695,7068.310850746399,6964.272744530553,6982.513671875,265536,0.0,0.0
2023-03-16,7016.783126308519,7030.746389850729,6958.224422744525,6986.29931640625,459814,0.0,0.0
2023-03-17,7039.940691295594,7187.19715790155,7039.940691295594,7168.56298828125,383505,0.0,0.0
2023-03-20,7153.862094796075,7163.10547693652,6979.809367541243,7122.591796875,520041,0.0,0.0
2023-03-21,7122.394378578061,7237.446172350481,7116.592717486347,7230.31689453125,350524,0.0,0.0
2023-03-22,7237.446693000466,7325.063161360283,7230.5632518522325,7273.486328125,381601,0.0,0.0
2023-03-23,7248.263218253826,7340.697995423256,7235.922384213306,7284.59814453125,232908,0.0,0.0
2023-03-24,7280.714484579479,7307.461763887301,7205.53727707534,7282.3369140625,228994,0.0,0.0
2023-03-27,7283.663676193684,7358.840874875414,7269.356144953229,7326.14453125,251626,0.0,0.0
2023-03-28,7359.381918034893,7386.817251656423,7245.65773308953,7279.8291015625,249783,0.0,0.0
2023-03-29,7296.250815105434,7473.450450747944,7276.7807020440505,7444.6875,445346,0.0,0.0
2023-03-31,7448.965079509182,7517.012523706986,7421.38185947241,7495.2314453125,378456,0.0,0.0
2023-04-03,7543.169583899432,7608.169030180964,7453.881712376889,7513.27587890625,360584,0.0,0.0
2023-04-05,7448.866800240257,7571.441126210098,7448.866800240257,7563.86962890625,233489,0.0,0.0
2023-04-06,7561.951713737612,7601.285662833777,7541.1539841831645,7573.6044921875,227682,0.0,0.0
2023-04-10,7573.604505163047,7642.58632247848,7540.31805465324,7568.09765625,226983,0.0,0.0
2023-04-11,7586.535156917694,7664.170728192327,7586.535156917694,7612.544921875,354799,0.0,0.0
2023-04-12,7620.952669732842,7664.220013922293,7547.2015148644605,7554.9208984375,264416,0.0,0.0
2023-04-13,7576.751338991068,7619.969710010593,7501.427206427364,7527.78076171875,292568,0.0,0.0
2023-04-17,7527.780121770591,7693.720214589086,7517.749772988825,7613.5283203125,488286,0.0,0.0
2023-04-18,7649.469971792022,7649.469971792022,7443.950081818435,7468.82861328125,437232,0.0,0.0
2023-04-19,7478.367448617881,7506.884563149099,7353.973828335151,7390.7509765625,341302,0.0,0.0
2023-04-20,7446.506806027605,7473.450465623518,7321.621515352054,7351.318359375,263429,0.0,0.0
2023-04-21,7375.164501320176,7392.275153460966,7217.042216504245,7235.9716796875,388408,0.0,0.0
2023-04-24,7227.613237114036,7333.814901006323,7186.8532397913705,7316.6552734375,513771,0.0,0.0
2023-04-25,7331.749760836866,7382.4416763796025,7301.659193418938,7315.328125,285446,0.0,0.0
2023-04-26,7339.7147820374785,7355.448361420195,7178.445593364629,7332.73291015625,230254,0.0,0.0
2023-04-27,7334.798271991193,7382.9823603847535,7313.066168746804,7376.00048828125,205177,0.0,0.0
2023-04-28,7386.915676786021,7452.800041847878,7365.282004676158,7430.3798828125,457487,0.0,0.0
2023-05-02,7419.858085495645,7455.750315317472,7316.114791079133,7332.4384765625,544731,0.0,0.0
2023-05-03,7398.715867436119,7416.416144630943,7310.657180452173,7382.19580078125,384431,0.0,0.0
2023-05-04,7389.571008940237,7403.632703938818,7360.414334519224,7377.328125,232203,0.0,0.0
2023-05-05,7394.781878036957,7541.202396586563,7380.52332255404,7501.77001953125,319654,0.0,0.0
2023-05-08,7502.950705337554,7624.885946158242,7493.117218174595,7606.64501953125,295156,0.0,0.0
2023-05-09,7629.753831327319,7692.737125511299,7559.493372410599,7587.7646484375,289797,0.0,0.0
2023-05-10,7630.785690620437,7645.535920692512,7593.418441104513,7614.265625,234884,0.0,0.0
2023-05-11,7660.2861032858345,7724.990253407347,7621.050587567441,7704.9794921875,320219,0.0,0.0
2023-05-12,7709.405303567019,7788.122179750276,7563.721800642115,7574.6865234375,246799,0.0,0.0
2023-05-15,7600.204087474179,7645.536561056058,7588.010658956794,7631.720703125,183594,0.0,0.0
2023-05-16,7640.619899057128,7675.381373907316,7557.035254086748,7570.50732421875,250490,0.0,0.0
2023-05-17,7588.502256995679,7630.737277608263,7525.56793738343,7572.22802734375,205629,0.0,0.0
2023-05-18,7615.839154708807,7638.50563133131,7460.175240711683,7477.53125,157714,0.0,0.0
2023-05-19,7509.833841788811,7561.115379233759,7458.798141512965,7553.39599609375,138709,0.0,0.0
2023-05-22,7527.5343136612755,7609.152255925663,7522.617570151372,7587.17431640625,139603,0.0,0.0
2023-05-23,7547.201360763628,7623.312455003592,7498.3287377417755,7526.796875,149291,0.0,0.0
2023-05-24,7522.61795898713,7556.002841205292,7463.666009195941,7526.3544921875,160565,0.0,0.0
2023-05-25,7517.012701287424,7540.416689764008,7467.845263501442,7494.83837890625,257361,0.0,0.0
2023-05-26,7542.284756710504,7620.952655085581,7506.785771538601,7593.271484375,252078,0.0,0.0
2023-05-29,7620.953076846717,7726.859932955593,7606.202845085078,7709.9951171875,210769,0.0,0.0
2023-05-30,7734.037631570134,7837.289246486201,7710.044018991215,7770.37255859375,414785,0.0,0.0
2023-05-31,7763.538160644383,7795.448018735448,7650.305651329605,7739.00341796875,1137662,0.0,0.0
2023-06-01,7739.938146827299,7767.275050495845,7679.7570102128275,7712.20751953125,184642,0.0,0.0
2023-06-02,7730.1040244665255,7815.114710473532,7696.129519408724,7719.92626953125,248325,0.0,0.0
2023-06-05,7765.504624919218,7793.038388310093,7734.037466758218,7750.75439453125,186015,0.0,0.0
2023-06-06,7756.654902549669,7984.791811448188,7756.654902549669,7974.515625,635244,0.0,0.0
2023-06-07,7999.640278770494,8035.827319654456,7947.9650153751345,8021.765625,298650,0.0,0.0
2023-06-08,8033.958976212523,8077.1773441607675,7951.357684413031,7965.27197265625,349085,0.0,0.0
2023-06-09,8022.159187862203,8080.865300922185,7973.188611651419,8017.48828125,325814,0.0,0.0
2023-06-12,8024.617317011552,8068.376335528434,7967.435684350539,8062.08251953125,195134,0.0,0.0
2023-06-13,8075.750829121795,8179.788924759664,8075.01331763055,8138.48828125,249199,0.0,0.0
2023-06-14,8170.596144629678,8227.630374616501,8138.93212143875,8219.1240234375,289643,0.0,0.0
2023-06-15,8240.46193238009,8287.66266898561,8170.644176151095,8194.44140625,406197,0.0,0.0
2023-06-16,8225.662579008374,8291.74380112896,8167.546096926271,8194.490234375,356982,0.0,0.0
2023-06-19,8218.828753499154,8275.469256696279,8115.479185239668,8130.9169921875,187488,0.0,0.0
2023-06-20,8130.327053687154,8153.337797393647,8035.23704231245,8106.18603515625,343189,0.0,0.0
2023-06-21,8114.98729251528,8213.568000862739,8090.0098511176275,8104.3173828125,373929,0.0,0.0
2023-06-22,8139.177178663652,8141.143876060936,8010.063686592189,8026.82958984375,226654,0.0,0.0
2023-06-23,8027.272238349175,8029.091049309643,7925.790461227019,7945.654296875,198255,0.0,0.0
2023-06-26,7925.790678001923,8132.2939090664895,7925.790678001923,8031.107421875,241856,0.0,0.0
2023-06-27,8048.660201076411,8092.074470361665,8032.631329042639,8071.81787109375,236562,0.0,0.0
2023-06-28,8064.540427587227,8180.280758596925,8045.75885203122,8123.099609375,282115,0.0,0.0
2023-06-30,8161.7944167432715,8180.478042516539,8099.54863451684,8156.6318359375,225746,0.0,0.0
2023-07-03,8243.412798371188,8357.481256513984,8224.040635402147,8322.8671875,373703,0.0,0.0
2023-07-04,8356.497569593877,8356.497569593877,8244.395813541429,8271.634765625,206677,0.0,0.0
2023-07-05,8289.580628694654,8311.263275634328,8203.832429341965,8237.708984375,195350,0.0,0.0
2023-07-06,8274.880038364872,8338.748734108105,8240.462830837507,8270.16015625,275687,0.0,0.0
2023-07-07,8277.78061664173,8306.740428740626,8186.967785433174,8197.6376953125,354695,0.0,0.0
2023-07-10,8210.961925830195,8294.005918445748,8197.195043559343,8212.2890625,173234,0.0,0.0
2023-07-11,8255.507498361694,8302.708237958881,8166.760274431569,8187.263671875,300378,0.0,0.0
2023-07-12,8224.7287055798,8233.922632004062,8016.750451009006,8083.6181640625,508967,0.0,0.0
2023-07-13,8130.327411969425,8210.962008943481,8069.851464238884,8096.8935546875,272841,0.0,0.0
2023-07-14,8160.810954165871,8160.810954165871,8012.325298776181,8046.2998046875,249245,0.0,0.0
2023-07-17,8070.343007547381,8122.460490111047,8053.57710380182,8113.6103515625,202735,0.0,0.0
2023-07-18,8088.04297251244,8113.610038443787,8021.175261615073,8039.85888671875,280527,0.0,0.0
2023-07-19,8030.025598594741,8217.697316542703,8027.813063988221,8190.50830078125,150429,0.0,0.0
2023-07-20,8210.912592773107,8210.912592773107,8029.04206035008,8087.20751953125,307197,0.0,0.0
2023-07-21,8106.727103156929,8175.069841350695,7937.591117986746,7984.00537109375,656733,0.0,0.0
2023-07-24,8063.459914940087,8106.875147261262,7953.71809616514,8082.97900390625,482809,0.0,0.0
2023-07-25,8107.415772940656,8274.879875933404,8107.415772940656,8253.541015625,583167,0.0,0.0
2023-07-26,8275.765041579218,8317.75326451822,8201.128488124248,8213.2724609375,191345,0.0,0.0
2023-07-27,8250.464737354087,8288.792852822291,8154.643966338359,8187.48974609375,216816,38.0,0.0
2023-07-28,8194.158468639962,8240.24173487326,8125.009452026966,8205.765625,204996,0.0,0.0
2023-07-31,8227.744077510282,8307.75935788948,8200.627595110363,8217.0263671875,240038,0.0,0.0
2023-08-01,8245.52621429733,8266.270919041577,8170.054616875382,8181.11865234375,217562,0.0,0.0
2023-08-02,8167.486564061836,8213.91518870031,8113.550717911215,8186.947265625,134414,0.0,0.0
2023-08-03,8184.377695734788,8184.377695734788,7981.771481263542,8037.23876953125,390602,0.0,0.0
2023-08-04,8078.580460693693,8131.775423045473,8049.686051489084,8058.9716796875,248048,0.0,0.0
2023-08-07,8088.754920545361,8149.705028667549,8060.799155627539,8076.0615234375,195297,0.0,0.0
2023-08-08,8076.061476791188,8129.898921821125,8038.07871942372,8057.6875,166007,0.0,0.0
2023-08-09,8060.799439435968,8074.580043180456,7987.699052362652,8012.64208984375,222338,0.0,0.0
2023-08-10,8035.114874275205,8105.251726509473,7977.819980900732,8003.70166015625,296178,0.0,0.0
2023-08-11,8026.224580011313,8055.859870768278,7946.950177236432,8034.078125,293096,0.0,0.0
2023-08-14,8030.965936566447,8043.560934985989,7921.56232284377,7956.3837890625,544313,0.0,0.0
2023-08-16,7907.634483319954,8164.5228777201655,7890.544509002395,8151.58251953125,282782,0.0,0.0
2023-08-17,8125.1074562636795,8133.010200636041,8050.970028558549,8107.5732421875,248724,0.0,0.0
2023-08-18,8100.3128504663455,8146.149152959802,8066.5284258836255,8114.98193359375,265260,0.0,0.0
2023-08-21,8114.53807771072,8178.303151622056,8105.745888969168,8119.3779296875,216794,0.0,0.0
2023-08-22,8122.094803558492,8167.437185693428,8092.459511886112,8103.7705078125,193112,0.0,0.0
2023-08-23,8110.092728159907,8134.788803454015,8047.957016843756,8062.67578125,208545,0.0,0.0
2023-08-24,8111.179183939916,8222.80544721908,8064.750561160086,8111.57470703125,273837,0.0,0.0
2023-08-25,8079.5680067488065,8090.434279896408,7963.002531165439,7973.32568359375,191154,0.0,0.0
2023-08-28,8035.905278664314,8051.315726384404,7950.6054189938495,8018.9638671875,327780,0.0,0.0
2023-08-29,8060.700645882548,8118.0944252558775,8026.373098878697,8100.01708984375,230713,0.0,0.0
2023-08-30,8129.948275310057,8213.717172742106,8100.362183119771,8165.46142578125,223225,0.0,0.0
2023-08-31,8188.032897140767,8258.367511950972,8125.996549438839,8196.578125,482614,0.0,0.0
2023-09-01,8199.09710168121,8243.550037774661,8148.717107441962,8161.95458984375,215635,0.0,0.0
2023-09-04,8184.230217335797,8489.522909573852,8181.859008212819,8478.2119140625,620108,0.0,0.0
2023-09-05,8477.669083225395,8495.450258184386,8345.495875634995,8352.064453125,210587,0.0,0.0
2023-09-06,8381.699406020645,8452.774903769894,8341.444803226275,8433.611328125,327847,0.0,0.0
2023-09-07,8433.611367509313,8441.11858856972,8327.516641502953,8391.875,203477,0.0,0.0
2023-09-08,8431.239964100057,8446.057609028177,8297.881159746981,8328.0595703125,125962,0.0,0.0
2023-09-11,8348.211742756823,8395.332045377998,8323.713430031576,8358.8310546875,131688,0.0,0.0
2023-09-12,8416.373633592872,8505.180145467479,8292.94245087082,8467.4453125,335823,0.0,0.0
2023-09-13,8485.571285158954,8579.416369220666,8421.855412296003,8531.357421875,321018,0.0,0.0
2023-09-14,8560.647707217511,8594.234370273753,8498.413596260356,8582.3310546875,311971,0.0,0.0
2023-09-15,8614.979973214975,8644.566068021884,8555.956345947507,8622.240234375,357249,0.0,0.0
2023-09-18,8621.894662544912,8631.37757052301,8502.365646256194,8523.1103515625,129308,0.0,0.0
2023-09-20,8485.570925602686,8518.663664369587,8338.43152552043,8355.32421875,317399,0.0,0.0
2023-09-21,8273.283968860493,8335.419682782074,8185.91002255859,8212.482421875,393954,0.0,0.0
2023-09-22,8174.400866363168,8209.61785536754,8079.617137095468,8087.86572265625,524827,0.0,0.0
2023-09-25,8117.106500491661,8179.291414642606,8056.946954039944,8106.43798828125,467415,0.0,0.0
2023-09-26,8136.862958995272,8226.756673851234,8106.437586905189,8128.86181640625,515796,0.0,0.0
2023-09-27,8136.863217194647,8189.169699722455,8105.25223953892,8162.2509765625,541638,0.0,0.0
2023-09-28,8164.325239764165,8222.756543429585,8035.115558706832,8055.21826171875,370431,0.0,0.0
2023-09-29,8100.313286484295,8185.218592467924,8033.139956791498,8154.49609375,320974,0.0,0.0
2023-10-03,8188.231385531274,8275.161577584206,8121.25581686496,8203.9384765625,454402,0.0,0.0
2023-10-04,8191.7378539255,8191.7378539255,7947.246694197945,8022.12548828125,884369,0.0,0.0
2023-10-05,8077.592875331588,8109.006092377044,8026.225035106904,8078.03759765625,310506,0.0,0.0
2023-10-06,8098.337166165344,8139.481214272656,8052.155504477343,8095.818359375,158491,0.0,0.0
2023-10-09,8070.727251546177,8100.164782715715,7988.884837344598,8011.50634765625,152525,0.0,0.0
2023-10-10,8048.747277052387,8086.828915408706,8006.467788148069,8059.11962890625,187020,0.0,0.0
2023-10-11,8096.312097308705,8288.002840142934,8079.76572691867,8241.57421875,439622,0.0,0.0
2023-10-12,8263.258472078709,8283.064533630677,8201.073554943576,8250.21875,177704,0.0,0.0
2023-10-13,8215.396056596517,8314.674275040328,8206.011548385412,8267.2578125,285076,0.0,0.0
2023-10-16,8267.307932920949,8352.21323855614,8173.41364113702,8191.392578125,363990,0.0,0.0
2023-10-17,8228.73239337207,8230.7080794209,8179.34024215135,8200.48046875,205234,0.0,0.0
2023-10-18,8223.694707880515,8248.340619371682,8147.729194091433,8177.66064453125,322136,0.0,0.0
2023-10-19,8149.30965270574,8434.203974666958,8093.743481052541,8414.990234375,837498,0.0,0.0
2023-10-20,8432.22848450188,8543.212268053254,8308.649701749779,8358.189453125,539291,0.0,0.0
2023-10-23,8312.699936516545,8419.979314526918,8201.616783642452,8224.041015625,217546,0.0,0.0
2023-10-25,8253.428641332157,8296.399813791517,8086.730127481193,8155.9775390625,255678,0.0,0.0
2023-10-26,8135.874824138887,8135.874824138887,8056.40266306069,8105.5478515625,637430,0.0,0.0
2023-10-27,8111.179124449846,8169.461863256635,8080.555990500517,8110.33984375,227682,0.0,0.0
2023-10-30,8141.802546669057,8313.983400064908,8097.794331034708,8299.4619140625,244073,0.0,0.0
2023-10-31,8302.5248751183,8349.348058001067,8249.57590754951,8319.861328125,218908,0.0,0.0
2023-11-01,8337.395636872488,8342.334852297176,8268.345019359153,8279.5576171875,209234,0.0,0.0
2023-11-02,8283.557600909533,8370.191626248763,8273.1360500411,8356.1640625,200590,0.0,0.0
2023-11-03,8371.970265294181,8426.301635747419,8333.444384427341,8418.9912109375,243686,0.0,0.0
2023-11-06,8435.191554838635,8544.842130150391,8417.60814200601,8535.90234375,194715,0.0,0.0
2023-11-07,8535.902053671496,8589.294774194621,8478.211637339553,8580.1572265625,206360,0.0,0.0
2023-11-08,8583.368764076427,8613.152619654207,8547.65784985157,8593.0986328125,132370,0.0,0.0
2023-11-09,8579.416594154083,8613.003256698843,8512.984151326582,8522.1708984375,128138,0.0,0.0
2023-11-10,8486.60874533034,8623.820529292383,8484.188336947249,8604.9521484375,149939,0.0,0.0
2023-11-13,8605.198716823934,8617.744515782417,8554.720325720391,8571.9091796875,64412,0.0,0.0
2023-11-15,8603.124792783046,8708.577034329675,8589.541951366033,8660.3212890625,192348,0.0,0.0
2023-11-16,8682.74401574817,8704.57592377828,8594.23367321967,8668.37109375,233428,0.0,0.0
2023-11-17,8678.201242444262,8761.772379062182,8665.013923529717,8684.0791015625,151817,0.0,0.0
2023-11-20,8693.019396178492,8708.034804437271,8545.929170746482,8556.203125,174311,0.0,0.0
2023-11-21,8559.463022748161,8631.674934895833,8559.463022748161,8602.4833984375,183507,0.0,0.0
2023-11-22,8627.820730517189,8668.3222933694,8507.550845706053,8653.40625,325320,0.0,0.0
2023-11-23,8643.627005498096,8660.420337965921,8485.572111683274,8500.63671875,344271,0.0,0.0
2023-11-24,8532.987983060986,8549.781314354346,8441.167781668913,8452.1826171875,197278,0.0,0.0
2023-11-28,8532.988968810878,8629.303674119868,8483.843773025008,8620.4130859375,343335,0.0,0.0
2023-11-29,8653.40626076166,8683.139949113967,8586.331335346826,8626.5859375,207727,0.0,0.0
2023-11-30,8669.853626519684,8909.504926471593,8656.913268591654,8894.193359375,1025481,0.0,0.0
2023-12-01,8993.125203665957,9052.001227199757,8862.927684959195,8924.025390625,353015,0.0,0.0
2023-12-04,9038.763937193127,9227.244198814205,8975.690544119616,9204.474609375,473570,0.0,0.0
2023-12-05,9207.685474494392,9285.72507888073,9130.782275541786,9216.3291015625,448461,0.0,0.0
2023-12-06,9216.328723307504,9234.307659809381,9018.562351167804,9100.998046875,308912,0.0,0.0
2023-12-07,9153.353837991812,9266.955790438287,9123.867108385162,9240.8271484375,346830,0.0,0.0
2023-12-08,9264.287908893184,9316.98991229748,9227.590119881399,9299.109375,311761,0.0,0.0
2023-12-11,9299.553807421225,9611.712188889793,9285.724005710592,9553.3310546875,588082,0.0,0.0
2023-12-12,9584.4979147906,9840.05310266742,9517.91690789056,9743.58984375,1060266,0.0,0.0
2023-12-13,9779.596921419006,9920.858476494815,9559.159360611578,9620.751953125,1501931,0.0,0.0
2023-12-14,9710.4965047995,9868.551381785046,9658.140826798037,9842.17578125,710415,0.0,0.0
2023-12-15,9878.431264487972,9937.207930511675,9780.289435751505,9907.5234375,439516,0.0,0.0
2023-12-18,9906.09016304006,9906.09016304006,9820.888699481802,9849.140625,266562,0.0,0.0
2023-12-19,9849.140602872538,9927.822687962283,9832.00191177001,9895.322265625,675166,0.0,0.0
2023-12-20,9905.10133870973,10004.873477456083,9738.304441147056,9767.248046875,501448,0.0,0.0
2023-12-21,9760.876335048404,9863.612003386126,9705.408566699523,9833.43359375,216730,0.0,0.0
2023-12-22,9865.587814216258,9877.441929943763,9781.62116114643,9847.806640625,226940,0.0,0.0
2023-12-26,9853.733783418387,9932.563460747651,9848.89296691177,9896.853515625,226114,0.0,0.0
2023-12-27,9978.153494709686,10342.716781050152,9915.721620724562,10309.228515625,658122,0.0,0.0
2023-12-28,10364.449333215069,10371.315035385518,10202.541470621953,10299.5478515625,421406,0.0,0.0
2023-12-29,10293.37425742383,10398.03642636165,10235.585436319692,10375.365234375,243089,0.0,0.0
2024-01-01,10375.365118584776,10392.109251809778,10287.99020479852,10336.7900390625,97677,0.0,0.0
2024-01-02,10362.374616606054,10362.374616606054,9981.264017475418,10080.6416015625,337528,0.0,0.0
2024-01-03,10080.691187014734,10120.451869077238,9966.940675933645,9988.6240234375,179575,0.0,0.0
2024-01-04,10036.48480008347,10040.979292759595,9879.417764334132,9893.0498046875,313755,0.0,0.0
2024-01-05,9977.21477296936,9977.21477296936,9873.491253052352,9894.28515625,163191,0.0,0.0
2024-01-08,9955.482037030046,9957.457723086214,9804.391252946516,9813.7265625,176843,0.0,0.0
2024-01-09,9868.155647254223,9895.173731024224,9750.207776645482,9778.755859375,242925,0.0,0.0
2024-01-10,9778.609298697473,9786.314281664387,9611.713019970673,9657.3515625,374333,0.0,0.0
2024-01-11,9720.277092501676,9824.049810673554,9600.995045699876,9799.84765625,375210,0.0,0.0
2024-01-12,9858.624060939741,9858.624060939741,9674.983659125457,9689.208984375,376816,0.0,0.0
2024-01-15,9758.901850883003,9875.269573526843,9700.619108783387,9833.533203125,273931,0.0,0.0
2024-01-16,9832.941224599792,9924.662072484018,9760.235392099208,9848.400390625,146779,0.0,0.0
2024-01-17,9837.928690075534,9923.969431712714,9705.55772467036,9734.84765625,252817,0.0,0.0
2024-01-18,9734.205238396851,9812.294037146934,9651.22642369974,9771.990234375,278338,0.0,0.0
2024-01-19,9877.442284690065,10005.56571638446,9725.314460723443,9970.9912109375,567616,0.0,0.0
2024-01-23,9878.430832634016,9962.397494711404,9695.679862230287,9711.4853515625,580285,0.0,0.0
2024-01-24,9745.071596825577,9910.633704576148,9616.25647843788,9869.0458984375,272419,0.0,0.0
2024-01-25,9863.216949679854,9926.044344044203,9761.074561074643,9848.15234375,296269,0.0,0.0
2024-01-29,9878.528647878176,10174.783156935418,9868.057897689938,10149.1484375,334463,0.0,0.0
2024-01-30,10164.658053837768,10194.540306188757,9821.135632183006,9842.47265625,368827,0.0,0.0
2024-01-31,9838.916257482448,10062.31733729734,9782.757768937145,10043.7451171875,341574,0.0,0.0
2024-02-01,10046.314519465452,10108.844790971056,9779.695297043389,9801.6748046875,401503,0.0,0.0
2024-02-02,9878.430487050711,10042.314034707073,9870.823902637587,9975.7822265625,334386,0.0,0.0
2024-02-05,9927.82248224454,10005.17039879498,9758.358202861335,9795.796875,162473,0.0,0.0
2024-02-06,9858.673680650578,9952.518770797053,9799.69925737833,9926.587890625,250870,0.0,0.0
2024-02-07,9991.044416810797,10162.533581138128,9957.75391372375,10102.1767578125,250184,0.0,0.0
2024-02-08,10164.904902460481,10169.844117670616,9829.532189692227,9876.109375,320905,0.0,0.0
2024-02-09,9952.320794198373,9952.320794198373,9732.229559422367,9824.83984375,400823,0.0,0.0
2024-02-12,9830.026329067325,9895.668693602904,9786.462835824654,9842.7197265625,191687,0.0,0.0
2024-02-13,9876.25679694124,9883.073299686148,9711.089250314555,9732.625,276453,0.0,0.0
2024-02-14,9682.886333132166,9705.408960705543,9585.97932022875,9668.8095703125,417802,0.0,0.0
2024-02-15,9716.325292175701,9719.535781906734,9588.004101357603,9694.9873046875,415090,0.0,0.0
2024-02-16,9754.999286808637,9827.062630014076,9731.340252898604,9795.6494140625,250550,0.0,0.0
2024-02-19,9828.000997076966,9828.000997076966,9764.828243072163,9781.8193359375,109778,0.0,0.0
2024-02-20,9781.818794672492,9878.429643649302,9735.192413816387,9857.6357421875,320905,0.0,0.0
2024-02-21,9849.041967478875,9992.032246036842,9799.402855233364,9847.21484375,322960,0.0,0.0
2024-02-22,9878.430657073848,9899.07696302333,9683.1338900454,9840.1025390625,363840,0.0,0.0
2024-02-23,9840.102749016549,9906.090474275656,9773.76869986276,9879.3203125,304238,0.0,0.0
2024-02-26,9877.492227701348,9927.773826713857,9780.585206727432,9809.3310546875,162530,0.0,0.0
2024-02-27,9809.331095866151,10027.595219827896,9761.322307504981,9830.125,214186,0.0,0.0
2024-02-28,9838.916825834049,9868.502918263484,9661.994520595093,9685.751953125,300668,0.0,0.0
2024-02-29,9666.044911665738,9814.221379396946,9587.659946112148,9772.1396484375,328848,0.0,0.0
2024-03-01,9779.64616555054,10060.045028572484,9772.138944269338,10012.283203125,352952,0.0,0.0
2024-03-04,10033.522137758098,10042.412725455235,9845.04187151689,9857.09375,221282,0.0,0.0
2024-03-05,9857.09330570224,9908.955064931262,9710.497013738688,9718.7451171875,310715,0.0,0.0
2024-03-06,9779.547494406143,9793.72265585947,9416.119661664017,9523.84375,534825,0.0,0.0
2024-03-07,9523.844345776804,9596.895534575106,9452.768843141052,9555.5546875,585012,0.0,0.0
2024-03-11,9576.199155357344,9705.161864913056,9555.306854908911,9580.0029296875,319303,0.0,0.0
2024-03-12,9610.675474958533,9610.675474958533,9458.992373239516,9498.6044921875,235430,0.0,0.0
2024-03-13,9507.692593369893,9535.648356974061,9384.508379908173,9476.9208984375,415925,0.0,0.0
2024-03-14,9340.055644307462,9589.979925429598,9339.067801299076,9579.064453125,347822,0.0,0.0
2024-03-15,9562.320595376728,9632.359052555828,9427.776180838397,9515.8427734375,379648,0.0,0.0
2024-03-18,9507.989326278685,9556.195874028632,9453.65795869995,9494.5048828125,226448,0.0,0.0
2024-03-19,9474.747885370849,9490.652737010856,9320.447575422646,9338.3271484375,316008,0.0,0.0
2024-03-20,9419.08296583084,9419.08296583084,9330.177096200554,9369.24609375,171219,0.0,0.0
2024-03-21,9409.205068512714,9522.510859493688,9389.349809047479,9484.0341796875,215837,0.0,0.0
2024-03-22,9493.171093891213,9633.247036344781,9463.53580431611,9564.048828125,224511,0.0,0.0
2024-03-26,9514.015202698316,9572.001785046697,9453.65837574713,9483.9853515625,397803,0.0,0.0
2024-03-27,9512.928186590108,9589.97994137246,9454.694648210745,9506.4580078125,267937,0.0,0.0
2024-03-28,9562.320154099967,9734.155635344423,9524.337398153086,9630.6298828125,506387,0.0,0.0
2024-04-01,9630.63094587804,9875.516671595344,9630.63094587804,9833.3857421875,387442,0.0,0.0
2024-04-02,9769.86528871918,9961.606186381452,9725.313957026836,9916.1162109375,307109,0.0,0.0
2024-04-03,10075.998936139675,10152.754532738361,9860.797717286641,9880.3076171875,481855,0.0,0.0
2024-04-04,9955.482898857634,9956.37234353609,9779.64682463689,9883.46875,346378,0.0,0.0
2024-04-05,9879.41755713034,9898.03801126537,9683.03456735094,9704.173828125,280079,0.0,0.0
2024-04-08,9733.16840202816,9778.65838168087,9681.849762486534,9743.8369140625,215228,0.0,0.0
2024-04-09,9779.645587942752,9872.305067342955,9640.45812496142,9650.38671875,275924,0.0,0.0
2024-04-10,9690.739958848073,9738.156423478522,9587.065641681533,9698.494140625,186223,0.0,0.0
2024-04-12,9670.93412054749,9730.253901904765,9493.171573330435,9535.2041015625,440963,0.0,0.0
2024-04-15,9500.975675169815,9500.975675169815,9371.271116157848,9390.6826171875,220692,0.0,0.0
2024-04-16,9334.030740555227,9379.520720847131,9237.320518431097,9348.7490234375,547648,0.0,0.0
2024-04-18,9354.873878219005,9410.983171688807,9227.244360564338,9268.6845703125,584270,0.0,0.0
2024-04-19,9211.636600847769,9285.724830881398,9137.548370814142,9250.11328125,415558,0.0,0.0
2024-04-22,9389.448276006411,9473.4149360233,9341.142364544028,9448.9658203125,277781,0.0,0.0
2024-04-23,9424.022170879874,9507.988825442222,9406.240996972554,9417.650390625,317450,0.0,0.0
2024-04-24,9461.561007342076,9569.038141361463,9426.788738035377,9541.427734375,317929,0.0,0.0
2024-04-25,9503.19798669644,9588.003920267522,9443.828045054246,9566.0244140625,398260,0.0,0.0
2024-04-26,9608.749113977621,9658.141265278009,9529.623273470579,9582.966796875,265782,0.0,0.0
2024-04-29,9646.287018195642,9889.296399299188,9624.603671130631,9843.3125,808505,0.0,0.0
2024-04-30,10036.781281072635,10056.24198157822,9790.857567376794,9850.6220703125,777837,0.0,0.0
2024-05-02,9850.621497464366,9922.88259632421,9825.580064145222,9862.0810546875,318855,0.0,0.0
2024-05-03,9860.648666007222,9908.065129237872,9660.461899429156,9696.962890625,517348,0.0,0.0
2024-05-06,9754.949984747609,9808.293508714838,9627.666795379773,9658.04296875,238521,0.0,0.0
2024-05-07,9679.873513658096,9827.062119999056,9512.9280474056,9564.69140625,214305,0.0,0.0
2024-05-08,9557.331634194044,9557.331634194044,9385.891677918957,9403.6728515625,392065,0.0,0.0
2024-05-09,9408.217029887708,9443.7793790137,9293.67643747298,9331.263671875,328724,0.0,0.0
2024-05-10,9347.760521814658,9403.228291988644,9301.578861691365,9376.3095703125,205200,0.0,0.0
2024-05-13,9400.265185306767,9461.560653104225,9312.494752240207,9435.3828125,215387,0.0,0.0
2024-05-14,9419.132392591806,9581.583370128863,9414.094779067227,9543.2060546875,171935,0.0,0.0
2024-05-15,9573.187197696905,9575.311446175006,9443.77975544138,9497.2216796875,161067,0.0,0.0
2024-05-16,9513.520728156056,9607.465179412804,9409.698811259332,9591.06640625,368451,0.0,0.0
2024-05-17,9621.59146216354,9779.646352712429,9567.507054303842,9770.11328125,283850,0.0,0.0
2024-05-21,9706.546273043647,9730.995389699237,9643.373514039886,9670.3916015625,346947,0.0,0.0
2024-05-22,9750.011079390852,9829.038524816513,9702.841572902411,9774.55859375,280237,0.0,0.0
2024-05-23,9784.733301329916,10075.849856441311,9735.192589894825,10046.90625,521622,0.0,0.0
2024-05-24,10041.424663007607,10242.944646406875,9999.490532347458,10106.720703125,519418,0.0,0.0
2024-05-27,10153.001034235383,10228.07710134396,10053.920575449913,10101.1884765625,389326,0.0,0.0
2024-05-28,10139.221309706027,10239.832740898568,10023.100549316385,10055.15625,403774,0.0,0.0
2024-05-29,10054.21783255914,10054.21783255914,9839.905079929173,9901.546875,317883,0.0,0.0
2024-05-30,9899.174722052956,9903.12609406056,9710.496708689807,9748.8740234375,323424,0.0,0.0
2024-05-31,9811.25741854609,9957.458193611013,9631.5683773705,9794.9580078125,791072,0.0,0.0
2024-06-03,10174.783112283354,10391.910815275349,10092.149657733145,10342.765625,732632,0.0,0.0
2024-06-04,10347.655026087648,10370.869335692714,9419.033442675016,9797.72265625,972018,0.0,0.0
2024-06-05,9868.50331661806,9947.579963408942,9621.591742165154,9916.0673828125,361720,0.0,0.0
2024-06-06,9873.49150551525,10052.785023099144,9810.367947332656,9932.712890625,483566,0.0,0.0
2024-06-07,9843.855803561346,10377.291040282182,9843.855803561346,10335.9501953125,545284,0.0,0.0
2024-06-10,10367.412734257736,10775.342711722913,10335.950319220527,10694.6357421875,705256,0.0,0.0
2024-06-11,10771.391091856494,10855.40694777712,10694.635496257353,10800.630859375,650137,0.0,0.0
2024-06-12,10739.336280286034,10965.00922981075,10739.336280286034,10910.529296875,439143,0.0,0.0
2024-06-13,11113.23477397382,11161.639085433795,10862.471191194627,11037.9609375,602322,0.0,0.0
2024-06-14,11034.20631624737,11133.978459303858,11011.782087196587,11106.12109375,305318,0.0,0.0
2024-06-18,11113.234215772183,11132.348592747123,10917.29593438629,10983.8759765625,322724,0.0,0.0
2024-06-19,11014.449498079079,11041.81294223661,10834.909032045369,10861.876953125,659266,0.0,0.0
2024-06-20,10875.065592541696,11038.05969359628,10743.188547142989,10770.650390625,445369,0.0,0.0
2024-06-21,10750.202193830943,10828.1925970335,10482.545921460867,10532.7783203125,586745,0.0,0.0
2024-06-24,10587.20775194697,10713.157739198961,10465.85162069447,10654.875,276148,0.0,0.0
2024-06-25,10670.631693943502,10874.127367336465,10669.100730115782,10714.34375,562075,0.0,0.0
2024-06-26,10775.096107897032,11124.100873543692,10770.45305250394,11007.6337890625,793197,0.0,0.0
2024-06-27,11132.991063186802,11730.586903301015,11132.003220146591,11574.2607421875,2339734,0.0,0.0
2024-06-28,11557.66566613814,11635.80366808309,11330.411593269975,11526.0546875,684790,0.0,0.0
2024-07-01,11527.141145193227,11885.33266772794,11526.054903658374,11759.9267578125,520339,0.0,0.0
2024-07-02,11798.797850630785,11931.168824507587,11656.548445867655,11709.8427734375,422173,0.0,0.0
2024-07-03,11711.126714296173,11754.344849194253,11618.961147554484,11727.771484375,206171,0.0,0.0
2024-07-04,11740.514184966964,11791.733459207786,11579.051051891487,11617.0830078125,227230,0.0,0.0
2024-07-05,11653.139119244965,11680.798723175023,11478.982591723434,11548.033203125,425987,0.0,0.0
2024-07-08,11551.836869914483,11572.383812848986,11389.830606303574,11442.087890625,149210,0.0,0.0
2024-07-09,11442.136384120196,11618.713322134588,11344.83384764793,11537.80859375,530901,0.0,0.0
2024-07-10,11546.89788577167,11597.080121834953,11330.560248934988,11492.8134765625,202406,0.0,0.0
2024-07-11,11457.990853318159,11498.492415951667,11359.206554212045,11414.4765625,366819,0.0,0.0
2024-07-12,11413.538351224312,11538.006572814606,11330.608736044114,11461.2509765625,366274,0.0,0.0
2024-07-15,11610.021707694343,11753.35735750258,11520.127984418772,11689.7900390625,394470,0.0,0.0
2024-07-16,11762.296252928807,11762.296252928807,11490.491819831634,11516.9658203125,556056,0.0,0.0
2024-07-18,11508.371841898033,11541.809944163313,11335.499303500425,11505.6552734375,731274,0.0,0.0
2024-07-19,11503.432707067936,11503.432707067936,11092.144625139268,11121.43359375,514154,0.0,0.0
2024-07-22,11152.64933973732,11429.343784814158,11094.761159731162,11375.7041015625,573833,0.0,0.0
2024-07-23,11508.321734177674,11592.733111343927,11191.371729270882,11405.4375,525157,0.0,0.0
2024-07-24,11399.708932646743,11420.206676178148,11217.6004500885,11314.162109375,268139,0.0,0.0
2024-07-25,11279.191938338505,11337.27691670662,11153.735871061486,11302.40625,254683,0.0,0.0
2024-07-26,11302.405769566534,11599.697315592157,11257.063389649096,11531.140625,333210,0.0,0.0
2024-07-29,11538.007372620144,11794.846577832579,11531.141670158091,11729.451171875,496437,0.0,0.0
2024-07-30,11783.30908827727,11783.30908827727,11571.153877419858,11732.083984375,438108,70.0,0.0
2024-07-31,11744.50508785793,11839.949894816124,11676.336602733714,11812.3251953125,322531,0.0,0.0
2024-08-01,11812.325757244591,11956.511421238229,11729.152768085534,11909.0126953125,250126,0.0,0.0
2024-08-02,11758.516464582297,11873.736319409027,11626.304706426112,11690.3984375,273420,0.0,0.0
2024-08-05,11626.303973633647,11626.303973633647,11279.701191134423,11345.3349609375,400844,0.0,0.0
2024-08-06,11377.829108401153,11502.886014711015,11201.098769918606,11253.9638671875,368949,0.0,0.0
2024-08-07,11426.57039922296,11516.94771982139,11358.203948947761,11470.4921875,230210,0.0,0.0
2024-08-08,11427.56357631795,11451.611338969507,11158.02213109393,11187.087890625,290349,0.0,0.0
2024-08-09,11376.884969076766,11376.884969076766,11160.307599781794,11229.1708984375,189230,0.0,0.0
2024-08-12,11218.88660112157,11308.12077522183,11140.58314027307,11231.6552734375,200411,0.0,0.0
2024-08-13,11292.420354732561,11292.420354732561,11163.885493611217,11200.205078125,189972,0.0,0.0
2024-08-14,11129.45388793948,11129.45388793948,10894.045676020214,10933.296875,404673,0.0,0.0
2024-08-16,10970.461191633258,11253.666032178138,10881.227018414012,11224.55078125,435631,0.0,0.0
2024-08-19,11248.698247454588,11395.865015690035,11200.7521617267,11244.0771484375,244264,0.0,0.0
2024-08-20,11293.414372092875,11452.406567388507,11206.416024311817,11278.2109375,421084,0.0,0.0
2024-08-21,11202.98780545858,11241.29479426618,11091.245906681983,11130.3486328125,456794,0.0,0.0
2024-08-22,11189.075810309214,11305.736722464013,11134.422242852108,11238.1650390625,305457,0.0,0.0
2024-08-23,11243.729352833816,11308.319932412624,11133.8758765709,11270.3603515625,258730,0.0,0.0
2024-08-26,11268.571574761028,11289.389808921887,11200.404060806635,11265.689453125,234215,0.0,0.0
2024-08-27,11317.361879397022,11377.878670270677,11215.359034088942,11229.1708984375,184428,0.0,0.0
2024-08-28,11208.949668540872,11246.31244593814,11140.384284930116,11164.0341796875,201101,0.0,0.0
2024-08-29,11159.26503968906,11185.79705715154,11045.387264581272,11151.3154296875,406261,0.0,0.0
2024-08-30,11154.345395047087,11289.340284515962,11151.314800487266,11230.7119140625,462185,0.0,0.0
2024-09-02,11253.666359577466,11392.78453090999,11253.666359577466,11352.9375,248673,0.0,0.0
2024-09-03,11362.476204468714,11431.587927831097,11289.439167341734,11388.6103515625,181723,0.0,0.0
2024-09-04,11320.244618215589,11564.148783641002,11310.158162382948,11507.5078125,198185,0.0,0.0
2024-09-05,11557.192082014195,11748.280624829415,11441.674319849182,11469.9453125,406821,0.0,0.0
2024-09-06,11427.56434096582,11452.406872141833,11248.69811649853,11360.8369140625,245248,0.0,0.0
2024-09-09,11328.19389689941,11445.89800037534,11236.773384748994,11421.94921875,154665,0.0,0.0
2024-09-10,11467.213294574114,11566.13605864859,11388.31302818108,11468.35546875,237496,0.0,0.0
2024-09-11,11497.12359505095,11537.865346770666,11388.015390625313,11415.09375,141341,0.0,0.0
2024-09-12,11435.363750561599,11661.083362048606,11370.177341235676,11636.4892578125,455934,0.0,0.0
2024-09-13,11621.335964096215,11688.509779537733,11551.975811851518,11644.1416015625,279660,0.0,0.0
2024-09-16,11601.461274690964,11723.637028835175,11530.908490921965,11569.3154296875,257856,0.0,0.0
2024-09-17,11529.467770636991,11644.786601881542,11502.091496406,11572.296875,202725,0.0,0.0
2024-09-18,11609.411092672888,11689.205104765548,11463.18757326751,11557.6396484375,185067,0.0,0.0
2024-09-19,11557.63971444349,11666.20157091169,11467.311886892603,11554.2607421875,227247,0.0,0.0
2024-09-20,11586.556661740937,11769.298711148558,11506.662692478272,11723.9853515625,608787,0.0,0.0
2024-09-23,11760.453582900805,11922.426876860487,11725.723532230255,11886.703125,279318,0.0,0.0
2024-09-24,11872.841223402447,11894.454225055562,11666.399793819246,11687.56640625,242038,0.0,0.0
2024-09-25,11736.604671562744,11780.923356156809,11606.429816599173,11741.87109375,196686,0.0,0.0
2024-09-26,11760.453608627098,12003.910400694156,11693.676694435011,11989.0048828125,277079,0.0,0.0
2024-09-27,11989.004967663208,12061.545155200665,11849.63837448337,11877.0146484375,404276,0.0,0.0
2024-09-30,11848.893661429207,11848.893661429207,11699.887965457356,11727.662109375,405493,0.0,0.0
2024-10-01,11727.661834158578,11812.822223054218,11576.86767356431,11762.5908203125,324906,0.0,0.0
2024-10-03,11553.863435811321,11854.855933124523,11539.951618287118,11650.9482421875,304610,0.0,0.0
2024-10-04,11626.303823197091,11754.640718948445,11308.319445126745,11378.126953125,357277,0.0,0.0
2024-10-07,11419.565130671166,11457.32577769716,11121.603232352123,11159.6123046875,374655,0.0,0.0
2024-10-08,11160.258062333905,11402.721152638373,11160.258062333905,11318.0576171875,447220,0.0,0.0
2024-10-09,11332.218116221991,11438.49465496138,11261.615839169257,11278.658203125,286382,0.0,0.0
2024-10-10,11367.892717960745,11386.82253253934,11282.03654248392,11358.0546875,180542,0.0,0.0
2024-10-11,11319.001997279105,11396.063331620251,11288.644619558208,11349.359375,120279,0.0,0.0
2024-10-14,11328.144788295458,11357.9558258725,11169.202078864922,11229.1220703125,144163,0.0,0.0
2024-10-15,11328.19434182432,11360.936992359502,11218.887203438297,11344.98828125,182286,0.0,0.0
2024-10-16,11269.565805778575,11340.118594087391,11162.246071449672,11250.9833984375,276811,0.0,0.0
2024-10-17,11279.502589278314,11292.371214206427,10865.178670008872,10947.904296875,353330,0.0,0.0
2024-10-18,10947.904682987017,11069.782530526605,10832.337420686772,10999.5771484375,330703,0.0,0.0
2024-10-21,10980.398925873773,11096.314566047664,10703.554142929872,10800.8369140625,566667,0.0,0.0
2024-10-22,10683.281512219175,11011.003971167316,10672.350799110218,10756.96484375,793887,0.0,0.0
2024-10-23,10753.784759353217,10775.348269202635,10604.779072216339,10685.318359375,351717,0.0,0.0
2024-10-24,10685.318398943817,11015.17770341383,10650.887234918773,10974.0380859375,341400,0.0,0.0
2024-10-25,10994.01188989946,11044.98856612238,10881.02787215835,10925.943359375,519646,0.0,0.0
2024-10-28,10930.713149655836,11128.807094798933,10830.94516147081,11022.7294921875,229113,0.0,0.0
2024-10-29,11004.247791900545,11066.801480519587,10848.286184513338,11042.107421875,266761,0.0,0.0
2024-10-30,11044.989389945391,11159.265033656027,10942.042328645404,11134.521484375,239933,0.0,0.0
2024-10-31,11086.525478461903,11180.033344677802,10972.99511508816,10995.9501953125,423687,0.0,0.0
2024-11-01,11010.159890200805,11100.934107358535,11008.768320345507,11075.5947265625,19032,0.0,0.0
2024-11-04,11076.787883056595,11086.476470287222,10861.204201827182,10932.5517578125,276984,0.0,0.0
2024-11-05,10914.466701285452,11117.57864669584,10904.131820519962,11105.9521484375,274422,0.0,0.0
2024-11-06,11154.296512356099,11235.681032757795,11042.008271296301,11203.3857421875,282486,0.0,0.0
2024-11-07,11170.7418690143,11174.120841361142,10931.806214157352,10981.193359375,326254,0.0,0.0
2024-11-08,10959.62979660093,11069.185356698345,10891.661215032203,10973.7900390625,155894,0.0,0.0
2024-11-11,10945.618804100966,11039.97092786543,10827.417851348902,10901.349609375,107472,0.0,0.0
2024-11-12,10901.39909949497,11004.992450401707,10771.7210918851,10823.3935546875,166347,0.0,0.0
2024-11-13,10735.251863177546,10805.009880741489,10682.28778387557,10714.28515625,216900,0.0,0.0
2024-11-14,10658.439575007573,10764.26875780995,10476.095396188452,10660.923828125,297442,0.0,0.0
2024-11-18,10565.130141673586,10699.031378390291,10513.756565956239,10563.9384765625,424186,0.0,0.0
2024-11-19,10616.75338893205,10801.532325978038,10590.768684120507,10701.71484375,220357,0.0,0.0
2024-11-21,10488.51660303843,10936.526419561696,10488.51660303843,10885.84765625,256924,0.0,0.0
2024-11-22,10929.719835079897,11338.032058887164,10862.794445365302,11303.6494140625,328426,0.0,0.0
2024-11-25,11377.878958398129,11616.367250975905,11365.209267854934,11385.2822265625,465057,0.0,0.0
2024-11-26,11385.28246172822,11424.881067961702,11036.045966988804,11051.0009765625,243711,0.0,0.0
2024-11-27,10951.183092002217,11118.473271810499,10890.965187251835,11069.732421875,330284,0.0,0.0
2024-11-28,11103.617696970106,11119.516916869114,10888.580359671467,10928.52734375,326140,0.0,0.0
2024-11-29,10846.249118865117,11162.246115640115,10846.249118865117,11131.5908203125,367574,0.0,0.0
2024-12-02,11136.111254329418,11705.799949111826,11136.111254329418,11575.177734375,633694,0.0,0.0
2024-12-03,11601.2133863926,11859.82413041784,11551.727259427964,11777.6943359375,501811,0.0,0.0
2024-12-04,11791.457885483109,11845.26622555256,11674.051695441041,11692.68359375,306770,0.0,0.0
2024-12-05,11671.020800729215,11926.35252267418,11649.009930594804,11857.6376953125,436371,0.0,0.0
2024-12-06,11863.799102833429,11881.039431180663,11743.5612528089,11773.869140625,193324,0.0,0.0
2024-12-09,11783.706814368757,11815.107384433668,11644.190776349345,11740.380859375,268177,0.0,0.0
2024-12-10,11671.02066280508,11732.729119524343,11621.335602512168,11671.8154296875,232758,0.0,0.0
2024-12-11,11776.352904006415,11989.00496049594,11740.877577135943,11823.5537109375,527029,0.0,0.0
2024-12-12,11868.767120286535,11868.767120286535,11716.631854891464,11782.265625,247809,0.0,0.0
2024-12-13,11725.673978338624,12042.167805635307,11656.114895416276,12007.7861328125,408880,0.0,0.0
2024-12-16,11974.099244262874,12068.848263811251,11796.2267326676,11867.2763671875,214946,0.0,0.0
2024-12-17,11855.50169864231,11898.727701165708,11609.610140780389,11700.7822265625,244639,0.0,0.0
2024-12-18,11700.831766806115,11780.327863735583,11626.304175934738,11689.8515625,222900,0.0,0.0
2024-12-19,11564.694879774317,11685.926429467774,11499.160089771689,11597.2880859375,162249,0.0,0.0
2024-12-20,11591.37478516062,11674.001426184113,11325.858607022827,11350.849609375,299802,0.0,0.0
2024-12-23,11447.437762290621,11509.494595978358,11303.351089067346,11400.3359375,149350,0.0,0.0
2024-12-24,11398.746885084156,11514.065719509774,11288.446047821115,11318.6044921875,108000,0.0,0.0
2024-12-26,11318.603944182416,11724.680323024453,11263.106120969629,11388.4619140625,144283,0.0,0.0
2024-12-27,11419.216240816198,11482.21728461418,11313.288081811548,11334.7021484375,118410,0.0,0.0
2024-12-30,11347.521885888937,11435.166529854292,11168.904086949211,11217.2470703125,164726,0.0,0.0
2024-12-31,11199.013126868389,11392.784871299564,11123.541322583305,11354.3779296875,241737,0.0,0.0
2025-01-01,11339.124218289317,11448.332366649267,11233.791892714113,11374.8974609375,107951,0.0,0.0
2025-01-02,11427.563634828524,11754.640768245554,11382.896572451866,11723.388671875,267609,0.0,0.0
2025-01-03,11724.680811300881,11786.936581517122,11639.222505531588,11711.7626953125,237651,0.0,0.0
2025-01-06,11727.611957383935,11780.079186151483,11378.077563682778,11431.140625,139820,0.0,0.0
2025-01-07,11442.420128630969,11561.863210101614,11412.808026172694,11545.3671875,197212,0.0,0.0
2025-01-08,11545.367448142104,11556.696030540992,11298.38319687837,11331.7216796875,159583,0.0,0.0
2025-01-09,11331.721505418207,11360.439859226393,11112.56089248645,11188.876953125,196555,0.0,0.0
2025-01-10,11132.683198828146,11216.154101352107,10769.28646840049,10796.7626953125,228618,0.0,0.0
2025-01-13,10632.603247826984,10761.78440878189,10526.675084008506,10548.2880859375,225902,0.0,0.0
2025-01-14,10503.421571330631,10665.394865193155,10396.10184288184,10417.71484375,344404,0.0,0.0
2025-01-15,10473.610982562926,10576.360078089616,10400.822367337809,10455.376953125,371459,0.0,0.0
2025-01-16,10523.295887818254,10739.524884468565,10483.547839139053,10569.205078125,375910,0.0,0.0
2025-01-17,10569.205580129064,10656.402866060658,10433.962255827646,10513.359375,297759,0.0,0.0
2025-01-20,10520.712860142645,10585.70033876699,10418.212189426713,10557.529296875,332061,0.0,0.0
2025-01-21,10610.244564473604,10898.964254091437,10575.017662846447,10600.60546875,593842,0.0,0.0
2025-01-22,10632.603210841613,10729.786997508902,10539.940570709745,10626.392578125,249552,0.0,0.0
2025-01-23,10622.666265469643,11498.564418363723,10622.61677448987,11348.962890625,1510866,0.0,0.0
2025-01-24,11180.132595435898,11536.573422527046,11151.713128278296,11214.7626953125,545939,0.0,0.0
2025-01-27,11189.075953528849,11288.446077450064,11079.768817215512,11168.705078125,414994,0.0,0.0
2025-01-28,11144.359083695283,11339.720353654197,10996.297603225323,11225.1962890625,436707,0.0,0.0
2025-01-29,11225.1961122788,11502.041847608094,11189.919719836485,11472.130859375,377755,0.0,0.0
2025-01-30,11472.130716108024,11539.354989312547,11377.878547050908,11407.09375,274820,0.0,0.0
2025-01-31,11416.286385596026,11525.940931633188,11320.39421386548,11415.09375,361656,0.0,0.0
2025-02-01,11472.18156806422,11712.756244530274,10730.234166242388,11188.2314453125,513602,0.0,0.0
2025-02-03,11050.205937607108,11211.731876045065,10882.419875596068,11104.263671875,450593,0.0,0.0
2025-02-04,11129.552600718614,11475.112198569002,11042.157355103933,11446.59375,314752,0.0,0.0
2025-02-05,11446.543524779727,11559.577040427426,11360.986236484783,11512.724609375,236897,0.0,0.0
2025-02-06,11504.278292572117,11546.361152297473,11256.349830977499,11405.056640625,308664,0.0,0.0
2025-02-07,11428.656996683774,11659.096703482743,11402.771273342905,11567.2783203125,310549,0.0,0.0
2025-02-10,11447.437825570589,11540.54782210563,11417.626789566499,11459.66015625,262455,0.0,0.0
2025-02-11,11424.582662433819,11443.065116534337,11169.449880092348,11229.0224609375,301338,0.0,0.0
2025-02-12,11228.823554634751,11525.940213292786,11004.842916097241,11406.19921875,347198,0.0,0.0
2025-02-13,11427.56406379971,11576.520265282821,11350.254302737316,11473.7216796875,336128,0.0,0.0
2025-02-14,11516.003714784456,11516.003714784456,11111.56730854429,11192.9013671875,279199,0.0,0.0
2025-02-17,11148.333583123786,11437.401645709446,10973.840043380607,11417.7255859375,166053,0.0,0.0
2025-02-18,11377.878820902439,11388.411665532802,11180.132280696362,11237.66796875,268795,0.0,0.0
2025-02-19,11218.886715011839,11387.815921526633,11160.25834333906,11220.4267578125,157580,0.0,0.0
2025-02-20,11219.979907534664,11258.635274709473,11174.369601951914,11216.501953125,142187,0.0,0.0
2025-02-21,11194.043959995182,11218.886489866454,10920.77613141119,11086.97265625,320240,0.0,0.0
2025-02-24,10939.308886433044,11099.642183706392,10905.919944528914,10973.0947265625,175294,0.0,0.0
2025-02-25,10973.09539112608,10984.621937350865,10772.71514782285,10895.08984375,296499,0.0,0.0
2025-02-27,10731.97300454629,10731.97300454629,10199.747027781657,10381.8427734375,1722295,0.0,0.0
2025-02-28,10423.925802482623,10423.925802482623,9984.560419697713,10064.6533203125,1230856,0.0,0.0
2025-03-03,10254.2509725678,10554.89507257187,10218.37874788646,10275.6650390625,835344,0.0,0.0
2025-03-04,10185.437149248393,10388.94695791404,10175.500137395467,10304.7802734375,352922,0.0,0.0
2025-03-05,10322.468879955872,10440.619368057665,10230.402077428054,10398.2880859375,310832,0.0,0.0
2025-03-06,10473.411490811215,10473.610425129247,10252.213996562667,10427.4033203125,365920,0.0,0.0
2025-03-07,10434.85647344528,10542.77203738208,10380.898691476878,10515.744140625,302339,0.0,0.0
2025-03-10,10522.30234051595,10578.545442055174,10411.007802586231,10453.8359375,165649,0.0,0.0
2025-03-11,10345.42305865259,10442.358415369632,10291.017918660156,10373.4951171875,180753,0.0,0.0
2025-03-12,10413.98884793217,10483.34899942105,10296.732103270338,10454.134765625,299765,0.0,0.0
2025-03-13,10453.736369879332,10453.736369879332,10314.71718721423,10386.263671875,219474,0.0,0.0
2025-03-17,10480.070183042399,10510.72547829385,10382.190610385149,10480.666015625,212061,0.0,0.0
2025-03-18,10480.666015625,10480.666015625,10480.666015625,10480.666015625,0,0.0,0.0
2025-03-19,10642.539993218794,10876.158760274215,10632.602981086937,10864.3837890625,269175,0.0,0.0
2025-03-20,10862.29750890126,11169.201743373818,10747.8724249405,10879.1904296875,549251,0.0,0.0
2025-03-21,10949.593249652675,10994.30980253718,10817.083586102777,10907.609375,656565,0.0,0.0
2025-03-24,10949.54395683198,11008.17232723045,10785.483307588787,10981.5908203125,294688,0.0,0.0
2025-03-25,11169.201884276848,11406.547036153188,11134.124424754587,11349.2607421875,754457,0.0,0.0
2025-03-26,11309.313565895123,11414.645895038862,11228.823767209815,11330.2802734375,401569,0.0,0.0
2025-03-27,11328.690610658874,11556.695546692432,11278.508699704244,11526.5361328125,406112,0.0,0.0
2025-03-28,11512.525512865972,11625.310601615727,11386.474900960851,11437.0537109375,280960,0.0,0.0
2025-04-01,11278.50858816084,11492.800639500425,11265.739915941416,11306.978515625,263144,0.0,0.0
2025-04-02,11288.445932474628,11288.445932474628,11107.691291218789,11180.0830078125,376468,0.0,0.0
2025-04-03,11118.522946350398,11576.668699574844,11084.73710488325,11533.4921875,361884,0.0,0.0
2025-04-04,11525.940183197452,11540.348850552944,11349.061370143812,11426.22265625,222191,0.0,0.0
2025-04-07,11129.453923919988,11228.873539220589,10945.668684906554,11121.1064453125,484513,0.0,0.0
2025-04-08,11246.461833939711,11470.04460548321,11169.996331989567,11199.4599609375,602120,0.0,0.0
2025-04-09,11217.744025428809,11351.049436964524,11109.580031976135,11325.2626953125,230611,0.0,0.0
2025-04-11,11767.756780122269,11767.756780122269,11381.902806033031,11430.197265625,351037,0.0,0.0
2025-04-15,11674.99560684372,11674.99560684372,11508.053802268885,11645.1845703125,345260,0.0,0.0
2025-04-16,11593.51215515553,11752.50435064922,11593.51215515553,11654.1279296875,268150,0.0,0.0
2025-04-17,11593.512003078129,11846.905811322315,11526.934022088479,11826.0380859375,290473,0.0,0.0
2025-04-21,11741.573336946958,12033.721488695639,11706.793795072115,11858.830078125,230595,0.0,0.0
2025-04-22,11858.83032114281,11941.30752213618,11775.359418932656,11883.6728515625,334667,0.0,0.0
2025-04-23,11964.163142574693,11964.163142574693,11751.511073429261,11873.736328125,267716,0.0,0.0
2025-04-24,11802.189343011734,12111.230421202916,11795.233434499392,12082.4130859375,339743,0.0,0.0
2025-04-25,12072.476167310208,12226.499856991093,11785.296513647136,12159.921875,412558,0.0,0.0
2025-04-28,12154.9530301975,12261.279058175845,11925.408053907797,12037.6962890625,516745,0.0,0.0
2025-04-29,12124.149052119754,12145.016778543368,11725.674847554554,11794.240234375,516495,0.0,0.0
2025-04-30,11794.239657044605,11849.88692478363,11427.56391069281,11567.67578125,630392,0.0,0.0
2025-05-02,11567.676173876394,11675.98960940191,11408.683974939857,11539.8525390625,189474,0.0,0.0
2025-05-05,11628.291602901403,11654.127834458011,11578.606542215617,11596.4931640625,145699,0.0,0.0
2025-05-06,11625.310840269685,11655.121877555615,11471.287147625715,11619.3486328125,273048,0.0,0.0
2025-05-07,11577.612451113238,11626.303808945575,11480.229735448565,11584.568359375,217460,0.0,0.0
2025-05-08,11527.928220263333,11666.052694241145,11466.318742661719,11557.7392578125,388912,0.0,0.0
2025-05-09,11407.690242349745,11485.198939118323,11241.742135165738,11292.4208984375,200270,0.0,0.0
2025-05-12,11516.996774913992,11692.881885281531,11492.154245201064,11662.0771484375,182795,0.0,0.0
2025-05-13,11626.304151860368,11674.001809919282,11493.148189779231,11587.5498046875,307678,0.0,0.0
2025-05-14,11602.455273571368,11667.045851918587,11550.782810893592,11598.48046875,179337,0.0,0.0
2025-05-15,11598.480365625526,11856.842676717253,11569.663030926833,11819.08203125,371371,0.0,0.0
2025-05-16,11874.729248969708,11914.477296665005,11782.315038078144,11830.0126953125,209706,0.0,0.0
2025-05-19,11829.01977324168,11915.471782673134,11805.170943053692,11853.8623046875,128237,0.0,0.0
2025-05-20,11893.60997569823,11904.540689185797,11595.499607855514,11623.3232421875,158934,0.0,0.0
2025-05-21,11623.323292832134,11834.98165492269,11560.720115312391,11592.5185546875,173017,0.0,0.0
2025-05-22,11592.518846485713,11626.304689172195,11444.457359418477,11606.4306640625,175370,0.0,0.0
2025-05-23,11653.134325066114,11800.202107116918,11587.550043881294,11672.0146484375,181463,0.0,0.0
2025-05-26,11725.674863252845,11809.145769059052,11571.651168015202,11615.3740234375,198003,0.0,0.0
2025-05-27,11602.455332077423,11648.165587753645,11303.35126776128,11349.0615234375,478345,0.0,0.0
2025-05-28,11382.847023370066,11397.75254107854,11129.453222326038,11167.2138671875,201200,0.0,0.0
2025-05-29,11178.145505992656,11265.591217124966,11080.762782231675,11198.01953125,350206,0.0,0.0
2025-05-30,11194.044191848796,11238.760746543265,11099.642576382694,11139.390625,394181,0.0,0.0
2025-06-02,11109.579833003014,11148.334181257676,10949.593933797873,11124.4853515625,314936,0.0,0.0
2025-06-03,11208.949967433167,11220.874382292139,10930.713620723835,10965.4931640625,349615,0.0,0.0
2025-06-04,10970.461768104777,10985.36728681144,10851.217618451463,10963.505859375,345047,0.0,0.0
2025-06-05,10968.474066441606,11109.579639682655,10933.694523741347,11088.7119140625,191183,0.0,0.0
2025-06-06,11109.579926255778,11239.754789434623,11049.957851517374,11182.1201171875,143723,0.0,0.0
2025-06-09,11189.076171875,11246.710844874,11095.668253566275,11189.076171875,209231,0.0,0.0
2025-06-10,11338.131300375571,11411.665193121215,11263.603706376607,11319.2509765625,279918,0.0,0.0
2025-06-11,11308.32011146306,11445.450882586249,11268.572061862134,11391.791015625,237747,0.0,0.0
2025-06-12,11402.721293650782,11432.532329712614,11208.949559248875,11251.6787109375,262530,0.0,0.0
2025-06-13,11041.014494087725,11179.138966653487,10948.600278630056,11153.302734375,181355,0.0,0.0
2025-06-16,11199.012925116898,11445.450831543605,11126.472734918714,11422.595703125,401104,0.0,0.0
2025-06-17,11427.563821872529,11436.507132689647,11288.445653606255,11311.30078125,121415,0.0,0.0
2025-06-18,11311.30112166842,11406.69643992197,11271.553072396107,11334.15625,156816,0.0,0.0
2025-06-19,11328.194334227233,11412.658941105243,11281.49037512998,11348.068359375,157757,0.0,0.0
2025-06-20,11348.067480144877,11452.406104086664,11298.382421124978,11385.828125,629895,0.0,0.0
2025-06-23,11329.188081638544,11417.6274939064,11249.691980723617,11376.8857421875,304907,0.0,0.0
2025-06-24,11486.19238188477,11749.52320472407,11441.475827063003,11506.06640625,735700,0.0,0.0
2025-06-25,11561.713957910515,11696.857326907148,11560.720256667892,11659.0966796875,253134,0.0,0.0
2025-06-26,11616.367606692169,11910.503176545111,11607.42429544664,11875.7236328125,506580,0.0,0.0
2025-06-27,11904.540853304368,12168.865383102278,11841.937675194336,12136.0732421875,501287,0.0,0.0
2025-06-30,12138.060652905477,12193.707922374384,11942.301508523784,12016.8291015625,333104,0.0,0.0
2025-07-01,12028.753169629146,12147.997315052979,11984.036615095209,12133.091796875,207437,0.0,0.0
2025-07-02,12133.091500356826,12448.094776819817,12093.34345285361,12357.66796875,445829,0.0,0.0
2025-07-03,12357.668850948741,12495.793325882954,12298.046775437571,12319.908203125,275755,0.0,0.0
2025-07-04,12321.895209049657,12463.000783217805,12263.266836684017,12427.2275390625,191516,0.0,0.0
2025-07-07,12397.416067043843,12421.264895643479,12228.486864463091,12267.2412109375,149939,0.0,0.0
2025-07-08,12267.241208975744,12416.29638769963,12227.49316131604,12366.611328125,219226,0.0,0.0
2025-07-09,12331.832411240248,12500.761622353128,12298.046569017672,12482.875,379924,0.0,0.0
2025-07-10,12439.15146487496,12587.212941809485,12403.378222125679,12437.1640625,269323,0.0,0.0
2025-07-11,12437.164600840335,12557.40244972989,12373.567722088836,12416.296875,240034,0.0,0.0
2025-07-14,12416.296337562919,12499.767237311242,12351.705760376717,12437.1640625,278918,0.0,0.0
2025-07-15,12465.982083101078,12465.982083101078,12346.737934039927,12423.2529296875,154124,0.0,0.0
2025-07-16,12425.240286602626,12436.171000226477,12319.907955318247,12374.5615234375,156311,0.0,0.0
2025-07-17,12386.485838085233,12468.963040216086,12353.693697478991,12416.296875,166142,0.0,0.0
2025-07-18,12441.139747984676,12478.900395782075,12362.637348616403,12419.2783203125,98339,0.0,0.0
2025-07-21,12480.88735265763,12633.917340898814,12296.058925301393,12497.7802734375,512521,0.0,0.0
2025-07-22,12569.326519851857,12619.01158001413,12217.556293902962,12373.5673828125,533617,0.0,0.0
2025-07-23,12381.516994965952,12436.170561155608,12280.159472214224,12294.0712890625,189617,0.0,0.0
2025-07-24,12294.071684005201,12320.901617360209,12152.966108582574,12226.5,180080,0.0,0.0
2025-07-25,12245.0,12345.0,12193.0,12250.0,290381,77.5,0.0
2025-07-28,12274.0,12368.0,12210.0,12240.0,214107,0.0,0.0
2025-07-29,12200.0,12262.0,12122.0,12221.0,208446,0.0,0.0
2025-07-30,12205.0,12381.0,12201.0,12268.0,185681,0.0,0.0
2025-07-31,12201.0,12329.0,12155.0,12249.0,150379,0.0,0.0
2025-08-01,12181.0,12289.0,12075.0,12113.0,212570,0.0,0.0
2025-08-04,12158.0,12290.0,12132.0,12257.0,207875,0.0,0.0
2025-08-05,12330.0,12378.0,12262.0,12298.0,267535,0.0,0.0
2025-08-06,12298.0,12390.0,12208.0,12226.0,192086,0.0,0.0
2025-08-07,12204.0,12309.0,12125.0,12273.0,202031,0.0,0.0
2025-08-08,12285.0,12315.0,12135.0,12157.0,201770,0.0,0.0
2025-08-11,12161.0,12425.0,12161.0,12405.0,218605,0.0,0.0
2025-08-12,12447.0,12530.0,12397.0,12449.0,334100,0.0,0.0
2025-08-13,12485.0,12517.0,12388.0,12401.0,207359,0.0,0.0
2025-08-14,12413.0,12428.0,12225.0,12317.0,235741,0.0,0.0
2025-08-18,12628.0,12904.0,12556.0,12765.0,808480,0.0,0.0
2025-08-19,12787.0,12880.0,12629.0,12863.0,351252,0.0,0.0
2025-08-20,12850.0,12930.0,12765.0,12874.0,290957,0.0,0.0
2025-08-21,12890.0,12906.0,12790.0,12870.0,155457,0.0,0.0
2025-08-22,12864.0,12864.0,12563.0,12589.0,226948,0.0,0.0
2025-08-25,12648.0,12731.0,12556.0,12606.0,199190,0.0,0.0
2025-08-26,12581.0,12770.0,12480.0,12610.0,290322,0.0,0.0
2025-08-28,12570.0,12648.0,12472.0,12521.0,283677,0.0,0.0
2025-08-29,12521.0,12729.0,12521.0,12640.0,177858,0.0,0.0
2025-09-01,12639.0,12852.0,12636.0,12826.0,214241,0.0,0.0
2025-09-02,12788.0,12848.0,12687.0,12730.0,214101,0.0,0.0
2025-09-03,12700.0,12770.0,12657.0,12733.0,140022,0.0,0.0
2025-09-04,13000.0,13097.0,12634.0,12651.0,305040,0.0,0.0
2025-09-05,12680.0,12738.0,12530.0,12601.0,153774,0.0,0.0
2025-09-08,12601.0,12743.0,12601.0,12664.0,126448,0.0,0.0
2025-09-09,12699.0,12708.0,12533.0,12572.0,240234,0.0,0.0
2025-09-10,12625.0,12626.0,12420.0,12478.0,175576,0.0,0.0
2025-09-11,12478.0,12517.0,12360.0,12392.0,132660,0.0,0.0
2025-09-12,12396.0,12479.0,12343.0,12370.0,153086,0.0,0.0
2025-09-15,12370.0,12481.0,12324.0,12435.0,179530,0.0,0.0
2025-09-16,12497.0,12599.0,12446.0,12578.0,189043,0.0,0.0
2025-09-17,12678.0,12800.0,12614.0,12721.0,264319,0.0,0.0
2025-09-18,12730.0,12749.0,12562.0,12626.0,190079,0.0,0.0
2025-09-19,12602.0,12644.0,12484.0,12508.0,571670,0.0,0.0
2025-09-22,12547.0,12706.0,12542.0,12650.0,499548,0.0,0.0
2025-09-23,12650.0,12698.0,12361.0,12401.0,403638,0.0,0.0
2025-09-24,12427.0,12448.0,12200.0,12214.0,166517,0.0,0.0
2025-09-25,12210.0,12275.0,12120.0,12141.0,272540,0.0,0.0
2025-09-26,12140.0,12199.0,11990.0,12070.0,181541,0.0,0.0
2025-09-29,12100.0,12146.0,11962.0,12041.0,214806,0.0,0.0
2025-09-30,12041.0,12261.0,12041.0,12222.0,279155,0.0,0.0
2025-10-01,12274.0,12274.0,12071.0,12095.0,129528,0.0,0.0
2025-10-03,12095.0,12139.0,11982.0,12019.0,258411,0.0,0.0
2025-10-06,12019.0,12100.0,11991.0,12055.0,106362,0.0,0.0
2025-10-07,12059.0,12210.0,12025.0,12184.0,225472,0.0,0.0
2025-10-08,12150.0,12182.0,11940.0,11991.0,173973,0.0,0.0
2025-10-09,11991.0,12211.0,11973.0,12192.0,171737,0.0,0.0
2025-10-10,12180.0,12324.0,12111.0,12281.0,198464,0.0,0.0
2025-10-13,12225.0,12249.0,12150.0,12172.0,87745,0.0,0.0
2025-10-14,12172.0,12251.0,12026.0,12070.0,129196,0.0,0.0
2025-10-15,12085.0,12325.0,12085.0,12311.0,142328,0.0,0.0
2025-10-16,12306.0,12405.0,12268.0,12358.0,129372,0.0,0.0
2025-10-17,12300.0,12390.0,12259.0,12370.0,182242,0.0,0.0
2025-10-20,12420.0,12448.0,12175.0,12346.0,393365,0.0,0.0
2025-10-21,12371.0,12417.0,12271.0,12342.0,14465,0.0,0.0
2025-10-23,12390.0,12415.0,12112.0,12145.0,370812,0.0,0.0
2025-10-24,12149.0,12174.0,11876.0,11918.0,318840,0.0,0.0
2025-10-27,11922.0,12049.0,11920.0,12015.0,408073,0.0,0.0
2025-10-28,12025.0,12048.0,11866.0,11931.0,513095,0.0,0.0
2025-10-29,11940.0,12060.0,11899.0,11999.0,394272,0.0,0.0
2025-10-30,12040.0,12084.0,11950.0,12053.0,159943,0.0,0.0
2025-10-31,12053.0,12102.0,11917.0,11947.0,175191,0.0,0.0
2025-11-03,11927.0,11984.0,11885.0,11950.0,98394,0.0,0.0
2025-11-04,11960.0,11960.0,11785.0,11819.0,199364,0.0,0.0
2025-11-06,11800.0,11985.0,11798.0,11910.0,189652,0.0,0.0
2025-11-07,11871.0,11951.0,11834.0,11849.0,148161,0.0,0.0
2025-11-10,11851.0,11890.0,11701.0,11728.0,197085,0.0,0.0
2025-11-11,11750.0,11849.0,11720.0,11825.0,125847,0.0,0.0
2025-11-12,11861.0,11949.0,11831.0,11921.0,184542,0.0,0.0
2025-11-13,11921.0,12016.0,11907.0,11934.0,174415,0.0,0.0
2025-11-14,11941.0,11941.0,11786.0,11874.0,161315,0.0,0.0
2025-11-17,11810.0,11855.0,11745.0,11778.0,194379,0.0,0.0
2025-11-18,11888.0,11888.0,11688.0,11707.0,318116,0.0,0.0
2025-11-19,11707.0,11754.0,11638.0,11666.0,271396,0.0,0.0
2025-11-20,11720.0,11773.0,11661.0,11753.0,185397,0.0,0.0
2025-11-21,11758.0,11788.0,11691.0,11729.0,192051,0.0,0.0
2025-11-24,11738.0,11738.0,11561.0,11584.0,407297,0.0,0.0
2025-11-25,11600.0,11647.0,11538.0,11580.0,200149,0.0,0.0
2025-11-26,11589.0,11773.0,11585.0,11759.0,187481,0.0,0.0
2025-11-27,11776.0,11787.0,11599.0,11617.0,275290,0.0,0.0
2025-11-28,11620.0,11640.0,11557.0,11600.0,159990,0.0,0.0
2025-12-01,11620.0,12021.0,11556.0,11662.0,228729,0.0,0.0
2025-12-02,11702.0,11713.0,11590.0,11666.0,190930,0.0,0.0
2025-12-03,11700.0,11702.0,11520.0,11591.0,206293,0.0,0.0
2025-12-04,11580.0,11631.0,11524.0,11608.0,159687,0.0,0.0
2025-12-05,11630.0,11665.0,11561.0,11597.0,226572,0.0,0.0
2025-12-08,11610.0,11632.0,11490.0,11540.0,148186,0.0,0.0
2025-12-09,11500.0,11525.0,11379.0,11414.0,274482,0.0,0.0
2025-12-10,11425.0,11499.0,11297.0,11317.0,272923,0.0,0.0
2025-12-11,11340.0,11484.0,11266.0,11472.0,196507,0.0,0.0
2025-12-12,11491.0,11738.0,11481.0,11723.0,389481,0.0,0.0
2025-12-15,11658.0,11804.0,11658.0,11728.0,178073,0.0,0.0
2025-12-16,11700.0,11700.0,11510.0,11528.0,179690,0.0,0.0
2025-12-17,11505.0,11591.0,11495.0,11540.0,205337,0.0,0.0
2025-12-18,11545.0,11565.0,11412.0,11461.0,103462,0.0,0.0
2025-12-19,11503.0,11529.0,11442.0,11496.0,152956,0.0,0.0
2025-12-22,11496.0,11548.0,11431.0,11532.0,170807,0.0,0.0
2025-12-23,11550.0,11750.0,11530.0,11678.0,161830,0.0,0.0
2025-12-24,11715.0,11790.0,11671.0,11764.0,182050,0.0,0.0
2025-12-26,11766.0,11855.0,11743.0,11794.0,193121,0.0,0.0
2025-12-29,11778.0,11820.0,11731.0,11799.0,197600,0.0,0.0
2025-12-30,11810.0,11811.0,11651.0,11705.0,236323,0.0,0.0
2025-12-31,11681.0,11794.0,11680.0,11784.0,172267,0.0,0.0
