Date,open,high,low,close,volume,dividends,stock splits
2011-02-01,145.2916655720098,146.8728351673864,140.96103151182746,142.19961547851562,177600,0.0,0.0
2011-02-02,145.71331216280703,145.71331216280703,141.87458134941437,143.15708923339844,252955,0.0,0.0
2011-02-03,145.6254631638561,145.6254631638561,138.27304173428215,139.783935546875,134065,0.0,0.0
2011-02-04,142.31377461093314,144.0618469696216,137.23648740716283,138.4926300048828,568920,0.0,0.0
2011-02-07,140.98739063129665,140.98739063129665,133.52076869755194,134.40797424316406,2012935,0.0,0.0
2011-02-08,135.98033901462603,137.38581248489123,128.95293145215146,131.83416748046875,845570,0.0,0.0
2011-02-09,131.06117973188296,134.425553516203,123.85808793686584,130.78009033203125,553065,0.0,0.0
2011-02-10,130.18275851291372,131.76392833366165,126.52850235023405,129.0144500732422,71200,0.0,0.0
2011-02-11,131.41254587198466,140.5393922335904,128.4698131661781,135.82223510742188,341890,0.0,0.0
2011-02-14,138.61565587977884,140.161681153491,133.16941616613744,135.2776336669922,158060,0.0,0.0
2011-02-15,138.07980164518034,138.07980164518034,130.8854896977366,135.0316619873047,170970,0.0,0.0
2011-02-16,137.03444748228515,144.32538550984228,133.6964262090247,138.0446319580078,97780,0.0,0.0
2011-02-17,138.75618383307278,139.46769338052943,136.73580125076236,137.61422729492188,86915,0.0,0.0
2011-02-18,137.73722507531855,138.80890606675757,134.41677525060405,135.6641387939453,26235,0.0,0.0
2011-02-21,138.48390572047205,138.49269856216418,133.52080231181768,136.77976989746094,202435,0.0,0.0
2011-02-22,135.67289532731874,138.61562783886723,134.42553199454468,135.8925018310547,47080,0.0,0.0
2011-02-23,136.97296622349327,137.02566963623343,135.3390800062498,135.93641662597656,80470,0.0,0.0
2011-02-24,136.2878042559925,137.03447180358924,133.520767398369,134.24986267089844,65395,0.0,0.0
2011-02-25,136.2878062018791,137.0344737601366,128.20628863523018,135.1897735595703,377635,0.0,0.0
2011-02-28,134.92628198245106,135.99796311645173,128.07455431704855,129.2604217529297,251390,0.0,0.0
2011-03-01,131.38619985924893,132.12408805461075,129.34825804370698,130.903076171875,426950,0.0,0.0
2011-03-03,131.0612040721668,134.75059193004324,128.77730368572992,132.65115356445312,425020,0.0,0.0
2011-03-04,135.39183259970613,135.55873571996472,132.6774854928797,134.469482421875,181870,0.0,0.0
2011-03-07,135.27761532520435,135.27761532520435,130.46384419524466,132.5544891357422,1380390,0.0,0.0
2011-03-08,133.3450826657156,133.38900665080214,131.94838840450456,133.03762817382812,49530,0.0,0.0
2011-03-09,133.9599810610724,133.9599810610724,130.8854896924576,131.73756408691406,108320,0.0,0.0
2011-03-10,134.39920154658455,147.57559385507324,133.69645794272128,134.7769317626953,515555,0.0,0.0
2011-03-11,134.39920726047606,136.54256931170892,120.80995300961922,135.25128173828125,1046275,0.0,0.0
2011-03-14,134.57487348618199,141.3738962066381,131.93081579675265,135.57627868652344,459510,0.0,0.0
2011-03-15,132.65990779160632,138.61563542664214,132.11527451800038,133.529541015625,314740,0.0,0.0
2011-03-16,137.2101417399673,137.2101417399673,134.22349863134914,134.83839416503906,124710,0.0,0.0
2011-03-17,134.92625270096588,136.8587874170116,132.64233950690922,134.49581909179688,218570,0.0,0.0
2011-03-18,135.9803613056723,135.9803613056723,126.14199178616273,129.79623413085938,1458775,0.0,0.0
2011-03-21,133.46806088927596,134.15323216014588,130.8854860665886,133.6349639892578,516210,0.0,0.0
2011-03-22,134.09174272445907,135.27762335562258,131.9396013972725,134.94381713867188,108375,0.0,0.0
2011-03-23,135.06678905077754,137.21015082764174,134.9262510649956,136.87635803222656,100500,0.0,0.0
2011-03-24,136.15604978631916,137.30678586895044,133.74037793527157,134.51339721679688,240185,0.0,0.0
2011-03-25,125.72912192391307,137.86896268479725,125.72912192391307,137.104736328125,231475,0.0,0.0
2011-03-28,133.97755794045648,139.9332860668914,132.6423464614456,133.2396697998047,321245,0.0,0.0
2011-03-29,132.81803064187847,137.91290497124143,132.81803064187847,137.2365264892578,146995,0.0,0.0
2011-03-30,138.6156178468625,140.1967872405273,136.50738752073738,138.852783203125,193885,0.0,0.0
2011-03-31,137.4912179220982,139.49402778965185,137.4912179220982,138.77371215820312,148540,0.0,0.0
2011-04-01,141.7867387171431,143.18343278942402,139.33592276024896,140.09136962890625,912320,0.0,0.0
2011-04-04,140.02112372220762,141.95367198586152,139.494076071527,140.715087890625,152865,0.0,0.0
2011-04-05,140.7238599523855,142.2698984822905,139.31838622050307,140.51304626464844,96060,0.0,0.0
2011-04-06,141.39147139086452,142.84964853454755,140.02111541150333,141.56715393066406,386295,0.0,0.0
2011-04-07,142.3050143527407,147.55799816654795,140.9083202065411,145.64303588867188,309670,0.0,0.0
2011-04-08,146.69717331252514,149.32367243848975,141.43539562406008,144.70315551757812,510345,0.0,0.0
2011-04-11,145.2916729118519,148.9810732886843,144.06188172205353,148.26075744628906,147175,0.0,0.0
2011-04-13,148.46277062118583,152.47718379889398,148.27830867076304,148.94590759277344,176085,0.0,0.0
2011-04-15,148.76145891211013,173.36616807527446,146.73228345043646,148.00601196289062,1199340,0.0,0.0
2011-04-18,148.7526679064287,151.96771054880446,145.994410574813,146.3545684814453,507890,0.0,0.0
2011-04-19,145.8187499267944,147.47019548021603,143.70173955734992,146.47756958007812,185305,0.0,0.0
2011-04-20,148.25195788584853,149.11282508339877,146.20523694212594,147.43502807617188,225560,0.0,0.0
2011-04-21,147.61951298571697,152.4947806601686,144.37811843989996,148.84930419921875,788890,0.0,0.0
2011-04-25,148.6648292376142,151.08050087040644,148.6648292376142,150.0615234375,439880,0.0,0.0
2011-04-26,149.34999417937382,150.21084791732116,148.50669931097434,149.2884979248047,106240,0.0,0.0
2011-04-27,151.08931702627285,152.79346611872268,147.9796939572066,148.6472930908203,752840,0.0,0.0
2011-04-28,148.98985088086036,155.30573666426483,148.71754093532584,153.206298828125,252915,0.0,0.0
2011-04-29,154.24283046318894,156.18415797613886,151.26496662109585,152.1609649658203,182115,0.0,0.0
2011-05-02,152.50356523965252,153.40834310661313,150.21087243994668,152.08192443847656,227350,0.0,0.0
2011-05-03,154.6029964344756,156.69365487999545,151.11564368124135,153.84754943847656,601670,0.0,0.0
2011-05-04,154.60295294111464,155.13001382399082,151.4757589921274,153.00421142578125,227050,0.0,0.0
2011-05-05,152.3190638559916,153.97050903404417,148.45399479673506,149.15673828125,93395,0.0,0.0
2011-05-06,152.8373760526142,155.13006892109925,144.07946595602826,153.12725830078125,1151990,0.0,0.0
2011-05-09,153.7070020957654,163.21157935641133,153.7070020957654,158.13427734375,1778685,0.0,0.0
2011-05-10,158.11671158564798,158.9951377611238,151.98530063386826,154.66448974609375,512355,0.0,0.0
2011-05-11,157.00986127295812,162.5088029697311,155.51652641458742,159.81204223632812,1109155,0.0,0.0
2011-05-12,158.46804671064976,161.45470318439482,155.30572111951147,156.4476776123047,358530,0.0,0.0
2011-05-13,152.87247280732547,159.5133710967361,152.87247280732547,157.96734619140625,319735,0.0,0.0
2011-05-16,158.125486838418,159.68030488091475,156.35985509776535,157.23828125,247705,0.0,0.0
2011-05-17,156.35982669033643,158.11667867562113,155.507752405176,156.31590270996094,96280,0.0,0.0
2011-05-18,156.3071454699626,157.76533604169444,155.30574023230602,156.4652557373047,850335,0.0,0.0
2011-05-19,157.08016591667396,158.81944588903318,155.4989962128388,156.14024353027344,40540,0.0,0.0
2011-05-20,156.14024236306668,157.75654320214065,151.2913398458448,156.4652557373047,651085,0.0,0.0
2011-05-23,155.53411240077656,156.42131787528473,153.77726032187255,155.00706481933594,63255,0.0,0.0
2011-05-24,154.27795535225195,156.3686000185714,152.49475172912128,153.7333221435547,54130,0.0,0.0
2011-05-25,155.48140890957956,156.26320754817394,151.35280920684838,152.1960906982422,125275,0.0,0.0
2011-05-26,151.45819589982665,153.46100593017906,151.08925862094233,151.82713317871094,85345,0.0,0.0
2011-05-27,152.58258154960728,155.305707297473,151.52847311304234,154.76986694335938,164095,0.0,0.0
2011-05-30,154.03200261816022,158.95997295533508,154.03200261816022,158.09910583496094,221275,0.0,0.0
2011-05-31,163.38727917391614,163.38727917391614,156.53555188265295,161.66555786132812,928525,0.0,0.0
2011-06-01,162.33314029414498,162.33314029414498,156.41254376147788,159.39920043945312,111825,0.0,0.0
2011-06-02,157.7653091576828,161.4898266822879,157.2382482155853,159.24105834960938,85700,0.0,0.0
2011-06-03,162.33312440087377,162.33312440087377,157.4754163816171,157.96734619140625,81655,0.0,0.0
2011-06-06,149.81558548969699,160.53238204829185,149.81558548969699,155.911865234375,29640,0.0,0.0
2011-06-07,155.4814070484371,162.684497801576,155.4814070484371,161.5161895751953,1131320,0.0,0.0
2011-06-08,159.3464871734221,164.2656786330103,158.73159159190317,159.3640594482422,1557855,0.0,0.0
2011-06-09,161.80606183551478,161.80606183551478,159.38161097103261,160.77830505371094,144375,0.0,0.0
2011-06-10,163.38726997338057,163.38726997338057,157.9410303216785,159.82086181640625,41685,0.0,0.0
2011-06-13,159.5134086978012,164.79275868048455,156.3598618911588,159.52220153808594,526235,0.0,0.0
2011-06-14,161.01549661116977,161.27902710522008,158.37143904299705,159.53973388671875,185135,0.0,0.0
2011-06-15,161.54251408007528,161.54251408007528,158.31870611044985,159.86473083496094,316830,0.0,0.0
2011-06-16,158.99508572672067,160.59382727665115,158.64372073300962,160.02284240722656,170035,0.0,0.0
2011-06-17,159.0390547586091,160.41817682353982,154.88410288431933,158.08157348632812,236225,0.0,0.0
2011-06-20,161.61281696122737,162.46489128112145,157.41394161753277,158.49441528320312,681990,0.0,0.0
2011-06-21,160.73441968156203,161.6128458671266,157.31734235586467,159.1708221435547,352175,0.0,0.0
2011-06-22,159.40802501392895,161.2790773606263,154.07597082940842,156.1578369140625,188645,0.0,0.0
2011-06-23,157.40517877905768,157.40517877905768,152.3190840319821,153.9529571533203,477260,0.0,0.0
2011-06-24,155.13884872747096,158.11671295191658,154.6117876561433,157.686279296875,766310,0.0,0.0
2011-06-27,156.35982979174798,160.6641118795845,154.79623256612788,159.71542358398438,297070,0.0,0.0
2011-06-28,160.0492119314239,160.69925198625157,156.7463350501662,158.02005004882812,500975,0.0,0.0
2011-06-29,158.81940903594196,159.66269041316303,156.35981377890147,158.66128540039062,165335,0.0,0.0
2011-06-30,160.7519958563226,165.47793313844758,158.30119263680572,161.32296752929688,1686455,0.0,0.0
2011-07-01,161.63917051819826,165.1440952371332,161.63917051819826,164.53797912597656,218290,0.0,0.0
2011-07-04,165.58332528190448,166.3739034363517,163.19400513922616,163.5629425048828,141780,0.0,0.0
2011-07-05,160.08434287177857,169.00913994215307,160.06677060051535,166.71646118164062,503940,0.0,0.0
2011-07-06,167.9989670087051,167.9989670087051,158.75793544143818,163.94064331054688,1697155,0.0,0.0
2011-07-07,164.1882968847816,168.2032368331568,162.69374438498411,165.3291015625,485050,1.25,0.0
2011-07-08,166.7529048322875,166.78828636161617,163.95835775570694,166.26651000976562,259940,0.0,0.0
2011-07-11,167.14202945229317,167.14202945229317,165.04612578203526,166.49644470214844,43085,0.0,0.0
2011-07-12,166.257671459665,169.79506872476426,164.31210566268035,164.7277374267578,127745,0.0,0.0
2011-07-13,166.57599343431286,169.44128931458255,162.72023090144947,167.9732666015625,386615,0.0,0.0
2011-07-14,166.08078967185642,170.67940301275874,162.89712701594797,170.2372283935547,425550,0.0,0.0
2011-07-15,170.6794170002169,173.86307991703177,170.6794170002169,171.09506225585938,511645,0.0,0.0
2011-07-18,172.62497692960258,174.21680833401237,167.15085272187903,169.573974609375,434015,0.0,0.0
2011-07-19,169.79508114228105,173.81002139438695,165.56789218087107,168.539306640625,877945,0.0,0.0
2011-07-20,153.080855773806,166.43452093373133,152.1080662316619,155.8577117919922,4790145,0.0,0.0
2011-07-21,155.85773186194925,157.36112303459387,152.10808581877325,155.1148681640625,1025325,0.0,0.0
2011-07-22,156.83049992153997,159.0060051133358,153.58493964505172,154.15977478027344,739640,0.0,0.0
2011-07-25,155.8223320943708,159.89034396220697,154.15976471297293,158.5372772216797,700715,0.0,0.0
2011-07-26,159.368580177798,160.89850056257063,157.5114414029608,158.24545288085938,304905,0.0,0.0
2011-07-27,159.16517854375397,160.06721858151133,157.4849203209247,158.56382751464844,251110,0.0,0.0
2011-07-28,159.53658839148193,160.36787878868486,152.67404353869426,154.2924041748047,131770,0.0,0.0
2011-07-29,154.92030097533836,157.37880439754727,154.40739026581835,156.5917205810547,313960,0.0,0.0
2011-08-01,157.06040148355314,159.1828338708595,154.45156091094833,156.65359497070312,1124285,0.0,0.0
2011-08-02,155.6454791328424,158.4753942364378,153.87678050633284,155.68084716796875,918290,0.0,0.0
2011-08-03,153.87678449108458,155.64548316339588,152.46182015559552,155.1148681640625,355260,0.0,0.0
2011-08-04,156.17607179259647,157.39646449444152,152.63867504525882,153.35499572753906,99395,0.0,0.0
2011-08-05,151.5774555449178,152.4618047919572,145.91762576150492,150.5074005126953,1884600,0.0,0.0
2011-08-08,149.27817145426354,149.4373478584698,143.2822840020267,147.7747802734375,2136170,0.0,0.0
2011-08-09,138.1530345447436,153.66451373715665,138.1530345447436,151.76316833496094,885260,0.0,0.0
2011-08-10,153.52302525308065,155.45975214418362,148.94208941788258,150.4454803466797,867280,0.0,0.0
2011-08-11,148.57066491099982,155.26518130702294,148.57066491099982,152.4087371826172,349400,0.0,0.0
2011-08-12,152.0992055892337,153.87674241093362,148.57064784503936,150.3216552734375,632010,0.0,0.0
2011-08-16,149.10127736387747,150.86997572646632,147.24413868552017,149.38426208496094,130810,0.0,0.0
2011-08-17,149.286976541554,149.71147384557642,146.12985712070721,147.99583435058594,253960,0.0,0.0
2011-08-18,147.99583435058594,147.99583435058594,147.99583435058594,147.99583435058594,0,0.0,0.0
2011-08-19,138.84286510498632,144.46732820569122,138.17076437381974,142.72515869140625,512835,0.0,0.0
2011-08-22,146.02374885068102,157.94478686533822,140.96526988764114,143.31764221191406,214775,0.0,0.0
2011-08-23,144.12239425862217,152.6386816123517,142.56594448070442,151.02915954589844,222130,0.0,0.0
2011-08-24,148.59721527628963,151.842775663936,145.38702292406703,146.1210479736328,208425,0.0,0.0
2011-08-25,147.67749867203602,149.36659562764086,144.16663077148752,146.45709228515625,243805,0.0,0.0
2011-08-26,147.50062074292205,150.25093398925367,145.92646664436836,147.8101348876953,322785,0.0,0.0
2011-08-29,149.4550195443298,150.14481086269882,146.04143098420423,147.7393798828125,425930,0.0,0.0
2011-08-30,148.57950273761818,153.52302497134096,147.51828640712642,149.46385192871094,1038950,0.0,0.0
2011-09-02,149.8529622423902,152.10805529588706,145.40468705367198,146.70468139648438,689875,0.0,0.0
2011-09-05,146.801956254047,148.57065452216807,143.8040132293457,147.31488037109375,184750,0.0,0.0
2011-09-06,146.50129880942643,147.27067833259605,144.14892658485678,145.5108184814453,466845,0.0,0.0
2011-09-07,147.15573651835044,147.33261719574188,145.94418214400542,146.75778198242188,111675,0.0,0.0
2011-09-08,147.66860869115865,148.3937814291046,145.9176012544522,146.81964111328125,104590,0.0,0.0
2011-09-09,146.0060744682622,148.57068203430993,144.16662630949787,145.61695861816406,123835,0.0,0.0
2011-09-12,145.61696920154878,148.4734138627754,144.33466532532756,147.37681579589844,179940,0.0,0.0
2011-09-13,146.28022644656832,147.84551505061646,144.3081177177349,145.59927368164062,53125,0.0,0.0
2011-09-14,147.15571353954053,147.15571353954053,144.56457664840315,145.20130920410156,223715,0.0,0.0
2011-09-15,146.74009469093036,146.78430136315882,142.39793614300305,144.86526489257812,182480,0.0,0.0
2011-09-16,146.86387708787018,156.51213091706867,145.10403066677705,149.25161743164062,1171425,0.0,0.0
2011-09-19,146.80198087560214,148.5176206424813,145.7407644355622,146.30674743652344,175170,0.0,0.0
2011-09-20,148.32306312110322,148.32306312110322,145.21014986036607,145.70538330078125,245970,0.0,0.0
2011-09-21,146.16524329792242,153.8414018225756,146.1210366305993,148.71217346191406,740760,0.0,0.0
2011-09-22,148.57067816130618,149.44618880120382,145.03328106222745,145.62579345703125,62125,0.0,0.0
2011-09-23,141.72580899019357,144.17546024363895,141.5135738018597,142.76934814453125,831270,0.0,0.0
2011-09-26,143.45028909396981,144.14891902176427,138.32989968981482,139.68295288085938,489015,0.0,0.0
2011-09-27,143.20270394297867,144.1312600085166,139.89523236180582,140.62039184570312,943455,0.0,0.0
2011-09-28,140.78837303843258,142.73393834603263,137.07410954317862,137.76390075683594,886280,0.0,0.0
2011-09-29,137.25100378823004,137.25100378823004,132.8292574452194,134.0142822265625,801640,0.0,0.0
2011-09-30,127.98302269966344,138.40065563537325,127.98302269966344,134.2442169189453,180375,0.0,0.0
2011-10-03,138.31220478506566,141.49586719458276,131.4142920546077,132.30747985839844,208850,0.0,0.0
2011-10-04,132.3870704529449,135.27005743569214,132.31632089876913,134.3061065673828,148620,0.0,0.0
2011-10-05,135.27889047799945,137.9584673214459,134.42107072346013,136.37548828125,654835,0.0,0.0
2011-10-07,134.4299283412479,137.7727810129908,133.74898911572345,134.78367614746094,257055,0.0,0.0
2011-10-10,134.24422021216114,136.0571388918923,133.11225424019315,133.89047241210938,377935,0.0,0.0
2011-10-11,134.24421139235668,136.99453794685644,132.70543892495078,133.14761352539062,889225,0.0,0.0
2011-10-12,133.54558181376154,134.4210924712858,131.76804459356305,133.02381896972656,753670,0.0,0.0
2011-10-13,132.7319829914689,133.53674409179803,131.76804549455565,132.2544403076172,490360,0.0,0.0
2011-10-14,130.93674797950553,134.77482049130248,130.93674797950553,132.6170196533203,1049075,0.0,0.0
2011-10-17,134.2265145242265,137.5958826672549,133.54556189217726,135.385009765625,449840,0.0,0.0
2011-10-18,138.66594986574373,138.66594986574373,132.65237292754236,133.55441284179688,172765,0.0,0.0
2011-10-19,132.76735281841337,135.80066416816982,132.76735281841337,134.42108154296875,818045,0.0,0.0
2011-10-20,133.68708965350953,135.44694971832396,132.84696046962029,133.7666778564453,385235,0.0,0.0
2011-10-21,133.71358921214326,134.1380730271642,132.65237292754236,133.55441284179688,211090,0.0,0.0
2011-10-24,133.55444264861657,135.9952419973485,133.36872334766622,133.7666778564453,206270,0.0,0.0
2011-10-25,133.00614422986123,135.56192694765213,132.68777790641434,133.79322814941406,68725,0.0,0.0
2011-10-28,135.8360490869598,139.46187288585364,134.63333357703002,136.6319580078125,246005,0.0,0.0
2011-10-31,136.9503308335335,139.36460060356487,134.77482565473332,135.37619018554688,90275,0.0,0.0
2011-11-01,135.39386824371823,135.83604284478315,132.65238031947655,133.1033935546875,199375,0.0,0.0
2011-11-02,132.47553918446178,134.4211051122666,132.47553918446178,133.2449188232422,272295,0.0,0.0
2011-11-03,134.2088455943125,135.2700755550021,132.88232163754995,134.0850372314453,211240,0.0,0.0
2011-11-04,134.0761952849012,135.25238145014015,133.78435840232922,134.9517059326172,194970,0.0,0.0
2011-11-08,135.8271910943723,136.36664464893602,134.38571106687746,135.62379455566406,123900,0.0,0.0
2011-11-09,134.82789903923987,136.89727314460393,133.99660854543566,134.56259155273438,109250,0.0,0.0
2011-11-11,132.66123446545706,132.95307135557562,127.43474032525975,127.87691497802734,535465,0.0,0.0
2011-11-14,129.11497754650188,131.14014468252165,126.46193006266965,129.45103454589844,502905,0.0,0.0
2011-11-15,129.10617223574968,129.9109199247078,125.85175946533705,128.20413208007812,2067245,0.0,0.0
2011-11-16,127.10754870313505,128.6551466556905,126.03747999404253,128.37216186523438,405620,0.0,0.0
2011-11-17,129.39797993175054,129.39797993175054,126.10819986608925,127.25784301757812,612735,0.0,0.0
2011-11-18,126.29391770654652,128.1952767427934,126.01977159056325,126.54153442382812,133665,0.0,0.0
2011-11-21,126.57688145090344,127.51428926712073,125.00274125119981,126.59455871582031,94345,0.0,0.0
2011-11-22,125.97553930762493,127.31091521959146,125.57758487128898,126.72724151611328,357270,0.0,0.0
2011-11-23,127.46124551531099,130.23808777340332,125.57757753418717,126.70069122314453,218175,0.0,0.0
2011-11-24,126.82450566653257,128.17755868863492,125.5864088496291,127.1517105102539,142585,0.0,0.0
2011-11-25,127.70000998579326,128.40749199421614,126.47076522512106,126.66533660888672,41950,0.0,0.0
2011-11-28,126.67417978385096,128.0537623279825,125.93131622662078,126.47962188720703,348435,0.0,0.0
2011-11-29,127.87689303315766,128.10681895526355,125.93131409958018,126.56804656982422,236470,0.0,0.0
2011-11-30,126.5591967839157,127.1605611724201,124.33948546141977,124.80818939208984,864475,0.0,0.0
2011-12-01,130.10546601620496,130.10546601620496,124.5163854005043,124.69325256347656,386315,0.0,0.0
2011-12-02,124.8789867453978,126.05515959174613,123.45518364844327,123.81775665283203,316075,0.0,0.0
2011-12-05,123.63200794550941,124.66669478214507,123.18983339169436,123.53472900390625,274075,0.0,0.0
2011-12-07,123.80005327620842,125.47147277723775,122.9245426826794,124.70207977294922,314560,0.0,0.0
2011-12-08,125.35652524789543,125.35652524789543,123.12797451479648,123.91503143310547,314885,0.0,0.0
2011-12-09,123.8000456866466,123.80888432050867,122.74766801086668,123.10140228271484,623390,0.0,0.0
2011-12-12,123.8089180165644,124.32184229621089,122.92456860216038,123.81775665283203,119655,0.0,0.0
2011-12-13,123.01298193268313,124.87010719872306,123.01298193268313,124.48983001708984,37410,0.0,0.0
2011-12-14,124.7197533385704,125.62179320502959,122.95989375977095,125.22383880615234,221390,0.0,0.0
2011-12-15,123.80888821825671,127.58504959316305,123.80888821825671,125.73676300048828,185795,0.0,0.0
2011-12-16,126.78031394593917,126.81568197991002,125.4007312213899,125.62181854248047,366520,0.0,0.0
2011-12-19,124.33950399225837,126.10820240754457,124.33950399225837,125.48030853271484,77035,0.0,0.0
2011-12-20,124.22453553933525,126.80683363259874,124.21569690504431,125.6483383178711,189410,0.0,0.0
2011-12-21,125.93128983209473,126.52380203165114,123.8088576696809,124.7551040649414,399950,0.0,0.0
2011-12-22,125.49802385543293,126.6388286191472,123.80891329968873,125.0293197631836,544270,0.0,0.0
2011-12-23,128.2306285477785,128.2306285477785,111.78173547657666,116.59259033203125,493735,0.0,0.0
2011-12-26,119.90892533382423,120.21845300449583,115.84976504893785,118.06063842773438,1164485,0.0,0.0
2011-12-27,118.51164042414202,119.2102839018343,115.6728868334956,115.95587158203125,73255,0.0,0.0
2011-12-28,114.61167980130028,118.9449861673789,114.61167980130028,117.46812438964844,663005,0.0,0.0
2011-12-29,117.61846317760552,124.89666802081398,117.26472883636556,122.73885345458984,630655,0.0,0.0
2011-12-30,120.52797717960547,125.04698928046861,118.5028096666658,124.57828521728516,243480,0.0,0.0
2012-01-02,123.78235419950751,126.285063965756,122.69460850055555,124.87895202636719,118290,0.0,0.0
2012-01-03,124.87896140228442,126.1701037285914,122.87148486063907,123.35787963867188,204505,0.0,0.0
2012-01-04,123.27827757030045,123.80889250725662,122.07556207475173,122.43814849853516,240655,0.0,0.0
2012-01-05,123.41979076779354,123.63203946561252,120.30687733694836,122.25245666503906,79615,0.0,0.0
2012-01-06,123.80005579955738,128.23947929851633,120.10346893452103,120.34224700927734,451175,0.0,0.0
2012-01-09,121.98710615005845,122.92451395352651,120.28915764855296,122.60614776611328,24160,0.0,0.0
2012-01-10,123.54357476585307,123.54357476585307,119.93542857923238,121.01433563232422,275730,0.0,0.0
2012-01-11,121.50074971261662,121.59802867532086,120.13885772885678,120.44837188720703,886595,0.0,0.0
2012-01-12,120.50142596748456,120.5191167311288,119.04225507815917,120.18305969238281,2954355,0.0,0.0
2012-01-13,119.21026990817177,120.22726604829808,118.50278787873299,119.20143127441406,803385,0.0,0.0
2012-01-16,118.85654809018354,119.52866223720196,116.73411503268395,117.41505432128906,387620,0.0,0.0
2012-01-17,117.97218079194641,118.8388527450719,116.20348234832444,117.55654907226562,685085,0.0,0.0
2012-01-18,116.22116526677705,118.04292238169273,114.61165680864568,114.9919204711914,360260,0.0,0.0
2012-01-19,116.53068451810094,116.53068451810094,114.08104694670135,115.15111541748047,1290130,0.0,0.0
2012-01-20,114.62933260767697,116.63680895832427,113.99260013957824,114.86811065673828,821340,0.0,0.0
2012-01-23,114.61167939225041,116.08852767060998,112.26814555438828,113.0286865234375,644860,0.0,0.0
2012-01-24,113.19670447816557,113.72731942804646,111.33957239473054,111.75521087646484,514870,0.0,0.0
2012-01-25,111.78174505366053,113.17901846925548,109.65930553265099,112.5511245727539,345745,0.0,0.0
2012-01-27,113.17016629964739,116.99940686586217,112.84296139975584,115.94702911376953,654985,0.0,0.0
2012-01-30,117.44157965845491,117.49463845284481,113.29397963840003,115.92933654785156,242060,0.0,0.0
2012-01-31,115.68174411654023,117.96336721271517,114.61168888756701,117.01712036132812,430325,0.0,0.0
2012-02-01,117.79531211806268,118.04292881742919,115.68171804512129,115.9116439819336,175465,0.0,0.0
2012-02-02,117.49466409470429,118.06064718187959,116.05318372083195,117.75997161865234,361210,0.0,0.0
2012-02-03,118.03409779528089,120.62523467150484,116.95519060956266,120.07694244384766,2364120,0.0,0.0
2012-02-06,120.97899519104756,122.04021172461545,117.6715237255623,119.2721939086914,570915,0.0,0.0
2012-02-07,119.38714603896717,119.98849703814439,115.15111916506191,116.76062774658203,2001080,0.0,0.0
2012-02-08,117.08784353977086,118.10485334527914,114.78854342446878,117.94566345214844,1597285,0.0,0.0
2012-02-09,117.43274083694149,119.4225130938829,115.93818849154933,119.11299896240234,4907955,0.0,0.0
2012-02-10,120.26267368518975,125.41843204588365,120.26267368518975,122.98645782470703,1097025,0.0,0.0
2012-02-13,123.80007466375785,126.28509426450263,123.45517894504417,125.0293197631836,1378160,0.0,0.0
2012-02-14,126.00209724226552,129.96399222312442,123.80891453457274,128.20413208007812,985035,0.0,0.0
2012-02-15,129.09726585620717,129.8047477693545,125.59525130197542,127.22245025634766,1633040,0.0,0.0
2012-02-16,127.44354945378406,127.44354945378406,124.74628199757278,125.99321746826172,393110,0.0,0.0
2012-02-17,125.93132510678319,127.87690421041673,125.57759081199438,126.15241241455078,207210,0.0,0.0
2012-02-21,127.17825685883942,127.17825685883942,123.56127185332869,125.63064575195312,203030,0.0,0.0
2012-02-22,125.05582758251624,127.12520153765871,121.34156352336606,122.57080841064453,161090,0.0,0.0
2012-02-23,122.04901428884615,123.80887385364045,120.280316090937,122.80955505371094,575300,0.0,0.0
2012-02-24,123.18985932160976,124.51638326227153,121.15585324710851,123.22522735595703,252530,0.0,0.0
2012-02-27,121.916392758975,125.0469832850561,121.20891063337893,122.07556915283203,1476865,0.0,0.0
2012-02-28,122.07555611836813,123.76466630802753,120.49257700738059,122.51773071289062,122235,0.0,0.0
2012-02-29,121.56265597358036,129.60138755842777,121.56265597358036,128.42520141601562,518350,0.0,0.0
2012-03-01,129.08845403109163,129.11498342761058,124.70207605395603,125.73676300048828,39825,0.0,0.0
2012-03-02,125.75444949892423,127.34628070657593,125.09118762024416,125.30343627929688,105430,0.0,0.0
2012-03-05,118.32592876029133,125.99323490596935,118.32592876029133,122.78304290771484,57000,0.0,0.0
2012-03-06,121.5184207231204,124.48982093193418,121.15583433070067,123.27826690673828,125790,0.0,0.0
2012-03-07,122.102090987986,126.4088809076822,122.102090987986,123.61433410644531,61635,0.0,0.0
2012-03-09,122.55314346740282,126.81570062789764,121.70416209217044,123.81775665283203,1203260,0.0,0.0
2012-03-12,125.51568938060976,126.09051096483763,123.65855065693854,124.0741958618164,191940,0.0,0.0
2012-03-13,123.6320167395754,127.3462805570018,123.6320167395754,125.3653335571289,640965,0.0,0.0
2012-03-14,125.23267239965118,133.34215175596285,125.23267239965118,132.21902465820312,729530,0.0,0.0
2012-03-15,132.52856477030028,134.96936357768806,129.11497649578482,133.51019287109375,268510,0.0,0.0
2012-03-16,133.6516741980244,136.93260156659056,121.09392057913836,126.42654418945312,1345525,0.0,0.0
2012-03-19,126.4619309836433,126.4619309836433,122.8360939983614,123.85310363769531,177305,0.0,0.0
2012-03-20,123.1810036651596,128.21293911637062,123.1810036651596,125.30343627929688,266805,0.0,0.0
2012-03-21,123.81772218311343,129.1149785585624,123.80888354930642,127.54969024658203,946780,0.0,0.0
2012-03-22,128.23062613456074,128.929269516402,127.34627698880513,127.42586517333984,241590,0.0,0.0
2012-03-23,127.3551181673165,137.07412033125956,127.34627953355727,133.12107849121094,277230,0.0,0.0
2012-03-26,134.0673503161414,134.0673503161414,128.23063992864633,129.41566467285156,256590,0.0,0.0
2012-03-27,128.23063742985084,130.77756751208622,127.8769031380285,129.592529296875,68490,0.0,0.0
2012-03-28,130.83063434006365,132.5993328959783,129.46872889531386,131.0251922607422,187355,0.0,0.0
2012-03-29,129.14153357281873,137.94965897291792,127.39936428631187,131.9803009033203,505825,0.0,0.0
2012-03-30,132.28976944870718,136.01288483870286,130.93671649914495,134.15574645996094,417390,0.0,0.0
2012-04-02,135.11086960002174,136.10133638520335,131.78572146827068,132.6789093017578,163715,0.0,0.0
2012-04-03,132.91770400909496,134.24422797426737,130.03471662189654,130.79525756835938,237635,0.0,0.0
2012-04-04,130.19390852986126,131.76804924670327,129.30955920605788,129.72520446777344,62700,0.0,0.0
2012-04-09,129.64560292925478,129.64560292925478,127.16942237853522,127.64696502685547,293620,0.0,0.0
2012-04-10,130.1762193375149,130.1762193375149,125.29460723280438,127.7796401977539,225230,0.0,0.0
2012-04-11,129.69864522531864,129.69864522531864,125.93130933651602,128.44287109375,288845,0.0,0.0
2012-04-12,128.23062341178675,129.46870679191701,126.14355893235518,126.5592041015625,125725,0.0,0.0
2012-04-13,129.01768062082218,129.10612092226498,125.40069629379539,125.82518005371094,62165,0.0,0.0
2012-04-16,125.93132124314025,127.16057959094819,122.2612774444365,124.01229858398438,671430,0.0,0.0
2012-04-17,125.33883068360053,126.46194453116813,122.93338611609421,124.39257049560547,78345,0.0,0.0
2012-04-18,126.44425580474027,127.52316300184665,124.21570534319841,126.9483413696289,87680,0.0,0.0
2012-04-19,125.77215054130018,133.53673582286328,124.51637623431078,131.37892150878906,948750,0.0,0.0
2012-04-20,129.1326685589748,129.87551861730782,127.45239705282464,128.3367462158203,783355,0.0,0.0
2012-04-23,128.8939067118288,129.94628450715962,125.77215485349905,129.1061553955078,1009430,0.0,0.0
2012-04-24,127.8769199778012,130.2911898979583,127.34630497609412,129.0796356201172,133835,0.0,0.0
2012-04-25,130.49457673903993,131.77688048778205,128.49595223726732,129.1061553955078,85115,0.0,0.0
2012-04-26,128.60208224355722,130.17622302399255,128.60208224355722,129.84017944335938,54925,0.0,0.0
2012-04-27,129.13269348100894,130.68914345039417,128.24834414733778,129.84901428222656,29100,0.0,0.0
2012-04-30,129.8224641335007,130.7775628805135,128.24832365067337,129.26531982421875,53970,0.0,0.0
2012-05-02,129.70752188549042,130.88370817964008,125.92250762036402,128.080322265625,209770,0.0,0.0
2012-05-03,127.92110265617822,130.17619574930976,127.56736838412122,129.99932861328125,291710,0.0,0.0
2012-05-04,129.1149947848064,130.17621122120417,128.76126047070687,129.9551239013672,50090,0.0,0.0
2012-05-07,128.25717735786895,131.92722153973133,128.25717735786895,131.31703186035156,72505,0.0,0.0
2012-05-08,132.112948193673,132.82926900452182,130.00819243312452,130.9102325439453,65820,0.0,0.0
2012-05-09,130.0435891312101,130.88371840866157,128.27489023379576,129.92861938476562,54235,0.0,0.0
2012-05-10,128.2925589320674,135.12858942941347,126.34699297377169,134.2176971435547,2875105,0.0,0.0
2012-05-11,134.05849536474543,136.33127934313663,132.6523833399258,135.4027099609375,758045,0.0,0.0
2012-05-14,136.89726397520946,136.89726397520946,134.42108342384526,135.4822998046875,872065,0.0,0.0
2012-05-15,136.18983412624044,143.26463070422696,135.48235176962106,141.9911651611328,797210,0.0,0.0
2012-05-16,141.67273359884265,143.08769766112744,136.54350574068212,138.37411499023438,509855,0.0,0.0
2012-05-17,138.84281817640496,141.84959992398754,136.19860932905573,139.14349365234375,616680,0.0,0.0
2012-05-18,136.36664974992127,140.93873368938424,136.36664974992127,139.45303344726562,892765,0.0,0.0
2012-05-21,141.35437170244944,141.35437170244944,134.69522336189482,135.5884246826172,74395,0.0,0.0
2012-05-22,133.5367197493828,136.86186764818126,130.53877671331614,131.51156616210938,537170,0.0,0.0
2012-05-23,131.0694252492473,131.5911881357154,128.77895013968825,130.1762237548828,128870,0.0,0.0
2012-05-24,130.07893474912012,132.82926160027006,128.5843822793754,131.31703186035156,219360,0.0,0.0
2012-05-25,130.73333935937725,135.30542294685173,130.72450072555648,131.7945556640625,42535,0.0,0.0
2012-05-28,133.89045750855578,133.89045750855578,131.23741002692708,132.69659423828125,17935,0.0,0.0
2012-05-29,132.705426340396,133.36868817815815,128.76123683519785,129.6809539794922,331090,0.0,0.0
2012-05-30,131.93606134523273,131.93606134523273,129.2918523385092,129.46871948242188,22455,0.0,0.0
2012-05-31,129.29186827964463,129.82248327090343,128.31909212113658,129.25650024414062,14050,0.0,0.0
2012-06-01,130.83946579838494,130.83946579838494,128.41635754591346,128.82315063476562,31135,0.0,0.0
2012-06-04,127.62044196204802,128.92928860732076,126.46194656862208,126.9483413696289,267515,0.0,0.0
2012-06-05,126.64767282192395,129.99935082762687,126.62998205706884,129.16806030273438,227490,0.0,0.0
2012-06-06,129.97283325161163,130.68030198097983,126.47965579747729,128.0714874267578,526800,0.0,0.0
2012-06-07,126.99255887568036,130.76872049245873,126.10820961747673,129.75172424316406,499905,0.0,0.0
2012-06-08,129.90206199776682,132.2809636613904,128.42520035585864,129.75172424316406,170340,0.0,0.0
2012-06-11,131.76806051864318,131.76806051864318,126.99257915923208,128.32794189453125,478835,0.0,0.0
2012-06-12,128.2394917439721,130.54764403968966,127.65583144051129,128.398681640625,77405,0.0,0.0
2012-06-13,128.92045529964005,129.7871139389868,127.5497245159134,128.0714874267578,137690,0.0,0.0
2012-06-14,128.05377216260425,128.8673718410105,127.34629007448187,128.00955200195312,43630,0.0,0.0
2012-06-15,126.03746683945815,128.69051475682645,125.58644005728185,127.89459228515625,76960,0.0,0.0
2012-06-18,127.363990761525,129.12383724331633,126.46195069153124,127.87691497802734,327150,0.0,0.0
2012-06-19,129.07965523929627,130.35310714756872,127.08986892161161,127.48782348632812,62460,0.0,0.0
2012-06-20,127.54082372677505,132.12174542401436,127.52313296705982,131.7503204345703,1884430,0.0,0.0
2012-06-21,132.60815394094175,136.98567958734947,131.76802493714183,135.385009765625,409250,0.0,0.0
2012-06-22,135.2965975461899,141.03601558195282,133.71360482110396,138.6748046875,581080,0.0,0.0
2012-06-25,139.18772700088422,140.50541223257994,136.941485858084,137.61358642578125,263700,0.0,0.0
2012-06-26,137.79045295744828,138.3122157705862,134.6156424236922,136.2074737548828,189265,0.0,0.0
2012-06-27,135.3231415962553,137.06531089889975,134.42110147903477,135.21701049804688,227315,0.0,0.0
2012-06-28,135.43808742617585,137.23331539289242,134.60681043438674,135.42041015625,80805,0.0,0.0
2012-06-29,136.01292146986378,137.71087046201797,135.12857219306898,136.2340087890625,332450,0.0,0.0
2012-07-02,136.48160667041589,137.60473387528373,135.48228780744785,136.71153259277344,51465,0.0,0.0
2012-07-03,137.2509976040728,137.5958932635236,132.60816415310512,133.56326293945312,338980,0.0,0.0
2012-07-04,134.25304617262776,136.89725506522873,133.55441626139074,134.73944091796875,341825,0.0,0.0
2012-07-05,134.4564691267427,135.8360654466597,134.42110109017565,135.30545043945312,700050,0.0,0.0
2012-07-06,134.42106708403233,136.54349958772045,134.42106708403233,135.82717895507812,45820,0.0,0.0
2012-07-09,135.30544616066808,138.11767052527097,133.84627517814394,136.94149780273438,573635,0.0,0.0
2012-07-10,135.85374949383677,138.32993049413759,134.06737343494976,135.03131103515625,317995,0.0,0.0
2012-07-11,135.31426798885005,135.96869126321172,134.50066833359122,135.3231201171875,78100,0.0,0.0
2012-07-12,135.3054331265963,138.66596292267786,135.3054331265963,137.95848083496094,899920,0.0,0.0
2012-07-13,137.94966903583517,138.84285708019442,137.04762886116967,138.43605041503906,531395,0.0,0.0
2012-07-16,138.43603891328434,142.23874375122506,137.13604431177785,141.4605255126953,243275,0.0,0.0
2012-07-17,142.34481869292864,149.86178507228985,142.02645251827425,147.2971649169922,5003280,0.0,0.0
2012-07-18,147.68629214401156,154.67264427893429,147.33255791974798,153.92979431152344,3372570,0.0,0.0
2012-07-19,152.9924202081441,159.89034705507666,151.2148830740059,154.52235412597656,3010620,0.0,0.0
2012-07-20,155.11488814457783,157.41420211239964,153.6999371209274,155.8312225341797,1086080,0.0,0.0
2012-07-23,155.24752029075782,157.41417334870383,151.40059548824811,152.19651794433594,622180,0.0,0.0
2012-07-24,152.10809701617816,154.58427803851754,149.9768117205649,151.1176300048828,389350,0.0,0.0
2012-07-25,151.57747242801895,153.69991895377646,149.98565440132595,152.1257781982422,94560,0.0,0.0
2012-07-26,153.53533066772752,156.81835723537938,152.89299701530842,155.2749786376953,1134820,1.5,0.0
2012-07-27,156.64883856858918,158.79887150035714,152.73239503508677,153.5442352294922,177475,0.0,0.0
2012-07-30,155.23038248006455,156.47935712386354,152.0900858734808,154.8110809326172,88905,0.0,0.0
2012-07-31,154.68616214259222,159.9586449152921,153.68696895250307,157.33578491210938,489315,0.0,0.0
2012-08-01,160.54747284058107,162.18898623835477,158.43311874926354,161.15411376953125,770915,0.0,0.0
2012-08-02,161.7964342703926,162.7242419721744,158.44203582511827,159.89620971679688,131985,0.0,0.0
2012-08-03,158.46878966329427,160.58312985022607,158.46878966329427,160.17274475097656,65595,0.0,0.0
2012-08-06,160.04783792557794,162.367377332592,155.62288845220922,161.1273193359375,684740,0.0,0.0
2012-08-07,160.9221403660291,165.93589809206972,157.03245962968148,157.98703002929688,722530,0.0,0.0
2012-08-08,157.73725456995206,160.58314696363368,156.12250399242163,160.08355712890625,471085,0.0,0.0
2012-08-09,157.9335417219205,162.1800830205696,155.05196984983974,155.78350830078125,194590,0.0,0.0
2012-08-10,155.58720061443788,157.4339130920641,153.6245206917512,156.3276824951172,219270,0.0,0.0
2012-08-13,157.0145962572699,157.88887826575507,156.14031424878468,156.9967498779297,142840,0.0,0.0
2012-08-14,156.12251786790966,156.83622352929504,153.10711859527814,155.06088256835938,283005,0.0,0.0
2012-08-16,155.06083598087858,155.17681702968852,151.84025189253296,154.18655395507812,465130,0.0,0.0
2012-08-17,154.3382611862217,156.97003806192322,154.3382611862217,156.25633239746094,77795,0.0,0.0
2012-08-21,156.47934584985163,158.62046258713315,151.84028000494413,153.95462036132812,291750,0.0,0.0
2012-08-22,154.33822880708084,158.77210849247015,154.33822880708084,156.6131591796875,226630,0.0,0.0
2012-08-23,157.0146068805496,158.3884787011225,154.3917470648379,155.3998565673828,114420,0.0,0.0
2012-08-24,152.58965719379657,159.47689050789123,152.58965719379657,156.2206268310547,308850,0.0,0.0
2012-08-27,156.11361419077522,158.7096984963633,156.11361419077522,157.54994201660156,123705,0.0,0.0
2012-08-28,158.21896930856252,158.798847294575,156.6577446862844,157.2733154296875,425205,0.0,0.0
2012-08-29,157.28223541719024,158.62042798123986,156.64881828057534,157.26438903808594,262500,0.0,0.0
2012-08-30,156.7023584780221,160.04784020140258,156.65776294528365,159.6909942626953,377940,0.0,0.0
2012-08-31,160.38684857993434,164.77611883632648,158.8077774420958,161.83209228515625,673520,0.0,0.0
2012-09-03,161.84102632884722,163.70557153318865,158.46878185713302,161.3860321044922,516180,0.0,0.0
2012-09-04,159.6909770097016,162.34951572040242,159.6909770097016,161.0380859375,362860,0.0,0.0
2012-09-05,163.07217838111825,163.07217838111825,158.5401639052473,161.0470428466797,156965,0.0,0.0
2012-09-06,159.87839781542172,161.47530227368784,157.01465856446995,158.0762939453125,111280,0.0,0.0
2012-09-07,160.0389309212216,162.17111748972093,156.12248735438646,160.17274475097656,206915,0.0,0.0
2012-09-10,162.01057953768785,164.15168300127863,160.6813028562529,163.31307983398438,550100,0.0,0.0
2012-09-11,165.03487422817634,170.61067796512046,164.14274563026527,168.84425354003906,934285,0.0,0.0
2012-09-12,171.25300515437112,172.35923586166277,164.15165579449817,167.42576599121094,1158460,0.0,0.0
2012-09-13,168.92454686006684,168.96914239745047,162.7777816778877,164.0713653564453,166555,0.0,0.0
2012-09-14,165.92700214375444,165.93591852908813,159.15573576772502,160.08355712890625,653590,0.0,0.0
2012-09-17,163.25954243136312,163.25954243136312,153.81190332494873,154.95382690429688,472460,0.0,0.0
2012-09-18,154.8646053281076,158.07627383528663,148.12903146150876,150.10955810546875,786820,0.0,0.0
2012-09-20,149.51181882808507,150.92138355554297,146.69270298597044,149.26202392578125,853720,0.0,0.0
2012-09-21,150.41288391220658,155.58721878180557,150.41288391220658,153.6334686279297,554375,0.0,0.0
2012-09-24,154.5166180962352,155.31954173006216,146.6658863713351,147.85243225097656,823735,0.0,0.0
2012-09-25,150.21657446836704,150.21657446836704,146.30904797726896,148.56613159179688,1542605,0.0,0.0
2012-09-26,149.5028977861802,153.33012311588695,148.2806860799234,151.05520629882812,482060,0.0,0.0
2012-09-27,153.02679615850147,153.44609763058583,149.13711546474903,150.62696838378906,332965,0.0,0.0
2012-09-28,147.91488220764538,157.5677038143258,147.91488220764538,155.87266540527344,1003595,0.0,0.0
2012-10-01,157.014623529796,159.23602850193396,150.86785841453366,151.7153778076172,536365,0.0,0.0
2012-10-03,152.56290148478877,154.32932585031847,152.01870251389758,153.40150451660156,329610,0.0,0.0
2012-10-04,153.3925964709284,153.4015128564829,147.73650431042822,148.15579223632812,326795,0.0,0.0
2012-10-05,152.51828201095014,152.51828201095014,145.2474271564797,146.20201110839844,408720,0.0,0.0
2012-10-08,147.23689076518707,151.30500841177968,145.50617280279806,150.04710388183594,1388670,0.0,0.0
2012-10-09,151.30500762443734,153.44611070072222,150.59130206140858,152.47369384765625,188670,0.0,0.0
2012-10-10,151.67077584789448,153.44611663280125,150.81434002939207,152.92868041992188,2128400,0.0,0.0
2012-10-11,154.7129306582119,154.7129306582119,147.03170334036372,147.24581909179688,356180,0.0,0.0
2012-10-12,148.61971579541407,150.76974921400017,147.7365171009701,150.23446655273438,383450,0.0,0.0
2012-10-15,152.50937925298052,152.55398840489906,150.37719247417266,151.75999450683594,350355,0.0,0.0
2012-10-16,153.08034232782242,153.08034232782242,151.3050151362111,151.69754028320312,232835,0.0,0.0
2012-10-17,152.9019052695521,154.83782250885875,150.6805003719952,154.3560791015625,218880,0.0,0.0
2012-10-18,155.1144000844216,156.32770917495705,153.69591883397868,154.87353515625,309545,0.0,0.0
2012-10-19,153.44611400283117,155.94407672078643,151.48343387186694,151.8224334716797,341615,0.0,0.0
2012-10-22,151.68859368169913,153.91891472461396,151.68859368169913,153.50852966308594,181065,0.0,0.0
2012-10-23,151.71538367728508,155.2303724498883,151.71538367728508,154.3917694091797,402805,0.0,0.0
2012-10-25,152.01867776610027,157.37144830170664,152.01867776610027,156.28305053710938,880585,0.0,0.0
2012-10-29,153.45501639754292,154.91810657408763,152.0632981336102,152.99111938476562,309130,0.0,0.0
2012-10-30,150.95703993531012,154.69504618410335,150.95703993531012,153.36578369140625,95575,0.0,0.0
2012-10-31,153.45503199274964,156.3366171045044,152.5539870284534,155.44448852539062,139805,0.0,0.0
2012-11-01,155.3017243890894,156.35442944071949,153.49070469919695,154.28469848632812,146370,0.0,0.0
2012-11-02,151.66186246978256,155.89947333290885,151.66186246978256,154.99842834472656,151350,0.0,0.0
2012-11-05,156.47045095028398,162.01057612449296,154.6148216349574,158.73646545410156,840830,0.0,0.0
2012-11-06,158.79888028879984,160.31549608585172,157.03246958930652,158.40634155273438,410725,0.0,0.0
2012-11-07,159.5750496365767,162.01057068842385,151.8402957598739,153.42828369140625,2896390,0.0,0.0
2012-11-08,151.47452389617365,151.48344028164016,147.21906662665725,147.89707946777344,1387995,0.0,0.0
2012-11-09,148.87841116969273,151.66184778470395,147.2012052028009,150.5288543701172,298335,0.0,0.0
2012-11-12,151.65291133299687,151.65291133299687,148.0933141230461,148.4323272705078,200085,0.0,0.0
2012-11-15,147.34395313231425,151.48342901898846,146.65701034400288,147.7721710205078,1372150,0.0,0.0
2012-11-16,149.27093758293046,149.27985396675052,145.25635959034415,146.16632080078125,177230,0.0,0.0
2012-11-19,143.81112444555475,147.2012157738151,140.3853539637093,141.9465789794922,1340100,0.0,0.0
2012-11-20,143.63270094107625,144.2571882226075,138.63677546322245,142.79409790039062,1945170,0.0,0.0
2012-11-21,142.03576919915167,144.62293612579012,141.15255717853,141.91085815429688,786120,0.0,0.0
2012-11-22,143.63268312320446,149.69915941867,143.11524697903826,145.80947875976562,1059005,0.0,0.0
2012-11-23,148.08442954542946,148.08442954542946,144.7389473331391,146.5588836669922,563610,0.0,0.0
2012-11-26,173.96503832153866,173.96503832153866,146.32690425003898,146.99598693847656,133275,0.0,0.0
2012-11-27,153.41936485714422,153.41936485714422,146.13067542837004,146.3358612060547,428110,0.0,0.0
2012-11-29,148.97656029862338,148.97656029862338,144.9352188165175,146.70162963867188,131340,0.0,0.0
2012-11-30,148.95873622590398,149.78840941672232,145.7203045562361,149.31558227539062,737455,0.0,0.0
2012-12-03,151.13550165300947,154.6594067199802,149.55643030029344,151.12657165527344,2240380,0.0,0.0
2012-12-04,151.12656548321235,152.5539765569356,150.05601398432034,152.2506561279297,116910,0.0,0.0
2012-12-05,152.20603752224264,152.55396707808416,150.14522295204284,151.30499267578125,136895,0.0,0.0
2012-12-06,152.2328328015096,152.8573201360412,148.5483371085686,149.6634979248047,209580,0.0,0.0
2012-12-07,151.11766592069972,152.01871092344916,149.78838938048307,151.42991638183594,966995,0.0,0.0
2012-12-10,153.15170694293852,153.15170694293852,149.868680404552,150.48423767089844,129500,0.0,0.0
2012-12-11,150.91246508221704,152.11683042748538,149.94896463832174,150.9302978515625,635540,0.0,0.0
2012-12-12,151.3585454614379,153.0535844001982,150.2344546841441,151.13551330566406,703605,0.0,0.0
2012-12-13,151.99192641117983,156.65776821282378,150.52884984560487,153.31228637695312,573310,0.0,0.0
2012-12-14,150.24337649825102,157.0146291116171,150.24337649825102,153.83865356445312,406305,0.0,0.0
2012-12-17,154.68618686283224,156.6577971789563,150.96601200701727,155.3017578125,766795,0.0,0.0
2012-12-18,155.62293166989295,156.47936759357097,154.67727743163016,155.78350830078125,212355,0.0,0.0
2012-12-19,156.64883392657316,158.79886679462862,155.51584057706347,158.31712341308594,336540,0.0,0.0
2012-12-20,158.25469741484753,158.7721336547113,157.01463916143692,158.201171875,144875,0.0,0.0
2012-12-21,158.6561130903323,159.67313893272677,157.1127347533651,158.21897888183594,759195,0.0,0.0
2012-12-24,158.4420344433262,159.99432939361583,155.64075136703664,156.91648864746094,375555,0.0,0.0
2012-12-26,158.3974180809766,158.78995679947923,154.35607706032096,157.92459106445312,715300,0.0,0.0
2012-12-27,158.4420488878328,160.56530575383914,157.55883665046557,158.93270874023438,183495,0.0,0.0
2012-12-28,160.27980212287014,161.8320969284845,157.3714546359375,160.85968017578125,722280,0.0,0.0
2012-12-31,160.85967362491635,162.36737283644555,158.79885914773246,160.93104553222656,105670,0.0,0.0
2013-01-01,158.8077975428003,162.1889723546692,158.8077975428003,160.4225616455078,178205,0.0,0.0
2013-01-02,160.58314437766407,162.33172238385367,156.81836068156358,157.16629028320312,575240,0.0,0.0
2013-01-03,157.7372610069405,159.51260188254028,156.9967926099658,158.29039001464844,987255,0.0,0.0
2013-01-04,158.97731199110987,161.83212075611257,157.03247819935245,158.8881072998047,753900,0.0,0.0
2013-01-07,162.25143451363266,162.25143451363266,158.82566373737905,160.44041442871094,897130,0.0,0.0
2013-01-08,162.16218029448305,162.56364899152868,159.33414832398805,159.6909942626953,394590,0.0,0.0
2013-01-09,160.5920431630958,162.95619180835402,158.60260045958597,160.7347869873047,1149260,0.0,0.0
2013-01-10,160.7258684803698,161.38603483621634,153.66021262895177,154.63262939453125,717140,0.0,0.0
2013-01-11,155.43556535716687,156.6934562530949,150.88570435711702,153.3836669921875,306700,0.0,0.0
2013-01-14,151.90270796904431,156.55963338186166,151.6618430783127,155.47122192382812,588930,0.0,0.0
2013-01-15,155.59616436899515,156.6577996627554,153.9278745018848,155.2660675048828,263280,0.0,0.0
2013-01-16,156.5061162714264,156.5061162714264,153.98139087903752,155.31065368652344,151140,0.0,0.0
2013-01-17,155.26604815949946,157.72833169042144,154.40068236969012,156.5328826904297,286865,0.0,0.0
2013-01-18,155.72102130560953,157.90673325236196,154.3738986543722,157.1573486328125,116520,0.0,0.0
2013-01-21,157.86215759292034,158.7453698329603,154.79323294250543,156.77377319335938,80780,0.0,0.0
2013-01-22,157.00570057131955,158.263591418248,155.40878292343058,157.30902099609375,3138525,0.0,0.0
2013-01-23,157.5409611815169,159.69099403305628,156.12248019991537,156.39012145996094,144245,0.0,0.0
2013-01-24,157.09492704021216,157.09492704021216,154.17767622410466,155.10548400878906,472040,0.0,0.0
2013-01-25,156.8718925851318,157.6391237394761,152.55399335035798,154.64157104492188,664915,0.0,0.0
2013-01-28,153.68696544241584,156.122486025632,151.48342059200192,153.5442352294922,222390,0.0,0.0
2013-01-29,153.74054513367258,154.13307033873647,151.536986089299,151.9206085205078,1218215,0.0,0.0
2013-01-30,152.0632931154912,154.49879999700127,151.58154973725846,153.32119750976562,309295,0.0,0.0
2013-01-31,153.80296111860466,155.65859019096075,152.25958249309375,154.48098754882812,171040,0.0,0.0
2013-02-01,153.64238568752526,154.3382448933962,151.8581285211276,152.6967315673828,478730,0.0,0.0
2013-02-04,152.55398296343932,154.11520793528737,151.66185440809755,151.85812377929688,149980,0.0,0.0
2013-02-05,154.69509140170408,154.69509140170408,151.66185965374984,151.84921264648438,292890,0.0,0.0
2013-02-06,153.08926131784918,154.00815261547376,148.2717590842435,149.67239379882812,582400,0.0,0.0
2013-02-07,151.63512724884018,151.63512724884018,143.99850719986048,145.01553344726562,785295,0.0,0.0
2013-02-08,146.06819136111415,149.87756979211517,139.17202909267837,141.0098114013672,2870090,0.0,0.0
2013-02-11,139.18093834118352,139.18093834118352,128.46648180769108,132.2847900390625,1693045,0.0,0.0
2013-02-12,133.99772422740506,135.58571217946562,132.39188989026425,134.67575073242188,285935,0.0,0.0
2013-02-13,136.6651509632724,139.97493968446938,134.2385606406444,135.83546447753906,953975,0.0,0.0
2013-02-14,135.96930317891267,136.74545059057004,129.35862795890617,132.2223663330078,359450,0.0,0.0
2013-02-15,132.21346663174094,134.6935832539512,129.59952254088282,134.03341674804688,329050,0.0,0.0
2013-02-18,134.18505909102373,135.42511723672703,132.11531431133974,134.73817443847656,213225,0.0,0.0
2013-02-19,134.89877690561704,138.8152210692669,134.0869365805883,137.7535858154297,616765,0.0,0.0
2013-02-20,137.3966949658975,138.81518951906457,136.99523989389908,137.958740234375,1168615,0.0,0.0
2013-02-21,136.49566800216934,138.45834808748342,136.49566800216934,137.5751495361328,270765,0.0,0.0
2013-02-22,136.54027765489357,139.261272462025,136.54027765489357,138.5386505126953,203835,0.0,0.0
2013-02-25,139.17203581018262,141.31313860829636,137.56620190519752,138.19068908691406,1586320,0.0,0.0
2013-02-26,136.49565764710917,139.6002609506358,135.0682466318232,136.5135040283203,268775,0.0,0.0
2013-02-27,134.95226290031619,138.27991187107486,134.95226290031619,135.81764221191406,221085,0.0,0.0
2013-02-28,135.96931144266188,138.71706892673808,134.01554779945695,135.71058654785156,232555,0.0,0.0
2013-03-01,135.96038070454935,138.2799202965801,132.76657258922216,137.1469268798828,361605,0.0,0.0
2013-03-04,137.14693031273654,138.96685293266341,134.9076789642079,136.81683349609375,290805,0.0,0.0
2013-03-05,137.36102743276285,137.40563658071227,134.91660403362295,135.6570587158203,260670,0.0,0.0
2013-03-06,134.74709431404318,136.8525183008002,130.4738044187805,131.6068115234375,587030,0.0,0.0
2013-03-07,133.81034493227074,136.48673015858577,129.71546519028138,130.25074768066406,711390,0.0,0.0
2013-03-08,130.25968106881743,133.62300942053412,128.4665076337053,132.64166259765625,1201025,0.0,0.0
2013-03-11,134.39914775648765,135.53215471819476,133.31076355337382,134.2385711669922,259255,0.0,0.0
2013-03-12,135.05934011108639,136.69193698472918,134.06014688229436,134.71141052246094,219460,0.0,0.0
2013-03-13,134.8987411872125,137.20935047329021,132.74870847879313,135.71949768066406,399900,0.0,0.0
2013-03-14,135.7908813556875,136.67407983495713,133.471341872385,135.2288360595703,173745,0.0,0.0
2013-03-15,135.9514709648305,135.9514709648305,131.59787922789803,132.5435333251953,198860,0.0,0.0
2013-03-18,132.57920991216233,133.64084494901863,131.1428825586744,131.75845336914062,73425,0.0,0.0
2013-03-19,132.58814710232326,133.26617354502656,130.95556375680832,131.66033935546875,115355,0.0,0.0
2013-03-20,131.66034317182005,132.5703181744133,130.5095032434128,130.98233032226562,909570,0.0,0.0
2013-03-21,133.6140578669836,133.6140578669836,129.59948015110663,130.69680786132812,402270,0.0,0.0
2013-03-22,130.51842680979726,131.15183054070772,127.57439948376513,129.65306091308594,468030,0.0,0.0
2013-03-25,130.50951127613007,130.66117151709642,129.18023465193824,129.4478759765625,1452050,0.0,0.0
2013-03-26,131.14287841271283,133.78358453909036,127.80631320418975,131.3837432861328,339795,0.0,0.0
2013-03-28,131.32131684064504,133.819279446201,129.44785509607885,132.52569580078125,320875,0.0,0.0
2013-04-01,134.17614842724296,134.17614842724296,131.4194740648902,131.83877563476562,65370,0.0,0.0
2013-04-02,130.6165244116047,133.81926215203833,130.6075944152697,133.11448669433594,133210,0.0,0.0
2013-04-03,134.71142490873297,136.7722398931956,132.86472569890643,135.32699584960938,248155,0.0,0.0
2013-04-04,133.9977087103245,137.38780000442256,133.18588205602765,135.4340362548828,128495,0.0,0.0
2013-04-05,135.6035345986315,135.96038056034968,133.56056628411346,134.51513671875,198310,0.0,0.0
2013-04-08,132.39185693897855,135.36265993288214,132.39185693897855,134.32777404785156,29525,0.0,0.0
2013-04-09,132.59703436508082,135.61241878011612,132.59703436508082,132.9984893798828,725865,0.0,0.0
2013-04-10,133.8192745584311,134.39915263639742,132.06178033020632,133.5873260498047,23730,0.0,0.0
2013-04-11,131.3213430083978,135.58571714080003,131.3213430083978,132.5614013671875,164005,0.0,0.0
2013-04-12,132.39185341155957,133.80141796284184,129.88497470424855,130.1883087158203,125210,0.0,0.0
2013-04-15,131.10723112096073,133.46245018958626,128.4665243529611,130.33106994628906,488650,0.0,0.0
2013-04-16,129.5459614539365,133.2750513583362,129.5459614539365,132.7843780517578,98940,0.0,0.0
2013-04-17,131.72279118435392,135.9604023187258,131.72279118435392,134.2118377685547,1223665,0.0,0.0
2013-04-18,132.44539887469892,136.8525020893623,132.44539887469892,136.25479125976562,128625,0.0,0.0
2013-04-22,137.20935210536564,139.1720318837302,136.4956466551969,137.4680633544922,164235,0.0,0.0
2013-04-23,142.38371964051362,142.38371964051362,136.21017819864136,137.0220184326172,81105,0.0,0.0
2013-04-25,135.60353516460313,139.88575478709816,135.60353516460313,139.1898956298828,287940,0.0,0.0
2013-04-26,137.9498346956673,140.33181616377163,137.58405874257545,138.17286682128906,31020,0.0,0.0
2013-04-29,137.0309488084078,139.1720518533387,136.5848845396471,138.48512268066406,1324195,0.0,0.0
2013-04-30,136.85250280147554,142.56213321673204,136.85250280147554,140.10877990722656,250655,0.0,0.0
2013-05-02,138.76166824410112,141.84843900709564,138.5475661049625,140.14447021484375,818690,0.0,0.0
2013-05-03,139.88573240651095,142.74054049382775,136.77219946638178,138.61891174316406,1376875,0.0,0.0
2013-05-06,140.22475998414842,140.22475998414842,137.9230802875186,139.00254821777344,32270,0.0,0.0
2013-05-07,139.3504816074361,139.3504816074361,136.13882688402893,138.3245391845703,155225,0.0,0.0
2013-05-08,139.5289059790412,144.57835706363772,138.7259956934603,142.20529174804688,739340,0.0,0.0
2013-05-09,141.5004878781709,144.52480264833707,137.0487622046298,138.19961547851562,297675,0.0,0.0
2013-05-10,136.36186536409414,142.68705402914796,136.36186536409414,140.47457885742188,544475,0.0,0.0
2013-05-13,142.56215522100123,145.68460536959034,140.18017345547094,143.6594696044922,321390,0.0,0.0
2013-05-14,143.63270626188083,151.12658114346672,143.63270626188083,148.4501953125,731840,0.0,0.0
2013-05-15,147.3350275513436,150.7697279830606,146.48750813435416,147.96844482421875,245100,0.0,0.0
2013-05-16,145.95223625551273,150.1630841014137,145.95223625551273,148.44126892089844,191785,0.0,0.0
2013-05-17,148.09331990801877,151.05519284032295,144.88165210344792,145.49722290039062,209610,0.0,0.0
2013-05-20,145.63108894129775,148.85167398340167,143.36507449710768,143.96279907226562,149080,0.0,0.0
2013-05-21,143.9984756115595,144.53374458536103,140.06418535459065,140.22476196289062,244375,0.0,0.0
2013-05-22,142.17849880433712,143.27582653795713,139.7073129366411,141.3577423095703,229990,0.0,0.0
2013-05-23,143.61482729695706,143.63267367669943,138.58322362074492,140.71542358398438,265860,0.0,0.0
2013-05-24,139.73409503659244,142.56214082345582,138.83303651537665,142.0536346435547,53180,0.0,0.0
2013-05-27,140.9563030852119,143.3382845481158,133.00743487833446,140.83140563964844,240540,0.0,0.0
2013-05-28,141.8484276694014,142.37478020311517,139.17204224167685,139.69839477539062,180235,0.0,0.0
2013-05-29,140.956333336367,142.5621677045319,139.5289219840419,140.5994873046875,312955,0.0,0.0
2013-05-30,140.2426036987099,147.68295245169736,136.59380123891836,138.3066864013672,2837975,0.0,0.0
2013-05-31,139.17205001990234,141.0455253691368,137.43240211721377,138.1639404296875,407460,0.0,0.0
2013-06-03,138.2977731334965,140.4031970788582,137.5662211804125,138.155029296875,221375,0.0,0.0
2013-06-04,137.92307754175155,146.8354329320513,137.92307754175155,145.31881713867188,4210690,0.0,0.0
2013-06-05,146.88005126910713,149.52075789873223,136.69194435240328,138.46728515625,4056495,0.0,0.0
2013-06-06,138.99363746065072,141.1347406379395,137.02202728121563,137.41456604003906,827805,0.0,0.0
2013-06-07,136.13881664998647,140.8670868828506,136.13881664998647,137.2628936767578,617710,0.0,0.0
2013-06-10,138.27990929082077,139.11851220908403,135.2823571642626,136.5224151611328,443835,0.0,0.0
2013-06-11,136.95486997743902,138.02701414904018,135.15295069677907,136.5314178466797,1298010,1.5,0.0
2013-06-12,135.50435283835768,137.84685389374437,135.3241636219947,135.57643127441406,193565,0.0,0.0
2013-06-13,134.24300716824558,135.14396694789824,131.9005062421266,133.58529663085938,416730,0.0,0.0
2013-06-14,133.30600336258556,137.74772808814697,133.30600336258556,136.18907165527344,1240735,0.0,0.0
2013-06-17,136.04490613381995,137.8288023781803,134.513277489771,135.3691864013672,126225,0.0,0.0
2013-06-18,134.79257344167345,140.819995684367,134.78356879431567,140.2163543701172,380110,0.0,0.0
2013-06-19,140.0451764446117,143.25259074212232,137.3062512877674,142.88319396972656,474930,0.0,0.0
2013-06-20,139.8739874520239,143.68504297096698,137.48644984799947,142.82012939453125,495255,0.0,0.0
2013-06-21,142.70303541136204,144.51395982825042,137.3062807595585,139.5947265625,450760,0.0,0.0
2013-06-24,138.56759951072712,142.17143817811896,137.53148764531986,138.16217041015625,102570,0.0,0.0
2013-06-25,141.45065909883422,141.45065909883422,135.33314938163585,136.36924743652344,114230,0.0,0.0
2013-06-26,136.0809487058002,137.87386347987933,135.50433504064,136.46836853027344,60405,0.0,0.0
2013-06-27,137.84684402369578,138.38742538163424,135.14396472911352,137.57655334472656,133190,0.0,0.0
2013-06-28,137.30624836897215,140.51367634585452,137.30624836897215,139.6127166748047,181130,0.0,0.0
2013-07-01,138.20722150519342,139.64876261834019,137.95495387252598,138.55860900878906,249040,0.0,0.0
2013-07-02,137.89190276809512,140.35151921966636,137.89190276809512,139.36947631835938,275450,0.0,0.0
2013-07-03,138.38741899643173,143.52288666967632,138.38741899643173,139.26133728027344,413710,0.0,0.0
2013-07-04,140.09025138958188,142.09938799664423,139.6758038115388,140.89210510253906,188705,0.0,0.0
2013-07-05,141.6939263160567,142.89221814979638,140.7389249529435,141.39662170410156,286385,0.0,0.0
2013-07-08,140.1893299259891,142.89220893165046,140.1893299259891,142.4237060546875,1578905,0.0,0.0
2013-07-09,141.45969516042356,144.15356994794587,141.45969516042356,142.95529174804688,95840,0.0,0.0
2013-07-10,142.56788822369646,145.95549223003894,142.40570830582286,143.5229034423828,225255,0.0,0.0
2013-07-11,143.43275860653347,144.33371816279,141.1082813016853,142.6309051513672,273500,0.0,0.0
2013-07-12,142.74805483523625,144.333738933319,140.04517577750536,140.4686279296875,935470,0.0,0.0
2013-07-15,139.6487231844843,141.81102049606238,139.0270589268291,140.36048889160156,1348670,0.0,0.0
2013-07-16,139.6487500285814,140.91008807820518,138.76581339384475,140.09022521972656,294520,0.0,0.0
2013-07-17,140.71190556996257,140.79298865866008,138.20723823700212,138.83792114257812,164390,0.0,0.0
2013-07-18,139.65774808633975,141.8110410643052,137.12605371134248,140.22535705566406,1760535,0.0,0.0
2013-07-19,139.6487555208772,140.9100936201086,139.1261972376087,139.66677856445312,107615,0.0,0.0
2013-07-22,138.78383241510605,140.5497195558861,136.765691394277,137.21617126464844,214425,0.0,0.0
2013-07-23,137.66665222442427,138.73879652400126,134.24300243299794,134.3961639404297,258900,0.0,0.0
2013-07-24,135.12591375343388,135.12591375343388,132.63026561886966,133.0086669921875,141630,0.0,0.0
2013-07-25,132.51315408078065,136.5854957665688,132.50413568536277,132.99066162109375,371735,0.0,0.0
2013-07-26,132.98166274032297,134.5853699731034,130.7382680450594,133.15284729003906,346420,0.0,0.0
2013-07-29,131.92755491701044,133.34205469989507,131.72032425808786,132.28793334960938,535620,0.0,0.0
2013-07-30,132.17077905708132,132.98165099767834,130.81933957030637,132.05364990234375,379420,0.0,0.0
2013-07-31,132.08067644212832,134.62137524196592,132.08067644212832,132.63926696777344,78260,0.0,0.0
2013-08-01,135.10793121767094,136.40530171989153,133.08077176428552,135.5493927001953,167545,0.0,0.0
2013-08-02,135.18899358188057,137.75672024752586,134.7024676889859,136.8467559814453,110235,0.0,0.0
2013-08-05,136.9458776490332,138.03604496082113,134.67545530185242,135.09890747070312,109280,0.0,0.0
2013-08-06,133.81953124769262,136.76567305416296,133.3870744794433,134.22496032714844,232540,0.0,0.0
2013-08-07,133.34203300026923,136.04491204757198,133.34203300026923,134.65744018554688,284340,0.0,0.0
2013-08-08,133.34204673871943,136.91885814631246,124.9991641689167,127.53986358642578,1027840,0.0,0.0
2013-08-12,129.68414730092422,129.68414730092422,123.44950754378695,124.46758270263672,331200,0.0,0.0
2013-08-13,124.51264791566868,125.9631938170249,120.8187207971457,121.90887451171875,259450,0.0,0.0
2013-08-14,123.17922718336514,124.67482377782468,121.98995362703178,123.38644409179688,208730,0.0,0.0
2013-08-16,121.85480530292274,123.92701546239095,118.74649693749775,120.44931030273438,120230,0.0,0.0
2013-08-19,119.28707078811703,121.44938253430234,116.95358822964748,117.21487426757812,864120,0.0,0.0
2013-08-20,117.53020595239555,120.548426853115,113.34074828189803,116.01658630371094,381180,0.0,0.0
2013-08-21,115.3228329474716,120.06187566478768,115.3228329474716,118.94469451904297,466990,0.0,0.0
2013-08-22,117.6653496988265,120.90879657371852,116.40399779118388,118.89065551757812,163125,0.0,0.0
2013-08-23,117.8995860523121,119.82763924667984,117.84553067030569,119.2780532836914,70130,0.0,0.0
2013-08-26,118.42216574935861,121.26920219558596,117.84555199104541,118.46721649169922,249830,0.0,0.0
2013-08-27,117.33199424995861,118.92668305633858,117.1427866598087,118.24195861816406,69510,0.0,0.0
2013-08-28,117.1427793607659,118.5662972795701,113.97139749422045,117.4581069946289,1027150,0.0,0.0
2013-08-29,117.30495337535777,119.83664800148549,116.59320124195723,118.04374694824219,610270,0.0,0.0
2013-08-30,119.44022211105313,119.46726355021733,117.36801201977947,117.85453796386719,88465,0.0,0.0
2013-09-02,119.64746226359804,119.64746226359804,116.6022137893983,117.2599105834961,410365,0.0,0.0
2013-09-03,118.63837385777474,118.63837385777474,115.50303776185186,115.88143920898438,133200,0.0,0.0
2013-09-04,116.2237886861427,116.7643699464946,114.6020586526395,115.37688446044922,1892430,0.0,0.0
2013-09-05,116.22381763945397,117.84554807695754,115.49404237946635,115.97154998779297,202300,0.0,0.0
2013-09-06,117.30495495477541,118.74649603234454,115.88143692125341,116.67428588867188,247055,0.0,0.0
2013-09-10,117.66535689713595,118.92669513438747,116.4220279578768,118.2149429321289,410510,0.0,0.0
2013-09-11,118.20592957499075,118.65640950000791,117.10675745814439,117.6473388671875,347465,0.0,0.0
2013-09-12,117.84554866369494,122.71072625287277,117.6653594469765,119.40420532226562,226655,0.0,0.0
2013-09-13,120.36822100804386,121.08897776753973,118.92667999394416,119.95377349853516,371785,0.0,0.0
2013-09-16,120.72861392651586,121.93589676636766,120.25110632944677,121.02593231201172,491335,0.0,0.0
2013-09-17,121.80976255808869,122.5305331496566,119.5213307084828,120.97186279296875,252025,0.0,0.0
2013-09-18,122.29629322362048,122.47648244150943,118.92669848411697,119.7916259765625,434790,0.0,0.0
2013-09-19,121.629558168842,123.79185592615542,120.04387406331574,122.43141174316406,252225,0.0,0.0
2013-09-20,124.32346050276146,125.23342504497495,121.89987619256974,123.42250061035156,255620,0.0,0.0
2013-09-23,123.07111075279666,125.01717341847723,120.49436524662947,123.37743377685547,270455,0.0,0.0
2013-09-24,122.9089266482298,124.12521405430931,121.98994385987406,123.49454498291016,1447475,0.0,0.0
2013-09-25,124.72886903648033,124.72886903648033,121.93588833380127,123.06208801269531,57360,0.0,0.0
2013-09-26,123.25128230519647,123.94501133428184,121.89984283638412,123.39543914794922,148420,0.0,0.0
2013-09-27,124.06214245282158,125.95416323815301,122.46745375259867,124.88201904296875,139545,0.0,0.0
2013-09-30,123.08912464766125,125.4136026034794,121.62957415699513,122.47647857666016,188545,0.0,0.0
2013-10-01,123.3233622852929,124.7648894883807,121.71965519517012,122.98999786376953,163350,0.0,0.0
2013-10-03,121.98994426469284,124.33244510629714,121.98994426469284,123.20624542236328,173090,0.0,0.0
2013-10-04,121.63855684045062,124.15224195107136,121.63855684045062,123.39543914794922,200490,0.0,0.0
2013-10-07,122.0079432725177,123.61165020669345,118.92666319401538,122.4854507446289,228400,0.0,0.0
2013-10-08,122.89090774008609,123.43148910379632,120.27812989311539,122.26023864746094,469850,0.0,0.0
2013-10-09,122.3323118347854,127.64796877731668,121.44937514296136,121.62055969238281,1520070,0.0,0.0
2013-10-10,121.62955983798014,122.7107087314736,121.62955983798014,122.52151489257812,1235585,0.0,0.0
2013-10-11,122.26925420327024,122.62062795725276,121.08898537817295,121.94490814208984,1549095,0.0,0.0
2013-10-14,122.17015955476876,122.19718725010934,118.92669863833711,119.8817138671875,261510,0.0,0.0
2013-10-15,120.00781687296937,120.54839813605564,118.91766344740063,119.98078918457031,318465,0.0,0.0
2013-10-17,120.63849989273021,120.98988737793104,118.9266819395911,119.94477081298828,119695,0.0,0.0
2013-10-18,120.04387311207438,120.45830686762439,118.56629978185609,119.43121337890625,137895,0.0,0.0
2013-10-21,121.08897297466223,121.08897297466223,118.02571562539102,118.77351379394531,135390,0.0,0.0
2013-10-22,118.92668393252234,119.66547750729292,117.35000441068966,118.90866088867188,262280,0.0,0.0
2013-10-23,120.00783698213029,121.8097564976204,118.56630961827113,118.98074340820312,342680,0.0,0.0
2013-10-24,118.98074997449322,120.36823577662368,118.98074997449322,119.80963134765625,168395,0.0,0.0
2013-10-25,120.1790291424681,120.2781352719952,118.98975558814294,119.66548919677734,126710,0.0,0.0
2013-10-28,119.82766002049321,120.26913529600478,118.23297098462643,118.76453399658203,184890,0.0,0.0
2013-10-29,118.75548980296203,119.09785887072455,116.76437666610383,117.42207336425781,579450,0.0,0.0
2013-10-30,118.92667603058162,120.00782488134894,118.02571636368327,119.35012817382812,1121325,0.0,0.0
2013-10-31,118.90866115721056,124.69282096637579,118.25096440450456,119.15192413330078,2540370,0.0,0.0
2013-11-01,120.52136264069084,124.33243186343896,120.00782278824347,123.28731536865234,1675980,0.0,0.0
2013-11-05,126.71999953578643,127.7561116292548,124.51265061565478,125.57579040527344,1070105,0.0,0.0
2013-11-06,125.56673340587247,134.062789471167,125.23338275746143,129.0174102783203,2170470,0.0,0.0
2013-11-07,130.58507402235222,132.4410484196452,128.11644000745267,129.67510986328125,419270,0.0,0.0
2013-11-08,129.0174362558458,130.90045262243177,127.224535112796,128.95437622070312,301595,0.0,0.0
2013-11-11,130.17067090097805,133.3420533156386,129.0174434315662,132.09872436523438,1023150,0.0,0.0
2013-11-12,133.70239543312826,134.17089826145036,130.81932754259233,132.33294677734375,609120,0.0,0.0
2013-11-13,131.54010474437865,133.16183481265554,131.0085418670846,131.41397094726562,143645,0.0,0.0
2013-11-14,132.61227765017256,132.7924668640428,130.10761045897513,130.64817810058594,388360,0.0,0.0
2013-11-18,130.82834790726508,132.33294877049477,130.1886605504471,130.57608032226562,536575,0.0,0.0
2013-11-19,129.60308340378978,131.711326210022,129.60308340378978,130.6031494140625,135160,0.0,0.0
2013-11-20,129.93645342334418,131.1797826333138,128.87331346542092,129.31478881835938,746565,0.0,0.0
2013-11-21,129.0174191291341,129.81927266772357,128.33269474426046,128.774169921875,382135,0.0,0.0
2013-11-22,130.62113091000273,135.41424301937874,130.27877557901428,134.65744018554688,985720,0.0,0.0
2013-11-25,135.81066946634485,137.84683342931862,132.44107525561986,133.9636993408203,536620,0.0,0.0
2013-11-26,132.62128657451402,134.41420161707725,131.54013750888376,133.81956481933594,181660,0.0,0.0
2013-11-27,132.62126597262545,135.14395589891603,132.00861997137633,132.59423828125,347235,0.0,0.0
2013-11-28,133.34203576177836,134.42318465357928,131.35992716888435,132.0176239013672,102210,0.0,0.0
2013-11-29,133.3420171021433,134.396138155204,131.15267818613103,132.33294677734375,303310,0.0,0.0
2013-12-02,132.98165568327977,133.70241243691288,131.72030386931414,132.6122589111328,450840,0.0,0.0
2013-12-03,135.1439538989225,135.1439538989225,132.04465035656526,132.60324096679688,374505,0.0,0.0
2013-12-04,133.16182549766276,133.16182549766276,130.65715902480207,131.47703552246094,145415,0.0,0.0
2013-12-05,134.2069442577173,134.2069442577173,131.17971953769202,131.64820861816406,145800,0.0,0.0
2013-12-06,132.44106081987835,134.06279084473428,131.73831343369952,132.7023468017578,173865,0.0,0.0
2013-12-09,133.52225077758928,134.252026077015,131.90052025244515,132.24288940429688,1026480,0.0,0.0
2013-12-10,130.9995462531979,132.9906734119737,130.9995462531979,131.75636291503906,210095,0.0,0.0
2013-12-11,131.75635628009505,132.3690022996022,130.31481520852427,130.92747497558594,316085,0.0,0.0
2013-12-12,132.38701582532417,134.96376102589696,132.10772052783207,133.89161682128906,1474280,0.0,0.0
2013-12-13,132.81047175786392,133.9636990660836,132.62126417324876,133.37806701660156,137010,0.0,0.0
2013-12-16,134.78357596324423,134.79258061108098,132.80145363484485,133.9636993408203,248235,0.0,0.0
2013-12-17,133.70244380341114,135.14398514396964,131.90052400149156,133.18890380859375,356355,0.0,0.0
2013-12-18,132.44111062790648,135.14399043663926,132.44111062790648,134.41421508789062,304775,0.0,0.0
2013-12-19,134.42318436026775,139.45054113110402,133.16184628051127,137.252197265625,1040795,0.0,0.0
2013-12-20,138.74779738672615,142.17144708474066,138.10812368182042,139.26133728027344,1463700,0.0,0.0
2013-12-23,139.6487385990967,145.77526665489017,139.45954478091446,144.03640747070312,876700,0.0,0.0
2013-12-24,144.34276231961675,146.85643388129915,142.53182448988503,143.0453643798828,558450,0.0,0.0
2013-12-26,143.97338087251455,145.89242967349708,142.35165045954028,142.76609802246094,134970,0.0,0.0
2013-12-27,142.89220818427358,143.7030663827095,141.4506672231059,141.8470916748047,119720,0.0,0.0
2013-12-30,141.8110635493517,144.69414583681643,140.91912216762253,141.72998046875,107840,0.0,0.0
2013-12-31,141.64890094980646,147.39702887683885,141.270499483262,145.9735107421875,734240,0.0,0.0
2014-01-01,147.3069131340779,149.5593124174736,142.5678699909329,143.92831420898438,508210,0.0,0.0
2014-01-02,143.43279145546614,145.2347109806543,140.91010137069173,141.7480010986328,251820,0.0,0.0
2014-01-03,141.62186607322477,142.35164127508955,139.42352207164626,140.6848602294922,121555,0.0,0.0
2014-01-06,141.77503062675507,143.25260410663196,140.74793703400593,141.92819213867188,374860,0.0,0.0
2014-01-07,142.3516107179313,145.95544896395486,141.811029482007,144.95538330078125,468725,0.0,0.0
2014-01-08,146.135686016718,156.7850381224306,146.12668136727072,152.20816040039062,2315320,0.0,0.0
2014-01-09,153.75779732968317,162.52413202434133,153.16316058329951,160.34381103515625,2442755,0.0,0.0
2014-01-10,161.3168354743065,161.99255524277115,155.1452560899744,157.13638305664062,1388865,0.0,0.0
2014-01-13,157.66796287580854,159.0554349001913,153.5235423526223,154.9921112060547,429425,0.0,0.0
2014-01-14,153.523538339858,161.11863630174244,153.523538339858,159.76719665527344,702120,0.0,0.0
2014-01-15,161.16369485367775,163.80350049228156,156.85710807125773,158.4608154296875,801105,0.0,0.0
2014-01-16,158.56891437770258,159.3797726453849,156.83005492926415,157.2715301513672,164370,0.0,0.0
2014-01-17,157.48776894670164,158.3346733215127,153.18118238962634,154.1542205810547,165615,0.0,0.0
2014-01-20,154.90205006720478,161.34390815724174,153.88396093293207,154.73086547851562,467765,0.0,0.0
2014-01-21,154.9831103480783,158.20854811722208,153.8839382801975,155.16329956054688,877200,0.0,0.0
2014-01-22,156.04623905207046,156.89314348778498,153.9019640153752,155.04617309570312,355210,0.0,0.0
2014-01-23,155.32544358958728,155.32544358958728,152.8748321561344,153.5595703125,251040,0.0,0.0
2014-01-24,152.0999967768239,152.61353656804172,149.7665148578912,150.60440063476562,729770,0.0,0.0
2014-01-27,149.91969644428048,150.1809824696152,145.3067869375502,147.7664031982422,541150,0.0,0.0
2014-01-28,148.1177682896642,149.54128625680454,146.31584890050746,147.63125610351562,468255,0.0,0.0
2014-01-29,147.75739889368833,150.03682595974388,145.24372724192102,146.01853942871094,378470,0.0,0.0
2014-01-30,144.9194227515473,149.01877978893074,144.9194227515473,145.75730895996094,464880,0.0,0.0
2014-01-31,146.66721900364473,148.478142826091,146.17168848082045,147.73934936523438,663860,0.0,0.0
2014-02-03,146.1716987487139,151.1810322093972,146.1716987487139,150.48728942871094,326725,0.0,0.0
2014-02-04,149.55930605918627,152.0279405179572,149.03674779794775,151.4333038330078,453710,0.0,0.0
2014-02-05,150.55035271506867,158.74907672067275,150.55035271506867,153.07302856445312,1741245,0.0,0.0
2014-02-06,154.0641089621265,155.86602836519234,153.20819999518108,154.01905822753906,724170,0.0,0.0
2014-02-07,154.9740830627908,165.10988034279777,154.0641186561055,162.86648559570312,7277950,0.0,0.0
2014-02-10,163.79446996475403,168.73172508320326,163.45210089258975,166.7586212158203,2099140,0.0,0.0
2014-02-11,166.3532143721997,171.44364541270576,163.4701458059031,170.4976348876953,1417945,0.0,0.0
2014-02-12,170.64176666743595,177.1286876950386,169.65972386515188,175.70516967773438,1499660,0.0,0.0
2014-02-13,175.6871607959601,177.84945881442664,169.38944685215415,170.4796142578125,1949705,0.0,0.0
2014-02-14,169.56062843245874,173.88523814091482,167.08298902889646,170.6958465576172,508760,0.0,0.0
2014-02-17,169.38042300579266,173.84918915103944,167.6776097286685,172.7410125732422,601285,0.0,0.0
2014-02-18,171.41660530279663,174.2456185035042,169.92102249424696,171.65086364746094,365060,0.0,0.0
2014-02-19,171.65086364746094,171.65086364746094,171.65086364746094,171.65086364746094,0,0.0,0.0
2014-02-20,171.98423254618817,172.07433403405062,168.11912067389036,169.79490661621094,482560,0.0,0.0
2014-02-21,168.3443330266439,172.61487339856444,168.3443330266439,171.32650756835938,1188845,0.0,0.0
2014-02-24,171.55175004868923,182.39929943730138,171.55175004868923,179.5432586669922,1873105,0.0,0.0
2014-02-25,181.09291123455833,184.1471642621942,179.2909917197866,180.119873046875,833730,0.0,0.0
2014-02-26,180.16493015826734,183.36334015965392,178.93962429497057,181.82269287109375,1392725,0.0,0.0
2014-02-28,181.9938851158594,189.19255908515635,181.9938851158594,186.2283935546875,923625,0.0,0.0
2014-03-03,188.30058749684,194.5532503530424,182.90383365247592,184.78684997558594,793830,0.0,0.0
2014-03-04,183.49848952264233,185.95810604402683,181.14698378316956,183.30929565429688,1054155,0.0,0.0
2014-03-05,183.61559943695522,188.37266580775784,182.2641598146237,184.01202392578125,435675,0.0,0.0
2014-03-06,184.69673497176888,186.49865433734712,180.2189642485027,181.6695098876953,376720,0.0,0.0
2014-03-07,181.6334863266769,183.77776112699968,173.38069193410252,175.70516967773438,446630,0.0,0.0
2014-03-10,174.7862079872303,180.9938207003797,172.34461453305042,179.24595642089844,422045,0.0,0.0
2014-03-11,177.66926625543212,180.7325377626712,176.6061403115313,178.15579223632812,250960,0.0,0.0
2014-03-12,179.11081707935574,179.11081707935574,173.38971665581366,174.7952117919922,322565,0.0,0.0
2014-03-13,173.88523468533015,176.07457406351654,172.80408571659038,173.62396240234375,254200,0.0,0.0
2014-03-14,171.7229435546978,174.42582295746288,171.39859747646378,172.89418029785156,189700,0.0,0.0
2014-03-18,174.06543020137903,177.48908018284345,172.8040919833658,176.29080200195312,443870,0.0,0.0
2014-03-19,177.48904454932486,177.48904454932486,173.8041230152008,175.64207458496094,1489855,0.0,0.0
2014-03-20,174.24562099263827,180.732542594302,174.24562099263827,179.08377075195312,1093540,0.0,0.0
2014-03-21,179.2909872581841,182.8768031540325,175.50695912083884,176.75929260253906,680890,0.0,0.0
2014-03-24,176.9484989390713,179.29099991436155,175.68716072010304,176.1016082763672,134920,0.0,0.0
2014-03-25,175.3267716299258,177.75035554018268,175.3267716299258,176.16465759277344,86705,0.0,0.0
2014-03-26,175.69614459564502,179.29097871600493,174.24559894155811,178.3629913330078,357705,0.0,0.0
2014-03-27,176.76828070650907,180.79557144468444,176.5880915258913,178.2188262939453,220985,0.0,0.0
2014-03-28,179.47118227824947,182.17406157083622,178.39003331072576,181.27310180664062,573000,0.0,0.0
2014-03-31,182.71464008809954,187.39962803957803,178.75040893872944,184.687744140625,476325,0.0,0.0
2014-04-01,184.51655705591412,186.49866572961653,183.40838042770562,184.89495849609375,757550,0.0,0.0
2014-04-02,185.05711243141135,193.70633084246862,183.2011376936456,187.01220703125,625935,0.0,0.0
2014-04-03,185.61575246633757,186.8320400174008,181.1289625073613,182.71466064453125,361530,0.0,0.0
2014-04-04,183.61558946689667,185.05711673724463,181.32714413204386,184.6516876220703,218805,0.0,0.0
2014-04-07,183.79577116161374,185.5976904867276,177.5611319464262,182.28216552734375,302380,0.0,0.0
2014-04-09,180.74151891770543,185.18324346664542,177.0025418075529,182.9578857421875,412515,0.0,0.0
2014-04-10,180.73254147450157,183.02997796767087,178.02966207307367,178.51617431640625,166120,0.0,0.0
2014-04-11,179.65136727964608,179.83157022631437,172.17341240977134,174.42581176757812,639570,0.0,0.0
2014-04-15,174.78619984290813,179.4351556742256,172.98428025689878,175.81329345703125,301790,0.0,0.0
2014-04-16,175.50697568243407,177.1287061079168,174.80422812265087,175.48895263671875,125985,0.0,0.0
2014-04-17,175.7412116467129,177.48907581116265,174.2636381644816,175.3538055419922,104945,0.0,0.0
2014-04-21,175.86735697149246,176.6151552839473,174.42582948460802,175.18263244628906,89770,0.0,0.0
2014-04-22,178.029639527396,178.9215808184762,175.04746516509206,178.07467651367188,260310,0.0,0.0
2014-04-23,176.9935140104634,178.30892110020903,175.14654404609948,175.64207458496094,331370,0.0,0.0
2014-04-24,175.64207458496094,175.64207458496094,175.64207458496094,175.64207458496094,0,0.0,0.0
2014-04-25,178.20984379922422,179.1828819925794,174.3086863772969,175.56101989746094,806305,0.0,0.0
2014-04-28,176.58810043542215,178.1918075946742,175.68714073932304,176.4169158935547,207170,0.0,0.0
2014-04-29,178.02965144626359,178.02965144626359,174.6060016593057,175.00242614746094,218235,0.0,0.0
2014-04-30,176.42595860289998,178.02966598316522,174.6060159166513,176.26377868652344,338135,0.0,0.0
2014-05-02,175.92136333093924,178.38999753893012,173.27255370330508,176.46194458007812,407630,0.0,0.0
2014-05-05,175.69614510696007,178.26388573576898,174.605991575049,176.51602172851562,158825,0.0,0.0
2014-05-06,177.83144293981294,181.81368345420316,175.7412096847185,181.1739959716797,602145,0.0,0.0
2014-05-07,181.98489931055508,182.6516008533603,178.57927191050214,180.20098876953125,404215,0.0,0.0
2014-05-08,181.98485905989796,183.9759723453995,177.14669600803666,177.84043884277344,563315,0.0,0.0
2014-05-09,176.58807772269617,180.16488835596516,176.58807772269617,179.4711456298828,269140,0.0,0.0
2014-05-12,178.85852336157302,181.27308875696858,177.39895930031136,179.51622009277344,383675,0.0,0.0
2014-05-13,181.2731052511898,181.8587373575781,177.96658450346814,178.34498596191406,306385,0.0,0.0
2014-05-14,180.09282970530518,180.19193581990828,173.28157673092124,174.3987579345703,267260,0.0,0.0
2014-05-15,174.60599469419535,177.48005837111847,166.76764796012125,169.3263702392578,753165,0.0,0.0
2014-05-16,169.56061691654918,173.75909252012715,162.62322980724676,164.18190002441406,545985,0.0,0.0
2014-05-19,165.77659247178812,167.53346121858146,157.14539649664826,162.1186981201172,1215535,0.0,0.0
2014-05-20,164.6684248470687,173.34467275778943,162.36198353676323,172.2364959716797,626555,0.0,0.0
2014-05-21,171.72290334152467,173.86717781724553,169.38040290866056,171.5066680908203,202680,0.0,0.0
2014-05-22,170.82197304944418,177.00255744637113,169.42548269601366,171.2183837890625,542245,0.0,0.0
2014-05-23,170.64175793453796,172.7770279774408,166.22706100048424,167.32623291015625,782995,0.0,0.0
2014-05-26,168.47946891054778,169.00202720179504,164.99275916707097,165.8126220703125,694045,0.0,0.0
2014-05-27,164.33506997613674,169.74082903781962,162.63225642160887,163.45213317871094,623300,0.0,0.0
2014-05-28,162.3979733860637,164.85758932783878,160.77624330176857,163.99267578125,491960,0.0,0.0
2014-05-29,163.2989420397711,167.9388788938797,163.2989420397711,167.32623291015625,570600,0.0,0.0
2014-05-30,166.85773203838815,169.38942657071254,164.60533281068973,168.28125,179405,0.0,0.0
2014-06-02,166.73160497593406,167.54247697923807,165.59640066837375,166.5874481201172,226355,0.0,0.0
2014-06-03,166.13699824524608,166.97489809181823,164.17291228353918,165.82167053222656,342985,0.0,0.0
2014-06-04,165.05584011097082,166.98389362068338,165.05584011097082,165.97482299804688,214990,0.0,0.0
2014-06-05,165.32612287905442,168.58759294753244,164.72248146429806,166.41629028320312,385370,0.0,0.0
2014-06-06,166.4162642315775,168.47045114897017,165.78558147386906,167.35325622558594,450535,0.0,0.0
2014-06-09,167.21815422986924,175.30876986117312,166.6775728190013,173.9933624267578,1161080,0.0,0.0
2014-06-10,176.03852275934562,179.0927757230232,172.08331005714894,177.33590698242188,587010,0.0,0.0
2014-06-11,178.20985026751254,181.9938786584241,175.687160091053,180.46224975585938,837510,0.0,0.0
2014-06-12,179.4711714883496,180.89468947990258,177.12868449080563,179.59730529785156,308430,0.0,0.0
2014-06-13,178.39000020147438,179.9576748493335,175.80425055736677,178.09268188476562,404825,0.0,0.0
2014-06-16,176.77731703656676,181.0929081520625,176.77731703656676,178.8765411376953,265210,0.0,0.0
2014-06-17,178.93060940686092,180.48026125551465,177.51609601984083,178.2098388671875,95130,0.0,0.0
2014-06-18,176.60610991017307,182.8767812146226,176.60610991017307,179.21888732910156,316395,0.0,0.0
2014-06-19,178.79544328628083,183.408366132744,178.21882964891714,182.75967407226562,337545,0.0,0.0
2014-06-20,182.53445288384546,185.57968752445532,182.53445288384546,183.99400329589844,698450,0.0,0.0
2014-06-23,182.44436083521617,184.69676035170033,181.0929211253257,182.09298706054688,170530,0.0,0.0
2014-06-24,181.10191414978254,184.51655929622595,178.9306116034047,180.71450805664062,381990,0.0,0.0
2014-06-25,179.51624866740588,185.59772760595035,179.47119792575728,183.30929565429688,685075,0.0,0.0
2014-06-26,182.17406531145863,185.8319598295923,182.17406531145863,184.83189392089844,284780,0.0,0.0
2014-06-27,183.2552252151626,191.79633436202872,182.65158377451286,190.192626953125,370935,0.0,0.0
2014-06-30,190.1025379673913,194.94970660483023,187.05728912111246,192.9135284423828,314625,0.0,0.0
2014-07-01,191.23771057947044,194.24692657677573,188.48077595858788,190.89535522460938,159080,0.0,0.0
2014-07-02,190.27367667674187,193.52614166559687,190.27367667674187,193.0216064453125,159365,0.0,0.0
2014-07-03,192.20173645391003,202.71593461278673,192.20173645391003,201.59873962402344,503675,0.0,0.0
2014-07-04,202.87809300755228,206.139576379226,198.20212384248063,200.29234313964844,409015,0.0,0.0
2014-07-07,200.91401049428438,210.82456706575132,200.580659808825,208.41900634765625,348240,0.0,0.0
2014-07-08,210.64439510096955,214.42842335178415,206.53602078593912,212.6715545654297,634975,0.0,0.0
2014-07-09,209.20287299883987,212.4102878434347,203.79711393557497,205.67111206054688,317845,0.0,0.0
2014-07-10,202.71594673788695,208.31091291677683,195.54430097325795,203.65293884277344,292245,0.0,0.0
2014-07-11,202.71593363097895,210.26598035831893,200.01305451589923,202.76998901367188,181565,0.0,0.0
2014-07-14,203.0763148037382,205.39178787629137,197.38225653847599,199.85089111328125,588715,0.0,0.0
2014-07-15,198.57153752695396,202.15736748528207,196.59844708203832,201.742919921875,194970,0.0,0.0
2014-07-16,200.37342255735896,205.9593834382684,197.3101652173889,198.373291015625,150825,0.0,0.0
2014-07-17,198.30065498350385,201.55267833676038,190.8609718605389,195.5300750732422,247550,1.8,0.0
2014-07-18,194.34009170052394,197.28325329756885,192.5959923457534,195.5300750732422,255260,0.0,0.0
2014-07-21,193.66788385152225,203.59654959949813,193.66788385152225,199.4088897705078,204005,0.0,0.0
2014-07-22,198.66398998822444,203.47843794389203,196.23860134210818,199.8448944091797,1411300,0.0,0.0
2014-07-23,198.93650097010445,201.66165851764012,197.30140366940944,198.14620971679688,155005,0.0,0.0
2014-07-24,198.39145447323577,201.29830014094188,192.94113963758787,199.8085479736328,452350,0.0,0.0
2014-07-25,200.02657397389467,207.65702391015705,200.02657397389467,204.66842651367188,424000,0.0,0.0
2014-07-28,205.47687247101786,208.58355035383093,203.6601008066218,204.65023803710938,270505,0.0,0.0
2014-07-30,203.88722162430884,216.92256541810872,203.88722162430884,212.24436950683594,1298890,0.0,0.0
2014-07-31,210.74555621851889,213.4707142730687,189.85267780030364,202.7790069580078,4921880,0.0,0.0
2014-08-01,202.38838577975082,207.5298534143616,194.82152940166594,198.1643829345703,510710,0.0,0.0
2014-08-04,196.60193805126326,204.36863965087895,196.60193805126326,198.76390075683594,449085,0.0,0.0
2014-08-05,199.48154787705954,202.37928723593961,193.06833182195828,196.7200469970703,778450,0.0,0.0
2014-08-06,197.1288219476295,202.3702125455505,195.48464566319376,198.80934143066406,105990,0.0,0.0
2014-08-07,198.03719627480388,204.02346962423036,198.03719627480388,199.53604125976562,231950,0.0,0.0
2014-08-08,203.16961231850158,203.16961231850158,198.39149317616247,199.7086639404297,294465,0.0,0.0
2014-08-11,201.66168534304313,203.53295822353218,198.20073701503009,201.25291442871094,90005,0.0,0.0
2014-08-12,199.726794378205,202.02500949255207,194.9396108812115,198.64581298828125,630655,0.0,0.0
2014-08-13,198.11896172010228,201.66166103171759,196.41119186687834,199.990234375,269410,0.0,0.0
2014-08-14,198.02814178154304,204.59576847426348,198.02814178154304,202.38839721679688,185935,0.0,0.0
2014-08-18,200.57160014507684,213.8885401450854,200.57160014507684,211.0362091064453,212150,0.0,0.0
2014-08-19,209.5101439671366,218.63942592957162,209.5101439671366,217.14967346191406,522865,0.0,0.0
2014-08-20,217.91271201870694,225.62491397283696,217.5221127008276,220.73779296875,1778325,0.0,0.0
2014-08-21,220.54701279460224,225.81565393566126,219.02093109269413,222.57272338867188,542385,0.0,0.0
2014-08-22,220.75593509138,224.55298132458913,220.75593509138,223.01780700683594,127545,0.0,0.0
2014-08-25,222.3637688479936,228.9132370055454,220.01105279426721,221.2101287841797,497685,0.0,0.0
2014-08-26,219.10266258362827,233.44606894740073,219.10266258362827,226.78761291503906,607060,0.0,0.0
2014-08-27,226.18811141567832,228.0048833949207,222.20029747567608,223.71730041503906,384735,0.0,0.0
2014-08-28,224.00797513762208,225.9882498052213,216.19585062124617,218.06712341308594,280720,0.0,0.0
2014-09-01,221.64618170296458,223.4629536841364,212.35339690031427,218.5122528076172,2154990,0.0,0.0
2014-09-02,218.56673357090298,223.2812586445311,217.12240330582298,218.8937530517578,323290,0.0,0.0
2014-09-03,219.82939348149208,223.46293717540104,219.82939348149208,220.98304748535156,504965,0.0,0.0
2014-09-04,219.85666547543087,227.09650310323153,218.92102899151521,226.06094360351562,645640,0.0,0.0
2014-09-05,226.18807468589156,232.00173853106128,226.18807468589156,229.73077392578125,680515,0.0,0.0
2014-09-08,231.9472559812877,236.1803376676315,231.09337100428874,234.49075317382812,736070,0.0,0.0
2014-09-09,233.8185233509098,240.72226168315143,233.8185233509098,236.70718383789062,487660,0.0,0.0
2014-09-10,234.39083200722754,239.4505485409112,234.36358153684867,236.0804443359375,267350,0.0,0.0
2014-09-11,235.81697191916828,239.45051531477415,230.92985161660062,233.81851196289062,200380,0.0,0.0
2014-09-12,234.50890475376704,237.79725724099714,229.31293635266272,231.247802734375,733225,0.0,0.0
2014-09-15,234.16373011106012,238.50581386226995,231.10247388158706,234.4271697998047,307395,0.0,0.0
2014-09-16,236.1622015838285,240.7222893109489,229.2766201993632,230.76637268066406,470735,0.0,0.0
2014-09-17,233.24623161516655,234.36355622349924,228.0956992176833,230.75726318359375,332180,0.0,0.0
2014-09-18,231.09332693575402,238.3604128628012,231.09332693575402,235.66250610351562,356925,0.0,0.0
2014-09-19,237.08871366928756,237.79725354379755,230.73001253639478,234.1546173095703,245255,0.0,0.0
2014-09-22,232.91016505283568,236.1622024597637,232.18346734091676,233.7277069091797,660260,0.0,0.0
2014-09-23,234.08194939999834,239.64126630704624,230.12138658193427,232.65577697753906,777715,0.0,0.0
2014-09-24,234.0001974818028,235.98047195600722,227.28722669144793,231.95632934570312,314440,0.0,0.0
2014-09-25,230.72999991145184,233.2734691367422,227.08737773740785,228.54078674316406,351105,0.0,0.0
2014-09-26,229.45828377503628,239.2506826635018,227.98668919234652,237.17047119140625,523825,0.0,0.0
2014-09-29,238.36047793139718,243.8107938645316,238.36047793139718,241.59432983398438,745890,0.0,0.0
2014-09-30,244.35581313053376,246.86296714736466,237.76092246282033,240.1863250732422,711405,0.0,0.0
2014-10-01,239.6322115775434,241.6215791009652,192.74133150191008,237.942626953125,398625,0.0,0.0
2014-10-07,237.94259856269122,249.7516149499722,237.1250568186884,243.39291381835938,731380,0.0,0.0
2014-10-08,244.90085330110333,244.90085330110333,237.99711465975506,239.5413818359375,831045,0.0,0.0
2014-10-09,239.6412683848507,246.60860003778723,239.6412683848507,245.1097412109375,509850,0.0,0.0
2014-10-10,244.1740919705531,245.1642568877576,236.18030801861684,239.49591064453125,251485,0.0,0.0
2014-10-13,239.45051122855804,246.1725608513701,238.7782868610619,244.3557891845703,452330,0.0,0.0
2014-10-14,243.44742700971008,245.9908965017132,242.2211004710971,244.03787231445312,773390,0.0,0.0
2014-10-15,244.03787231445312,244.03787231445312,244.03787231445312,244.03787231445312,0,0.0,0.0
2014-10-16,243.26573506987623,248.88864605804676,241.63065152419713,243.9652099609375,686600,0.0,0.0
2014-10-17,243.4474051472729,247.80764609106703,237.99709010666228,240.54965209960938,448830,0.0,0.0
2014-10-20,239.81391561771338,252.53132023380422,239.81391561771338,248.13473510742188,463885,0.0,0.0
2014-10-21,252.53126312958776,253.6576526984909,245.63661794125514,247.09910583496094,343575,0.0,0.0
2014-10-22,247.4443228516729,249.11574964345147,246.17258808855212,248.8341522216797,273580,0.0,0.0
2014-10-27,250.71452778083255,250.71452778083255,247.26267218269092,248.2982177734375,93490,0.0,0.0
2014-10-28,247.62599916458413,251.57748333053112,246.67217734701768,248.8704833984375,165595,0.0,0.0
2014-10-29,249.62446764883563,253.07635116398606,246.1907695960318,251.4321746826172,229280,0.0,0.0
2014-10-30,251.2595645454667,260.8884613602841,249.44279260764225,258.2541198730469,240360,0.0,0.0
2014-10-31,259.0716780371375,264.8762497080906,252.7311342729493,255.1383514404297,339850,0.0,0.0
2014-11-03,255.60163445593992,258.381293151779,250.00597386539627,251.72280883789062,160080,0.0,0.0
2014-11-05,253.07632573358873,261.03376763247536,252.7947283129263,256.2738342285156,305105,0.0,0.0
2014-11-07,266.0480952605353,274.3144133783197,260.56143607607925,271.0169677734375,1902690,0.0,0.0
2014-11-10,271.661888579476,272.8791223747436,265.4303745306341,270.2084655761719,178730,0.0,0.0
2014-11-11,270.88068259870954,319.7790826995492,270.1539572560494,296.7151794433594,1284370,0.0,0.0
2014-11-12,290.1385097201213,295.95217511407134,282.7987623580862,285.4421691894531,723010,0.0,0.0
2014-11-13,282.5080135676112,291.2285237108303,281.5996276718954,284.5972900390625,813700,0.0,0.0
2014-11-14,285.7782238774319,287.95834460135933,280.14621992902516,281.1817932128906,255710,0.0,0.0
2014-11-17,281.59962605721887,283.40730510837216,279.09247212846316,281.3816223144531,199950,0.0,0.0
2014-11-18,279.78287722299973,286.1506717086747,277.97519802358704,279.45587158203125,269430,0.0,0.0
2014-11-19,281.5450920130409,290.1384137646146,279.7828213749534,283.14385986328125,488125,0.0,0.0
2014-11-20,284.0068585258773,286.850110952847,279.7828694502777,280.718505859375,282330,0.0,0.0
2014-11-21,279.464944692369,284.3248152904029,279.464944692369,284.1068115234375,276565,0.0,0.0
2014-11-24,280.87291181950116,285.22406001800334,279.82824592982143,281.16357421875,192985,0.0,0.0
2014-11-25,280.1461828258684,285.20589852325514,279.67383217679395,281.5269470214844,272715,0.0,0.0
2014-11-26,280.1916371688979,283.0802976284547,274.62322726131214,275.949462890625,240700,0.0,0.0
2014-11-27,275.78595555377814,283.4163913140396,275.78595555377814,281.3089294433594,274005,0.0,0.0
2014-11-28,280.14615092523627,286.0506581141218,277.29383417544466,281.081787109375,276550,0.0,0.0
2014-12-01,280.5277230139479,288.839447942694,280.3460347564427,283.42547607421875,360535,0.0,0.0
2014-12-02,282.5988493685174,293.94458000049923,282.5988493685174,289.4299011230469,603435,0.0,0.0
2014-12-03,289.4298865570225,303.40086495353415,289.4298865570225,299.12237548828125,816150,0.0,0.0
2014-12-04,300.13070345526114,303.38274058421246,292.1732616194919,295.99755859375,178765,0.0,0.0
2014-12-05,294.31705846300133,297.9506023946433,290.12941238821924,291.78265380859375,119455,0.0,0.0
2014-12-08,290.8651810999326,292.50026465839613,284.60638883854074,287.8402404785156,179670,0.0,0.0
2014-12-09,286.1506435922946,289.5843410937761,283.0076085025344,286.7410888671875,1477425,0.0,0.0
2014-12-10,287.95834155768955,294.6803919361396,286.00531734068386,287.9129333496094,236515,0.0,0.0
2014-12-11,289.77516396633257,295.75233226687976,287.05000568451754,294.55328369140625,250325,0.0,0.0
2014-12-12,295.0345951019356,295.0345951019356,285.2331057751568,286.7501220703125,279240,0.0,0.0
2014-12-15,283.43457713769857,292.13693015493686,282.68972171934035,283.9796142578125,195820,0.0,0.0
2014-12-16,281.14545075021175,285.23318751394663,274.3325561439869,278.0296936035156,191745,0.0,0.0
2014-12-17,276.6943494398788,284.30662768311964,263.1957206112871,271.9253234863281,530905,0.0,0.0
2014-12-18,272.51575007074746,289.95676916396957,271.4256759817702,278.8926086425781,660090,0.0,0.0
2014-12-19,277.7844499902519,282.42631723784547,271.78912408680566,274.9684753417969,247380,0.0,0.0
2014-12-22,276.69436812896214,279.75562436948564,272.5157871811697,275.8313903808594,103210,0.0,0.0
2014-12-23,275.7859581347444,277.05769281973346,273.7874981142351,275.904052734375,70990,0.0,0.0
2014-12-24,276.1402577258777,289.593452482707,276.1402577258777,288.3126525878906,348365,0.0,0.0
2014-12-26,288.5124314837842,294.3170306729345,282.68970227825434,286.3959045410156,371820,0.0,0.0
2014-12-29,288.14004603902106,291.355712471941,283.77977667028466,284.9879455566406,134175,0.0,0.0
2014-12-30,286.50489899832644,287.7766336770601,283.5980808357549,284.48828125,140530,0.0,0.0
2014-12-31,283.87969696955884,295.04374013342886,282.50802533891834,290.6289978027344,410600,0.0,0.0
2015-01-01,293.4540622508014,293.59034231706676,290.6744035354996,292.8636169433594,519665,0.0,0.0
2015-01-02,293.572196421939,297.9324660866099,293.572196421939,295.7069091796875,508415,0.0,0.0
2015-01-05,299.394918923963,310.6679917767393,299.21325836883284,308.7422180175781,1169030,0.0,0.0
2015-01-06,307.9428419489302,307.9428419489302,299.40401942743756,301.6204833984375,514970,0.0,0.0
2015-01-07,301.7658417284448,303.42817591881004,295.4525479096273,299.5675354003906,174425,0.0,0.0
2015-01-08,301.40247372755033,303.5644369148755,297.9506179015341,299.2496032714844,224345,0.0,0.0
2015-01-09,303.40090032917624,312.4666018817122,303.40090032917624,306.4349060058594,723970,0.0,0.0
2015-01-12,306.4349126731756,308.2153413709202,299.0588232036374,300.21246337890625,344195,0.0,0.0
2015-01-13,299.2223186080147,301.5841275609724,297.26020168040696,299.1769104003906,2159875,0.0,0.0
2015-01-14,300.1306990347757,301.40243376406846,289.9386080185885,292.7818603515625,711705,0.0,0.0
2015-01-15,294.46236472154294,299.9580881048355,290.8651644656012,293.899169921875,2210195,0.0,0.0
2015-01-16,294.15354834478745,300.494064606355,294.1353628836665,297.07855224609375,429435,0.0,0.0
2015-01-19,297.2239246255852,300.67578050339256,290.8652223188669,297.042236328125,3749970,0.0,0.0
2015-01-20,297.45097363306127,303.4008901811523,297.45097363306127,301.3206787109375,734825,0.0,0.0
2015-01-21,299.9490172717577,304.35466644502867,298.132245580764,299.7037353515625,286885,0.0,0.0
2015-01-22,298.6773015112181,302.4925337462635,297.26931431971394,298.5592346191406,820330,0.0,0.0
2015-01-23,302.49252199876605,307.6430825438779,298.85897819097306,299.2950134277344,537005,0.0,0.0
2015-01-27,300.3123575960462,304.2729064642818,299.4493799784679,300.02166748046875,359615,0.0,0.0
2015-01-28,301.0299724070483,304.581736358232,300.7029391158718,301.5749816894531,789820,0.0,0.0
2015-01-29,305.80803832369486,306.1259788609234,298.13219584286185,301.64764404296875,1500575,0.0,0.0
2015-01-30,303.40091948554783,305.21769145851516,296.3336776195744,297.6508483886719,298470,0.0,0.0
2015-02-02,297.95060066561587,300.6757585985331,291.5646483516828,292.6456298828125,1409375,0.0,0.0
2015-02-03,293.5903358042314,295.3980148855771,277.6208960582169,280.1007995605469,1970190,0.0,0.0
2015-02-04,280.69123668943223,283.41639432719376,276.14930729316313,276.81243896484375,1104500,0.0,0.0
2015-02-05,276.14932414466097,277.657248122849,258.8899913856197,265.3304443359375,2145965,0.0,0.0
2015-02-06,266.15706571874273,269.79060927804295,264.3402939390926,266.4931640625,963785,0.0,0.0
2015-02-09,267.41068571448255,270.33568985928673,259.08986629807237,268.0465393066406,445350,0.0,0.0
2015-02-10,268.5188976204335,279.58303205478944,268.5188976204335,274.9775085449219,955380,0.0,0.0
2015-02-11,277.2121332783215,279.7828531404568,271.6709738243741,273.2515563964844,376100,0.0,0.0
2015-02-12,276.6943642856577,283.05306589822885,274.33255528521204,280.72760009765625,934675,0.0,0.0
2015-02-13,284.68812743743405,292.12780996506706,282.17190854565905,289.8931884765625,605600,0.0,0.0
2015-02-16,294.21714924409537,297.76891404133255,291.7463382622737,293.1089172363281,442830,0.0,0.0
2015-02-18,295.9521291437466,298.50469142586377,292.7001196653384,294.7439880371094,450165,0.0,0.0
2015-02-19,295.7704540809181,297.28744300716295,293.64483440514465,296.351806640625,374530,0.0,0.0
2015-02-20,297.40553905000826,297.93241839783667,290.14754455716195,291.39202880859375,190055,0.0,0.0
2015-02-23,291.77359026027125,293.91736788423725,277.26666493169415,279.56488037109375,203115,0.0,0.0
2015-02-24,279.7828579906616,284.1430992342885,279.0743180955288,281.01824951171875,671255,0.0,0.0
2015-02-25,281.5996122598061,281.9538960461792,279.4194917737548,280.2915344238281,133720,0.0,0.0
2015-02-26,280.2915651803168,280.336973388905,271.0623606456311,274.88665771484375,1304465,0.0,0.0
2015-02-27,275.42266069172047,281.95395859100915,273.1153523689741,278.4839172363281,395555,0.0,0.0
2015-03-02,280.14619747021845,281.5996204102315,275.6042681087631,279.0652160644531,690925,0.0,0.0
2015-03-03,279.96455532996083,281.0727872758659,276.2129169953379,277.9842529296875,362105,0.0,0.0
2015-03-04,280.7639112190552,280.7639112190552,276.69435999207167,277.94793701171875,524210,0.0,0.0
2015-03-05,277.23936169507016,280.6912167017373,274.74130070500615,277.8843078613281,289100,0.0,0.0
2015-03-09,278.8744282119858,280.2733500439293,272.33403965382564,274.4960021972656,317280,0.0,0.0
2015-03-10,275.2409355862621,278.910822489499,272.1524289821171,272.533935546875,1064420,0.0,0.0
2015-03-11,272.87911997891075,276.1493147771988,270.5990902109728,273.76934814453125,401200,0.0,0.0
2015-03-12,274.6958586087508,291.2829920810139,272.5338959831795,285.9144287109375,1942105,0.0,0.0
2015-03-13,288.68506009057415,295.22545038786313,283.4345901125458,287.8039245605469,879235,0.0,0.0
2015-03-16,290.1384227926978,293.54486958751284,284.1703213549655,287.3406066894531,534520,0.0,0.0
2015-03-17,288.9756934870454,311.56724446252326,286.18694235808977,305.462890625,4466690,0.0,0.0
2015-03-18,315.4279775283895,317.7171282207902,296.31555412367936,297.74169921875,1334140,0.0,0.0
2015-03-19,299.76732524750355,302.5015754790498,287.0499235703367,291.0740661621094,795710,0.0,0.0
2015-03-20,291.0468770327903,304.05497157147835,288.3580621593338,292.43670654296875,734470,0.0,0.0
2015-03-23,292.50024615601626,300.63031067047586,292.50024615601626,297.9324035644531,593110,0.0,0.0
2015-03-24,300.49405218506837,308.66952549058186,294.31703899848685,304.6090393066406,977380,0.0,0.0
2015-03-25,308.85123371340035,311.1948573481305,305.5810386356163,308.9602355957031,1340765,0.0,0.0
2015-03-26,308.8511572407622,309.7504502688321,297.8324335778423,301.97467041015625,511825,0.0,0.0
2015-03-27,306.1260338487979,313.2114324456245,298.313909933235,300.6666259765625,740890,0.0,0.0
2015-03-30,303.1011389630064,316.11829686328923,296.133806831702,308.1426696777344,700555,0.0,0.0
2015-03-31,311.7580353829163,320.44220190717266,309.3962266242189,316.4452819824219,774170,0.0,0.0
2015-04-01,318.843418988202,326.4375110457048,315.58231726020153,325.2293701171875,1510745,0.0,0.0
2015-04-06,327.0189454522813,353.3076373405455,324.90241836400276,345.94061279296875,1673210,0.0,0.0
2015-04-07,350.63699008393843,363.3543938693662,342.57961083536367,344.7052307128906,2228270,0.0,0.0
2015-04-08,347.73010951634495,348.8655918850918,343.369868309052,345.08673095703125,949695,0.0,0.0
2015-04-09,350.0919149943065,350.6369520703695,330.9340599811116,335.13079833984375,440965,0.0,0.0
2015-04-10,337.44720620352405,337.44720620352405,325.42015796219164,327.5367126464844,555900,0.0,0.0
2015-04-13,329.5623740881349,329.5623740881349,320.6783616164382,324.53900146484375,599135,0.0,0.0
2015-04-15,324.65711050245613,334.28600644998244,319.7609249863318,322.9311828613281,529230,0.0,0.0
2015-04-16,323.74871059548866,330.47076032452753,318.4891487749019,325.4473876953125,521715,0.0,0.0
2015-04-17,325.56551084188806,331.56086350718766,312.66644730561046,315.01007080078125,595630,0.0,0.0
2015-04-20,317.9350459600034,317.9350459600034,308.3152431817076,315.5096435546875,394775,0.0,0.0
2015-04-21,316.4816230638274,323.97580629005427,311.6853469079116,319.57012939453125,962165,0.0,0.0
2015-04-22,321.5867547920158,326.1105263914212,315.754933047573,318.3074951171875,337925,0.0,0.0
2015-04-23,319.7518072412379,322.3588700977556,316.29995222903216,319.8426513671875,478440,0.0,0.0
2015-04-24,321.3869150772406,326.85541584775314,313.94723246012626,321.1144104003906,517560,0.0,0.0
2015-04-27,321.114427114846,321.114427114846,307.03444516214415,309.17822265625,362910,0.0,0.0
2015-04-28,310.6680176163396,310.6680176163396,295.40714362914576,301.89300537109375,703805,0.0,0.0
2015-04-29,303.2192735924276,314.11990695424157,300.53955119069485,303.7189025878906,520285,0.0,0.0
2015-04-30,305.21767329727936,313.5384917649686,303.4009014324146,309.17822265625,389390,0.0,0.0
2015-05-04,308.85122843069115,324.1121015703353,308.8421357000747,321.06903076171875,279835,0.0,0.0
2015-05-05,322.477009318924,323.38539526066745,318.66177727490594,320.4967346191406,244745,0.0,0.0
2015-05-06,320.8419221882883,321.5686198450053,313.4022391893894,315.0191650390625,179645,0.0,0.0
2015-05-07,315.0191920601768,316.30001966043926,304.8543503940808,305.94439697265625,504305,0.0,0.0
2015-05-08,307.21610862790897,315.93659069764124,304.3546709944331,306.97991943359375,225855,0.0,0.0
2015-05-11,307.21609955209874,309.62331646318637,300.06707976611585,301.0027160644531,471100,0.0,0.0
2015-05-12,303.9459094475967,304.9814548961604,298.54100257819596,299.7037353515625,346790,0.0,0.0
2015-05-13,303.03751742839216,304.2729088466663,292.13688750450564,294.1807556152344,496430,0.0,0.0
2015-05-14,297.033105798968,303.2192117524335,295.22542667275883,300.9936828613281,311290,0.0,0.0
2015-05-15,303.7642478128977,321.02358039001393,302.12916423639257,306.8800048828125,4239905,0.0,0.0
2015-05-18,310.62254808709463,314.1198113825642,307.8882978464501,308.6967468261719,628615,0.0,0.0
2015-05-19,310.4862839482128,320.2968681248438,309.13279785250694,315.2371520996094,1452900,0.0,0.0
2015-05-20,316.6633089723722,323.1673549052474,316.11827192470656,319.0523681640625,611400,0.0,0.0
2015-05-21,323.3854000168947,329.1990645852101,313.98359983722423,318.32568359375,1236055,0.0,0.0
2015-05-22,318.8434041229218,323.348989763827,315.75489806037984,318.26202392578125,634105,0.0,0.0
2015-05-25,319.75186252706675,320.6511557694673,315.03733710899945,317.053955078125,242265,0.0,0.0
2015-05-26,316.66337762821746,318.2984614039813,312.4847963191365,316.917724609375,96570,0.0,0.0
2015-05-27,317.5717073235932,339.71815938315007,316.10919165009614,336.88397216796875,2378230,0.0,0.0
2015-05-28,337.73785282466673,345.858824658827,334.28599763345073,339.07318115234375,930830,0.0,0.0
2015-05-29,339.5546404465016,345.1866441502803,332.46924147105943,341.9891357421875,716490,0.0,0.0
2015-06-01,339.7363415832541,344.8414661309253,337.0111837630676,339.48199462890625,618810,0.0,0.0
2015-06-02,341.5530781468646,342.4069630599706,332.48737742260954,336.2662658691406,754985,0.0,0.0
2015-06-03,338.43734319777957,341.11706498384325,330.6524693405823,335.67584228515625,561235,0.0,0.0
2015-06-04,336.0119012101848,342.26159993728487,326.9280432281753,331.04302978515625,563155,0.0,0.0
2015-06-05,331.5608382991579,335.1671312656922,324.29375143232704,326.8463134765625,583740,0.0,0.0
2015-06-08,330.652462498877,330.652462498877,321.7321064452783,322.4588317871094,474010,0.0,0.0
2015-06-09,324.11207838344734,324.11207838344734,316.1182935434573,317.5898742675781,411595,0.0,0.0
2015-06-10,319.1795421592893,326.0923731200751,318.66175555457113,325.14764404296875,608430,0.0,0.0
2015-06-11,327.92731593495165,327.92731593495165,316.8449966623051,318.58001708984375,333215,0.0,0.0
2015-06-12,319.75185577979835,319.75185577979835,314.4922933445152,316.9631042480469,374925,0.0,0.0
2015-06-15,319.5701720461725,323.385404195603,313.67475599232733,320.6511535644531,209660,0.0,0.0
2015-06-16,320.65112525337753,322.27714375254595,316.11828855001005,317.9623107910156,228600,0.0,0.0
2015-06-17,321.56861870057077,329.56240378296303,318.52552029563856,325.8743591308594,446680,0.0,0.0
2015-06-18,326.8281956136512,330.9431829451707,322.65870734172006,324.26654052734375,337215,0.0,0.0
2015-06-19,325.383846796847,330.4435352897286,324.2937726069519,325.7835388183594,485045,0.0,0.0
2015-06-22,329.01742598176094,331.21570461562345,317.57175663936573,321.81390380859375,846495,0.0,0.0
2015-06-23,323.38537422816404,325.2112387232733,312.9025933801422,314.3287658691406,749760,0.0,0.0
2015-06-24,317.7443018627945,323.20368210159654,316.6996636545594,317.88055419921875,912480,0.0,0.0
2015-06-25,317.93511708681376,322.1318561968809,307.0344845009801,313.82012939453125,1554265,0.0,0.0
2015-06-26,316.109208738085,320.4603850749794,313.0116094114568,316.34539794921875,670485,0.0,0.0
2015-06-29,312.4484061065352,314.30152110286986,307.98822801514314,311.6944580078125,685445,0.0,0.0
2015-06-30,311.57637858002767,327.72747954449017,311.57637858002767,326.4103088378906,842175,0.0,0.0
2015-07-01,328.83565894208687,336.2844335758777,326.4375071284523,331.47906494140625,755140,0.0,0.0
2015-07-02,338.3737229792627,338.6462276406189,331.56082922800243,333.9226379394531,796275,0.0,0.0
2015-07-03,334.6493508985533,336.4297794519612,331.1974956612898,334.1497497558594,468000,0.0,0.0
2015-07-06,328.3088078036859,335.73939698926677,324.30282310188267,332.387451171875,366910,0.0,0.0
2015-07-07,332.47834348763206,337.55621751548705,332.38749935018126,334.4586181640625,937740,0.0,0.0
2015-07-08,334.2860185666227,345.18664960683867,331.5427030679942,342.08905029296875,763190,0.0,0.0
2015-07-09,344.4599648886069,348.6385181001384,342.46150470086104,345.4410095214844,351260,0.0,0.0
2015-07-10,347.00338931017325,349.8920496150885,342.99740444728786,343.8603820800781,334730,0.0,0.0
2015-07-13,345.18663251406485,352.45371951436096,339.75447500151824,350.4280090332031,298195,0.0,0.0
2015-07-14,352.24477597288643,353.27125643313815,346.09501366269467,347.63018798828125,327110,0.0,0.0
2015-07-15,349.0381354710428,359.35741211756704,348.8292244882003,353.798095703125,755825,0.0,0.0
2015-07-16,358.24923798687763,366.80621769586577,354.633852101746,365.05303955078125,642760,0.0,0.0
2015-07-17,366.0795133165275,371.48442044550364,358.485420589894,360.883544921875,574430,0.0,0.0
2015-07-20,358.6307304153026,365.35280803121674,358.6307304153026,363.4724426269531,354940,0.0,0.0
2015-07-21,365.17112918684614,365.17112918684614,338.82793827535727,342.39788818359375,463080,0.0,0.0
2015-07-22,342.4614592425887,366.6245279589594,342.4614592425887,361.0016174316406,1398785,0.0,0.0
2015-07-23,361.0016803688774,364.07202945698884,354.2705368422655,355.15167236328125,354520,0.0,0.0
2015-07-24,358.2674175271989,358.2674175271989,346.2858044820924,348.6476135253906,330750,0.0,0.0
2015-07-27,348.820152791928,352.09034726869936,337.03838766818546,347.8209228515625,256215,0.0,0.0
2015-07-28,348.4568315862251,352.06312466429756,343.36986507776265,349.5650634765625,917585,0.0,0.0
2015-07-29,352.0903755062435,359.1667093312896,338.4645871950246,341.444091796875,881725,0.0,0.0
2015-07-30,346.30772980996323,352.52446418081735,341.91946970102407,347.72479248046875,604700,2.4,0.0
2015-07-31,350.6137714558007,350.6137714558007,342.10235513512185,345.00042724609375,849900,0.0,0.0
2015-08-03,345.02784602378483,348.2733552734987,332.7955345792575,338.67401123046875,1081550,0.0,0.0
2015-08-04,341.5537540964815,346.2162974640212,333.69142989433857,337.67742919921875,982005,0.0,0.0
2015-08-05,341.73666875613964,354.50836976091983,336.65358928579343,351.0343322753906,605060,0.0,0.0
2015-08-06,354.1701060728043,358.1744086499479,347.60598937779247,351.1074523925781,586110,0.0,0.0
2015-08-07,351.06173299536624,357.43387025453256,349.6081213551679,351.3085632324219,422590,0.0,0.0
2015-08-10,351.97596673222347,353.5941319119445,343.93993619927966,346.4814758300781,438250,0.0,0.0
2015-08-11,350.6959961916193,353.62149345053973,346.4997153975099,349.88232421875,533605,0.0,0.0
2015-08-12,349.88232421875,349.88232421875,349.88232421875,349.88232421875,0,0.0,0.0
2015-08-13,372.82023477712374,373.4967789623658,352.158811392815,355.651123046875,967965,0.0,0.0
2015-08-14,359.8382671122812,365.59786227258763,357.27842534112824,362.8460693359375,533330,0.0,0.0
2015-08-17,365.32361080535827,365.6892945199024,356.91274587144886,363.2026062011719,249965,0.0,0.0
2015-08-18,364.7750963256303,368.4685662658063,358.37553323219817,362.5078125,191225,0.0,0.0
2015-08-19,362.39814903851044,369.8856408929164,361.1182418625188,366.1098937988281,617960,0.0,0.0
2015-08-20,365.4607612196375,370.62611724289076,352.8901909462916,353.9781188964844,510505,0.0,0.0
2015-08-21,353.98725796729957,365.68930455304513,344.59816721697706,356.5836486816406,515310,0.0,0.0
2015-08-24,353.25579097568436,357.0955390547173,329.24831197256873,336.9734802246094,681510,0.0,0.0
2015-08-25,347.22197091931935,347.40482672491555,316.6686462560234,333.3806457519531,628915,0.0,0.0
2015-08-26,336.7998251708356,339.7253506044096,326.36853499096435,335.49249267578125,602715,0.0,0.0
2015-08-27,338.62828092127603,351.8662434180892,338.62828092127603,347.6973876953125,428730,0.0,0.0
2015-08-28,351.4274279019648,356.547083917682,348.6847580256749,352.6982116699219,274630,0.0,0.0
2015-08-31,352.78045803472355,355.63282999642126,345.21069094411104,347.0757141113281,211275,0.0,0.0
2015-09-01,347.2219448952577,349.05039121466376,334.79765550287885,343.52850341796875,417920,0.0,0.0
2015-09-02,343.5650575503792,348.7395640620166,334.6056816071868,336.7358093261719,699510,0.0,0.0
2015-09-03,339.1767668691056,344.84496119506207,337.8694345445288,341.0783386230469,829755,0.0,0.0
2015-09-04,343.9308526284037,343.9308526284037,329.12042245784704,331.42425537109375,884805,0.0,0.0
2015-09-07,330.94881049977005,333.6914802000444,326.3776943326462,328.955810546875,575465,0.0,0.0
2015-09-08,329.1203732156757,331.8264662501494,322.5653801731831,325.49090576171875,859865,0.0,0.0
2015-09-09,330.0345748042664,335.3279349378852,327.31933078752706,329.0929260253906,369590,0.0,0.0
2015-09-10,326.377707699617,330.400284511457,322.7208146161479,326.26800537109375,308650,0.0,0.0
2015-09-11,328.379875623614,330.9396897524961,324.0007381211049,325.719482421875,144160,0.0,0.0
2015-09-14,330.21746681461264,330.930559871958,324.5492711999014,328.8552551269531,182465,0.0,0.0
2015-09-15,332.6035519533197,333.3257961188945,326.3776939725562,326.7433776855469,237285,0.0,0.0
2015-09-16,328.94665044195216,356.18136763708344,326.19482965620904,350.8240051269531,1587435,0.0,0.0
2015-09-18,355.0660351613769,356.18138865764604,344.0862048505539,350.961181640625,656380,0.0,0.0
2015-09-21,350.6960057389186,368.0296688420042,349.9646104793703,363.70538330078125,747885,0.0,0.0
2015-09-22,364.7202156473249,372.45453631957633,351.97594165765236,354.5906066894531,652400,0.0,0.0
2015-09-23,354.3346360181901,370.2604173567406,345.57638953295793,368.5050964355469,935240,0.0,0.0
2015-09-24,373.7344635239901,379.6769148093268,370.55298438407164,372.78369140625,1442555,0.0,0.0
2015-09-28,373.88072568675034,388.5448741611759,372.39053735245744,378.27813720703125,1648190,0.0,0.0
2015-09-29,374.46583749983495,381.4139395705112,373.14935382750144,377.1536560058594,981465,0.0,0.0
2015-09-30,377.75702315973336,385.07080848402734,377.75702315973336,382.45611572265625,1126280,0.0,0.0
2015-10-01,384.887985140428,394.94444080918026,382.51099912965617,384.1657409667969,1411775,0.0,0.0
2015-10-05,386.7164126272275,389.95277055905234,376.2942737534196,380.5362548828125,966830,0.0,0.0
2015-10-06,382.60249884228216,390.83050957007316,366.1464773867001,389.1391906738281,938769,0.0,5.0
2015-10-07,389.27625013108303,393.71023848997277,383.9737664214059,386.8992919921875,657983,0.0,0.0
2015-10-08,386.7164598534649,391.28757640019614,372.4545706476871,374.19158935546875,1096058,0.0,0.0
2015-10-09,375.9743232583815,380.6368675584007,367.33490211717293,373.0487976074219,648661,0.0,0.0
2015-10-12,374.83147827790907,376.24851295047296,368.020504890714,372.18023681640625,315478,0.0,0.0
2015-10-13,373.91725603164224,384.75080558221623,370.26036355211517,383.4251708984375,726318,0.0,0.0
2015-10-14,383.9738091887949,389.8248330821715,382.1453624783721,386.8536071777344,700885,0.0,0.0
2015-10-15,388.49921593979195,388.5449159464211,383.2424317828698,384.5223388671875,410631,0.0,0.0
2015-10-16,386.6707382370623,388.0877731273989,381.32252659632013,382.05389404296875,398945,0.0,0.0
2015-10-19,383.88233838398367,397.45855927204434,383.2423988467626,393.8016662597656,773556,0.0,0.0
2015-10-20,399.9726425779646,401.34397735251764,389.6419317696161,395.08154296875,909952,0.0,0.0
2015-10-21,396.68145989072434,405.5951365174571,391.2875483324722,394.3044738769531,1599836,0.0,0.0
2015-10-23,414.1431824000012,414.41743824826,401.3897553581937,405.0923767089844,2948880,0.0,0.0
2015-10-26,406.8293268250123,406.8293268250123,388.5905626984116,390.51043701171875,1282702,0.0,0.0
2015-10-27,389.45911463120405,393.8016751816694,385.80222153607536,388.5448913574219,907195,0.0,0.0
2015-10-28,391.058963720052,395.3100959104991,384.979385176735,389.3676452636719,908006,0.0,0.0
2015-10-29,390.37332111214477,392.65887919828145,379.58549810553126,381.0025329589844,1410282,0.0,0.0
2015-10-30,383.8823152672651,388.17917545789504,354.26148923149736,381.0482177734375,1297038,0.0,0.0
2015-11-02,383.05956103318664,383.92808432435976,369.4376395024361,375.1972351074219,727988,0.0,0.0
2015-11-03,375.7914611819905,387.63066360049527,375.7914611819905,386.4878845214844,722608,0.0,0.0
2015-11-04,388.5448976775612,397.59570265525065,387.6306743889081,393.8473815917969,1073924,0.0,0.0
2015-11-05,395.31011349899046,399.8812295845474,390.8304253151203,392.56744384765625,941652,0.0,0.0
2015-11-06,394.94445236712687,395.53869191224027,372.72883808142797,376.02001953125,1755792,0.0,0.0
2015-11-09,368.6604815766846,383.28805183143214,357.4612481003935,380.6368103027344,1786965,0.0,0.0
2015-11-10,380.31689114512085,385.0708634443872,373.1859605961022,375.1972351074219,1103070,0.0,0.0
2015-11-13,384.88798804995855,393.1159972956821,374.3744206804229,376.9342346191406,2753315,0.0,0.0
2015-11-16,376.65996756584315,380.9568278703564,360.4325053709555,362.7637634277344,2523258,0.0,0.0
2015-11-17,363.8608694007264,378.48844203995156,363.8608694007264,377.57421875,2891712,0.0,0.0
2015-11-18,377.66562638380884,378.396993816554,370.9917799855226,373.0030822753906,1243131,0.0,0.0
2015-11-19,376.61431884765625,379.0827051439128,374.37446048820124,376.61431884765625,1332890,0.0,0.0
2015-11-20,379.4025803804432,383.56228425839953,376.65991112468095,381.5967102050781,1300726,0.0,0.0
2015-11-23,384.70513535825137,389.4134074513698,383.333800472849,387.5849609375,2459984,0.0,0.0
2015-11-24,387.44778198367277,388.40773308603656,376.24854775524096,377.2999267578125,1089548,0.0,0.0
2015-11-26,380.27114054709307,382.0538589972255,368.4319392788035,370.0318298339844,3360833,0.0,0.0
2015-11-27,371.17462950442314,377.11708046939543,366.6035133775214,375.88287353515625,3028425,0.0,0.0
2015-11-30,376.70564736895136,379.40261688992695,360.24963025083406,363.12945556640625,18823165,0.0,0.0
2015-12-01,366.6035614672971,369.30053149589975,362.76381225706325,366.6492614746094,2350222,0.0,0.0
2015-12-02,368.52338823278984,373.78017178588755,366.2835301676054,371.5403137207031,1405560,0.0,0.0
2015-12-03,371.17462942806384,374.3744107162368,366.1007016881982,368.9804992675781,1152469,0.0,0.0
2015-12-04,368.477640679354,368.98048016710726,355.4956882935686,359.4725646972656,1817625,0.0,0.0
2015-12-07,362.85517944573525,363.81513053758175,357.68982398918956,359.746826171875,718726,0.0,0.0
2015-12-08,359.6554676613598,365.3693637156515,358.37556052517505,360.1125793457031,1088942,0.0,0.0
2015-12-09,360.15822452462004,361.9409429441333,349.64465819972173,351.7930603027344,978088,0.0,0.0
2015-12-10,354.12442473853764,361.11822787564637,344.61650735672504,360.0211486816406,1205982,0.0,0.0
2015-12-11,360.20398458485494,362.7637986960638,352.06740269578245,355.45001220703125,701722,0.0,0.0
2015-12-14,354.26154734557326,366.60356254341906,352.1131168978236,363.4952087402344,932627,0.0,0.0
2015-12-15,365.41509024315076,366.23788569188287,360.3868617343752,361.89532470703125,566836,0.0,0.0
2015-12-16,364.8207497001019,369.0719098172704,357.8269479361871,360.2496337890625,788043,0.0,0.0
2015-12-17,362.94658391069606,364.22649071730774,358.6954519209364,360.70672607421875,739580,0.0,0.0
2015-12-18,362.85521829817515,363.4037578522679,356.8213390029161,357.552734375,628627,0.0,0.0
2015-12-21,361.1181781536279,361.1181781536279,353.8958201705312,354.8557434082031,773971,0.0,0.0
2015-12-22,362.032442544566,362.76381005642025,356.2728466640371,357.09564208984375,842752,0.0,0.0
2015-12-23,358.83265547647227,362.48954878069105,357.64417631255384,358.19268798828125,991923,0.0,0.0
2015-12-24,361.1181897602706,361.1181897602706,356.1813897080808,356.5927734375,569463,0.0,0.0
2015-12-28,359.0155207858448,360.79823957881695,353.9415644522721,355.4043273925781,1241987,0.0,0.0
2015-12-29,356.5470535012694,359.2440231428329,353.30157225114505,354.49005126953125,704125,0.0,0.0
2015-12-30,356.54706688150617,357.6441459395549,349.6903925184003,351.290283203125,956264,0.0,0.0
2015-12-31,351.29029850767125,351.88453806505356,292.6428801468091,299.4538269042969,26761414,0.0,0.0
2016-01-01,297.1226084704025,308.91608488817394,295.84270127543,304.1621398925781,7005090,0.0,0.0
2016-01-04,305.39626441588206,305.6248202275688,291.63721571229155,293.2828063964844,4827927,0.0,0.0
2016-01-05,294.56273425040115,297.03112021793584,282.99778813442686,286.7004089355469,4874911,0.0,0.0
2016-01-06,279.29521634703207,297.48825431961217,278.8381046999829,293.23712158203125,7555889,0.0,0.0
2016-01-07,287.70607727066215,291.6372262132714,278.929528205898,280.5294189453125,2850623,0.0,0.0
2016-01-08,283.27208794498523,287.340364787514,281.6264693065351,283.6834716796875,1615678,0.0,0.0
2016-01-11,280.66648581816463,295.6140387698887,278.8380396564828,288.0259704589844,3814191,0.0,0.0
2016-01-12,289.76309923708675,296.574046391067,288.5288921461334,293.1914367675781,2784973,0.0,0.0
2016-01-13,295.29410174977903,298.85956674820625,287.98031594792695,293.602783203125,3225501,0.0,0.0
2016-01-14,288.8945269291124,296.71112401360415,286.3347131669067,288.117431640625,2398811,0.0,0.0
2016-01-15,294.2884582709883,294.2884582709883,280.66653744096305,282.0378723144531,2081169,0.0,0.0
2016-01-18,281.58073944078643,283.86629739079285,270.6100612807558,274.90692138671875,2290276,0.0,0.0
2016-01-19,276.095486305052,283.59212987461376,273.5356717641649,282.2207946777344,1729854,0.0,0.0
2016-01-20,277.8324568502809,277.92388476077053,270.6100983196976,275.86688232421875,2113279,0.0,0.0
2016-01-21,277.46674705552437,280.8950841278744,269.6958496915311,271.1128845214844,3104379,0.0,0.0
2016-01-22,274.17554689514714,277.0553445505719,272.6213841112078,275.135498046875,1079662,0.0,0.0
2016-01-25,276.27824844212023,280.6665084236468,275.63828107403754,277.1010437011719,787133,0.0,0.0
2016-01-27,279.112375283538,279.5694869547524,276.0954494134761,278.79241943359375,766929,0.0,0.0
2016-01-28,277.0096303091965,278.79237671371186,271.8899747961136,273.3984375,1624835,0.0,0.0
2016-01-29,275.1811340580372,282.0378068335697,272.6213207151209,278.1066589355469,1801067,0.0,0.0
2016-02-01,281.80933145535806,292.27719937172196,278.83810573847273,291.36297607421875,1926727,0.0,0.0
2016-02-02,292.41431597466385,294.19703459590414,288.16318338570034,289.71734619140625,1856966,0.0,0.0
2016-02-03,287.9802849026104,293.64847944794536,281.3978672306004,289.85443115234375,1354524,0.0,0.0
2016-02-04,292.09435145306867,293.46568643641643,281.7636390718017,285.5119323730469,1242684,0.0,0.0
2016-02-05,287.24888796915207,301.3279170895649,283.6833958225323,298.4481201171875,3736272,0.0,0.0
2016-02-08,299.3624433917434,305.1677392720877,293.96850337396756,298.81390380859375,1503817,0.0,0.0
2016-02-09,294.19703212500536,301.4651181579075,292.55144142693075,300.1852111816406,778119,0.0,0.0
2016-02-10,298.03670859261666,299.31661525813183,293.00848191390685,298.4481201171875,619566,0.0,0.0
2016-02-11,297.1682634879554,305.99054038516243,290.72300057847895,292.36859130859375,1350362,0.0,0.0
2016-02-12,295.2026985214522,295.2026985214522,277.9238837003228,278.9295349121094,2642858,0.0,0.0
2016-02-15,282.03787736848045,289.2602355849745,281.5350657324757,287.84320068359375,868622,0.0,0.0
2016-02-16,288.43742564127086,289.58020466520617,282.9520863263814,284.7348327636719,524865,0.0,0.0
2016-02-17,284.4148744092886,291.72866081441396,279.66090208600474,287.11181640625,765709,0.0,0.0
2016-02-18,289.900172792453,296.9854023600869,288.80309382848145,294.74554443359375,896441,0.0,0.0
2016-02-19,294.3798659501306,307.4075463532031,289.8087500192279,299.2709655761719,1514690,0.0,0.0
2016-02-22,301.69373942846846,304.39070977422267,298.9510690700278,300.9623718261719,810910,0.0,0.0
2016-02-23,301.693645252222,304.29918685937565,298.17388047763734,302.1507568359375,744270,0.0,0.0
2016-02-24,303.3392622336758,305.35056453728635,292.0943274540808,294.4713134765625,961670,0.0,0.0
2016-02-25,294.37990545732623,299.86524531056835,292.3229030123604,297.85394287109375,1196333,0.0,0.0
2016-02-26,299.4081202286813,300.96231094401884,290.72299918387984,292.8714294433594,712190,0.0,0.0
2016-02-29,292.87140741838317,292.87140741838317,281.80930112904366,287.6146240234375,1375532,0.0,0.0
2016-03-01,289.80876995828015,298.90530244657543,287.61463974046467,298.2196350097656,866369,0.0,0.0
2016-03-02,301.6936548941971,308.5960288689465,298.17389000712257,301.9222106933594,1494980,0.0,0.0
2016-03-03,304.34497904403406,307.5904890114067,300.5966573422233,304.7106628417969,650101,0.0,0.0
2016-03-04,305.8076498657299,310.83587729252065,302.6535687744285,308.96173095703125,870554,0.0,0.0
2016-03-08,307.17901045233833,309.55599647033824,302.15078260267205,306.9047546386719,738298,0.0,0.0
2016-03-09,307.17898759637234,316.3212193700739,303.11068329712424,314.76702880859375,1458882,0.0,0.0
2016-03-10,319.70391972732233,319.70391972732233,313.21292829996713,315.4527587890625,975692,0.0,0.0
2016-03-11,318.42400708205827,318.42400708205827,311.56733140931897,315.08709716796875,763496,0.0,0.0
2016-03-14,315.4070506762433,319.79531152569905,314.72138317477317,318.83538818359375,588653,0.0,0.0
2016-03-15,318.1953743260666,318.88104172763104,307.3618517012504,309.51025390625,634543,0.0,0.0
2016-03-16,309.0531450641884,312.664337904617,303.52210580214285,309.6016845703125,1063144,0.0,0.0
2016-03-17,312.87819118923613,313.6165355362495,309.1864131221065,311.4937744140625,772343,3.2,0.0
2016-03-18,311.03224456760745,315.8315664326872,309.09405580801655,315.04705810546875,588296,0.0,0.0
2016-03-21,315.64700451624356,318.13896581830994,312.1859628000567,314.72406005859375,554791,0.0,0.0
2016-03-22,315.37013613237957,315.37013613237957,287.95867415329786,302.44891357421875,1315949,0.0,0.0
2016-03-23,287.0357015164544,303.18722812911665,287.0357015164544,295.57293701171875,4389379,0.0,0.0
2016-03-28,298.1110907830881,298.9878993753337,290.8198344435813,294.0501403808594,797804,0.0,0.0
2016-03-29,296.9112453619935,297.09581735519225,284.26689493764104,292.0196228027344,1337133,0.0,0.0
2016-03-30,296.49587432241947,299.40314341019666,291.74271652290736,294.7884216308594,1017229,0.0,0.0
2016-03-31,297.74187352666166,297.7880094809406,291.46583461317147,292.4810791015625,1946579,0.0,0.0
2016-04-01,292.11192541517363,300.60302582477556,289.02005580048,296.1267395019531,979329,0.0,0.0
2016-04-04,297.0034800453031,298.0648885787719,289.34305322008146,290.86590576171875,1219970,0.0,0.0
2016-04-05,290.7275195960764,295.29610617042715,287.95868607611374,294.1424255371094,749704,0.0,0.0
2016-04-06,295.3422160671701,295.3422160671701,289.1584771518523,290.2660217285156,1649292,0.0,0.0
2016-04-07,291.6504318882042,295.71138163572044,289.89684315246177,294.8807373046875,642731,0.0,0.0
2016-04-08,297.1881419093926,298.0187863622683,292.5734192089362,296.8189697265625,521009,0.0,0.0
2016-04-11,294.4653953167971,296.0805479935582,290.1737095517518,293.17327880859375,897856,0.0,0.0
2016-04-12,293.9116745004118,295.34222714674195,280.75971594778343,292.94256591796875,2678163,0.0,0.0
2016-04-13,294.6038500764195,297.9725913469001,293.03483340281275,295.52679443359375,697104,0.0,0.0
2016-04-18,295.3422262965741,306.64829589698985,295.0653542258329,304.6639709472656,919791,0.0,0.0
2016-04-20,304.66395958569495,308.35573727672784,299.8646373209408,301.2490539550781,875314,0.0,0.0
2016-04-21,301.94124480992656,305.26385017290505,300.4183922336526,303.1872253417969,415869,0.0,0.0
2016-04-22,303.0949472122742,310.98613904133384,303.0949472122742,309.83245849609375,942686,0.0,0.0
2016-04-25,308.26338505704774,309.18632932368564,303.41792765719896,305.4022521972656,241293,0.0,0.0
2016-04-26,303.64865223954365,304.71003247282994,302.0796357791916,302.7257080078125,325953,0.0,0.0
2016-04-27,304.57166756876444,306.55599249699145,300.92602573599936,301.6643981933594,318091,0.0,0.0
2016-04-28,301.9413080808666,304.11023343661043,298.8956022900997,301.8951721191406,330118,0.0,0.0
2016-04-29,302.86420606544124,304.1101866667809,299.1262924274506,302.3565979003906,276275,0.0,0.0
2016-05-02,300.00307664987815,303.55641834977433,298.7109600770147,299.5877685546875,328278,0.0,0.0
2016-05-03,299.9569002378388,301.4336167645224,294.6961064134113,295.4344787597656,729721,0.0,0.0
2016-05-04,295.8036686655264,300.78756259798047,294.4192521195099,298.15716552734375,453894,0.0,0.0
2016-05-05,300.97223572072437,302.63352471238375,295.20383204686055,296.17291259765625,491454,0.0,0.0
2016-05-06,295.89596166793007,297.5572502170608,291.14280394000355,293.4501647949219,573580,0.0,0.0
2016-05-09,293.4963187395849,296.5420239883959,292.3887741949112,295.61907958984375,397187,0.0,0.0
2016-05-10,299.49545627670346,310.8476610725526,299.0339840790506,307.70965576171875,1423339,0.0,0.0
2016-05-11,303.6486768751173,312.693519813498,303.0949046579455,307.3404541015625,883223,0.0,0.0
2016-05-12,310.1093168227191,310.8938251919345,305.67919499166277,307.70965576171875,435661,0.0,0.0
2016-05-13,309.1402058574482,312.78581895823515,299.2646905393168,301.387451171875,1768865,0.0,0.0
2016-05-16,304.5716829139325,304.7101189547781,296.31131842909684,296.9112548828125,739442,0.0,0.0
2016-05-17,298.5263535591197,299.4954338351653,294.5115401071689,295.84979248046875,755235,0.0,0.0
2016-05-18,296.2651379585266,296.9573462247849,294.23464911109187,295.3421936035156,692414,0.0,0.0
2016-05-19,295.24990375393355,301.5720784377858,294.9730317042578,299.6800537109375,661567,0.0,0.0
2016-05-20,300.87981815679706,302.26423449800933,295.5728888488168,296.772705078125,567936,0.0,0.0
2016-05-23,298.7571241982773,301.3413573440043,294.9268822688919,299.5877685546875,402821,0.0,0.0
2016-05-24,299.26471739415524,299.86462561231815,291.7427262755878,293.17327880859375,581585,0.0,0.0
2016-05-25,296.26520023149817,297.97265328036906,293.58866667258206,294.97308349609375,525198,0.0,0.0
2016-05-26,296.9112632783184,297.1881353678386,293.3579212439749,295.4806823730469,511318,0.0,0.0
2016-05-27,296.357490087616,305.494635174119,296.357490087616,301.9874572753906,644023,0.0,0.0
2016-05-30,303.8794572356117,309.1863877719967,300.9721878793196,308.3557434082031,446332,0.0,0.0
2016-05-31,308.7249267564504,312.32440457421643,305.72535721397367,310.478515625,983326,0.0,0.0
2016-06-01,312.5089411100921,317.86200670654694,306.18676711298684,307.2943115234375,673064,0.0,0.0
2016-06-02,308.2633923992313,309.18633668785174,297.6495330800961,299.3108215332031,1105161,0.0,0.0
2016-06-03,299.3108659036506,303.4641158181288,292.9425550013231,294.9268798828125,644842,0.0,0.0
2016-06-06,299.8184896344613,299.95692565925236,296.26514811267697,298.3879089355469,868341,0.0,0.0
2016-06-07,296.4958893260346,301.341347439534,294.41926442024914,294.6961364746094,816821,0.0,0.0
2016-06-08,295.3883464499023,296.21901894974457,293.6809218282952,294.5115661621094,617066,0.0,0.0
2016-06-09,295.52681760916295,296.58819806994273,293.58862867389666,294.0039367675781,411281,0.0,0.0
2016-06-10,294.92688985970415,295.9882985176883,292.11192053329904,293.3117370605469,526517,0.0,0.0
2016-06-13,292.4810755416438,295.89598109756884,290.26601460867823,294.6961364746094,388158,0.0,0.0
2016-06-14,295.66524598665063,297.1880986227854,293.3578849724986,294.32696533203125,268606,0.0,0.0
2016-06-15,294.6038267242499,297.095759391478,293.95775445902916,294.4653625488281,363739,0.0,0.0
2016-06-16,294.65000479273215,295.84982126705864,292.06577169447735,292.6656799316406,510505,0.0,0.0
2016-06-17,294.4192881614094,294.4192881614094,288.00481277988195,289.25079345703125,572056,0.0,0.0
2016-06-20,287.8663747103798,295.34223055449644,285.0514053418192,291.2812805175781,722188,0.0,0.0
2016-06-21,293.45022003065867,293.45022003065867,290.35835026988445,291.00439453125,355882,0.0,0.0
2016-06-22,291.92729068986205,293.957779554451,290.7274742846219,293.4963073730469,255986,0.0,0.0
2016-06-23,293.49633492768214,293.49633492768214,289.0662128366949,289.9429931640625,930901,0.0,0.0
2016-06-24,287.86644076015665,289.34315788496184,281.49812808584807,288.1433410644531,974050,0.0,0.0
2016-06-27,290.08143599057206,296.03443909537907,287.6818028986167,295.38836669921875,908700,0.0,0.0
2016-06-28,294.05009962487054,298.48022160127135,294.05009962487054,296.2190246582031,718927,0.0,0.0
2016-06-29,296.68048435307765,299.95692565925236,294.55769536418035,298.3879089355469,479849,0.0,0.0
2016-06-30,299.03396191607237,304.57162787748115,298.43405373679155,302.91033935546875,1431600,0.0,0.0
2016-07-01,303.32571514875764,306.23298479461164,299.91083727614716,302.95654296875,1140087,0.0,0.0
2016-07-04,303.3718483944872,308.72491487478334,303.3718483944872,308.171142578125,413464,0.0,0.0
2016-07-05,309.00177266950897,310.4784893370558,303.69484238984484,308.4480285644531,304412,0.0,0.0
2016-07-07,309.18641238048764,321.646163327164,307.06365126339233,316.7084045410156,1214655,0.0,0.0
2016-07-08,320.16941556613597,336.5978432393141,319.3387712164089,332.536865234375,3446946,0.0,0.0
2016-07-11,338.6744631270822,347.0270987862441,337.79765466958867,342.181640625,2028227,0.0,0.0
2016-07-12,346.1041838511895,346.1041838511895,336.8747389484911,343.1046142578125,1104187,0.0,0.0
2016-07-13,341.3971135344075,341.3971135344075,329.8603090207682,332.767578125,966998,0.0,0.0
2016-07-14,337.7053617187524,339.45895050470136,333.7828478864326,336.4593811035156,565133,0.0,0.0
2016-07-15,338.35144008456604,345.68883154252705,336.87472333536954,337.6130676269531,529524,0.0,0.0
2016-07-18,335.9517621926202,340.5664842007606,332.2599845861079,333.22906494140625,242248,0.0,0.0
2016-07-19,333.4136803872849,333.7828525316705,323.9996357922911,329.21429443359375,520978,0.0,0.0
2016-07-20,330.04495403455167,344.7197657379826,330.04495403455167,344.0275573730469,1110640,0.0,0.0
2016-07-21,345.78113690637,350.5342952504197,342.4123952547249,344.53515625,1060766,0.0,0.0
2016-07-22,345.2735244268551,347.85775762080743,341.6740467045538,343.1968994140625,436224,0.0,0.0
2016-07-25,343.7044992863591,346.9809689047316,338.212996840457,343.3353271484375,482121,0.0,0.0
2016-07-26,343.33533147413704,353.4877203080497,343.33533147413704,345.9657287597656,974178,0.0,0.0
2016-07-27,347.0271164996069,348.873005417158,324.46111321613284,330.1833801269531,2420430,0.0,0.0
2016-07-28,332.259976034675,335.9517535461714,330.4140872789268,333.9212646484375,1650825,0.0,0.0
2016-07-29,335.7671626153325,341.39712910801757,334.15200990974415,338.6282958984375,1136288,0.0,0.0
2016-08-01,344.2583477730129,344.2583477730129,323.9535658668298,325.5225830078125,1873904,0.0,0.0
2016-08-02,328.29132082786066,329.76800927423056,319.20031322900934,321.23077392578125,990910,0.0,0.0
2016-08-03,322.93826734928547,328.3374981809699,314.95480324457054,320.9078063964844,1132882,0.0,0.0
2016-08-04,324.87640625,350.4881115722656,323.95346191406253,340.3357238769531,5627063,0.0,0.0
2016-08-05,342.41243736340124,350.02673010800515,337.8900145786007,347.5809326171875,1468306,0.0,0.0
2016-08-08,348.7807077643615,349.3344800766851,340.5665076573231,344.90435791015625,666747,0.0,0.0
2016-08-09,346.33491665057267,352.10331965940964,343.7968193266844,350.1651306152344,1234421,0.0,0.0
2016-08-10,350.7188981649836,353.0262593371217,340.5665090075762,342.68927001953125,768051,0.0,0.0
2016-08-11,340.84338863843294,345.5042752091032,338.9974996597985,343.65838623046875,399068,0.0,0.0
2016-08-12,343.47378185262124,348.68841252008673,339.1820956631507,341.0279846191406,502373,0.0,0.0
2016-08-16,341.0279767382276,350.71889353322456,331.3831958996521,335.9517822265625,1464393,0.0,0.0
2016-08-17,336.7824135164277,346.56563001010505,335.7210330657143,345.18121337890625,629465,0.0,0.0
2016-08-18,345.1811835893315,346.0579919798325,337.56689277486095,339.5973815917969,458099,0.0,0.0
2016-08-19,339.6435546758363,346.8425100574451,339.6435546758363,344.3044128417969,946060,0.0,0.0
2016-08-22,344.62747017407946,346.98099554533314,338.9052311818791,340.7049560546875,383199,0.0,0.0
2016-08-23,340.7049216662384,346.1041520717635,339.0436330027051,343.4737548828125,332823,0.0,0.0
2016-08-24,343.42764467387644,351.78028090361613,342.50470019916355,347.35015869140625,548253,0.0,0.0
2016-08-25,347.58086983598764,362.71715250051335,345.9657171212907,354.272216796875,1913874,0.0,0.0
2016-08-26,355.4258915537051,359.025369054984,346.6579198158585,352.56475830078125,838090,0.0,0.0
2016-08-29,351.64183010610003,352.5647745420741,347.02710792623,351.5495300292969,375448,0.0,0.0
2016-08-30,353.1646923731634,359.02539533379763,353.1646923731634,356.441162109375,534414,0.0,0.0
2016-08-31,357.17949672194413,360.8712744658402,348.96529687498116,351.5495300292969,1144436,0.0,0.0
2016-09-01,351.6418304138387,353.62615531971363,344.9504832471712,346.33489990234375,424365,0.0,0.0
2016-09-02,347.90391869898764,361.2404489870628,344.30441284215044,354.91827392578125,1130089,0.0,0.0
2016-09-06,358.1024297688022,358.1024297688022,350.2112663586071,354.0876159667969,763385,0.0,0.0
2016-09-07,354.1337743476858,358.5177602080873,351.22647698112377,352.3801574707031,569048,0.0,0.0
2016-09-08,352.1955744063007,364.5168872803887,351.7341022249942,361.9787902832031,1056453,0.0,0.0
2016-09-09,364.147728100089,370.1007311772066,356.71803640895354,359.8099060058594,1178525,0.0,0.0
2016-09-12,355.70276162879844,356.2103979419959,345.1812012350531,353.3031005859375,306444,0.0,0.0
2016-09-14,356.71801933707883,364.5169109745079,353.7184499636105,361.1943054199219,568595,0.0,0.0
2016-09-15,360.87129234200097,365.5783148318418,354.8260172533233,355.5643615722656,410034,0.0,0.0
2016-09-16,354.41067036630056,361.65578996402587,354.41067036630056,358.28704833984375,619447,0.0,0.0
2016-09-19,358.2870403630629,363.1786345943645,356.1181153110598,357.8717041015625,830050,0.0,0.0
2016-09-20,357.8717283790402,380.76074061694817,340.01274674548733,362.6710510253906,1479001,0.0,0.0
2016-09-21,363.59397321846063,367.33188693213737,357.6871062726583,361.2404479980469,698764,0.0,0.0
2016-09-22,362.7171404565252,366.68579001444783,359.6714352763546,361.84033203125,864089,0.0,0.0
2016-09-23,362.62485970836315,368.0240902391209,360.0406265793651,364.3784484863281,707248,0.0,0.0
2016-09-26,362.7632738903747,368.8085764222945,361.74805761471777,363.68621826171875,461592,0.0,0.0
2016-09-27,364.37847588337564,374.3924293017267,364.37847588337564,366.77813720703125,1082961,0.0,0.0
2016-09-28,367.23955511720345,371.94657698520916,365.4859664668557,368.1163635253906,421374,0.0,0.0
2016-09-29,368.57782816974543,371.7619692462186,339.73581751676716,356.902587890625,895083,0.0,0.0
2016-09-30,355.4259135626613,361.9326606730417,328.38362426020535,357.9178466796875,348271,0.0,0.0
2016-10-03,360.8712927980704,367.424204259579,359.2100039953354,360.4098205566406,415038,0.0,0.0
2016-10-04,360.96360259551,363.9170081205381,358.56394124227825,359.34844970703125,471646,0.0,0.0
2016-10-05,359.9944553880924,362.99402471670953,357.73325848613626,358.9330749511719,397808,0.0,0.0
2016-10-06,359.39461849608847,363.27099704895045,355.33366792444446,357.3179931640625,465845,0.0,0.0
2016-10-07,359.25613369258775,360.8712865094459,356.856472445764,359.8099060058594,261670,0.0,0.0
2016-10-10,360.2713492579125,362.2095381154344,355.333591124663,358.3331604003906,188207,0.0,0.0
2016-10-13,358.7946643190534,367.56263682331326,352.9339612751053,363.3632507324219,540050,0.0,0.0
2016-10-14,363.73237824411495,367.33185561822387,357.779375850223,361.794189453125,392478,0.0,0.0
2016-10-17,361.7942142926144,368.2548252621254,356.7641559142266,360.0867614746094,404007,0.0,0.0
2016-10-18,360.5482209589998,365.024506891635,358.4715960778211,364.1015625,288400,0.0,0.0
2016-10-19,364.47071535795016,365.5782598357797,359.94829371119425,361.0096740722656,207454,0.0,0.0
2016-10-20,360.8712574798525,362.9478823630486,356.8564437391346,358.3331604003906,217343,0.0,0.0
2016-10-21,358.4716153497018,362.2095572363964,357.8255711404417,361.425048828125,138972,0.0,0.0
2016-10-24,362.2556794602191,363.54779599578876,358.8869380105462,359.30224609375,308628,0.0,0.0
2016-10-25,359.85604788019134,378.222637437846,359.02540347963986,376.42291259765625,1079617,0.0,0.0
2016-10-26,377.5304176745654,377.6227177531792,344.85818963337795,358.28704833984375,4057998,0.0,0.0
2016-10-27,363.17861781403155,367.33186757302303,356.48727098010085,364.65533447265625,753195,0.0,0.0
2016-10-28,364.5630657873679,394.09728883849647,364.0092934719533,390.359375,2184910,0.0,0.0
2016-11-01,385.7907780983142,396.6815112853956,383.9910251637405,391.7899169921875,798038,0.0,0.0
2016-11-02,386.71367873906746,388.55956742039956,373.00794964697167,374.2077941894531,382954,0.0,0.0
2016-11-03,373.79252310113685,381.08377902965657,364.1016058355518,366.039794921875,426032,0.0,0.0
2016-11-04,365.4859384390024,368.9469795227051,347.25778873150165,359.9482727050781,1637920,0.0,0.0
2016-11-07,361.88652340855197,371.8081762167258,350.90349011922115,354.179931640625,642007,0.0,0.0
2016-11-08,354.5952642087941,358.0563058499548,344.119839208342,345.7811279296875,829023,0.0,0.0
2016-11-09,329.49113992748266,356.1180906220547,311.9551969061321,354.364501953125,660812,0.0,0.0
2016-11-10,359.44073325572384,384.49866985389497,357.27180812919426,369.6853942871094,1235856,0.0,0.0
2016-11-11,365.4859583025148,372.9156489662439,347.71927977392033,350.9495849609375,690354,0.0,0.0
2016-11-15,350.71887743697664,350.94961354055357,325.1994700145707,330.64483642578125,786961,0.0,0.0
2016-11-16,333.92128917707174,356.71802825153776,320.35402272533713,344.6736145019531,1521918,0.0,0.0
2016-11-17,346.0580510466527,351.68798995577885,337.9361225586461,340.7049560546875,320128,0.0,0.0
2016-11-18,338.90515938931264,347.90386634519035,332.39838515237074,343.7967529296875,770699,0.0,0.0
2016-11-21,344.25826370407344,346.84249677645954,334.7057834613848,337.7053527832031,411590,0.0,0.0
2016-11-22,337.7053925496496,345.1812487575515,336.8747481190008,342.5970153808594,472605,0.0,0.0
2016-11-23,346.1041416569897,363.1786126454012,341.8124559336485,361.84033203125,812218,0.0,0.0
2016-11-24,361.37888568776077,372.1312109903864,353.21084989330933,365.71673583984375,1360834,0.0,0.0
2016-11-25,367.37803630003714,378.8687062580766,365.20913932078696,373.97711181640625,762452,0.0,0.0
2016-11-28,374.8538614902084,382.09898064531177,371.71585617125436,379.19171142578125,453806,0.0,0.0
2016-11-29,380.2531238778044,382.7912211852412,365.4860122708994,366.91656494140625,563846,0.0,0.0
2016-11-30,366.9627177881054,374.7154455102847,363.0863398440011,370.7467956542969,1264212,0.0,0.0
2016-12-01,370.97754177597733,376.88438076339884,366.639691491292,369.13165283203125,343753,0.0,0.0
2016-12-02,367.6087219502703,370.3314190388983,360.8251035362105,365.3013610839844,413567,0.0,0.0
2016-12-05,369.1777451571707,372.73108658751386,364.8398953851633,367.19342041015625,470367,0.0,0.0
2016-12-06,368.16251988747274,370.10070878363507,362.717153496181,363.7785339355469,305304,0.0,0.0
2016-12-07,367.1934276062994,368.11637198727993,357.36407558206247,360.9173889160156,606052,0.0,0.0
2016-12-08,360.9173924983335,367.9779396157363,355.33359020438985,365.2091064453125,428657,0.0,0.0
2016-12-09,367.7010590747428,368.2548313716654,358.33317864673955,361.2404479980469,328979,0.0,0.0
2016-12-12,362.67103180015806,362.90176791196217,357.36410122866283,360.1329345703125,289566,0.0,0.0
2016-12-13,358.10240728385753,360.87124032986674,351.7802328622646,353.94915771484375,477423,0.0,0.0
2016-12-14,353.4877001444499,358.7484944156216,349.7959225972494,354.41064453125,476333,0.0,0.0
2016-12-15,354.3183412235803,356.94873833514424,349.79591940276583,350.8572998046875,245704,0.0,0.0
2016-12-16,351.64179146127606,354.4106244649081,345.1811811194678,347.211669921875,505561,0.0,0.0
2016-12-19,346.104123246472,351.1803170540869,341.9047378174917,342.7353820800781,288535,0.0,0.0
2016-12-20,344.2582662363465,346.3348911667266,340.24345240440596,342.3662414550781,355411,0.0,0.0
2016-12-21,342.873828728177,345.08888955243503,338.2591069417951,339.45892333984375,318023,0.0,0.0
2016-12-22,339.6897156945316,340.52038828649216,326.95309272086524,328.4298095703125,404950,0.0,0.0
2016-12-23,331.15247469989595,332.0754191981298,303.4641397528802,310.89385986328125,1094980,0.0,0.0
2016-12-26,311.9552591391052,316.9391540956951,304.06409447167397,312.693603515625,659394,0.0,0.0
2016-12-27,315.1855121158483,326.7223170981268,309.55554565129086,323.7227478027344,543086,0.0,0.0
2016-12-28,322.9382168146467,330.92167967007805,316.61604249390854,322.8459167480469,696423,0.0,0.0
2016-12-29,317.40059646893036,325.10718839917865,313.66268264516015,323.6766357421875,1255393,0.0,0.0
2016-12-30,325.7532740888653,330.4602685284006,325.7532740888653,329.16815185546875,308757,0.0,0.0
2017-01-02,330.32181286838363,333.09064621709774,324.46110998039967,327.1838073730469,479218,0.0,0.0
2017-01-03,329.4911825011444,330.8755992343425,325.7994045459495,327.460693359375,361396,0.0,0.0
2017-01-04,328.47593564087356,336.5978639853131,327.137683041061,334.15203857421875,541007,0.0,0.0
2017-01-05,334.56737696723445,339.8743077743009,333.3675603990055,338.81292724609375,482728,0.0,0.0
2017-01-06,341.4894371141672,352.3801700584238,339.8742843710596,350.2112731933594,905369,0.0,0.0
2017-01-09,348.59613640333384,348.59613640333384,330.27568310275194,333.7367248535156,1310348,0.0,0.0
2017-01-10,332.26000787838194,335.30571335085517,326.0301327306623,328.3374938964844,889782,0.0,0.0
2017-01-11,330.6909963114928,334.7519745611543,328.06062707318387,329.30657958984375,702245,0.0,0.0
2017-01-12,324.9687056157391,324.9687056157391,319.1541394122612,322.8459167480469,1028452,0.0,0.0
2017-01-13,326.72230330293786,329.07580015353994,319.06187638456214,322.89208984375,1090470,0.0,0.0
2017-01-16,321.1846757605614,325.7532621563262,320.30786724710185,322.7536926269531,599899,0.0,0.0
2017-01-17,321.18469061627263,324.87646866933324,321.18469061627263,322.6614074707031,494417,0.0,0.0
2017-01-18,326.5377168608379,331.7062111246613,323.95348381194015,328.9373779296875,1051575,0.0,0.0
2017-01-19,333.0445088944004,336.1825143768605,330.5064116684941,334.05975341796875,4660613,0.0,0.0
2017-01-20,336.8747031715341,337.4746113932916,326.21470670744867,331.5216369628906,826978,0.0,0.0
2017-01-23,330.41413184292827,333.4137014755805,326.58391779136304,330.27569580078125,576356,0.0,0.0
2017-01-24,332.2599958427543,333.5982765368658,326.4915931371509,331.9831237792969,666103,0.0,0.0
2017-01-25,332.81373264342517,333.9212489451748,328.0144108377659,329.9064636230469,930265,0.0,0.0
2017-01-27,332.0753845190731,339.64353988065096,331.89081253831995,334.5212097167969,615194,0.0,0.0
2017-01-30,336.6440277438423,347.85779849744233,335.35191099503,346.98101806640625,946145,0.0,0.0
2017-01-31,350.58043469356704,350.7188707198562,304.01787861711193,323.53814697265625,4568005,0.0,0.0
2017-02-01,323.03052174008025,327.8759795661814,321.7845412373061,324.92254638671875,1288758,0.0,0.0
2017-02-02,323.58430856075404,338.6282908417448,321.1846475150796,337.1054382324219,1110384,0.0,0.0
2017-02-03,336.4132597272119,340.24347364919913,330.09108446675924,336.9208679199219,677047,0.0,0.0
2017-02-06,337.61303531336495,347.95002340233845,336.87469109244967,339.6435241699219,1070855,0.0,0.0
2017-02-07,341.62781125882276,343.79673589701537,335.9055737622986,338.3052062988281,398025,0.0,0.0
2017-02-08,338.8129047727755,344.9504795789,336.18250752271393,343.88909912109375,617951,0.0,0.0
2017-02-09,347.39629259498304,347.39629259498304,336.9670313587953,338.0284118652344,822647,0.0,0.0
2017-02-10,339.64357581522626,339.73587589838223,335.0288533177368,336.0440979003906,682783,0.0,0.0
2017-02-13,337.7515451315193,345.18123696010406,334.1059031538975,344.396728515625,518063,0.0,0.0
2017-02-14,343.42761293309377,346.1041460291806,335.21341350054,337.1054382324219,584589,0.0,0.0
2017-02-15,338.72059155737657,338.8128916296986,329.02967545014917,330.78326416015625,600674,0.0,0.0
2017-02-16,332.21383317136684,407.0184621755402,328.66049175726397,396.40460205078125,8717348,0.0,0.0
2017-02-17,412.55615505764536,425.2466408116557,404.24965529138404,415.3711242675781,11906571,0.0,0.0
2017-02-20,412.60236139363343,417.17094831079544,403.5113798537579,409.46435546875,2419319,0.0,0.0
2017-02-21,410.7103046044402,415.5096272954438,404.24969307133665,405.7264099121094,1803791,0.0,0.0
2017-02-22,408.8643614580008,410.7102502230482,398.6196731787822,400.7424621582031,1183133,0.0,0.0
2017-02-23,397.9736487277969,406.0955484299851,393.2666265105163,397.5121765136719,2508383,0.0,0.0
2017-02-27,401.48083198336985,412.0023929814523,398.7119986593466,403.8804931640625,2290833,0.0,0.0
2017-02-28,405.1264774272179,408.95669125993606,402.86525225923657,406.3262939453125,1339798,0.0,0.0
2017-03-01,409.69503723785226,412.140834406197,403.78819836920013,404.8495788574219,744289,0.0,0.0
2017-03-02,407.8953088189863,408.63365310872814,376.46903356058345,397.742919921875,2833694,0.0,0.0
2017-03-03,396.95840983741897,401.94230418724675,393.17433199487283,397.927490234375,685624,0.0,0.0
2017-03-06,398.3428379062856,406.7416381958517,398.3428379062856,405.4494934082031,622316,0.0,0.0
2017-03-07,407.0184835246342,410.15648887551873,399.26575613832296,402.6806335449219,833536,0.0,0.0
2017-03-08,407.9414731717957,410.4795705727514,403.28061466554396,409.09515380859375,1288535,0.0,0.0
2017-03-09,408.818285266212,408.818285266212,403.23445403608457,406.1417236328125,563366,0.0,0.0
2017-03-10,406.6492483770215,409.7872532416129,401.01928273306487,404.15728759765625,538525,0.0,0.0
2017-03-14,407.06464791562934,409.7873453731467,401.9884533220431,405.2649230957031,494111,0.0,0.0
2017-03-15,405.7725316291037,417.7708097694654,405.7725316291037,414.771240234375,1213791,0.0,0.0
2017-03-16,418.303563242526,420.16269019027055,398.7827302912081,411.51776123046875,1467104,3.2,0.0
2017-03-17,413.6557954198937,416.3980193434845,408.3572716369665,412.40087890625,979347,0.0,0.0
2017-03-20,414.5388593610405,422.068301110866,410.1698995091431,414.12054443359375,1049245,0.0,0.0
2017-03-21,414.12051744765085,414.5852991731813,408.0783550157547,410.44873046875,630559,0.0,0.0
2017-03-22,409.9374891263507,410.07691797285656,401.5714179196905,407.4741516113281,645574,0.0,0.0
2017-03-23,407.10234476838264,417.37401006075174,407.0558495727269,416.3979797363281,529094,0.0,0.0
2017-03-24,414.58532618941143,424.3457430615837,411.4712827518273,414.12054443359375,1663231,0.0,0.0
2017-03-27,409.00798876812024,420.95288684097704,408.07842515728356,418.2106628417969,617721,0.0,0.0
2017-03-28,417.37404989238166,422.20779188422676,415.793780449809,421.04583740234375,2946255,0.0,0.0
2017-03-29,417.83880974365576,421.97537882915225,414.1205555968824,416.8162841796875,650631,0.0,0.0
2017-03-30,417.37400132681,421.92885669218333,416.07261813213563,418.6753845214844,989796,0.0,0.0
2017-03-31,421.04579706299563,422.95139088350186,408.6361187118194,410.8670654296875,984841,0.0,0.0
2017-04-03,412.7261998545161,416.026138979115,410.82060599969594,411.70367431640625,365002,0.0,0.0
2017-04-05,413.6557643721084,419.1401834396163,412.72620085666546,417.6993713378906,377482,0.0,0.0
2017-04-06,417.3740155551402,419.0007516959453,412.35437827997555,416.3050231933594,272186,0.0,0.0
2017-04-07,418.2105957086076,433.9667077302533,414.8641615731755,423.36968994140625,2814964,0.0,0.0
2017-04-10,427.59916437629846,430.3878545787526,417.0951092942641,419.4654846191406,962234,0.0,0.0
2017-04-11,423.6485771980734,428.15696597515813,419.69793221048855,426.71612548828125,1584033,0.0,0.0
2017-04-12,425.74008486112245,429.5048057053692,419.23314033267735,424.48516845703125,537935,0.0,0.0
2017-04-13,424.8105268205966,427.3668264896483,419.23314572448373,420.5810241699219,329044,0.0,0.0
2017-04-17,421.1387710664709,422.9514314054202,417.14165899600505,421.04583740234375,321369,0.0,0.0
2017-04-18,421.09225366414285,421.1387204906261,408.310755898399,411.51776123046875,866177,0.0,0.0
2017-04-19,414.5853113129904,417.9782123351081,411.1459150961431,412.44732666015625,486488,0.0,0.0
2017-04-20,412.77264293961116,418.3035568721306,412.77264293961116,417.60638427734375,283156,0.0,0.0
2017-04-21,417.37401391837557,420.16270443453396,414.5853234022171,418.2571105957031,291411,0.0,0.0
2017-04-24,416.4444421971173,422.7654625618273,411.28537619121624,420.76690673828125,575192,0.0,0.0
2017-04-25,421.2781615958891,430.6202628038408,419.46550154394635,424.717529296875,889482,0.0,0.0
2017-04-26,424.81053305776214,428.9935689412631,419.1866850504886,423.60211181640625,495836,0.0,0.0
2017-04-27,429.4583269654744,431.178025073898,410.96001942130266,412.44732666015625,916695,0.0,0.0
2017-04-28,411.98258028886386,412.72621978811753,407.5671533879775,409.2403564453125,363266,0.0,0.0
2017-05-02,409.47269180130695,420.5344909686454,409.47269180130695,417.0951232910156,550595,0.0,0.0
2017-05-03,415.60782401804636,423.69500900930154,414.72472739365617,420.8133850097656,577981,0.0,0.0
2017-05-04,421.09227514617174,427.3668289149061,421.09227514617174,425.5541687011719,379828,0.0,0.0
2017-05-05,423.880964554498,441.54267141093544,423.880964554498,433.2695617675781,1404664,0.0,0.0
2017-05-08,435.9652912587546,438.84694384686355,431.13154960334424,433.7343444824219,481844,0.0,0.0
2017-05-09,433.73432805940297,442.42575232346513,431.410419345377,440.4736633300781,497061,0.0,0.0
2017-05-10,443.4017558885815,461.9930244792977,432.71177644891964,437.03424072265625,3179188,0.0,0.0
2017-05-11,440.1482877633673,460.6451502180206,440.1482877633673,458.36773681640625,2035675,0.0,0.0
2017-05-12,459.66921374921054,461.9931228177101,448.4214881840666,453.5340881347656,1022910,0.0,0.0
2017-05-15,449.90875497344035,458.8790374930035,446.6552825717729,453.9523620605469,1120978,0.0,0.0
2017-05-16,453.6734657287659,458.7860651016127,451.8608338810276,455.5325927734375,389292,0.0,0.0
2017-05-17,453.85934861304844,455.48608462958265,439.7299730079412,444.19189453125,474035,0.0,0.0
2017-05-18,438.7539921416911,447.1200640257488,434.0597075984033,435.9653015136719,836447,0.0,0.0
2017-05-19,436.8483864769305,442.70462529105004,424.8105275758737,427.5062561035156,757674,0.0,0.0
2017-05-22,430.3878809905598,432.3864367513601,422.02180986979295,426.2513122558594,412869,0.0,0.0
2017-05-23,422.95138273320504,426.85556069026046,408.0783670766528,409.7980651855469,667770,0.0,0.0
2017-05-24,413.6557590130048,414.72475136830946,397.99260830710926,409.6121520996094,644625,0.0,0.0
2017-05-25,410.960048288073,415.2360462621232,387.6744645007047,396.644775390625,1101640,0.0,0.0
2017-05-26,392.8799988859868,414.5853118030949,392.3222551247541,412.6797180175781,1751002,0.0,0.0
2017-05-29,416.44440716266325,431.3174217041869,407.7065167931229,423.7414855957031,2028014,0.0,0.0
2017-05-30,418.95429405604364,443.3088415059868,417.095166997207,438.4751281738281,1493470,0.0,0.0
2017-05-31,439.0328346736909,442.3792689851859,428.11046342502357,431.4104309082031,883173,0.0,0.0
2017-06-01,433.0836110821292,444.7031543520298,431.4568750243431,437.7779235839844,792026,0.0,0.0
2017-06-02,439.3581790239354,469.4295636776855,439.31171219652447,459.3902893066406,3858188,0.0,0.0
2017-06-05,454.6959753523738,464.6887828675108,451.1171502431148,456.0438537597656,771799,0.0,0.0
2017-06-06,467.1056259202032,473.798493997016,452.9762503660538,455.02130126953125,1941829,0.0,0.0
2017-06-07,459.2044028524755,504.38116958847814,455.67207263928333,499.08270263671875,9590085,0.0,0.0
2017-06-08,497.0376022357855,506.4726374807057,489.46163720782835,502.9403076171875,3599746,0.0,0.0
2017-06-09,500.2445881135927,509.4007653065255,492.76155703001285,502.7543640136719,1415187,0.0,0.0
2017-06-12,509.40079739707824,519.1612141355259,506.61210690037893,510.4698181152344,2569956,0.0,0.0
2017-06-13,507.58813849539945,517.3950220860874,502.2896151912198,503.9163513183594,1778904,0.0,0.0
2017-06-14,502.89382802223,506.56561500841946,490.1123305447704,491.599609375,1079100,0.0,0.0
2017-06-15,494.5277224310594,503.77688948915034,491.73903226697445,495.0389709472656,1460937,0.0,0.0
2017-06-16,498.19955682952286,498.19955682952286,481.0490993322077,488.5320739746094,1784121,0.0,0.0
2017-06-19,493.69119309010625,500.05873763470487,489.92647195016417,493.923583984375,938248,0.0,0.0
2017-06-20,498.2460509011415,501.77838095957287,484.8603134063903,486.6729736328125,964407,0.0,0.0
2017-06-21,486.71945485401176,492.6686843022733,477.84213424822934,484.3026123046875,1624008,0.0,0.0
2017-06-22,486.3011247926554,492.6686115111633,481.18852599395467,488.2996520996094,873693,0.0,0.0
2017-06-23,491.92501488320875,493.5052841782864,480.6307956790323,488.57855224609375,930518,0.0,0.0
2017-06-27,494.5278141137489,497.5024288541257,485.23217851010696,489.5081481933594,706139,0.0,0.0
2017-06-28,489.32227940594765,494.52781263398793,485.32511071949654,490.53070068359375,541658,0.0,0.0
2017-06-29,493.5981739832893,494.8995854603388,481.8391740743905,484.2560729980469,894943,0.0,0.0
2017-06-30,481.4674701962804,492.66870004827956,480.58437344332174,488.16033935546875,714632,0.0,0.0
2017-07-03,488.2996681992827,491.739064306291,483.3729932689439,486.8588562011719,461846,0.0,0.0
2017-07-04,488.0208448401564,490.20529640359064,475.47173740140954,477.65618896484375,676884,0.0,0.0
2017-07-05,479.6547570724082,484.99974709792434,472.31121123269554,480.81671142578125,656805,0.0,0.0
2017-07-06,488.02080876035967,488.02080876035967,472.8224407567892,474.4027099609375,971282,0.0,0.0
2017-07-07,475.1928598392956,484.8602859391309,472.4041694138725,478.95758056640625,996351,0.0,0.0
2017-07-10,483.74485583796877,490.8095155645529,479.46882980467666,483.00115966796875,168477,0.0,0.0
2017-07-11,484.3490658008295,490.6236196262767,480.67727851131974,481.6068420410156,790663,0.0,0.0
2017-07-12,482.5364036633713,488.02085116132054,477.8421192041734,480.6772766113281,758916,0.0,0.0
2017-07-13,482.90825699975886,486.48705391929053,481.420978036434,483.23358154296875,553122,0.0,0.0
2017-07-14,484.7673018349468,495.4572806865324,479.74763689717514,492.7150573730469,1940890,0.0,0.0
2017-07-17,501.87132729056566,508.00642334097716,494.9460682692655,500.5699157714844,3242571,0.0,0.0
2017-07-18,498.4319847023898,500.9882844538384,486.3011917745449,487.5096130371094,443595,0.0,0.0
2017-07-19,492.57569423512575,511.0275060001942,490.1123284012777,506.56561279296875,1624329,0.0,0.0
2017-07-20,506.9838802301415,507.91344359195983,484.813760009147,488.764404296875,845668,0.0,0.0
2017-07-21,491.18134077015526,494.9925281516449,481.23500068825507,492.0179138183594,860927,0.0,0.0
2017-07-24,493.5517811628732,499.6404111044698,490.8560241573752,493.8771057128906,759723,0.0,0.0
2017-07-25,494.5277710229139,515.8147973948248,493.3658166737059,505.3572082519531,2515368,0.0,0.0
2017-07-26,509.261362063973,511.44587042190153,499.1756203618843,510.0979919433594,619868,0.0,0.0
2017-07-27,508.9360603683297,515.4430054323997,500.1052063528062,502.336181640625,1197994,0.0,0.0
2017-07-28,504.75301871610696,512.003603217856,501.0812312658961,507.4022521972656,632196,0.0,0.0
2017-07-31,509.3543198660181,511.2599136515087,501.6854211612455,505.3572082519531,280081,0.0,0.0
2017-08-01,504.6599684779516,514.0485356756202,501.0811155170642,502.5684509277344,913963,0.0,0.0
2017-08-02,504.19522125449527,508.3782566407791,497.78121096777403,502.7078857421875,338367,0.0,0.0
2017-08-03,503.5445756539634,511.2599416073727,502.2896308465667,507.7740783691406,751793,0.0,0.0
2017-08-04,502.94031886167414,504.2417304523018,486.0222518637811,495.3644104003906,859002,0.0,0.0
2017-08-07,499.17557114331487,504.70648500133075,491.0418909803651,495.5037841796875,455871,0.0,0.0
2017-08-08,494.5277670806309,497.03759980212266,488.95038624889446,492.66864013671875,434232,0.0,0.0
2017-08-09,492.4363082224393,492.48277505438966,440.1018898331275,451.25665283203125,2411629,0.0,0.0
2017-08-10,443.91299623134967,457.94940943178153,424.15977371843087,433.31597900390625,1599352,0.0,0.0
2017-08-11,424.81050532049466,454.3706122866142,404.4530710235991,448.5143737792969,5310491,0.0,0.0
2017-08-14,448.51439004039105,466.08313456733157,443.7271436752233,450.884765625,1067555,0.0,0.0
2017-08-16,457.3451971615526,458.73954227485007,439.91588324533495,449.2115173339844,708832,0.0,0.0
2017-08-17,450.8382749609675,455.6255210730304,446.5622774011347,447.6777648925781,619739,0.0,0.0
2017-08-18,444.33129506765925,444.33129506765925,432.246971143225,440.0552978515625,953394,0.0,0.0
2017-08-21,445.7256959168544,454.88190201753173,436.9413095406255,439.9159240722656,1141690,0.0,0.0
2017-08-22,443.16935589931813,443.16935589931813,433.1765492377184,435.5004577636719,984325,0.0,0.0
2017-08-23,438.66102367874436,441.21732338359493,427.6921853833241,430.06256103515625,630195,0.0,0.0
2017-08-24,434.10618542871623,468.50003737917126,431.87523854337354,459.5297546386719,4402293,0.0,0.0
2017-08-28,457.9959288498601,472.4506293296566,455.95087788725345,466.5943908691406,1650380,0.0,0.0
2017-08-29,466.45496344334794,469.42957805745766,457.3452522856815,463.4803771972656,1575472,0.0,0.0
2017-08-30,466.129666648647,476.40133281879673,466.083171449018,468.7789001464844,1270280,0.0,0.0
2017-08-31,469.19713398742675,474.82098130415756,461.0634541015625,464.7817077636719,1028748,0.0,0.0
2017-09-01,468.4070257737813,476.81959217859924,465.2929824828935,471.7999267578125,874810,0.0,0.0
2017-09-04,476.8195979164394,476.8660647431805,466.8732573435915,470.7774353027344,518926,0.0,0.0
2017-09-05,470.3591574455648,475.75061470148444,469.7549468101989,474.03094482421875,547202,0.0,0.0
2017-09-06,472.6830476752181,474.4957078778207,457.39171649662603,459.436767578125,1163242,0.0,0.0
2017-09-07,460.13391792869976,482.86175613117615,456.13680635248903,475.1463623046875,3441464,0.0,0.0
2017-09-08,480.49141868978637,480.49141868978637,464.87473412646204,466.40850830078125,850967,0.0,0.0
2017-09-11,472.1718027722415,472.1718027722415,441.26381563791284,443.5412292480469,2803597,0.0,0.0
2017-09-12,444.2849040023619,449.21157940286975,435.12869748629737,444.14544677734375,1315639,0.0,0.0
2017-09-13,444.23840993536874,452.9298347049022,443.40180842327004,447.49188232421875,1130107,0.0,0.0
2017-09-14,450.6523852448806,453.39460898884624,445.53978586110065,446.6552734375,624762,0.0,0.0
2017-09-15,447.4453690534493,450.79180312254084,436.9877803175539,448.00311279296875,1180454,0.0,0.0
2017-09-18,457.3452315917264,458.3212618973032,448.97916028212165,453.487548828125,883952,0.0,0.0
2017-09-19,451.7678704253353,458.27481506109115,449.072141892699,451.02423095703125,796182,0.0,0.0
2017-09-20,455.48613338560324,456.5086589504826,448.09609191509503,452.5580139160156,794492,0.0,0.0
2017-09-21,454.2776797704198,472.0323193777861,449.4904051988157,468.9183044433594,2543698,0.0,0.0
2017-09-22,469.42955933453834,475.006940237523,452.7903786475728,454.6495056152344,1496657,0.0,0.0
2017-09-25,460.0874375544479,462.82963269104545,438.0103057786687,448.00311279296875,1601841,0.0,0.0
2017-09-26,449.9087131487997,451.6284112177049,438.1962079180151,440.4271545410156,550173,0.0,0.0
2017-09-27,440.4271462483084,441.54263372281815,419.41903521191637,422.3006591796875,1202581,0.0,0.0
2017-09-28,423.41616700779923,437.0807615712878,420.0232659644375,434.7103576660156,1335608,0.0,0.0
2017-09-29,432.6653289911716,444.7031589216705,427.64566355257347,437.2201843261719,902074,0.0,0.0
2017-10-03,445.7256968958711,448.049605638811,438.8469326903744,440.3807067871094,465768,0.0,0.0
2017-10-04,442.4722145798729,462.92261105205193,438.0567880688343,459.2508239746094,1595586,0.0,0.0
2017-10-05,464.7817397438998,471.1027600572064,459.62267377995295,465.4789123535156,1645616,0.0,0.0
2017-10-06,465.71132039059074,468.407048906871,459.9945104546111,464.5028991699219,476776,0.0,0.0
2017-10-09,469.4295736878533,471.9394065181477,459.20437505306836,461.38885498046875,536846,0.0,0.0
2017-10-10,462.92260907875846,469.8943351191012,454.5100710039552,458.3212585449219,580738,0.0,0.0
2017-10-11,459.2043709247774,464.3169701962071,451.7678628936069,456.6480712890625,579699,0.0,0.0
2017-10-12,457.3452426780064,468.0352229438541,455.6255445268516,465.2929992675781,854396,0.0,0.0
2017-10-13,467.57042115655145,468.73237548348123,462.5042889439273,466.5943908691406,547798,0.0,0.0
2017-10-16,468.03523110162297,471.2887034131536,462.59727885017344,465.4324645996094,561721,0.0,0.0
2017-10-17,464.7817328804519,466.40846894553346,460.13391555164736,462.2254333496094,535285,0.0,0.0
2017-10-18,462.7366897886805,463.5268244216379,455.85792569851395,456.833984375,290598,0.0,0.0
2017-10-19,458.274773290866,461.5282453122008,453.3945652588639,455.02130126953125,78195,0.0,0.0
2017-10-23,453.6269546443364,459.1578684098533,452.0466854633246,456.973388671875,394618,0.0,0.0
2017-10-24,454.88190904738144,456.0903302625205,446.8876571920769,448.7003173828125,600533,0.0,0.0
2017-10-25,451.767860758501,452.557995406684,440.6130987644639,446.37640380859375,682706,0.0,0.0
2017-10-26,446.1904491105738,455.43961664247166,443.4482256282052,449.9551696777344,672933,0.0,0.0
2017-10-27,446.19045010517596,467.5239423480396,446.19045010517596,455.7184753417969,788177,0.0,0.0
2017-10-30,462.7366838707204,465.47890745355323,455.7184910216764,463.1549987792969,638937,0.0,0.0
2017-10-31,464.78176401235373,475.84356432224223,460.6451949654327,467.98876953125,1089148,0.0,0.0
2017-11-01,468.1746749258677,473.14784557754774,459.2973543963293,461.57476806640625,970886,0.0,0.0
2017-11-02,464.78175905629723,478.72521182798613,462.22545938148755,472.12530517578125,1913274,0.0,0.0
2017-11-03,472.07886098199214,472.07886098199214,451.7678914637704,461.4818420410156,981889,0.0,0.0
2017-11-06,464.78173817465864,471.7534642472785,462.92261122196,467.4309997558594,817384,0.0,0.0
2017-11-07,471.24221689458443,474.9139756147928,455.8114574738909,462.5972595214844,1274553,0.0,0.0
2017-11-08,462.3648867600673,468.77886934097,460.6916837800152,462.0860290527344,519162,0.0,0.0
2017-11-09,463.85217528257124,464.78173876009146,435.9188041303002,445.0749816894531,1724704,0.0,0.0
2017-11-10,440.8454748759545,445.26090135072684,429.9231041225703,431.2244873046875,1153375,0.0,0.0
2017-11-13,430.38791231883266,431.7357907780573,412.7262053338266,417.1416320800781,1825544,0.0,0.0
2017-11-14,418.76829444328166,435.87225462485225,411.7965692305744,416.63031005859375,4627520,0.0,0.0
2017-11-15,418.02471586734947,419.37256591692307,405.7544663621094,408.2178039550781,1201448,0.0,0.0
2017-11-16,408.0319154601384,415.0501086374807,407.148818775401,411.70367431640625,631319,0.0,0.0
2017-11-17,415.4218580828754,418.90772066754045,411.7965666684283,415.4683532714844,766919,0.0,0.0
2017-11-20,419.51195122182065,421.9753169271147,411.88954835992706,414.1669616699219,1091910,0.0,0.0
2017-11-21,419.9767220134489,422.9513361644521,414.12048409068876,417.00213623046875,1011642,0.0,0.0
2017-11-22,420.999296751209,420.999296751209,409.0079334663684,411.1924133300781,725653,0.0,0.0
2017-11-23,411.238888527539,414.1205410637654,406.73049985918783,412.4938049316406,1242241,0.0,0.0
2017-11-24,413.74868627972546,418.8612851189383,410.681109955383,415.7007751464844,644439,0.0,0.0
2017-11-27,415.7008043570617,416.3050149523661,409.42625079530745,412.3543701171875,595473,0.0,0.0
2017-11-28,412.72621567853525,415.4684394947818,409.1009235117213,410.0304870605469,425929,0.0,0.0
2017-11-29,410.77407386895555,415.05007131874464,407.3811730245013,408.68255615234375,846241,0.0,0.0
2017-11-30,406.91645673301406,406.91645673301406,397.43489687940206,398.5503845214844,1303395,0.0,0.0
2017-12-01,403.80235680843595,404.1277096893815,394.1349026067803,395.80810546875,831963,0.0,0.0
2017-12-04,395.06448767630167,399.20105660035836,390.78848990078814,394.27435302734375,627234,0.0,0.0
2017-12-05,393.2053670972553,396.41237257327356,391.4392020912277,394.64617919921875,605531,0.0,0.0
2017-12-06,394.5532476794589,396.4123747207228,387.6279881035396,389.11529541015625,644539,0.0,0.0
2017-12-07,389.1152338609772,394.04190839382795,387.6279267896187,388.8828430175781,712053,0.0,0.0
2017-12-08,387.6279792789347,391.62509097944445,383.72380123395055,387.5815124511719,1578001,0.0,0.0
2017-12-11,391.3462620197704,394.3208767837593,389.58009691466464,390.4631652832031,1200168,0.0,0.0
2017-12-12,392.7405801760434,393.2053619277311,384.8392903973538,385.6294250488281,706898,0.0,0.0
2017-12-13,385.7688683457355,387.2096804827072,376.7056238484562,377.7281494140625,1816421,0.0,0.0
2017-12-14,381.12103771537653,385.76885524849087,374.4281691204811,380.7956848144531,1069318,0.0,0.0
2017-12-15,385.7688410786776,388.5575314961138,379.7266785075658,382.23651123046875,1041283,0.0,0.0
2017-12-18,380.1915182712982,391.5322057136444,373.17332433012814,387.7674560546875,638844,0.0,0.0
2017-12-19,391.34623425013024,392.275797751912,384.0026882596595,388.0462951660156,569972,0.0,0.0
2017-12-20,390.4166304358345,394.5996657619328,386.09416627247117,389.85888671875,676617,0.0,0.0
2017-12-21,391.160326858003,402.96579518051414,390.97443117054735,396.17999267578125,2792915,0.0,0.0
2017-12-22,395.06449172622507,399.15456549637355,392.2758011963929,393.4842224121094,523028,0.0,0.0
2017-12-26,395.9010491385169,400.3629705103483,392.36871954117123,397.8066711425781,675603,0.0,0.0
2017-12-27,398.59678288297715,406.21921426910365,396.1799406870083,400.36297607421875,1226085,0.0,0.0
2017-12-28,402.3615546489353,403.89532870458805,392.64760501642473,393.9954833984375,697121,0.0,0.0
2017-12-29,394.4137939814749,405.2896986172686,394.4137939814749,402.9657897949219,1160619,0.0,0.0
2018-01-01,407.5671193481852,407.98540589356963,400.037649482978,402.0826721191406,803342,0.0,0.0
2018-01-02,403.4305730421829,405.28970010689346,396.92362831569613,398.1320495605469,348082,0.0,0.0
2018-01-03,399.66584107849656,401.0601863386359,396.36587360868384,398.3179626464844,472672,0.0,0.0
2018-01-04,398.8756818130034,402.50097359207524,398.4109000883012,401.10662841796875,523367,0.0,0.0
2018-01-05,402.50100939555927,411.37832977982066,401.9897608001201,409.1938781738281,1383248,0.0,0.0
2018-01-08,412.72618143537403,424.5781156995655,409.2403184164942,420.1626892089844,1665935,0.0,0.0
2018-01-09,422.0218318323104,422.0218318323104,411.84310009178733,412.9585876464844,376650,0.0,0.0
2018-01-10,413.0050420527036,420.4415498789455,408.40371985603196,412.44732666015625,919324,0.0,0.0
2018-01-11,412.4937519219249,418.30352307575487,409.93745261423976,413.562744140625,622725,0.0,0.0
2018-01-12,414.399419231709,418.3035974888159,410.4952693426303,416.9557189941406,529949,0.0,0.0
2018-01-15,418.53598032413527,419.5120106856201,408.4502103273384,409.1938781738281,499752,0.0,0.0
2018-01-16,411.6572447110531,411.79667357703306,404.36016479911825,405.3826904296875,347544,0.0,0.0
2018-01-17,405.56856904367976,411.70369420062235,395.6222559930265,409.2403564453125,552311,0.0,0.0
2018-01-18,410.8206151021982,414.5853360668045,402.222152414714,406.7770080566406,335848,0.0,0.0
2018-01-19,406.9164007019285,419.233116428486,402.6404031534431,410.44873046875,1331752,0.0,0.0
2018-01-22,410.16985579705306,413.65571859419515,404.63894214504467,407.845947265625,491150,0.0,0.0
2018-01-23,408.9615005263775,410.8670944816261,396.0870395166394,400.5954284667969,1006539,0.0,0.0
2018-01-24,400.5953972690189,403.89533631053655,391.8110109433628,394.83209228515625,1212613,0.0,0.0
2018-01-25,396.87716718989896,399.340504912436,386.28012007433426,388.6969909667969,643671,0.0,0.0
2018-01-29,390.2307434082031,397.38839365874077,388.5575404663243,390.2307434082031,455894,0.0,0.0
2018-01-30,388.55755093020133,397.3884043604332,384.88576368305195,395.3433532714844,810714,0.0,0.0
2018-01-31,395.3898189372702,400.0841030102588,390.69550649625637,395.80810546875,1240632,0.0,0.0
2018-02-01,398.3643825739724,398.3643825739724,385.7688098875055,388.2321472167969,1318106,0.0,0.0
2018-02-02,382.98015566378683,393.5307068878386,378.7506531559725,381.9111633300781,751620,0.0,0.0
2018-02-05,376.0084355701501,381.7252454188103,371.03526517392345,379.4013366699219,474543,0.0,0.0
2018-02-06,371.91834926547205,382.23650943512746,351.8862395068292,376.0084228515625,1402738,0.0,0.0
2018-02-07,377.4027771265154,379.2619041074342,363.31989591966084,368.4324951171875,1125800,0.0,0.0
2018-02-08,371.68597867067103,388.55755086350734,370.47752907539876,376.6591491699219,3105912,0.0,0.0
2018-02-09,368.57187002676505,393.2052989188439,362.6226702320938,382.7477111816406,1645064,0.0,0.0
2018-02-12,397.2025021876029,403.4770562862689,389.951917687467,393.8096008300781,2335436,0.0,0.0
2018-02-14,393.6701529144469,395.9940617274011,388.5575535259476,390.04486083984375,897280,0.0,0.0
2018-02-15,390.32371375696044,392.36876483445764,385.21111443124454,387.720947265625,630169,0.0,0.0
2018-02-16,389.48706232907983,392.92645823623576,383.95614878411857,385.11810302734375,513765,0.0,0.0
2018-02-19,385.76880564075566,386.60540701552856,376.8449914511239,380.14495849609375,465831,0.0,0.0
2018-02-20,380.1914482141192,384.60687456868413,377.35629105997697,380.2379150390625,640764,0.0,0.0
2018-02-21,382.0505430926543,384.28148949550325,375.82245719867933,382.1899719238281,812011,0.0,0.0
2018-02-22,381.1210200038862,381.1210200038862,370.9887839261685,372.4295959472656,4166528,0.0,0.0
2018-02-23,372.70852914093825,380.1450377887742,371.73247036009224,377.9140625,618503,0.0,0.0
2018-02-26,380.0520093787644,381.86464102427016,376.7985374135741,378.2393493652344,1225265,0.0,0.0
2018-02-27,380.191470834315,381.81820695646667,376.24082596623225,379.1689453125,466319,0.0,0.0
2018-02-28,375.4507050409269,378.37882449421113,373.2197582369021,376.5661926269531,653753,0.0,0.0
2018-03-01,376.5661465008461,380.65621986856405,375.0323725339549,375.590087890625,577581,0.0,0.0
2018-03-05,375.77604382149855,376.473216444544,361.13541873754406,364.2959289550781,952536,0.0,0.0
2018-03-06,366.06204711823443,368.94369926528464,358.95089294607817,362.15789794921875,681762,0.0,0.0
2018-03-07,360.67059086611175,360.94944853245886,349.28343947923065,354.4425048828125,574978,0.0,0.0
2018-03-08,355.465070029843,363.3198928040779,354.1636868279649,361.5072326660156,859579,0.0,0.0
2018-03-09,364.3889207056121,367.0846493943693,356.0228485465547,357.1383361816406,451894,0.0,0.0
2018-03-12,361.6002011353825,364.38889163257056,352.2116041212441,361.8790588378906,574306,0.0,0.0
2018-03-13,361.4142567006795,368.75783062343896,356.95236350408845,362.94805908203125,899152,0.0,0.0
2018-03-14,362.39028125195847,364.8071516594445,360.6705833638614,361.3212890625,238018,0.0,0.0
2018-03-15,361.60020657808724,365.1325365804824,355.79043462149843,357.97491455078125,512230,0.0,0.0
2018-03-16,357.88194084709744,359.88049666133963,351.2820344461821,352.39752197265625,837492,0.0,0.0
2018-03-19,356.95239840873035,357.8819619462531,347.1919812647416,350.39898681640625,617450,0.0,0.0
2018-03-20,349.515905797635,360.67066874862337,347.14553001776164,358.30029296875,554872,0.0,0.0
2018-03-21,358.8114803633147,360.6241403807536,351.0961153192925,353.001708984375,455866,0.0,0.0
2018-03-22,353.09467746848674,356.6270071843821,349.28346170047865,350.7242736816406,432037,0.0,0.0
2018-03-23,343.93847158643365,349.8876719078373,336.5019640926729,344.2638244628906,917584,0.0,0.0
2018-03-26,350.3989813257509,362.43681192722414,349.0511028702527,359.83404541015625,4548091,0.0,0.0
2018-03-27,363.4128977341031,363.4128977341031,353.23416505184474,355.0932922363281,952907,0.0,0.0
2018-03-28,356.02281141477744,358.02136721517167,346.26239491385013,351.2355651855469,1535232,0.0,0.0
2018-04-02,361.87908139658725,362.25092951381384,355.00031674832263,357.9284362792969,1661277,0.0,0.0
2018-04-03,356.9524111675127,368.1071740164975,355.5580658113896,366.248046875,2116787,0.0,0.0
2018-04-04,369.5015092554005,371.63949406237145,362.52978266567595,366.89874267578125,2480827,0.0,0.0
2018-04-05,369.03673253051505,375.03242882689983,365.31847829846953,366.5733947753906,1133101,0.0,0.0
2018-04-06,366.2479853360615,369.9662389942956,363.0874754001673,366.0155944824219,726101,0.0,0.0
2018-04-09,368.94368303913586,371.77886823977724,359.2762300011945,363.59869384765625,833590,0.0,0.0
2018-04-10,367.08464407465664,367.08464407465664,358.90449609600154,361.2748718261719,430001,0.0,0.0
2018-04-11,362.5297782504316,365.9691746733519,360.76361320948376,361.9255676269531,369780,0.0,0.0
2018-04-12,363.55229973979027,367.31702066301665,360.670647143134,362.7156982421875,571541,0.0,0.0
2018-04-13,362.5297016829647,366.2014882138855,362.01845319446664,363.59869384765625,517564,0.0,0.0
2018-04-16,360.99598203929315,366.2480100117962,360.8100579966453,363.2269287109375,562961,0.0,0.0
2018-04-17,363.1804752017894,365.69027966141175,358.39320042430893,360.39178466796875,747430,0.0,0.0
2018-04-18,361.27485367491283,363.4128667757538,356.34817840293636,357.97491455078125,479171,0.0,0.0
2018-04-19,357.8819383405569,362.15793600472466,355.46506762880773,360.34527587890625,763706,0.0,0.0
2018-04-20,359.36924067401515,361.1354055811156,355.465062779982,358.0213623046875,420244,0.0,0.0
2018-04-23,359.7411294020238,373.63811719512836,358.9045277979509,370.84942626953125,2019759,0.0,0.0
2018-04-24,374.5211220553118,379.912607283692,370.0127334840018,376.3802490234375,1935854,0.0,0.0
2018-04-25,376.47319562786174,378.7041422246441,370.98877697009794,374.4746398925781,490169,0.0,0.0
2018-04-26,377.9605096939156,385.5364462430491,374.47464670799286,380.37738037109375,2314175,0.0,0.0
2018-04-27,382.9801782103445,386.41957465313396,376.5661954624661,377.9605407714844,777849,0.0,0.0
2018-04-30,379.2619348077637,385.62945090645076,378.3323712420584,383.3055419921875,434665,0.0,0.0
2018-05-02,384.37452303846175,387.25617568043305,375.17184968406065,377.7281494140625,632026,0.0,0.0
2018-05-03,378.285886268689,379.58726952465736,363.92411852010974,366.0621032714844,956102,0.0,0.0
2018-05-04,366.43393712961927,366.7127948279052,360.763594197585,361.9720153808594,474198,0.0,0.0
2018-05-07,366.9916504314437,378.33233623078075,358.85796998422177,363.69171142578125,828317,0.0,0.0
2018-05-08,366.2479853360615,369.4084952719557,364.4353253304627,366.0155944824219,396090,0.0,0.0
2018-05-09,366.0620988257038,374.05635068388784,362.99455059046005,372.1507568359375,1128741,0.0,0.0
2018-05-10,374.61408552667734,377.2168519449127,363.924105418596,370.6169738769531,1233147,0.0,0.0
2018-05-11,366.8987266766156,370.29162779539007,362.5762336850526,365.6902770996094,324055,0.0,0.0
2018-05-14,366.248018943297,369.9662729427213,363.45932844372874,364.7607116699219,498737,0.0,0.0
2018-05-15,362.94808355893764,366.34098469432905,353.51299124497694,357.2777404785156,686987,0.0,0.0
2018-05-16,357.88192550341284,357.88192550341284,351.6538390890006,356.9523620605469,576831,0.0,0.0
2018-05-17,357.8819200449731,361.4142497267786,355.09322975890836,359.694580078125,335135,0.0,0.0
2018-05-18,359.69460783335563,359.69460783335563,335.20060392377684,343.6596374511719,2287807,0.0,0.0
2018-05-21,344.2638324180997,346.0764641407751,325.4401723895429,328.27532958984375,909271,0.0,0.0
2018-05-22,328.27534634829436,333.7132985299788,317.1670794765388,318.8867492675781,897340,0.0,0.0
2018-05-23,320.14165554800127,329.0190037670351,318.4684526379559,322.18670654296875,676727,0.0,0.0
2018-05-24,323.8134089298494,334.45689260455447,323.8134089298494,332.0865173339844,737969,0.0,0.0
2018-05-25,339.29067153840685,379.30836816305504,327.20634625073757,355.2791748046875,4773225,0.0,0.0
2018-05-28,361.3213434516357,361.3213434516357,335.8512808815744,343.42724609375,5315262,0.0,0.0
2018-05-29,346.6342293823921,353.6989177763665,339.7554650387962,340.91741943359375,1839175,0.0,0.0
2018-05-30,335.57243062752445,345.5187716359944,335.57243062752445,341.6145935058594,876255,0.0,0.0
2018-05-31,344.82156715586325,344.82156715586325,333.899196807429,335.85125732421875,3116812,0.0,0.0
2018-06-01,335.85129122601734,341.05685265497874,326.9739708832911,328.13592529296875,862303,0.0,0.0
2018-06-04,333.71327339519155,334.5963700062606,325.8584510168135,327.2063293457031,1306674,0.0,0.0
2018-06-05,327.2063531205165,329.3443378306273,319.76984509505024,323.952880859375,666265,0.0,0.0
2018-06-06,324.41768451513985,334.5964169094596,321.3966029258155,325.30078125,1367479,0.0,0.0
2018-06-07,327.0669439715891,332.7837541869492,326.92751511131763,330.8316650390625,612624,0.0,0.0
2018-06-08,331.85416509444116,343.9384904340146,329.5302563752924,338.68646240234375,2145021,0.0,0.0
2018-06-11,339.3836372859886,347.65674670783716,339.3836372859886,342.4976806640625,1284875,0.0,0.0
2018-06-12,346.07646981079444,356.06927715016735,343.75256112721934,353.4200439453125,2425614,0.0,0.0
2018-06-13,356.7200012313975,373.1267917056335,355.4650848042744,366.0621032714844,3551639,0.0,0.0
2018-06-14,366.52687183683133,375.31125814242176,366.29448096491654,370.6169738769531,2696573,0.0,0.0
2018-06-15,366.24802497279836,377.9140357408378,366.01563409400853,370.4310607910156,3087095,0.0,0.0
2018-06-18,372.42958997648566,376.1013769453552,368.38598330181264,372.2901611328125,1020295,0.0,0.0
2018-06-19,374.0563012898654,382.42237177364086,368.1071012861187,380.14495849609375,2731032,0.0,0.0
2018-06-20,383.7703092160606,384.3280530079306,374.8464936502241,382.79425048828125,2069692,0.0,0.0
2018-06-21,383.90973902325686,385.76886608874474,380.2379517217071,383.259033203125,1535823,0.0,0.0
2018-06-22,382.0970500830618,385.4899794171137,377.0309462310029,380.37738037109375,1775883,0.0,0.0
2018-06-25,382.19005436612963,393.0194642329907,381.2140239693506,383.3055419921875,2310166,0.0,0.0
2018-06-26,382.9336985264051,383.95619569094004,373.17328169091167,374.567626953125,826083,0.0,0.0
2018-06-27,375.5436350347285,376.14784560561003,355.6509828129296,361.46075439453125,1840808,0.0,0.0
2018-06-28,357.97491812476164,369.8733198634369,348.679282901413,351.4214782714844,1740737,0.0,0.0
2018-06-29,356.9523544910288,357.41713620260566,346.07645109292054,350.8172302246094,1395303,0.0,0.0
2018-07-02,353.2341309784839,360.90302987472734,349.5158769681841,358.7650451660156,1260663,0.0,0.0
2018-07-03,358.81152485783974,362.5297790014443,354.0707451511384,359.5086975097656,1220377,0.0,0.0
2018-07-04,360.8565796313533,368.8508034264816,360.8565796313533,366.89874267578125,1230554,0.0,0.0
2018-07-05,366.85223914693483,371.77894284594436,358.9509491913423,360.0664367675781,764807,0.0,0.0
2018-07-06,360.066406287331,363.3663451716396,353.37353813253395,354.76788330078125,571315,0.0,0.0
2018-07-09,362.11141665450356,364.01703867442853,357.41713276000183,360.7170715332031,1028301,0.0,0.0
2018-07-10,362.5297739553384,362.85512686198075,352.76935696423317,354.3031311035156,1364317,0.0,0.0
2018-07-11,354.163676547233,356.90590008818157,343.3342679642101,344.8680419921875,1886667,0.0,0.0
2018-07-12,346.866567720339,346.866567720339,336.68786578453023,340.0342712402344,2011261,0.0,0.0
2018-07-13,341.0568719389043,343.28781885802135,335.57245248873306,340.313232421875,1103058,0.0,0.0
2018-07-16,339.6160021983966,339.6160021983966,323.48807113898323,325.11480712890625,1177909,0.0,0.0
2018-07-17,326.2767575358676,339.290645300831,322.4655418739521,334.7822570800781,1486654,0.0,0.0
2018-07-18,336.409006268438,340.17375525489354,324.04582375317455,329.2978515625,2124458,0.0,0.0
2018-07-19,332.50484654695214,332.50484654695214,317.9106895116352,319.35150146484375,1718171,0.0,0.0
2018-07-20,318.32902080165127,326.09085306107676,309.3122438194342,323.4416198730469,3529076,0.0,0.0
2018-07-23,325.3472356058832,335.4794724125752,324.23174802230915,334.1316223144531,1337506,0.0,0.0
2018-07-24,334.4569412279253,348.26096509425105,334.27104554580933,346.2159423828125,1350661,0.0,0.0
2018-07-25,349.3299426728062,351.0496407757276,337.4315415360991,339.24420166015625,826018,0.0,0.0
2018-07-26,338.36109243224104,347.6102600148928,336.54843237557265,344.96099853515625,918675,0.0,0.0
2018-07-27,347.5637867362712,350.44543925788565,345.37930683917506,347.2384338378906,460475,0.0,0.0
2018-07-30,348.5862827875518,356.76642954308994,344.4032473941012,355.6509704589844,1361702,0.0,0.0
2018-07-31,358.18397991270103,361.18605729544106,354.29068138472354,357.85565185546875,1479853,3.5,0.0
2018-08-01,359.6850166832128,361.1860553665666,350.8664537846647,354.14996337890625,1438581,0.0,0.0
2018-08-02,355.5571334736282,357.9493929724691,351.3823746761224,352.8365173339844,1169194,0.0,0.0
2018-08-03,354.7128444221794,358.9344994714597,353.3056260724193,353.9623107910156,1430676,0.0,0.0
2018-08-06,357.1989103386625,362.0772785437821,354.19683319244587,356.7767333984375,1252886,0.0,0.0
2018-08-07,357.43350494521894,358.277830333276,349.92833948705163,350.72576904296875,694292,0.0,0.0
2018-08-08,351.8983801715397,356.5421831842132,351.1009507764559,352.4612731933594,854788,0.0,0.0
2018-08-09,354.14999875849765,357.80876123160516,351.1948455544468,355.1350402832031,734073,0.0,0.0
2018-08-10,356.4014945429392,357.5272806733076,351.3355142161425,353.82159423828125,833811,0.0,0.0
2018-08-13,350.02214614025917,358.9814256048132,329.28912164408916,332.4319152832031,5669251,0.0,0.0
2018-08-14,333.0417291977826,334.8242003322908,315.2169605928309,318.96954345703125,9581860,0.0,0.0
2018-08-16,321.783931159092,322.628256447809,312.26175933037035,319.1571350097656,7445622,0.0,0.0
2018-08-17,322.72203846658505,336.7942203764652,322.72203846658505,335.1524658203125,6562996,0.0,0.0
2018-08-20,337.68548123669973,362.0772640243173,336.1844427237838,354.10302734375,9299936,0.0,0.0
2018-08-21,356.30769077649956,365.59535520772755,348.098916699356,363.4845275878906,4923042,0.0,0.0
2018-08-23,364.00047742915467,372.4437874726145,364.00047742915467,367.2370910644531,4299295,0.0,0.0
2018-08-24,366.53350954218314,377.60361653777727,357.62112604626043,373.80413818359375,3749033,0.0,0.0
2018-08-27,378.07269623866125,379.5737350018237,369.6762812349857,371.6463928222656,2542445,0.0,0.0
2018-08-28,373.3819141014864,376.89995977455317,368.6442907137281,372.7721252441406,2132696,0.0,0.0
2018-08-29,372.35001486736826,374.1324859343453,361.3737275833931,363.2030944824219,2530185,0.0,0.0
2018-08-30,362.8747113466882,371.7401988339437,360.2479150845032,363.90667724609375,5005078,0.0,0.0
2018-08-31,365.9705692695316,381.449970188446,365.9705692695316,377.8381042480469,4507525,0.0,0.0
2018-09-03,380.8870928675202,394.30256276531554,376.5716176164342,380.3711242675781,5092585,0.0,0.0
2018-09-04,379.7144307140173,384.35826287515454,364.93863754849343,368.26904296875,2692159,0.0,0.0
2018-09-05,367.7530265130515,381.82520865003056,365.1262306327866,377.08758544921875,2737343,0.0,0.0
2018-09-06,380.089654527064,399.2278175513242,375.4927471708829,396.22576904296875,5084800,0.0,0.0
2018-09-07,391.2067140391175,404.71600491304315,383.8891898328045,399.6500244140625,6929929,0.0,0.0
2018-09-10,397.72683610985695,405.74796948822967,391.39435334905795,394.3025817871094,2820252,0.0,0.0
2018-09-11,396.36651283488453,400.58816800117324,380.13660553645826,383.60772705078125,2532362,0.0,0.0
2018-09-12,385.5778590235779,387.36033001813826,374.9299002564293,383.4201354980469,2144506,0.0,0.0
2018-09-14,389.3304271586127,394.02115519666825,384.82733969405206,386.23455810546875,2471602,0.0,0.0
2018-09-17,386.46906066264745,392.05100936113973,382.85719466366464,387.5948181152344,1613138,0.0,0.0
2018-09-18,388.2046333912705,394.0211474967667,380.5587525646409,383.1855773925781,1952399,0.0,0.0
2018-09-19,386.0468937224406,388.3922575968175,378.07265654955904,382.2943115234375,1515745,0.0,0.0
2018-09-21,385.5778709450349,389.142813044378,344.0649249856242,369.62939453125,3953672,0.0,0.0
2018-09-24,374.6015467080097,374.6015467080097,353.68091015856146,361.23297119140625,1864471,0.0,0.0
2018-09-25,362.780933497876,371.59949686222166,358.41853333115876,369.72320556640625,1480341,0.0,0.0
2018-09-26,370.56751686456516,378.8231868009675,368.22215283377676,374.4608154296875,1381815,0.0,0.0
2018-09-27,376.1963975371268,377.6505118112948,362.17110892011624,364.8917541503906,1521608,0.0,0.0
2018-09-28,364.51645664946966,370.19225463302286,348.5210858311305,362.0773010253906,1928644,0.0,0.0
2018-10-01,361.1860574404457,374.1793797782507,353.21181980864367,372.1154479980469,1593399,0.0,0.0
2018-10-03,373.38196508720756,379.01083893274335,365.9706202499054,369.4417419433594,1831607,0.0,0.0
2018-10-04,362.26492811556705,367.75308575913243,353.0241879642554,359.5443115234375,1613796,0.0,0.0
2018-10-05,363.6252343537406,365.36080941141245,352.7427398452932,354.9473876953125,1804396,0.0,0.0
2018-10-08,351.8045829068318,357.3865604075923,347.86436012630315,353.11798095703125,1441264,0.0,0.0
2018-10-09,350.0221177153605,362.077294009729,348.52107907813604,357.3865661621094,1617720,0.0,0.0
2018-10-10,357.38658820412,363.81286284775825,353.54018540585685,361.4674987792969,1210563,0.0,0.0
2018-10-11,353.5401673403661,358.6530435703904,347.7705777527569,351.24169921875,1155902,0.0,0.0
2018-10-12,353.68094798659683,358.3247809041779,351.1479430079279,353.5871276855469,761788,0.0,0.0
2018-10-15,352.8365542736452,362.07729385550596,352.27366120618444,359.1690368652344,831107,0.0,0.0
2018-10-16,360.1541027407406,363.43761245585796,352.27368515044554,356.542236328125,1993018,0.0,0.0
2018-10-17,361.0922138473289,361.0922138473289,352.7427242389358,354.19683837890625,816462,0.0,0.0
2018-10-19,353.5870901285154,357.2458524413522,343.361308258816,348.7556457519531,893281,0.0,0.0
2018-10-22,350.491176737003,354.6190113548299,348.14581290529117,349.92828369140625,711671,0.0,0.0
2018-10-23,346.6447985920685,357.2458324015042,344.6746871095373,354.14996337890625,991239,0.0,0.0
2018-10-24,354.384471211381,357.3396238819957,330.3679401034988,335.5277404785156,2748450,0.0,0.0
2018-10-25,331.77518917178287,332.1035458611913,318.03136171453065,319.626220703125,2926363,0.0,0.0
2018-10-26,320.8458101598573,324.5983927348264,311.6988901333701,316.53033447265625,1686930,0.0,0.0
2018-10-29,318.9695009597734,329.24220663383284,318.9695009597734,327.4128112792969,1283870,0.0,0.0
2018-10-30,329.66438164053335,335.3870759349201,325.67726255599234,326.709228515625,1091197,0.0,0.0
2018-10-31,327.4127999058833,338.67054660751825,327.4127999058833,337.779296875,1207102,0.0,0.0
2018-11-01,339.74942556356643,343.0798596435769,335.1056219907778,337.1695251464844,1176169,0.0,0.0
2018-11-02,337.7324568150977,343.1736905007002,334.3551265209597,336.6535949707031,803123,0.0,0.0
2018-11-05,328.2571189027359,341.2035445399003,326.56846838176784,338.1545715332031,1284370,0.0,0.0
2018-11-06,339.60868997730415,341.8133377514854,325.63032697218017,328.5854797363281,1107634,0.0,0.0
2018-11-07,328.5854797363281,328.5854797363281,328.5854797363281,328.5854797363281,0,0.0,0.0
2018-11-09,328.9138502275531,339.9839567593754,328.9138502275531,337.9669494628906,787891,0.0,0.0
2018-11-12,337.7324223639522,343.17365549450966,332.6195172956361,334.16748046875,746695,0.0,0.0
2018-11-13,332.10351188364666,336.3251666957269,327.4127843146686,333.3230895996094,529106,0.0,0.0
2018-11-14,333.0416845275062,352.1798488419738,333.0416845275062,348.2396545410156,1816372,0.0,0.0
2018-11-15,348.3803230722862,348.5210391656139,335.8091796062953,337.0756530761719,840344,0.0,0.0
2018-11-16,337.0756829131189,341.9071553744807,329.8519793935784,333.22930908203125,1169373,0.0,0.0
2018-11-19,335.80922566936704,343.26746593805797,331.16539354306536,341.5318908691406,1108255,0.0,0.0
2018-11-20,339.42103451867655,341.5318619189915,330.2741157839783,333.0416564941406,764219,0.0,0.0
2018-11-21,333.3231087958788,338.0138366349986,330.64941683152506,336.41900634765625,562003,0.0,0.0
2018-11-22,335.4339301231196,336.4190001290845,330.6024862641197,332.00970458984375,539456,0.0,0.0
2018-11-26,332.85405958511103,335.85613706673087,323.75406411070395,331.7283020019531,809029,0.0,0.0
2018-11-27,333.97985407345897,334.82417943923105,321.31488769707784,324.3638610839844,1513963,0.0,0.0
2018-11-28,325.72414155450133,328.022580939767,320.8457733152796,322.534423828125,944026,0.0,0.0
2018-11-29,323.6602898408956,338.0139086340389,320.5174957932648,334.82421875,2821212,0.0,0.0
2018-11-30,333.97987660973337,344.7216565650262,332.43194189637757,342.7046203613281,1222488,0.0,0.0
2018-12-03,346.17576628803084,346.17576628803084,331.6814036459483,334.7303771972656,1432872,0.0,0.0
2018-12-04,335.7623139866421,340.8282946435787,325.58342821348594,331.44683837890625,1195054,0.0,0.0
2018-12-05,333.5107489215193,341.01591345421167,332.5726033549327,336.2782897949219,1687420,0.0,0.0
2018-12-06,334.58963532707065,335.9030334913807,328.5855089831299,333.7922058105469,775206,0.0,0.0
2018-12-07,332.94788703695383,333.839136860651,327.1314011573477,327.7880859375,869679,0.0,0.0
2018-12-10,322.72208697205104,328.1633200097234,318.2189995360416,319.3447570800781,862965,0.0,0.0
2018-12-11,316.24888613742667,326.47466740783517,315.3576363692545,324.27001953125,1184307,0.0,0.0
2018-12-12,326.47465618432375,332.94785484819926,326.47465618432375,331.0715637207031,1312527,0.0,0.0
2018-12-13,331.07159572806154,336.0906807053351,326.474687747262,327.7880859375,1099741,0.0,0.0
2018-12-14,325.63032721361947,329.85198220265534,323.1911430495238,325.0205383300781,703332,0.0,0.0
2018-12-17,328.679304126865,331.118488319648,326.66229688992297,329.2890930175781,843653,0.0,0.0
2018-12-18,325.771066631121,326.42778001726754,320.3298334856555,323.894775390625,1376167,0.0,0.0
2018-12-19,326.4746733004408,326.4746733004408,321.1272318547539,321.8308410644531,1070544,0.0,0.0
2018-12-20,321.31487966189803,324.4107488022878,320.8458068448734,322.9566345214844,852170,0.0,0.0
2018-12-21,323.8009569255493,326.33396156645216,319.1571532571373,320.7519836425781,719385,0.0,0.0
2018-12-24,321.033422774177,323.14425028871517,319.3447435845882,320.5174255371094,499572,0.0,0.0
2018-12-26,320.84583128886237,321.1741880117824,315.40459764880296,318.4066467285156,522052,0.0,0.0
2018-12-27,321.73704664663217,321.7839424749036,317.0932144504881,317.8437194824219,537841,0.0,0.0
2018-12-28,319.20402676496866,326.09940235641403,318.35970148702097,323.941650390625,782756,0.0,0.0
2018-12-31,328.3509648353785,328.7262173549182,325.0674551870247,326.8968505859375,1171717,0.0,0.0
2019-01-01,327.0844291491253,331.0715476009229,326.80299694567594,328.3978271484375,692062,0.0,0.0
2019-01-02,326.9436954864084,328.3509136879281,321.3617185017426,325.30194091796875,558345,0.0,0.0
2019-01-03,323.70713593989524,327.2251820280549,320.84580324016497,322.39373779296875,482203,0.0,0.0
2019-01-04,323.6602646251631,323.6602646251631,318.03139045776896,322.9097595214844,579722,0.0,0.0
2019-01-07,325.3019625628293,328.0225788741389,322.9097029130413,327.3189697265625,516834,0.0,0.0
2019-01-08,327.60050406728845,331.1185505945148,325.63039228605453,327.64739990234375,998829,0.0,0.0
2019-01-09,327.64735153598116,330.5556086285002,322.95662352544457,326.1932373046875,536267,0.0,0.0
2019-01-10,325.44269513199373,329.5705299473022,324.4576537275208,328.3509521484375,497887,0.0,0.0
2019-01-11,326.756103515625,330.8839670909958,325.77106208009855,326.756103515625,891386,0.0,0.0
2019-01-14,328.58546901728226,333.8859854895766,327.97568015408547,331.82208251953125,1672294,0.0,0.0
2019-01-15,333.1355422587184,335.7154429218133,331.0716102762686,333.88604736328125,1068589,0.0,0.0
2019-01-16,333.04166257659256,337.49785383642023,329.3829007418779,330.7431945800781,1206297,0.0,0.0
2019-01-17,331.16539069145705,336.23137111202567,329.75817231741405,333.839111328125,1053793,0.0,0.0
2019-01-18,331.44681428012,332.52570457605947,321.8308223079888,325.5834045410156,1220994,0.0,0.0
2019-01-21,324.5514754056743,329.94581249986066,322.2999031058951,323.28497314453125,786496,0.0,0.0
2019-01-22,322.6751808750247,326.09940648613446,319.25092663398414,324.645263671875,504192,0.0,0.0
2019-01-23,324.5983868731495,324.5983868731495,319.6262265030771,320.8927001953125,573513,0.0,0.0
2019-01-24,320.9396474508605,325.536555622716,320.18911371815005,324.6922302246094,545629,0.0,0.0
2019-01-25,324.59836666589126,329.1952742250579,321.7839299606957,322.4406433105469,784074,0.0,0.0
2019-01-28,321.78399186709066,322.34688504240813,304.9911886880607,313.6690368652344,1483625,0.0,0.0
2019-01-29,310.52619531287206,312.3086662367179,298.8462710764726,301.80145263671875,1477021,0.0,0.0
2019-01-30,301.14472417855694,305.7416316876953,294.9529577685258,299.4091491699219,1276905,0.0,0.0
2019-01-31,300.20656845036535,302.8802889266123,297.8143088099983,299.2215270996094,982622,0.0,0.0
2019-02-01,299.6436702275117,304.89729081054065,296.9230539739573,303.5838928222656,657757,0.0,0.0
2019-02-04,303.49009700264554,306.6797862683409,295.9849323163359,299.17462158203125,994074,0.0,0.0
2019-02-05,300.1127454842734,300.1127454842734,292.6545057940797,295.3751220703125,696394,0.0,0.0
2019-02-06,294.57769989132885,304.89730084293586,292.0446954785079,298.28338623046875,998197,0.0,0.0
2019-02-07,300.25351106032025,313.80972748121314,298.56486030163256,302.0360107421875,7512981,0.0,0.0
2019-02-08,307.4302965608994,307.4302965608994,299.8313121672837,302.22357177734375,1635258,0.0,0.0
2019-02-11,302.55191045781163,306.0699559282513,300.2065468108519,304.3343811035156,875355,0.0,0.0
2019-02-12,304.4282678897124,306.16384309365276,298.70557361479734,299.83135986328125,975106,0.0,0.0
2019-02-14,299.26841968195026,303.3024339498294,296.17255093031554,298.7993469238281,834172,0.0,0.0
2019-02-15,298.14263933207724,299.2684254251468,287.02563765518084,294.57769775390625,1947521,0.0,0.0
2019-02-18,291.20039579844394,297.72051933351867,290.1684298866428,292.5137939453125,772468,0.0,0.0
2019-02-19,292.7014252658351,295.60968233260377,291.29420687513397,292.60760498046875,568174,0.0,0.0
2019-02-20,292.5138131273037,295.28135434999217,290.8251623462989,293.8272399902344,643033,0.0,0.0
2019-02-21,295.4689832994947,295.515879129923,291.4818642953608,293.7803039550781,884693,0.0,0.0
2019-02-22,294.57770508983225,297.86121454147053,293.12359092750745,295.7034912109375,581643,0.0,0.0
2019-02-25,297.4859635256468,297.9550363067879,293.6864568204459,294.3431701660156,681427,0.0,0.0
2019-02-26,292.4668828373132,294.483890096412,289.0895530432779,293.12359619140625,607951,0.0,0.0
2019-02-27,293.87412917242654,307.5241371281428,293.17051992460745,299.83135986328125,2145842,0.0,0.0
2019-02-28,301.6138263966412,308.9782754732145,295.65659579470224,298.9870300292969,4430968,0.0,0.0
2019-03-01,300.81639066372367,304.1468248296248,297.81434182438375,303.20867919921875,970103,0.0,0.0
2019-03-05,300.2066131308678,312.1679703728008,300.2066131308678,310.8076477050781,2292914,0.0,0.0
2019-03-06,311.46437757583,317.37468413207193,307.24272185567565,309.91644287109375,1355928,0.0,0.0
2019-03-07,310.4793157876278,313.0122918766455,303.959192037323,306.39837646484375,1173766,0.0,0.0
2019-03-08,305.83547480729175,315.216931089724,304.14682412842694,304.8504333496094,599037,0.0,0.0
2019-03-11,306.726696297769,313.1998948092383,304.8973010395597,312.2617492675781,728477,0.0,0.0
2019-03-12,312.6839267391127,321.59631021590627,312.6839267391127,315.5452880859375,1840847,0.0,0.0
2019-03-13,315.9205395026129,317.46847405926724,307.1019763456756,310.1978454589844,2257887,0.0,0.0
2019-03-14,311.8865247634612,314.9354980474507,308.18083808940855,310.1978454589844,953743,0.0,0.0
2019-03-15,310.66691230707227,327.8349941083289,309.0251574933689,321.2679748535156,3777187,0.0,0.0
2019-03-18,324.08238284365603,324.08238284365603,316.90554667832487,318.265869140625,983011,0.0,0.0
2019-03-19,319.7669573154127,323.0973629916259,315.029304504398,316.2958068847656,855722,0.0,0.0
2019-03-20,316.624137137816,320.75197201451533,315.45145514841664,316.9993896484375,498505,0.0,0.0
2019-03-22,316.9993728009901,321.17413191334987,310.29163790410576,312.2617492675781,1028812,0.0,0.0
2019-03-25,312.0741045754379,313.3406067658967,304.944192827234,311.5581359863281,627229,0.0,0.0
2019-03-26,311.79268367402767,316.061234534869,311.18289478389755,315.1700134277344,860971,0.0,0.0
2019-03-27,315.2169167258523,320.56435801513834,308.7906137392348,309.5880432128906,964560,0.0,0.0
2019-03-28,311.4643270009021,316.9055598158131,310.05710865601844,315.1700134277344,770606,0.0,0.0
2019-04-01,327.36593045348934,330.7901562917829,321.9246685980436,322.9566345214844,1190335,0.0,0.0
2019-04-02,324.8798402488236,327.1314128035996,321.12725749744277,322.7690124511719,778319,0.0,0.0
2019-04-03,324.41072882564526,324.8329057869436,316.6710278213354,317.79681396484375,609970,0.0,0.0
2019-04-04,318.6880235640116,324.59832849798664,316.5771962833166,323.0972900390625,554711,0.0,0.0
2019-04-05,324.7390399918037,327.365864415202,322.15914001860153,324.0354309082031,749516,0.0,0.0
2019-04-08,324.59838030934105,328.3509627406629,319.2509388927346,321.2679748535156,1622334,0.0,0.0
2019-04-09,321.31487587180794,323.19116711777474,318.07826202054235,320.4705505371094,445165,0.0,0.0
2019-04-10,319.53238357057944,327.31898026925353,318.26588133816296,322.1591796875,998246,0.0,0.0
2019-04-11,323.56641826212064,324.92674086162253,321.26797867356544,323.7540588378906,590665,0.0,0.0
2019-04-12,322.01848596302955,325.67724817660843,320.0952988826669,320.7519836425781,501500,0.0,0.0
2019-04-15,320.423622443409,322.9097312200607,317.8437220094687,319.90765380859375,508153,0.0,0.0
2019-04-16,319.9545425357375,321.59629732089655,316.06124405691804,316.9993896484375,951058,0.0,0.0
2019-04-18,318.6411576485303,319.3447668713505,313.5751769702112,315.6860046386719,896846,0.0,0.0
2019-04-22,311.4643594012686,315.02930146051455,308.9782791260102,310.2447814941406,459004,0.0,0.0
2019-04-23,311.4643480424192,312.77774619372,307.57104941787543,308.4153747558594,512716,0.0,0.0
2019-04-24,309.2127874938555,310.3385450067994,305.9292779787234,309.1658630371094,807639,0.0,0.0
2019-04-25,309.16591622207477,310.85459572688586,303.0210730957908,303.9123229980469,1722880,0.0,0.0
2019-04-26,304.8972943933999,310.76070390096527,304.85039856931104,307.71173095703125,1025254,0.0,0.0
2019-04-30,307.71174828723673,308.5091777511624,300.6756564818883,305.3194885253906,1221560,0.0,0.0
2019-05-02,303.8184730864719,304.2406214490778,293.82722768573575,295.42205810546875,1091370,0.0,0.0
2019-05-03,293.1704641976137,299.08076930386636,281.4905414520095,285.0555114746094,2044853,0.0,0.0
2019-05-06,274.8766175705408,292.1854126203836,274.73590147865735,288.4328308105469,4497822,0.0,0.0
2019-05-07,288.0107005313853,290.82513734439556,278.86378088910186,280.69317626953125,1434753,0.0,0.0
2019-05-08,280.41170722052635,281.4436730811434,267.04313274917206,268.8725280761719,2044037,0.0,0.0
2019-05-09,266.667880350082,274.3606855359881,264.8384850223571,272.57818603515625,2109439,0.0,0.0
2019-05-10,270.18596045808124,276.65916003473586,268.91945804244705,271.358642578125,917658,0.0,0.0
2019-05-13,262.35242036182575,266.4802554181971,248.60859257382535,252.220458984375,3848880,0.0,0.0
2019-05-14,251.4230406139624,252.3611862878951,243.35498209215444,244.5276641845703,2820073,0.0,0.0
2019-05-15,246.73228662361126,248.1864008152381,239.32094229512393,244.34002685546875,2946302,0.0,0.0
2019-05-16,244.10548042197942,244.85598540035343,226.79668379515496,241.76011657714844,8000269,0.0,0.0
2019-05-17,241.760111676517,244.10547547380594,231.9095694129388,234.20802307128906,4218861,0.0,0.0
2019-05-20,235.52145622380917,241.5255966650461,232.6601092749746,235.05238342285156,3865005,0.0,0.0
2019-05-21,236.13122295985326,239.22710601837812,227.9693598528074,229.61111450195312,3941548,0.0,0.0
2019-05-22,229.28278346965752,236.08433920479834,227.12505999875813,234.86476135253906,3185013,0.0,0.0
2019-05-23,237.35084619220063,239.88383654944033,233.31681708957706,234.81785583496094,4433569,0.0,0.0
2019-05-24,233.64516204541903,240.9157760527332,232.33174963047938,237.1632080078125,3132312,0.0,0.0
2019-05-27,238.85185932777821,243.68330311494717,237.3508207433364,239.22711181640625,2755381,0.0,0.0
2019-05-28,240.39980139644658,247.6235337098925,235.1930906397939,242.27609252929688,24803528,0.0,0.0
2019-05-29,247.67043422319313,253.9560210891633,241.61938375326764,247.43589782714844,10126701,0.0,0.0
2019-05-30,248.46785672357282,248.93692950249974,237.91371919771726,240.9626922607422,4298962,0.0,0.0
2019-05-31,240.96267321273018,240.96267321273018,229.3765707631265,232.6600799560547,5127827,0.0,0.0
2019-06-03,233.5982473484347,238.94567424402024,230.26782770597598,237.21011352539062,2657220,0.0,0.0
2019-06-04,237.35084245361816,244.15239821562895,235.38073092070442,241.38485717773438,2303202,0.0,0.0
2019-06-06,240.63435612349744,242.88589992849097,229.84568128755117,230.50238037109375,2941237,0.0,0.0
2019-06-07,229.3765767651329,230.31472227337477,226.09306748628643,227.6879119873047,4955644,0.0,0.0
2019-06-10,229.75184655907904,235.24000392192775,226.18690481103818,232.28485107421875,3582549,0.0,0.0
2019-06-11,231.90958124435775,237.06938186163293,226.56215437672014,235.2869110107422,3836151,0.0,0.0
2019-06-12,235.474521571571,238.148241984724,229.84564854595575,230.97142028808594,2014255,0.0,0.0
2019-06-13,230.9714286367467,232.80080957320334,229.0482274204862,230.59617614746094,1509325,0.0,0.0
2019-06-14,231.58125135756794,233.26990201674292,226.56216657900316,230.4085693359375,2055435,0.0,0.0
2019-06-17,231.25289452137216,233.45754244664957,227.03123924613413,227.8755645751953,1508702,0.0,0.0
2019-06-18,227.500304099615,228.90752247548892,218.5879210524136,219.47915649414062,2792448,0.0,0.0
2019-06-19,217.74359675220174,224.21679558494398,217.46215021274216,223.18482971191406,2588680,0.0,0.0
2019-06-20,223.18482520719934,228.57916223059496,219.52606321296935,227.54721069335938,1534833,0.0,0.0
2019-06-21,227.8286778828744,227.8286778828744,219.85443982096973,220.51113891601562,2472209,0.0,0.0
2019-06-24,221.12091030473877,222.10596602656142,210.6605928155353,214.8822479248047,2063844,0.0,0.0
2019-06-25,212.0208927530949,218.40028530954385,209.34717222911635,216.1487274169922,2327066,0.0,0.0
2019-06-26,215.77349543801157,225.15495176140337,214.27245670028233,224.12298583984375,2899131,0.0,0.0
2019-06-27,222.5281209994943,228.3915306712504,222.01213808538677,223.13792419433594,1639885,0.0,0.0
2019-06-28,224.21679614541645,227.8755582226399,223.13793444225115,226.74978637695312,945274,0.0,0.0
2019-07-01,225.1549501897524,231.01836035094388,224.26371470824455,225.48330688476562,1465009,0.0,0.0
2019-07-02,225.248755533715,226.9374060961281,220.55802771597803,221.30853271484375,678953,0.0,0.0
2019-07-03,221.30854000655333,223.46627773679887,217.93122445548553,222.434326171875,1163795,0.0,0.0
2019-07-04,222.9972077530249,223.8415473876688,220.69875388059847,222.10597229003906,450557,0.0,0.0
2019-07-05,223.09102465677424,223.09102465677424,212.8183332866223,214.55389404296875,1441720,0.0,0.0
2019-07-08,214.46009647587942,215.8673149191202,209.6286378984397,210.75440979003906,938900,0.0,0.0
2019-07-09,208.8781114941804,217.18070575552926,208.78430552343823,216.4770965576172,1215726,0.0,0.0
2019-07-10,216.61780451550177,218.54100578037898,213.1935789405722,214.1786346435547,811882,0.0,0.0
2019-07-11,214.8353314630818,221.8714231048858,214.8353314630818,219.8544158935547,1201526,0.0,0.0
2019-07-12,220.4642092565294,224.40441779301472,218.11884532826843,221.58998107910156,1241440,0.0,0.0
2019-07-15,221.5430675746616,224.1229678565874,216.43017715165618,223.56008911132812,1312592,0.0,0.0
2019-07-16,224.2167899717074,232.0972069894968,223.74771718933985,229.93948364257812,2930797,0.0,0.0
2019-07-17,230.8307472473347,231.67507263269076,223.98228092567155,225.952392578125,2019218,0.0,0.0
2019-07-18,226.4214368723737,227.73483493178202,214.83533346808684,216.8523406982422,1239743,0.0,0.0
2019-07-19,220.18276572143083,220.9801951938881,213.2404941251983,214.27244567871094,1479637,0.0,0.0
2019-07-22,214.13172487969229,222.0121418875043,211.83327111199424,221.30853271484375,1707160,0.0,0.0
2019-07-23,221.49617283467762,222.95028700328345,218.68173614968788,221.16781616210938,932730,0.0,0.0
2019-07-24,219.71370509980787,221.87144292571506,212.9590593832445,215.35133361816406,882090,0.0,0.0
2019-07-25,216.63743400444608,224.06827257838583,215.7800357037109,219.30491638183594,1460683,3.5,0.0
2019-07-26,220.0670540872116,223.78246606884545,217.35193526759576,223.06796264648438,608190,0.0,0.0
2019-07-29,226.73573865460713,227.02154291317413,215.11315327795316,216.5421600341797,2057154,0.0,0.0
2019-07-30,217.6853683851625,220.87682270785982,208.63499201903974,209.6352996826172,1289608,0.0,0.0
2019-07-31,208.25390722504935,218.16168080047152,206.06276079877117,217.0184783935547,1023859,0.0,0.0
2019-08-01,217.11377334368456,218.30461241322342,211.49301875010494,215.58950805664062,1508064,0.0,0.0
2019-08-02,214.58918909391443,219.40018159024518,209.73056012997466,214.63682556152344,1968062,0.0,0.0
2019-08-05,213.11253134135708,216.1610760853353,208.49208502932055,213.01727294921875,954589,0.0,0.0
2019-08-06,212.8743877122827,216.68507270882964,211.06431815356675,215.5418701171875,1429265,0.0,0.0
2019-08-07,215.3036926670794,222.3534537804729,207.77759595044012,216.82797241210938,3802009,0.0,0.0
2019-08-08,218.16169622604696,224.83039436396106,215.7800183196491,223.5919189453125,1979751,0.0,0.0
2019-08-09,224.8304013627784,224.92567429664342,212.58857072817005,219.44781494140625,2841321,0.0,0.0
2019-08-13,222.63924550458708,222.63924550458708,207.77758424270183,209.30184936523438,2444453,0.0,0.0
2019-08-14,211.92171131893716,211.92171131893716,203.4429432220785,207.6823272705078,2059514,0.0,0.0
2019-08-16,207.6823359072277,208.63500717285717,204.58615429393186,207.4441680908203,1616550,0.0,0.0
2019-08-19,208.58735139652873,209.01605051906193,206.49147771344866,208.39682006835938,975033,0.0,0.0
2019-08-20,209.4447804499529,209.5876753230293,204.25271050016283,208.96844482421875,2018235,0.0,0.0
2019-08-21,207.72996820934048,209.8734785139933,201.10890595340157,204.01454162597656,1043656,0.0,0.0
2019-08-22,200.06095452588443,207.01545728101078,196.72660528378634,203.72874450683594,2368701,0.0,0.0
2019-08-23,202.0615604222093,211.63589402538858,199.4893366409168,209.96871948242188,1607869,0.0,0.0
2019-08-26,211.49300463256702,213.06490628478718,204.63377495721093,209.06369018554688,1650360,0.0,0.0
2019-08-27,207.6823157099852,210.30216143568458,205.8722462959636,207.82521057128906,2015139,0.0,0.0
2019-08-28,207.68232916717702,214.0652235324243,206.30095878416674,212.68385314941406,2576820,0.0,0.0
2019-08-29,211.3977413758265,212.0169864009639,206.6820216666868,209.3971405029297,1306042,0.0,0.0
2019-08-30,210.34980369290722,215.68475368651835,208.6349926270073,214.5891876220703,1195227,0.0,0.0
2019-09-03,214.16047994392682,219.92414337647742,212.49330541183582,218.1140594482422,2155289,0.0,0.0
2019-09-04,218.3522314167825,220.20993730933864,212.63620434023528,219.3525390625,1614066,0.0,0.0
2019-09-05,221.0197152860614,226.4499381422334,220.11468056613418,224.87803649902344,1730107,0.0,0.0
2019-09-06,224.83039683649778,229.40322137439233,222.06765624933675,227.4978790283203,1675968,0.0,0.0
2019-09-09,224.49695070917346,228.87924381433044,223.44902116601548,225.11619567871094,1760792,0.0,0.0
2019-09-11,225.54490629346066,231.02276568601565,225.54490629346066,228.26002502441406,1464866,0.0,0.0
2019-09-12,230.07008778887626,232.26123438942534,225.6877945877781,228.0218505859375,1996765,0.0,0.0
2019-09-13,228.64110229646357,231.26094826027722,224.49697650269624,230.451171875,1048816,0.0,0.0
2019-09-16,228.73637104770435,236.26246804581012,228.21239895721632,230.83224487304688,1348642,0.0,0.0
2019-09-17,230.54641216662228,231.83252399955026,225.87832947045362,227.64076232910156,1302061,0.0,0.0
2019-09-18,228.6410854517487,230.8322320946497,224.8780371610104,229.83192443847656,842491,0.0,0.0
2019-09-19,230.54641912024638,230.97511823195,223.59191679318178,226.7833709716797,867107,0.0,0.0
2019-09-20,226.735725231538,237.73907951039004,223.5442711835939,235.73846435546875,1626395,0.0,0.0
2019-09-23,238.16779848341446,241.74031546066567,230.73696026341017,235.8813934326172,1213827,0.0,0.0
2019-09-24,233.40445759735988,243.12170149613212,231.68964643013896,241.9308624267578,1790968,0.0,0.0
2019-09-25,239.26337394089464,240.54948591787158,234.02368216842615,237.31040954589844,1275169,0.0,0.0
2019-09-26,237.88200452085795,239.1681165030149,233.4997255609268,234.07131958007812,840873,0.0,0.0
2019-09-27,232.7375841670031,234.0713180730452,227.97422802169646,230.16537475585938,785934,0.0,0.0
2019-09-30,229.59375930578463,229.97482197131666,216.6374251651715,222.25819396972656,1502377,0.0,0.0
2019-10-01,225.30674585119283,225.687808528475,216.9708725903136,223.06796264648438,1226745,0.0,0.0
2019-10-03,221.97238994133292,224.21117307941913,219.16201280433313,222.8297882080078,640323,0.0,0.0
2019-10-04,221.11497572889814,224.78275086807037,219.87650034898488,221.16259765625,916159,0.0,0.0
2019-10-07,221.25788118641154,221.25788118641154,213.3507074982622,217.16139221191406,1530313,0.0,0.0
2019-10-09,215.39895921202518,227.5931386640585,214.9702455525357,225.3543701171875,661679,0.0,0.0
2019-10-10,224.25878033355673,225.49725572173074,220.54336870564265,221.21023559570312,458031,0.0,0.0
2019-10-11,221.21024122401295,221.6865768056911,217.39955657058772,219.2096405029297,725660,0.0,0.0
2019-10-14,221.54368960785416,224.06826246341666,218.49514468700264,221.68658447265625,1626104,0.0,0.0
2019-10-15,221.97238943397994,223.7348369673053,221.4007808997639,223.353759765625,488532,0.0,0.0
2019-10-16,223.87772320140192,226.35467403869905,221.2102410389146,223.5919189453125,688266,0.0,0.0
2019-10-17,223.59192528961748,227.21207871738392,220.54338039024896,226.5452117919922,471432,0.0,0.0
2019-10-18,225.5925395997488,231.40382510845845,225.49726666656966,229.26031494140625,805730,0.0,0.0
2019-10-22,229.26031536715644,236.73879000073666,227.49788239293912,233.64260864257812,1079784,0.0,0.0
2019-10-23,234.3570900083223,237.21510330110672,231.7372444899366,236.11953735351562,626600,0.0,0.0
2019-10-24,234.26183440655106,238.50123273361865,231.97542941789686,232.9281005859375,893379,0.0,0.0
2019-10-25,232.92810575444673,236.64351757760423,229.30795232824198,233.11863708496094,923146,0.0,0.0
2019-10-27,232.45179087825198,235.8814132796243,231.59439254621392,234.40476989746094,166232,0.0,0.0
2019-10-29,234.3571025253311,239.40626251958057,233.1662635897349,238.21542358398438,615376,0.0,0.0
2019-10-30,238.35831844161268,239.97785648670188,234.9287110290605,238.21542358398438,591101,0.0,0.0
2019-10-31,238.2154228970808,249.31405046679885,237.50091953778337,239.8349609375,1873896,0.0,0.0
2019-11-01,240.02551541970809,245.69390637642996,236.73880255712223,243.40750122070312,672164,0.0,0.0
2019-11-04,244.74124994868242,248.5519351298942,222.44874745323764,230.2130126953125,5231174,0.0,0.0
2019-11-05,230.07009448731043,232.9281080834261,227.21208089119477,228.26002502441406,1356790,0.0,0.0
2019-11-06,225.9735969008063,233.69023913385536,225.9735969008063,228.49818420410156,776113,0.0,0.0
2019-11-07,228.49817385698262,230.07007538972275,221.1149726798797,223.78244018554688,1413454,0.0,0.0
2019-11-08,222.92506713145133,226.87864690909618,220.5433890638076,221.40078735351562,771808,0.0,0.0
2019-11-11,221.9247381418541,223.68718555744587,218.63802563119046,219.54306030273438,753824,0.0,0.0
2019-11-13,220.87682539553646,221.54369233383304,212.5885742564206,214.11285400390625,1398413,0.0,0.0
2019-11-14,211.96932244071837,224.25877397207654,209.58764466048558,223.1632080078125,4373085,0.0,0.0
2019-11-15,223.7348231601058,226.06886454699918,219.78122920508304,223.40138244628906,947260,0.0,0.0
2019-11-18,225.30672784967206,235.11924364008723,225.06856006124747,230.07008361816406,2865890,0.0,0.0
2019-11-19,230.54641655442762,235.26213580390115,227.9265709117637,232.16595458984375,1756950,0.0,0.0
2019-11-20,231.97543857932078,240.02550735986455,230.07009616799166,237.64382934570312,2580699,0.0,0.0
2019-11-21,237.21512427936108,243.7885496194469,235.97664883564107,242.3595428466797,2441075,0.0,0.0
2019-11-22,242.31192541705215,244.2172678161275,235.83375835287416,239.2157440185547,1370223,0.0,0.0
2019-11-25,240.26367008453968,247.59923530583544,238.5012371132656,244.5507049560547,1580268,0.0,0.0
2019-11-26,244.78886362553635,247.50395314450495,241.5021365286995,243.6932830810547,1206312,0.0,0.0
2019-11-27,243.69327541218033,246.69419816225403,240.64473073539105,242.8834991455078,2109146,0.0,0.0
2019-11-28,242.88352457465476,247.59924420522577,241.59742714992223,246.55130004882812,1533842,0.0,0.0
2019-11-29,246.78945125652245,253.0294647703309,240.12076770318407,242.12136840820312,2749988,0.0,0.0
2019-12-02,241.97846949377725,246.97999297740847,239.83495942936386,245.78915405273438,2786539,0.0,0.0
2019-12-03,244.69360197790675,249.88564254094442,242.3595459234689,247.93267822265625,4703707,0.0,0.0
2019-12-04,247.74212644870246,251.60046213610832,246.1702248308187,250.98123168945312,3372985,0.0,0.0
2019-12-05,251.21941258336886,252.07681086754457,244.07437842654062,245.4557342529297,893270,0.0,0.0
2019-12-06,245.78914326114088,248.59953462926535,241.02578777158388,243.21693420410156,1246246,0.0,0.0
2019-12-09,243.50275765434336,247.9326727945302,241.54977884220403,247.17054748535156,892750,0.0,0.0
2019-12-10,247.17054161416513,249.74273627645687,244.07436037519477,248.59954833984375,2659862,0.0,0.0
2019-12-11,248.55191965966094,252.45787754193464,245.59863301339453,249.98092651367188,3259167,0.0,0.0
2019-12-12,251.21941350903148,254.83955253254283,250.12381834237286,251.5052032470703,2105658,0.0,0.0
2019-12-13,251.50518448051363,251.50518448051363,246.74182871383726,248.6471710205078,863943,0.0,0.0
2019-12-16,248.69481852474198,253.0294901621263,247.9326931529831,249.02825927734375,1268170,0.0,0.0
2019-12-17,249.12353956006442,250.0762108394528,245.93208495946928,247.07530212402344,731431,0.0,0.0
2019-12-18,247.6945200966331,248.98063207331705,245.1222961432652,246.64657592773438,747292,0.0,0.0
2019-12-19,246.74186281527153,250.88598871967017,246.40842205087708,249.3140869140625,629435,0.0,0.0
2019-12-20,249.31406684621084,255.5064297002804,247.69451416278235,253.55343627929688,2192975,0.0,0.0
2019-12-23,256.0779865668144,258.17387466943177,248.26610079196382,249.45693969726562,2772875,0.0,0.0
2019-12-24,249.599820401493,250.26670177994282,245.50334642876928,246.2178497314453,975049,0.0,0.0
2019-12-26,247.07528896710073,248.26612800292324,244.16962427576257,244.97940063476562,828446,0.0,0.0
2019-12-27,246.83710078342446,249.02823279917155,243.07403811158034,243.6932830810547,1246778,0.0,0.0
2019-12-30,243.59799830788404,244.21724324725125,240.31128590745246,243.2645721435547,988265,0.0,0.0
2019-12-31,243.8838203135102,245.7891626597095,241.5021423807611,242.2642822265625,462747,0.0,0.0
2020-01-01,242.8835264977,244.5030646768207,241.1210934491251,242.21665954589844,437875,0.0,0.0
2020-01-02,243.31220541865855,245.31282064438219,241.54977251657638,244.21725463867188,540659,0.0,0.0
2020-01-03,244.83650536170373,251.50520395132213,243.83619766593912,247.69451904296875,1478041,0.0,0.0
2020-01-06,247.21817267922793,247.64688634206266,241.8832082248786,242.93115234375,966858,0.0,0.0
2020-01-07,244.16960612867985,247.69450104202605,241.07343940226275,244.8841094970703,606481,0.0,0.0
2020-01-08,244.45540243686835,247.31341564757247,241.07341723021375,246.2178497314453,874455,0.0,0.0
2020-01-09,247.6944782610236,249.83798816905167,244.83646505031948,246.2178497314453,608732,0.0,0.0
2020-01-10,246.64655597786816,251.7909743952819,245.07465438827177,245.9320526123047,871270,0.0,0.0
2020-01-13,245.7891760431945,247.21818288065492,243.69330225557437,244.4077911376953,1049259,0.0,0.0
2020-01-14,244.40777391814333,246.2654943052451,242.9311452527563,244.8841094970703,568913,0.0,0.0
2020-01-15,244.88412402114423,251.36230572270182,243.69329953980724,250.31436157226562,909694,0.0,0.0
2020-01-16,250.3620131204435,258.8408111897994,249.69516063543884,257.41180419921875,2747358,0.0,0.0
2020-01-17,259.0312836894072,259.88868192240506,254.07741108029907,256.41143798828125,3413381,0.0,0.0
2020-01-20,256.3638502542262,259.9363675959149,252.07682944419972,254.31561279296875,1445582,0.0,0.0
2020-01-21,253.41055449875265,257.6975751575661,253.41055449875265,255.6493377685547,975832,0.0,0.0
2020-01-22,255.79219451758308,263.4135634417569,255.07769118094177,256.4590759277344,4553748,0.0,0.0
2020-01-23,256.4590673365199,259.12653474133623,255.88745887171234,256.6972351074219,1196861,0.0,0.0
2020-01-24,256.74489726234384,261.222463686188,256.74489726234384,259.26947021484375,1403114,0.0,0.0
2020-01-27,257.31647752495485,262.5561687297187,256.459079324273,260.41265869140625,2905584,0.0,0.0
2020-01-28,261.7463817511601,265.7952338801589,258.4596548642164,259.5075988769531,2623772,0.0,0.0
2020-01-29,260.07923691102746,262.79435563847846,258.1738945160749,260.5555725097656,1295548,0.0,0.0
2020-01-30,261.0318785900651,261.50821413493753,253.79157249336205,255.69691467285156,1602589,0.0,0.0
2020-01-31,255.5064133222278,259.12655205249825,250.55251172723177,252.9818115234375,1103855,0.0,0.0
2020-02-03,246.55129703457607,250.74307360891942,242.21665466687497,248.07557678222656,1074575,0.0,0.0
2020-02-04,248.26610043219247,254.36318980385914,246.74182082097195,251.6480712890625,662758,0.0,0.0
2020-02-05,253.79159762152472,261.50824002713273,252.45786377847057,258.7931213378906,2404528,0.0,0.0
2020-02-06,261.222474242462,274.9409347357309,257.60230596727524,260.1745300292969,8099206,0.0,0.0
2020-02-07,261.0319232482944,265.79527951194945,257.7451957970847,262.1751403808594,2059595,0.0,0.0
2020-02-10,262.46087098062054,269.5106308474901,258.6501868284518,265.5094299316406,1710511,0.0,0.0
2020-02-11,265.79526306296236,265.79526306296236,260.079235900318,261.603515625,1251820,0.0,0.0
2020-02-12,262.9848879849422,263.0325389915643,257.41178440872966,258.93603515625,948167,0.0,0.0
2020-02-13,257.60225194128424,259.12653147045916,254.36317611254628,256.0779724121094,1121053,0.0,0.0
2020-02-14,257.50704220371944,258.6502593994141,253.26767233889552,257.22125244140625,727345,0.0,0.0
2020-02-17,258.4596465566609,263.69933737871287,250.6953832440811,253.7439422607422,2360644,0.0,0.0
2020-02-18,253.98216873432906,256.7449096281137,248.74247670110225,255.31590270996094,1305723,0.0,0.0
2020-02-19,255.5540213961521,264.3662290305022,255.31585362225076,262.8419494628906,1407555,0.0,0.0
2020-02-20,262.9372656949418,268.3675034635816,261.9845944424239,266.033447265625,1635070,0.0,0.0
2020-02-24,263.88989737145846,267.1766243290171,259.6504993042555,261.8892822265625,1577897,0.0,0.0
2020-02-25,262.93724702756333,264.7949674673711,257.84045037379866,259.3171081542969,1030458,0.0,0.0
2020-02-26,257.41176108816137,258.74549490801996,249.5998458853633,250.4096221923828,1172207,0.0,0.0
2020-02-27,249.40932415790223,251.7433803734338,243.88384248098035,249.07591247558594,1083355,0.0,0.0
2020-02-28,246.21786068444393,253.17234817724207,242.21663038217795,247.7421112060547,2349628,0.0,0.0
2020-03-02,247.7421228475257,251.07647189835765,235.59558012753192,238.31068420410156,2160496,0.0,0.0
2020-03-03,237.50094898738692,250.9812560929586,229.11743895810517,248.02796936035156,2447513,0.0,0.0
2020-03-04,249.59984130382355,250.93357509920074,240.16840273332232,243.6932830810547,2007343,0.0,0.0
2020-03-05,244.64592985046696,259.84104571106946,244.64592985046696,251.55279541015625,5574983,0.0,0.0
2020-03-06,247.64684678103865,255.9350673283411,242.55005093730634,253.50576782226562,2571888,0.0,0.0
2020-03-09,252.36259327516558,254.60137639392784,237.02459578593445,244.07437133789062,2318161,0.0,0.0
2020-03-11,246.3131145057374,251.79097362496535,242.16900372011244,245.88442993164062,2942068,0.0,0.0
2020-03-12,238.92992764136204,240.64473862093755,223.40138496863028,225.6877899169922,2131508,0.0,0.0
2020-03-13,208.6349764075649,242.93113691291802,192.439567280037,239.64442443847656,1796888,0.0,0.0
2020-03-16,235.30978559856737,249.40930768125924,225.06857023344753,237.54856872558594,2973038,0.0,0.0
2020-03-17,237.50093593547163,255.64932542196013,235.40506217748285,250.26673889160156,2396541,0.0,0.0
2020-03-18,252.45785506007093,254.98242779602836,239.16809540856994,245.88442993164062,2087472,0.0,0.0
2020-03-19,233.40444181259392,243.8361884475085,223.8777299018758,234.21421813964844,1521965,0.0,0.0
2020-03-20,240.07310636711176,276.274606533581,240.07310636711176,272.27337646484375,7510948,0.0,0.0
2020-03-23,277.819198483659,295.03521861475997,264.7504711528612,270.3927001953125,6353782,3.5,0.0
2020-03-24,286.45132038249716,288.86252678302327,263.59307193204125,268.5601806640625,2614095,0.0,0.0
2020-03-25,260.4103045948106,271.0196133005251,248.01669717458216,254.33407592773438,2927417,0.0,0.0
2020-03-26,257.61328651026463,261.37476244469025,243.82118355597848,247.7273406982422,2575177,0.0,0.0
2020-03-27,251.7299393567288,255.34674883024502,239.81857427054788,243.7247314453125,1872352,0.0,0.0
2020-03-30,243.04960840312395,249.22229098377042,238.85410332371654,243.19427490234375,2234886,0.0,0.0
2020-03-31,248.83647191446445,261.5194102357742,246.03947869828363,257.7579345703125,1919045,0.0,0.0
2020-04-01,260.4103067175567,263.59308758174626,251.8746296661909,254.47874450683594,3044512,0.0,0.0
2020-04-03,254.47873603544494,269.57288260968187,249.12584002646233,264.846923828125,4367888,0.0,0.0
2020-04-07,291.3219459875073,307.57348303885834,279.6999428925114,301.2561340332031,12849762,0.0,0.0
2020-04-08,322.13717060141477,353.67576165232725,318.27924041457146,337.4242248535156,34940619,0.0,0.0
2020-04-09,359.75195085201057,360.71643329397307,335.63988980294823,338.6297912597656,21198837,0.0,0.0
2020-04-13,351.93970540619256,351.93970540619256,339.25676472262865,341.18572998046875,14945001,0.0,0.0
2020-04-15,341.90905527893347,345.2847441180767,319.09904943831424,327.0560302734375,11480952,0.0,0.0
2020-04-16,324.06610025044756,333.90383292437485,317.45938964134615,331.3479309082031,7473616,0.0,0.0
2020-04-17,336.60439005159833,339.49783753055186,320.20818767086143,321.9442443847656,7835392,0.0,0.0
2020-04-20,327.92407021680486,328.79209863358557,318.47215290755395,321.3656005859375,9732675,0.0,0.0
2020-04-21,318.0381295491538,337.4724475757338,314.7588946763215,331.97491455078125,12650701,0.0,0.0
2020-04-22,327.924041249379,328.79206958948174,315.77155618693286,319.6294860839844,8464412,0.0,0.0
2020-04-23,320.40112683205416,330.4317398393873,318.3274657252847,319.6777648925781,7291158,0.0,0.0
2020-04-24,321.4137943206785,331.78198123424875,319.1472545505128,324.9823913574219,8615838,0.0,0.0
2020-04-27,318.5685620963005,330.38347287409243,314.08372430003607,321.99249267578125,9372941,0.0,0.0
2020-04-28,323.198086233302,327.49001562634476,312.49232477555375,314.3730773925781,4882363,0.0,0.0
2020-04-29,313.4568339288947,318.95439632819335,309.1166623821869,315.0964660644531,5451366,0.0,0.0
2020-04-30,318.7615021449443,320.20822605785634,309.88825037228133,312.44415283203125,5084577,0.0,0.0
2020-05-04,312.4441516870404,325.2717585610491,308.82734191801467,318.47216796875,10069776,0.0,0.0
2020-05-05,324.0661639049398,330.3353010042913,312.78170535263746,314.5177917480469,8082678,0.0,0.0
2020-05-06,317.2665133209579,318.95435760643625,312.10652633290465,315.289306640625,3448128,0.0,0.0
2020-05-07,316.49491401507794,320.7386309610974,308.9237208017276,309.7917785644531,4523263,0.0,0.0
2020-05-08,312.0100819153544,315.8197994803698,306.70542828155396,309.8399963378906,5409424,0.0,0.0
2020-05-11,320.9797706651892,321.1726789425269,313.6497270650891,316.7360534667969,5369042,0.0,0.0
2020-05-12,314.3730885957409,318.47213929828627,310.8527038572067,312.2030029296875,2547712,0.0,0.0
2020-05-13,315.1446872650372,317.0736524510512,309.6953665012822,313.40863037109375,2799973,0.0,0.0
2020-05-14,311.6243206273721,329.6119144618166,311.1420793479839,324.8859558105469,10950024,0.0,0.0
2020-05-15,327.924106589206,330.81755458852257,318.2792799248176,320.4011535644531,5091000,0.0,0.0
2020-05-18,320.6904673621603,323.72858169254084,311.67254908494084,312.44415283203125,3086689,0.0,0.0
2020-05-19,314.4694955844152,319.1954832045098,309.9364456642392,314.3248291015625,2773188,0.0,0.0
2020-05-20,315.19290681108583,326.95960648765066,313.5533040257767,325.8022155761719,3302453,0.0,0.0
2020-05-21,327.44182167472064,340.4623359386639,327.34536753417945,332.11956787109375,10198978,0.0,0.0
2020-05-22,333.7109588469549,338.0511302770454,330.8175112268946,334.3861083984375,4851553,0.0,0.0
2020-05-26,335.63991601937465,339.3531795977024,322.37828140654017,326.284423828125,4063780,0.0,0.0
2020-05-27,327.73115790941523,328.5992157492147,321.17268835903565,325.60931396484375,2899592,0.0,0.0
2020-05-28,324.6448289240483,330.72105715395196,321.5102606683404,326.091552734375,2383250,0.0,0.0
2020-05-29,329.8048144263191,339.9800933912264,329.17787723199416,332.3606872558594,6498111,0.0,0.0
2020-06-01,333.6145018238109,340.3176671925042,330.479933595828,337.1348571777344,4746218,0.0,0.0
2020-06-02,338.436897114474,351.5538647590205,338.0028976576893,340.5105285644531,8214215,0.0,0.0
2020-06-03,342.92176171277566,346.63502544769466,339.2567397659583,341.2339172363281,3505026,0.0,0.0
2020-06-04,345.28473059298335,351.11983787003936,340.79989291195926,349.81781005859375,5910999,0.0,0.0
2020-06-05,351.89148753334337,354.4955729304117,344.9954427313752,346.9244079589844,4170571,0.0,0.0
2020-06-08,347.2137434854218,347.6959847958182,338.7263081959143,340.6552734375,2963704,0.0,0.0
2020-06-09,341.4268128008443,355.89405063138855,339.4978477567717,347.4066162109375,5530198,0.0,0.0
2020-06-10,347.695965001001,358.1123649390739,345.9116663673821,356.08697509765625,5019676,0.0,0.0
2020-06-11,356.66564525553457,364.8155348058966,353.14528973568207,356.3763122558594,6624240,0.0,0.0
2020-06-12,349.09449218049866,363.0312482235177,346.9244063097546,361.0058288574219,4644285,0.0,0.0
2020-06-15,366.50335380648454,369.97549672928005,356.03871268606537,357.6783447265625,6630510,0.0,0.0
2020-06-16,353.0005805783352,361.43980210855494,343.6933307203123,347.9852600097656,7050529,0.0,0.0
2020-06-17,356.8585481368956,358.5946049759847,349.7695954155499,351.55389404296875,6062637,0.0,0.0
2020-06-18,353.0005996685423,355.89404720680903,349.3837902457089,352.66302490234375,2283494,0.0,0.0
2020-06-19,355.6047508867308,356.5692334989176,347.4548610402832,349.19091796875,5007226,0.0,0.0
2020-06-22,352.95238158424206,355.41180017835836,343.8862225646424,347.8406066894531,5181110,0.0,0.0
2020-06-23,349.1426805949768,355.7493919018094,348.17819805189674,354.0133056640625,2420026,0.0,0.0
2020-06-24,355.12244377553986,360.04128063928056,348.7086120460585,349.9142150878906,3090543,0.0,0.0
2020-06-25,349.9142191436818,354.1579654470538,347.2136800721436,350.4447021484375,1701434,0.0,0.0
2020-06-26,351.9396663099452,359.4626476400136,350.1553677579223,350.9269714355469,4312446,0.0,0.0
2020-06-29,352.22902695702396,357.77480142938276,351.1680903016647,353.6757507324219,2246321,0.0,0.0
2020-06-30,354.6884396028099,356.47273811569,339.3531737296944,340.55877685546875,2533187,0.0,0.0
2020-07-01,339.015602734837,341.2821425232122,334.7236437859207,336.3150634765625,2538312,0.0,0.0
2020-07-02,337.56892086093944,353.8686714386329,337.56892086093944,350.2518615722656,5430089,0.0,0.0
2020-07-03,366.5033770092474,366.5033770092474,349.6249320154005,353.33819580078125,8834396,0.0,0.0
2020-07-06,360.7164738666008,360.7164738666008,347.31017230214326,350.0107116699219,3390790,0.0,0.0
2020-07-07,348.6604415784263,357.2925721682903,348.4193209410968,348.9980163574219,4953116,0.0,0.0
2020-07-08,349.3356144934959,353.3382114540503,344.9954427313752,346.9244079589844,2606845,0.0,0.0
2020-07-09,348.2746461170033,350.05894467730707,342.68062980452834,343.40399169921875,2714917,0.0,0.0
2020-07-10,344.6578473503108,347.7441738699971,341.9090661783626,343.7415771484375,2477667,0.0,0.0
2020-07-13,345.1882867915783,347.3583724538477,343.35577589684056,345.3811950683594,1869088,0.0,0.0
2020-07-14,345.2365433988412,349.1426859851511,340.2212223239283,341.2339172363281,2596036,0.0,0.0
2020-07-15,344.36848175900815,345.429418447831,340.799913994004,341.957275390625,2721855,0.0,0.0
2020-07-16,343.5487061343802,349.76960110367673,339.5943216769559,348.0817565917969,4026049,0.0,0.0
2020-07-17,349.52845922704006,365.15308781850814,349.33558038331654,363.9956970214844,9211356,0.0,0.0
2020-07-20,367.46787411266246,370.84356324493103,359.3179842912876,361.0058288574219,5951419,0.0,0.0
2020-07-21,362.6454230534223,364.1886009531496,350.348271074882,351.8914489746094,3512055,0.0,0.0
2020-07-22,353.2417153284641,360.3306675842471,348.66042345730995,353.62750244140625,3470022,0.0,0.0
2020-07-23,354.0615520814948,358.64284422103475,352.32546582104504,356.8103332519531,2370928,0.0,0.0
2020-07-24,356.8585679633009,361.5845268955396,348.66046572630614,350.2036437988281,4897964,0.0,0.0
2020-07-27,350.83052301616704,351.31276428491776,338.0511293942723,343.9344787597656,2844884,0.0,0.0
2020-07-28,343.355774373849,349.14266944756554,341.5232634872395,344.36846923828125,2929086,0.0,0.0
2020-07-29,344.8989284195429,349.528432384771,343.3557506199108,347.9370422363281,1863961,0.0,0.0
2020-07-30,348.6604283611422,355.41180595043124,348.4675200851229,352.66302490234375,3384412,0.0,0.0
2020-07-31,354.3991195232284,382.36911305906466,354.2544235959337,374.6050109863281,15280658,0.0,0.0
2020-08-03,381.93505280859546,386.4681321280235,373.30292304867106,380.63299560546875,12197366,0.0,0.0
2020-08-04,383.86404067841096,391.1458718876614,376.58220946916055,389.3616027832031,9406025,0.0,0.0
2020-08-05,394.473399350859,396.8846059483581,378.51122344888444,381.98333740234375,19562702,0.0,0.0
2020-08-06,381.9350760804741,387.52906289606335,370.55419417275647,375.0390319824219,9631375,0.0,0.0
2020-08-07,376.43750944499294,381.25992196380486,373.78518255964633,377.0162048339844,4604458,0.0,0.0
2020-08-10,379.2345524449307,395.24493931291266,378.2218281018563,390.7601013183594,7942401,0.0,0.0
2020-08-11,392.6408262688117,394.08754999903306,379.04161731799695,380.7294616699219,3349443,0.0,0.0
2020-08-12,381.4528662279593,381.4528662279593,367.70898925261565,371.5187072753906,3992334,0.0,0.0
2020-08-13,379.5238569038321,380.53655173709626,371.56687642236676,372.676025390625,5405124,0.0,0.0
2020-08-14,376.1481909470412,386.1305911319854,372.33847313705775,381.4046325683594,7430560,0.0,0.0
2020-08-17,384.9732263508833,388.2524613249977,376.96803249345635,383.3818359375,4306535,0.0,0.0
2020-08-18,383.86407978048254,386.75752761802386,381.06708609092726,382.89959716796875,2023214,0.0,0.0
2020-08-19,384.73205858199884,391.57989013363124,380.5847956570071,381.7421569824219,4960714,0.0,0.0
2020-08-20,382.89958418891564,386.56460621876624,381.0188313847958,384.298095703125,2403030,0.0,0.0
2020-08-21,386.0823471009162,389.65094425493726,382.2726587467451,386.419921875,3722556,0.0,0.0
2020-08-24,388.7828760946494,389.5062379221263,378.65581050997287,381.0670166015625,3077174,0.0,0.0
2020-08-25,382.89957460918714,384.3462984427231,373.30296140659647,374.4121398925781,2248906,0.0,0.0
2020-08-26,376.14824892387554,377.25739813012103,371.42228963182356,374.84619140625,2189843,0.0,0.0
2020-08-27,375.1836972292377,381.93507481433966,374.21921471708026,375.2801513671875,2673972,0.0,0.0
2020-08-28,376.1481809883457,379.764990420926,373.78518705225844,375.0390319824219,2434360,0.0,0.0
2020-08-31,377.98070679016485,378.6076145631396,355.17070028902305,358.06414794921875,3023973,0.0,0.0
2020-09-01,359.84845503929256,366.4069247834795,353.48286415012745,364.6708679199219,3299059,0.0,0.0
2020-09-02,366.59983152910553,370.7470948155214,359.4626663825499,368.4323425292969,3414195,0.0,0.0
2020-09-03,369.39680556127195,375.521275456659,366.3586915067058,373.3029479980469,2425534,0.0,0.0
2020-09-04,367.51602275626465,376.63039360677163,361.00576627266486,363.7545471191406,3463442,0.0,0.0
2020-09-07,369.30038691998203,369.30038691998203,353.8204527426867,357.2443542480469,3179672,0.0,0.0
2020-09-08,357.8230428301563,360.90939890835995,349.43203247819014,351.6503601074219,2082467,0.0,0.0
2020-09-09,350.10715235344793,358.5945866976391,347.2137048133368,357.4372253417969,3592446,0.0,0.0
2020-09-10,360.1377555031394,361.63272102127985,347.59948314623426,350.83050537109375,5232616,0.0,0.0
2020-09-11,352.03613817369614,359.41442395005424,345.2847601813239,356.8585510253906,4408064,0.0,0.0
2020-09-14,358.59462095816826,359.94492015283225,352.5183923168734,355.4600524902344,2843408,0.0,0.0
2020-09-15,357.4854393029452,365.0566329537127,354.206204629461,361.7291564941406,4154655,0.0,0.0
2020-09-16,363.7545824594951,376.148188930212,361.77740503474064,374.6050109863281,5051649,0.0,0.0
2020-09-17,375.1836869015954,382.51375967895177,370.74706158106375,379.7167663574219,6323433,0.0,0.0
2020-09-18,381.0188061303757,407.9761042230755,381.0188061303757,395.14849853515625,19640911,0.0,0.0
2020-09-21,398.2348189068524,402.1409906973863,376.67862911569443,382.0315246582031,8893943,0.0,0.0
2020-09-22,383.7675964556432,384.34629186588944,367.7089680649193,379.1380920410156,4930269,0.0,0.0
2020-09-23,380.9705933439245,381.9350758587193,365.82820608817883,370.26483154296875,3731153,0.0,0.0
2020-09-24,368.19119482283014,370.168372176767,360.8611219271806,362.93475341796875,3631829,0.0,0.0
2020-09-25,365.5388774946042,375.28015689768534,362.16318865230573,371.8080139160156,3902803,0.0,0.0
2020-09-28,375.2801743365751,378.6076215469756,367.80543440985633,376.7268981933594,3623432,0.0,0.0
2020-09-29,374.31566856596976,380.77768373223205,371.6633416595851,374.02630615234375,3888455,0.0,0.0
2020-09-30,374.267421346259,392.06213519693085,372.29024400003766,381.018798828125,7587170,0.0,0.0
2020-10-01,384.4909201472394,387.9148504812661,376.8715147316568,384.1051330566406,4531721,0.0,0.0
2020-10-05,386.757508444757,402.5750166191049,381.7421873348474,399.343994140625,6566686,0.0,0.0
2020-10-06,402.71962198033316,408.41009179513316,397.7525434129125,400.5977783203125,6757564,0.0,0.0
2020-10-07,401.9481217441788,405.42026497531424,390.90478425032364,398.1866455078125,4547165,0.0,0.0
2020-10-08,400.2602814880905,423.1185310236508,399.48870717676357,420.6108703613281,11801209,0.0,0.0
2020-10-09,420.51439426369865,431.99173078920745,419.54991170804794,422.443359375,9872616,0.0,0.0
2020-10-12,422.44334195613317,427.4104210261892,415.4508437159917,425.81903076171875,5232786,0.0,0.0
2020-10-13,422.92556038354377,430.44851182784504,412.02692031588464,414.82391357421875,5013352,0.0,0.0
2020-10-14,413.2807571903612,418.19962389779744,407.34919561683694,415.2579345703125,3974124,0.0,0.0
2020-10-15,415.3062014835006,417.6209537700877,400.06735918226406,401.1282958984375,3828064,0.0,0.0
2020-10-16,398.90998627649566,416.84936749023564,396.69165876402866,415.11328125,6973034,0.0,0.0
2020-10-19,420.4179190133131,420.4179190133131,404.88974476023185,407.686767578125,3621498,0.0,0.0
2020-10-20,405.0826561666816,415.643751475924,402.5267833895069,412.9914245605469,4544341,0.0,0.0
2020-10-21,412.99142132766383,417.09047198297753,403.2501421188901,411.2071228027344,3562497,0.0,0.0
2020-10-22,409.9050746650039,411.9787062148103,400.83894478267683,410.531982421875,2951109,0.0,0.0
2020-10-23,412.7985165133691,419.2123193528357,408.02431628957106,409.22991943359375,4441774,0.0,0.0
2020-10-26,410.3872826328425,414.72745365951187,399.777975678762,403.9734802246094,2709889,0.0,0.0
2020-10-27,405.0826849819215,409.6157648968549,401.3694211495193,408.4583740234375,2410795,0.0,0.0
2020-10-28,409.90509251967126,412.605631943979,402.0927778107972,403.6359558105469,2577321,0.0,0.0
2020-10-29,402.18919495867266,405.0826424044185,393.0266113804775,396.5469665527344,2429592,0.0,0.0
2020-10-30,398.4277240077747,404.11816483349327,393.8946445142175,402.8643493652344,2527504,0.0,0.0
2020-11-02,403.15371102004514,408.4101527577705,389.6509551485604,396.06475830078125,2958688,0.0,0.0
2020-11-03,405.0826631355112,447.5198945116124,401.2247330104111,422.10577392578125,30218448,0.0,0.0
2020-11-04,421.4306636179795,428.6160409829318,417.23515862259745,423.6971740722656,6349693,0.0,0.0
2020-11-05,430.1592132872807,433.8242351696231,421.71999105350557,427.1693115234375,5283605,0.0,0.0
2020-11-06,427.1692905838865,428.5678019732551,415.1132594123291,416.9457702636719,4204221,0.0,0.0
2020-11-09,420.610832374011,423.31137165343057,413.7630006031685,422.05755615234375,4111210,0.0,0.0
2020-11-10,424.37230133924766,424.37230133924766,391.82101686152123,394.859130859375,7148283,0.0,0.0
2020-11-11,400.1638172970098,404.1182017690742,396.4987952596853,401.6587829589844,5861723,0.0,0.0
2020-11-12,403.53943995901494,419.93564115255634,399.1510567071518,410.917724609375,9036176,0.0,0.0
2020-11-13,412.7503044475072,417.37980875029876,409.0370408746063,410.4837646484375,5443702,0.0,0.0
2020-11-14,412.7985167283962,414.7274817598373,412.1716089799119,414.0041198730469,453603,0.0,0.0
2020-11-17,416.65645627630175,418.53720899823963,410.869561050242,414.58282470703125,3849920,0.0,0.0
2020-11-18,414.5345933604432,420.3214887322521,410.53199661500975,413.66656494140625,3341326,0.0,0.0
2020-11-19,415.2579224883972,423.26314478075193,411.93047557258353,415.4026184082031,3614608,0.0,0.0
2020-11-20,418.5854351019816,418.9712222429909,408.65127641104857,410.6766662597656,2797173,0.0,0.0
2020-11-23,414.3899318330127,422.2987007094769,410.00154789689276,417.4762878417969,3744377,0.0,0.0
2020-11-24,416.65642932677343,418.77830254588673,410.38729323736595,413.85943603515625,3001559,0.0,0.0
2020-11-25,416.1742137759606,416.99402981729406,404.64863571136186,406.5293884277344,2533722,0.0,0.0
2020-11-26,407.01163136730173,411.6411357800016,403.2501553527742,407.30096435546875,2587875,0.0,0.0
2020-11-27,423.40779484431255,442.69744381216276,416.84932596871084,434.1135559082031,19534886,0.0,0.0
2020-12-01,442.79391692851385,443.0832499019694,426.59059344060154,437.5374755859375,6867503,0.0,0.0
2020-12-02,436.9105695481949,439.659350541358,429.2911637364063,434.7886962890625,2976254,0.0,0.0
2020-12-03,434.78868606369014,447.326958184105,434.78868606369014,446.5071716308594,4514941,0.0,0.0
2020-12-04,447.5198983943756,458.9007805886951,441.78121551003096,454.3194885253906,7398943,0.0,0.0
2020-12-07,455.13932466363707,463.86790969294606,450.26869939688703,455.23577880859375,5147587,0.0,0.0
2020-12-08,455.2357581897422,458.8043553557998,446.5554153429039,448.5325927734375,3064923,0.0,0.0
2020-12-09,451.86010454300066,457.55054607740516,446.9412373261287,451.32965087890625,3655392,0.0,0.0
2020-12-10,451.95653144916315,458.5632428418784,447.51990580658764,452.8727722167969,2907247,0.0,0.0
2020-12-11,454.2230677631704,456.15203285920904,444.6264546369095,450.0757751464844,1634404,0.0,0.0
2020-12-14,452.342323824073,456.87540366145043,449.9793297619709,453.1621398925781,2084100,0.0,0.0
2020-12-15,456.2002384535076,458.5632324346105,448.48437818368086,450.2686767578125,2936032,0.0,0.0
2020-12-16,454.2712807726504,456.0555793757954,449.35241388391927,452.3423156738281,2630386,0.0,0.0
2020-12-17,452.3423516028522,463.91614311507874,451.47432312617,458.1774597167969,4533593,0.0,0.0
2020-12-18,458.51497251308325,462.4211442803935,453.30677292367295,459.67236328125,2439589,0.0,0.0
2020-12-21,459.6723839731176,468.4973933182138,413.7147968766035,436.7176818847656,7647410,0.0,0.0
2020-12-22,438.8395652391731,454.12661971720615,423.2149359780679,452.3905334472656,4489020,0.0,0.0
2020-12-23,450.65447166041326,462.22826226485404,448.53259827613044,458.12921142578125,3377709,0.0,0.0
2020-12-24,460.8297394424966,474.23607010936195,453.30678750837905,472.11419677734375,5254900,0.0,0.0
2020-12-28,478.81736547775915,481.5179047977987,466.80954616351437,470.3781433105469,6453108,0.0,0.0
2020-12-29,470.6674750360357,473.07868136306456,460.15462133692404,462.32470703125,3004757,0.0,0.0
2020-12-30,465.7486082421626,465.7486082421626,458.9007763866664,462.32470703125,1839434,0.0,0.0
2020-12-31,462.9515846224436,469.7029618981876,457.5987186987142,459.8170166015625,3322247,0.0,0.0
2021-01-01,460.78153949318494,465.7004063980568,459.8170569406089,461.408447265625,1774666,0.0,0.0
2021-01-04,476.45437123216294,476.45437123216294,462.08358737930354,469.1242980957031,6212355,0.0,0.0
2021-01-05,466.80957339271737,472.1142276358164,463.19276368151344,468.5938720703125,2211146,0.0,0.0
2021-01-06,468.7384986403646,470.3781306765665,458.4667658223252,464.4947814941406,1926225,0.0,0.0
2021-01-07,467.2917843669248,468.69029580464917,461.5531015573714,465.073486328125,2064672,0.0,0.0
2021-01-08,467.7740346767505,472.0177519912073,466.3273108581626,467.918701171875,2216314,0.0,0.0
2021-01-11,469.70302441121845,478.33515542181374,465.60397337682895,476.1650695800781,5043283,0.0,0.0
2021-01-12,478.38331060981693,479.5889137111522,472.0659621322882,472.9339904785156,2534905,0.0,0.0
2021-01-13,475.48990372848937,476.93662757350506,464.5430207478029,469.751220703125,2727835,0.0,0.0
2021-01-14,469.703006234448,486.96723815386684,465.84507599843613,485.5687561035156,4909904,0.0,0.0
2021-01-15,488.02820479935536,491.11456095100255,468.01519047210905,470.474609375,6378475,0.0,0.0
2021-01-18,467.77406627922437,470.474605816233,450.75095408383885,456.10382080078125,3221146,0.0,0.0
2021-01-19,457.2611573504015,469.7029756650624,457.2611573504015,467.9669189453125,2112198,0.0,0.0
2021-01-20,466.32728199860884,471.439027401134,464.97701240489175,468.931396484375,1394499,0.0,0.0
2021-01-21,470.0887860955732,472.4035383146197,449.9311068111335,452.8245544433594,2522121,0.0,0.0
2021-01-22,453.35499174748503,456.29668106121113,439.12887473454157,444.1441955566406,3760715,0.0,0.0
2021-01-25,448.82195586728693,456.8271491756678,439.3217969617315,450.79913330078125,3542288,0.0,0.0
2021-01-27,451.2331458275839,455.86265007787574,442.79392390927154,445.6391296386719,2807794,0.0,0.0
2021-01-28,440.7685337026161,450.02757224481024,436.1872415033001,445.8802795410156,2584839,0.0,0.0
2021-01-29,445.8802668550614,448.24326085357836,434.0171433762458,435.4638671875,2561802,0.0,0.0
2021-02-01,437.87508816152274,441.73301845369474,426.34950964019,439.61114501953125,3425170,0.0,0.0
2021-02-02,443.08328060551446,454.1748300061693,437.585747693219,450.60626220703125,3939023,0.0,0.0
2021-02-03,454.7053186197539,465.6521722235328,451.7636291260981,459.96173095703125,6399214,0.0,0.0
2021-02-04,464.8805624048157,465.266349515928,458.370305566159,462.1800231933594,3872030,0.0,0.0
2021-02-05,465.36282928161785,471.5837534879702,455.09109603498587,458.3703308105469,8272131,0.0,0.0
2021-02-08,461.0226611946234,462.85517216201,455.8626736397066,456.63427734375,3717127,0.0,0.0
2021-02-09,458.12922283247235,460.78154991202877,449.54533380718783,451.1849365234375,3261845,0.0,0.0
2021-02-10,453.3067957153971,454.5123988954912,443.4690619923603,452.8245544433594,3481108,0.0,0.0
2021-02-11,451.37783625998964,455.57334126580724,447.56811838988216,454.1266174316406,2204483,0.0,0.0
2021-02-12,454.7052894596377,461.9871206101925,450.0275434164122,451.426025390625,3029750,0.0,0.0
2021-02-15,450.31690103409926,455.47688861290146,447.182332716488,450.3651428222656,1809852,0.0,0.0
2021-02-16,449.4488561765555,457.5987452776888,446.892983374732,452.245849609375,3392787,0.0,0.0
2021-02-17,453.30681939188344,454.7535432835597,444.33714303696,447.2305908203125,2556360,0.0,0.0
2021-02-18,448.4843798484138,454.6570622004535,446.26608178607296,451.0402526855469,2556001,0.0,0.0
2021-02-19,449.7382110281946,449.7382110281946,431.1719215387414,436.3319091796875,3283243,0.0,0.0
2021-02-22,434.0171310063502,434.98161351969765,415.9330838810856,419.0194396972656,2515498,0.0,0.0
2021-02-23,423.21490978395065,423.21490978395065,406.0471330348069,415.209716796875,3853845,0.0,0.0
2021-02-24,415.20972693650555,421.8164381182805,412.4609458540245,418.0549621582031,1688256,0.0,0.0
2021-02-25,425.33681249757035,428.6160473421097,420.6590661559307,422.4915771484375,3141003,0.0,0.0
2021-02-26,418.7783457942425,428.0373549663268,414.82396135042563,419.7428283691406,3239469,0.0,0.0
2021-03-01,421.4788654723705,422.8291351271954,415.1132748897149,419.8392333984375,2015942,0.0,0.0
2021-03-02,421.81646031836124,426.7835396958839,419.4534662347117,425.52972412109375,1306991,0.0,0.0
2021-03-03,425.8190530907916,431.654160844388,423.6007549614092,429.7734375,1871926,0.0,0.0
2021-03-04,426.30127065398887,437.39281955109493,425.1438798651705,433.1008605957031,2657329,0.0,0.0
2021-03-05,434.93339850422507,435.9460933635705,424.6134239011326,426.5423889160156,1925235,0.0,0.0
2021-03-08,427.26575598167085,435.4638573944117,426.3012734625249,430.35211181640625,1596275,0.0,0.0
2021-03-09,436.9105750652631,437.10348333986377,425.8672386019556,427.79620361328125,1955646,0.0,0.0
2021-03-10,429.19473373038403,433.92069232742244,427.65155576731576,432.4739685058594,1153308,0.0,0.0
2021-03-12,432.0881929731638,434.93342833875516,425.8672685999697,426.7835388183594,1488897,0.0,0.0
2021-03-15,426.3012434135237,426.7834846391046,415.30614935701266,424.3240661621094,1485949,0.0,0.0
2021-03-16,425.0956403495714,427.1210593837449,419.35695799169116,424.3240661621094,1230143,0.0,0.0
2021-03-17,423.2631457149864,427.217529802235,411.6411140752234,413.90765380859375,1359127,0.0,0.0
2021-03-18,415.4990732008464,417.6209465967466,403.1537082619863,404.841552734375,1719710,0.0,0.0
2021-03-19,404.11821078033825,412.6056459158593,393.8464769419879,410.2908935546875,1723181,0.0,0.0
2021-03-22,412.36449391422633,422.44334812585726,410.6284371337528,416.3188781738281,2032262,0.0,0.0
2021-03-23,418.0066944329098,420.0321134960886,413.3289485910531,415.83660888671875,1140604,0.0,0.0
2021-03-24,414.727498111019,420.94842235615295,410.8695678960328,415.6437683105469,2148471,0.0,0.0
2021-03-25,414.72749081749197,416.27066876308197,402.76791324809386,405.27557373046875,2100000,0.0,0.0
2021-03-26,407.97611305999794,409.56750335895873,400.45316104654444,405.27557373046875,2221380,0.0,0.0
2021-03-30,408.94059623856003,420.803719686163,407.25275179653767,419.1158752441406,1997389,0.0,0.0
2021-03-31,419.6463392332415,431.3165833031351,417.47625362067055,425.2403259277344,2732398,0.0,0.0
2021-04-01,429.1946930358443,431.26832443007027,424.8063096333273,426.10833740234375,1269615,0.0,0.0
2021-04-05,429.00178250330936,433.0526205716564,419.01941268071937,424.3240661621094,2940040,0.0,0.0
2021-04-06,427.12110443999387,443.42085369732655,425.14389754633896,440.2862854003906,3678053,0.0,0.0
2021-04-07,443.7584272574726,448.19505287536407,438.01974431000724,445.3016052246094,3271918,0.0,0.0
2021-04-08,448.4361591079488,458.90077089508935,446.0731651622696,453.98193359375,3483861,0.0,0.0
2021-04-09,455.18753283382955,499.36082006357054,455.04283691024517,496.17803955078125,22861929,0.0,0.0
2021-04-12,499.36083280862476,513.1047089409723,476.79194736224105,481.9519348144531,26881035,0.0,0.0
2021-04-13,493.815077246625,495.0688928177276,461.55312341475843,472.5482482910156,9426405,0.0,0.0
2021-04-15,477.37064819828635,494.7795463904061,468.9314259157989,486.77435302734375,12921095,0.0,0.0
2021-04-16,489.90894723796515,511.1757767421653,482.5788736092674,508.3787536621094,15428933,0.0,0.0
2021-04-19,515.9981974280829,517.7342543562407,495.16539655549536,508.4270324707031,15721350,0.0,0.0
2021-04-20,522.7495321278091,548.694135774816,513.7316440042753,536.493408203125,28048180,0.0,0.0
2021-04-22,543.8717166106231,552.6484839962625,522.3637093193388,532.9248046875,19216028,0.0,0.0
2021-04-23,535.2396588899999,556.8440349497331,520.8206314855864,550.6231689453125,27225111,0.0,0.0
2021-04-26,583.5119643590258,583.5119643590258,545.0290856419635,549.321044921875,32282135,0.0,0.0
2021-04-27,546.8616296755799,552.9378582318395,535.7700798673451,542.810791015625,15090074,0.0,0.0
2021-04-28,545.318483976632,553.6130107652001,538.1812892107695,543.3412475585938,9739916,0.0,0.0
2021-04-29,543.485849626767,549.6585607293558,538.6634374739119,541.556884765625,8442909,0.0,0.0
2021-04-30,539.9172852139827,558.2906648438927,538.2776532102921,550.8641967773438,9769446,0.0,0.0
2021-05-03,554.5291880184747,563.739983503273,550.1890170590824,560.17138671875,8625355,0.0,0.0
2021-05-04,566.1512308800666,567.067501034005,545.945310610964,548.9352416992188,6576325,0.0,0.0
2021-05-05,550.7677488683003,586.1642702566063,545.4148824847567,580.3291625976562,23454643,0.0,0.0
2021-05-06,586.3571840154403,589.1541481185093,571.6006126236782,580.3773803710938,11485502,0.0,0.0
2021-05-07,582.4028183366953,590.1669506788365,577.7251010818866,581.7759399414062,8001812,0.0,0.0
2021-05-10,587.8038881661263,607.6239923330454,584.4764116727389,601.8370971679688,17654195,0.0,0.0
2021-05-11,604.3930727485356,610.5175139944312,600.390446226751,607.4793701171875,13702473,0.0,0.0
2021-05-12,612.3981998170304,649.771898197514,610.0352058233765,624.0202026367188,29773435,0.0,0.0
2021-05-14,633.6650123929599,639.1143621499726,593.1567467605331,595.2304077148438,15933829,0.0,0.0
2021-05-17,602.5604493351321,606.080834050653,588.3343322840026,589.6846313476562,5761782,0.0,0.0
2021-05-18,592.5781142695741,596.5324692577321,580.08805322062,582.9332885742188,5451390,0.0,0.0
2021-05-19,585.4408729193384,597.593328777318,584.5728151291943,593.1085205078125,4512828,0.0,0.0
2021-05-20,595.0857301341098,603.7660730372006,588.8165935929887,593.880126953125,5620552,0.0,0.0
2021-05-21,597.0146969146463,599.6188115664179,586.3089641841157,591.3724975585938,4137273,0.0,0.0
2021-05-24,598.461391542615,617.2205879502553,595.5679440412003,599.1847534179688,12458519,0.0,0.0
2021-05-25,603.6695891262237,605.5502828102412,597.0146366729188,600.4385375976562,3222676,0.0,0.0
2021-05-26,602.6086623516476,610.5174307317515,597.7380374344439,605.7914428710938,7089800,0.0,0.0
2021-05-27,609.9388018311377,615.3398806851984,599.2330099658944,604.5858764648438,12760888,0.0,0.0
2021-05-28,604.5858373439884,605.6468034245108,590.7455368839297,599.2329711914062,6438083,0.0,0.0
2021-05-31,597.97917065432,597.97917065432,589.8292814743533,596.3395385742188,4405464,0.0,0.0
2021-06-01,596.8217322899535,605.3574373501124,594.6034344135409,597.4486694335938,3540399,0.0,0.0
2021-06-02,596.7253236374214,612.8804052177047,594.5552380520103,605.1163330078125,5561507,0.0,0.0
2021-06-03,606.5630224280205,618.6672651241951,605.7431770439382,611.86767578125,4524635,0.0,0.0
2021-06-04,611.7712541119739,621.8983206290749,609.8905014139011,613.8931274414062,5495252,0.0,0.0
2021-06-07,617.2205635757772,618.715499619004,611.6747894170721,613.5555419921875,3255819,0.0,0.0
2021-06-08,612.4463550074244,616.6901013292137,588.816535011075,611.4818725585938,6667982,0.0,0.0
2021-06-09,612.8322519320986,626.8654616301502,607.6240224782048,613.6520385742188,6835756,0.0,0.0
2021-06-10,614.3753781571727,634.3401785143986,613.5073203239854,627.5405883789062,8601713,0.0,0.0
2021-06-11,631.7360892028403,645.1424205969835,627.8299465316198,641.3327026367188,8814574,0.0,0.0
2021-06-14,644.7565850728911,644.8047974269522,616.4490457598592,632.1218872070312,4142058,0.0,0.0
2021-06-15,631.8324927246954,634.533090949024,621.1267600044746,623.0557250976562,2926557,0.0,0.0
2021-06-16,621.7054019227627,624.8882412971968,605.7914405199547,607.7686767578125,5460433,0.0,0.0
2021-06-17,601.8370238814994,611.096031471204,595.1820717051066,598.22021484375,6531958,0.0,0.0
2021-06-18,601.6441955437847,603.9589771823557,582.1616364990617,598.364990234375,5218888,0.0,0.0
2021-06-21,597.9791453759433,608.5884527939036,591.517100902445,607.18994140625,3526369,0.0,0.0
2021-06-22,612.4464417825541,612.9286830752962,604.2483398059371,607.6722412109375,2873459,0.0,0.0
2021-06-23,610.2280530309041,610.7102942520654,599.3294132061274,601.4030151367188,3043828,0.0,0.0
2021-06-24,601.6442191006018,602.2229439665753,593.2532089164173,596.0502319335938,2679523,0.0,0.0
2021-06-25,596.0019896499848,610.5174399155836,594.6034782116229,601.8370971679688,3101549,0.0,0.0
2021-06-28,609.5047142971408,621.3678370138086,604.344697714768,619.6799926757812,4967635,0.0,0.0
2021-06-29,622.043015028867,625.8527327684704,610.8067700881396,617.895751953125,5896727,0.0,0.0
2021-06-30,620.5481227966088,626.9136843523249,616.3043758479009,622.2841796875,2908630,0.0,0.0
2021-07-01,626.0455952757242,626.0455952757242,610.6621458047833,616.4972534179688,5465599,0.0,0.0
2021-07-02,620.8856535874086,621.4161072267135,614.1824879616174,616.6419067382812,3041858,0.0,0.0
2021-07-05,620.1622211014725,623.2485767435631,615.7256253372617,621.0784912109375,2474384,0.0,0.0
2021-07-06,622.8146420890655,623.9238206315944,612.4464540868084,614.8094482421875,1887653,0.0,0.0
2021-07-07,614.3753111300927,616.8347295660159,608.1543876505201,615.4362182617188,1943209,0.0,0.0
2021-07-08,615.3398283780036,618.2332758468657,605.8879117531887,610.1798706054688,2454480,0.0,0.0
2021-07-09,607.6721837587777,620.3069397544809,606.8041848343137,617.7510375976562,1980608,0.0,0.0
2021-07-12,619.6799911782388,624.888220098501,615.9184859727894,622.1876220703125,3102840,0.0,0.0
2021-07-13,625.7080655088012,628.7462091426024,618.2333256125496,622.669921875,2985700,0.0,0.0
2021-07-14,622.09124423491,627.2029899722089,619.1977965873058,620.548095703125,2614515,0.0,0.0
2021-07-15,620.5480255036442,622.5734150809078,613.4108319000114,617.461669921875,1989641,0.0,0.0
2021-07-16,617.0759131767488,622.9592919516655,616.0632182900146,620.9820556640625,1968433,0.0,0.0
2021-07-19,620.982035395559,627.7816841288574,614.3753538034781,616.7865600585938,3666811,0.0,0.0
2021-07-20,616.2079180546554,616.2079180546554,593.1567618128765,600.390380859375,3628333,0.0,0.0
2021-07-22,603.5249857868392,608.4438234904209,594.4588258173738,598.172119140625,2706726,0.0,0.0
2021-07-23,599.3294794059948,600.3903866627991,590.2633198998121,593.3978881835938,2175134,0.0,0.0
2021-07-26,593.9283659613328,593.9283659613328,582.065241901515,584.0424194335938,3376653,0.0,0.0
2021-07-27,593.1567270681106,599.9081044493737,570.0091474752088,577.48388671875,6212666,0.0,0.0
2021-07-28,577.2413989954016,579.8123297519485,555.7524728095937,560.1181640625,4685224,3.5,0.0
2021-07-29,561.6219399374734,565.4055034306057,553.4241302154724,554.9278564453125,2448180,0.0,0.0
2021-07-30,555.8979466318818,576.756246549134,555.4128698896202,568.60693359375,3187410,0.0,0.0
2021-08-02,572.3905425152652,576.0286179973538,567.2972368403413,574.185302734375,1308091,0.0,0.0
2021-08-03,574.3309055031036,578.9876307320557,571.4204448333244,574.2824096679688,2099327,0.0,0.0
2021-08-04,572.3906092154934,578.8906500102966,567.8793714066253,570.207763671875,1549289,0.0,0.0
2021-08-05,570.159306246609,572.3906477766017,564.9204529036011,567.1517944335938,1446903,0.0,0.0
2021-08-06,566.5696534822183,574.3308816121116,565.3569615869225,568.31591796875,1268081,0.0,0.0
2021-08-09,567.5398629662355,572.633169428753,562.7860865824949,568.4130249023438,1416854,0.0,0.0
2021-08-10,571.1293754539254,572.1965206151015,555.8979537102692,559.2449951171875,1767304,0.0,0.0
2021-08-11,559.5845019980769,560.1666296001945,540.6665095918789,546.9240112304688,5778620,0.0,0.0
2021-08-12,544.2076648995692,544.2076648995692,525.9202343093177,527.7635498046875,4953491,0.0,0.0
2021-08-13,528.7337098871049,549.2524821304996,520.4389084829475,541.7822875976562,6662740,0.0,0.0
2021-08-16,541.2487694932414,541.3457611772351,508.36053558579067,516.1217651367188,7122205,0.0,0.0
2021-08-17,516.1216645955125,523.6888500908728,510.8828119837787,514.326904296875,3385586,0.0,0.0
2021-08-18,520.9724861650457,529.3157834871398,515.2485562070781,526.599365234375,3185524,0.0,0.0
2021-08-20,523.8828494683659,531.6440768678972,505.98350693550356,518.8865356445312,5112841,0.0,0.0
2021-08-23,545.2263080165905,559.7786116113393,525.8232365569254,530.77099609375,20664509,0.0,0.0
2021-08-24,534.4576411816751,536.4464442162122,518.5470984784245,532.517333984375,5043450,0.0,0.0
2021-08-25,534.2635904339453,534.7971630623327,524.3680120366274,526.7933959960938,2463069,0.0,0.0
2021-08-26,527.5694075103977,530.673910235639,522.5731530243747,524.4649047851562,2809344,0.0,0.0
2021-08-27,526.2598216741945,535.2337422953419,523.1068225370348,534.1180419921875,2224269,0.0,0.0
2021-08-30,536.4949345219243,540.8121298340997,532.4687734436478,538.4352416992188,2248028,0.0,0.0
2021-08-31,538.435202508064,541.2001163490681,533.099358158885,537.610595703125,2015528,0.0,0.0
2021-09-01,538.4352495805939,540.8121377502666,531.6441743606584,535.8643188476562,2170037,0.0,0.0
2021-09-02,537.4650580585271,544.2561327993387,536.4949045241254,539.8904418945312,1669885,0.0,0.0
2021-09-03,542.5583246830709,543.0918972455192,536.4948655337295,539.0657958984375,1433692,0.0,0.0
2021-09-06,539.453898363623,541.1516671665383,535.0397113187386,540.278564453125,1242605,0.0,0.0
2021-09-07,540.2785347360757,541.8307567279733,533.5844515673864,537.3195190429688,2121937,0.0,0.0
2021-09-08,537.4649748199059,541.6366225290644,534.6030104939664,538.774658203125,1434803,0.0,0.0
2021-09-09,534.5546212725192,545.4203531846374,534.4576296001464,541.4426879882812,1877624,0.0,0.0
2021-09-13,544.2560982697348,544.2560982697348,537.7075623279867,538.96875,1053538,0.0,0.0
2021-09-14,539.4053746634822,546.584534630364,536.9799907845996,544.110595703125,1244191,0.0,0.0
2021-09-15,545.4688189765154,553.3755938840627,542.606854237457,549.25244140625,2406716,0.0,0.0
2021-09-16,550.0770562089999,551.6292781848708,544.3531266477147,547.6516723632812,1253117,0.0,0.0
2021-09-17,546.1965206018294,547.6517511185306,534.9427616247331,540.5696411132812,2139408,0.0,0.0
2021-09-20,539.7449233414599,543.1890159390675,525.3381662892772,529.703857421875,2010263,0.0,0.0
2021-09-21,529.7038702251597,536.3493987577951,517.6254459570005,534.360595703125,1946973,0.0,0.0
2021-09-22,534.6515820998497,546.7300052871752,534.6515820998497,544.4016723632812,1468830,0.0,0.0
2021-09-23,548.6218722777621,553.8607255127552,546.6815650371688,550.3196411132812,1799045,0.0,0.0
2021-09-24,550.1254871268889,552.5993665149027,541.6366446685803,547.2150268554688,1734174,0.0,0.0
2021-09-27,547.7486621154798,547.7972171630025,537.1740241132243,540.860595703125,1186563,0.0,0.0
2021-09-28,538.435185673136,538.435185673136,523.0097215333284,528.10302734375,2642505,0.0,0.0
2021-09-29,519.0321318457518,539.5993982587825,519.0321318457518,531.2560424804688,2403708,0.0,0.0
2021-09-30,527.7635297643867,538.9202955590383,527.7635297643867,535.3792114257812,2255845,0.0,0.0
2021-10-01,535.5247390079882,543.2374712766127,528.006049284597,539.1143188476562,1445476,0.0,0.0
2021-10-04,543.285972413826,556.092010749132,540.6180502278653,545.371826171875,2672672,0.0,0.0
2021-10-05,545.2262917736906,550.1255553286065,539.017285406181,547.1181030273438,1434639,0.0,0.0
2021-10-06,549.349477189253,549.349477189253,531.1590971498738,533.9240112304688,1962074,0.0,0.0
2021-10-07,538.4352251289648,541.1031474156399,532.5173121057298,533.3419189453125,1852570,0.0,0.0
2021-10-08,537.2709948477494,537.2709948477494,532.6142699043942,533.390380859375,1129279,0.0,0.0
2021-10-11,537.4650901060061,537.6591326671511,530.1404423272205,532.0807495117188,1227493,0.0,0.0
2021-10-12,532.3718165951133,540.3755842250171,519.0806997185166,525.2412109375,1909589,0.0,0.0
2021-10-13,526.3083114185458,530.9650367091393,522.1851587484466,529.3643188476562,1223053,0.0,0.0
2021-10-14,532.5173191828327,535.5247715696637,526.7933894245061,527.8605346679688,1557711,0.0,0.0
2021-10-18,527.8605202437601,529.7038356649799,515.1515324873706,518.35302734375,1547343,0.0,0.0
2021-10-19,518.3530683601205,520.0023413601149,508.3604978968287,511.3679504394531,1285363,0.0,0.0
2021-10-20,510.3977587983945,512.1440825585875,499.6290780823963,501.763427734375,1159491,0.0,0.0
2021-10-21,502.8790420840562,506.905202786794,489.97601240126824,495.3603820800781,1131700,0.0,0.0
2021-10-22,495.74844701424917,502.5395216308827,486.0469118476298,487.4051208496094,1113599,0.0,0.0
2021-10-25,487.9872486191698,489.83053449181125,475.37525213398254,484.0096130371094,1578920,0.0,0.0
2021-10-26,487.0171031596131,494.7783318952244,483.087992954905,493.6141357421875,1921489,0.0,0.0
2021-10-27,496.67015019843564,499.4350642888313,492.44997609299287,494.0022277832031,1506321,0.0,0.0
2021-10-28,495.7484570221026,495.7484570221026,474.98717726776886,477.0245056152344,1987837,0.0,0.0
2021-10-29,477.80064276284844,496.7186377554891,474.8416861579767,487.793212890625,3356396,0.0,0.0
2021-11-01,490.8976766231036,493.90515842890056,485.2222726617463,486.4834899902344,1553580,0.0,0.0
2021-11-02,487.9872418046599,489.15143792203787,475.37524549559316,480.7110900878906,2044900,0.0,0.0
2021-11-03,482.4088266355182,483.57302267522107,471.54309562074206,475.86029052734375,1684324,0.0,0.0
2021-11-04,475.86029052734375,475.86029052734375,475.86029052734375,475.86029052734375,0,0.0,0.0
2021-11-08,483.03942174045227,483.03942174045227,472.1251948651857,479.74090576171875,1310748,0.0,0.0
2021-11-09,494.7298276944585,494.7298276944585,479.2558663217397,483.5245361328125,4841426,0.0,0.0
2021-11-10,483.62151868310434,489.8304951480599,480.32300271172807,487.0655517578125,1443402,0.0,0.0
2021-11-11,487.0170596948503,487.0170596948503,476.3453711357998,477.26702880859375,1483860,0.0,0.0
2021-11-12,477.80062276674494,480.3715237496247,472.70731663572883,477.89764404296875,1229164,0.0,0.0
2021-11-15,477.31556389099194,483.13648540185767,473.58046666683884,478.5767517089844,1410869,0.0,0.0
2021-11-16,480.614058922854,482.36035306299516,464.21846997971403,466.25579833984375,1960972,0.0,0.0
2021-11-17,465.62523318240085,468.1476088625341,456.94234660069026,458.009521484375,2006705,0.0,0.0
2021-11-18,458.8826483176414,460.8229554986885,447.48334362898964,448.841552734375,1781303,0.0,0.0
2021-11-22,449.56915703824376,453.0617158008828,439.28552330642657,442.6810607910156,1875917,0.0,0.0
2021-11-23,441.41989638049483,452.0430903448748,437.87884159461447,449.6177062988281,1116135,0.0,0.0
2021-11-24,450.53930881735704,453.0617140029608,443.8937509882574,445.6400451660156,1234699,0.0,0.0
2021-11-25,445.64003066891684,450.92734965217943,443.11762556536934,448.3079528808594,1291879,0.0,0.0
2021-11-26,446.2706514419297,465.67372324375276,444.3788400985568,459.0766906738281,7102460,0.0,0.0
2021-11-29,466.54688021547787,468.24464908788264,441.41990682523544,442.6325988769531,4300056,0.0,0.0
2021-11-30,441.41984860657493,458.7855905754645,437.5392345528908,451.3639221191406,3945304,0.0,0.0
2021-12-01,453.9833800486203,453.9833800486203,439.2855296118256,440.6437683105469,1512855,0.0,0.0
2021-12-02,442.39004268816564,449.7632159876494,442.1960001249931,446.8042297363281,2063038,0.0,0.0
2021-12-03,448.1139192402344,451.41243539195347,443.40866859701293,446.70721435546875,1503042,0.0,0.0
2021-12-06,448.25943077144456,450.92735300321357,438.31535699848723,438.9944763183594,1946311,0.0,0.0
2021-12-07,440.4496937576065,441.95341985615516,433.70711501708104,435.79296875,1900775,0.0,0.0
2021-12-08,438.3153652707334,450.5393060119772,437.2482200432749,448.1139221191406,3599225,0.0,0.0
2021-12-09,450.4908103030751,452.8191729195034,445.3489786847782,448.5989990234375,1804977,0.0,0.0
2021-12-10,448.11394781204547,456.9423516095003,448.11394781204547,453.54681396484375,1551111,0.0,0.0
2021-12-13,457.81546789926546,457.81546789926546,448.6960301801939,450.8788757324219,1081844,0.0,0.0
2021-12-14,453.5467775532904,460.24083102256924,445.20345123203236,453.643798828125,3446381,0.0,0.0
2021-12-15,453.4982870881727,455.87514551271005,450.6363222837192,451.6064758300781,1048175,0.0,0.0
2021-12-16,454.37142239672147,454.7109820615649,445.30048075626496,450.1027526855469,1188653,0.0,0.0
2021-12-17,452.0915510075915,452.0915510075915,439.0429740124245,445.7855529785156,1693403,0.0,0.0
2021-12-20,444.33033796777335,444.33033796777335,423.2779935183083,431.9123840332031,2283948,0.0,0.0
2021-12-21,435.8414721643279,443.7967429313351,432.6884732004235,441.5168762207031,1921538,0.0,0.0
2021-12-22,438.7034868718241,455.82669265826945,438.7034868718241,452.8677062988281,2421201,0.0,0.0
2021-12-23,455.3900378008263,457.91244277133734,448.6474888757552,451.1213684082031,2625082,0.0,0.0
2021-12-24,452.72212396868605,453.2557261566841,438.8974366207101,439.77056884765625,2143620,0.0,0.0
2021-12-27,442.82661138334305,446.1251276187229,440.4497232806533,444.5728759765625,2454563,0.0,0.0
2021-12-28,443.36018740270106,450.05424120362625,442.0019783079353,444.5243835449219,1528184,0.0,0.0
2021-12-29,445.3004936661311,456.4572598473087,444.33034008515915,455.24456787109375,1911834,0.0,0.0
2021-12-30,458.8826344068706,468.4386529051898,454.12888787875994,465.14013671875,5966009,0.0,0.0
2021-12-31,467.37149669220776,472.0282221284385,461.84160933078783,468.7297058105469,2299412,0.0,0.0
2022-01-03,470.8155228546882,472.3192786751515,461.79310635885935,463.00579833984375,1322739,0.0,0.0
2022-01-04,464.509527749405,465.09162582562993,450.1997622753376,450.7818603515625,2379973,0.0,0.0
2022-01-05,451.5094372783719,455.39005131532696,444.33030723135215,445.05792236328125,3684924,0.0,0.0
2022-01-06,444.3303466699354,447.53184169189257,442.39003947923703,443.45721435546875,1450122,0.0,0.0
2022-01-07,445.688529264709,445.9795930900391,436.08401516354445,437.0541687011719,1884605,0.0,0.0
2022-01-10,437.49076567563554,444.3303365239755,435.7929969225417,440.2071838378906,2729282,0.0,0.0
2022-01-11,440.4496892307557,441.7108769387224,431.18473514359584,432.4459228515625,1900506,0.0,0.0
2022-01-12,434.3377546747631,435.259382780032,428.3227908428819,430.16607666015625,1732348,0.0,0.0
2022-01-13,430.7481849802613,438.07283258937036,430.45715075202367,433.90118408203125,1952581,0.0,0.0
2022-01-14,433.9011922840022,435.3564226661732,428.080270755318,428.9049072265625,1656575,0.0,0.0
2022-01-17,430.7481947568424,430.7481947568424,423.9571196142796,424.97576904296875,2901402,0.0,0.0
2022-01-18,425.8974231897736,426.38249998156147,407.9010860571377,409.45330810546875,4325454,0.0,0.0
2022-01-19,408.43462035831396,412.99435361593453,401.6920417424839,411.0540466308594,2305740,0.0,0.0
2022-01-20,411.8301429432002,414.25552658833095,403.92339818142074,405.9122009277344,1812082,0.0,0.0
2022-01-21,405.9122602936628,407.4645119749149,393.5428018944243,398.1510314941406,2501845,0.0,0.0
2022-01-24,397.7629547960309,398.7331083443139,378.505400941266,385.3450012207031,2525418,0.0,0.0
2022-01-25,382.24050011650905,391.84501437575415,381.41586367460576,383.84124755859375,2785602,0.0,0.0
2022-01-27,382.14352280784806,382.14352280784806,368.9009311989764,372.92706298828125,2753356,0.0,0.0
2022-01-28,373.6546740956802,390.68088849557734,373.606178255653,384.18084716796875,2993091,0.0,0.0
2022-01-31,391.89355184572213,398.24804597411213,386.89723720596726,394.367431640625,3776151,0.0,0.0
2022-02-01,396.79280373468515,399.218187620594,393.10623207079846,394.56146240234375,1911406,0.0,0.0
2022-02-02,399.65475197355244,405.47567305811407,397.95698332388866,402.1286315917969,3689405,0.0,0.0
2022-02-03,404.21447276402995,407.9980657071323,394.85249687975175,395.5316162109375,3427610,0.0,0.0
2022-02-04,398.78157324665244,405.23311752769536,395.822616996602,397.0353088378906,1896447,0.0,0.0
2022-02-07,397.6174280942279,398.8301200003304,383.40468487605403,385.4905090332031,1302034,0.0,0.0
2022-02-08,385.1509561996793,391.7965138841697,381.9009359124153,388.7890319824219,1425555,0.0,0.0
2022-02-09,390.389795803953,394.6584656469974,389.51666350076584,393.39727783203125,904732,0.0,0.0
2022-02-10,395.0465618201171,396.4047709527193,388.06144398567943,389.3226318359375,1645393,0.0,0.0
2022-02-11,387.091254985309,387.091254985309,378.89344588791323,380.6397399902344,1607589,0.0,0.0
2022-02-14,375.40089519360595,380.68821381478955,369.33743603623884,371.2292175292969,1734945,0.0,0.0
2022-02-15,372.53895995907874,376.75913378621243,367.83370936116495,375.6434631347656,1110094,0.0,0.0
2022-02-16,388.01292622533714,388.01292622533714,371.9083712884831,373.1210632324219,2308182,0.0,0.0
2022-02-17,372.39342891291943,375.7889661813068,369.72550677347215,371.4717712402344,933757,0.0,0.0
2022-02-18,369.6285049830656,369.6285049830656,363.0799684774601,365.3113098144531,1933643,0.0,0.0
2022-02-21,363.8075762859297,365.74788335945465,358.22919344954545,360.0724792480469,1582476,0.0,0.0
2022-02-22,353.4754887936129,357.01654369972135,344.9866443442309,355.5128173828125,2866900,0.0,0.0
2022-02-23,356.04637579756627,365.4083522371082,356.04637579756627,360.6061096191406,1591416,0.0,0.0
2022-02-24,344.40452348848805,353.08740993744226,332.6171633242437,334.46044921875,2670819,0.0,0.0
2022-02-25,339.9903205892274,348.2851215294771,338.24402644982877,345.42315673828125,2619038,0.0,0.0
2022-02-28,341.49405698946117,350.22543912839626,338.826134669231,349.6433410644531,941141,0.0,0.0
2022-03-02,346.4418354530123,352.6993080291531,342.3671787376406,344.4530029296875,902427,0.0,0.0
2022-03-03,347.21797401811875,349.4008196589788,340.32987740783494,341.10601806640625,661895,0.0,0.0
2022-03-04,337.7104580084427,340.9604783351097,334.46043768177566,335.6246337890625,856777,0.0,0.0
2022-03-07,333.4417779263989,335.430580807218,321.65438892847885,331.8895263671875,969180,0.0,0.0
2022-03-08,331.8895329263477,336.6432793649084,325.7290520079769,334.2178955078125,978348,0.0,0.0
2022-03-09,339.55372320816133,352.16571864160727,337.6619120504504,348.6246643066406,3946522,0.0,0.0
2022-03-10,357.0165247992139,357.0165247992139,350.71052639922783,354.83367919921875,2097821,0.0,0.0
2022-03-11,352.262784882604,363.41955149801146,351.5836655067967,359.5874328613281,1365084,0.0,0.0
2022-03-14,361.8672866686842,362.9829573684331,352.2627721127664,354.44561767578125,840970,0.0,0.0
2022-03-15,357.0165348958509,362.49789696950734,355.60980029337543,358.56878662109375,1707534,0.0,0.0
2022-03-16,361.0426338634393,364.7777309124809,358.5202287389738,363.9530944824219,1078307,0.0,0.0
2022-03-17,366.71802803300835,367.30012606234436,360.3150089237833,362.1582946777344,994040,0.0,0.0
2022-03-21,363.8075905813624,366.62103002717737,354.5911316199678,355.4642639160156,1058349,0.0,0.0
2022-03-22,357.0165331370807,357.0165331370807,347.60603115463056,349.3523254394531,1459296,0.0,0.0
2022-03-23,350.12839544041066,357.9866447838421,349.74033995819804,356.82244873046875,1283159,0.0,0.0
2022-03-24,354.10604322023875,362.2068312262134,353.1358896771696,356.14337158203125,1188562,0.0,0.0
2022-03-25,357.259036568157,357.6956174983074,344.5015236005123,348.4306335449219,1215354,0.0,0.0
2022-03-28,350.2254277950014,355.900831922999,339.65076013472674,342.5126953125,2335329,0.0,0.0
2022-03-29,344.4044803233629,347.21791945254495,342.9492501248135,345.3746337890625,1395003,0.0,0.0
2022-03-30,346.34482718698087,347.8000575533127,343.1918280599285,345.2291564941406,1064497,0.0,0.0
2022-03-31,345.2776722259996,346.82992396087866,336.6433108095801,338.0985412597656,1235444,0.0,0.0
2022-04-01,340.0388252230543,344.55003338811827,335.721630007342,343.8224182128906,1081594,0.0,0.0
2022-04-04,345.37464207557827,354.9791556950971,344.50150985684655,352.55377197265625,1143878,0.0,0.0
2022-04-05,354.1060521086063,358.76277738953144,352.65082175747506,354.5426330566406,925396,0.0,0.0
2022-04-06,354.10607984488644,361.77028770648263,352.74787066545946,358.4717712402344,1595289,0.0,0.0
2022-04-07,358.471731289558,365.45684858633865,356.62844549385477,358.1321716308594,948403,0.0,0.0
2022-04-08,358.859811449233,361.4307125731193,336.64329988535144,358.2292175292969,1179004,0.0,0.0
2022-04-11,359.0538427836269,363.5165551344975,358.9568215051159,360.8486328125,618319,0.0,0.0
2022-04-12,360.84860554803527,360.89710138025794,351.0985451257372,352.5052795410156,689297,0.0,0.0
2022-04-13,354.10606038297885,358.3262344212195,350.3224673029741,353.9120178222656,711276,0.0,0.0
2022-04-18,353.91201192438524,356.04636162971065,347.9940988088454,354.009033203125,720886,0.0,0.0
2022-04-19,355.07620950361985,358.27770446792465,341.54255524951634,345.7142333984375,919270,0.0,0.0
2022-04-20,347.3150063284129,352.117278733471,343.48288757231694,350.1769714355469,667415,0.0,0.0
2022-04-21,350.3224513539238,353.23291199169097,348.33361882074087,350.7590026855469,501945,0.0,0.0
2022-04-22,349.2552896415384,349.59484931670414,340.7179499596626,341.78509521484375,974094,0.0,0.0
2022-04-25,339.55372950037673,340.426861740602,327.47530642259767,330.9678649902344,1775125,0.0,0.0
2022-04-26,332.85972107782027,339.9418308341983,332.0350845593199,339.02020263671875,901602,0.0,0.0
2022-04-27,338.5836055191197,339.5537591165957,333.0052223336328,334.89703369140625,749636,0.0,0.0
2022-04-28,337.0313431255064,346.34482328649057,335.81865116722037,343.33734130859375,1604803,0.0,0.0
2022-04-29,343.8223750165475,350.7104703979931,339.6022016090838,341.5910339355469,997726,0.0,0.0
2022-05-02,338.58360905774634,341.00899307678463,335.09105014898347,339.69927978515625,711231,0.0,0.0
2022-05-04,341.9791126677691,342.1246297730891,328.00890802907116,329.0275573730469,1001461,0.0,0.0
2022-05-05,331.9865437942363,336.64326881117796,327.9603830322876,330.4827880859375,976433,0.0,0.0
2022-05-06,326.9417304675325,330.1917506234975,322.1879842248116,328.1059265136719,1014773,0.0,0.0
2022-05-09,325.97156690428005,328.6394889548359,320.1991418976563,325.8260498046875,916223,0.0,0.0
2022-05-10,325.7775379258723,328.6395026328229,319.18050587807744,320.2476806640625,783577,0.0,0.0
2022-05-11,320.24764487108547,323.30362217510003,309.47893615560963,321.7998962402344,1124719,0.0,0.0
2022-05-12,321.9454620699026,325.0014398365708,314.42677204383267,323.4491882324219,1263216,0.0,0.0
2022-05-13,326.6507179819254,334.31492524293594,325.9715986420596,330.6768493652344,1288182,0.0,0.0
2022-05-16,329.41564798562257,336.64330425688814,327.03878939396157,334.8000183105469,961959,0.0,0.0
2022-05-17,334.8484872070609,339.99031871463615,333.2962356272884,338.632080078125,1119285,0.0,0.0
2022-05-18,347.31497523235834,348.62468846254285,334.84849603800586,337.0313415527344,3544473,0.0,0.0
2022-05-19,330.8708677662475,333.2962517246769,324.467877801384,328.6395263671875,1080963,0.0,0.0
2022-05-20,334.9940187104586,348.0910920161857,328.88206301048103,346.1993103027344,7345887,0.0,0.0
2022-05-23,359.73289551856703,359.73289551856703,346.82986618568157,351.6806335449219,3839506,0.0,0.0
2022-05-24,353.620966711632,362.4978657159676,349.4978141505224,357.113525390625,3218921,0.0,0.0
2022-05-25,359.878483892934,359.878483892934,352.89336624416876,355.415771484375,1538994,0.0,0.0
2022-05-26,357.01651716948885,362.88593448134657,352.69932189906496,362.2553405761719,2827263,0.0,0.0
2022-05-27,363.80759233934504,365.3113185449859,360.2180122522351,362.74041748046875,2252457,0.0,0.0
2022-05-30,364.77773497019405,367.20311884632565,362.4493723704551,366.3299865722656,2704348,0.0,0.0
2022-05-31,368.124761452967,370.4045985175697,364.97176254340474,367.0575866699219,3035994,0.0,0.0
2022-06-01,359.92696254482127,367.6396950134763,359.44188577589296,361.5277099609375,1602867,0.0,0.0
2022-06-02,359.9754753380429,362.449384740169,352.79634474103045,354.44561767578125,1620657,0.0,0.0
2022-06-03,354.68813426456376,357.45307772906784,351.24407149062495,352.3597717285156,1658294,0.0,0.0
2022-06-06,350.710499318438,355.0761901813231,349.44931157852113,353.81500244140625,809193,0.0,0.0
2022-06-07,353.13585240001976,354.1060058406792,344.59851396491047,346.49029541015625,808257,0.0,0.0
2022-06-08,346.4418306558723,348.9642357491875,342.94927203487714,348.4306335449219,493266,0.0,0.0
2022-06-09,346.344798292198,352.60230018807044,345.3746447955812,350.5649719238281,537490,0.0,0.0
2022-06-10,348.7702084149098,350.5649984407568,346.3448244899104,348.1881103515625,306781,0.0,0.0
2022-06-13,343.0462852668073,346.73285674287087,338.6320690553061,341.2514953613281,567387,0.0,0.0
2022-06-14,340.03880009181296,345.7626997925535,339.3596808024306,341.29998779296875,696169,0.0,0.0
2022-06-15,344.4045004882899,344.4045004882899,339.4082157687506,342.1246337890625,378978,0.0,0.0
2022-06-16,343.5314258387622,344.6955924969173,330.82240664173446,332.9567565917969,616497,0.0,0.0
2022-06-17,332.27760508928094,332.27760508928094,322.8186075721408,325.6805725097656,1004357,0.0,0.0
2022-06-20,326.45669519170696,326.8932761661597,319.95665405396096,324.5163879394531,942146,0.0,0.0
2022-06-21,324.07977383767513,336.6432738544776,324.07977383767513,335.7701416015625,604029,0.0,0.0
2022-06-22,334.70298374324636,338.0500254233739,329.9977329779721,332.5686340332031,578554,0.0,0.0
2022-06-23,335.6731017585931,336.78877233153054,331.258915297814,336.0611572265625,703714,0.0,0.0
2022-06-24,337.1283676321771,343.9194426636167,336.01269694121675,342.80377197265625,624492,0.0,0.0
2022-06-27,344.50153743124326,348.0910878637275,341.49405545334645,343.33734130859375,918610,0.0,0.0
2022-06-28,342.4641890402527,347.8485291782196,338.7776175448365,347.0724182128906,657485,0.0,0.0
2022-06-29,344.3074709540708,348.13958911870884,341.9306126450075,345.6656799316406,1040851,0.0,0.0
2022-06-30,345.1320957643311,348.67314999629366,342.85222919633304,346.34478759765625,1065972,0.0,0.0
2022-07-01,346.2477794805229,353.1843711092553,343.725374450056,350.5164489746094,862373,0.0,0.0
2022-07-04,350.5164522278592,354.1545278997788,347.7030129629218,349.9828796386719,687991,0.0,0.0
2022-07-05,349.6433167427996,355.9493145155991,348.72168867850854,350.5164489746094,511387,0.0,0.0
2022-07-06,351.0985483563115,357.01649067194904,350.0313735769776,354.88214111328125,670766,0.0,0.0
2022-07-07,355.85231377114445,358.85979572685096,355.17322404355724,356.53143310546875,267928,0.0,0.0
2022-07-08,357.45309388031336,358.4717432837563,353.66947128069717,355.0277099609375,615151,0.0,0.0
2022-07-11,356.19189272390895,361.62475887244835,353.7665086939126,359.6359558105469,667678,0.0,0.0
2022-07-12,358.9567909212471,360.89709789919976,351.4865972134353,352.55377197265625,356220,0.0,0.0
2022-07-13,353.3299476435212,358.61726691988076,352.31126861481386,357.3560791015625,311184,0.0,0.0
2022-07-14,354.1060589995499,368.94939702724685,353.23292669322734,358.8113098144531,2620703,0.0,0.0
2022-07-15,356.5314373412728,365.1657982017956,356.0948563916293,359.87847900390625,2683866,0.0,0.0
2022-07-18,358.95683038342855,361.38221437250576,345.9567781233223,347.5575256347656,4131998,0.0,0.0
2022-07-19,347.8970510543953,351.0015244906491,345.85972278285476,346.6358337402344,1010344,0.0,0.0
2022-07-20,349.06127915977225,353.42697068148186,347.46053152316017,348.09112548828125,1087072,0.0,0.0
2022-07-21,349.1582783771967,349.7403764646437,343.19183959602697,344.0649719238281,1105199,0.0,0.0
2022-07-22,345.37467231821836,345.37467231821836,339.31121248117097,339.893310546875,697284,0.0,0.0
2022-07-25,340.4268541439974,342.3186652945495,335.3335483151485,336.9342956542969,729813,0.0,0.0
2022-07-26,337.22534245215854,338.58355134998084,329.8521703696088,332.3260498046875,1051707,0.0,0.0
2022-07-27,332.76267033010737,342.56122718537335,330.2402651584443,340.9604797363281,2779735,0.0,0.0
2022-07-28,342.47499933002746,344.42920760009895,339.78796295867915,341.5956115722656,1195585,2.5,0.0
2022-07-29,342.0841415040605,343.3543648698721,336.319233444158,338.85968017578125,1064773,0.0,0.0
2022-08-01,339.3482429489317,342.9146967789594,338.95740727161177,342.13299560546875,663056,0.0,0.0
2022-08-02,341.98645200836506,343.500951511147,338.81086352543025,342.181884765625,834762,0.0,0.0
2022-08-03,341.9864383745781,345.7482951604687,334.90243357967614,338.5177307128906,866092,0.0,0.0
2022-08-04,338.85969558750924,357.5223901716297,338.0780242220508,356.2521667480469,5084558,0.0,0.0
2022-08-05,356.15445764435873,357.2292781579475,345.6017449009555,349.4124450683594,2572807,0.0,0.0
2022-08-08,350.04755026854957,355.6658989469701,348.97272977499455,352.44146728515625,765456,0.0,0.0
2022-08-10,353.7117044354671,358.7926579736832,349.80328781187075,356.20330810546875,1954306,0.0,0.0
2022-08-11,360.55139881156543,374.133139307093,359.13458599438667,372.96063232421875,3688772,0.0,0.0
2022-08-12,374.96367779133675,379.6049220115553,371.7392463658825,377.9927062988281,4788229,0.0,0.0
2022-08-16,381.0705770414388,390.3530654565508,380.0934729977428,389.4248046875,3566829,0.0,0.0
2022-08-17,389.86452393609204,392.55156012863404,387.32404739028243,390.695068359375,1833379,0.0,0.0
2022-08-18,390.79280065187385,390.84164392982467,384.19734791055805,385.0278625488281,950773,0.0,0.0
2022-08-19,385.95612486947704,387.22634828960827,376.0873673584113,379.4095153808594,1540261,0.0,0.0
2022-08-22,376.2339035410383,379.1163724238625,373.3025913831218,374.4751281738281,785240,0.0,0.0
2022-08-23,372.2766631643279,379.40951118718016,368.7102391529017,375.0125427246094,729398,0.0,0.0
2022-08-24,375.98962768416027,384.0018928466686,375.59879202671215,382.1942443847656,995752,0.0,0.0
2022-08-25,383.2690783810614,385.02785381129286,374.23086557029063,376.13623046875,867247,0.0,0.0
2022-08-26,376.57592091146734,379.6049496394131,373.0583401247836,373.7911682128906,673471,0.0,0.0
2022-08-29,366.3162892338981,370.9086900316135,362.84758190843195,368.80792236328125,522006,0.0,0.0
2022-08-30,370.3224428134333,373.44918776736637,366.60945927213146,369.540771484375,638096,0.0,0.0
2022-09-01,372.37438431455934,375.9896516499553,362.89646246835537,363.9712829589844,1328236,0.0,0.0
2022-09-02,365.8277763709974,368.31940976699207,359.57431597007076,360.25830078125,695670,0.0,0.0
2022-09-05,360.5514088811082,365.87663809429074,357.375820591505,362.7010498046875,833704,0.0,0.0
2022-09-06,362.7010364866924,365.2414831700122,360.0628436154304,362.9453125,520177,0.0,0.0
2022-09-07,361.52850515464337,368.8567856645348,361.52850515464337,367.5376892089844,594147,0.0,0.0
2022-09-08,370.27361760246606,371.2018486236535,364.8506718539292,366.0720520019531,699370,0.0,0.0
2022-09-09,365.87662983841307,372.765201583651,364.117824626394,365.5346374511719,803322,0.0,0.0
2022-09-12,365.5346374511719,365.5346374511719,365.5346374511719,365.5346374511719,0,0.0,0.0
2022-09-13,370.2736262833019,370.2736262833019,365.9255009268572,367.1468811035156,720817,0.0,0.0
2022-09-14,362.4567752822529,369.34534721143393,361.57735774333577,366.80487060546875,1004026,0.0,0.0
2022-09-15,367.48885110174547,368.75907448045206,359.67201844791987,362.40789794921875,581129,0.0,0.0
2022-09-16,362.31019918856146,364.11784779139543,351.2200911769552,353.0277099609375,1632512,0.0,0.0
2022-09-19,354.68877269471864,354.88420543366044,347.3604922671418,351.61090087890625,584645,0.0,0.0
2022-09-20,352.24602146301555,362.9941663620257,352.00174544258346,362.40789794921875,907966,0.0,0.0
2022-09-21,364.1666831924599,365.29034686098066,355.37274693975183,357.9620666503906,1147543,0.0,0.0
2022-09-22,355.66588765061545,358.98803558248295,352.39258299555536,354.88421630859375,831107,0.0,0.0
2022-09-23,355.17733116657814,358.5483521519577,347.0185061787616,348.5818786621094,734684,0.0,0.0
2022-09-26,347.8490476520392,352.2460159510116,342.2306992700189,348.1910400390625,882536,0.0,0.0
2022-09-27,349.9498159104607,353.5162397940758,345.99255636350495,352.0994567871094,720383,0.0,0.0
2022-09-28,351.75747110254395,364.9483762688893,349.0215915881754,360.6979675292969,1975799,0.0,0.0
2022-09-29,362.26135419688234,378.0415798454644,361.52852610342944,374.0843200683594,6548772,0.0,0.0
2022-09-30,375.9896403968637,379.3118181446232,372.0323807757712,378.04156494140625,1888135,0.0,0.0
2022-10-03,379.8980624196456,405.5470450626848,379.11639106663614,399.9775695800781,8017627,0.0,0.0
2022-10-04,404.52110244407356,411.8493832854517,396.41115024048884,410.2860107421875,4337423,0.0,0.0
2022-10-06,410.3837074419485,418.1516966889252,408.96689461966855,413.5592956542969,2923167,0.0,0.0
2022-10-07,410.38368261255926,416.24630664988155,407.64780332268134,412.337890625,1928901,0.0,0.0
2022-10-10,410.3348642998365,417.1257196648369,407.0615597161185,415.46466064453125,1379160,0.0,0.0
2022-10-11,415.5135234001,417.07689594221273,404.52110214612907,406.3775939941406,1330825,0.0,0.0
2022-10-12,408.4294942012612,413.21729809774536,402.7134295267799,410.969970703125,1014645,0.0,0.0
2022-10-13,410.9699709276035,413.9989994576784,403.4462577869836,405.25390625,612113,0.0,0.0
2022-10-14,410.3348675620214,412.14248624277616,401.05237886449174,402.4203186035156,835504,0.0,0.0
2022-10-17,403.44628929993223,412.3379428464095,399.2935967475691,409.26007080078125,1270454,0.0,0.0
2022-10-18,411.3119693179347,412.19135701529166,402.81115199950176,406.03558349609375,631852,0.0,0.0
2022-10-19,406.0355730935032,409.1623179582762,400.36838157230727,400.85693359375,988434,0.0,0.0
2022-10-20,400.368397341678,406.3775814783383,399.29357688840014,404.814208984375,452554,0.0,0.0
2022-10-21,404.81422293988123,406.5730282382915,399.4890234041404,400.7592468261719,459263,0.0,0.0
2022-10-24,400.7592468261719,400.7592468261719,400.7592468261719,400.7592468261719,0,0.0,0.0
2022-10-25,404.5210833404071,410.72570012352867,401.0035027388945,407.8432312011719,870687,0.0,0.0
2022-10-27,409.89518887150064,424.9425867423455,407.0615928144669,423.67236328125,2744073,0.0,0.0
2022-10-28,425.82194637835113,426.9944832025572,418.7868148896648,420.1547546386719,1470279,0.0,0.0
2022-10-31,422.10894313969993,432.85708752520156,421.96238349821283,423.42803955078125,2059627,0.0,0.0
2022-11-01,425.577678460786,428.7532667830499,419.9593298906267,423.1349182128906,1391203,0.0,0.0
2022-11-02,423.42806858585527,432.0265727563289,422.4998077613703,427.14105224609375,1732032,0.0,0.0
2022-11-03,427.14106377806274,429.9258165078498,422.5975355446478,428.6067199707031,824790,0.0,0.0
2022-11-04,430.75635714252473,430.90291679671253,424.6005832969752,430.0235290527344,1099357,0.0,0.0
2022-11-07,436.96098176747176,443.55643468880345,431.1472002277942,440.7228088378906,2410897,0.0,0.0
2022-11-09,440.72280385538335,443.0678776115376,434.8601791027006,438.13348388671875,1414308,0.0,0.0
2022-11-10,438.1334307644533,443.65406244010046,413.75470368170056,423.8677062988281,1876942,0.0,0.0
2022-11-11,425.6753981765011,435.0556035658345,411.6539482797276,419.61737060546875,3680644,0.0,0.0
2022-11-14,414.14558330192585,415.855515495725,402.37146087616964,414.0967102050781,1245780,0.0,0.0
2022-11-15,414.09670179612135,415.9532234239128,404.5699369098408,407.2081298828125,940631,0.0,0.0
2022-11-16,407.3546760600416,409.84630930074127,403.5439761953325,405.5470275878906,586968,0.0,0.0
2022-11-17,407.25695390031956,408.91804270383653,397.7301894645671,399.0492858886719,803454,0.0,0.0
2022-11-18,399.0493246105408,400.612697197521,391.0859318373361,392.30731201171875,899247,0.0,0.0
2022-11-21,391.8187259729793,392.2095616311276,386.00494491940657,388.0080261230469,654445,0.0,0.0
2022-11-22,386.1515731827194,388.7897365044368,381.0706196597156,383.26910400390625,1330083,0.0,0.0
2022-11-23,383.2690870786843,386.29811578291066,381.90114728870014,385.0278625488281,771815,0.0,0.0
2022-11-24,386.004974143864,387.51950343477165,381.65687866213926,384.0019226074219,954533,0.0,0.0
2022-11-25,385.95610978829484,394.75004646701547,383.41563322844996,392.8935546875,1577153,0.0,0.0
2022-11-28,394.89663569493905,395.67833690513436,389.81571201350437,390.7928161621094,601071,0.0,0.0
2022-11-29,391.6721843827722,399.1470247827425,390.841639934142,396.06915283203125,756275,0.0,0.0
2022-11-30,398.0721934304498,401.5409307813804,394.99432156385205,400.51495361328125,972357,0.0,0.0
2022-12-01,403.54400725385364,404.86310379823584,399.00047899551646,401.7363586425781,607933,0.0,0.0
2022-12-02,401.0034883319771,406.96382888445066,399.8309813861642,405.9867248535156,740978,0.0,0.0
2022-12-05,408.527200871036,408.527200871036,401.2477639206333,403.9836730957031,596116,0.0,0.0
2022-12-06,403.5439995178498,404.8630960369447,398.65847894257314,400.7592468261719,391512,0.0,0.0
2022-12-07,400.90579931214586,403.6905519540372,395.336323847214,395.971435546875,594974,0.0,0.0
2022-12-08,395.8248672182132,403.54398345614675,395.3363151801307,402.61572265625,545877,0.0,0.0
2022-12-09,403.4462645673938,405.20506978482643,395.7271483776249,398.4141845703125,443448,0.0,0.0
2022-12-12,399.5867374429649,400.9058041354958,393.96838881424816,396.5577087402344,771773,0.0,0.0
2022-12-13,395.72715211274334,398.8050239987391,394.8477644051517,396.99737548828125,377060,0.0,0.0
2022-12-14,397.97448090175845,402.5668820173606,397.24165283983365,401.0035095214844,735277,0.0,0.0
2022-12-15,401.58979491007733,403.3974435030049,397.33938600747774,399.2447509765625,585464,0.0,0.0
2022-12-16,398.6584768728153,401.00352077300283,395.3363288626454,398.5607604980469,647685,0.0,0.0
2022-12-19,398.5607557982302,401.98062014284164,395.33632420085115,399.8798522949219,758508,0.0,0.0
2022-12-20,397.2416452967427,403.05542640515694,395.48286990906007,401.9317626953125,789245,0.0,0.0
2022-12-21,401.1989397219624,416.24633653431556,400.9057906077409,412.2402038574219,2697599,0.0,0.0
2022-12-22,418.1516987560073,418.1516987560073,406.71956920749983,413.8524169921875,1770189,0.0,0.0
2022-12-23,413.80359447416174,420.1547712488537,409.3089095621479,410.6768493652344,2075717,0.0,0.0
2022-12-26,411.36082265381293,413.6570232333466,406.6218618447436,411.1165466308594,762148,0.0,0.0
2022-12-27,413.31503464942483,413.31503464942483,407.59896969582223,409.6997375488281,547340,0.0,0.0
2022-12-28,410.92113267161596,411.21428180387284,404.8631049167143,405.74249267578125,518402,0.0,0.0
2022-12-29,405.74247849748366,413.0707592650481,404.5210983695563,407.7944030761719,1298900,0.0,0.0
2022-12-30,409.84628686464,412.1913305130984,404.0813493795012,410.3348388671875,1222303,0.0,0.0
2023-01-02,410.2371387839536,411.8005112179206,404.6676338063365,410.4814147949219,562491,0.0,0.0
2023-01-03,410.48140421863707,415.8066032292301,409.11346455623004,414.9272155761719,626223,0.0,0.0
2023-01-04,416.1974933723704,417.56543311589644,410.18827944595404,414.14556884765625,482555,0.0,0.0
2023-01-05,415.2692514531323,423.3792037304412,413.70587889565616,422.402099609375,2084601,0.0,0.0
2023-01-06,424.25857867983285,425.72423471421433,418.2005218101834,420.8387145996094,2088416,0.0,0.0
2023-01-09,426.017380690733,435.05559346914873,422.7440760450502,433.883056640625,2054103,0.0,0.0
2023-01-10,433.34564307946283,448.19763646090956,431.8799870149325,446.8785400390625,3556161,0.0,0.0
2023-01-11,448.49077824039705,448.49077824039705,437.30292445914756,441.9930419921875,1541731,0.0,0.0
2023-01-12,441.69985986662533,446.8296559664359,433.98074408020386,437.88916015625,1554796,0.0,0.0
2023-01-13,439.01286332336446,439.01286332336446,430.12123980523523,431.2449035644531,950057,0.0,0.0
2023-01-16,432.6128412455592,433.8830646508686,427.28761196107183,429.0464172363281,408124,0.0,0.0
2023-01-17,428.9486875355166,429.9257916073515,420.1547508890026,421.5715637207031,989688,0.0,0.0
2023-01-18,422.79297493689256,435.3976124277573,422.1089901087126,433.2968444824219,1765081,0.0,0.0
2023-01-19,433.34567529974186,436.52126367567007,429.58381849064125,431.73345947265625,471685,0.0,0.0
2023-01-20,431.8800370890939,431.8800370890939,424.35632315796465,428.16705322265625,407298,0.0,0.0
2023-01-23,430.3166194884817,437.4006238811448,426.0173676139457,434.1273193359375,1112000,0.0,0.0
2023-01-24,432.85710163442536,434.0296384422391,424.3562843249002,427.0921936035156,546716,0.0,0.0
2023-01-25,427.97157619985086,428.50897150269907,415.56234277062595,416.8814392089844,750786,0.0,0.0
2023-01-27,416.2951836140423,424.01432974298353,411.65393920887266,420.4478759765625,1307641,0.0,0.0
2023-01-30,423.08606655634367,428.7532582916831,416.05090525419473,418.1517028808594,673077,0.0,0.0
2023-01-31,418.1517299459596,424.2586308400246,415.95324562409616,421.6692810058594,403639,0.0,0.0
2023-02-01,424.1608840065746,434.32276040089073,420.9852957696727,425.47998046875,1197903,0.0,0.0
2023-02-02,424.06317790743117,430.8540633060697,420.7410299428943,422.93951416015625,425003,0.0,0.0
2023-02-03,424.01434822444577,431.8800245264018,416.8326269207002,424.69830322265625,1461408,0.0,0.0
2023-02-06,441.6510348162633,465.5900842697997,436.7166712441966,459.3854675292969,7081568,0.0,0.0
2023-02-07,459.4343519261321,469.6939448014728,458.2618150985531,468.4725646972656,2592361,0.0,0.0
2023-02-08,469.1565230596056,471.20844761329363,457.72442309280177,463.1473388671875,2189622,0.0,0.0
2023-02-09,458.9457759120236,469.49848753362704,458.2617911618545,463.53814697265625,1144429,0.0,0.0
2023-02-10,462.6587829589844,466.5183560115255,460.9488508149966,462.6587829589844,378658,0.0,0.0
2023-02-13,465.9320872780798,465.9320872780798,455.4770616773446,460.6557312011719,554984,0.0,0.0
2023-02-14,462.95191377329945,464.02673425431516,457.0404458559895,462.2190856933594,638807,0.0,0.0
2023-02-15,460.02058775686675,463.8313175141753,455.2327837409137,458.554931640625,703302,0.0,0.0
2023-02-16,459.23891728514906,469.0099580784501,459.23891728514906,466.37176513671875,1319413,0.0,0.0
2023-02-17,466.37175952306274,468.17940801183505,458.7015164477272,459.8740234375,591340,0.0,0.0
2023-02-20,462.512230016076,462.512230016076,451.1778165335422,453.8160095214844,738655,0.0,0.0
2023-02-21,456.0144940993989,461.48625318874184,452.6923163137756,457.72442626953125,693825,0.0,0.0
2023-02-22,456.99159599789687,458.7015281598022,449.56559893099507,453.6205749511719,715217,0.0,0.0
2023-02-23,454.9885121571873,459.1900776226844,448.53961921908393,457.1381530761719,841905,0.0,0.0
2023-02-24,457.7732540406267,460.8511258788375,450.9335255917806,455.77020263671875,892849,0.0,0.0
2023-02-27,455.6724968707294,455.6724968707294,441.84648000543655,445.6083068847656,937558,0.0,0.0
2023-02-28,446.9274024517177,456.3076076301547,443.9960901971342,455.13507080078125,835580,0.0,0.0
2023-03-01,458.21298652889794,465.1015586101848,452.4480483969261,462.7076416015625,1468140,0.0,0.0
2023-03-02,463.1473284712691,465.59008864253104,454.54882459596683,456.0633239746094,652769,0.0,0.0
2023-03-03,458.35954215337756,463.7824580149063,457.38243804723896,462.12139892578125,708417,0.0,0.0
2023-03-06,464.2710342706589,468.71687607666394,463.2450868332706,465.2481384277344,696280,0.0,0.0
2023-03-08,464.12443876333674,468.3748474820974,459.4831943757034,460.6557312011719,732954,0.0,0.0
2023-03-09,460.7045684298886,464.5152683343616,456.30760012037746,457.96868896484375,551903,0.0,0.0
2023-03-10,458.2618251439785,467.49547086173334,455.3793561073236,464.0267333984375,1956817,0.0,0.0
2023-03-13,466.3717715152274,466.3717715152274,450.8846955011105,455.52593994140625,764673,0.0,0.0
2023-03-14,455.5259273219543,461.77938737818494,453.4740028203717,459.77630615234375,910046,0.0,0.0
2023-03-15,461.6816779652833,465.1015422465077,458.457246427669,462.5610656738281,835882,0.0,0.0
2023-03-16,462.5610682142738,477.119913127675,459.28776356335453,468.66796875,1591279,0.0,0.0
2023-03-17,472.429807717204,474.8725678398369,463.44043853837525,466.4206237792969,1061951,0.0,0.0
2023-03-20,461.24199108935454,467.055772570863,458.1152757751701,465.2969970703125,637487,0.0,0.0
2023-03-21,467.64201161202584,469.0099513396633,462.5122152692483,467.3977355957031,792636,0.0,0.0
2023-03-22,468.0328798616052,472.62528121576287,462.5122474721019,467.6908874511719,904657,0.0,0.0
2023-03-23,468.08170538830996,473.5046510138922,467.39775041223464,471.2572937011719,831785,0.0,0.0
2023-03-24,472.4298493776306,475.84971385089165,467.83744801456794,469.6939697265625,938602,0.0,0.0
2023-03-27,464.36871884241674,475.4588562293566,464.17328609684716,470.866455078125,843623,0.0,0.0
2023-03-28,470.8664619383479,477.8039070432367,467.2511946434417,473.6512145996094,707818,0.0,0.0
2023-03-29,475.94739761796706,481.85886530345914,472.42981700842597,479.12298583984375,1275317,0.0,0.0
2023-03-31,479.7092631122654,483.56880636196684,473.94432514782596,480.2955017089844,1115333,0.0,0.0
2023-04-03,486.597826347665,486.597826347665,477.9993224682582,481.12603759765625,708521,0.0,0.0
2023-04-05,476.8268215036099,482.8848791141884,474.872613218759,481.81005859375,690988,0.0,0.0
2023-04-06,480.7352002404599,485.66956384384343,479.2695441421658,482.8359680175781,904248,0.0,0.0
2023-04-10,482.8360014715779,488.3566338605541,480.73523354890483,485.1322021484375,969584,0.0,0.0
2023-04-11,485.57188468897516,490.50624836752274,482.44513970411225,489.5291442871094,1219186,0.0,0.0
2023-04-12,491.48334992769463,494.3169457825932,486.98866521707095,493.0467224121094,1046214,0.0,0.0
2023-04-13,492.949013679013,495.147497882735,490.2619774300194,492.11846923828125,749244,0.0,0.0
2023-04-17,494.8543821771748,497.54141844568403,488.64976519339245,490.6039733886719,1139909,0.0,0.0
2023-04-18,489.38260820327184,506.6284900892114,487.57495960369624,504.0880432128906,1727733,0.0,0.0
2023-04-19,506.87277425572165,507.5079158038466,501.74297750421795,505.2605285644531,1540176,0.0,0.0
2023-04-20,507.1169939479313,507.1169939479313,494.21920876391266,501.9383544921875,1264836,0.0,0.0
2023-04-21,500.2772891566265,508.72926330702853,497.492536563762,506.87274169921875,1112338,0.0,0.0
2023-04-24,507.01934810223037,512.2956745299282,503.59948370665313,505.1139831542969,798318,0.0,0.0
2023-04-25,503.4528772046617,507.99643503160337,501.54751232117974,506.7750549316406,639723,0.0,0.0
2023-04-26,506.7750548244853,509.31550157679067,503.20860107826803,504.86968994140625,385699,0.0,0.0
2023-04-27,504.9185022526022,506.9703968391887,497.6390653772508,502.8666076660156,865434,0.0,0.0
2023-04-28,503.2085654191421,508.9246000256209,503.15972214615516,507.99639892578125,428231,0.0,0.0
2023-05-02,507.9964522152524,515.9109716756502,490.3597050838935,505.1139831542969,1269429,0.0,0.0
2023-05-03,504.18572080907944,511.26972560726904,502.1826693109249,508.82696533203125,506509,0.0,0.0
2023-05-04,509.071174528628,511.2208152161725,504.2344978910763,508.1429138183594,530332,0.0,0.0
2023-05-05,510.63460114114054,512.5888094266217,503.0132007553049,505.162841796875,451811,0.0,0.0
2023-05-08,505.3582183908532,514.2009979723875,504.1856816223316,513.3704833984375,661439,0.0,0.0
2023-05-09,513.2728097731858,518.6957260018202,509.55982584604817,512.9308471679688,1042675,0.0,0.0
2023-05-10,512.9308360531506,516.5949766198162,509.6575013643068,513.56591796875,904802,0.0,0.0
2023-05-11,516.888050118328,516.888050118328,499.88644535986936,501.9872131347656,1233986,0.0,0.0
2023-05-12,501.6452335933241,508.97351382907954,492.46043184276505,501.8406066894531,1015662,0.0,0.0
2023-05-15,501.84062415614676,507.45897253244067,500.7658335392398,505.8956298828125,532092,0.0,0.0
2023-05-16,506.1399078169234,510.04832409350195,503.20859560948946,504.28338623046875,352447,0.0,0.0
2023-05-17,503.69713838286714,508.0941066131735,501.7917735555281,506.92156982421875,414331,0.0,0.0
2023-05-18,508.0940992619918,510.8299786381707,494.3169263759257,496.4176940917969,3376633,0.0,0.0
2023-05-19,499.3001665604587,502.9643067260198,480.1977944248731,483.3733825683594,3144835,0.0,0.0
2023-05-22,473.8466600123931,500.2773148148148,473.8466600123931,494.6589660644531,1230046,0.0,0.0
2023-05-23,498.27424215630566,501.54751699965925,494.5123854495593,495.83148193359375,943626,0.0,0.0
2023-05-24,495.831454700133,497.83450604519936,491.3367701734429,492.4115905761719,775925,0.0,0.0
2023-05-25,492.41161935176615,496.8574310451809,488.0634942125228,494.1215515136719,963307,0.0,0.0
2023-05-26,496.36888315451307,501.98723173352573,492.75358605439067,496.6131591796875,977223,0.0,0.0
2023-05-29,497.2971425092832,502.23150627569674,495.4406208683587,500.3261413574219,489946,0.0,0.0
2023-05-30,498.32310267857144,504.9185555081408,493.19330603335084,494.17041015625,468836,0.0,0.0
2023-05-31,495.39177863837523,498.9093593617078,487.428386188136,490.79937744140625,1103206,0.0,0.0
2023-06-01,490.79934263225255,502.6223371848758,489.33368658638415,501.6452331542969,888694,0.0,0.0
2023-06-02,501.74295465182155,508.9246459217476,501.645268097038,506.1399230957031,1418223,0.0,0.0
2023-06-05,511.4163092933261,511.61168240297326,496.36888231300867,498.4208068847656,914296,0.0,0.0
2023-06-06,499.54446632160796,504.9185388199333,497.7856908860598,503.6483154296875,835026,0.0,0.0
2023-06-07,503.64832715393453,506.87275880045,501.0101341203484,503.3063049316406,831746,0.0,0.0
2023-06-08,507.0193478028387,508.58269052766997,498.6162166531896,501.20556640625,1002681,0.0,0.0
2023-06-09,501.2543689271372,504.8696657767632,494.4146406961626,496.12457275390625,648256,0.0,0.0
2023-06-12,499.3001936968635,501.2055586140493,492.4604650160846,498.3230895996094,756873,0.0,0.0
2023-06-13,499.20246085746646,507.2146962993611,496.85741706517655,505.7979431152344,1471514,0.0,0.0
2023-06-14,511.9048344253805,521.3338527027032,503.7948231196245,520.1613159179688,3017132,0.0,0.0
2023-06-15,522.7506748155052,537.4072357916409,520.8453099610678,536.5767211914062,2854217,0.0,0.0
2023-06-16,539.5080778819123,546.4943367407674,535.5507583818211,538.4332275390625,1620321,0.0,0.0
2023-06-19,538.4331609785578,549.6210139908895,538.4331609785578,541.4622192382812,918036,0.0,0.0
2023-06-20,543.9538671091843,544.9798144917585,540.6805325752457,543.3187255859375,643193,0.0,0.0
2023-06-21,544.6378675279225,551.8684023286858,539.6546006675618,547.2760009765625,1124378,0.0,0.0
2023-06-22,547.9599308193007,549.7676090664014,535.3553245522861,540.2408447265625,484665,0.0,0.0
2023-06-23,539.459145069774,548.4485146392425,535.355355595576,544.3446655273438,1062160,0.0,0.0
2023-06-26,547.0317078268487,550.5981616553847,544.5401042934817,548.9370727539062,685429,0.0,0.0
2023-06-27,548.1553794409172,561.4928737583293,548.1553794409172,557.63330078125,1246943,0.0,0.0
2023-06-28,558.9035087066657,575.6119638706145,552.3080564623125,569.1142578125,2442498,0.0,0.0
2023-06-30,574.5371774298991,574.5371774298991,564.7661369974178,569.7005004882812,1567590,0.0,0.0
2023-07-03,573.511271705142,580.6929630887788,564.2776258992502,565.1570434570312,1123850,0.0,0.0
2023-07-04,568.0883520318062,569.5051052777097,558.0241320130442,560.9554443359375,704262,0.0,0.0
2023-07-05,562.8119591346153,573.5601041875334,560.8577509431758,571.6058959960938,641465,0.0,0.0
2023-07-06,571.605828177881,578.4455560364198,562.8118923597598,574.6348266601562,773658,0.0,0.0
2023-07-07,572.5830247943726,576.442598066517,566.7692432464794,568.9188842773438,448177,0.0,0.0
2023-07-10,571.8013017675155,574.6348677288061,566.8180353318139,568.28369140625,721120,0.0,0.0
2023-07-11,568.2837013340264,578.2013314660481,568.2837013340264,571.4592895507812,774090,0.0,0.0
2023-07-12,573.5600481410404,581.7677455981368,569.9447514126123,579.8135375976562,1073272,0.0,0.0
2023-07-13,580.3998678268214,583.3311802905931,575.3677575755978,577.9082641601562,729376,0.0,0.0
2023-07-14,577.566240458988,584.2105964035209,575.6120321547617,581.7189331054688,954798,0.0,0.0
2023-07-17,580.1066551902262,592.1250224308379,579.4226704644998,589.2425537109375,929744,0.0,0.0
2023-07-18,589.2426070154897,591.9296432514458,581.0838117541214,588.2655029296875,602135,0.0,0.0
2023-07-19,589.1448868330982,594.8609215536849,581.6700171483029,593.5906982421875,599435,0.0,0.0
2023-07-20,594.9097664836452,604.7297097229222,591.7341783772137,603.4105834960938,1260480,0.0,0.0
2023-07-21,602.8732007593761,604.338856839018,597.3525390043121,599.1602172851562,382346,0.0,0.0
2023-07-24,599.1602213801535,602.3846528498636,597.7434085659434,599.7464599609375,476304,0.0,0.0
2023-07-25,600.8701694762858,609.7129495250301,598.9648045814799,607.5144653320312,743777,0.0,0.0
2023-07-26,608.7358531729852,610.7877479241058,604.7297502254827,608.4915771484375,670959,0.0,0.0
2023-07-27,610.6900397954857,641.6642505414526,609.2243836999766,634.6290893554688,2686026,0.0,0.0
2023-07-28,636.3056305130881,637.8342510047693,629.007618870938,631.67041015625,570657,6.0,0.0
2023-07-31,631.1773428232503,635.07290252474,618.208596779924,623.5341796875,833188,0.0,0.0
2023-08-01,626.246311075353,633.0512163283239,620.6248754568683,625.1614990234375,1159496,0.0,0.0
2023-08-02,625.2107938082523,626.2463071592902,613.4255166190212,619.9345092773438,855457,0.0,0.0
2023-08-03,616.4334472908522,642.3708802250912,616.4334472908522,631.1773681640625,1434513,0.0,0.0
2023-08-04,639.4615421418434,646.5622387895244,633.5935534953142,640.7929077148438,1324483,0.0,0.0
2023-08-07,641.0394579422415,655.832676202447,640.4970519781192,646.1677856445312,1163676,0.0,0.0
2023-08-08,649.6688886888584,654.1561532247307,640.6943596171138,646.3157348632812,1214653,0.0,0.0
2023-08-09,648.4360798462196,655.586135479505,645.5760335154014,652.4302368164062,1444623,0.0,0.0
2023-08-10,652.4302560557575,659.5310132086819,644.2446869212283,648.78125,1305954,0.0,0.0
2023-08-11,652.6768453375745,657.4106636333731,636.0591525114978,641.9764404296875,3093437,0.0,0.0
2023-08-14,647.8444617027476,648.0416564880968,627.8242551007967,632.8046875,1309342,0.0,0.0
2023-08-16,631.1773657064136,650.704403419203,628.810426507509,648.3375244140625,1810847,0.0,0.0
2023-08-17,648.9291950514622,650.556473189506,634.1359763192861,635.96044921875,816030,0.0,0.0
2023-08-18,641.9271312154303,649.9154456965621,634.9742698704935,638.9191284179688,2031459,0.0,0.0
2023-08-21,640.9902008029004,647.6471494515011,636.2070238057962,644.0967407226562,1328521,0.0,0.0
2023-08-22,644.4419592805245,651.7399113953309,638.8698225671387,641.9271240234375,899216,0.0,0.0
2023-08-23,643.8995821956319,647.400632235787,633.0018619358473,636.45361328125,730040,0.0,0.0
2023-08-24,639.1656811064397,643.5050495795779,630.1911520020694,632.015625,840328,0.0,0.0
2023-08-25,632.0156452952493,635.319500546094,618.8497035677683,620.6248779296875,801024,0.0,0.0
2023-08-28,622.252113373472,630.437682507678,618.3565536680705,625.555908203125,1129082,0.0,0.0
2023-08-29,627.2324994646929,632.163572573692,620.822104422994,623.2383422851562,1042536,0.0,0.0
2023-08-30,624.8162882064174,629.0077005275318,616.186909898241,619.44140625,609277,0.0,0.0
2023-08-31,623.386253646753,625.1614881645298,613.4255097998562,617.222412109375,1094063,0.0,0.0
2023-09-01,617.2224297365418,620.4276274275152,604.1550853041122,605.4865112304688,1008229,0.0,0.0
2023-09-04,607.4589025445349,616.9265387460385,606.5712853158726,611.9461669921875,1201335,0.0,0.0
2023-09-05,615.2006269893832,627.5283089192512,614.2637111239613,625.309326171875,1144729,0.0,0.0
2023-09-06,629.2049334895208,635.0729225725726,625.6545849015683,627.6270141601562,943628,0.0,0.0
2023-09-07,630.9308135407796,634.826373392719,622.5479891326567,624.2738647460938,990927,0.0,0.0
2023-09-08,626.9366308185157,626.9859295095714,613.721331152449,619.49072265625,544572,0.0,0.0
2023-09-11,623.2876453790836,626.1476918800059,617.7648675355088,619.8851928710938,701381,0.0,0.0
2023-09-12,621.0686205306029,634.1359634794405,615.2006318469012,619.09619140625,879018,0.0,0.0
2023-09-13,616.5320481019659,635.565976819308,616.5320481019659,634.3825073242188,1167179,0.0,0.0
2023-09-14,639.3629017274172,639.5601566826483,628.4652426307134,631.0787353515625,780283,0.0,0.0
2023-09-15,634.0867341892338,640.0040222099241,631.5225399306746,636.45361328125,1436938,0.0,0.0
2023-09-18,636.4535879533067,644.8857712022414,631.7690684566827,634.530517578125,1030256,0.0,0.0
2023-09-20,636.1084819670056,638.0316126721711,615.0034632940037,616.1376342773438,1228062,0.0,0.0
2023-09-21,619.8358580661279,626.54210511226,605.3877905189837,607.1630249023438,1390821,0.0,0.0
2023-09-22,607.5082066464378,610.269595546987,586.1073373280947,587.389404296875,1581468,0.0,0.0
2023-09-25,582.9514631531109,597.646085707586,581.0283927155003,595.0325927734375,1428844,0.0,0.0
2023-09-26,595.131247292162,597.5967839366787,588.2770433816529,589.8056640625,963978,0.0,0.0
2023-09-27,590.8905125836524,599.519890493072,588.0304661133108,596.8078002929688,1299692,0.0,0.0
2023-09-28,601.5416141733781,601.5416141733781,590.84114952501,594.4408569335938,5303814,0.0,0.0
2023-09-29,595.6736121697154,613.3761760933128,593.208075695503,606.52197265625,1132784,0.0,0.0
2023-10-03,607.9027494688414,609.4806688706113,599.7171195150803,602.62646484375,1221938,0.0,0.0
2023-10-04,602.5771339420497,605.141267881319,589.6083875873954,595.1312255859375,2247374,0.0,0.0
2023-10-05,596.7091674804688,604.7468410300545,592.2219028200856,596.7091674804688,1294635,0.0,0.0
2023-10-06,598.9281741632068,602.2320295183555,591.334308948502,595.4271240234375,1145725,0.0,0.0
2023-10-09,591.7780605741989,598.8295190641404,586.8962862499133,592.9122314453125,720986,0.0,0.0
2023-10-10,593.6518902736157,596.6105340724438,588.9180722342431,591.728759765625,852136,0.0,0.0
2023-10-11,594.98326299482,598.6322690956051,589.7563375933639,591.580810546875,1380342,0.0,0.0
2023-10-12,596.5612695543332,596.5612695543332,583.6418214431218,585.76220703125,1231587,0.0,0.0
2023-10-13,580.3873422193041,586.5511840015821,579.4011275341395,583.789794921875,1033792,0.0,0.0
2023-10-16,582.8528548956295,583.9376669270664,577.9217816731623,583.0501098632812,509125,0.0,0.0
2023-10-17,585.1211194329205,589.1646354733886,580.3380026244699,582.1624755859375,1122317,0.0,0.0
2023-10-18,582.1624701371101,588.3263114273001,573.4837936392751,575.7520751953125,880308,0.0,0.0
2023-10-19,575.7521059131833,583.1487158560396,572.6455658534431,582.0639038085938,1011894,0.0,0.0
2023-10-20,581.866573927815,582.0638288729829,565.5940341484778,570.9196166992188,1265465,0.0,0.0
2023-10-23,576.9355561396115,584.2828671411679,560.1206088071158,562.4874877929688,1100411,0.0,0.0
2023-10-25,561.7478569129684,568.6020609687228,561.2547495736158,566.777587890625,719859,0.0,0.0
2023-10-26,564.0161423055853,566.4816787552621,559.9233277216173,563.4243774414062,452936,0.0,0.0
2023-10-27,566.0871673966013,571.8564985965711,564.6078455305824,567.1226806640625,544189,0.0,0.0
2023-10-30,570.032054685817,574.4207218168741,566.3337498327516,572.2510375976562,788028,0.0,0.0
2023-10-31,572.1031269030723,574.9631736281297,564.1148118615611,565.6434326171875,876894,0.0,0.0
2023-11-01,567.4678955078125,569.0458147641427,562.3888663245275,567.4678955078125,369416,0.0,0.0
2023-11-02,570.919649996848,572.4975692627031,563.6709366470322,569.8347778320312,858339,0.0,0.0
2023-11-03,571.116863579189,579.8941977933627,571.116863579189,576.78759765625,667824,0.0,0.0
2023-11-06,579.0065805559694,581.373519726509,571.3634172347134,576.78759765625,943223,0.0,0.0
2023-11-07,579.8941950997546,594.0957096694988,579.549044061129,589.0659790039062,2232265,0.0,0.0
2023-11-08,593.2080625663057,625.2600360216755,589.8056102684452,616.5813598632812,4262389,0.0,0.0
2023-11-09,616.5813772071668,618.8989574293194,600.7526449865574,604.0071411132812,1601334,0.0,0.0
2023-11-10,601.0977756285124,612.5871993550273,597.6953233503538,611.3544311523438,1024488,0.0,0.0
2023-11-13,613.4748203544272,613.8200316034537,607.5575323641384,611.6996459960938,845300,0.0,0.0
2023-11-15,615.3979067541247,616.9265273363161,610.3188775167101,612.5872192382812,458592,0.0,0.0
2023-11-16,614.1158814408047,626.6901183685005,610.4668751563673,623.1397094726562,1293030,0.0,0.0
2023-11-17,626.049087631548,631.0788187829678,624.1259569028807,627.7749633789062,996812,0.0,0.0
2023-11-20,631.177341293239,635.7139043562794,624.7176477296933,627.2324829101562,834768,0.0,0.0
2023-11-21,631.1280958041465,635.5167631640281,627.8242405135538,630.240478515625,698901,0.0,0.0
2023-11-22,633.5443079194591,640.1025991499454,630.5856640036344,633.1990966796875,798769,0.0,0.0
2023-11-23,636.5522359904331,636.5522359904331,620.7728021330827,622.8931274414062,1008710,0.0,0.0
2023-11-24,626.0490048650953,639.0670493914512,625.2600452379322,631.0787353515625,690395,0.0,0.0
2023-11-28,631.0787851413401,632.2128958843139,619.4414039959331,621.1179809570312,606266,0.0,0.0
2023-11-29,624.520418953663,629.0569822068904,621.3645200761391,626.2955932617188,777475,0.0,0.0
2023-11-30,626.7886791915136,631.9170071682684,624.7176526017483,628.7611083984375,1357375,0.0,0.0
2023-12-01,632.8538988579922,640.0039544594251,628.7117856432377,630.8814697265625,1135068,0.0,0.0
2023-12-04,639.0671060992177,639.4122571561783,621.315242040906,624.6683959960938,883822,0.0,0.0
2023-12-05,629.10628832253,634.5797670606395,623.682108273388,625.309326171875,718008,0.0,0.0
2023-12-06,628.8597475794631,635.1221860507512,625.2600403046216,626.6900634765625,1501698,0.0,0.0
2023-12-07,630.3883597833826,650.5071007228064,626.147649207457,648.8798828125,2533954,0.0,0.0
2023-12-08,652.183696377313,655.7834037085885,622.1534500708015,629.747314453125,2333950,0.0,0.0
2023-12-11,635.5660660386853,636.4043244437603,623.2876811668197,624.8656005859375,1399797,0.0,0.0
2023-12-12,628.0214113194804,631.4731622330386,624.8655127311897,626.6407470703125,1109868,0.0,0.0
2023-12-13,626.246299078715,639.65879416258,624.5697221447907,633.5443115234375,1415919,0.0,0.0
2023-12-14,638.0808867522898,641.039530740322,632.1143000818446,634.9249877929688,1194291,0.0,0.0
2023-12-15,638.0808446947798,641.5818944777685,633.494922738093,636.9960327148438,953712,0.0,0.0
2023-12-18,645.9705809818894,672.9435269652307,642.1243198573161,671.2176513671875,6969702,0.0,0.0
2023-12-19,675.3597503739842,684.4329367909452,662.0951518801334,676.395263671875,2817353,0.0,0.0
2023-12-20,676.5432516036959,686.8985054547728,650.014053374383,654.5999755859375,2162161,0.0,0.0
2023-12-21,648.4854397600182,665.2017903403107,639.2150580420317,662.19384765625,1404289,0.0,0.0
2023-12-22,665.6948250321063,679.8963387102951,663.7716946099284,670.5765991210938,2027527,0.0,0.0
2023-12-26,669.6396846210093,677.3814448207881,665.2017191117391,666.8782958984375,1323845,0.0,0.0
2023-12-27,663.7224550339356,683.69330156356,657.5586135124466,679.15673828125,2108751,0.0,0.0
2023-12-28,679.1566658164434,682.805611452817,672.0066104144142,676.9376831054688,972278,0.0,0.0
2023-12-29,678.466328461752,682.2632304954892,673.9297053034928,679.6990966796875,786848,0.0,0.0
2024-01-01,678.6142433862839,697.4509783959555,675.5570021983656,689.511962890625,2371842,0.0,0.0
2024-01-02,697.6975781221104,705.1434868182915,690.0051157592095,702.431396484375,2433838,0.0,0.0
2024-01-03,702.5793017491374,706.1296502146112,699.1768493566973,700.6068725585938,921911,0.0,0.0
2024-01-04,702.1848331923826,705.9817355303127,697.2537599255821,699.3741455078125,1116138,0.0,0.0
2024-01-05,703.1710402902958,705.4886206232839,696.2675377909521,704.40380859375,1041423,0.0,0.0
2024-01-08,707.1159113161857,710.7649175974353,698.8316840935526,700.9027709960938,1499381,0.0,0.0
2024-01-09,704.8968960840939,709.0883081979202,701.2971886617731,703.1710205078125,689023,0.0,0.0
2024-01-10,703.8121001707033,708.1021097665744,689.4626290392242,697.1551513671875,1083582,0.0,0.0
2024-01-11,696.8592061887915,701.7902791456717,691.2378311729575,694.5416259765625,535437,0.0,0.0
2024-01-12,698.2892444083485,698.4864993696199,687.046433941036,694.2457885742188,642155,0.0,0.0
2024-01-15,694.2457885742188,694.2457885742188,694.2457885742188,694.2457885742188,0,0.0,0.0
2024-01-16,707.066577616253,707.1651749998787,689.2654159208904,697.1057739257812,1115241,0.0,0.0
2024-01-17,696.1689612255731,701.1986319765905,689.1668009362697,699.9165649414062,918668,0.0,0.0
2024-01-18,701.5931000099207,703.8120828899431,676.543224753496,699.1275634765625,768445,0.0,0.0
2024-01-19,704.6009976436708,717.4710854889474,700.2123308551927,710.6168823242188,1158529,0.0,0.0
2024-01-23,696.8592607744747,722.4022447694258,696.8592607744747,719.0984497070312,2533646,0.0,0.0
2024-01-24,723.6842652925284,743.5072149742789,716.4356120214576,742.0278930664062,2330199,0.0,0.0
2024-01-25,743.0140965552818,743.0140965552818,722.7966974501657,726.3470458984375,768082,0.0,0.0
2024-01-29,729.7002189985974,740.1047711663829,723.437720066082,738.181640625,517784,0.0,0.0
2024-01-30,739.9567765738759,753.9610354449608,739.6609242429307,745.4796142578125,1126826,0.0,0.0
2024-01-31,745.4796572199489,755.4404008296225,734.7298937572699,750.3120727539062,993266,0.0,0.0
2024-02-01,752.4817983767405,756.3773583887418,738.8720478760456,749.079345703125,471177,0.0,0.0
2024-02-02,749.5230557558921,756.3279602080215,741.6333393795143,750.6572265625,511333,0.0,0.0
2024-02-05,751.0024713261514,767.2257146890217,743.7044586894675,750.4107666015625,1160781,0.0,0.0
2024-02-06,769.2474336378559,798.0449137051032,764.3163603453056,786.4075927734375,3627017,0.0,0.0
2024-02-07,793.7547821751913,793.7547821751913,775.7070673649351,780.6874389648438,1103135,0.0,0.0
2024-02-08,784.4844159180634,796.861397114191,781.3778158493337,790.993408203125,746665,0.0,0.0
2024-02-09,794.8890033532376,809.6329243251555,758.2018065443352,793.9520874023438,2721642,0.0,0.0
2024-02-12,798.5873282569146,851.4484104400696,791.9796779355787,844.8408203125,6951210,0.0,0.0
2024-02-13,844.199740219913,854.9001450926243,833.2034227972526,845.9749145507812,1510782,0.0,0.0
2024-02-14,834.3375694320629,859.9791495800932,833.0062037711128,855.8370361328125,884541,0.0,0.0
2024-02-15,859.9791702038169,872.7999605852958,851.5470470301357,866.8333740234375,622903,0.0,0.0
2024-02-16,873.4410169201262,881.4293313985119,868.2140311915067,879.6048583984375,826132,0.0,0.0
2024-02-19,884.7824666122879,897.4553003473802,880.0979471873976,895.0390625,1032096,0.0,0.0
2024-02-20,895.4828623229486,900.2166803933923,880.1965359286692,883.4017333984375,1009373,0.0,0.0
2024-02-21,884.5851766544222,890.2066117806478,876.7447587305097,881.4785766601562,795916,0.0,0.0
2024-02-22,883.6482930573065,894.989761104359,876.7447907677963,891.8338623046875,940029,0.0,0.0
2024-02-23,887.6424529175149,924.0830950103024,885.7193223779404,910.5226440429688,1568847,0.0,0.0
2024-02-26,915.3057662683652,935.0794175872967,909.8322871570052,929.5565795898438,1420030,0.0,0.0
2024-02-27,933.9452316837236,940.5035828897363,925.5624075345032,929.8524169921875,860496,0.0,0.0
2024-02-28,933.4028836689757,938.8270643377551,912.2978657165822,919.7437744140625,643023,0.0,0.0
2024-02-29,921.5682773126075,935.5725371622532,909.8322990837198,928.9155883789062,1151822,0.0,0.0
2024-03-01,935.2766255833924,935.2766255833924,910.8678133525628,912.5936889648438,1099628,0.0,0.0
2024-03-04,908.994009985004,938.9255990545847,908.994009985004,933.20556640625,1542314,0.0,0.0
2024-03-05,939.8625728902155,943.4129215959249,926.3514199820016,940.6022338867188,928697,0.0,0.0
2024-03-06,939.7639423778999,951.5985179048228,921.4696128875206,948.5905151367188,840117,0.0,0.0
2024-03-07,948.7384902098797,968.4134844520497,944.8429303163149,963.28515625,921521,0.0,0.0
2024-03-11,972.3583255553776,1001.5009558051954,966.9834437882758,980.7411499023438,1932290,0.0,0.0
2024-03-12,985.9188043966845,993.5619679865355,966.4903636198587,974.084228515625,1139238,0.0,0.0
2024-03-13,970.6324392385859,983.1573769280578,947.6042917881316,955.2968139648438,1221703,0.0,0.0
2024-03-14,957.5651046355188,986.116030141161,948.8864279520391,981.5794067382812,1275922,0.0,0.0
2024-03-15,967.427263658427,980.9384162723261,957.8609696066145,970.3366088867188,1066140,0.0,0.0
2024-03-18,970.3366125555463,995.9781933060585,959.6854462426292,977.5852661132812,1710784,0.0,0.0
2024-03-19,979.3111171274653,983.5518279524066,953.7681344058498,956.480224609375,924503,0.0,0.0
2024-03-20,956.4802303085245,970.4351913345914,933.2055892280052,958.0089111328125,1849050,0.0,0.0
2024-03-21,966.3917622965198,981.2835794753736,958.600642462375,979.4591064453125,797283,0.0,0.0
2024-03-22,979.3110692223837,993.0194758398588,968.8078599613766,985.968017578125,1181935,0.0,0.0
2024-03-26,986.2145942228773,1013.6314080972827,981.2835212517629,1003.029541015625,1781245,0.0,0.0
2024-03-27,1013.5821328541857,1013.5821328541857,984.4887999238052,985.9188232421875,1452036,0.0,0.0
2024-03-28,979.3111615178041,1006.9251721144793,971.4214442044683,993.4633178710938,1873843,0.0,0.0
2024-04-01,1010.8205947799821,1017.4775432553333,982.7628378796223,986.017333984375,1230088,0.0,0.0
2024-04-02,990.948460250598,994.8933188186288,974.8731736246252,979.2618408203125,990690,0.0,0.0
2024-04-03,983.256012784693,985.7215494265804,967.6738332467178,974.084228515625,852769,0.0,0.0
2024-04-04,973.4924411909021,977.3387023411937,960.0306475524108,969.646240234375,879348,0.0,0.0
2024-04-05,972.3583019046243,994.7453854783992,970.1886177347243,992.625,1885389,0.0,0.0
2024-04-08,997.8026714202499,999.5778457502208,983.749112667852,986.855712890625,651968,0.0,0.0
2024-04-09,988.137756362943,989.8143332655624,973.9362416738618,975.5142211914062,752593,0.0,0.0
2024-04-10,980.9877362372033,985.6229571869172,971.0762909237956,980.49462890625,594164,0.0,0.0
2024-04-12,978.7687042967304,983.5518210902527,945.582558505808,948.8864135742188,1325629,0.0,0.0
2024-04-15,936.9039306730974,948.7385066394944,920.6313887193015,922.2586669921875,1341010,0.0,0.0
2024-04-16,919.1519957272483,958.1074719410104,913.4319631573975,931.8248291015625,2235559,0.0,0.0
2024-04-18,941.6376764732457,941.6376764732457,921.1244250840032,924.0830688476562,1376748,0.0,0.0
2024-04-19,907.5640342930003,920.2368685047253,900.6112330291012,909.4378662109375,1482222,0.0,0.0
2024-04-22,923.2448122590582,952.387441347011,921.2230241950898,946.4701538085938,1739090,0.0,0.0
2024-04-23,946.8153375092551,954.7050544993953,931.5783095332941,946.2236328125,1094642,0.0,0.0
2024-04-24,944.7936058432646,945.7305217709015,901.8932698785652,920.63134765625,3433345,0.0,0.0
2024-04-25,922.2586264029047,941.687006271003,912.6430338533966,938.1366577148438,1455928,0.0,0.0
2024-04-26,938.3831773997014,945.4346357582441,931.4796753063772,934.3397216796875,697528,0.0,0.0
2024-04-29,934.9314260401042,955.0502276399907,934.9314260401042,949.8232421875,1094730,0.0,0.0
2024-04-30,951.5985406649166,955.0502919428272,935.8684049453996,940.4049682617188,1728594,0.0,0.0
2024-05-02,946.6673992667875,978.3248632021761,937.9393641189389,974.3800048828125,2760717,0.0,0.0
2024-05-03,980.7411065941644,985.9680318585885,964.8137169607546,983.6504516601562,1408142,0.0,0.0
2024-05-06,990.1594336942047,1013.5820298597797,958.6991646616754,1006.6785278320312,2655500,0.0,0.0
2024-05-07,1014.814872653474,1018.7597312449356,952.1902425140225,967.32861328125,1845981,0.0,0.0
2024-05-08,969.3997010787057,993.364705005842,958.304786279683,991.7374267578125,1456376,0.0,0.0
2024-05-09,993.0688446780493,994.0057606256432,951.6971284541646,954.85302734375,1322296,0.0,0.0
2024-05-10,956.6281860052477,976.3524785002013,955.3461190318285,968.6107177734375,1020700,0.0,0.0
2024-05-13,977.5359262193255,983.2559588761413,957.2198692877737,978.8179931640625,1082684,0.0,0.0
2024-05-14,981.2835386205192,1002.6351090408729,965.0109975278172,970.0900268554688,799850,0.0,0.0
2024-05-15,978.2263285559211,991.1457163028605,970.0900577504499,983.3052978515625,1174315,0.0,0.0
2024-05-16,983.3052388205792,998.0491588883641,970.583106804761,995.0905151367188,1608100,0.0,0.0
2024-05-17,1000.9585911758762,1042.5275033926669,995.2878568243924,1036.9061279296875,3018435,0.0,0.0
2024-05-21,1105.6452091571596,1156.3366657458257,1070.0428847200178,1073.3466796875,4500940,0.0,0.0
2024-05-22,1078.9187481538088,1081.4336434823022,1033.89802859804,1065.7528076171875,2865788,0.0,0.0
2024-05-23,1074.9739910049789,1089.7672110646806,1062.9422201781017,1071.0784912109375,2041787,0.0,0.0
2024-05-24,1073.9384240964532,1081.3843930609607,1055.2497041269748,1061.1669921875,2735393,0.0,0.0
2024-05-27,1068.9085953378233,1071.0289806569585,1040.7028838289646,1043.9080810546875,1812394,0.0,0.0
2024-05-28,1045.4367899817626,1053.0305939205864,1026.057649846624,1038.4345703125,1516739,0.0,0.0
2024-05-29,1029.7560735947636,1036.3636637405364,1021.6198025527511,1030.3477783203125,1081054,0.0,0.0
2024-05-30,1028.1287418269847,1032.0242414227812,1006.4320201769189,1009.83447265625,1517658,0.0,0.0
2024-05-31,1017.3789496091822,1022.3593814566284,981.2835195989273,986.362548828125,2417167,0.0,0.0
2024-06-03,1030.5942556649613,1030.5942556649613,995.0905301109531,1018.02001953125,1142471,0.0,0.0
2024-06-04,1034.5391845591025,1035.4760403367218,920.9272430053744,989.7650146484375,3058666,0.0,0.0
2024-06-05,993.0688086547049,1049.5295346035148,991.8360403983168,1034.1939697265625,2720365,0.0,0.0
2024-06-06,1042.4288132662978,1048.2967418747085,1019.6965189941762,1030.59423828125,1909045,0.0,0.0
2024-06-07,1021.7182652465906,1049.0363598978872,1021.7182652465906,1041.245361328125,1064643,0.0,0.0
2024-06-10,1048.247597507958,1074.9739910049789,1044.4013362149292,1071.0784912109375,1813696,0.0,0.0
2024-06-11,1072.5083902595347,1078.4256779299324,1065.2597369408031,1069.8948974609375,1554675,0.0,0.0
2024-06-12,1073.1987467100996,1087.7454129702176,1058.997351891603,1081.828125,1120031,0.0,0.0
2024-06-13,1089.7671529777767,1090.0630655182113,1070.8811189640503,1075.467041015625,893913,0.0,0.0
2024-06-14,1081.7788771612074,1096.4734995712392,1078.8202332016388,1094.2545166015625,1100418,0.0,0.0
2024-06-18,1092.2327715613437,1094.2052009456531,1055.6934690619973,1064.0762939453125,1899763,0.0,0.0
2024-06-19,1068.169132779454,1070.9305821339888,1054.5100830664817,1058.7508544921875,859594,0.0,0.0
2024-06-20,1061.1669390117156,1077.3901214763537,1035.5253587010236,1073.642578125,1282696,0.0,0.0
2024-06-21,1079.9049498634788,1087.6960690130572,1064.125516806113,1070.0921630859375,932011,0.0,0.0
2024-06-24,1065.2103555319675,1076.2560311823372,1057.4685950710643,1065.4569091796875,861316,0.0,0.0
2024-06-25,1065.4568850794037,1071.0290214693405,1048.3954452756182,1056.9754638671875,1045293,0.0,0.0
2024-06-26,1056.9755952731373,1070.0429399312843,1048.4941730064884,1051.107666015625,1354644,0.0,0.0
2024-06-27,1053.3265525012673,1065.8020708909155,1035.5746896875107,1042.4288330078125,1784563,0.0,0.0
2024-06-28,1048.3461396817704,1070.0428612932462,1045.8806031350118,1059.1451416015625,2188481,0.0,0.0
2024-07-01,1078.2777327293468,1081.5815276350606,1045.43685805404,1052.5869140625,1910647,0.0,0.0
2024-07-02,1060.180642710547,1065.1117154673404,1044.4012098888088,1059.7861328125,1161878,0.0,0.0
2024-07-03,1065.9993344986583,1099.6292266810874,1056.2851452283514,1080.1514892578125,2674685,0.0,0.0
2024-07-04,1089.7177810397457,1129.1171267926286,1078.1791183014316,1121.3753662109375,3636780,0.0,0.0
2024-07-05,1129.215773423545,1150.7645394327676,1121.3754151167955,1146.4251708984375,2734011,0.0,0.0
2024-07-08,1148.8413324987096,1167.8259622412697,1138.5353184059531,1141.8392333984375,1766921,0.0,0.0
2024-07-09,1143.0227528723628,1160.7746161611485,1140.2613037613185,1149.3837890625,1549728,0.0,0.0
2024-07-10,1150.5673280132867,1173.5954156632918,1118.3673961026664,1163.8812255859375,1576765,0.0,0.0
2024-07-11,1186.4161775617058,1186.4161775617058,1139.275070979888,1147.312744140625,1817742,0.0,0.0
2024-07-12,1154.8573803481916,1167.628812189343,1147.3621729221575,1158.9501953125,2206263,0.0,0.0
2024-07-15,1157.8159206403225,1182.4219263353782,1155.547578944025,1171.6229248046875,1258197,0.0,0.0
2024-07-16,1176.5047161569794,1181.1892357349013,1161.3663453879376,1168.4671630859375,890254,0.0,0.0
2024-07-18,1169.6505709707094,1174.137895768147,1144.1075875440117,1169.305419921875,914361,0.0,0.0
2024-07-19,1148.940099627384,1153.8711730163427,1121.4740449283906,1128.67333984375,1927523,0.0,0.0
2024-07-22,1119.3536109994488,1149.4825162610973,1107.716230148584,1138.6341552734375,1766804,0.0,0.0
2024-07-23,1140.0641542541216,1143.022798253051,1108.801197487114,1133.0126953125,997963,0.0,0.0
2024-07-24,1140.1134698922526,1167.0370570286443,1131.336135617557,1163.1907958984375,1043324,0.0,0.0
2024-07-25,1159.7390101977962,1193.3196654678306,1151.4549038715102,1189.1776123046875,980665,0.0,0.0
2024-07-26,1198.273433845191,1201.239457196293,1183.2456304747272,1192.390869140625,1347634,3.0,0.0
2024-07-29,1213.103483700369,1237.5236930025944,1196.790356168946,1221.9027099609375,2135683,0.0,0.0
2024-07-30,1221.902727373263,1230.8501583704765,1201.2394080681127,1205.589599609375,1150511,0.0,0.0
2024-07-31,1211.126182849825,1236.5350675536781,1211.126182849825,1233.07470703125,1316598,0.0,0.0
2024-08-01,1245.779256246878,1250.6731463706012,1221.5567328586726,1227.3404541015625,1298036,0.0,0.0
2024-08-02,1219.4803745438571,1245.4825592007799,1213.7954968177967,1235.744140625,1110657,0.0,0.0
2024-08-05,1196.345536427074,1232.8770081612236,1196.345536427074,1213.6473388671875,1115164,0.0,0.0
2024-08-06,1222.9902525703174,1242.7637408899668,1207.7152811185063,1213.7955322265625,1224820,0.0,0.0
2024-08-07,1233.272488532798,1263.7235880804976,1225.9562737294345,1258.4342041015625,2579230,0.0,0.0
2024-08-08,1266.4918890604717,1284.9800518122333,1255.6659528038067,1264.9100341796875,2579443,0.0,0.0
2024-08-09,1279.2457833601811,1309.3015081549518,1268.5186906513322,1286.16650390625,4055249,0.0,0.0
2024-08-12,1283.2994038919383,1283.2994038919383,1206.2816420323588,1236.238525390625,2589989,0.0,0.0
2024-08-13,1243.752452881761,1243.752452881761,1155.7604272009369,1162.1373291015625,5828811,0.0,0.0
2024-08-14,1174.3475239382294,1175.9293788721143,1144.09399014663,1157.243408203125,3229996,0.0,0.0
2024-08-16,1169.6018249642027,1181.3670745599813,1154.9200341391931,1174.100341796875,2682837,0.0,0.0
2024-08-19,1184.3824300783792,1184.3824300783792,1164.707906386336,1171.5296630859375,1961205,0.0,0.0
2024-08-20,1180.2795778522843,1182.2569267039798,1157.7377526678347,1179.142578125,1876826,0.0,0.0
2024-08-21,1179.4886055392067,1202.6729728549462,1174.3475467323442,1191.995361328125,2296195,0.0,0.0
2024-08-22,1204.2053718804002,1206.1827206026999,1189.375256463154,1196.345458984375,1642199,0.0,0.0
2024-08-23,1201.1405494634987,1201.1405494634987,1160.703742474816,1165.3504638671875,2153807,0.0,0.0
2024-08-26,1117.202100298863,1125.7541582130461,1092.584082977727,1095.8961181640625,7308194,0.0,0.0
2024-08-27,1122.145487764156,1123.579017424947,1096.6376389742218,1101.6304931640625,3437214,0.0,0.0
2024-08-28,1138.9528716173827,1142.9075690882764,1113.2473380565739,1125.4080810546875,5148274,0.0,0.0
2024-08-29,1125.4080967202228,1131.636672910908,1106.4254761830239,1119.2288818359375,2424171,0.0,0.0
2024-08-30,1126.9899470218936,1146.2196153886764,1101.0372446131614,1115.1258544921875,32836286,0.0,0.0
2024-09-02,1114.2360305246602,1127.0393155195477,1095.5006992270683,1098.9610595703125,2818251,0.0,0.0
2024-09-03,1102.9651557112404,1110.874551048987,1098.911614738204,1101.38330078125,1648183,0.0,0.0
2024-09-04,1099.6035943531479,1120.514081574313,1094.4625358653914,1115.1258544921875,2387605,0.0,0.0
2024-09-05,1115.175223376888,1120.9095830803315,1101.1360953964447,1102.520263671875,1291074,0.0,0.0
2024-09-06,1106.1783589357274,1107.3153586647727,1084.773533445407,1087.5418701171875,1307399,0.0,0.0
2024-09-09,1087.54187443347,1097.4286187465016,1076.6169736924514,1091.6448974609375,1018082,0.0,0.0
2024-09-10,1096.4399009839974,1108.1556683943743,1095.4512265917665,1100.59228515625,1010547,0.0,0.0
2024-09-11,1106.623336594429,1116.1145869747518,1096.5387850065015,1099.9991455078125,1161528,0.0,0.0
2024-09-12,1110.2813645022227,1122.2443007479915,1102.9157884090932,1107.4141845703125,1349529,0.0,0.0
2024-09-13,1112.8519182814441,1112.8519182814441,1098.862150908962,1105.8818359375,1326747,0.0,0.0
2024-09-16,1120.1680699893875,1120.1680699893875,1101.6304254065974,1103.2122802734375,897160,0.0,0.0
2024-09-17,1106.9198557161083,1112.2587217179132,1095.4512565897314,1098.3677978515625,686827,0.0,0.0
2024-09-18,1099.3070916240936,1099.3070916240936,1054.4212496397063,1067.7188720703125,1723558,0.0,0.0
2024-09-19,1082.5984863025863,1082.5984863025863,1030.2975855208201,1042.5076904296875,2737320,0.0,0.0
2024-09-20,1042.1616686556974,1055.6570984536563,1034.9937792023711,1042.656005859375,2271977,0.0,0.0
2024-09-23,1050.7632463750215,1051.158619602013,1035.7848044248788,1043.2987060546875,858221,0.0,0.0
2024-09-24,1045.720876076466,1051.751886532861,1037.2677822764113,1039.640625,1453214,0.0,0.0
2024-09-25,1044.7816913921858,1053.6302791596136,1026.7878652567642,1051.40576171875,1540510,0.0,0.0
2024-09-26,1053.9269480044475,1057.8321637486697,1044.1390469576536,1055.904296875,1861553,0.0,0.0
2024-09-27,1044.0401543784778,1066.2853281223374,1030.8413754280127,1063.76416015625,2797238,0.0,0.0
2024-09-30,1068.6582253018398,1076.5181388171325,1046.4624117325898,1056.4481201171875,2129069,0.0,0.0
2024-10-01,1058.9197802379251,1070.338897316094,1050.0217105047986,1068.1143798828125,1173725,0.0,0.0
2024-10-03,1074.936208059278,1074.936208059278,1043.2986282405639,1056.9423828125,1966311,0.0,0.0
2024-10-04,1056.9424411015145,1064.8023544960747,1038.2069883567103,1045.3748779296875,1503329,0.0,0.0
2024-10-07,1048.8351625406115,1053.3830404238106,1033.3623847889585,1038.750732421875,668721,0.0,0.0
2024-10-08,1030.297532766374,1047.0061536908777,1024.8598237528706,1042.7054443359375,1179960,0.0,0.0
2024-10-09,1042.9527020246658,1059.4141557639132,1040.0855219805057,1053.2843017578125,1647954,0.0,0.0
2024-10-10,1059.3151049583503,1059.3151049583503,1036.0318959685803,1045.02880859375,968218,0.0,0.0
2024-10-11,1050.5654305152816,1058.3759826895034,1039.6900117300554,1052.3450927734375,570962,0.0,0.0
2024-10-14,1053.2348992323589,1057.8816206929953,1043.3975164216492,1050.3182373046875,703535,0.0,0.0
2024-10-15,1053.3337833182127,1059.6118419390507,1042.4088823690306,1046.1658935546875,645409,0.0,0.0
2024-10-16,1018.3346538371375,1039.3934672838393,997.0781537813137,1008.5467529296875,3802444,0.0,0.0
2024-10-17,1008.5467632195026,1015.269797627381,999.6486933379091,1009.2882690429688,1036269,0.0,0.0
2024-10-18,1015.9124539980545,1023.278030191464,1002.4170239550716,1010.8701782226562,1368450,0.0,0.0
2024-10-21,1010.8701720103819,1017.5931459923656,990.6517680683511,994.3098754882812,1015164,0.0,0.0
2024-10-22,1000.5384953518598,1001.5765914057281,972.8061904299082,977.008056640625,1334114,0.0,0.0
2024-10-23,977.0080655387469,1004.6909490614743,973.9431386566781,989.6630859375,1315625,0.0,0.0
2024-10-24,993.6177913260408,998.7094887226338,985.6589743200196,994.3098754882812,634232,0.0,0.0
2024-10-25,994.3098793699917,1000.4890945143018,974.9318244710968,979.380859375,531860,0.0,0.0
2024-10-28,979.3808153236027,1005.0369275175757,965.9348679119262,994.9030151367188,753928,0.0,0.0
2024-10-29,1005.284109284116,1005.284109284116,977.2552144205389,990.8494873046875,911619,0.0,0.0
2024-10-30,991.6404351245858,998.4623127041782,971.422031332678,974.1903076171875,1299530,0.0,0.0
2024-10-31,973.8442587025008,993.0739873517505,973.8442587025008,989.9102172851562,732810,0.0,0.0
2024-11-01,997.8196299123574,1002.4169899717315,987.1419585498228,992.6290893554688,108283,0.0,0.0
2024-11-04,996.5838177752578,1000.1925035545627,983.3850383738292,993.0740356445312,1190497,0.0,0.0
2024-11-05,987.7351738076441,993.963810626329,958.6681818724817,977.2552490234375,1897494,0.0,0.0
2024-11-06,977.2552463073747,991.7392904102022,974.7341385953779,983.8298950195312,1167347,0.0,0.0
2024-11-07,989.5147451504915,989.6136487964345,958.2726583728256,962.2273559570312,1367216,0.0,0.0
2024-11-08,962.9688541115373,969.7907315277091,954.0707846176936,959.3601684570312,477176,0.0,0.0
2024-11-11,959.0141903032969,964.7484898878772,951.4013851774705,956.7896728515625,874885,0.0,0.0
2024-11-12,959.0141872758456,978.7876756732857,922.4332337405814,938.9935302734375,3008146,0.0,0.0
2024-11-13,947.4960949954666,957.976079929107,936.1263393007519,952.8349609375,2093578,0.0,0.0
2024-11-14,946.3591378189205,965.7371317180346,942.7010305085247,946.556884765625,840848,0.0,0.0
2024-11-18,953.1315582248606,955.0594854039274,928.0192642766857,934.000732421875,1050199,0.0,0.0
2024-11-19,934.2973295250556,944.3323990538097,930.7875473929738,936.8678588867188,605361,0.0,0.0
2024-11-21,939.2406568302256,939.2406568302256,923.026372932651,933.3580322265625,622867,0.0,0.0
2024-11-22,931.5290569510519,941.2180542644059,928.9584672351674,938.3014526367188,295547,0.0,0.0
2024-11-25,944.3324051479574,958.0749435069166,935.4837569382124,953.4281616210938,2656504,0.0,0.0
2024-11-26,954.0213975098262,958.9153479774172,940.0810519250546,942.2067260742188,428465,0.0,0.0
2024-11-27,944.1840508871262,949.0780012301371,938.6474983912105,940.179931640625,495683,0.0,0.0
2024-11-28,939.2407090268788,944.1346595269038,934.2973368741058,937.9554443359375,498416,0.0,0.0
2024-11-29,940.0810508097195,961.7330448072412,938.5980391754755,955.0100708007812,1151163,0.0,0.0
2024-12-02,955.0100584881911,965.4405614457845,951.5496980529016,963.5126342773438,1305207,0.0,0.0
2024-12-03,965.8854748222935,976.2665561047663,962.2767890960655,970.9771118164062,1290594,0.0,0.0
2024-12-04,971.81750195475,974.7835251193645,956.3447236417855,959.3601684570312,1385360,0.0,0.0
2024-12-05,967.0224272889411,968.9009328268788,950.6598776860014,966.923583984375,697437,0.0,0.0
2024-12-06,974.8329819002021,985.362388651592,960.9915399665279,983.8298950195312,749783,0.0,0.0
2024-12-09,983.8298761678562,988.6744048893729,969.8895911964747,971.3231811523438,1191543,0.0,0.0
2024-12-10,972.8062015109506,975.0307189419632,960.0028557836762,963.1666259765625,664912,0.0,0.0
2024-12-11,966.8741605016743,982.2480356542574,963.9575588957231,975.2778930664062,591808,0.0,0.0
2024-12-12,978.7876561599942,979.7763305601559,961.1398422546681,965.4405517578125,863825,0.0,0.0
2024-12-13,969.8895937335327,970.3345092856761,944.2334807907623,967.4179077148438,650878,0.0,0.0
2024-12-16,970.3838955303048,979.7763020586165,964.5012709516885,976.5631103515625,459731,0.0,0.0
2024-12-17,978.2439170833785,979.8751936702827,955.9493209778399,958.9153442382812,769906,0.0,0.0
2024-12-18,958.9153219262545,972.855606788408,957.3334066844884,968.4559936523438,806464,0.0,0.0
2024-12-19,957.0862157683558,977.7989559743053,954.0707709961624,974.4374389648438,1389401,0.0,0.0
2024-12-20,978.8865195822964,979.7269290460453,959.3107781255197,962.4745483398438,910631,0.0,0.0
2024-12-23,967.6650989730844,970.8782908726118,951.2036455656381,962.3262329101562,758127,0.0,0.0
2024-12-24,962.3262009069351,966.8247176917891,950.3632648317868,953.873046875,841381,0.0,0.0
2024-12-26,954.169653261072,958.1738329147666,942.3055602875111,946.8040771484375,1348311,0.0,0.0
2024-12-27,947.1500882323293,974.3386346064306,947.1500882323293,961.3870239257812,1074014,0.0,0.0
2024-12-30,962.1779588575025,968.5054389473495,941.7123862682477,946.1119995117188,4345745,0.0,0.0
2024-12-31,949.2262868070676,965.6877400428748,949.2262868070676,960.6949462890625,960218,0.0,0.0
2025-01-01,960.0028419142425,968.9009115097401,954.3673857683146,962.7711181640625,436960,0.0,0.0
2025-01-02,967.319069940139,981.1110297281303,955.8998321934147,979.5291748046875,1012522,0.0,0.0
2025-01-03,980.7650115806048,986.103877515074,960.6949331906278,964.7484741210938,849340,0.0,0.0
2025-01-06,963.7103929008391,964.7484889752202,944.085229760551,950.56103515625,845309,0.0,0.0
2025-01-07,959.0141887455768,1002.5158632866132,958.9153454409972,989.5147705078125,3691121,0.0,0.0
2025-01-08,997.5230805808272,1001.4283566573602,961.4858854531604,970.3345336914062,1389234,0.0,0.0
2025-01-09,993.6177717583537,1016.3078009577183,982.000847561179,999.0554809570312,4533779,0.0,0.0
2025-01-10,997.6218969478825,1007.5580626558411,989.2181644998952,993.0245971679688,2314182,0.0,0.0
2025-01-13,978.8865126871532,986.5982213877156,955.3066520622948,964.056396484375,1417731,0.0,0.0
2025-01-14,970.8782888895208,991.146114675911,967.4179283894055,988.82275390625,1057973,0.0,0.0
2025-01-15,993.6177532915542,995.8916922999598,970.8782425197077,973.7454223632812,673355,0.0,0.0
2025-01-16,978.7876416396693,983.5332666212644,968.3571389414802,976.9586181640625,761949,0.0,0.0
2025-01-17,980.7649984849365,989.5642247258376,969.8401585040599,983.385009765625,880216,0.0,0.0
2025-01-20,993.6177483735404,997.3746989354274,970.9276593642909,984.225341796875,523731,0.0,0.0
2025-01-21,986.6970671552616,994.5570408311396,972.1141195194498,974.734130859375,389512,0.0,0.0
2025-01-22,974.8329657709105,978.0461575952061,952.8349602045791,967.4179077148438,577713,0.0,0.0
2025-01-23,969.1481001847807,984.6703006472364,964.896812247649,977.9473266601562,523186,0.0,0.0
2025-01-24,977.8483994651065,977.8483994651065,944.1840483442302,946.7545776367188,780860,0.0,0.0
2025-01-27,939.2407043772118,940.9214629696138,905.1808583444375,912.1510009765625,776626,0.0,0.0
2025-01-28,912.1509614234785,912.1509614234785,881.057200359884,899.9408569335938,1146379,0.0,0.0
2025-01-29,899.9409013192865,928.8596284421529,899.9409013192865,921.5928955078125,765465,0.0,0.0
2025-01-30,924.4105567229412,946.1119717008846,919.9615219579645,942.651611328125,844983,0.0,0.0
2025-01-31,947.0512476337383,963.9575560170945,942.9976463200459,959.2613525390625,1134883,0.0,0.0
2025-02-01,959.2613432319373,969.543581200583,942.5527216188622,964.7484741210938,270706,0.0,0.0
2025-02-03,960.9915350256013,967.6650873521679,946.3591656968716,951.796875,509847,0.0,0.0
2025-02-04,952.1428752487919,963.9575464769555,949.325177327418,962.9688720703125,449665,0.0,0.0
2025-02-05,965.9348754882812,975.5744507554365,934.2972951242843,965.9348754882812,3696679,0.0,0.0
2025-02-06,972.8556223143124,1014.9237668592209,964.946227010944,996.7815551757812,5775455,0.0,0.0
2025-02-07,996.7815493872502,1001.280005871138,977.8484103522021,982.8906860351562,1323744,0.0,0.0
2025-02-10,984.7197110553448,987.0925537737597,947.743264032776,953.7247924804688,624534,0.0,0.0
2025-02-11,954.0707722150479,954.5156877527354,927.3765640805336,931.5784301757812,660233,0.0,0.0
2025-02-12,931.578455644878,934.9893944018769,910.1242090443992,923.4713134765625,569136,0.0,0.0
2025-02-13,925.399235379042,944.1840489177192,925.399235379042,932.171630859375,568317,0.0,0.0
2025-02-14,932.3199621546153,936.9667439181206,886.9397829132423,891.635986328125,1284861,0.0,0.0
2025-02-17,894.058225338484,916.9954829096943,881.8975425934741,913.436279296875,1079060,0.0,0.0
2025-02-18,913.4362938981955,918.3796658527394,894.9974923701881,903.6978149414062,875587,0.0,0.0
2025-02-19,879.9202308278441,886.5443614882489,845.4154695488336,881.3538208007812,2989352,0.0,0.0
2025-02-20,881.3537954478139,891.7348765241277,866.2765110274536,889.4609375,996072,0.0,0.0
2025-02-21,889.8564020586448,896.1345208489613,872.0108407981648,875.3228759765625,1854330,0.0,0.0
2025-02-24,875.3228637447113,887.7307758509946,870.9233109004117,881.1560668945312,854348,0.0,0.0
2025-02-25,881.2549019929329,888.225104785602,870.0334716944326,872.9500732421875,867288,0.0,0.0
2025-02-27,877.3991358567779,894.7503600519898,862.4701157423891,876.4104614257812,1460237,0.0,0.0
2025-02-28,869.489694220152,876.9541737088724,857.2795294396271,866.6719360351562,1708929,0.0,0.0
2025-03-03,869.0448291629191,872.060274123658,849.7656776627178,860.5916748046875,1109751,0.0,0.0
2025-03-04,859.1580648400397,864.8429427144129,850.1116698241306,861.778076171875,612480,0.0,0.0
2025-03-05,866.0787749309989,879.4753009904331,861.3331498768686,877.3991088867188,659121,0.0,0.0
2025-03-06,913.4362964407146,914.523814136183,889.8069542946646,897.1231689453125,3024764,0.0,0.0
2025-03-07,897.8152115467053,905.3291733022128,885.1601911116211,890.597900390625,663269,0.0,0.0
2025-03-10,890.5978720868101,900.8306881566135,879.9202008197983,883.5783081054688,605996,0.0,0.0
2025-03-11,878.7832120240413,894.651484341903,872.8511656529217,889.6586303710938,559901,0.0,0.0
2025-03-12,888.3239763959374,888.5711450037271,862.1241039702364,878.1900634765625,2335024,0.0,0.0
2025-03-13,884.8635769878587,887.0386727095688,870.0334611724196,873.0983276367188,312720,0.0,0.0
2025-03-17,878.2888907412012,891.0922364596456,877.1025297205971,882.5896606445312,960318,0.0,0.0
2025-03-18,882.5896606445312,882.5896606445312,882.5896606445312,882.5896606445312,0,0.0,0.0
2025-03-19,917.4898308952587,919.4671796687398,892.7729712267442,899.5948486328125,2142040,0.0,0.0
2025-03-20,907.5042347482064,913.8811362044758,897.7163342787544,906.861572265625,689231,0.0,0.0
2025-03-21,907.6031085539452,916.4517565939204,903.6978325649173,908.1962890625,1384887,0.0,0.0
2025-03-24,908.1963106078575,928.8596304085775,907.3559614768195,913.2385864257812,1401513,0.0,0.0
2025-03-25,914.5237962785203,919.269421206646,894.6514654915396,897.0736694335938,847472,0.0,0.0
2025-03-26,897.5186361588804,907.0593685531009,893.366191480984,897.2220458984375,1505932,0.0,0.0
2025-03-27,893.3167637222826,896.2333653418161,871.813095000623,880.6617431640625,2181319,0.0,0.0
2025-03-28,884.7647554513612,890.3507296729176,870.5772414325824,876.3610229492188,1244840,0.0,0.0
2025-04-01,877.9428485576924,890.2518566451012,862.1240584935898,867.561767578125,1453564,0.0,0.0
2025-04-02,860.3938714479033,885.1107307253495,853.0282353144454,881.0571899414062,1068766,0.0,0.0
2025-04-03,938.8946895168414,938.8946895168414,889.0160528301659,891.6854858398438,4159473,0.0,0.0
2025-04-04,891.6854516054195,895.6895707942575,825.0487739460365,857.0818481445312,3287190,0.0,0.0
2025-04-07,785.9961424555926,844.4762569406331,785.9961424555926,828.1136474609375,1792473,0.0,0.0
2025-04-08,835.4298929046469,856.3898028782532,826.6306663447783,849.3701782226562,2795212,0.0,0.0
2025-04-09,830.8819724051326,840.2248970133204,813.9756043147219,834.836669921875,1594419,0.0,0.0
2025-04-11,854.0663327263035,869.0447736103886,845.5143356087156,859.0097045898438,1116144,0.0,0.0
2025-04-15,879.7224757521795,879.7224757521795,858.7625662437459,873.1478271484375,1550801,0.0,0.0
2025-04-16,873.1478038119967,877.2013446369764,803.7922718397991,812.7891845703125,10251029,0.0,0.0
2025-04-17,820.5997688657208,829.6461639492092,806.8571702857116,822.1322021484375,4090722,0.0,0.0
2025-04-21,822.9231117215697,837.4072158018641,820.846919621603,835.77587890625,1861224,0.0,0.0
2025-04-22,835.775870608687,844.5256751577278,828.4102946857087,843.0426635742188,1015442,0.0,0.0
2025-04-23,847.8871347406098,863.1127445203368,843.0426664244392,858.1693725585938,1149096,0.0,0.0
2025-04-24,858.16937826168,877.2013604408704,851.7429946687065,870.2806396484375,1167381,0.0,0.0
2025-04-25,869.6874901480819,872.3568628452002,848.2826645109172,849.9140014648438,1090283,0.0,0.0
2025-04-28,853.1765856388455,877.6462770414287,851.4958270898887,876.50927734375,1527151,0.0,0.0
2025-04-29,876.9542134945946,884.7152835801837,867.1168909136715,877.9923095703125,1027694,0.0,0.0
2025-04-30,877.9428948687729,891.6360116027591,872.9995227129803,878.1900634765625,907542,0.0,0.0
2025-05-02,876.9541920437779,883.2817323358801,864.9912559516524,872.0602416992188,622199,0.0,0.0
2025-05-05,875.5700292040905,884.8635927515538,870.0828983234048,882.3919067382812,392926,0.0,0.0
2025-05-06,875.9655314421318,875.9655314421318,859.3063916916548,870.6761474609375,1001672,0.0,0.0
2025-05-07,853.4237413577049,879.0798537219516,853.4237413577049,876.1138305664062,819319,0.0,0.0
2025-05-08,875.9654922586228,878.7831900769759,855.697667663474,863.8048095703125,923809,0.0,0.0
2025-05-09,849.2713152764951,871.0221522218769,849.2713152764951,868.6987915039062,783197,0.0,0.0
2025-05-12,871.0221190281114,879.9201883484894,856.4391720863808,874.8284912109375,695749,0.0,0.0
2025-05-13,874.8285214748605,893.5639134830142,874.8285214748605,891.635986328125,1523977,0.0,0.0
2025-05-14,893.2179123324026,899.1993804745866,880.4639882408886,893.267333984375,1074055,0.0,0.0
2025-05-15,893.5639042603681,897.172589932117,886.494918557264,894.4537353515625,493067,0.0,0.0
2025-05-16,891.7842952562628,897.2714260241492,888.3239349088161,892.4763793945312,720221,0.0,0.0
2025-05-19,895.7390247235082,909.3827196538285,892.4269895533149,900.9295654296875,832279,0.0,0.0
2025-05-20,907.1087579404266,909.5804439293651,864.2002650348959,873.2960815429688,2737758,0.0,0.0
2025-05-21,869.0448120770366,885.8522771570248,855.8460327547225,879.57421875,1659446,0.0,0.0
2025-05-22,879.9202128072827,901.1767123301553,879.277550312056,893.2178955078125,2150946,0.0,0.0
2025-05-23,893.761631308685,899.5948342346512,886.0005616345468,898.3095092773438,795387,0.0,0.0
2025-05-26,903.6484132864816,910.5691341759842,897.8152101134848,902.5114135742188,703642,0.0,0.0
2025-05-27,906.2189536947321,910.5691453017023,902.5114246014841,907.7019653320312,634513,0.0,0.0
2025-05-28,914.523823889567,919.9615331126942,906.6144286559274,915.1170043945312,874275,0.0,0.0
2025-05-29,921.4445619276324,923.4219107729707,909.877059113624,914.2766723632812,643360,0.0,0.0
2025-05-30,918.4785496865549,923.421921859249,906.9110467336711,919.4672241210938,1896380,0.0,0.0
2025-06-02,923.3724930729027,924.9049263658195,906.6638711207177,917.4898681640625,817584,0.0,0.0
2025-06-03,919.4672238452438,924.31175271059,910.569153937064,915.9080200195312,480256,0.0,0.0
2025-06-04,924.3611340305847,931.0841078213064,916.5011605525362,920.9501953125,1429173,0.0,0.0
2025-06-05,922.4332381605561,947.3972673819432,922.4332381605561,944.8761596679688,1804863,0.0,0.0
2025-06-06,949.127431537201,951.5991175568291,938.1036877521008,949.2757568359375,810158,0.0,0.0
2025-06-09,953.9719626790164,964.9462244962821,948.9791086316587,962.6228637695312,641864,0.0,0.0
2025-06-10,959.0141958027482,972.756794498718,958.0255213740855,970.6805419921875,981945,0.0,0.0
2025-06-11,973.8442708047854,981.2099070537632,965.3911168681017,967.7144775390625,869226,0.0,0.0
2025-06-12,978.7876427378046,984.4230988102257,962.1285034610881,967.7144775390625,1972538,0.0,0.0
2025-06-13,957.1356860767002,966.6269967568091,949.1274473770158,963.9081420898438,1046498,0.0,0.0
2025-06-16,960.0028627141226,965.9349092396476,953.42815367744,963.3643798828125,777623,0.0,0.0
2025-06-17,963.3643735906994,964.4024696571065,936.8678510079624,946.8040771484375,1639313,0.0,0.0
2025-06-18,940.2293442997475,954.3673759990928,938.4991641183337,947.4466552734375,1016691,0.0,0.0
2025-06-19,947.1500736334353,947.1500736334353,936.274655251423,939.2901000976562,798082,0.0,0.0
2025-06-20,934.2973176798656,949.4734457395405,933.3086432696223,946.26025390625,708234,0.0,0.0
2025-06-23,937.8565340487999,947.1006761153984,936.1758358038709,941.31689453125,642532,0.0,0.0
2025-06-24,951.2035902093456,956.9379498483655,945.0243753775526,953.6258544921875,1162909,0.0,0.0
2025-06-25,959.2119316540297,966.2809175308024,955.4054989414005,963.7103881835938,655603,0.0,0.0
2025-06-26,968.1100027707004,972.3612907019394,956.8885119131497,970.828857421875,876152,0.0,0.0
2025-06-27,973.8443122326876,977.7495882946846,968.0605909625705,970.6805419921875,1545595,0.0,0.0
2025-06-30,976.3159559010443,979.7763162510734,967.6156333754648,978.7382202148438,818854,0.0,0.0
2025-07-01,983.6816382706091,993.2223103338792,975.1790019483489,991.1461181640625,925574,0.0,0.0
2025-07-02,994.3098601713243,1003.5045200597426,977.3046483537493,984.1265258789062,1227396,0.0,0.0
2025-07-03,980.8144446120782,990.5529238387347,976.1676627772587,988.0812377929688,718095,0.0,0.0
2025-07-04,992.629109172078,1003.3562023995759,987.685737114448,989.6630859375,845835,0.0,0.0
2025-07-07,989.6630718173218,992.5796733584898,978.7876534457029,987.4879760742188,567413,0.0,0.0
2025-07-08,987.4879940079184,989.9596800463562,955.059485252393,972.064697265625,1014905,0.0,0.0
2025-07-09,962.3756756361463,971.6197570477062,959.0141585716358,967.3684692382812,906874,0.0,0.0
2025-07-10,967.3684954265606,969.7412778211303,954.0708124485244,961.9307861328125,721738,0.0,0.0
2025-07-11,961.9802051319626,974.0420450554286,959.0636035409434,968.5054321289062,921032,0.0,0.0
2025-07-14,970.927698411753,979.2820092978641,955.15832940375,957.4817504882812,1409414,0.0,0.0
2025-07-15,960.0028309614155,964.6990343054595,950.6104242733275,956.6907958984375,553271,0.0,0.0
2025-07-16,968.9008972778787,968.9008972778787,952.0440110827926,957.9266357421875,1049414,0.0,0.0
2025-07-17,964.4518616918207,973.7948466903667,961.3375132443401,971.6197509765625,669080,0.0,0.0
2025-07-18,975.7722351820564,975.7722351820564,958.9647699680884,963.9081420898438,726018,0.0,0.0
2025-07-21,962.9688577239046,969.2469159749979,957.9266424627034,959.01416015625,961832,0.0,0.0
2025-07-22,959.0141815911206,961.8318795334944,940.7731265838297,945.9142456054688,864768,0.0,0.0
2025-07-23,946.8534926525317,952.2912018967737,943.6897224780114,951.0553588867188,417511,0.0,0.0
2025-07-24,952.0440146427818,965.5393838418497,949.2757384232726,960.25,639210,0.0,0.0
2025-07-25,967.2000122070312,981.9500122070312,960.5,976.4000244140625,1188906,11.0,0.0
2025-07-28,976.4000244140625,989.2999877929688,974.0499877929688,980.0999755859375,1032847,0.0,0.0
2025-07-29,985.0,997.9500122070312,980.5499877929688,994.8499755859375,943918,0.0,0.0
2025-07-30,998.0,1000.2000122070312,989.0999755859375,995.1500244140625,775428,0.0,0.0
2025-07-31,975.0499877929688,986.4500122070312,961.0999755859375,969.7999877929688,1187065,0.0,0.0
2025-08-01,970.0,970.75,946.3499755859375,949.0499877929688,1284762,0.0,0.0
2025-08-04,949.9500122070312,962.0,946.5499877929688,958.8499755859375,621617,0.0,0.0
2025-08-05,953.5,964.2000122070312,948.0999755859375,960.25,479835,0.0,0.0
2025-08-06,956.0,959.0499877929688,930.0,932.7000122070312,1059453,0.0,0.0
2025-08-07,920.0,947.75,919.0499877929688,944.4500122070312,954020,0.0,0.0
2025-08-08,949.7999877929688,952.0499877929688,932.0499877929688,936.1500244140625,589784,0.0,0.0
2025-08-11,940.9500122070312,958.0,934.0499877929688,955.5499877929688,355333,0.0,0.0
2025-08-12,955.5499877929688,969.0,948.0,955.6500244140625,912710,0.0,0.0
2025-08-13,955.6500244140625,997.5,938.5499877929688,988.5999755859375,1911458,0.0,0.0
2025-08-14,993.5499877929688,1002.8499755859375,982.2000122070312,988.7999877929688,717164,0.0,0.0
2025-08-18,988.7999877929688,994.0,977.2999877929688,986.5,677972,0.0,0.0
2025-08-19,986.5,997.0,984.5,989.4500122070312,718678,0.0,0.0
2025-08-20,989.9500122070312,991.8499755859375,978.3499755859375,983.2999877929688,535407,0.0,0.0
2025-08-21,983.2999877929688,997.5999755859375,978.4000244140625,985.7999877929688,716876,0.0,0.0
2025-08-22,992.0,999.9000244140625,986.4500122070312,988.7999877929688,307423,0.0,0.0
2025-08-25,992.0499877929688,1029.5,990.9000244140625,1023.1500244140625,2565579,0.0,0.0
2025-08-26,1015.0,1016.9500122070312,982.0,987.8499755859375,2997316,0.0,0.0
2025-08-28,987.8499755859375,990.5499877929688,968.4000244140625,978.5999755859375,1108790,0.0,0.0
2025-08-29,984.2999877929688,988.5,969.2000122070312,981.0499877929688,833114,0.0,0.0
2025-09-01,988.0,998.0999755859375,987.0,991.0499877929688,1463193,0.0,0.0
2025-09-02,991.0499877929688,1005.0,989.7000122070312,996.0999755859375,1106144,0.0,0.0
2025-09-03,1004.0,1013.9500122070312,999.25,1008.2000122070312,1683054,0.0,0.0
2025-09-04,1014.5,1017.4000244140625,1002.5,1011.9500122070312,1038028,0.0,0.0
2025-09-05,1022.0,1039.050048828125,1005.0,1013.8499755859375,1860389,0.0,0.0
2025-09-08,1014.0499877929688,1022.9000244140625,1006.0499877929688,1009.6500244140625,777187,0.0,0.0
2025-09-09,1010.0,1038.699951171875,1009.2000122070312,1035.5999755859375,1228793,0.0,0.0
2025-09-10,1040.550048828125,1049.8499755859375,1033.0,1039.5999755859375,1086228,0.0,0.0
2025-09-11,1039.5999755859375,1048.0,1030.300048828125,1043.5999755859375,537049,0.0,0.0
2025-09-12,1048.300048828125,1054.5999755859375,1042.0,1044.75,559927,0.0,0.0
2025-09-15,1047.0,1047.0,1033.050048828125,1036.9000244140625,391508,0.0,0.0
2025-09-16,1042.0,1043.5,1030.550048828125,1034.5,511672,0.0,0.0
2025-09-17,1035.0,1038.949951171875,1030.0,1033.800048828125,754208,0.0,0.0
2025-09-18,1035.0,1049.949951171875,1025.5,1047.8499755859375,977193,0.0,0.0
2025-09-19,1050.0,1059.050048828125,1034.0,1037.300048828125,1054747,0.0,0.0
2025-09-22,1037.300048828125,1046.1500244140625,1032.300048828125,1035.699951171875,599637,0.0,0.0
2025-09-23,1035.5,1048.0,1030.300048828125,1044.8499755859375,544814,0.0,0.0
2025-09-24,1047.699951171875,1048.4000244140625,1033.449951171875,1036.0,657285,0.0,0.0
2025-09-25,1035.449951171875,1042.4000244140625,1016.4500122070312,1019.25,1146210,0.0,0.0
2025-09-26,996.2000122070312,1010.0,972.7000122070312,975.0,2575036,0.0,0.0
2025-09-29,975.0,995.3499755859375,975.0,992.0999755859375,1029788,0.0,0.0
2025-09-30,995.0,997.9000244140625,980.4500122070312,981.9000244140625,895491,0.0,0.0
2025-10-01,981.0,998.6500244140625,981.0,991.1500244140625,560905,0.0,0.0
2025-10-03,996.0,1001.7000122070312,980.0,988.2999877929688,577348,0.0,0.0
2025-10-06,988.2999877929688,997.2000122070312,975.2999877929688,994.6500244140625,364990,0.0,0.0
2025-10-07,1002.0,1002.0,981.6500244140625,987.9000244140625,882271,0.0,0.0
2025-10-08,987.9000244140625,993.25,981.9000244140625,985.9500122070312,858560,0.0,0.0
2025-10-09,993.0,1015.6500244140625,990.0999755859375,994.4500122070312,2566310,0.0,0.0
2025-10-10,997.9000244140625,1010.0,987.0,993.4500122070312,1559044,0.0,0.0
2025-10-13,990.0,998.0,985.2999877929688,995.5,727760,0.0,0.0
2025-10-14,995.0,997.4500122070312,974.5499877929688,979.25,827749,0.0,0.0
2025-10-15,979.25,990.0,975.0,977.2999877929688,563166,0.0,0.0
2025-10-16,977.2999877929688,989.0,974.75,984.5999755859375,832737,0.0,0.0
2025-10-17,984.0,991.0,978.0499877929688,987.6500244140625,745052,0.0,0.0
2025-10-20,988.0,1016.0,988.0,1002.3499755859375,820061,0.0,0.0
2025-10-21,1002.3499755859375,1006.9000244140625,996.5499877929688,999.5,59416,0.0,0.0
2025-10-23,1013.9500122070312,1013.9500122070312,1003.0499877929688,1009.0,693670,0.0,0.0
2025-10-24,1008.9500122070312,1008.9500122070312,991.0499877929688,1004.9000244140625,583326,0.0,0.0
2025-10-27,1013.5499877929688,1014.9000244140625,1003.0,1013.8499755859375,506495,0.0,0.0
2025-10-28,1015.9000244140625,1017.1500244140625,997.3499755859375,1001.25,382370,0.0,0.0
2025-10-29,1003.2999877929688,1015.4000244140625,999.2000122070312,1002.9000244140625,730755,0.0,0.0
2025-10-30,1004.0,1006.4000244140625,980.0999755859375,986.1500244140625,750435,0.0,0.0
2025-10-31,986.1500244140625,992.9500122070312,973.5,974.4500122070312,458973,0.0,0.0
2025-11-03,970.5,984.7000122070312,970.0,981.0499877929688,534425,0.0,0.0
2025-11-04,983.0499877929688,987.5999755859375,968.0499877929688,971.7000122070312,444915,0.0,0.0
2025-11-06,980.0,998.0,933.0499877929688,936.7000122070312,2919859,0.0,0.0
2025-11-07,938.4500122070312,946.7999877929688,926.8499755859375,944.0999755859375,667543,0.0,0.0
2025-11-10,947.0,973.0,942.2000122070312,948.4000244140625,920267,0.0,0.0
2025-11-11,949.0,950.0,935.0499877929688,938.9000244140625,1819775,0.0,0.0
2025-11-12,940.0999755859375,957.25,940.0,951.4000244140625,791415,0.0,0.0
2025-11-13,951.0,952.5999755859375,940.0999755859375,944.1500244140625,698519,0.0,0.0
2025-11-14,948.8499755859375,952.9500122070312,939.5,944.4500122070312,592731,0.0,0.0
2025-11-17,948.0,949.9500122070312,932.1500244140625,934.75,873274,0.0,0.0
2025-11-18,939.7000122070312,939.9000244140625,926.0499877929688,928.4000244140625,824350,0.0,0.0
2025-11-19,933.0,935.1500244140625,925.75,930.2000122070312,659272,0.0,0.0
2025-11-20,935.75,937.2999877929688,926.2000122070312,928.0,747920,0.0,0.0
2025-11-21,930.0,931.9500122070312,920.5,924.2999877929688,470759,0.0,0.0
2025-11-24,927.0,931.0499877929688,921.0,926.6500244140625,4921102,0.0,0.0
2025-11-25,928.9500122070312,934.7999877929688,922.4500122070312,928.5,508282,0.0,0.0
2025-11-26,934.9500122070312,943.8499755859375,932.0499877929688,940.5499877929688,972690,0.0,0.0
2025-11-27,944.5999755859375,948.7999877929688,928.8499755859375,937.25,768619,0.0,0.0
2025-11-28,947.9500122070312,947.9500122070312,936.5,942.5,919929,0.0,0.0
2025-12-01,942.0999755859375,944.9000244140625,930.5,936.4500122070312,534206,0.0,0.0
2025-12-02,932.4000244140625,944.9500122070312,932.4000244140625,942.7000122070312,823400,0.0,0.0
2025-12-03,941.0,947.0,930.5,934.9500122070312,1158530,0.0,0.0
2025-12-04,938.0,944.1500244140625,932.5499877929688,935.75,874529,0.0,0.0
2025-12-05,936.0,937.0,929.25,931.4500122070312,892186,0.0,0.0
2025-12-08,930.0,938.7000122070312,920.3499755859375,924.5999755859375,632165,0.0,0.0
2025-12-09,924.5999755859375,927.25,912.5999755859375,920.25,1334688,0.0,0.0
2025-12-10,926.7999877929688,936.4500122070312,919.0,923.5999755859375,786332,0.0,0.0
2025-12-11,920.0,927.2000122070312,919.7999877929688,922.5499877929688,519404,0.0,0.0
2025-12-12,925.0,932.0,923.0499877929688,929.1500244140625,435255,0.0,0.0
2025-12-15,929.0,929.0,916.0999755859375,921.5999755859375,397336,0.0,0.0
2025-12-16,926.9500122070312,928.9500122070312,912.0,914.3499755859375,750574,0.0,0.0
2025-12-17,915.5499877929688,920.4500122070312,914.0999755859375,918.0999755859375,531484,0.0,0.0
2025-12-18,915.3499755859375,918.25,909.3499755859375,913.6500244140625,351731,0.0,0.0
2025-12-19,915.0999755859375,929.5999755859375,911.25,919.5999755859375,799834,0.0,0.0
2025-12-22,925.2000122070312,928.0,917.2999877929688,918.2000122070312,479708,0.0,0.0
2025-12-23,918.2000122070312,932.25,915.4500122070312,927.7999877929688,320217,0.0,0.0
2025-12-24,937.0,937.0,916.0,917.7999877929688,745235,0.0,0.0
2025-12-26,917.8499755859375,920.0,909.0,911.5499877929688,304792,0.0,0.0
2025-12-29,912.2000122070312,914.5999755859375,902.25,904.5999755859375,487836,0.0,0.0
2025-12-30,904.0,906.0,896.75,901.4500122070312,721717,0.0,0.0
2025-12-31,902.0,915.7000122070312,902.0,914.3499755859375,383442,0.0,0.0
